<shapes type=list>
	<ruler.pixel type=vector names=FALSE length=1 as.numeric=TRUE >229.139695382533</ruler.pixel>
	<ruler.interval type=vector names=FALSE length=1 as.numeric=TRUE >10</ruler.interval>
	<scaling type=vector names=FALSE length=1 as.numeric=TRUE >0.0436414999300129</scaling>
	<landmarks.pixel type=matrix rownames=TRUE colnames=FALSE nrow=2 ncol=2 as.numeric=TRUE >
		LM1	905	1269
		LM2	2154	1241
	</landmarks.pixel>
	<landmarks.scaled type=matrix rownames=TRUE colnames=FALSE nrow=2 ncol=2 as.numeric=TRUE >
		LM1	39.4955574366617	-55.3810634111864
		LM2	94.0037908492479	-54.1591014131461
	</landmarks.scaled>
	<curves.control type=list>
		<c1 type=matrix rownames=FALSE colnames=FALSE nrow=11 ncol=2 as.numeric=TRUE >
			905	1269
			935	1173
			974	1132
			1102	942
			1284	809
			1313	757
			1467	737
			1754	579
			1916	820
			2096	978
			2154	1241
		</c1>
		<c2 type=matrix rownames=FALSE colnames=FALSE nrow=9 ncol=2 as.numeric=TRUE >
			2154	1241
			2009	1243
			1776	1233
			1665	1242
			1435	1248
			1294	1256
			1079	1257
			991	1261
			905	1269
		</c2>
	</curves.control>
	<curves.pixel type=list>
		<c1 type=matrix rownames=FALSE colnames=FALSE nrow=1638 ncol=2 as.numeric=TRUE >
			905	1269
			905	1268
			905	1267
			906	1266
			906	1265
			906	1264
			907	1263
			907	1262
			907	1261
			908	1260
			908	1259
			909	1258
			909	1257
			909	1256
			910	1255
			910	1254
			910	1253
			911	1252
			911	1251
			911	1250
			912	1249
			912	1248
			912	1247
			913	1246
			913	1245
			913	1244
			914	1243
			914	1242
			914	1241
			915	1240
			915	1239
			915	1238
			916	1237
			916	1236
			916	1235
			917	1234
			917	1233
			918	1232
			918	1231
			918	1230
			919	1229
			919	1228
			920	1227
			920	1226
			920	1225
			921	1224
			921	1223
			922	1222
			922	1221
			922	1220
			923	1219
			923	1218
			923	1217
			924	1216
			924	1215
			925	1214
			925	1213
			926	1212
			926	1211
			927	1210
			927	1209
			927	1208
			928	1207
			928	1206
			929	1205
			929	1204
			929	1203
			930	1203
			930	1202
			930	1201
			931	1200
			931	1199
			932	1198
			932	1197
			933	1196
			933	1195
			934	1194
			934	1193
			935	1192
			935	1191
			936	1190
			936	1189
			937	1188
			937	1187
			938	1186
			938	1185
			939	1184
			939	1183
			940	1182
			940	1181
			941	1180
			941	1179
			942	1178
			942	1177
			943	1176
			943	1175
			944	1175
			944	1174
			945	1173
			945	1172
			946	1171
			946	1170
			947	1169
			947	1168
			948	1168
			948	1167
			949	1166
			949	1165
			950	1164
			950	1163
			951	1162
			952	1161
			952	1160
			953	1159
			954	1158
			954	1157
			955	1156
			956	1155
			956	1154
			957	1153
			958	1152
			958	1151
			959	1151
			959	1150
			960	1149
			961	1148
			961	1147
			962	1146
			963	1145
			964	1144
			965	1143
			965	1142
			966	1141
			967	1140
			968	1139
			969	1138
			969	1137
			970	1136
			971	1135
			972	1134
			973	1134
			973	1133
			974	1132
			975	1131
			976	1130
			976	1129
			977	1128
			977	1127
			978	1126
			979	1125
			980	1124
			980	1123
			981	1122
			982	1121
			982	1120
			983	1119
			984	1118
			984	1117
			985	1116
			986	1115
			987	1114
			987	1113
			988	1112
			989	1111
			989	1110
			990	1109
			991	1108
			991	1107
			992	1106
			993	1105
			994	1104
			994	1103
			995	1102
			996	1101
			996	1100
			997	1099
			998	1098
			998	1097
			999	1096
			1000	1095
			1001	1094
			1001	1093
			1002	1092
			1003	1091
			1003	1090
			1004	1089
			1005	1088
			1006	1087
			1006	1086
			1007	1085
			1008	1084
			1008	1083
			1009	1082
			1010	1081
			1011	1080
			1011	1079
			1012	1078
			1013	1077
			1013	1076
			1014	1075
			1015	1075
			1016	1074
			1016	1073
			1017	1072
			1018	1071
			1019	1070
			1019	1069
			1020	1068
			1021	1067
			1021	1066
			1022	1065
			1023	1064
			1024	1063
			1024	1062
			1025	1061
			1026	1060
			1027	1059
			1027	1058
			1028	1057
			1029	1056
			1030	1055
			1030	1054
			1031	1054
			1032	1053
			1033	1052
			1033	1051
			1034	1050
			1035	1049
			1036	1048
			1036	1047
			1037	1046
			1038	1045
			1039	1044
			1039	1043
			1040	1042
			1041	1041
			1042	1040
			1042	1039
			1043	1039
			1044	1038
			1045	1037
			1045	1036
			1046	1035
			1047	1034
			1048	1033
			1048	1032
			1049	1031
			1050	1030
			1051	1029
			1051	1028
			1052	1027
			1053	1026
			1054	1026
			1054	1025
			1055	1024
			1056	1023
			1057	1022
			1057	1021
			1058	1020
			1059	1019
			1060	1018
			1061	1017
			1061	1016
			1062	1015
			1063	1015
			1064	1014
			1064	1013
			1065	1012
			1066	1011
			1067	1010
			1068	1009
			1068	1008
			1069	1007
			1070	1006
			1071	1005
			1072	1004
			1073	1003
			1074	1002
			1075	1001
			1075	1000
			1076	1000
			1076	999
			1077	998
			1078	997
			1079	996
			1080	995
			1081	994
			1081	993
			1082	993
			1083	992
			1083	991
			1084	990
			1085	990
			1085	989
			1086	988
			1087	987
			1087	986
			1088	986
			1089	985
			1089	984
			1090	983
			1091	983
			1092	982
			1092	981
			1093	980
			1094	980
			1094	979
			1095	978
			1096	977
			1097	976
			1098	975
			1099	974
			1100	973
			1100	972
			1101	971
			1102	970
			1103	969
			1104	969
			1105	968
			1106	967
			1106	966
			1107	965
			1108	964
			1109	963
			1110	962
			1111	961
			1112	960
			1113	959
			1114	958
			1115	957
			1116	956
			1117	955
			1118	954
			1118	953
			1119	952
			1120	952
			1121	951
			1121	950
			1122	949
			1123	949
			1124	948
			1124	947
			1125	946
			1126	946
			1127	945
			1127	944
			1128	943
			1129	942
			1130	942
			1130	941
			1131	940
			1132	939
			1133	939
			1133	938
			1134	937
			1135	936
			1136	936
			1136	935
			1137	934
			1138	933
			1139	933
			1139	932
			1140	931
			1141	930
			1142	930
			1142	929
			1143	928
			1144	927
			1145	927
			1146	926
			1146	925
			1147	925
			1148	924
			1149	923
			1149	922
			1150	922
			1151	921
			1152	920
			1152	919
			1153	919
			1154	918
			1155	917
			1155	916
			1156	916
			1157	915
			1158	914
			1159	913
			1160	912
			1161	911
			1162	910
			1163	909
			1164	908
			1165	908
			1166	907
			1167	906
			1168	905
			1169	904
			1169	903
			1170	902
			1171	902
			1172	901
			1173	900
			1174	899
			1175	898
			1176	897
			1177	896
			1178	896
			1179	895
			1180	894
			1181	893
			1182	892
			1183	891
			1184	890
			1185	890
			1186	889
			1186	888
			1187	887
			1188	886
			1189	885
			1190	884
			1191	884
			1192	883
			1193	882
			1194	881
			1195	880
			1196	879
			1197	879
			1198	878
			1199	877
			1200	876
			1201	875
			1202	874
			1203	873
			1204	873
			1205	872
			1206	871
			1207	870
			1208	869
			1209	868
			1210	868
			1211	867
			1212	866
			1213	865
			1214	864
			1215	863
			1216	862
			1217	862
			1218	861
			1218	860
			1219	860
			1220	859
			1221	858
			1222	857
			1223	857
			1224	856
			1225	855
			1225	854
			1226	854
			1227	853
			1228	852
			1229	852
			1230	851
			1231	850
			1232	849
			1233	848
			1234	847
			1235	846
			1236	846
			1237	845
			1238	844
			1239	843
			1240	843
			1241	842
			1242	841
			1243	840
			1244	839
			1245	838
			1246	838
			1247	837
			1248	836
			1249	835
			1250	835
			1251	834
			1252	833
			1253	833
			1254	832
			1255	831
			1255	830
			1256	830
			1257	829
			1258	828
			1259	828
			1260	827
			1261	826
			1262	826
			1263	825
			1264	824
			1265	823
			1266	823
			1266	822
			1267	821
			1268	821
			1269	820
			1270	819
			1271	819
			1272	818
			1273	817
			1274	817
			1275	816
			1276	815
			1277	814
			1278	814
			1278	813
			1279	812
			1280	812
			1281	811
			1282	810
			1283	810
			1284	809
			1284	808
			1285	808
			1285	807
			1286	806
			1286	805
			1287	804
			1288	803
			1288	802
			1289	801
			1290	800
			1291	799
			1292	798
			1293	797
			1293	796
			1294	795
			1295	794
			1296	793
			1297	792
			1298	791
			1299	790
			1300	790
			1301	789
			1302	788
			1303	788
			1304	787
			1305	786
			1306	786
			1306	785
			1307	784
			1308	784
			1309	783
			1310	782
			1311	782
			1312	781
			1313	780
			1314	780
			1315	779
			1316	779
			1317	778
			1318	777
			1319	777
			1320	776
			1321	776
			1322	775
			1323	774
			1324	774
			1325	774
			1326	773
			1327	773
			1328	772
			1329	772
			1330	771
			1331	771
			1332	770
			1333	770
			1334	770
			1334	769
			1335	769
			1336	768
			1337	768
			1338	768
			1339	767
			1340	767
			1341	766
			1342	766
			1343	766
			1344	765
			1345	765
			1346	764
			1347	764
			1348	764
			1349	763
			1350	763
			1351	763
			1352	762
			1353	762
			1354	761
			1355	761
			1356	761
			1357	760
			1358	760
			1359	760
			1360	759
			1361	759
			1362	759
			1363	758
			1364	758
			1365	758
			1366	757
			1367	757
			1368	757
			1369	757
			1370	756
			1371	756
			1372	756
			1373	755
			1374	755
			1375	755
			1376	754
			1377	754
			1378	754
			1379	754
			1380	753
			1381	753
			1382	753
			1383	753
			1384	752
			1385	752
			1386	752
			1387	752
			1388	751
			1389	751
			1390	751
			1391	751
			1392	750
			1393	750
			1394	750
			1395	750
			1396	749
			1397	749
			1398	749
			1399	749
			1400	749
			1401	748
			1402	748
			1403	748
			1404	748
			1405	747
			1406	747
			1407	747
			1408	747
			1409	747
			1410	746
			1411	746
			1412	746
			1413	746
			1414	746
			1415	745
			1416	745
			1417	745
			1418	745
			1419	745
			1420	744
			1421	744
			1422	744
			1423	744
			1424	744
			1425	743
			1426	743
			1427	743
			1428	743
			1429	743
			1430	743
			1431	742
			1432	742
			1433	742
			1434	742
			1435	742
			1436	742
			1437	741
			1438	741
			1439	741
			1440	741
			1441	741
			1442	741
			1443	740
			1444	740
			1445	740
			1446	740
			1447	740
			1448	740
			1449	740
			1450	739
			1451	739
			1452	739
			1453	739
			1454	739
			1455	739
			1456	739
			1457	738
			1458	738
			1459	738
			1460	738
			1461	738
			1462	738
			1463	738
			1464	737
			1465	737
			1466	737
			1467	737
			1468	736
			1469	736
			1470	736
			1470	735
			1471	735
			1472	734
			1473	734
			1474	733
			1475	733
			1476	732
			1477	732
			1477	731
			1478	731
			1479	731
			1480	730
			1481	730
			1482	729
			1483	728
			1484	728
			1485	727
			1486	727
			1487	726
			1488	726
			1489	725
			1490	725
			1491	724
			1492	724
			1493	723
			1494	723
			1495	722
			1496	722
			1497	721
			1498	721
			1499	720
			1500	720
			1501	719
			1502	719
			1503	718
			1504	718
			1505	717
			1506	717
			1507	717
			1508	716
			1509	716
			1510	715
			1511	715
			1512	714
			1513	714
			1514	713
			1515	713
			1516	713
			1517	712
			1518	712
			1519	711
			1520	711
			1521	710
			1522	710
			1523	710
			1524	709
			1525	709
			1526	708
			1527	708
			1528	707
			1529	707
			1530	707
			1531	706
			1532	706
			1533	705
			1534	705
			1535	704
			1536	704
			1537	704
			1538	703
			1539	703
			1540	702
			1541	702
			1542	702
			1543	701
			1544	701
			1545	700
			1546	700
			1547	700
			1548	699
			1549	699
			1550	699
			1551	698
			1552	698
			1553	698
			1554	697
			1555	697
			1556	696
			1557	696
			1558	696
			1559	695
			1560	695
			1561	695
			1562	694
			1563	694
			1564	694
			1565	693
			1566	693
			1567	693
			1568	693
			1569	692
			1570	692
			1571	692
			1572	691
			1573	691
			1574	691
			1575	690
			1576	690
			1577	690
			1578	690
			1578	689
			1579	689
			1580	689
			1581	688
			1582	688
			1583	688
			1584	688
			1585	687
			1586	687
			1587	687
			1588	687
			1589	686
			1590	686
			1591	686
			1592	686
			1593	685
			1594	685
			1595	685
			1596	685
			1597	684
			1598	684
			1599	684
			1600	684
			1601	683
			1602	683
			1603	683
			1604	683
			1605	683
			1605	682
			1606	682
			1607	682
			1608	682
			1609	682
			1609	681
			1610	681
			1611	681
			1612	681
			1613	681
			1614	680
			1615	680
			1616	680
			1617	680
			1618	680
			1619	680
			1620	679
			1621	679
			1622	679
			1623	679
			1624	679
			1625	679
			1626	678
			1627	678
			1628	678
			1629	678
			1630	678
			1631	678
			1632	677
			1633	677
			1634	677
			1635	677
			1636	677
			1637	677
			1638	677
			1639	677
			1640	676
			1641	676
			1642	676
			1643	676
			1644	676
			1645	676
			1646	676
			1647	676
			1648	676
			1649	676
			1650	675
			1651	675
			1652	675
			1653	675
			1654	675
			1655	675
			1656	675
			1657	675
			1658	675
			1659	675
			1660	675
			1661	675
			1662	675
			1663	675
			1664	675
			1665	675
			1666	675
			1667	675
			1668	675
			1669	675
			1669	674
			1670	674
			1671	674
			1672	674
			1673	674
			1674	674
			1675	674
			1676	674
			1677	674
			1678	674
			1679	674
			1680	674
			1681	675
			1682	675
			1683	675
			1684	675
			1685	675
			1686	675
			1687	675
			1688	675
			1689	675
			1690	675
			1691	675
			1692	675
			1693	675
			1694	675
			1695	675
			1696	675
			1697	675
			1698	675
			1699	675
			1700	676
			1701	676
			1702	676
			1703	676
			1704	676
			1705	676
			1706	676
			1707	676
			1708	676
			1709	677
			1710	677
			1711	677
			1712	677
			1713	677
			1714	677
			1715	677
			1716	678
			1717	678
			1718	678
			1719	678
			1720	678
			1721	678
			1722	679
			1723	679
			1724	679
			1725	679
			1726	679
			1727	680
			1728	680
			1729	680
			1730	680
			1731	680
			1732	681
			1733	681
			1734	681
			1735	681
			1736	682
			1737	682
			1738	682
			1739	682
			1740	683
			1741	683
			1742	683
			1743	683
			1744	684
			1745	684
			1746	684
			1747	684
			1748	685
			1749	685
			1750	685
			1751	686
			1752	686
			1753	686
			1754	687
			1755	687
			1756	687
			1757	688
			1758	688
			1759	688
			1760	689
			1761	689
			1762	689
			1763	690
			1764	690
			1765	691
			1766	691
			1767	691
			1768	692
			1769	692
			1770	692
			1771	693
			1772	693
			1773	694
			1774	694
			1775	694
			1776	695
			1777	695
			1778	696
			1779	696
			1780	697
			1781	697
			1782	698
			1783	698
			1784	699
			1785	699
			1786	700
			1787	700
			1788	700
			1789	701
			1790	701
			1790	702
			1791	702
			1792	703
			1793	703
			1794	703
			1794	704
			1795	704
			1796	705
			1797	705
			1798	706
			1799	706
			1800	707
			1801	708
			1802	708
			1803	709
			1804	709
			1805	710
			1806	710
			1807	711
			1808	711
			1809	712
			1810	713
			1811	713
			1812	714
			1813	715
			1814	715
			1815	716
			1816	717
			1817	718
			1818	718
			1819	719
			1820	719
			1821	720
			1822	721
			1823	722
			1824	722
			1825	723
			1826	724
			1827	724
			1828	725
			1829	726
			1830	726
			1831	727
			1832	728
			1833	729
			1834	729
			1835	730
			1835	731
			1836	731
			1837	732
			1838	733
			1839	734
			1840	734
			1841	735
			1842	736
			1843	737
			1844	738
			1845	738
			1846	739
			1847	740
			1848	741
			1848	742
			1849	742
			1850	743
			1851	744
			1852	745
			1853	746
			1854	746
			1855	747
			1856	748
			1857	749
			1858	750
			1858	751
			1859	751
			1860	752
			1861	753
			1862	754
			1863	755
			1864	756
			1865	757
			1866	758
			1866	759
			1867	759
			1868	760
			1869	761
			1870	762
			1871	763
			1872	764
			1873	765
			1873	766
			1874	767
			1875	768
			1876	769
			1877	770
			1878	771
			1879	772
			1880	773
			1880	774
			1881	775
			1882	776
			1883	777
			1884	777
			1885	778
			1886	779
			1886	780
			1887	781
			1888	782
			1889	783
			1890	784
			1890	785
			1891	786
			1891	787
			1892	787
			1893	788
			1893	789
			1894	790
			1895	791
			1896	792
			1896	793
			1897	794
			1898	795
			1899	796
			1899	797
			1900	798
			1901	799
			1901	800
			1902	800
			1903	801
			1904	802
			1904	803
			1905	804
			1906	805
			1906	806
			1907	807
			1908	808
			1909	809
			1909	810
			1910	811
			1911	812
			1911	813
			1912	814
			1913	815
			1913	816
			1914	817
			1915	818
			1915	819
			1916	820
			1917	821
			1918	821
			1918	822
			1919	823
			1920	824
			1921	824
			1921	825
			1922	826
			1923	826
			1924	827
			1925	828
			1926	829
			1927	830
			1928	831
			1929	831
			1930	832
			1930	833
			1931	834
			1932	835
			1933	836
			1934	836
			1935	837
			1936	838
			1937	839
			1938	840
			1938	841
			1939	841
			1940	842
			1941	843
			1942	844
			1943	845
			1944	846
			1945	846
			1945	847
			1946	848
			1947	849
			1948	850
			1949	851
			1950	852
			1951	852
			1951	853
			1952	854
			1953	855
			1954	856
			1955	857
			1956	858
			1957	858
			1957	859
			1958	860
			1959	861
			1960	862
			1961	863
			1962	864
			1962	865
			1963	865
			1964	866
			1965	867
			1966	868
			1967	869
			1967	870
			1968	871
			1969	872
			1970	873
			1971	873
			1971	874
			1972	875
			1973	876
			1974	877
			1975	878
			1975	879
			1976	880
			1977	881
			1978	881
			1979	882
			1980	883
			1980	884
			1981	885
			1982	886
			1983	887
			1983	888
			1984	889
			1985	890
			1986	891
			1987	891
			1987	892
			1988	893
			1989	894
			1990	895
			1991	896
			1991	897
			1992	898
			1993	899
			1994	900
			1994	901
			1995	902
			1996	903
			1997	904
			1998	905
			1999	906
			1999	907
			2000	907
			2000	908
			2001	909
			2002	909
			2002	910
			2003	911
			2003	912
			2004	912
			2004	913
			2005	914
			2006	915
			2007	916
			2008	917
			2008	918
			2009	919
			2009	920
			2010	920
			2011	921
			2011	922
			2012	923
			2013	924
			2013	925
			2014	925
			2015	926
			2015	927
			2016	928
			2016	929
			2017	930
			2018	930
			2018	931
			2019	932
			2020	933
			2020	934
			2021	935
			2021	936
			2022	936
			2023	937
			2023	938
			2024	939
			2024	940
			2025	941
			2026	941
			2026	942
			2027	943
			2027	944
			2028	945
			2029	946
			2029	947
			2030	947
			2030	948
			2031	949
			2032	950
			2032	951
			2033	952
			2033	953
			2034	954
			2035	954
			2035	955
			2036	956
			2036	957
			2037	958
			2038	959
			2038	960
			2039	961
			2040	962
			2041	963
			2041	964
			2042	965
			2042	966
			2043	967
			2044	968
			2044	969
			2045	970
			2045	971
			2046	972
			2047	973
			2047	974
			2048	975
			2049	976
			2049	977
			2050	978
			2050	979
			2051	980
			2051	981
			2052	981
			2053	982
			2053	983
			2054	984
			2054	985
			2055	986
			2055	987
			2056	988
			2057	989
			2057	990
			2058	991
			2058	992
			2059	993
			2059	994
			2060	995
			2061	996
			2061	997
			2062	997
			2062	998
			2063	999
			2063	1000
			2064	1001
			2064	1002
			2065	1003
			2065	1004
			2066	1005
			2067	1006
			2067	1007
			2068	1008
			2068	1009
			2069	1010
			2069	1011
			2070	1012
			2070	1013
			2071	1014
			2071	1015
			2072	1016
			2072	1017
			2073	1018
			2073	1019
			2074	1020
			2075	1021
			2075	1022
			2076	1023
			2076	1024
			2077	1025
			2077	1026
			2078	1027
			2078	1028
			2079	1029
			2079	1030
			2080	1031
			2080	1032
			2081	1032
			2081	1033
			2082	1034
			2082	1035
			2083	1036
			2083	1037
			2084	1038
			2084	1039
			2085	1040
			2085	1041
			2086	1042
			2086	1043
			2087	1044
			2087	1045
			2088	1046
			2088	1047
			2088	1048
			2089	1049
			2089	1050
			2090	1051
			2090	1052
			2091	1053
			2091	1054
			2091	1055
			2092	1055
			2092	1056
			2093	1057
			2093	1058
			2094	1059
			2094	1060
			2094	1061
			2095	1062
			2095	1063
			2096	1064
			2096	1065
			2097	1066
			2097	1067
			2098	1068
			2098	1069
			2098	1070
			2099	1070
			2099	1071
			2099	1072
			2100	1072
			2100	1073
			2100	1074
			2101	1075
			2101	1076
			2102	1077
			2102	1078
			2103	1079
			2103	1080
			2103	1081
			2104	1081
			2104	1082
			2104	1083
			2105	1084
			2105	1085
			2105	1086
			2106	1087
			2106	1088
			2107	1089
			2107	1090
			2107	1091
			2108	1092
			2108	1093
			2109	1094
			2109	1095
			2109	1096
			2110	1096
			2110	1097
			2111	1098
			2111	1099
			2111	1100
			2112	1101
			2112	1102
			2112	1103
			2113	1104
			2113	1105
			2114	1106
			2114	1107
			2114	1108
			2115	1109
			2115	1110
			2115	1111
			2116	1112
			2116	1113
			2116	1114
			2117	1115
			2117	1116
			2118	1117
			2118	1118
			2118	1119
			2119	1120
			2119	1121
			2120	1122
			2120	1123
			2120	1124
			2121	1125
			2121	1126
			2121	1127
			2122	1128
			2122	1129
			2122	1130
			2123	1131
			2123	1132
			2124	1133
			2124	1134
			2124	1135
			2125	1136
			2125	1137
			2125	1138
			2126	1139
			2126	1140
			2126	1141
			2127	1142
			2127	1143
			2127	1144
			2128	1145
			2128	1146
			2128	1147
			2129	1148
			2129	1149
			2129	1150
			2130	1151
			2130	1152
			2130	1153
			2130	1154
			2131	1155
			2131	1156
			2132	1157
			2132	1158
			2132	1159
			2133	1160
			2133	1161
			2133	1162
			2134	1163
			2134	1164
			2134	1165
			2134	1166
			2135	1167
			2135	1168
			2135	1169
			2136	1170
			2136	1171
			2136	1172
			2136	1173
			2137	1174
			2137	1175
			2137	1176
			2138	1177
			2138	1178
			2138	1179
			2138	1180
			2139	1181
			2139	1182
			2139	1183
			2140	1184
			2140	1185
			2140	1186
			2140	1187
			2141	1188
			2141	1189
			2141	1190
			2142	1191
			2142	1192
			2142	1193
			2143	1194
			2143	1195
			2143	1196
			2143	1197
			2144	1198
			2144	1199
			2144	1200
			2144	1201
			2145	1202
			2145	1203
			2145	1204
			2145	1205
			2146	1206
			2146	1207
			2146	1208
			2146	1209
			2147	1210
			2147	1211
			2147	1212
			2147	1213
			2148	1214
			2148	1215
			2148	1216
			2149	1217
			2149	1218
			2149	1219
			2149	1220
			2149	1221
			2150	1222
			2150	1223
			2150	1224
			2150	1225
			2151	1226
			2151	1227
			2151	1228
			2151	1229
			2152	1230
			2152	1231
			2152	1232
			2152	1233
			2152	1234
			2153	1234
			2153	1235
			2153	1236
			2153	1237
			2153	1238
			2154	1239
			2154	1240
			2154	1241
		</c1>
		<c2 type=matrix rownames=FALSE colnames=FALSE nrow=1252 ncol=2 as.numeric=TRUE >
			2154	1241
			2153	1241
			2152	1241
			2151	1241
			2150	1241
			2149	1241
			2148	1241
			2147	1241
			2146	1241
			2145	1241
			2144	1241
			2143	1241
			2142	1241
			2141	1241
			2140	1241
			2139	1241
			2138	1241
			2137	1241
			2136	1241
			2135	1241
			2134	1241
			2133	1241
			2132	1241
			2131	1241
			2130	1241
			2129	1241
			2128	1241
			2127	1241
			2126	1241
			2125	1241
			2124	1241
			2123	1241
			2122	1241
			2121	1241
			2120	1241
			2119	1241
			2118	1241
			2117	1241
			2116	1241
			2115	1241
			2114	1241
			2113	1241
			2112	1241
			2111	1241
			2110	1241
			2109	1241
			2108	1241
			2107	1241
			2106	1241
			2105	1241
			2104	1241
			2103	1241
			2102	1241
			2101	1241
			2100	1241
			2099	1241
			2098	1241
			2097	1241
			2096	1241
			2095	1241
			2094	1241
			2093	1241
			2092	1241
			2091	1241
			2090	1241
			2089	1241
			2088	1241
			2087	1241
			2086	1241
			2085	1241
			2084	1241
			2083	1241
			2082	1241
			2081	1241
			2080	1241
			2079	1241
			2078	1241
			2077	1241
			2076	1241
			2075	1241
			2074	1241
			2073	1241
			2072	1241
			2071	1241
			2070	1241
			2069	1241
			2068	1241
			2067	1241
			2066	1241
			2065	1241
			2064	1241
			2063	1241
			2062	1241
			2061	1241
			2060	1241
			2059	1241
			2058	1241
			2057	1241
			2056	1241
			2055	1241
			2054	1241
			2053	1241
			2052	1241
			2051	1241
			2050	1241
			2049	1241
			2048	1241
			2047	1241
			2046	1241
			2045	1241
			2044	1241
			2043	1241
			2042	1241
			2041	1241
			2040	1241
			2039	1241
			2038	1241
			2037	1241
			2036	1241
			2035	1241
			2034	1241
			2033	1241
			2032	1241
			2031	1241
			2030	1241
			2029	1241
			2028	1241
			2027	1241
			2026	1241
			2025	1241
			2024	1241
			2023	1241
			2022	1241
			2021	1241
			2020	1241
			2019	1241
			2018	1241
			2017	1241
			2016	1241
			2015	1241
			2014	1241
			2013	1241
			2012	1240
			2011	1240
			2010	1240
			2009	1240
			2008	1240
			2007	1240
			2006	1240
			2005	1240
			2004	1240
			2003	1240
			2002	1240
			2001	1240
			2000	1240
			1999	1240
			1998	1240
			1997	1240
			1996	1240
			1995	1240
			1994	1240
			1993	1240
			1992	1240
			1991	1240
			1990	1240
			1989	1240
			1988	1240
			1987	1240
			1986	1240
			1985	1240
			1984	1240
			1983	1240
			1982	1240
			1981	1240
			1980	1240
			1979	1240
			1978	1240
			1977	1240
			1976	1240
			1975	1240
			1974	1240
			1973	1240
			1972	1240
			1971	1240
			1970	1240
			1969	1240
			1968	1240
			1967	1240
			1966	1240
			1965	1239
			1964	1239
			1963	1239
			1962	1239
			1961	1239
			1960	1239
			1959	1239
			1958	1239
			1957	1239
			1956	1239
			1955	1239
			1954	1239
			1953	1239
			1952	1239
			1951	1239
			1950	1239
			1949	1239
			1948	1239
			1947	1239
			1946	1239
			1945	1239
			1944	1239
			1943	1239
			1942	1239
			1941	1239
			1940	1239
			1939	1239
			1938	1239
			1937	1239
			1936	1239
			1935	1239
			1934	1239
			1933	1239
			1932	1239
			1931	1239
			1930	1239
			1929	1239
			1928	1239
			1927	1238
			1926	1238
			1925	1238
			1924	1238
			1923	1238
			1922	1238
			1921	1238
			1920	1238
			1919	1238
			1918	1238
			1917	1238
			1916	1238
			1915	1238
			1914	1238
			1913	1238
			1912	1238
			1911	1238
			1910	1238
			1909	1238
			1908	1238
			1907	1238
			1906	1238
			1905	1238
			1904	1238
			1903	1238
			1902	1238
			1901	1238
			1900	1238
			1899	1238
			1898	1238
			1897	1238
			1896	1238
			1895	1238
			1894	1237
			1893	1237
			1892	1237
			1891	1237
			1890	1237
			1889	1237
			1888	1237
			1887	1237
			1886	1237
			1885	1237
			1884	1237
			1883	1237
			1882	1237
			1881	1237
			1880	1237
			1879	1237
			1878	1237
			1877	1237
			1876	1237
			1875	1237
			1874	1237
			1873	1237
			1872	1237
			1871	1237
			1870	1237
			1869	1237
			1868	1237
			1867	1237
			1866	1237
			1865	1237
			1865	1236
			1864	1236
			1863	1236
			1862	1236
			1861	1236
			1860	1236
			1859	1236
			1858	1236
			1857	1236
			1856	1236
			1855	1236
			1854	1236
			1853	1236
			1852	1236
			1851	1236
			1850	1236
			1849	1236
			1848	1236
			1847	1236
			1846	1236
			1845	1236
			1844	1236
			1843	1236
			1842	1236
			1841	1236
			1840	1236
			1839	1236
			1838	1236
			1837	1235
			1836	1235
			1835	1235
			1834	1235
			1833	1235
			1832	1235
			1831	1235
			1830	1235
			1829	1235
			1828	1235
			1827	1235
			1826	1235
			1825	1235
			1824	1235
			1823	1235
			1822	1235
			1821	1235
			1820	1235
			1819	1235
			1818	1235
			1817	1235
			1816	1235
			1815	1235
			1814	1235
			1813	1235
			1812	1234
			1811	1234
			1810	1234
			1809	1234
			1808	1234
			1807	1234
			1806	1234
			1805	1234
			1804	1234
			1803	1234
			1802	1234
			1801	1234
			1800	1234
			1799	1234
			1798	1234
			1797	1234
			1796	1234
			1795	1234
			1794	1234
			1793	1234
			1792	1234
			1791	1234
			1790	1234
			1789	1234
			1788	1234
			1787	1233
			1786	1233
			1785	1233
			1784	1233
			1783	1233
			1782	1233
			1781	1233
			1780	1233
			1779	1233
			1778	1233
			1777	1233
			1776	1233
			1775	1233
			1774	1233
			1773	1233
			1772	1233
			1771	1233
			1770	1233
			1770	1234
			1769	1234
			1768	1234
			1767	1234
			1766	1234
			1765	1234
			1764	1234
			1763	1234
			1762	1234
			1761	1234
			1760	1234
			1759	1234
			1758	1234
			1757	1234
			1756	1235
			1755	1235
			1754	1235
			1753	1235
			1752	1235
			1751	1235
			1750	1235
			1749	1235
			1748	1235
			1747	1235
			1746	1235
			1745	1235
			1744	1235
			1743	1235
			1742	1236
			1741	1236
			1740	1236
			1739	1236
			1738	1236
			1737	1236
			1736	1236
			1735	1236
			1734	1236
			1733	1236
			1732	1236
			1731	1236
			1730	1236
			1729	1236
			1728	1236
			1727	1236
			1726	1237
			1725	1237
			1724	1237
			1723	1237
			1722	1237
			1721	1237
			1720	1237
			1719	1237
			1718	1237
			1717	1237
			1716	1237
			1715	1237
			1714	1237
			1713	1237
			1712	1237
			1711	1237
			1710	1237
			1709	1238
			1708	1238
			1707	1238
			1706	1238
			1705	1238
			1704	1238
			1703	1238
			1702	1238
			1701	1238
			1700	1238
			1699	1238
			1698	1238
			1697	1238
			1696	1238
			1695	1238
			1694	1238
			1693	1238
			1692	1239
			1691	1239
			1690	1239
			1689	1239
			1688	1239
			1687	1239
			1686	1239
			1685	1239
			1684	1239
			1683	1239
			1682	1239
			1681	1239
			1680	1239
			1679	1239
			1678	1239
			1677	1239
			1676	1239
			1675	1239
			1674	1239
			1673	1239
			1672	1240
			1671	1240
			1670	1240
			1669	1240
			1668	1240
			1667	1240
			1666	1240
			1665	1240
			1664	1240
			1663	1240
			1662	1240
			1661	1240
			1660	1240
			1659	1240
			1658	1240
			1657	1240
			1656	1240
			1655	1240
			1654	1240
			1653	1240
			1652	1240
			1651	1241
			1650	1241
			1649	1241
			1648	1241
			1647	1241
			1646	1241
			1645	1241
			1644	1241
			1643	1241
			1642	1241
			1641	1241
			1640	1241
			1639	1241
			1638	1241
			1637	1241
			1636	1241
			1635	1241
			1634	1241
			1633	1241
			1632	1241
			1631	1241
			1630	1241
			1629	1242
			1628	1242
			1627	1242
			1626	1242
			1625	1242
			1624	1242
			1623	1242
			1622	1242
			1621	1242
			1620	1242
			1619	1242
			1618	1242
			1617	1242
			1616	1242
			1615	1242
			1614	1242
			1613	1242
			1612	1242
			1611	1242
			1610	1242
			1609	1242
			1608	1242
			1607	1242
			1606	1242
			1605	1243
			1604	1243
			1603	1243
			1602	1243
			1601	1243
			1600	1243
			1599	1243
			1598	1243
			1597	1243
			1596	1243
			1595	1243
			1594	1243
			1593	1243
			1592	1243
			1591	1243
			1590	1243
			1589	1243
			1588	1243
			1587	1243
			1586	1243
			1585	1243
			1584	1243
			1583	1243
			1582	1243
			1581	1243
			1580	1243
			1579	1244
			1578	1244
			1577	1244
			1576	1244
			1575	1244
			1574	1244
			1573	1244
			1572	1244
			1571	1244
			1570	1244
			1569	1244
			1568	1244
			1567	1244
			1566	1244
			1565	1244
			1564	1244
			1563	1244
			1562	1244
			1561	1244
			1560	1244
			1559	1244
			1558	1244
			1557	1244
			1556	1244
			1555	1244
			1554	1244
			1553	1244
			1552	1244
			1551	1245
			1550	1245
			1549	1245
			1548	1245
			1547	1245
			1546	1245
			1545	1245
			1544	1245
			1543	1245
			1542	1245
			1541	1245
			1540	1245
			1539	1245
			1538	1245
			1537	1245
			1536	1245
			1535	1245
			1534	1245
			1533	1245
			1532	1245
			1531	1245
			1530	1245
			1529	1245
			1528	1245
			1527	1245
			1526	1245
			1525	1245
			1524	1245
			1523	1245
			1522	1245
			1521	1246
			1520	1246
			1519	1246
			1518	1246
			1517	1246
			1516	1246
			1515	1246
			1514	1246
			1513	1246
			1512	1246
			1511	1246
			1510	1246
			1509	1246
			1508	1246
			1507	1246
			1506	1246
			1505	1246
			1504	1246
			1503	1246
			1502	1246
			1501	1246
			1500	1246
			1499	1246
			1498	1246
			1497	1246
			1496	1246
			1495	1246
			1494	1246
			1493	1246
			1492	1246
			1491	1246
			1490	1246
			1489	1246
			1488	1247
			1487	1247
			1486	1247
			1485	1247
			1484	1247
			1483	1247
			1482	1247
			1481	1247
			1480	1247
			1479	1247
			1478	1247
			1477	1247
			1476	1247
			1475	1247
			1474	1247
			1473	1247
			1472	1247
			1471	1247
			1470	1247
			1469	1247
			1468	1247
			1467	1247
			1466	1247
			1465	1247
			1464	1247
			1463	1247
			1462	1247
			1461	1247
			1460	1247
			1459	1247
			1458	1247
			1457	1247
			1456	1247
			1455	1247
			1454	1247
			1453	1248
			1452	1248
			1451	1248
			1450	1248
			1449	1248
			1448	1248
			1447	1248
			1446	1248
			1445	1248
			1444	1248
			1443	1248
			1442	1248
			1441	1248
			1440	1248
			1439	1248
			1438	1248
			1437	1248
			1436	1248
			1435	1248
			1434	1248
			1433	1248
			1432	1248
			1431	1248
			1430	1248
			1429	1248
			1428	1248
			1427	1248
			1426	1248
			1425	1249
			1424	1249
			1423	1249
			1422	1249
			1421	1249
			1420	1249
			1419	1249
			1418	1249
			1417	1249
			1416	1249
			1415	1249
			1414	1249
			1413	1249
			1412	1249
			1411	1249
			1410	1249
			1409	1249
			1408	1249
			1407	1249
			1406	1250
			1405	1250
			1404	1250
			1403	1250
			1402	1250
			1401	1250
			1400	1250
			1399	1250
			1398	1250
			1397	1250
			1396	1250
			1395	1250
			1394	1250
			1393	1250
			1392	1250
			1391	1250
			1390	1250
			1389	1250
			1388	1250
			1387	1250
			1386	1250
			1385	1251
			1384	1251
			1383	1251
			1382	1251
			1381	1251
			1380	1251
			1379	1251
			1378	1251
			1377	1251
			1376	1251
			1375	1251
			1374	1251
			1373	1251
			1372	1251
			1371	1251
			1370	1251
			1369	1251
			1368	1251
			1367	1251
			1366	1251
			1365	1251
			1364	1251
			1363	1251
			1362	1251
			1361	1252
			1360	1252
			1359	1252
			1358	1252
			1357	1252
			1356	1252
			1355	1252
			1354	1252
			1353	1252
			1352	1252
			1351	1252
			1350	1252
			1349	1252
			1348	1252
			1347	1252
			1346	1252
			1345	1252
			1344	1252
			1343	1252
			1342	1252
			1341	1252
			1340	1252
			1339	1252
			1338	1252
			1337	1252
			1336	1252
			1335	1252
			1334	1253
			1333	1253
			1332	1253
			1331	1253
			1330	1253
			1329	1253
			1328	1253
			1327	1253
			1326	1253
			1325	1253
			1324	1253
			1323	1253
			1322	1253
			1321	1253
			1320	1253
			1319	1253
			1318	1253
			1317	1253
			1316	1253
			1315	1253
			1314	1253
			1313	1253
			1312	1253
			1311	1253
			1310	1253
			1309	1253
			1308	1253
			1307	1253
			1306	1253
			1305	1253
			1304	1253
			1303	1254
			1302	1254
			1301	1254
			1300	1254
			1299	1254
			1298	1254
			1297	1254
			1296	1254
			1295	1254
			1294	1254
			1293	1254
			1292	1254
			1291	1254
			1290	1254
			1289	1254
			1288	1254
			1287	1254
			1286	1254
			1285	1254
			1284	1254
			1283	1254
			1282	1254
			1281	1254
			1280	1254
			1279	1254
			1278	1254
			1277	1254
			1276	1254
			1275	1254
			1274	1254
			1273	1254
			1272	1254
			1271	1254
			1270	1254
			1269	1254
			1268	1254
			1267	1254
			1266	1254
			1265	1255
			1264	1255
			1263	1255
			1262	1255
			1261	1255
			1260	1255
			1259	1255
			1258	1255
			1257	1255
			1256	1255
			1255	1255
			1254	1255
			1253	1255
			1252	1255
			1251	1255
			1250	1255
			1249	1255
			1248	1255
			1247	1255
			1246	1255
			1245	1255
			1244	1255
			1243	1255
			1242	1255
			1241	1255
			1240	1255
			1239	1255
			1238	1255
			1237	1255
			1236	1255
			1235	1255
			1234	1255
			1233	1255
			1232	1255
			1231	1255
			1230	1255
			1229	1255
			1228	1255
			1227	1255
			1226	1255
			1225	1255
			1224	1255
			1223	1255
			1222	1255
			1221	1255
			1220	1255
			1219	1255
			1218	1255
			1217	1256
			1216	1256
			1215	1256
			1214	1256
			1213	1256
			1212	1256
			1211	1256
			1210	1256
			1209	1256
			1208	1256
			1207	1256
			1206	1256
			1205	1256
			1204	1256
			1203	1256
			1202	1256
			1201	1256
			1200	1256
			1199	1256
			1198	1256
			1197	1256
			1196	1256
			1195	1256
			1194	1256
			1193	1256
			1192	1256
			1191	1256
			1190	1256
			1189	1256
			1188	1256
			1187	1256
			1186	1256
			1185	1256
			1184	1256
			1183	1256
			1182	1256
			1181	1256
			1180	1256
			1179	1256
			1178	1256
			1177	1256
			1176	1256
			1175	1256
			1174	1256
			1173	1256
			1172	1256
			1171	1256
			1170	1256
			1169	1256
			1168	1256
			1167	1256
			1166	1256
			1165	1256
			1164	1256
			1163	1256
			1162	1256
			1161	1256
			1160	1256
			1159	1256
			1158	1256
			1157	1256
			1156	1256
			1155	1256
			1154	1256
			1153	1256
			1152	1256
			1151	1256
			1150	1256
			1149	1256
			1148	1256
			1147	1256
			1146	1257
			1145	1257
			1144	1257
			1143	1257
			1142	1257
			1141	1257
			1140	1257
			1139	1257
			1138	1257
			1137	1257
			1136	1257
			1135	1257
			1134	1257
			1133	1257
			1132	1257
			1131	1257
			1130	1257
			1129	1257
			1128	1257
			1127	1257
			1126	1257
			1125	1257
			1124	1257
			1123	1257
			1122	1257
			1121	1257
			1120	1257
			1119	1257
			1118	1257
			1117	1257
			1116	1257
			1115	1257
			1114	1257
			1113	1257
			1112	1257
			1111	1257
			1110	1257
			1109	1257
			1108	1257
			1107	1257
			1106	1257
			1105	1257
			1104	1257
			1103	1257
			1102	1257
			1101	1257
			1100	1257
			1099	1257
			1098	1257
			1097	1257
			1096	1257
			1095	1257
			1094	1257
			1093	1257
			1092	1257
			1091	1257
			1090	1257
			1089	1257
			1088	1257
			1087	1257
			1086	1257
			1085	1257
			1084	1257
			1083	1257
			1082	1257
			1081	1257
			1080	1257
			1079	1257
			1078	1257
			1077	1257
			1076	1257
			1075	1257
			1074	1257
			1073	1257
			1072	1257
			1071	1257
			1070	1257
			1069	1257
			1068	1258
			1067	1258
			1066	1258
			1065	1258
			1064	1258
			1063	1258
			1062	1258
			1061	1258
			1060	1258
			1059	1258
			1058	1258
			1057	1258
			1056	1258
			1055	1258
			1054	1258
			1053	1258
			1052	1258
			1051	1258
			1050	1258
			1049	1258
			1048	1259
			1047	1259
			1046	1259
			1045	1259
			1044	1259
			1043	1259
			1042	1259
			1041	1259
			1040	1259
			1039	1259
			1038	1259
			1037	1259
			1036	1259
			1035	1259
			1034	1259
			1033	1259
			1032	1259
			1031	1259
			1030	1260
			1029	1260
			1028	1260
			1027	1260
			1026	1260
			1025	1260
			1024	1260
			1023	1260
			1022	1260
			1021	1260
			1020	1260
			1019	1260
			1018	1260
			1017	1260
			1016	1260
			1015	1260
			1014	1261
			1013	1261
			1012	1261
			1011	1261
			1010	1261
			1009	1261
			1008	1261
			1007	1261
			1006	1261
			1005	1261
			1004	1261
			1003	1261
			1002	1261
			1001	1261
			1000	1261
			999	1261
			998	1262
			997	1262
			996	1262
			995	1262
			994	1262
			993	1262
			992	1262
			991	1262
			990	1262
			989	1262
			988	1262
			987	1262
			986	1262
			985	1262
			984	1262
			983	1263
			982	1263
			981	1263
			980	1263
			979	1263
			978	1263
			977	1263
			976	1263
			975	1263
			974	1263
			973	1263
			972	1263
			971	1263
			970	1264
			969	1264
			968	1264
			967	1264
			966	1264
			965	1264
			964	1264
			963	1264
			962	1264
			961	1264
			960	1264
			959	1264
			958	1264
			957	1265
			956	1265
			955	1265
			954	1265
			953	1265
			952	1265
			951	1265
			950	1265
			949	1265
			948	1265
			947	1265
			946	1265
			945	1266
			944	1266
			943	1266
			942	1266
			941	1266
			940	1266
			939	1266
			938	1266
			937	1266
			936	1266
			935	1266
			934	1266
			933	1267
			932	1267
			931	1267
			930	1267
			929	1267
			928	1267
			927	1267
			926	1267
			925	1267
			924	1267
			923	1267
			922	1267
			921	1268
			920	1268
			919	1268
			918	1268
			917	1268
			916	1268
			915	1268
			914	1268
			913	1268
			912	1268
			911	1268
			910	1269
			909	1269
			908	1269
			907	1269
			906	1269
			905	1269
		</c2>
	</curves.pixel>
	<curves.scaled type=list>
		<c1 type=matrix rownames=FALSE colnames=FALSE nrow=1638 ncol=2 as.numeric=TRUE >
			39.4955574366617	-55.3810634111864
			39.4955574366617	-55.3374219112564
			39.4955574366617	-55.2937804113264
			39.5391989365917	-55.2501389113964
			39.5391989365917	-55.2064974114664
			39.5391989365917	-55.1628559115364
			39.5828404365217	-55.1192144116063
			39.5828404365217	-55.0755729116763
			39.5828404365217	-55.0319314117463
			39.6264819364518	-54.9882899118163
			39.6264819364518	-54.9446484118863
			39.6701234363818	-54.9010069119563
			39.6701234363818	-54.8573654120263
			39.6701234363818	-54.8137239120963
			39.7137649363118	-54.7700824121662
			39.7137649363118	-54.7264409122362
			39.7137649363118	-54.6827994123062
			39.7574064362418	-54.6391579123762
			39.7574064362418	-54.5955164124462
			39.7574064362418	-54.5518749125162
			39.8010479361718	-54.5082334125862
			39.8010479361718	-54.4645919126562
			39.8010479361718	-54.4209504127261
			39.8446894361018	-54.3773089127961
			39.8446894361018	-54.3336674128661
			39.8446894361018	-54.2900259129361
			39.8883309360318	-54.2463844130061
			39.8883309360318	-54.2027429130761
			39.8883309360318	-54.1591014131461
			39.9319724359618	-54.115459913216
			39.9319724359618	-54.071818413286
			39.9319724359618	-54.028176913356
			39.9756139358919	-53.984535413426
			39.9756139358919	-53.940893913496
			39.9756139358919	-53.897252413566
			40.0192554358219	-53.853610913636
			40.0192554358219	-53.809969413706
			40.0628969357519	-53.7663279137759
			40.0628969357519	-53.7226864138459
			40.0628969357519	-53.6790449139159
			40.1065384356819	-53.6354034139859
			40.1065384356819	-53.5917619140559
			40.1501799356119	-53.5481204141259
			40.1501799356119	-53.5044789141959
			40.1501799356119	-53.4608374142659
			40.1938214355419	-53.4171959143358
			40.1938214355419	-53.3735544144058
			40.2374629354719	-53.3299129144758
			40.2374629354719	-53.2862714145458
			40.2374629354719	-53.2426299146158
			40.2811044354019	-53.1989884146858
			40.2811044354019	-53.1553469147558
			40.2811044354019	-53.1117054148257
			40.324745935332	-53.0680639148957
			40.324745935332	-53.0244224149657
			40.368387435262	-52.9807809150357
			40.368387435262	-52.9371394151057
			40.412028935192	-52.8934979151757
			40.412028935192	-52.8498564152457
			40.455670435122	-52.8062149153157
			40.455670435122	-52.7625734153856
			40.455670435122	-52.7189319154556
			40.499311935052	-52.6752904155256
			40.499311935052	-52.6316489155956
			40.542953434982	-52.5880074156656
			40.542953434982	-52.5443659157356
			40.542953434982	-52.5007244158056
			40.586594934912	-52.5007244158056
			40.586594934912	-52.4570829158756
			40.586594934912	-52.4134414159455
			40.630236434842	-52.3697999160155
			40.630236434842	-52.3261584160855
			40.6738779347721	-52.2825169161555
			40.6738779347721	-52.2388754162255
			40.7175194347021	-52.1952339162955
			40.7175194347021	-52.1515924163655
			40.7611609346321	-52.1079509164355
			40.7611609346321	-52.0643094165054
			40.8048024345621	-52.0206679165754
			40.8048024345621	-51.9770264166454
			40.8484439344921	-51.9333849167154
			40.8484439344921	-51.8897434167854
			40.8920854344221	-51.8461019168554
			40.8920854344221	-51.8024604169254
			40.9357269343521	-51.7588189169954
			40.9357269343521	-51.7151774170653
			40.9793684342822	-51.6715359171353
			40.9793684342822	-51.6278944172053
			41.0230099342122	-51.5842529172753
			41.0230099342122	-51.5406114173453
			41.0666514341422	-51.4969699174153
			41.0666514341422	-51.4533284174853
			41.1102929340722	-51.4096869175552
			41.1102929340722	-51.3660454176252
			41.1539344340022	-51.3224039176952
			41.1539344340022	-51.2787624177652
			41.1975759339322	-51.2787624177652
			41.1975759339322	-51.2351209178352
			41.2412174338622	-51.1914794179052
			41.2412174338622	-51.1478379179752
			41.2848589337922	-51.1041964180452
			41.2848589337922	-51.0605549181151
			41.3285004337223	-51.0169134181851
			41.3285004337223	-50.9732719182551
			41.3721419336523	-50.9732719182551
			41.3721419336523	-50.9296304183251
			41.4157834335823	-50.8859889183951
			41.4157834335823	-50.8423474184651
			41.4594249335123	-50.7987059185351
			41.4594249335123	-50.7550644186051
			41.5030664334423	-50.711422918675
			41.5467079333723	-50.667781418745
			41.5467079333723	-50.624139918815
			41.5903494333023	-50.580498418885
			41.6339909332323	-50.536856918955
			41.6339909332323	-50.493215419025
			41.6776324331624	-50.449573919095
			41.7212739330924	-50.4059324191649
			41.7212739330924	-50.3622909192349
			41.7649154330224	-50.3186494193049
			41.8085569329524	-50.2750079193749
			41.8085569329524	-50.2313664194449
			41.8521984328824	-50.2313664194449
			41.8521984328824	-50.1877249195149
			41.8958399328124	-50.1440834195849
			41.9394814327424	-50.1004419196549
			41.9394814327424	-50.0568004197248
			41.9831229326725	-50.0131589197948
			42.0267644326025	-49.9695174198648
			42.0704059325325	-49.9258759199348
			42.1140474324625	-49.8822344200048
			42.1140474324625	-49.8385929200748
			42.1576889323925	-49.7949514201448
			42.2013304323225	-49.7513099202148
			42.2449719322525	-49.7076684202847
			42.2886134321825	-49.6640269203547
			42.2886134321825	-49.6203854204247
			42.3322549321126	-49.5767439204947
			42.3758964320426	-49.5331024205647
			42.4195379319726	-49.4894609206347
			42.4631794319026	-49.4894609206347
			42.4631794319026	-49.4458194207047
			42.5068209318326	-49.4021779207746
			42.5504624317626	-49.3585364208446
			42.5941039316926	-49.3148949209146
			42.5941039316926	-49.2712534209846
			42.6377454316226	-49.2276119210546
			42.6377454316226	-49.1839704211246
			42.6813869315527	-49.1403289211946
			42.7250284314827	-49.0966874212646
			42.7686699314127	-49.0530459213345
			42.7686699314127	-49.0094044214045
			42.8123114313427	-48.9657629214745
			42.8559529312727	-48.9221214215445
			42.8559529312727	-48.8784799216145
			42.8995944312027	-48.8348384216845
			42.9432359311327	-48.7911969217545
			42.9432359311327	-48.7475554218245
			42.9868774310627	-48.7039139218944
			43.0305189309928	-48.6602724219644
			43.0741604309228	-48.6166309220344
			43.0741604309228	-48.5729894221044
			43.1178019308528	-48.5293479221744
			43.1614434307828	-48.4857064222444
			43.1614434307828	-48.4420649223144
			43.2050849307128	-48.3984234223844
			43.2487264306428	-48.3547819224543
			43.2487264306428	-48.3111404225243
			43.2923679305728	-48.2674989225943
			43.3360094305028	-48.2238574226643
			43.3796509304329	-48.1802159227343
			43.3796509304329	-48.1365744228043
			43.4232924303629	-48.0929329228743
			43.4669339302929	-48.0492914229443
			43.4669339302929	-48.0056499230142
			43.5105754302229	-47.9620084230842
			43.5542169301529	-47.9183669231542
			43.5542169301529	-47.8747254232242
			43.5978584300829	-47.8310839232942
			43.6414999300129	-47.7874424233642
			43.685141429943	-47.7438009234342
			43.685141429943	-47.7001594235041
			43.728782929873	-47.6565179235741
			43.772424429803	-47.6128764236441
			43.772424429803	-47.5692349237141
			43.816065929733	-47.5255934237841
			43.859707429663	-47.4819519238541
			43.903348929593	-47.4383104239241
			43.903348929593	-47.3946689239941
			43.946990429523	-47.351027424064
			43.990631929453	-47.307385924134
			43.990631929453	-47.263744424204
			44.0342734293831	-47.220102924274
			44.0779149293131	-47.176461424344
			44.1215564292431	-47.132819924414
			44.1215564292431	-47.089178424484
			44.1651979291731	-47.045536924554
			44.2088394291031	-47.0018954246239
			44.2088394291031	-46.9582539246939
			44.2524809290331	-46.9146124247639
			44.2961224289631	-46.9146124247639
			44.3397639288931	-46.8709709248339
			44.3397639288931	-46.8273294249039
			44.3834054288232	-46.7836879249739
			44.4270469287532	-46.7400464250439
			44.4706884286832	-46.6964049251138
			44.4706884286832	-46.6527634251838
			44.5143299286132	-46.6091219252538
			44.5579714285432	-46.5654804253238
			44.5579714285432	-46.5218389253938
			44.6016129284732	-46.4781974254638
			44.6452544284032	-46.4345559255338
			44.6888959283333	-46.3909144256038
			44.6888959283333	-46.3472729256737
			44.7325374282633	-46.3036314257437
			44.7761789281933	-46.2599899258137
			44.8198204281233	-46.2163484258837
			44.8198204281233	-46.1727069259537
			44.8634619280533	-46.1290654260237
			44.9071034279833	-46.0854239260937
			44.9507449279133	-46.0417824261637
			44.9507449279133	-45.9981409262336
			44.9943864278433	-45.9981409262336
			45.0380279277734	-45.9544994263036
			45.0816694277034	-45.9108579263736
			45.0816694277034	-45.8672164264436
			45.1253109276334	-45.8235749265136
			45.1689524275634	-45.7799334265836
			45.2125939274934	-45.7362919266536
			45.2125939274934	-45.6926504267236
			45.2562354274234	-45.6490089267935
			45.2998769273534	-45.6053674268635
			45.3435184272834	-45.5617259269335
			45.3435184272834	-45.5180844270035
			45.3871599272135	-45.4744429270735
			45.4308014271435	-45.4308014271435
			45.4744429270735	-45.3871599272135
			45.4744429270735	-45.3435184272834
			45.5180844270035	-45.3435184272834
			45.5617259269335	-45.2998769273534
			45.6053674268635	-45.2562354274234
			45.6053674268635	-45.2125939274934
			45.6490089267935	-45.1689524275634
			45.6926504267236	-45.1253109276334
			45.7362919266536	-45.0816694277034
			45.7362919266536	-45.0380279277734
			45.7799334265836	-44.9943864278433
			45.8235749265136	-44.9507449279133
			45.8672164264436	-44.9071034279833
			45.8672164264436	-44.8634619280533
			45.9108579263736	-44.8198204281233
			45.9544994263036	-44.7761789281933
			45.9981409262336	-44.7761789281933
			45.9981409262336	-44.7325374282633
			46.0417824261637	-44.6888959283333
			46.0854239260937	-44.6452544284032
			46.1290654260237	-44.6016129284732
			46.1290654260237	-44.5579714285432
			46.1727069259537	-44.5143299286132
			46.2163484258837	-44.4706884286832
			46.2599899258137	-44.4270469287532
			46.3036314257437	-44.3834054288232
			46.3036314257437	-44.3397639288931
			46.3472729256737	-44.2961224289631
			46.3909144256038	-44.2961224289631
			46.4345559255338	-44.2524809290331
			46.4345559255338	-44.2088394291031
			46.4781974254638	-44.1651979291731
			46.5218389253938	-44.1215564292431
			46.5654804253238	-44.0779149293131
			46.6091219252538	-44.0342734293831
			46.6091219252538	-43.990631929453
			46.6527634251838	-43.946990429523
			46.6964049251138	-43.903348929593
			46.7400464250439	-43.859707429663
			46.7836879249739	-43.816065929733
			46.8273294249039	-43.772424429803
			46.8709709248339	-43.728782929873
			46.9146124247639	-43.685141429943
			46.9146124247639	-43.6414999300129
			46.9582539246939	-43.6414999300129
			46.9582539246939	-43.5978584300829
			47.0018954246239	-43.5542169301529
			47.045536924554	-43.5105754302229
			47.089178424484	-43.4669339302929
			47.132819924414	-43.4232924303629
			47.176461424344	-43.3796509304329
			47.176461424344	-43.3360094305028
			47.220102924274	-43.3360094305028
			47.263744424204	-43.2923679305728
			47.263744424204	-43.2487264306428
			47.307385924134	-43.2050849307128
			47.351027424064	-43.2050849307128
			47.351027424064	-43.1614434307828
			47.3946689239941	-43.1178019308528
			47.4383104239241	-43.0741604309228
			47.4383104239241	-43.0305189309928
			47.4819519238541	-43.0305189309928
			47.5255934237841	-42.9868774310627
			47.5255934237841	-42.9432359311327
			47.5692349237141	-42.8995944312027
			47.6128764236441	-42.8995944312027
			47.6565179235741	-42.8559529312727
			47.6565179235741	-42.8123114313427
			47.7001594235041	-42.7686699314127
			47.7438009234342	-42.7686699314127
			47.7438009234342	-42.7250284314827
			47.7874424233642	-42.6813869315527
			47.8310839232942	-42.6377454316226
			47.8747254232242	-42.5941039316926
			47.9183669231542	-42.5504624317626
			47.9620084230842	-42.5068209318326
			48.0056499230142	-42.4631794319026
			48.0056499230142	-42.4195379319726
			48.0492914229443	-42.3758964320426
			48.0929329228743	-42.3322549321126
			48.1365744228043	-42.2886134321825
			48.1802159227343	-42.2886134321825
			48.2238574226643	-42.2449719322525
			48.2674989225943	-42.2013304323225
			48.2674989225943	-42.1576889323925
			48.3111404225243	-42.1140474324625
			48.3547819224543	-42.0704059325325
			48.3984234223844	-42.0267644326025
			48.4420649223144	-41.9831229326725
			48.4857064222444	-41.9394814327424
			48.5293479221744	-41.8958399328124
			48.5729894221044	-41.8521984328824
			48.6166309220344	-41.8085569329524
			48.6602724219644	-41.7649154330224
			48.7039139218944	-41.7212739330924
			48.7475554218245	-41.6776324331624
			48.7911969217545	-41.6339909332323
			48.7911969217545	-41.5903494333023
			48.8348384216845	-41.5467079333723
			48.8784799216145	-41.5467079333723
			48.9221214215445	-41.5030664334423
			48.9221214215445	-41.4594249335123
			48.9657629214745	-41.4157834335823
			49.0094044214045	-41.4157834335823
			49.0530459213345	-41.3721419336523
			49.0530459213345	-41.3285004337223
			49.0966874212646	-41.2848589337922
			49.1403289211946	-41.2848589337922
			49.1839704211246	-41.2412174338622
			49.1839704211246	-41.1975759339322
			49.2276119210546	-41.1539344340022
			49.2712534209846	-41.1102929340722
			49.3148949209146	-41.1102929340722
			49.3148949209146	-41.0666514341422
			49.3585364208446	-41.0230099342122
			49.4021779207746	-40.9793684342822
			49.4458194207047	-40.9793684342822
			49.4458194207047	-40.9357269343521
			49.4894609206347	-40.8920854344221
			49.5331024205647	-40.8484439344921
			49.5767439204947	-40.8484439344921
			49.5767439204947	-40.8048024345621
			49.6203854204247	-40.7611609346321
			49.6640269203547	-40.7175194347021
			49.7076684202847	-40.7175194347021
			49.7076684202847	-40.6738779347721
			49.7513099202148	-40.630236434842
			49.7949514201448	-40.586594934912
			49.8385929200748	-40.586594934912
			49.8385929200748	-40.542953434982
			49.8822344200048	-40.499311935052
			49.9258759199348	-40.455670435122
			49.9695174198648	-40.455670435122
			50.0131589197948	-40.412028935192
			50.0131589197948	-40.368387435262
			50.0568004197248	-40.368387435262
			50.1004419196549	-40.324745935332
			50.1440834195849	-40.2811044354019
			50.1440834195849	-40.2374629354719
			50.1877249195149	-40.2374629354719
			50.2313664194449	-40.1938214355419
			50.2750079193749	-40.1501799356119
			50.2750079193749	-40.1065384356819
			50.3186494193049	-40.1065384356819
			50.3622909192349	-40.0628969357519
			50.4059324191649	-40.0192554358219
			50.4059324191649	-39.9756139358919
			50.449573919095	-39.9756139358919
			50.493215419025	-39.9319724359618
			50.536856918955	-39.8883309360318
			50.580498418885	-39.8446894361018
			50.624139918815	-39.8010479361718
			50.667781418745	-39.7574064362418
			50.711422918675	-39.7137649363118
			50.7550644186051	-39.6701234363818
			50.7987059185351	-39.6264819364518
			50.8423474184651	-39.6264819364518
			50.8859889183951	-39.5828404365217
			50.9296304183251	-39.5391989365917
			50.9732719182551	-39.4955574366617
			51.0169134181851	-39.4519159367317
			51.0169134181851	-39.4082744368017
			51.0605549181151	-39.3646329368717
			51.1041964180452	-39.3646329368717
			51.1478379179752	-39.3209914369417
			51.1914794179052	-39.2773499370116
			51.2351209178352	-39.2337084370816
			51.2787624177652	-39.1900669371516
			51.3224039176952	-39.1464254372216
			51.3660454176252	-39.1027839372916
			51.4096869175552	-39.1027839372916
			51.4533284174853	-39.0591424373616
			51.4969699174153	-39.0155009374316
			51.5406114173453	-38.9718594375016
			51.5842529172753	-38.9282179375715
			51.6278944172053	-38.8845764376415
			51.6715359171353	-38.8409349377115
			51.7151774170653	-38.8409349377115
			51.7588189169954	-38.7972934377815
			51.7588189169954	-38.7536519378515
			51.8024604169254	-38.7100104379215
			51.8461019168554	-38.6663689379915
			51.8897434167854	-38.6227274380615
			51.9333849167154	-38.5790859381314
			51.9770264166454	-38.5790859381314
			52.0206679165754	-38.5354444382014
			52.0643094165054	-38.4918029382714
			52.1079509164355	-38.4481614383414
			52.1515924163655	-38.4045199384114
			52.1952339162955	-38.3608784384814
			52.2388754162255	-38.3608784384814
			52.2825169161555	-38.3172369385514
			52.3261584160855	-38.2735954386213
			52.3697999160155	-38.2299539386913
			52.4134414159455	-38.1863124387613
			52.4570829158756	-38.1426709388313
			52.5007244158056	-38.0990294389013
			52.5443659157356	-38.0990294389013
			52.5880074156656	-38.0553879389713
			52.6316489155956	-38.0117464390413
			52.6752904155256	-37.9681049391113
			52.7189319154556	-37.9244634391812
			52.7625734153856	-37.8808219392512
			52.8062149153157	-37.8808219392512
			52.8498564152457	-37.8371804393212
			52.8934979151757	-37.7935389393912
			52.9371394151057	-37.7498974394612
			52.9807809150357	-37.7062559395312
			53.0244224149657	-37.6626144396012
			53.0680639148957	-37.6189729396712
			53.1117054148257	-37.6189729396712
			53.1553469147558	-37.5753314397411
			53.1553469147558	-37.5316899398111
			53.1989884146858	-37.5316899398111
			53.2426299146158	-37.4880484398811
			53.2862714145458	-37.4444069399511
			53.3299129144758	-37.4007654400211
			53.3735544144058	-37.4007654400211
			53.4171959143358	-37.3571239400911
			53.4608374142659	-37.3134824401611
			53.4608374142659	-37.269840940231
			53.5044789141959	-37.269840940231
			53.5481204141259	-37.226199440301
			53.5917619140559	-37.182557940371
			53.6354034139859	-37.182557940371
			53.6790449139159	-37.138916440441
			53.7226864138459	-37.095274940511
			53.7663279137759	-37.051633440581
			53.809969413706	-37.007991940651
			53.853610913636	-36.964350440721
			53.897252413566	-36.920708940791
			53.940893913496	-36.920708940791
			53.984535413426	-36.8770674408609
			54.028176913356	-36.8334259409309
			54.071818413286	-36.7897844410009
			54.115459913216	-36.7897844410009
			54.1591014131461	-36.7461429410709
			54.2027429130761	-36.7025014411409
			54.2463844130061	-36.6588599412109
			54.2900259129361	-36.6152184412809
			54.3336674128661	-36.5715769413508
			54.3773089127961	-36.5715769413508
			54.4209504127261	-36.5279354414208
			54.4645919126562	-36.4842939414908
			54.5082334125862	-36.4406524415608
			54.5518749125162	-36.4406524415608
			54.5955164124462	-36.3970109416308
			54.6391579123762	-36.3533694417008
			54.6827994123062	-36.3533694417008
			54.7264409122362	-36.3097279417708
			54.7700824121662	-36.2660864418408
			54.7700824121662	-36.2224449419107
			54.8137239120963	-36.2224449419107
			54.8573654120263	-36.1788034419807
			54.9010069119563	-36.1351619420507
			54.9446484118863	-36.1351619420507
			54.9882899118163	-36.0915204421207
			55.0319314117463	-36.0478789421907
			55.0755729116763	-36.0478789421907
			55.1192144116063	-36.0042374422607
			55.1628559115364	-35.9605959423307
			55.2064974114664	-35.9169544424007
			55.2501389113964	-35.9169544424007
			55.2501389113964	-35.8733129424706
			55.2937804113264	-35.8296714425406
			55.3374219112564	-35.8296714425406
			55.3810634111864	-35.7860299426106
			55.4247049111164	-35.7423884426806
			55.4683464110464	-35.7423884426806
			55.5119879109765	-35.6987469427506
			55.5556294109065	-35.6551054428206
			55.5992709108365	-35.6551054428206
			55.6429124107665	-35.6114639428906
			55.6865539106965	-35.5678224429605
			55.7301954106265	-35.5241809430305
			55.7738369105565	-35.5241809430305
			55.7738369105565	-35.4805394431005
			55.8174784104866	-35.4368979431705
			55.8611199104166	-35.4368979431705
			55.9047614103466	-35.3932564432405
			55.9484029102766	-35.3496149433105
			55.9920444102066	-35.3496149433105
			56.0356859101366	-35.3059734433805
			56.0356859101366	-35.2623319434505
			56.0793274100666	-35.2623319434505
			56.0793274100666	-35.2186904435204
			56.1229689099966	-35.1750489435904
			56.1229689099966	-35.1314074436604
			56.1666104099267	-35.0877659437304
			56.2102519098567	-35.0441244438004
			56.2102519098567	-35.0004829438704
			56.2538934097867	-34.9568414439404
			56.2975349097167	-34.9131999440104
			56.3411764096467	-34.8695584440803
			56.3848179095767	-34.8259169441503
			56.4284594095067	-34.7822754442203
			56.4284594095067	-34.7386339442903
			56.4721009094367	-34.6949924443603
			56.5157424093668	-34.6513509444303
			56.5593839092968	-34.6077094445003
			56.6030254092268	-34.5640679445702
			56.6466669091568	-34.5204264446402
			56.6903084090868	-34.4767849447102
			56.7339499090168	-34.4767849447102
			56.7775914089468	-34.4331434447802
			56.8212329088769	-34.3895019448502
			56.8648744088069	-34.3895019448502
			56.9085159087369	-34.3458604449202
			56.9521574086669	-34.3022189449902
			56.9957989085969	-34.3022189449902
			56.9957989085969	-34.2585774450602
			57.0394404085269	-34.2149359451301
			57.0830819084569	-34.2149359451301
			57.1267234083869	-34.1712944452001
			57.170364908317	-34.1276529452701
			57.214006408247	-34.1276529452701
			57.257647908177	-34.0840114453401
			57.301289408107	-34.0403699454101
			57.344930908037	-34.0403699454101
			57.388572407967	-33.9967284454801
			57.432213907897	-33.9967284454801
			57.475855407827	-33.9530869455501
			57.5194969077571	-33.9094454456201
			57.5631384076871	-33.9094454456201
			57.6067799076171	-33.86580394569
			57.6504214075471	-33.86580394569
			57.6940629074771	-33.82216244576
			57.7377044074071	-33.77852094583
			57.7813459073371	-33.77852094583
			57.8249874072671	-33.77852094583
			57.8686289071972	-33.7348794459
			57.9122704071272	-33.7348794459
			57.9559119070572	-33.69123794597
			57.9995534069872	-33.69123794597
			58.0431949069172	-33.64759644604
			58.0868364068472	-33.64759644604
			58.1304779067772	-33.60395494611
			58.1741194067072	-33.60395494611
			58.2177609066373	-33.60395494611
			58.2177609066373	-33.56031344618
			58.2614024065673	-33.56031344618
			58.3050439064973	-33.5166719462499
			58.3486854064273	-33.5166719462499
			58.3923269063573	-33.5166719462499
			58.4359684062873	-33.4730304463199
			58.4796099062173	-33.4730304463199
			58.5232514061474	-33.4293889463899
			58.5668929060774	-33.4293889463899
			58.6105344060074	-33.4293889463899
			58.6541759059374	-33.3857474464599
			58.6978174058674	-33.3857474464599
			58.7414589057974	-33.3421059465299
			58.7851004057274	-33.3421059465299
			58.8287419056574	-33.3421059465299
			58.8723834055875	-33.2984644465999
			58.9160249055175	-33.2984644465999
			58.9596664054475	-33.2984644465999
			59.0033079053775	-33.2548229466699
			59.0469494053075	-33.2548229466699
			59.0905909052375	-33.2111814467399
			59.1342324051675	-33.2111814467399
			59.1778739050975	-33.2111814467399
			59.2215154050276	-33.1675399468098
			59.2651569049576	-33.1675399468098
			59.3087984048876	-33.1675399468098
			59.3524399048176	-33.1238984468798
			59.3960814047476	-33.1238984468798
			59.4397229046776	-33.1238984468798
			59.4833644046076	-33.0802569469498
			59.5270059045377	-33.0802569469498
			59.5706474044677	-33.0802569469498
			59.6142889043977	-33.0366154470198
			59.6579304043277	-33.0366154470198
			59.7015719042577	-33.0366154470198
			59.7452134041877	-33.0366154470198
			59.7888549041177	-32.9929739470898
			59.8324964040477	-32.9929739470898
			59.8761379039778	-32.9929739470898
			59.9197794039078	-32.9493324471598
			59.9634209038378	-32.9493324471598
			60.0070624037678	-32.9493324471598
			60.0507039036978	-32.9056909472298
			60.0943454036278	-32.9056909472298
			60.1379869035578	-32.9056909472298
			60.1816284034878	-32.9056909472298
			60.2252699034179	-32.8620494472997
			60.2689114033479	-32.8620494472997
			60.3125529032779	-32.8620494472997
			60.3561944032079	-32.8620494472997
			60.3998359031379	-32.8184079473697
			60.4434774030679	-32.8184079473697
			60.4871189029979	-32.8184079473697
			60.530760402928	-32.8184079473697
			60.574401902858	-32.7747664474397
			60.618043402788	-32.7747664474397
			60.661684902718	-32.7747664474397
			60.705326402648	-32.7747664474397
			60.748967902578	-32.7311249475097
			60.792609402508	-32.7311249475097
			60.836250902438	-32.7311249475097
			60.8798924023681	-32.7311249475097
			60.9235339022981	-32.6874834475797
			60.9671754022281	-32.6874834475797
			61.0108169021581	-32.6874834475797
			61.0544584020881	-32.6874834475797
			61.0980999020181	-32.6874834475797
			61.1417414019481	-32.6438419476497
			61.1853829018781	-32.6438419476497
			61.2290244018082	-32.6438419476497
			61.2726659017382	-32.6438419476497
			61.3163074016682	-32.6002004477197
			61.3599489015982	-32.6002004477197
			61.4035904015282	-32.6002004477197
			61.4472319014582	-32.6002004477197
			61.4908734013882	-32.6002004477197
			61.5345149013182	-32.5565589477897
			61.5781564012483	-32.5565589477897
			61.6217979011783	-32.5565589477897
			61.6654394011083	-32.5565589477897
			61.7090809010383	-32.5565589477897
			61.7527224009683	-32.5129174478596
			61.7963639008983	-32.5129174478596
			61.8400054008283	-32.5129174478596
			61.8836469007584	-32.5129174478596
			61.9272884006884	-32.5129174478596
			61.9709299006184	-32.4692759479296
			62.0145714005484	-32.4692759479296
			62.0582129004784	-32.4692759479296
			62.1018544004084	-32.4692759479296
			62.1454959003384	-32.4692759479296
			62.1891374002684	-32.4256344479996
			62.2327789001985	-32.4256344479996
			62.2764204001285	-32.4256344479996
			62.3200619000585	-32.4256344479996
			62.3637033999885	-32.4256344479996
			62.4073448999185	-32.4256344479996
			62.4509863998485	-32.3819929480696
			62.4946278997785	-32.3819929480696
			62.5382693997085	-32.3819929480696
			62.5819108996386	-32.3819929480696
			62.6255523995686	-32.3819929480696
			62.6691938994986	-32.3819929480696
			62.7128353994286	-32.3383514481396
			62.7564768993586	-32.3383514481396
			62.8001183992886	-32.3383514481396
			62.8437598992186	-32.3383514481396
			62.8874013991487	-32.3383514481396
			62.9310428990787	-32.3383514481396
			62.9746843990087	-32.2947099482096
			63.0183258989387	-32.2947099482096
			63.0619673988687	-32.2947099482096
			63.1056088987987	-32.2947099482096
			63.1492503987287	-32.2947099482096
			63.1928918986587	-32.2947099482096
			63.2365333985888	-32.2947099482096
			63.2801748985188	-32.2510684482796
			63.3238163984488	-32.2510684482796
			63.3674578983788	-32.2510684482796
			63.4110993983088	-32.2510684482796
			63.4547408982388	-32.2510684482796
			63.4983823981688	-32.2510684482796
			63.5420238980988	-32.2510684482796
			63.5856653980289	-32.2074269483495
			63.6293068979589	-32.2074269483495
			63.6729483978889	-32.2074269483495
			63.7165898978189	-32.2074269483495
			63.7602313977489	-32.2074269483495
			63.8038728976789	-32.2074269483495
			63.8475143976089	-32.2074269483495
			63.8911558975389	-32.1637854484195
			63.934797397469	-32.1637854484195
			63.978438897399	-32.1637854484195
			64.022080397329	-32.1637854484195
			64.065721897259	-32.1201439484895
			64.109363397189	-32.1201439484895
			64.153004897119	-32.1201439484895
			64.153004897119	-32.0765024485595
			64.196646397049	-32.0765024485595
			64.2402878969791	-32.0328609486295
			64.2839293969091	-32.0328609486295
			64.3275708968391	-31.9892194486995
			64.3712123967691	-31.9892194486995
			64.4148538966991	-31.9455779487695
			64.4584953966291	-31.9455779487695
			64.4584953966291	-31.9019364488395
			64.5021368965591	-31.9019364488395
			64.5457783964891	-31.9019364488395
			64.5894198964192	-31.8582949489094
			64.6330613963492	-31.8582949489094
			64.6767028962792	-31.8146534489794
			64.7203443962092	-31.7710119490494
			64.7639858961392	-31.7710119490494
			64.8076273960692	-31.7273704491194
			64.8512688959992	-31.7273704491194
			64.8949103959292	-31.6837289491894
			64.9385518958593	-31.6837289491894
			64.9821933957893	-31.6400874492594
			65.0258348957193	-31.6400874492594
			65.0694763956493	-31.5964459493294
			65.1131178955793	-31.5964459493294
			65.1567593955093	-31.5528044493994
			65.2004008954393	-31.5528044493994
			65.2440423953693	-31.5091629494693
			65.2876838952994	-31.5091629494693
			65.3313253952294	-31.4655214495393
			65.3749668951594	-31.4655214495393
			65.4186083950894	-31.4218799496093
			65.4622498950194	-31.4218799496093
			65.5058913949494	-31.3782384496793
			65.5495328948794	-31.3782384496793
			65.5931743948095	-31.3345969497493
			65.6368158947395	-31.3345969497493
			65.6804573946695	-31.2909554498193
			65.7240988945995	-31.2909554498193
			65.7677403945295	-31.2909554498193
			65.8113818944595	-31.2473139498893
			65.8550233943895	-31.2473139498893
			65.8986648943195	-31.2036724499593
			65.9423063942496	-31.2036724499593
			65.9859478941796	-31.1600309500292
			66.0295893941096	-31.1600309500292
			66.0732308940396	-31.1163894500992
			66.1168723939696	-31.1163894500992
			66.1605138938996	-31.1163894500992
			66.2041553938296	-31.0727479501692
			66.2477968937596	-31.0727479501692
			66.2914383936897	-31.0291064502392
			66.3350798936197	-31.0291064502392
			66.3787213935497	-30.9854649503092
			66.4223628934797	-30.9854649503092
			66.4660043934097	-30.9854649503092
			66.5096458933397	-30.9418234503792
			66.5532873932697	-30.9418234503792
			66.5969288931997	-30.8981819504492
			66.6405703931298	-30.8981819504492
			66.6842118930598	-30.8545404505191
			66.7278533929898	-30.8545404505191
			66.7714948929198	-30.8545404505191
			66.8151363928498	-30.8108989505891
			66.8587778927798	-30.8108989505891
			66.9024193927098	-30.7672574506591
			66.9460608926398	-30.7672574506591
			66.9897023925699	-30.7236159507291
			67.0333438924999	-30.7236159507291
			67.0769853924299	-30.7236159507291
			67.1206268923599	-30.6799744507991
			67.1642683922899	-30.6799744507991
			67.2079098922199	-30.6363329508691
			67.2515513921499	-30.6363329508691
			67.29519289208	-30.6363329508691
			67.33883439201	-30.5926914509391
			67.38247589194	-30.5926914509391
			67.42611739187	-30.5490499510091
			67.4697588918	-30.5490499510091
			67.51340039173	-30.5490499510091
			67.55704189166	-30.505408451079
			67.6006833915901	-30.505408451079
			67.6443248915201	-30.505408451079
			67.6879663914501	-30.461766951149
			67.7316078913801	-30.461766951149
			67.7752493913101	-30.461766951149
			67.8188908912401	-30.418125451219
			67.8625323911701	-30.418125451219
			67.9061738911001	-30.374483951289
			67.9498153910302	-30.374483951289
			67.9934568909602	-30.374483951289
			68.0370983908902	-30.330842451359
			68.0807398908202	-30.330842451359
			68.1243813907502	-30.330842451359
			68.1680228906802	-30.287200951429
			68.2116643906102	-30.287200951429
			68.2553058905402	-30.287200951429
			68.2989473904703	-30.243559451499
			68.3425888904003	-30.243559451499
			68.3862303903303	-30.243559451499
			68.4298718902603	-30.243559451499
			68.4735133901903	-30.199917951569
			68.5171548901203	-30.199917951569
			68.5607963900503	-30.199917951569
			68.6044378899803	-30.1562764516389
			68.6480793899104	-30.1562764516389
			68.6917208898404	-30.1562764516389
			68.7353623897704	-30.1126349517089
			68.7790038897004	-30.1126349517089
			68.8226453896304	-30.1126349517089
			68.8662868895604	-30.1126349517089
			68.8662868895604	-30.0689934517789
			68.9099283894904	-30.0689934517789
			68.9535698894205	-30.0689934517789
			68.9972113893505	-30.0253519518489
			69.0408528892805	-30.0253519518489
			69.0844943892105	-30.0253519518489
			69.1281358891405	-30.0253519518489
			69.1717773890705	-29.9817104519189
			69.2154188890005	-29.9817104519189
			69.2590603889305	-29.9817104519189
			69.3027018888606	-29.9817104519189
			69.3463433887906	-29.9380689519889
			69.3899848887206	-29.9380689519889
			69.4336263886506	-29.9380689519889
			69.4772678885806	-29.9380689519889
			69.5209093885106	-29.8944274520589
			69.5645508884406	-29.8944274520589
			69.6081923883706	-29.8944274520589
			69.6518338883007	-29.8944274520589
			69.6954753882307	-29.8507859521289
			69.7391168881607	-29.8507859521289
			69.7827583880907	-29.8507859521289
			69.8263998880207	-29.8507859521289
			69.8700413879507	-29.8071444521988
			69.9136828878807	-29.8071444521988
			69.9573243878107	-29.8071444521988
			70.0009658877408	-29.8071444521988
			70.0446073876708	-29.8071444521988
			70.0446073876708	-29.7635029522688
			70.0882488876008	-29.7635029522688
			70.1318903875308	-29.7635029522688
			70.1755318874608	-29.7635029522688
			70.2191733873908	-29.7635029522688
			70.2191733873908	-29.7198614523388
			70.2628148873208	-29.7198614523388
			70.3064563872508	-29.7198614523388
			70.3500978871809	-29.7198614523388
			70.3937393871109	-29.7198614523388
			70.4373808870409	-29.6762199524088
			70.4810223869709	-29.6762199524088
			70.5246638869009	-29.6762199524088
			70.5683053868309	-29.6762199524088
			70.6119468867609	-29.6762199524088
			70.655588386691	-29.6762199524088
			70.699229886621	-29.6325784524788
			70.742871386551	-29.6325784524788
			70.786512886481	-29.6325784524788
			70.830154386411	-29.6325784524788
			70.873795886341	-29.6325784524788
			70.917437386271	-29.6325784524788
			70.961078886201	-29.5889369525488
			71.0047203861311	-29.5889369525488
			71.0483618860611	-29.5889369525488
			71.0920033859911	-29.5889369525488
			71.1356448859211	-29.5889369525488
			71.1792863858511	-29.5889369525488
			71.2229278857811	-29.5452954526188
			71.2665693857111	-29.5452954526188
			71.3102108856411	-29.5452954526188
			71.3538523855712	-29.5452954526188
			71.3974938855012	-29.5452954526188
			71.4411353854312	-29.5452954526188
			71.4847768853612	-29.5452954526188
			71.5284183852912	-29.5452954526188
			71.5720598852212	-29.5016539526887
			71.6157013851512	-29.5016539526887
			71.6593428850812	-29.5016539526887
			71.7029843850113	-29.5016539526887
			71.7466258849413	-29.5016539526887
			71.7902673848713	-29.5016539526887
			71.8339088848013	-29.5016539526887
			71.8775503847313	-29.5016539526887
			71.9211918846613	-29.5016539526887
			71.9648333845913	-29.5016539526887
			72.0084748845213	-29.4580124527587
			72.0521163844514	-29.4580124527587
			72.0957578843814	-29.4580124527587
			72.1393993843114	-29.4580124527587
			72.1830408842414	-29.4580124527587
			72.2266823841714	-29.4580124527587
			72.2703238841014	-29.4580124527587
			72.3139653840314	-29.4580124527587
			72.3576068839615	-29.4580124527587
			72.4012483838915	-29.4580124527587
			72.4448898838215	-29.4580124527587
			72.4885313837515	-29.4580124527587
			72.5321728836815	-29.4580124527587
			72.5758143836115	-29.4580124527587
			72.6194558835415	-29.4580124527587
			72.6630973834716	-29.4580124527587
			72.7067388834016	-29.4580124527587
			72.7503803833316	-29.4580124527587
			72.7940218832616	-29.4580124527587
			72.8376633831916	-29.4580124527587
			72.8376633831916	-29.4143709528287
			72.8813048831216	-29.4143709528287
			72.9249463830516	-29.4143709528287
			72.9685878829816	-29.4143709528287
			73.0122293829117	-29.4143709528287
			73.0558708828417	-29.4143709528287
			73.0995123827717	-29.4143709528287
			73.1431538827017	-29.4143709528287
			73.1867953826317	-29.4143709528287
			73.2304368825617	-29.4143709528287
			73.2740783824917	-29.4143709528287
			73.3177198824217	-29.4143709528287
			73.3613613823518	-29.4580124527587
			73.4050028822818	-29.4580124527587
			73.4486443822118	-29.4580124527587
			73.4922858821418	-29.4580124527587
			73.5359273820718	-29.4580124527587
			73.5795688820018	-29.4580124527587
			73.6232103819318	-29.4580124527587
			73.6668518818618	-29.4580124527587
			73.7104933817919	-29.4580124527587
			73.7541348817219	-29.4580124527587
			73.7977763816519	-29.4580124527587
			73.8414178815819	-29.4580124527587
			73.8850593815119	-29.4580124527587
			73.9287008814419	-29.4580124527587
			73.9723423813719	-29.4580124527587
			74.0159838813019	-29.4580124527587
			74.059625381232	-29.4580124527587
			74.103266881162	-29.4580124527587
			74.146908381092	-29.4580124527587
			74.190549881022	-29.5016539526887
			74.234191380952	-29.5016539526887
			74.277832880882	-29.5016539526887
			74.321474380812	-29.5016539526887
			74.3651158807421	-29.5016539526887
			74.4087573806721	-29.5016539526887
			74.4523988806021	-29.5016539526887
			74.4960403805321	-29.5016539526887
			74.5396818804621	-29.5016539526887
			74.5833233803921	-29.5452954526188
			74.6269648803221	-29.5452954526188
			74.6706063802521	-29.5452954526188
			74.7142478801822	-29.5452954526188
			74.7578893801122	-29.5452954526188
			74.8015308800422	-29.5452954526188
			74.8451723799722	-29.5452954526188
			74.8888138799022	-29.5889369525488
			74.9324553798322	-29.5889369525488
			74.9760968797622	-29.5889369525488
			75.0197383796922	-29.5889369525488
			75.0633798796223	-29.5889369525488
			75.1070213795523	-29.5889369525488
			75.1506628794823	-29.6325784524788
			75.1943043794123	-29.6325784524788
			75.2379458793423	-29.6325784524788
			75.2815873792723	-29.6325784524788
			75.3252288792023	-29.6325784524788
			75.3688703791323	-29.6762199524088
			75.4125118790624	-29.6762199524088
			75.4561533789924	-29.6762199524088
			75.4997948789224	-29.6762199524088
			75.5434363788524	-29.6762199524088
			75.5870778787824	-29.7198614523388
			75.6307193787124	-29.7198614523388
			75.6743608786424	-29.7198614523388
			75.7180023785725	-29.7198614523388
			75.7616438785025	-29.7635029522688
			75.8052853784325	-29.7635029522688
			75.8489268783625	-29.7635029522688
			75.8925683782925	-29.7635029522688
			75.9362098782225	-29.8071444521988
			75.9798513781525	-29.8071444521988
			76.0234928780825	-29.8071444521988
			76.0671343780126	-29.8071444521988
			76.1107758779426	-29.8507859521289
			76.1544173778726	-29.8507859521289
			76.1980588778026	-29.8507859521289
			76.2417003777326	-29.8507859521289
			76.2853418776626	-29.8944274520589
			76.3289833775926	-29.8944274520589
			76.3726248775227	-29.8944274520589
			76.4162663774527	-29.9380689519889
			76.4599078773827	-29.9380689519889
			76.5035493773127	-29.9380689519889
			76.5471908772427	-29.9817104519189
			76.5908323771727	-29.9817104519189
			76.6344738771027	-29.9817104519189
			76.6781153770327	-30.0253519518489
			76.7217568769628	-30.0253519518489
			76.7653983768928	-30.0253519518489
			76.8090398768228	-30.0689934517789
			76.8526813767528	-30.0689934517789
			76.8963228766828	-30.0689934517789
			76.9399643766128	-30.1126349517089
			76.9836058765428	-30.1126349517089
			77.0272473764728	-30.1562764516389
			77.0708888764029	-30.1562764516389
			77.1145303763329	-30.1562764516389
			77.1581718762629	-30.199917951569
			77.2018133761929	-30.199917951569
			77.2454548761229	-30.199917951569
			77.2890963760529	-30.243559451499
			77.3327378759829	-30.243559451499
			77.3763793759129	-30.287200951429
			77.420020875843	-30.287200951429
			77.463662375773	-30.287200951429
			77.507303875703	-30.330842451359
			77.550945375633	-30.330842451359
			77.594586875563	-30.374483951289
			77.638228375493	-30.374483951289
			77.681869875423	-30.418125451219
			77.7255113753531	-30.418125451219
			77.7691528752831	-30.461766951149
			77.8127943752131	-30.461766951149
			77.8564358751431	-30.505408451079
			77.9000773750731	-30.505408451079
			77.9437188750031	-30.5490499510091
			77.9873603749331	-30.5490499510091
			78.0310018748631	-30.5490499510091
			78.0746433747932	-30.5926914509391
			78.1182848747232	-30.5926914509391
			78.1182848747232	-30.6363329508691
			78.1619263746532	-30.6363329508691
			78.2055678745832	-30.6799744507991
			78.2492093745132	-30.6799744507991
			78.2928508744432	-30.6799744507991
			78.2928508744432	-30.7236159507291
			78.3364923743732	-30.7236159507291
			78.3801338743032	-30.7672574506591
			78.4237753742333	-30.7672574506591
			78.4674168741633	-30.8108989505891
			78.5110583740933	-30.8108989505891
			78.5546998740233	-30.8545404505191
			78.5983413739533	-30.8981819504492
			78.6419828738833	-30.8981819504492
			78.6856243738133	-30.9418234503792
			78.7292658737433	-30.9418234503792
			78.7729073736734	-30.9854649503092
			78.8165488736034	-30.9854649503092
			78.8601903735334	-31.0291064502392
			78.9038318734634	-31.0291064502392
			78.9474733733934	-31.0727479501692
			78.9911148733234	-31.1163894500992
			79.0347563732534	-31.1163894500992
			79.0783978731834	-31.1600309500292
			79.1220393731135	-31.2036724499593
			79.1656808730435	-31.2036724499593
			79.2093223729735	-31.2473139498893
			79.2529638729035	-31.2909554498193
			79.2966053728335	-31.3345969497493
			79.3402468727635	-31.3345969497493
			79.3838883726935	-31.3782384496793
			79.4275298726236	-31.3782384496793
			79.4711713725536	-31.4218799496093
			79.5148128724836	-31.4655214495393
			79.5584543724136	-31.5091629494693
			79.6020958723436	-31.5091629494693
			79.6457373722736	-31.5528044493994
			79.6893788722036	-31.5964459493294
			79.7330203721337	-31.5964459493294
			79.7766618720637	-31.6400874492594
			79.8203033719937	-31.6837289491894
			79.8639448719237	-31.6837289491894
			79.9075863718537	-31.7273704491194
			79.9512278717837	-31.7710119490494
			79.9948693717137	-31.8146534489794
			80.0385108716437	-31.8146534489794
			80.0821523715737	-31.8582949489094
			80.0821523715737	-31.9019364488395
			80.1257938715038	-31.9019364488395
			80.1694353714338	-31.9455779487695
			80.2130768713638	-31.9892194486995
			80.2567183712938	-32.0328609486295
			80.3003598712238	-32.0328609486295
			80.3440013711538	-32.0765024485595
			80.3876428710838	-32.1201439484895
			80.4312843710138	-32.1637854484195
			80.4749258709439	-32.2074269483495
			80.5185673708739	-32.2074269483495
			80.5622088708039	-32.2510684482796
			80.6058503707339	-32.2947099482096
			80.6494918706639	-32.3383514481396
			80.6494918706639	-32.3819929480696
			80.6931333705939	-32.3819929480696
			80.7367748705239	-32.4256344479996
			80.7804163704539	-32.4692759479296
			80.824057870384	-32.5129174478596
			80.867699370314	-32.5565589477897
			80.911340870244	-32.5565589477897
			80.954982370174	-32.6002004477197
			80.998623870104	-32.6438419476497
			81.042265370034	-32.6874834475797
			81.085906869964	-32.7311249475097
			81.085906869964	-32.7747664474397
			81.1295483698941	-32.7747664474397
			81.1731898698241	-32.8184079473697
			81.2168313697541	-32.8620494472997
			81.2604728696841	-32.9056909472298
			81.3041143696141	-32.9493324471598
			81.3477558695441	-32.9929739470898
			81.3913973694741	-33.0366154470198
			81.4350388694042	-33.0802569469498
			81.4350388694042	-33.1238984468798
			81.4786803693342	-33.1238984468798
			81.5223218692642	-33.1675399468098
			81.5659633691942	-33.2111814467399
			81.6096048691242	-33.2548229466699
			81.6532463690542	-33.2984644465999
			81.6968878689842	-33.3421059465299
			81.7405293689142	-33.3857474464599
			81.7405293689142	-33.4293889463899
			81.7841708688443	-33.4730304463199
			81.8278123687743	-33.5166719462499
			81.8714538687043	-33.56031344618
			81.9150953686343	-33.60395494611
			81.9587368685643	-33.64759644604
			82.0023783684943	-33.69123794597
			82.0460198684243	-33.7348794459
			82.0460198684243	-33.77852094583
			82.0896613683543	-33.82216244576
			82.1333028682844	-33.86580394569
			82.1769443682144	-33.9094454456201
			82.2205858681444	-33.9094454456201
			82.2642273680744	-33.9530869455501
			82.3078688680044	-33.9967284454801
			82.3078688680044	-34.0403699454101
			82.3515103679344	-34.0840114453401
			82.3951518678644	-34.1276529452701
			82.4387933677944	-34.1712944452001
			82.4824348677245	-34.2149359451301
			82.4824348677245	-34.2585774450602
			82.5260763676545	-34.3022189449902
			82.5260763676545	-34.3458604449202
			82.5697178675845	-34.3458604449202
			82.6133593675145	-34.3895019448502
			82.6133593675145	-34.4331434447802
			82.6570008674445	-34.4767849447102
			82.7006423673745	-34.5204264446402
			82.7442838673045	-34.5640679445702
			82.7442838673045	-34.6077094445003
			82.7879253672345	-34.6513509444303
			82.8315668671646	-34.6949924443603
			82.8752083670946	-34.7386339442903
			82.8752083670946	-34.7822754442203
			82.9188498670246	-34.8259169441503
			82.9624913669546	-34.8695584440803
			82.9624913669546	-34.9131999440104
			83.0061328668846	-34.9131999440104
			83.0497743668146	-34.9568414439404
			83.0934158667446	-35.0004829438704
			83.0934158667446	-35.0441244438004
			83.1370573666747	-35.0877659437304
			83.1806988666047	-35.1314074436604
			83.1806988666047	-35.1750489435904
			83.2243403665347	-35.2186904435204
			83.2679818664647	-35.2623319434505
			83.3116233663947	-35.3059734433805
			83.3116233663947	-35.3496149433105
			83.3552648663247	-35.3932564432405
			83.3989063662547	-35.4368979431705
			83.3989063662547	-35.4805394431005
			83.4425478661847	-35.5241809430305
			83.4861893661148	-35.5678224429605
			83.4861893661148	-35.6114639428906
			83.5298308660448	-35.6551054428206
			83.5734723659748	-35.6987469427506
			83.5734723659748	-35.7423884426806
			83.6171138659048	-35.7860299426106
			83.6607553658348	-35.8296714425406
			83.7043968657648	-35.8296714425406
			83.7043968657648	-35.8733129424706
			83.7480383656948	-35.9169544424007
			83.7916798656248	-35.9605959423307
			83.8353213655549	-35.9605959423307
			83.8353213655549	-36.0042374422607
			83.8789628654849	-36.0478789421907
			83.9226043654149	-36.0478789421907
			83.9662458653449	-36.0915204421207
			84.0098873652749	-36.1351619420507
			84.0535288652049	-36.1788034419807
			84.0971703651349	-36.2224449419107
			84.1408118650649	-36.2660864418408
			84.184453364995	-36.2660864418408
			84.228094864925	-36.3097279417708
			84.228094864925	-36.3533694417008
			84.271736364855	-36.3970109416308
			84.315377864785	-36.4406524415608
			84.359019364715	-36.4842939414908
			84.402660864645	-36.4842939414908
			84.446302364575	-36.5279354414208
			84.4899438645051	-36.5715769413508
			84.5335853644351	-36.6152184412809
			84.5772268643651	-36.6588599412109
			84.5772268643651	-36.7025014411409
			84.6208683642951	-36.7025014411409
			84.6645098642251	-36.7461429410709
			84.7081513641551	-36.7897844410009
			84.7517928640851	-36.8334259409309
			84.7954343640152	-36.8770674408609
			84.8390758639452	-36.920708940791
			84.8827173638752	-36.920708940791
			84.8827173638752	-36.964350440721
			84.9263588638052	-37.007991940651
			84.9700003637352	-37.051633440581
			85.0136418636652	-37.095274940511
			85.0572833635952	-37.138916440441
			85.1009248635252	-37.182557940371
			85.1445663634553	-37.182557940371
			85.1445663634553	-37.226199440301
			85.1882078633853	-37.269840940231
			85.2318493633153	-37.3134824401611
			85.2754908632453	-37.3571239400911
			85.3191323631753	-37.4007654400211
			85.3627738631053	-37.4444069399511
			85.4064153630353	-37.4444069399511
			85.4064153630353	-37.4880484398811
			85.4500568629653	-37.5316899398111
			85.4936983628954	-37.5753314397411
			85.5373398628254	-37.6189729396712
			85.5809813627554	-37.6626144396012
			85.6246228626854	-37.7062559395312
			85.6246228626854	-37.7498974394612
			85.6682643626154	-37.7498974394612
			85.7119058625454	-37.7935389393912
			85.7555473624754	-37.8371804393212
			85.7991888624054	-37.8808219392512
			85.8428303623355	-37.9244634391812
			85.8428303623355	-37.9681049391113
			85.8864718622655	-38.0117464390413
			85.9301133621955	-38.0553879389713
			85.9737548621255	-38.0990294389013
			86.0173963620555	-38.0990294389013
			86.0173963620555	-38.1426709388313
			86.0610378619855	-38.1863124387613
			86.1046793619155	-38.2299539386913
			86.1483208618455	-38.2735954386213
			86.1919623617756	-38.3172369385514
			86.1919623617756	-38.3608784384814
			86.2356038617056	-38.4045199384114
			86.2792453616356	-38.4481614383414
			86.3228868615656	-38.4481614383414
			86.3665283614956	-38.4918029382714
			86.4101698614256	-38.5354444382014
			86.4101698614256	-38.5790859381314
			86.4538113613556	-38.6227274380615
			86.4974528612857	-38.6663689379915
			86.5410943612157	-38.7100104379215
			86.5410943612157	-38.7536519378515
			86.5847358611457	-38.7972934377815
			86.6283773610757	-38.8409349377115
			86.6720188610057	-38.8845764376415
			86.7156603609357	-38.8845764376415
			86.7156603609357	-38.9282179375715
			86.7593018608657	-38.9718594375016
			86.8029433607957	-39.0155009374316
			86.8465848607258	-39.0591424373616
			86.8902263606558	-39.1027839372916
			86.8902263606558	-39.1464254372216
			86.9338678605858	-39.1900669371516
			86.9775093605158	-39.2337084370816
			87.0211508604458	-39.2773499370116
			87.0211508604458	-39.3209914369417
			87.0647923603758	-39.3646329368717
			87.1084338603058	-39.4082744368017
			87.1520753602358	-39.4519159367317
			87.1957168601659	-39.4955574366617
			87.2393583600959	-39.5391989365917
			87.2393583600959	-39.5828404365217
			87.2829998600259	-39.5828404365217
			87.2829998600259	-39.6264819364518
			87.3266413599559	-39.6701234363818
			87.3702828598859	-39.6701234363818
			87.3702828598859	-39.7137649363118
			87.4139243598159	-39.7574064362418
			87.4139243598159	-39.8010479361718
			87.4575658597459	-39.8010479361718
			87.4575658597459	-39.8446894361018
			87.5012073596759	-39.8883309360318
			87.544848859606	-39.9319724359618
			87.588490359536	-39.9756139358919
			87.632131859466	-40.0192554358219
			87.632131859466	-40.0628969357519
			87.675773359396	-40.1065384356819
			87.675773359396	-40.1501799356119
			87.719414859326	-40.1501799356119
			87.763056359256	-40.1938214355419
			87.763056359256	-40.2374629354719
			87.806697859186	-40.2811044354019
			87.850339359116	-40.324745935332
			87.850339359116	-40.368387435262
			87.8939808590461	-40.368387435262
			87.9376223589761	-40.412028935192
			87.9376223589761	-40.455670435122
			87.9812638589061	-40.499311935052
			87.9812638589061	-40.542953434982
			88.0249053588361	-40.586594934912
			88.0685468587661	-40.586594934912
			88.0685468587661	-40.630236434842
			88.1121883586961	-40.6738779347721
			88.1558298586261	-40.7175194347021
			88.1558298586261	-40.7611609346321
			88.1994713585562	-40.8048024345621
			88.1994713585562	-40.8484439344921
			88.2431128584862	-40.8484439344921
			88.2867543584162	-40.8920854344221
			88.2867543584162	-40.9357269343521
			88.3303958583462	-40.9793684342822
			88.3303958583462	-41.0230099342122
			88.3740373582762	-41.0666514341422
			88.4176788582062	-41.0666514341422
			88.4176788582062	-41.1102929340722
			88.4613203581362	-41.1539344340022
			88.4613203581362	-41.1975759339322
			88.5049618580663	-41.2412174338622
			88.5486033579963	-41.2848589337922
			88.5486033579963	-41.3285004337223
			88.5922448579263	-41.3285004337223
			88.5922448579263	-41.3721419336523
			88.6358863578563	-41.4157834335823
			88.6795278577863	-41.4594249335123
			88.6795278577863	-41.5030664334423
			88.7231693577163	-41.5467079333723
			88.7231693577163	-41.5903494333023
			88.7668108576463	-41.6339909332323
			88.8104523575763	-41.6339909332323
			88.8104523575763	-41.6776324331624
			88.8540938575064	-41.7212739330924
			88.8540938575064	-41.7649154330224
			88.8977353574364	-41.8085569329524
			88.9413768573664	-41.8521984328824
			88.9413768573664	-41.8958399328124
			88.9850183572964	-41.9394814327424
			89.0286598572264	-41.9831229326725
			89.0723013571564	-42.0267644326025
			89.0723013571564	-42.0704059325325
			89.1159428570864	-42.1140474324625
			89.1159428570864	-42.1576889323925
			89.1595843570164	-42.2013304323225
			89.2032258569465	-42.2449719322525
			89.2032258569465	-42.2886134321825
			89.2468673568765	-42.3322549321126
			89.2468673568765	-42.3758964320426
			89.2905088568065	-42.4195379319726
			89.3341503567365	-42.4631794319026
			89.3341503567365	-42.5068209318326
			89.3777918566665	-42.5504624317626
			89.4214333565965	-42.5941039316926
			89.4214333565965	-42.6377454316226
			89.4650748565265	-42.6813869315527
			89.4650748565265	-42.7250284314827
			89.5087163564565	-42.7686699314127
			89.5087163564565	-42.8123114313427
			89.5523578563865	-42.8123114313427
			89.5959993563166	-42.8559529312727
			89.5959993563166	-42.8995944312027
			89.6396408562466	-42.9432359311327
			89.6396408562466	-42.9868774310627
			89.6832823561766	-43.0305189309928
			89.6832823561766	-43.0741604309228
			89.7269238561066	-43.1178019308528
			89.7705653560366	-43.1614434307828
			89.7705653560366	-43.2050849307128
			89.8142068559666	-43.2487264306428
			89.8142068559666	-43.2923679305728
			89.8578483558966	-43.3360094305028
			89.8578483558966	-43.3796509304329
			89.9014898558267	-43.4232924303629
			89.9451313557567	-43.4669339302929
			89.9451313557567	-43.5105754302229
			89.9887728556867	-43.5105754302229
			89.9887728556867	-43.5542169301529
			90.0324143556167	-43.5978584300829
			90.0324143556167	-43.6414999300129
			90.0760558555467	-43.685141429943
			90.0760558555467	-43.728782929873
			90.1196973554767	-43.772424429803
			90.1196973554767	-43.816065929733
			90.1633388554067	-43.859707429663
			90.2069803553368	-43.903348929593
			90.2069803553368	-43.946990429523
			90.2506218552668	-43.990631929453
			90.2506218552668	-44.0342734293831
			90.2942633551968	-44.0779149293131
			90.2942633551968	-44.1215564292431
			90.3379048551268	-44.1651979291731
			90.3379048551268	-44.2088394291031
			90.3815463550568	-44.2524809290331
			90.3815463550568	-44.2961224289631
			90.4251878549868	-44.3397639288931
			90.4251878549868	-44.3834054288232
			90.4688293549168	-44.4270469287532
			90.4688293549168	-44.4706884286832
			90.5124708548468	-44.5143299286132
			90.5561123547769	-44.5579714285432
			90.5561123547769	-44.6016129284732
			90.5997538547069	-44.6452544284032
			90.5997538547069	-44.6888959283333
			90.6433953546369	-44.7325374282633
			90.6433953546369	-44.7761789281933
			90.6870368545669	-44.8198204281233
			90.6870368545669	-44.8634619280533
			90.7306783544969	-44.9071034279833
			90.7306783544969	-44.9507449279133
			90.7743198544269	-44.9943864278433
			90.7743198544269	-45.0380279277734
			90.8179613543569	-45.0380279277734
			90.8179613543569	-45.0816694277034
			90.8616028542869	-45.1253109276334
			90.8616028542869	-45.1689524275634
			90.905244354217	-45.2125939274934
			90.905244354217	-45.2562354274234
			90.948885854147	-45.2998769273534
			90.948885854147	-45.3435184272834
			90.992527354077	-45.3871599272135
			90.992527354077	-45.4308014271435
			91.036168854007	-45.4744429270735
			91.036168854007	-45.5180844270035
			91.079810353937	-45.5617259269335
			91.079810353937	-45.6053674268635
			91.123451853867	-45.6490089267935
			91.123451853867	-45.6926504267236
			91.123451853867	-45.7362919266536
			91.167093353797	-45.7799334265836
			91.167093353797	-45.8235749265136
			91.210734853727	-45.8672164264436
			91.210734853727	-45.9108579263736
			91.2543763536571	-45.9544994263036
			91.2543763536571	-45.9981409262336
			91.2543763536571	-46.0417824261637
			91.2980178535871	-46.0417824261637
			91.2980178535871	-46.0854239260937
			91.3416593535171	-46.1290654260237
			91.3416593535171	-46.1727069259537
			91.3853008534471	-46.2163484258837
			91.3853008534471	-46.2599899258137
			91.3853008534471	-46.3036314257437
			91.4289423533771	-46.3472729256737
			91.4289423533771	-46.3909144256038
			91.4725838533071	-46.4345559255338
			91.4725838533071	-46.4781974254638
			91.5162253532371	-46.5218389253938
			91.5162253532371	-46.5654804253238
			91.5598668531672	-46.6091219252538
			91.5598668531672	-46.6527634251838
			91.5598668531672	-46.6964049251138
			91.6035083530972	-46.6964049251138
			91.6035083530972	-46.7400464250439
			91.6035083530972	-46.7836879249739
			91.6471498530272	-46.7836879249739
			91.6471498530272	-46.8273294249039
			91.6471498530272	-46.8709709248339
			91.6907913529572	-46.9146124247639
			91.6907913529572	-46.9582539246939
			91.7344328528872	-47.0018954246239
			91.7344328528872	-47.045536924554
			91.7780743528172	-47.089178424484
			91.7780743528172	-47.132819924414
			91.7780743528172	-47.176461424344
			91.8217158527472	-47.176461424344
			91.8217158527472	-47.220102924274
			91.8217158527472	-47.263744424204
			91.8653573526772	-47.307385924134
			91.8653573526772	-47.351027424064
			91.8653573526772	-47.3946689239941
			91.9089988526073	-47.4383104239241
			91.9089988526073	-47.4819519238541
			91.9526403525373	-47.5255934237841
			91.9526403525373	-47.5692349237141
			91.9526403525373	-47.6128764236441
			91.9962818524673	-47.6565179235741
			91.9962818524673	-47.7001594235041
			92.0399233523973	-47.7438009234342
			92.0399233523973	-47.7874424233642
			92.0399233523973	-47.8310839232942
			92.0835648523273	-47.8310839232942
			92.0835648523273	-47.8747254232242
			92.1272063522573	-47.9183669231542
			92.1272063522573	-47.9620084230842
			92.1272063522573	-48.0056499230142
			92.1708478521873	-48.0492914229443
			92.1708478521873	-48.0929329228743
			92.1708478521873	-48.1365744228043
			92.2144893521173	-48.1802159227343
			92.2144893521173	-48.2238574226643
			92.2581308520474	-48.2674989225943
			92.2581308520474	-48.3111404225243
			92.2581308520474	-48.3547819224543
			92.3017723519774	-48.3984234223844
			92.3017723519774	-48.4420649223144
			92.3017723519774	-48.4857064222444
			92.3454138519074	-48.5293479221744
			92.3454138519074	-48.5729894221044
			92.3454138519074	-48.6166309220344
			92.3890553518374	-48.6602724219644
			92.3890553518374	-48.7039139218944
			92.4326968517674	-48.7475554218245
			92.4326968517674	-48.7911969217545
			92.4326968517674	-48.8348384216845
			92.4763383516974	-48.8784799216145
			92.4763383516974	-48.9221214215445
			92.5199798516274	-48.9657629214745
			92.5199798516274	-49.0094044214045
			92.5199798516274	-49.0530459213345
			92.5636213515574	-49.0966874212646
			92.5636213515574	-49.1403289211946
			92.5636213515574	-49.1839704211246
			92.6072628514875	-49.2276119210546
			92.6072628514875	-49.2712534209846
			92.6072628514875	-49.3148949209146
			92.6509043514175	-49.3585364208446
			92.6509043514175	-49.4021779207746
			92.6945458513475	-49.4458194207047
			92.6945458513475	-49.4894609206347
			92.6945458513475	-49.5331024205647
			92.7381873512775	-49.5767439204947
			92.7381873512775	-49.6203854204247
			92.7381873512775	-49.6640269203547
			92.7818288512075	-49.7076684202847
			92.7818288512075	-49.7513099202148
			92.7818288512075	-49.7949514201448
			92.8254703511375	-49.8385929200748
			92.8254703511375	-49.8822344200048
			92.8254703511375	-49.9258759199348
			92.8691118510675	-49.9695174198648
			92.8691118510675	-50.0131589197948
			92.8691118510675	-50.0568004197248
			92.9127533509975	-50.1004419196549
			92.9127533509975	-50.1440834195849
			92.9127533509975	-50.1877249195149
			92.9563948509276	-50.2313664194449
			92.9563948509276	-50.2750079193749
			92.9563948509276	-50.3186494193049
			92.9563948509276	-50.3622909192349
			93.0000363508576	-50.4059324191649
			93.0000363508576	-50.449573919095
			93.0436778507876	-50.493215419025
			93.0436778507876	-50.536856918955
			93.0436778507876	-50.580498418885
			93.0873193507176	-50.624139918815
			93.0873193507176	-50.667781418745
			93.0873193507176	-50.711422918675
			93.1309608506476	-50.7550644186051
			93.1309608506476	-50.7987059185351
			93.1309608506476	-50.8423474184651
			93.1309608506476	-50.8859889183951
			93.1746023505776	-50.9296304183251
			93.1746023505776	-50.9732719182551
			93.1746023505776	-51.0169134181851
			93.2182438505076	-51.0605549181151
			93.2182438505076	-51.1041964180452
			93.2182438505076	-51.1478379179752
			93.2182438505076	-51.1914794179052
			93.2618853504377	-51.2351209178352
			93.2618853504377	-51.2787624177652
			93.2618853504377	-51.3224039176952
			93.3055268503677	-51.3660454176252
			93.3055268503677	-51.4096869175552
			93.3055268503677	-51.4533284174853
			93.3055268503677	-51.4969699174153
			93.3491683502977	-51.5406114173453
			93.3491683502977	-51.5842529172753
			93.3491683502977	-51.6278944172053
			93.3928098502277	-51.6715359171353
			93.3928098502277	-51.7151774170653
			93.3928098502277	-51.7588189169954
			93.3928098502277	-51.8024604169254
			93.4364513501577	-51.8461019168554
			93.4364513501577	-51.8897434167854
			93.4364513501577	-51.9333849167154
			93.4800928500877	-51.9770264166454
			93.4800928500877	-52.0206679165754
			93.4800928500877	-52.0643094165054
			93.5237343500177	-52.1079509164355
			93.5237343500177	-52.1515924163655
			93.5237343500177	-52.1952339162955
			93.5237343500177	-52.2388754162255
			93.5673758499478	-52.2825169161555
			93.5673758499478	-52.3261584160855
			93.5673758499478	-52.3697999160155
			93.5673758499478	-52.4134414159455
			93.6110173498778	-52.4570829158756
			93.6110173498778	-52.5007244158056
			93.6110173498778	-52.5443659157356
			93.6110173498778	-52.5880074156656
			93.6546588498078	-52.6316489155956
			93.6546588498078	-52.6752904155256
			93.6546588498078	-52.7189319154556
			93.6546588498078	-52.7625734153856
			93.6983003497378	-52.8062149153157
			93.6983003497378	-52.8498564152457
			93.6983003497378	-52.8934979151757
			93.6983003497378	-52.9371394151057
			93.7419418496678	-52.9807809150357
			93.7419418496678	-53.0244224149657
			93.7419418496678	-53.0680639148957
			93.7855833495978	-53.1117054148257
			93.7855833495978	-53.1553469147558
			93.7855833495978	-53.1989884146858
			93.7855833495978	-53.2426299146158
			93.7855833495978	-53.2862714145458
			93.8292248495278	-53.3299129144758
			93.8292248495278	-53.3735544144058
			93.8292248495278	-53.4171959143358
			93.8292248495278	-53.4608374142659
			93.8728663494578	-53.5044789141959
			93.8728663494578	-53.5481204141259
			93.8728663494578	-53.5917619140559
			93.8728663494578	-53.6354034139859
			93.9165078493879	-53.6790449139159
			93.9165078493879	-53.7226864138459
			93.9165078493879	-53.7663279137759
			93.9165078493879	-53.809969413706
			93.9165078493879	-53.853610913636
			93.9601493493179	-53.853610913636
			93.9601493493179	-53.897252413566
			93.9601493493179	-53.940893913496
			93.9601493493179	-53.984535413426
			93.9601493493179	-54.028176913356
			94.0037908492479	-54.071818413286
			94.0037908492479	-54.115459913216
			94.0037908492479	-54.1591014131461
		</c1>
		<c2 type=matrix rownames=FALSE colnames=FALSE nrow=1252 ncol=2 as.numeric=TRUE >
			94.0037908492479	-54.1591014131461
			93.9601493493179	-54.1591014131461
			93.9165078493879	-54.1591014131461
			93.8728663494578	-54.1591014131461
			93.8292248495278	-54.1591014131461
			93.7855833495978	-54.1591014131461
			93.7419418496678	-54.1591014131461
			93.6983003497378	-54.1591014131461
			93.6546588498078	-54.1591014131461
			93.6110173498778	-54.1591014131461
			93.5673758499478	-54.1591014131461
			93.5237343500177	-54.1591014131461
			93.4800928500877	-54.1591014131461
			93.4364513501577	-54.1591014131461
			93.3928098502277	-54.1591014131461
			93.3491683502977	-54.1591014131461
			93.3055268503677	-54.1591014131461
			93.2618853504377	-54.1591014131461
			93.2182438505076	-54.1591014131461
			93.1746023505776	-54.1591014131461
			93.1309608506476	-54.1591014131461
			93.0873193507176	-54.1591014131461
			93.0436778507876	-54.1591014131461
			93.0000363508576	-54.1591014131461
			92.9563948509276	-54.1591014131461
			92.9127533509975	-54.1591014131461
			92.8691118510675	-54.1591014131461
			92.8254703511375	-54.1591014131461
			92.7818288512075	-54.1591014131461
			92.7381873512775	-54.1591014131461
			92.6945458513475	-54.1591014131461
			92.6509043514175	-54.1591014131461
			92.6072628514875	-54.1591014131461
			92.5636213515574	-54.1591014131461
			92.5199798516274	-54.1591014131461
			92.4763383516974	-54.1591014131461
			92.4326968517674	-54.1591014131461
			92.3890553518374	-54.1591014131461
			92.3454138519074	-54.1591014131461
			92.3017723519774	-54.1591014131461
			92.2581308520474	-54.1591014131461
			92.2144893521173	-54.1591014131461
			92.1708478521873	-54.1591014131461
			92.1272063522573	-54.1591014131461
			92.0835648523273	-54.1591014131461
			92.0399233523973	-54.1591014131461
			91.9962818524673	-54.1591014131461
			91.9526403525373	-54.1591014131461
			91.9089988526073	-54.1591014131461
			91.8653573526772	-54.1591014131461
			91.8217158527472	-54.1591014131461
			91.7780743528172	-54.1591014131461
			91.7344328528872	-54.1591014131461
			91.6907913529572	-54.1591014131461
			91.6471498530272	-54.1591014131461
			91.6035083530972	-54.1591014131461
			91.5598668531672	-54.1591014131461
			91.5162253532371	-54.1591014131461
			91.4725838533071	-54.1591014131461
			91.4289423533771	-54.1591014131461
			91.3853008534471	-54.1591014131461
			91.3416593535171	-54.1591014131461
			91.2980178535871	-54.1591014131461
			91.2543763536571	-54.1591014131461
			91.210734853727	-54.1591014131461
			91.167093353797	-54.1591014131461
			91.123451853867	-54.1591014131461
			91.079810353937	-54.1591014131461
			91.036168854007	-54.1591014131461
			90.992527354077	-54.1591014131461
			90.948885854147	-54.1591014131461
			90.905244354217	-54.1591014131461
			90.8616028542869	-54.1591014131461
			90.8179613543569	-54.1591014131461
			90.7743198544269	-54.1591014131461
			90.7306783544969	-54.1591014131461
			90.6870368545669	-54.1591014131461
			90.6433953546369	-54.1591014131461
			90.5997538547069	-54.1591014131461
			90.5561123547769	-54.1591014131461
			90.5124708548468	-54.1591014131461
			90.4688293549168	-54.1591014131461
			90.4251878549868	-54.1591014131461
			90.3815463550568	-54.1591014131461
			90.3379048551268	-54.1591014131461
			90.2942633551968	-54.1591014131461
			90.2506218552668	-54.1591014131461
			90.2069803553368	-54.1591014131461
			90.1633388554067	-54.1591014131461
			90.1196973554767	-54.1591014131461
			90.0760558555467	-54.1591014131461
			90.0324143556167	-54.1591014131461
			89.9887728556867	-54.1591014131461
			89.9451313557567	-54.1591014131461
			89.9014898558267	-54.1591014131461
			89.8578483558966	-54.1591014131461
			89.8142068559666	-54.1591014131461
			89.7705653560366	-54.1591014131461
			89.7269238561066	-54.1591014131461
			89.6832823561766	-54.1591014131461
			89.6396408562466	-54.1591014131461
			89.5959993563166	-54.1591014131461
			89.5523578563865	-54.1591014131461
			89.5087163564565	-54.1591014131461
			89.4650748565265	-54.1591014131461
			89.4214333565965	-54.1591014131461
			89.3777918566665	-54.1591014131461
			89.3341503567365	-54.1591014131461
			89.2905088568065	-54.1591014131461
			89.2468673568765	-54.1591014131461
			89.2032258569465	-54.1591014131461
			89.1595843570164	-54.1591014131461
			89.1159428570864	-54.1591014131461
			89.0723013571564	-54.1591014131461
			89.0286598572264	-54.1591014131461
			88.9850183572964	-54.1591014131461
			88.9413768573664	-54.1591014131461
			88.8977353574364	-54.1591014131461
			88.8540938575064	-54.1591014131461
			88.8104523575763	-54.1591014131461
			88.7668108576463	-54.1591014131461
			88.7231693577163	-54.1591014131461
			88.6795278577863	-54.1591014131461
			88.6358863578563	-54.1591014131461
			88.5922448579263	-54.1591014131461
			88.5486033579963	-54.1591014131461
			88.5049618580663	-54.1591014131461
			88.4613203581362	-54.1591014131461
			88.4176788582062	-54.1591014131461
			88.3740373582762	-54.1591014131461
			88.3303958583462	-54.1591014131461
			88.2867543584162	-54.1591014131461
			88.2431128584862	-54.1591014131461
			88.1994713585562	-54.1591014131461
			88.1558298586261	-54.1591014131461
			88.1121883586961	-54.1591014131461
			88.0685468587661	-54.1591014131461
			88.0249053588361	-54.1591014131461
			87.9812638589061	-54.1591014131461
			87.9376223589761	-54.1591014131461
			87.8939808590461	-54.1591014131461
			87.850339359116	-54.1591014131461
			87.806697859186	-54.115459913216
			87.763056359256	-54.115459913216
			87.719414859326	-54.115459913216
			87.675773359396	-54.115459913216
			87.632131859466	-54.115459913216
			87.588490359536	-54.115459913216
			87.544848859606	-54.115459913216
			87.5012073596759	-54.115459913216
			87.4575658597459	-54.115459913216
			87.4139243598159	-54.115459913216
			87.3702828598859	-54.115459913216
			87.3266413599559	-54.115459913216
			87.2829998600259	-54.115459913216
			87.2393583600959	-54.115459913216
			87.1957168601659	-54.115459913216
			87.1520753602358	-54.115459913216
			87.1084338603058	-54.115459913216
			87.0647923603758	-54.115459913216
			87.0211508604458	-54.115459913216
			86.9775093605158	-54.115459913216
			86.9338678605858	-54.115459913216
			86.8902263606558	-54.115459913216
			86.8465848607258	-54.115459913216
			86.8029433607957	-54.115459913216
			86.7593018608657	-54.115459913216
			86.7156603609357	-54.115459913216
			86.6720188610057	-54.115459913216
			86.6283773610757	-54.115459913216
			86.5847358611457	-54.115459913216
			86.5410943612157	-54.115459913216
			86.4974528612857	-54.115459913216
			86.4538113613556	-54.115459913216
			86.4101698614256	-54.115459913216
			86.3665283614956	-54.115459913216
			86.3228868615656	-54.115459913216
			86.2792453616356	-54.115459913216
			86.2356038617056	-54.115459913216
			86.1919623617756	-54.115459913216
			86.1483208618455	-54.115459913216
			86.1046793619155	-54.115459913216
			86.0610378619855	-54.115459913216
			86.0173963620555	-54.115459913216
			85.9737548621255	-54.115459913216
			85.9301133621955	-54.115459913216
			85.8864718622655	-54.115459913216
			85.8428303623355	-54.115459913216
			85.7991888624054	-54.115459913216
			85.7555473624754	-54.071818413286
			85.7119058625454	-54.071818413286
			85.6682643626154	-54.071818413286
			85.6246228626854	-54.071818413286
			85.5809813627554	-54.071818413286
			85.5373398628254	-54.071818413286
			85.4936983628954	-54.071818413286
			85.4500568629653	-54.071818413286
			85.4064153630353	-54.071818413286
			85.3627738631053	-54.071818413286
			85.3191323631753	-54.071818413286
			85.2754908632453	-54.071818413286
			85.2318493633153	-54.071818413286
			85.1882078633853	-54.071818413286
			85.1445663634553	-54.071818413286
			85.1009248635252	-54.071818413286
			85.0572833635952	-54.071818413286
			85.0136418636652	-54.071818413286
			84.9700003637352	-54.071818413286
			84.9263588638052	-54.071818413286
			84.8827173638752	-54.071818413286
			84.8390758639452	-54.071818413286
			84.7954343640152	-54.071818413286
			84.7517928640851	-54.071818413286
			84.7081513641551	-54.071818413286
			84.6645098642251	-54.071818413286
			84.6208683642951	-54.071818413286
			84.5772268643651	-54.071818413286
			84.5335853644351	-54.071818413286
			84.4899438645051	-54.071818413286
			84.446302364575	-54.071818413286
			84.402660864645	-54.071818413286
			84.359019364715	-54.071818413286
			84.315377864785	-54.071818413286
			84.271736364855	-54.071818413286
			84.228094864925	-54.071818413286
			84.184453364995	-54.071818413286
			84.1408118650649	-54.071818413286
			84.0971703651349	-54.028176913356
			84.0535288652049	-54.028176913356
			84.0098873652749	-54.028176913356
			83.9662458653449	-54.028176913356
			83.9226043654149	-54.028176913356
			83.8789628654849	-54.028176913356
			83.8353213655549	-54.028176913356
			83.7916798656248	-54.028176913356
			83.7480383656948	-54.028176913356
			83.7043968657648	-54.028176913356
			83.6607553658348	-54.028176913356
			83.6171138659048	-54.028176913356
			83.5734723659748	-54.028176913356
			83.5298308660448	-54.028176913356
			83.4861893661148	-54.028176913356
			83.4425478661847	-54.028176913356
			83.3989063662547	-54.028176913356
			83.3552648663247	-54.028176913356
			83.3116233663947	-54.028176913356
			83.2679818664647	-54.028176913356
			83.2243403665347	-54.028176913356
			83.1806988666047	-54.028176913356
			83.1370573666747	-54.028176913356
			83.0934158667446	-54.028176913356
			83.0497743668146	-54.028176913356
			83.0061328668846	-54.028176913356
			82.9624913669546	-54.028176913356
			82.9188498670246	-54.028176913356
			82.8752083670946	-54.028176913356
			82.8315668671646	-54.028176913356
			82.7879253672345	-54.028176913356
			82.7442838673045	-54.028176913356
			82.7006423673745	-54.028176913356
			82.6570008674445	-53.984535413426
			82.6133593675145	-53.984535413426
			82.5697178675845	-53.984535413426
			82.5260763676545	-53.984535413426
			82.4824348677245	-53.984535413426
			82.4387933677944	-53.984535413426
			82.3951518678644	-53.984535413426
			82.3515103679344	-53.984535413426
			82.3078688680044	-53.984535413426
			82.2642273680744	-53.984535413426
			82.2205858681444	-53.984535413426
			82.1769443682144	-53.984535413426
			82.1333028682844	-53.984535413426
			82.0896613683543	-53.984535413426
			82.0460198684243	-53.984535413426
			82.0023783684943	-53.984535413426
			81.9587368685643	-53.984535413426
			81.9150953686343	-53.984535413426
			81.8714538687043	-53.984535413426
			81.8278123687743	-53.984535413426
			81.7841708688443	-53.984535413426
			81.7405293689142	-53.984535413426
			81.6968878689842	-53.984535413426
			81.6532463690542	-53.984535413426
			81.6096048691242	-53.984535413426
			81.5659633691942	-53.984535413426
			81.5223218692642	-53.984535413426
			81.4786803693342	-53.984535413426
			81.4350388694042	-53.984535413426
			81.3913973694741	-53.984535413426
			81.3913973694741	-53.940893913496
			81.3477558695441	-53.940893913496
			81.3041143696141	-53.940893913496
			81.2604728696841	-53.940893913496
			81.2168313697541	-53.940893913496
			81.1731898698241	-53.940893913496
			81.1295483698941	-53.940893913496
			81.085906869964	-53.940893913496
			81.042265370034	-53.940893913496
			80.998623870104	-53.940893913496
			80.954982370174	-53.940893913496
			80.911340870244	-53.940893913496
			80.867699370314	-53.940893913496
			80.824057870384	-53.940893913496
			80.7804163704539	-53.940893913496
			80.7367748705239	-53.940893913496
			80.6931333705939	-53.940893913496
			80.6494918706639	-53.940893913496
			80.6058503707339	-53.940893913496
			80.5622088708039	-53.940893913496
			80.5185673708739	-53.940893913496
			80.4749258709439	-53.940893913496
			80.4312843710138	-53.940893913496
			80.3876428710838	-53.940893913496
			80.3440013711538	-53.940893913496
			80.3003598712238	-53.940893913496
			80.2567183712938	-53.940893913496
			80.2130768713638	-53.940893913496
			80.1694353714338	-53.897252413566
			80.1257938715038	-53.897252413566
			80.0821523715737	-53.897252413566
			80.0385108716437	-53.897252413566
			79.9948693717137	-53.897252413566
			79.9512278717837	-53.897252413566
			79.9075863718537	-53.897252413566
			79.8639448719237	-53.897252413566
			79.8203033719937	-53.897252413566
			79.7766618720637	-53.897252413566
			79.7330203721337	-53.897252413566
			79.6893788722036	-53.897252413566
			79.6457373722736	-53.897252413566
			79.6020958723436	-53.897252413566
			79.5584543724136	-53.897252413566
			79.5148128724836	-53.897252413566
			79.4711713725536	-53.897252413566
			79.4275298726236	-53.897252413566
			79.3838883726935	-53.897252413566
			79.3402468727635	-53.897252413566
			79.2966053728335	-53.897252413566
			79.2529638729035	-53.897252413566
			79.2093223729735	-53.897252413566
			79.1656808730435	-53.897252413566
			79.1220393731135	-53.897252413566
			79.0783978731834	-53.853610913636
			79.0347563732534	-53.853610913636
			78.9911148733234	-53.853610913636
			78.9474733733934	-53.853610913636
			78.9038318734634	-53.853610913636
			78.8601903735334	-53.853610913636
			78.8165488736034	-53.853610913636
			78.7729073736734	-53.853610913636
			78.7292658737433	-53.853610913636
			78.6856243738133	-53.853610913636
			78.6419828738833	-53.853610913636
			78.5983413739533	-53.853610913636
			78.5546998740233	-53.853610913636
			78.5110583740933	-53.853610913636
			78.4674168741633	-53.853610913636
			78.4237753742333	-53.853610913636
			78.3801338743032	-53.853610913636
			78.3364923743732	-53.853610913636
			78.2928508744432	-53.853610913636
			78.2492093745132	-53.853610913636
			78.2055678745832	-53.853610913636
			78.1619263746532	-53.853610913636
			78.1182848747232	-53.853610913636
			78.0746433747932	-53.853610913636
			78.0310018748631	-53.853610913636
			77.9873603749331	-53.809969413706
			77.9437188750031	-53.809969413706
			77.9000773750731	-53.809969413706
			77.8564358751431	-53.809969413706
			77.8127943752131	-53.809969413706
			77.7691528752831	-53.809969413706
			77.7255113753531	-53.809969413706
			77.681869875423	-53.809969413706
			77.638228375493	-53.809969413706
			77.594586875563	-53.809969413706
			77.550945375633	-53.809969413706
			77.507303875703	-53.809969413706
			77.463662375773	-53.809969413706
			77.420020875843	-53.809969413706
			77.3763793759129	-53.809969413706
			77.3327378759829	-53.809969413706
			77.2890963760529	-53.809969413706
			77.2454548761229	-53.809969413706
			77.2454548761229	-53.853610913636
			77.2018133761929	-53.853610913636
			77.1581718762629	-53.853610913636
			77.1145303763329	-53.853610913636
			77.0708888764029	-53.853610913636
			77.0272473764728	-53.853610913636
			76.9836058765428	-53.853610913636
			76.9399643766128	-53.853610913636
			76.8963228766828	-53.853610913636
			76.8526813767528	-53.853610913636
			76.8090398768228	-53.853610913636
			76.7653983768928	-53.853610913636
			76.7217568769628	-53.853610913636
			76.6781153770327	-53.853610913636
			76.6344738771027	-53.897252413566
			76.5908323771727	-53.897252413566
			76.5471908772427	-53.897252413566
			76.5035493773127	-53.897252413566
			76.4599078773827	-53.897252413566
			76.4162663774527	-53.897252413566
			76.3726248775227	-53.897252413566
			76.3289833775926	-53.897252413566
			76.2853418776626	-53.897252413566
			76.2417003777326	-53.897252413566
			76.1980588778026	-53.897252413566
			76.1544173778726	-53.897252413566
			76.1107758779426	-53.897252413566
			76.0671343780126	-53.897252413566
			76.0234928780825	-53.940893913496
			75.9798513781525	-53.940893913496
			75.9362098782225	-53.940893913496
			75.8925683782925	-53.940893913496
			75.8489268783625	-53.940893913496
			75.8052853784325	-53.940893913496
			75.7616438785025	-53.940893913496
			75.7180023785725	-53.940893913496
			75.6743608786424	-53.940893913496
			75.6307193787124	-53.940893913496
			75.5870778787824	-53.940893913496
			75.5434363788524	-53.940893913496
			75.4997948789224	-53.940893913496
			75.4561533789924	-53.940893913496
			75.4125118790624	-53.940893913496
			75.3688703791323	-53.940893913496
			75.3252288792023	-53.984535413426
			75.2815873792723	-53.984535413426
			75.2379458793423	-53.984535413426
			75.1943043794123	-53.984535413426
			75.1506628794823	-53.984535413426
			75.1070213795523	-53.984535413426
			75.0633798796223	-53.984535413426
			75.0197383796922	-53.984535413426
			74.9760968797622	-53.984535413426
			74.9324553798322	-53.984535413426
			74.8888138799022	-53.984535413426
			74.8451723799722	-53.984535413426
			74.8015308800422	-53.984535413426
			74.7578893801122	-53.984535413426
			74.7142478801822	-53.984535413426
			74.6706063802521	-53.984535413426
			74.6269648803221	-53.984535413426
			74.5833233803921	-54.028176913356
			74.5396818804621	-54.028176913356
			74.4960403805321	-54.028176913356
			74.4523988806021	-54.028176913356
			74.4087573806721	-54.028176913356
			74.3651158807421	-54.028176913356
			74.321474380812	-54.028176913356
			74.277832880882	-54.028176913356
			74.234191380952	-54.028176913356
			74.190549881022	-54.028176913356
			74.146908381092	-54.028176913356
			74.103266881162	-54.028176913356
			74.059625381232	-54.028176913356
			74.0159838813019	-54.028176913356
			73.9723423813719	-54.028176913356
			73.9287008814419	-54.028176913356
			73.8850593815119	-54.028176913356
			73.8414178815819	-54.071818413286
			73.7977763816519	-54.071818413286
			73.7541348817219	-54.071818413286
			73.7104933817919	-54.071818413286
			73.6668518818618	-54.071818413286
			73.6232103819318	-54.071818413286
			73.5795688820018	-54.071818413286
			73.5359273820718	-54.071818413286
			73.4922858821418	-54.071818413286
			73.4486443822118	-54.071818413286
			73.4050028822818	-54.071818413286
			73.3613613823518	-54.071818413286
			73.3177198824217	-54.071818413286
			73.2740783824917	-54.071818413286
			73.2304368825617	-54.071818413286
			73.1867953826317	-54.071818413286
			73.1431538827017	-54.071818413286
			73.0995123827717	-54.071818413286
			73.0558708828417	-54.071818413286
			73.0122293829117	-54.071818413286
			72.9685878829816	-54.115459913216
			72.9249463830516	-54.115459913216
			72.8813048831216	-54.115459913216
			72.8376633831916	-54.115459913216
			72.7940218832616	-54.115459913216
			72.7503803833316	-54.115459913216
			72.7067388834016	-54.115459913216
			72.6630973834716	-54.115459913216
			72.6194558835415	-54.115459913216
			72.5758143836115	-54.115459913216
			72.5321728836815	-54.115459913216
			72.4885313837515	-54.115459913216
			72.4448898838215	-54.115459913216
			72.4012483838915	-54.115459913216
			72.3576068839615	-54.115459913216
			72.3139653840314	-54.115459913216
			72.2703238841014	-54.115459913216
			72.2266823841714	-54.115459913216
			72.1830408842414	-54.115459913216
			72.1393993843114	-54.115459913216
			72.0957578843814	-54.115459913216
			72.0521163844514	-54.1591014131461
			72.0084748845213	-54.1591014131461
			71.9648333845913	-54.1591014131461
			71.9211918846613	-54.1591014131461
			71.8775503847313	-54.1591014131461
			71.8339088848013	-54.1591014131461
			71.7902673848713	-54.1591014131461
			71.7466258849413	-54.1591014131461
			71.7029843850113	-54.1591014131461
			71.6593428850812	-54.1591014131461
			71.6157013851512	-54.1591014131461
			71.5720598852212	-54.1591014131461
			71.5284183852912	-54.1591014131461
			71.4847768853612	-54.1591014131461
			71.4411353854312	-54.1591014131461
			71.3974938855012	-54.1591014131461
			71.3538523855712	-54.1591014131461
			71.3102108856411	-54.1591014131461
			71.2665693857111	-54.1591014131461
			71.2229278857811	-54.1591014131461
			71.1792863858511	-54.1591014131461
			71.1356448859211	-54.1591014131461
			71.0920033859911	-54.2027429130761
			71.0483618860611	-54.2027429130761
			71.0047203861311	-54.2027429130761
			70.961078886201	-54.2027429130761
			70.917437386271	-54.2027429130761
			70.873795886341	-54.2027429130761
			70.830154386411	-54.2027429130761
			70.786512886481	-54.2027429130761
			70.742871386551	-54.2027429130761
			70.699229886621	-54.2027429130761
			70.655588386691	-54.2027429130761
			70.6119468867609	-54.2027429130761
			70.5683053868309	-54.2027429130761
			70.5246638869009	-54.2027429130761
			70.4810223869709	-54.2027429130761
			70.4373808870409	-54.2027429130761
			70.3937393871109	-54.2027429130761
			70.3500978871809	-54.2027429130761
			70.3064563872508	-54.2027429130761
			70.2628148873208	-54.2027429130761
			70.2191733873908	-54.2027429130761
			70.1755318874608	-54.2027429130761
			70.1318903875308	-54.2027429130761
			70.0882488876008	-54.2027429130761
			70.0446073876708	-54.2463844130061
			70.0009658877408	-54.2463844130061
			69.9573243878107	-54.2463844130061
			69.9136828878807	-54.2463844130061
			69.8700413879507	-54.2463844130061
			69.8263998880207	-54.2463844130061
			69.7827583880907	-54.2463844130061
			69.7391168881607	-54.2463844130061
			69.6954753882307	-54.2463844130061
			69.6518338883007	-54.2463844130061
			69.6081923883706	-54.2463844130061
			69.5645508884406	-54.2463844130061
			69.5209093885106	-54.2463844130061
			69.4772678885806	-54.2463844130061
			69.4336263886506	-54.2463844130061
			69.3899848887206	-54.2463844130061
			69.3463433887906	-54.2463844130061
			69.3027018888606	-54.2463844130061
			69.2590603889305	-54.2463844130061
			69.2154188890005	-54.2463844130061
			69.1717773890705	-54.2463844130061
			69.1281358891405	-54.2463844130061
			69.0844943892105	-54.2463844130061
			69.0408528892805	-54.2463844130061
			68.9972113893505	-54.2463844130061
			68.9535698894205	-54.2463844130061
			68.9099283894904	-54.2900259129361
			68.8662868895604	-54.2900259129361
			68.8226453896304	-54.2900259129361
			68.7790038897004	-54.2900259129361
			68.7353623897704	-54.2900259129361
			68.6917208898404	-54.2900259129361
			68.6480793899104	-54.2900259129361
			68.6044378899803	-54.2900259129361
			68.5607963900503	-54.2900259129361
			68.5171548901203	-54.2900259129361
			68.4735133901903	-54.2900259129361
			68.4298718902603	-54.2900259129361
			68.3862303903303	-54.2900259129361
			68.3425888904003	-54.2900259129361
			68.2989473904703	-54.2900259129361
			68.2553058905402	-54.2900259129361
			68.2116643906102	-54.2900259129361
			68.1680228906802	-54.2900259129361
			68.1243813907502	-54.2900259129361
			68.0807398908202	-54.2900259129361
			68.0370983908902	-54.2900259129361
			67.9934568909602	-54.2900259129361
			67.9498153910302	-54.2900259129361
			67.9061738911001	-54.2900259129361
			67.8625323911701	-54.2900259129361
			67.8188908912401	-54.2900259129361
			67.7752493913101	-54.2900259129361
			67.7316078913801	-54.2900259129361
			67.6879663914501	-54.3336674128661
			67.6443248915201	-54.3336674128661
			67.6006833915901	-54.3336674128661
			67.55704189166	-54.3336674128661
			67.51340039173	-54.3336674128661
			67.4697588918	-54.3336674128661
			67.42611739187	-54.3336674128661
			67.38247589194	-54.3336674128661
			67.33883439201	-54.3336674128661
			67.29519289208	-54.3336674128661
			67.2515513921499	-54.3336674128661
			67.2079098922199	-54.3336674128661
			67.1642683922899	-54.3336674128661
			67.1206268923599	-54.3336674128661
			67.0769853924299	-54.3336674128661
			67.0333438924999	-54.3336674128661
			66.9897023925699	-54.3336674128661
			66.9460608926398	-54.3336674128661
			66.9024193927098	-54.3336674128661
			66.8587778927798	-54.3336674128661
			66.8151363928498	-54.3336674128661
			66.7714948929198	-54.3336674128661
			66.7278533929898	-54.3336674128661
			66.6842118930598	-54.3336674128661
			66.6405703931298	-54.3336674128661
			66.5969288931997	-54.3336674128661
			66.5532873932697	-54.3336674128661
			66.5096458933397	-54.3336674128661
			66.4660043934097	-54.3336674128661
			66.4223628934797	-54.3336674128661
			66.3787213935497	-54.3773089127961
			66.3350798936197	-54.3773089127961
			66.2914383936897	-54.3773089127961
			66.2477968937596	-54.3773089127961
			66.2041553938296	-54.3773089127961
			66.1605138938996	-54.3773089127961
			66.1168723939696	-54.3773089127961
			66.0732308940396	-54.3773089127961
			66.0295893941096	-54.3773089127961
			65.9859478941796	-54.3773089127961
			65.9423063942496	-54.3773089127961
			65.8986648943195	-54.3773089127961
			65.8550233943895	-54.3773089127961
			65.8113818944595	-54.3773089127961
			65.7677403945295	-54.3773089127961
			65.7240988945995	-54.3773089127961
			65.6804573946695	-54.3773089127961
			65.6368158947395	-54.3773089127961
			65.5931743948095	-54.3773089127961
			65.5495328948794	-54.3773089127961
			65.5058913949494	-54.3773089127961
			65.4622498950194	-54.3773089127961
			65.4186083950894	-54.3773089127961
			65.3749668951594	-54.3773089127961
			65.3313253952294	-54.3773089127961
			65.2876838952994	-54.3773089127961
			65.2440423953693	-54.3773089127961
			65.2004008954393	-54.3773089127961
			65.1567593955093	-54.3773089127961
			65.1131178955793	-54.3773089127961
			65.0694763956493	-54.3773089127961
			65.0258348957193	-54.3773089127961
			64.9821933957893	-54.3773089127961
			64.9385518958593	-54.4209504127261
			64.8949103959292	-54.4209504127261
			64.8512688959992	-54.4209504127261
			64.8076273960692	-54.4209504127261
			64.7639858961392	-54.4209504127261
			64.7203443962092	-54.4209504127261
			64.6767028962792	-54.4209504127261
			64.6330613963492	-54.4209504127261
			64.5894198964192	-54.4209504127261
			64.5457783964891	-54.4209504127261
			64.5021368965591	-54.4209504127261
			64.4584953966291	-54.4209504127261
			64.4148538966991	-54.4209504127261
			64.3712123967691	-54.4209504127261
			64.3275708968391	-54.4209504127261
			64.2839293969091	-54.4209504127261
			64.2402878969791	-54.4209504127261
			64.196646397049	-54.4209504127261
			64.153004897119	-54.4209504127261
			64.109363397189	-54.4209504127261
			64.065721897259	-54.4209504127261
			64.022080397329	-54.4209504127261
			63.978438897399	-54.4209504127261
			63.934797397469	-54.4209504127261
			63.8911558975389	-54.4209504127261
			63.8475143976089	-54.4209504127261
			63.8038728976789	-54.4209504127261
			63.7602313977489	-54.4209504127261
			63.7165898978189	-54.4209504127261
			63.6729483978889	-54.4209504127261
			63.6293068979589	-54.4209504127261
			63.5856653980289	-54.4209504127261
			63.5420238980988	-54.4209504127261
			63.4983823981688	-54.4209504127261
			63.4547408982388	-54.4209504127261
			63.4110993983088	-54.4645919126562
			63.3674578983788	-54.4645919126562
			63.3238163984488	-54.4645919126562
			63.2801748985188	-54.4645919126562
			63.2365333985888	-54.4645919126562
			63.1928918986587	-54.4645919126562
			63.1492503987287	-54.4645919126562
			63.1056088987987	-54.4645919126562
			63.0619673988687	-54.4645919126562
			63.0183258989387	-54.4645919126562
			62.9746843990087	-54.4645919126562
			62.9310428990787	-54.4645919126562
			62.8874013991487	-54.4645919126562
			62.8437598992186	-54.4645919126562
			62.8001183992886	-54.4645919126562
			62.7564768993586	-54.4645919126562
			62.7128353994286	-54.4645919126562
			62.6691938994986	-54.4645919126562
			62.6255523995686	-54.4645919126562
			62.5819108996386	-54.4645919126562
			62.5382693997085	-54.4645919126562
			62.4946278997785	-54.4645919126562
			62.4509863998485	-54.4645919126562
			62.4073448999185	-54.4645919126562
			62.3637033999885	-54.4645919126562
			62.3200619000585	-54.4645919126562
			62.2764204001285	-54.4645919126562
			62.2327789001985	-54.4645919126562
			62.1891374002684	-54.5082334125862
			62.1454959003384	-54.5082334125862
			62.1018544004084	-54.5082334125862
			62.0582129004784	-54.5082334125862
			62.0145714005484	-54.5082334125862
			61.9709299006184	-54.5082334125862
			61.9272884006884	-54.5082334125862
			61.8836469007584	-54.5082334125862
			61.8400054008283	-54.5082334125862
			61.7963639008983	-54.5082334125862
			61.7527224009683	-54.5082334125862
			61.7090809010383	-54.5082334125862
			61.6654394011083	-54.5082334125862
			61.6217979011783	-54.5082334125862
			61.5781564012483	-54.5082334125862
			61.5345149013182	-54.5082334125862
			61.4908734013882	-54.5082334125862
			61.4472319014582	-54.5082334125862
			61.4035904015282	-54.5082334125862
			61.3599489015982	-54.5518749125162
			61.3163074016682	-54.5518749125162
			61.2726659017382	-54.5518749125162
			61.2290244018082	-54.5518749125162
			61.1853829018781	-54.5518749125162
			61.1417414019481	-54.5518749125162
			61.0980999020181	-54.5518749125162
			61.0544584020881	-54.5518749125162
			61.0108169021581	-54.5518749125162
			60.9671754022281	-54.5518749125162
			60.9235339022981	-54.5518749125162
			60.8798924023681	-54.5518749125162
			60.836250902438	-54.5518749125162
			60.792609402508	-54.5518749125162
			60.748967902578	-54.5518749125162
			60.705326402648	-54.5518749125162
			60.661684902718	-54.5518749125162
			60.618043402788	-54.5518749125162
			60.574401902858	-54.5518749125162
			60.530760402928	-54.5518749125162
			60.4871189029979	-54.5518749125162
			60.4434774030679	-54.5955164124462
			60.3998359031379	-54.5955164124462
			60.3561944032079	-54.5955164124462
			60.3125529032779	-54.5955164124462
			60.2689114033479	-54.5955164124462
			60.2252699034179	-54.5955164124462
			60.1816284034878	-54.5955164124462
			60.1379869035578	-54.5955164124462
			60.0943454036278	-54.5955164124462
			60.0507039036978	-54.5955164124462
			60.0070624037678	-54.5955164124462
			59.9634209038378	-54.5955164124462
			59.9197794039078	-54.5955164124462
			59.8761379039778	-54.5955164124462
			59.8324964040477	-54.5955164124462
			59.7888549041177	-54.5955164124462
			59.7452134041877	-54.5955164124462
			59.7015719042577	-54.5955164124462
			59.6579304043277	-54.5955164124462
			59.6142889043977	-54.5955164124462
			59.5706474044677	-54.5955164124462
			59.5270059045377	-54.5955164124462
			59.4833644046076	-54.5955164124462
			59.4397229046776	-54.5955164124462
			59.3960814047476	-54.6391579123762
			59.3524399048176	-54.6391579123762
			59.3087984048876	-54.6391579123762
			59.2651569049576	-54.6391579123762
			59.2215154050276	-54.6391579123762
			59.1778739050975	-54.6391579123762
			59.1342324051675	-54.6391579123762
			59.0905909052375	-54.6391579123762
			59.0469494053075	-54.6391579123762
			59.0033079053775	-54.6391579123762
			58.9596664054475	-54.6391579123762
			58.9160249055175	-54.6391579123762
			58.8723834055875	-54.6391579123762
			58.8287419056574	-54.6391579123762
			58.7851004057274	-54.6391579123762
			58.7414589057974	-54.6391579123762
			58.6978174058674	-54.6391579123762
			58.6541759059374	-54.6391579123762
			58.6105344060074	-54.6391579123762
			58.5668929060774	-54.6391579123762
			58.5232514061474	-54.6391579123762
			58.4796099062173	-54.6391579123762
			58.4359684062873	-54.6391579123762
			58.3923269063573	-54.6391579123762
			58.3486854064273	-54.6391579123762
			58.3050439064973	-54.6391579123762
			58.2614024065673	-54.6391579123762
			58.2177609066373	-54.6827994123062
			58.1741194067072	-54.6827994123062
			58.1304779067772	-54.6827994123062
			58.0868364068472	-54.6827994123062
			58.0431949069172	-54.6827994123062
			57.9995534069872	-54.6827994123062
			57.9559119070572	-54.6827994123062
			57.9122704071272	-54.6827994123062
			57.8686289071972	-54.6827994123062
			57.8249874072671	-54.6827994123062
			57.7813459073371	-54.6827994123062
			57.7377044074071	-54.6827994123062
			57.6940629074771	-54.6827994123062
			57.6504214075471	-54.6827994123062
			57.6067799076171	-54.6827994123062
			57.5631384076871	-54.6827994123062
			57.5194969077571	-54.6827994123062
			57.475855407827	-54.6827994123062
			57.432213907897	-54.6827994123062
			57.388572407967	-54.6827994123062
			57.344930908037	-54.6827994123062
			57.301289408107	-54.6827994123062
			57.257647908177	-54.6827994123062
			57.214006408247	-54.6827994123062
			57.170364908317	-54.6827994123062
			57.1267234083869	-54.6827994123062
			57.0830819084569	-54.6827994123062
			57.0394404085269	-54.6827994123062
			56.9957989085969	-54.6827994123062
			56.9521574086669	-54.6827994123062
			56.9085159087369	-54.6827994123062
			56.8648744088069	-54.7264409122362
			56.8212329088769	-54.7264409122362
			56.7775914089468	-54.7264409122362
			56.7339499090168	-54.7264409122362
			56.6903084090868	-54.7264409122362
			56.6466669091568	-54.7264409122362
			56.6030254092268	-54.7264409122362
			56.5593839092968	-54.7264409122362
			56.5157424093668	-54.7264409122362
			56.4721009094367	-54.7264409122362
			56.4284594095067	-54.7264409122362
			56.3848179095767	-54.7264409122362
			56.3411764096467	-54.7264409122362
			56.2975349097167	-54.7264409122362
			56.2538934097867	-54.7264409122362
			56.2102519098567	-54.7264409122362
			56.1666104099267	-54.7264409122362
			56.1229689099966	-54.7264409122362
			56.0793274100666	-54.7264409122362
			56.0356859101366	-54.7264409122362
			55.9920444102066	-54.7264409122362
			55.9484029102766	-54.7264409122362
			55.9047614103466	-54.7264409122362
			55.8611199104166	-54.7264409122362
			55.8174784104866	-54.7264409122362
			55.7738369105565	-54.7264409122362
			55.7301954106265	-54.7264409122362
			55.6865539106965	-54.7264409122362
			55.6429124107665	-54.7264409122362
			55.5992709108365	-54.7264409122362
			55.5556294109065	-54.7264409122362
			55.5119879109765	-54.7264409122362
			55.4683464110464	-54.7264409122362
			55.4247049111164	-54.7264409122362
			55.3810634111864	-54.7264409122362
			55.3374219112564	-54.7264409122362
			55.2937804113264	-54.7264409122362
			55.2501389113964	-54.7264409122362
			55.2064974114664	-54.7700824121662
			55.1628559115364	-54.7700824121662
			55.1192144116063	-54.7700824121662
			55.0755729116763	-54.7700824121662
			55.0319314117463	-54.7700824121662
			54.9882899118163	-54.7700824121662
			54.9446484118863	-54.7700824121662
			54.9010069119563	-54.7700824121662
			54.8573654120263	-54.7700824121662
			54.8137239120963	-54.7700824121662
			54.7700824121662	-54.7700824121662
			54.7264409122362	-54.7700824121662
			54.6827994123062	-54.7700824121662
			54.6391579123762	-54.7700824121662
			54.5955164124462	-54.7700824121662
			54.5518749125162	-54.7700824121662
			54.5082334125862	-54.7700824121662
			54.4645919126562	-54.7700824121662
			54.4209504127261	-54.7700824121662
			54.3773089127961	-54.7700824121662
			54.3336674128661	-54.7700824121662
			54.2900259129361	-54.7700824121662
			54.2463844130061	-54.7700824121662
			54.2027429130761	-54.7700824121662
			54.1591014131461	-54.7700824121662
			54.115459913216	-54.7700824121662
			54.071818413286	-54.7700824121662
			54.028176913356	-54.7700824121662
			53.984535413426	-54.7700824121662
			53.940893913496	-54.7700824121662
			53.897252413566	-54.7700824121662
			53.853610913636	-54.7700824121662
			53.809969413706	-54.7700824121662
			53.7663279137759	-54.7700824121662
			53.7226864138459	-54.7700824121662
			53.6790449139159	-54.7700824121662
			53.6354034139859	-54.7700824121662
			53.5917619140559	-54.7700824121662
			53.5481204141259	-54.7700824121662
			53.5044789141959	-54.7700824121662
			53.4608374142659	-54.7700824121662
			53.4171959143358	-54.7700824121662
			53.3735544144058	-54.7700824121662
			53.3299129144758	-54.7700824121662
			53.2862714145458	-54.7700824121662
			53.2426299146158	-54.7700824121662
			53.1989884146858	-54.7700824121662
			53.1553469147558	-54.7700824121662
			53.1117054148257	-54.8137239120963
			53.0680639148957	-54.8137239120963
			53.0244224149657	-54.8137239120963
			52.9807809150357	-54.8137239120963
			52.9371394151057	-54.8137239120963
			52.8934979151757	-54.8137239120963
			52.8498564152457	-54.8137239120963
			52.8062149153157	-54.8137239120963
			52.7625734153856	-54.8137239120963
			52.7189319154556	-54.8137239120963
			52.6752904155256	-54.8137239120963
			52.6316489155956	-54.8137239120963
			52.5880074156656	-54.8137239120963
			52.5443659157356	-54.8137239120963
			52.5007244158056	-54.8137239120963
			52.4570829158756	-54.8137239120963
			52.4134414159455	-54.8137239120963
			52.3697999160155	-54.8137239120963
			52.3261584160855	-54.8137239120963
			52.2825169161555	-54.8137239120963
			52.2388754162255	-54.8137239120963
			52.1952339162955	-54.8137239120963
			52.1515924163655	-54.8137239120963
			52.1079509164355	-54.8137239120963
			52.0643094165054	-54.8137239120963
			52.0206679165754	-54.8137239120963
			51.9770264166454	-54.8137239120963
			51.9333849167154	-54.8137239120963
			51.8897434167854	-54.8137239120963
			51.8461019168554	-54.8137239120963
			51.8024604169254	-54.8137239120963
			51.7588189169954	-54.8137239120963
			51.7151774170653	-54.8137239120963
			51.6715359171353	-54.8137239120963
			51.6278944172053	-54.8137239120963
			51.5842529172753	-54.8137239120963
			51.5406114173453	-54.8137239120963
			51.4969699174153	-54.8137239120963
			51.4533284174853	-54.8137239120963
			51.4096869175552	-54.8137239120963
			51.3660454176252	-54.8137239120963
			51.3224039176952	-54.8137239120963
			51.2787624177652	-54.8137239120963
			51.2351209178352	-54.8137239120963
			51.1914794179052	-54.8137239120963
			51.1478379179752	-54.8137239120963
			51.1041964180452	-54.8137239120963
			51.0605549181151	-54.8137239120963
			51.0169134181851	-54.8137239120963
			50.9732719182551	-54.8137239120963
			50.9296304183251	-54.8137239120963
			50.8859889183951	-54.8137239120963
			50.8423474184651	-54.8137239120963
			50.7987059185351	-54.8137239120963
			50.7550644186051	-54.8137239120963
			50.711422918675	-54.8137239120963
			50.667781418745	-54.8137239120963
			50.624139918815	-54.8137239120963
			50.580498418885	-54.8137239120963
			50.536856918955	-54.8137239120963
			50.493215419025	-54.8137239120963
			50.449573919095	-54.8137239120963
			50.4059324191649	-54.8137239120963
			50.3622909192349	-54.8137239120963
			50.3186494193049	-54.8137239120963
			50.2750079193749	-54.8137239120963
			50.2313664194449	-54.8137239120963
			50.1877249195149	-54.8137239120963
			50.1440834195849	-54.8137239120963
			50.1004419196549	-54.8137239120963
			50.0568004197248	-54.8137239120963
			50.0131589197948	-54.8573654120263
			49.9695174198648	-54.8573654120263
			49.9258759199348	-54.8573654120263
			49.8822344200048	-54.8573654120263
			49.8385929200748	-54.8573654120263
			49.7949514201448	-54.8573654120263
			49.7513099202148	-54.8573654120263
			49.7076684202847	-54.8573654120263
			49.6640269203547	-54.8573654120263
			49.6203854204247	-54.8573654120263
			49.5767439204947	-54.8573654120263
			49.5331024205647	-54.8573654120263
			49.4894609206347	-54.8573654120263
			49.4458194207047	-54.8573654120263
			49.4021779207746	-54.8573654120263
			49.3585364208446	-54.8573654120263
			49.3148949209146	-54.8573654120263
			49.2712534209846	-54.8573654120263
			49.2276119210546	-54.8573654120263
			49.1839704211246	-54.8573654120263
			49.1403289211946	-54.8573654120263
			49.0966874212646	-54.8573654120263
			49.0530459213345	-54.8573654120263
			49.0094044214045	-54.8573654120263
			48.9657629214745	-54.8573654120263
			48.9221214215445	-54.8573654120263
			48.8784799216145	-54.8573654120263
			48.8348384216845	-54.8573654120263
			48.7911969217545	-54.8573654120263
			48.7475554218245	-54.8573654120263
			48.7039139218944	-54.8573654120263
			48.6602724219644	-54.8573654120263
			48.6166309220344	-54.8573654120263
			48.5729894221044	-54.8573654120263
			48.5293479221744	-54.8573654120263
			48.4857064222444	-54.8573654120263
			48.4420649223144	-54.8573654120263
			48.3984234223844	-54.8573654120263
			48.3547819224543	-54.8573654120263
			48.3111404225243	-54.8573654120263
			48.2674989225943	-54.8573654120263
			48.2238574226643	-54.8573654120263
			48.1802159227343	-54.8573654120263
			48.1365744228043	-54.8573654120263
			48.0929329228743	-54.8573654120263
			48.0492914229443	-54.8573654120263
			48.0056499230142	-54.8573654120263
			47.9620084230842	-54.8573654120263
			47.9183669231542	-54.8573654120263
			47.8747254232242	-54.8573654120263
			47.8310839232942	-54.8573654120263
			47.7874424233642	-54.8573654120263
			47.7438009234342	-54.8573654120263
			47.7001594235041	-54.8573654120263
			47.6565179235741	-54.8573654120263
			47.6128764236441	-54.8573654120263
			47.5692349237141	-54.8573654120263
			47.5255934237841	-54.8573654120263
			47.4819519238541	-54.8573654120263
			47.4383104239241	-54.8573654120263
			47.3946689239941	-54.8573654120263
			47.351027424064	-54.8573654120263
			47.307385924134	-54.8573654120263
			47.263744424204	-54.8573654120263
			47.220102924274	-54.8573654120263
			47.176461424344	-54.8573654120263
			47.132819924414	-54.8573654120263
			47.089178424484	-54.8573654120263
			47.045536924554	-54.8573654120263
			47.0018954246239	-54.8573654120263
			46.9582539246939	-54.8573654120263
			46.9146124247639	-54.8573654120263
			46.8709709248339	-54.8573654120263
			46.8273294249039	-54.8573654120263
			46.7836879249739	-54.8573654120263
			46.7400464250439	-54.8573654120263
			46.6964049251138	-54.8573654120263
			46.6527634251838	-54.8573654120263
			46.6091219252538	-54.9010069119563
			46.5654804253238	-54.9010069119563
			46.5218389253938	-54.9010069119563
			46.4781974254638	-54.9010069119563
			46.4345559255338	-54.9010069119563
			46.3909144256038	-54.9010069119563
			46.3472729256737	-54.9010069119563
			46.3036314257437	-54.9010069119563
			46.2599899258137	-54.9010069119563
			46.2163484258837	-54.9010069119563
			46.1727069259537	-54.9010069119563
			46.1290654260237	-54.9010069119563
			46.0854239260937	-54.9010069119563
			46.0417824261637	-54.9010069119563
			45.9981409262336	-54.9010069119563
			45.9544994263036	-54.9010069119563
			45.9108579263736	-54.9010069119563
			45.8672164264436	-54.9010069119563
			45.8235749265136	-54.9010069119563
			45.7799334265836	-54.9010069119563
			45.7362919266536	-54.9446484118863
			45.6926504267236	-54.9446484118863
			45.6490089267935	-54.9446484118863
			45.6053674268635	-54.9446484118863
			45.5617259269335	-54.9446484118863
			45.5180844270035	-54.9446484118863
			45.4744429270735	-54.9446484118863
			45.4308014271435	-54.9446484118863
			45.3871599272135	-54.9446484118863
			45.3435184272834	-54.9446484118863
			45.2998769273534	-54.9446484118863
			45.2562354274234	-54.9446484118863
			45.2125939274934	-54.9446484118863
			45.1689524275634	-54.9446484118863
			45.1253109276334	-54.9446484118863
			45.0816694277034	-54.9446484118863
			45.0380279277734	-54.9446484118863
			44.9943864278433	-54.9446484118863
			44.9507449279133	-54.9882899118163
			44.9071034279833	-54.9882899118163
			44.8634619280533	-54.9882899118163
			44.8198204281233	-54.9882899118163
			44.7761789281933	-54.9882899118163
			44.7325374282633	-54.9882899118163
			44.6888959283333	-54.9882899118163
			44.6452544284032	-54.9882899118163
			44.6016129284732	-54.9882899118163
			44.5579714285432	-54.9882899118163
			44.5143299286132	-54.9882899118163
			44.4706884286832	-54.9882899118163
			44.4270469287532	-54.9882899118163
			44.3834054288232	-54.9882899118163
			44.3397639288931	-54.9882899118163
			44.2961224289631	-54.9882899118163
			44.2524809290331	-55.0319314117463
			44.2088394291031	-55.0319314117463
			44.1651979291731	-55.0319314117463
			44.1215564292431	-55.0319314117463
			44.0779149293131	-55.0319314117463
			44.0342734293831	-55.0319314117463
			43.990631929453	-55.0319314117463
			43.946990429523	-55.0319314117463
			43.903348929593	-55.0319314117463
			43.859707429663	-55.0319314117463
			43.816065929733	-55.0319314117463
			43.772424429803	-55.0319314117463
			43.728782929873	-55.0319314117463
			43.685141429943	-55.0319314117463
			43.6414999300129	-55.0319314117463
			43.5978584300829	-55.0319314117463
			43.5542169301529	-55.0755729116763
			43.5105754302229	-55.0755729116763
			43.4669339302929	-55.0755729116763
			43.4232924303629	-55.0755729116763
			43.3796509304329	-55.0755729116763
			43.3360094305028	-55.0755729116763
			43.2923679305728	-55.0755729116763
			43.2487264306428	-55.0755729116763
			43.2050849307128	-55.0755729116763
			43.1614434307828	-55.0755729116763
			43.1178019308528	-55.0755729116763
			43.0741604309228	-55.0755729116763
			43.0305189309928	-55.0755729116763
			42.9868774310627	-55.0755729116763
			42.9432359311327	-55.0755729116763
			42.8995944312027	-55.1192144116063
			42.8559529312727	-55.1192144116063
			42.8123114313427	-55.1192144116063
			42.7686699314127	-55.1192144116063
			42.7250284314827	-55.1192144116063
			42.6813869315527	-55.1192144116063
			42.6377454316226	-55.1192144116063
			42.5941039316926	-55.1192144116063
			42.5504624317626	-55.1192144116063
			42.5068209318326	-55.1192144116063
			42.4631794319026	-55.1192144116063
			42.4195379319726	-55.1192144116063
			42.3758964320426	-55.1192144116063
			42.3322549321126	-55.1628559115364
			42.2886134321825	-55.1628559115364
			42.2449719322525	-55.1628559115364
			42.2013304323225	-55.1628559115364
			42.1576889323925	-55.1628559115364
			42.1140474324625	-55.1628559115364
			42.0704059325325	-55.1628559115364
			42.0267644326025	-55.1628559115364
			41.9831229326725	-55.1628559115364
			41.9394814327424	-55.1628559115364
			41.8958399328124	-55.1628559115364
			41.8521984328824	-55.1628559115364
			41.8085569329524	-55.1628559115364
			41.7649154330224	-55.2064974114664
			41.7212739330924	-55.2064974114664
			41.6776324331624	-55.2064974114664
			41.6339909332323	-55.2064974114664
			41.5903494333023	-55.2064974114664
			41.5467079333723	-55.2064974114664
			41.5030664334423	-55.2064974114664
			41.4594249335123	-55.2064974114664
			41.4157834335823	-55.2064974114664
			41.3721419336523	-55.2064974114664
			41.3285004337223	-55.2064974114664
			41.2848589337922	-55.2064974114664
			41.2412174338622	-55.2501389113964
			41.1975759339322	-55.2501389113964
			41.1539344340022	-55.2501389113964
			41.1102929340722	-55.2501389113964
			41.0666514341422	-55.2501389113964
			41.0230099342122	-55.2501389113964
			40.9793684342822	-55.2501389113964
			40.9357269343521	-55.2501389113964
			40.8920854344221	-55.2501389113964
			40.8484439344921	-55.2501389113964
			40.8048024345621	-55.2501389113964
			40.7611609346321	-55.2501389113964
			40.7175194347021	-55.2937804113264
			40.6738779347721	-55.2937804113264
			40.630236434842	-55.2937804113264
			40.586594934912	-55.2937804113264
			40.542953434982	-55.2937804113264
			40.499311935052	-55.2937804113264
			40.455670435122	-55.2937804113264
			40.412028935192	-55.2937804113264
			40.368387435262	-55.2937804113264
			40.324745935332	-55.2937804113264
			40.2811044354019	-55.2937804113264
			40.2374629354719	-55.2937804113264
			40.1938214355419	-55.3374219112564
			40.1501799356119	-55.3374219112564
			40.1065384356819	-55.3374219112564
			40.0628969357519	-55.3374219112564
			40.0192554358219	-55.3374219112564
			39.9756139358919	-55.3374219112564
			39.9319724359618	-55.3374219112564
			39.8883309360318	-55.3374219112564
			39.8446894361018	-55.3374219112564
			39.8010479361718	-55.3374219112564
			39.7574064362418	-55.3374219112564
			39.7137649363118	-55.3810634111864
			39.6701234363818	-55.3810634111864
			39.6264819364518	-55.3810634111864
			39.5828404365217	-55.3810634111864
			39.5391989365917	-55.3810634111864
			39.4955574366617	-55.3810634111864
		</c2>
	</curves.scaled>
	<ruler.points type=matrix rownames=TRUE colnames=FALSE nrow=2 ncol=2 as.numeric=TRUE >
		Ruler point 1	2063	309
		Ruler point 2	2292	301
	</ruler.points>
</shapes>

