<shapes type=list>
	<ruler.pixel type=vector names=FALSE length=1 as.numeric=TRUE >230.034779979028</ruler.pixel>
	<ruler.interval type=vector names=FALSE length=1 as.numeric=TRUE >10</ruler.interval>
	<scaling type=vector names=FALSE length=1 as.numeric=TRUE >0.0434716871983953</scaling>
	<landmarks.pixel type=matrix rownames=TRUE colnames=FALSE nrow=2 ncol=2 as.numeric=TRUE >
		LM1	1013	1104
		LM2	1903	1137
	</landmarks.pixel>
	<landmarks.scaled type=matrix rownames=TRUE colnames=FALSE nrow=2 ncol=2 as.numeric=TRUE >
		LM1	44.0368191319744	-47.9927426670284
		LM2	82.7266207385462	-49.4273083445754
	</landmarks.scaled>
	<curves.control type=list>
		<c1 type=matrix rownames=FALSE colnames=FALSE nrow=13 ncol=2 as.numeric=TRUE >
			1013	1104
			1055	1052
			1127	1013
			1149	963
			1280	882
			1352	839
			1480	810
			1711	796
			1795	967
			1814	1000
			1830	1025
			1894	1089
			1903	1137
		</c1>
		<c2 type=matrix rownames=FALSE colnames=FALSE nrow=15 ncol=2 as.numeric=TRUE >
			1903	1137
			1820	1103
			1716	1111
			1641	1119
			1580	1098
			1513	1111
			1451	1093
			1370	1120
			1316	1092
			1256	1108
			1195	1096
			1142	1112
			1093	1098
			1054	1116
			1013	1104
		</c2>
	</curves.control>
	<curves.pixel type=list>
		<c1 type=matrix rownames=FALSE colnames=FALSE nrow=1055 ncol=2 as.numeric=TRUE >
			1013	1104
			1013	1103
			1014	1103
			1014	1102
			1015	1102
			1015	1101
			1016	1101
			1016	1100
			1017	1100
			1017	1099
			1018	1098
			1019	1097
			1020	1096
			1021	1095
			1022	1094
			1023	1093
			1024	1092
			1025	1091
			1026	1090
			1026	1089
			1027	1088
			1028	1087
			1029	1086
			1030	1085
			1030	1084
			1031	1084
			1032	1083
			1033	1082
			1033	1081
			1034	1081
			1035	1080
			1036	1079
			1036	1078
			1037	1078
			1038	1077
			1039	1076
			1039	1075
			1040	1075
			1041	1074
			1042	1073
			1042	1072
			1043	1072
			1044	1071
			1045	1070
			1046	1070
			1046	1069
			1047	1068
			1048	1067
			1049	1067
			1050	1066
			1050	1065
			1051	1065
			1052	1064
			1053	1063
			1054	1062
			1055	1062
			1055	1061
			1056	1060
			1057	1060
			1058	1059
			1059	1058
			1060	1058
			1060	1057
			1061	1056
			1062	1056
			1063	1055
			1064	1054
			1065	1053
			1066	1053
			1067	1052
			1067	1051
			1068	1051
			1069	1050
			1070	1049
			1071	1049
			1072	1048
			1073	1047
			1074	1047
			1075	1046
			1075	1045
			1076	1045
			1077	1044
			1078	1043
			1079	1043
			1080	1042
			1081	1041
			1082	1041
			1083	1040
			1084	1039
			1085	1039
			1086	1038
			1087	1037
			1088	1037
			1089	1036
			1090	1036
			1090	1035
			1091	1034
			1092	1034
			1093	1033
			1094	1032
			1095	1032
			1096	1031
			1097	1030
			1098	1030
			1099	1029
			1100	1029
			1101	1028
			1102	1027
			1103	1027
			1104	1026
			1105	1025
			1106	1025
			1107	1024
			1108	1024
			1109	1023
			1110	1023
			1111	1022
			1112	1021
			1113	1021
			1114	1020
			1115	1020
			1116	1019
			1117	1019
			1117	1018
			1118	1018
			1119	1017
			1120	1017
			1121	1017
			1121	1016
			1122	1016
			1123	1015
			1124	1015
			1124	1014
			1125	1014
			1126	1014
			1127	1013
			1127	1012
			1128	1011
			1128	1010
			1129	1009
			1130	1008
			1130	1007
			1131	1006
			1131	1005
			1131	1004
			1132	1004
			1132	1003
			1133	1002
			1134	1001
			1134	1000
			1135	999
			1136	998
			1136	997
			1137	996
			1137	995
			1138	994
			1139	994
			1139	993
			1140	992
			1141	991
			1142	990
			1142	989
			1143	988
			1144	987
			1144	986
			1145	986
			1146	985
			1147	984
			1148	983
			1148	982
			1149	981
			1150	980
			1151	979
			1152	978
			1153	977
			1154	976
			1155	975
			1156	974
			1157	973
			1157	972
			1158	972
			1159	971
			1160	970
			1161	969
			1162	968
			1163	967
			1164	966
			1165	965
			1166	964
			1167	963
			1168	963
			1169	962
			1169	961
			1170	960
			1171	960
			1172	959
			1173	958
			1174	958
			1174	957
			1175	956
			1176	955
			1177	955
			1178	954
			1179	953
			1180	952
			1181	952
			1181	951
			1182	950
			1183	949
			1184	949
			1185	948
			1186	947
			1187	946
			1188	946
			1189	945
			1190	944
			1191	943
			1192	943
			1193	942
			1194	941
			1195	940
			1196	939
			1197	939
			1198	938
			1199	937
			1200	936
			1201	935
			1202	935
			1203	934
			1204	933
			1205	932
			1206	931
			1207	931
			1208	930
			1209	929
			1210	929
			1211	928
			1212	927
			1213	926
			1214	926
			1215	925
			1216	924
			1217	924
			1218	923
			1219	922
			1220	921
			1221	921
			1222	920
			1223	919
			1224	918
			1225	918
			1226	917
			1227	916
			1228	916
			1229	915
			1230	914
			1231	914
			1232	913
			1233	912
			1234	912
			1235	911
			1236	911
			1236	910
			1237	910
			1238	909
			1239	909
			1240	908
			1240	907
			1241	907
			1242	906
			1243	906
			1244	905
			1245	904
			1246	904
			1247	903
			1248	902
			1249	902
			1250	901
			1251	900
			1252	900
			1253	899
			1254	898
			1255	898
			1256	897
			1257	896
			1258	896
			1259	895
			1260	894
			1261	894
			1262	893
			1263	892
			1264	892
			1265	891
			1266	890
			1267	890
			1268	890
			1268	889
			1269	889
			1270	888
			1271	888
			1272	887
			1273	886
			1274	886
			1275	885
			1276	884
			1277	884
			1278	883
			1279	883
			1280	882
			1281	881
			1282	881
			1283	880
			1284	880
			1285	879
			1286	878
			1287	878
			1288	877
			1289	877
			1290	876
			1291	875
			1292	875
			1293	875
			1294	874
			1295	874
			1295	873
			1296	873
			1297	872
			1298	872
			1299	872
			1300	871
			1301	870
			1302	870
			1303	869
			1304	869
			1305	868
			1306	868
			1307	867
			1308	867
			1309	866
			1310	866
			1311	865
			1312	865
			1313	865
			1313	864
			1314	864
			1315	864
			1315	863
			1316	863
			1317	863
			1317	862
			1318	862
			1319	862
			1320	861
			1321	861
			1322	860
			1323	860
			1324	859
			1325	859
			1326	859
			1326	858
			1327	858
			1328	858
			1329	857
			1330	857
			1331	856
			1332	856
			1333	855
			1334	855
			1335	855
			1336	854
			1337	854
			1338	853
			1339	853
			1340	852
			1341	852
			1342	852
			1343	851
			1344	851
			1345	850
			1346	850
			1347	850
			1348	849
			1349	849
			1350	848
			1351	848
			1352	848
			1353	847
			1354	847
			1355	847
			1355	846
			1356	846
			1357	846
			1358	845
			1359	845
			1360	845
			1361	844
			1362	844
			1363	844
			1364	843
			1365	843
			1366	842
			1367	842
			1368	842
			1369	841
			1370	841
			1371	841
			1372	840
			1373	840
			1374	840
			1375	839
			1376	839
			1377	839
			1377	838
			1378	838
			1379	838
			1380	837
			1381	837
			1382	837
			1383	836
			1384	836
			1385	836
			1386	836
			1387	835
			1388	835
			1389	835
			1390	834
			1391	834
			1392	834
			1393	833
			1394	833
			1395	833
			1396	832
			1397	832
			1398	832
			1399	831
			1400	831
			1401	831
			1402	830
			1403	830
			1404	830
			1405	830
			1406	829
			1407	829
			1408	829
			1409	828
			1410	828
			1411	828
			1412	828
			1413	827
			1414	827
			1415	827
			1416	826
			1417	826
			1418	826
			1419	826
			1419	825
			1420	825
			1421	825
			1422	825
			1423	824
			1424	824
			1425	824
			1426	824
			1427	823
			1428	823
			1429	823
			1430	823
			1431	822
			1432	822
			1433	822
			1434	821
			1435	821
			1436	821
			1437	821
			1438	820
			1439	820
			1440	820
			1441	820
			1442	819
			1443	819
			1444	819
			1445	818
			1446	818
			1447	818
			1448	818
			1449	817
			1450	817
			1451	817
			1452	817
			1453	816
			1454	816
			1455	816
			1456	816
			1457	815
			1458	815
			1459	815
			1460	815
			1461	814
			1462	814
			1463	814
			1464	814
			1465	814
			1465	813
			1466	813
			1467	813
			1468	813
			1469	813
			1469	812
			1470	812
			1471	812
			1472	812
			1473	812
			1474	811
			1475	811
			1476	811
			1477	811
			1478	811
			1479	810
			1480	810
			1481	810
			1482	810
			1483	810
			1484	810
			1485	810
			1486	810
			1487	810
			1488	810
			1489	810
			1490	809
			1491	809
			1492	809
			1493	809
			1494	809
			1495	809
			1496	809
			1497	809
			1498	809
			1499	809
			1500	809
			1501	809
			1502	809
			1503	809
			1504	809
			1505	809
			1506	809
			1507	809
			1508	809
			1509	809
			1510	809
			1511	809
			1512	809
			1513	809
			1514	809
			1515	809
			1516	809
			1517	809
			1518	809
			1519	809
			1520	809
			1521	809
			1522	809
			1523	809
			1524	809
			1525	809
			1526	809
			1527	809
			1528	809
			1529	809
			1530	809
			1531	809
			1532	809
			1533	809
			1534	809
			1535	809
			1536	809
			1537	809
			1538	809
			1539	810
			1540	810
			1541	810
			1542	810
			1543	810
			1544	810
			1545	810
			1546	810
			1547	810
			1548	810
			1549	810
			1550	810
			1551	810
			1552	810
			1553	810
			1554	811
			1555	811
			1556	811
			1557	811
			1558	811
			1559	811
			1560	811
			1561	811
			1562	811
			1563	811
			1564	811
			1565	812
			1566	812
			1567	812
			1568	812
			1569	812
			1570	812
			1571	812
			1572	813
			1573	813
			1574	813
			1575	813
			1576	813
			1577	813
			1578	813
			1579	813
			1580	814
			1581	814
			1582	814
			1583	814
			1584	814
			1585	814
			1586	814
			1587	815
			1588	815
			1589	815
			1590	815
			1591	815
			1592	816
			1593	816
			1594	816
			1595	816
			1596	816
			1597	817
			1598	817
			1599	817
			1600	817
			1601	817
			1602	818
			1603	818
			1604	818
			1605	818
			1606	818
			1607	819
			1608	819
			1609	819
			1610	819
			1611	819
			1612	820
			1613	820
			1614	820
			1615	820
			1615	821
			1616	821
			1617	821
			1618	821
			1619	822
			1620	822
			1621	822
			1622	822
			1623	823
			1624	823
			1625	823
			1626	824
			1627	824
			1628	824
			1629	824
			1630	825
			1631	825
			1632	825
			1633	826
			1634	826
			1635	826
			1636	827
			1637	827
			1638	827
			1639	828
			1640	828
			1641	828
			1642	829
			1643	829
			1644	829
			1645	830
			1646	830
			1647	830
			1648	831
			1649	831
			1650	831
			1651	832
			1652	833
			1653	833
			1654	833
			1655	833
			1655	834
			1656	834
			1657	834
			1657	835
			1658	835
			1659	835
			1660	836
			1661	836
			1662	837
			1663	837
			1664	837
			1665	838
			1666	838
			1667	839
			1668	839
			1669	840
			1670	840
			1671	840
			1671	841
			1672	841
			1673	842
			1674	842
			1675	843
			1676	843
			1677	844
			1678	844
			1679	844
			1679	845
			1680	845
			1681	846
			1682	846
			1683	847
			1684	847
			1685	848
			1686	849
			1687	849
			1688	850
			1689	850
			1690	851
			1691	852
			1692	852
			1693	853
			1694	853
			1695	854
			1696	855
			1697	855
			1698	856
			1699	857
			1700	857
			1701	858
			1702	858
			1703	859
			1704	860
			1705	860
			1706	861
			1707	862
			1708	862
			1709	863
			1710	864
			1711	864
			1712	865
			1713	866
			1714	866
			1715	867
			1715	868
			1716	869
			1717	869
			1718	870
			1719	871
			1720	871
			1721	872
			1722	873
			1723	874
			1724	874
			1725	875
			1725	876
			1726	877
			1727	877
			1728	878
			1729	879
			1730	880
			1731	880
			1732	881
			1732	882
			1733	883
			1734	884
			1735	884
			1736	885
			1737	886
			1738	887
			1738	888
			1739	888
			1740	889
			1741	890
			1742	891
			1742	892
			1743	893
			1744	893
			1745	894
			1746	895
			1747	896
			1747	897
			1748	898
			1749	899
			1750	899
			1751	900
			1751	901
			1752	902
			1753	903
			1754	904
			1754	905
			1755	906
			1756	906
			1757	907
			1757	908
			1758	909
			1759	910
			1760	911
			1760	912
			1761	913
			1762	914
			1763	915
			1763	916
			1764	917
			1765	918
			1766	919
			1766	920
			1767	921
			1768	922
			1769	923
			1770	924
			1770	925
			1771	926
			1772	927
			1773	928
			1773	929
			1774	930
			1774	931
			1775	932
			1776	933
			1776	934
			1777	935
			1778	936
			1779	937
			1779	938
			1779	939
			1780	939
			1780	940
			1781	941
			1781	942
			1782	943
			1783	944
			1783	945
			1784	946
			1784	947
			1785	947
			1785	948
			1785	949
			1786	950
			1786	951
			1787	951
			1787	952
			1788	953
			1788	954
			1789	955
			1789	956
			1790	956
			1790	957
			1790	958
			1791	959
			1791	960
			1792	961
			1793	962
			1793	963
			1794	964
			1794	965
			1795	966
			1795	967
			1795	968
			1796	969
			1797	970
			1797	971
			1798	972
			1798	973
			1799	974
			1800	975
			1800	976
			1801	977
			1801	978
			1802	979
			1802	980
			1803	980
			1803	981
			1804	982
			1804	983
			1805	984
			1805	985
			1806	986
			1806	987
			1807	988
			1808	988
			1808	989
			1809	990
			1809	991
			1810	992
			1810	993
			1811	994
			1811	995
			1812	995
			1812	996
			1813	997
			1813	998
			1814	999
			1814	1000
			1815	1000
			1815	1001
			1816	1002
			1816	1003
			1817	1004
			1817	1005
			1818	1005
			1818	1006
			1819	1007
			1819	1008
			1820	1009
			1821	1010
			1821	1011
			1822	1012
			1822	1013
			1823	1014
			1824	1015
			1824	1016
			1825	1017
			1825	1018
			1826	1018
			1826	1019
			1827	1020
			1828	1021
			1828	1022
			1829	1023
			1829	1024
			1830	1025
			1831	1026
			1832	1027
			1833	1028
			1834	1029
			1835	1030
			1836	1031
			1837	1032
			1838	1033
			1839	1034
			1840	1035
			1841	1036
			1842	1037
			1842	1038
			1843	1039
			1844	1040
			1845	1041
			1846	1042
			1847	1042
			1848	1043
			1848	1044
			1849	1045
			1850	1046
			1851	1047
			1852	1048
			1852	1049
			1853	1050
			1854	1051
			1855	1052
			1856	1053
			1857	1054
			1858	1055
			1859	1056
			1859	1057
			1860	1057
			1860	1058
			1861	1059
			1862	1060
			1863	1061
			1864	1062
			1864	1063
			1865	1064
			1866	1065
			1867	1066
			1867	1067
			1868	1068
			1869	1069
			1869	1070
			1870	1071
			1871	1071
			1871	1072
			1872	1073
			1873	1074
			1873	1075
			1874	1076
			1875	1077
			1875	1078
			1876	1079
			1877	1080
			1878	1081
			1878	1082
			1879	1083
			1880	1084
			1881	1085
			1881	1086
			1881	1087
			1882	1087
			1882	1088
			1883	1089
			1883	1090
			1884	1091
			1885	1092
			1885	1093
			1886	1094
			1886	1095
			1887	1095
			1887	1096
			1887	1097
			1888	1097
			1888	1098
			1889	1099
			1889	1100
			1890	1101
			1890	1102
			1891	1103
			1891	1104
			1892	1105
			1892	1106
			1893	1107
			1893	1108
			1894	1109
			1894	1110
			1895	1111
			1895	1112
			1896	1113
			1896	1114
			1896	1115
			1897	1116
			1897	1117
			1898	1118
			1898	1119
			1898	1120
			1899	1121
			1899	1122
			1899	1123
			1900	1124
			1900	1125
			1900	1126
			1901	1127
			1901	1128
			1901	1129
			1901	1130
			1902	1131
			1902	1132
			1902	1133
			1902	1134
			1903	1135
			1903	1136
			1903	1137
		</c1>
		<c2 type=matrix rownames=FALSE colnames=FALSE nrow=900 ncol=2 as.numeric=TRUE >
			1903	1137
			1902	1136
			1901	1136
			1900	1136
			1899	1136
			1899	1135
			1898	1135
			1897	1135
			1896	1134
			1895	1134
			1894	1133
			1893	1133
			1892	1133
			1891	1132
			1890	1132
			1889	1132
			1888	1131
			1887	1131
			1886	1131
			1885	1130
			1884	1130
			1883	1130
			1882	1129
			1881	1129
			1880	1128
			1879	1128
			1878	1128
			1877	1127
			1876	1127
			1875	1127
			1874	1127
			1873	1126
			1872	1126
			1871	1126
			1870	1125
			1869	1125
			1868	1125
			1867	1124
			1866	1124
			1865	1124
			1864	1124
			1863	1123
			1862	1123
			1861	1123
			1860	1122
			1859	1122
			1858	1122
			1857	1122
			1856	1121
			1855	1121
			1854	1121
			1853	1121
			1852	1121
			1851	1120
			1850	1120
			1849	1120
			1848	1120
			1847	1119
			1846	1119
			1845	1119
			1844	1119
			1843	1118
			1842	1118
			1841	1118
			1840	1118
			1839	1118
			1838	1118
			1837	1117
			1836	1117
			1835	1117
			1834	1117
			1833	1117
			1833	1116
			1832	1116
			1831	1116
			1830	1116
			1829	1116
			1828	1116
			1827	1115
			1826	1115
			1825	1115
			1824	1115
			1823	1115
			1822	1115
			1821	1114
			1820	1114
			1819	1114
			1818	1114
			1817	1114
			1816	1114
			1815	1114
			1814	1113
			1813	1113
			1812	1113
			1811	1113
			1810	1113
			1809	1113
			1808	1113
			1807	1113
			1806	1112
			1805	1112
			1804	1112
			1803	1112
			1802	1112
			1801	1112
			1800	1112
			1799	1112
			1798	1112
			1797	1111
			1796	1111
			1795	1111
			1794	1111
			1793	1111
			1792	1111
			1791	1111
			1790	1111
			1789	1111
			1788	1111
			1787	1111
			1786	1110
			1785	1110
			1784	1110
			1783	1110
			1782	1110
			1781	1110
			1780	1110
			1779	1110
			1778	1110
			1777	1110
			1776	1110
			1775	1110
			1774	1110
			1773	1110
			1772	1110
			1771	1110
			1770	1110
			1769	1110
			1768	1110
			1767	1110
			1766	1110
			1765	1110
			1764	1110
			1763	1110
			1762	1110
			1761	1110
			1760	1110
			1759	1109
			1758	1109
			1757	1109
			1756	1109
			1755	1109
			1754	1109
			1753	1109
			1752	1109
			1751	1109
			1750	1109
			1749	1110
			1748	1110
			1747	1110
			1746	1110
			1745	1110
			1744	1110
			1743	1110
			1742	1110
			1741	1110
			1740	1110
			1739	1110
			1738	1110
			1737	1110
			1736	1110
			1735	1110
			1734	1110
			1733	1110
			1732	1110
			1731	1110
			1730	1110
			1729	1110
			1728	1110
			1727	1110
			1726	1110
			1725	1110
			1724	1110
			1723	1111
			1722	1111
			1721	1111
			1720	1111
			1719	1111
			1718	1111
			1717	1111
			1716	1111
			1715	1111
			1714	1111
			1713	1111
			1712	1111
			1711	1112
			1710	1112
			1709	1112
			1708	1112
			1707	1112
			1706	1112
			1705	1112
			1704	1112
			1703	1112
			1702	1112
			1701	1112
			1700	1112
			1699	1112
			1698	1113
			1697	1113
			1696	1113
			1695	1113
			1694	1113
			1693	1113
			1692	1113
			1691	1113
			1690	1113
			1689	1113
			1688	1113
			1687	1113
			1686	1113
			1685	1113
			1684	1113
			1683	1113
			1682	1113
			1681	1113
			1680	1113
			1679	1113
			1678	1113
			1677	1113
			1676	1113
			1675	1113
			1674	1113
			1673	1113
			1672	1113
			1671	1113
			1670	1113
			1669	1113
			1668	1113
			1667	1113
			1666	1113
			1665	1113
			1664	1113
			1663	1113
			1662	1113
			1661	1113
			1660	1113
			1659	1113
			1658	1113
			1657	1113
			1656	1113
			1655	1113
			1654	1112
			1653	1112
			1652	1112
			1651	1112
			1650	1112
			1649	1112
			1648	1112
			1647	1112
			1646	1112
			1645	1112
			1644	1112
			1643	1112
			1642	1112
			1641	1111
			1640	1111
			1639	1111
			1638	1111
			1637	1111
			1636	1111
			1635	1111
			1634	1111
			1633	1110
			1632	1110
			1631	1110
			1630	1110
			1629	1110
			1628	1110
			1627	1110
			1626	1109
			1625	1109
			1624	1109
			1623	1109
			1622	1109
			1621	1109
			1620	1108
			1619	1108
			1618	1108
			1617	1108
			1616	1108
			1615	1107
			1614	1107
			1613	1107
			1612	1107
			1611	1107
			1610	1106
			1609	1106
			1608	1106
			1607	1106
			1606	1105
			1605	1105
			1604	1105
			1603	1105
			1602	1105
			1601	1104
			1600	1104
			1599	1104
			1598	1104
			1597	1103
			1596	1103
			1595	1103
			1594	1102
			1593	1102
			1592	1102
			1591	1101
			1590	1101
			1589	1101
			1588	1101
			1587	1100
			1586	1100
			1585	1100
			1584	1099
			1583	1099
			1582	1099
			1581	1098
			1580	1098
			1579	1098
			1578	1098
			1577	1099
			1576	1099
			1575	1099
			1574	1099
			1573	1099
			1572	1099
			1571	1100
			1570	1100
			1569	1100
			1568	1100
			1567	1100
			1566	1100
			1565	1101
			1564	1101
			1563	1101
			1562	1101
			1561	1101
			1560	1101
			1559	1101
			1558	1101
			1557	1102
			1556	1102
			1555	1102
			1554	1102
			1553	1102
			1552	1102
			1551	1102
			1550	1102
			1549	1102
			1548	1102
			1547	1103
			1546	1103
			1545	1103
			1544	1103
			1543	1103
			1542	1103
			1541	1103
			1540	1103
			1539	1103
			1538	1103
			1537	1103
			1536	1103
			1535	1103
			1534	1103
			1533	1103
			1532	1103
			1531	1103
			1530	1103
			1529	1103
			1528	1103
			1527	1103
			1526	1103
			1525	1103
			1524	1103
			1523	1103
			1522	1103
			1521	1103
			1520	1103
			1519	1103
			1518	1103
			1517	1103
			1516	1103
			1515	1103
			1514	1103
			1513	1103
			1512	1103
			1511	1103
			1510	1103
			1509	1103
			1508	1103
			1507	1103
			1506	1103
			1505	1103
			1504	1103
			1503	1103
			1502	1102
			1501	1102
			1500	1102
			1499	1102
			1498	1102
			1497	1102
			1496	1102
			1495	1102
			1494	1102
			1493	1102
			1492	1101
			1491	1101
			1490	1101
			1489	1101
			1488	1101
			1487	1101
			1486	1101
			1485	1100
			1484	1100
			1483	1100
			1482	1100
			1481	1100
			1480	1100
			1479	1100
			1478	1099
			1477	1099
			1476	1099
			1475	1099
			1474	1099
			1473	1098
			1472	1098
			1471	1098
			1470	1098
			1469	1098
			1468	1097
			1467	1097
			1466	1097
			1465	1097
			1464	1096
			1463	1096
			1462	1096
			1461	1096
			1460	1095
			1459	1095
			1458	1095
			1457	1095
			1456	1094
			1455	1094
			1454	1094
			1453	1094
			1452	1093
			1451	1093
			1450	1093
			1449	1094
			1448	1094
			1447	1094
			1446	1095
			1445	1095
			1444	1095
			1443	1096
			1442	1096
			1441	1096
			1440	1096
			1439	1097
			1438	1097
			1437	1097
			1436	1098
			1435	1098
			1434	1098
			1433	1098
			1432	1099
			1431	1099
			1430	1099
			1429	1099
			1428	1100
			1427	1100
			1426	1100
			1425	1100
			1424	1101
			1423	1101
			1422	1101
			1421	1101
			1420	1102
			1419	1102
			1418	1102
			1417	1102
			1416	1102
			1415	1103
			1414	1103
			1413	1103
			1412	1103
			1411	1103
			1410	1103
			1410	1104
			1409	1104
			1408	1104
			1407	1104
			1406	1104
			1405	1104
			1404	1104
			1403	1105
			1402	1105
			1401	1105
			1400	1105
			1399	1105
			1398	1105
			1397	1105
			1396	1105
			1395	1105
			1394	1106
			1393	1106
			1392	1106
			1391	1106
			1390	1106
			1389	1106
			1388	1106
			1387	1106
			1386	1106
			1385	1106
			1384	1106
			1383	1106
			1382	1106
			1381	1106
			1380	1106
			1379	1106
			1378	1106
			1377	1106
			1376	1106
			1375	1106
			1374	1106
			1373	1106
			1372	1106
			1371	1106
			1370	1106
			1369	1106
			1368	1106
			1367	1106
			1366	1106
			1365	1106
			1364	1106
			1363	1106
			1362	1105
			1361	1105
			1360	1105
			1359	1105
			1358	1105
			1357	1105
			1356	1105
			1355	1105
			1354	1104
			1353	1104
			1352	1104
			1351	1104
			1350	1104
			1349	1104
			1348	1103
			1347	1103
			1346	1103
			1345	1103
			1344	1102
			1343	1102
			1342	1102
			1341	1102
			1340	1101
			1339	1101
			1338	1101
			1337	1100
			1336	1100
			1335	1100
			1334	1100
			1333	1099
			1332	1099
			1331	1098
			1330	1098
			1329	1098
			1328	1097
			1327	1097
			1326	1097
			1325	1096
			1324	1096
			1323	1095
			1322	1095
			1321	1095
			1321	1094
			1320	1094
			1319	1094
			1318	1093
			1317	1092
			1316	1092
			1315	1092
			1314	1092
			1313	1093
			1312	1093
			1311	1093
			1310	1093
			1309	1094
			1308	1094
			1307	1094
			1306	1094
			1305	1095
			1304	1095
			1303	1095
			1302	1095
			1301	1095
			1301	1096
			1300	1096
			1299	1096
			1298	1096
			1297	1096
			1296	1096
			1296	1097
			1295	1097
			1294	1097
			1293	1097
			1292	1097
			1291	1097
			1291	1098
			1290	1098
			1289	1098
			1288	1098
			1287	1098
			1286	1098
			1285	1098
			1284	1099
			1283	1099
			1282	1099
			1281	1099
			1280	1099
			1279	1099
			1278	1099
			1277	1099
			1276	1100
			1275	1100
			1274	1100
			1273	1100
			1272	1100
			1271	1100
			1270	1100
			1269	1100
			1268	1100
			1267	1100
			1266	1100
			1265	1101
			1264	1101
			1263	1101
			1262	1101
			1261	1101
			1260	1101
			1259	1101
			1258	1101
			1257	1101
			1256	1101
			1255	1101
			1254	1101
			1253	1101
			1252	1101
			1251	1101
			1250	1101
			1249	1101
			1248	1101
			1247	1101
			1246	1101
			1245	1101
			1244	1101
			1243	1101
			1242	1101
			1241	1101
			1240	1101
			1239	1101
			1238	1101
			1237	1101
			1236	1101
			1235	1101
			1234	1101
			1233	1101
			1232	1101
			1231	1101
			1230	1101
			1229	1101
			1228	1100
			1227	1100
			1226	1100
			1225	1100
			1224	1100
			1223	1100
			1222	1100
			1221	1100
			1220	1100
			1219	1100
			1218	1100
			1217	1099
			1216	1099
			1215	1099
			1214	1099
			1213	1099
			1212	1099
			1211	1099
			1210	1099
			1209	1098
			1208	1098
			1207	1098
			1206	1098
			1205	1098
			1204	1098
			1203	1097
			1202	1097
			1201	1097
			1200	1097
			1199	1097
			1198	1097
			1197	1096
			1196	1096
			1195	1096
			1194	1096
			1193	1097
			1192	1097
			1191	1097
			1190	1097
			1190	1098
			1189	1098
			1188	1098
			1187	1098
			1186	1098
			1185	1099
			1184	1099
			1183	1099
			1182	1100
			1181	1100
			1180	1100
			1179	1100
			1178	1100
			1177	1101
			1176	1101
			1175	1101
			1174	1101
			1173	1101
			1172	1102
			1171	1102
			1170	1102
			1169	1102
			1168	1102
			1167	1102
			1166	1103
			1165	1103
			1164	1103
			1163	1103
			1162	1103
			1161	1103
			1160	1103
			1159	1104
			1158	1104
			1157	1104
			1156	1104
			1155	1104
			1154	1104
			1153	1104
			1152	1104
			1151	1104
			1150	1104
			1149	1104
			1148	1104
			1147	1104
			1146	1104
			1145	1104
			1144	1104
			1143	1105
			1142	1105
			1141	1105
			1140	1105
			1139	1105
			1138	1105
			1137	1105
			1136	1104
			1135	1104
			1134	1104
			1133	1104
			1132	1104
			1131	1104
			1130	1104
			1129	1104
			1128	1104
			1127	1104
			1126	1104
			1125	1104
			1124	1104
			1123	1104
			1122	1104
			1121	1103
			1120	1103
			1119	1103
			1118	1103
			1117	1103
			1116	1103
			1115	1103
			1114	1103
			1113	1102
			1112	1102
			1111	1102
			1110	1102
			1109	1102
			1108	1102
			1107	1101
			1106	1101
			1105	1101
			1104	1101
			1103	1101
			1102	1100
			1101	1100
			1100	1100
			1099	1099
			1098	1099
			1097	1099
			1096	1099
			1095	1098
			1094	1098
			1093	1098
			1092	1098
			1092	1099
			1091	1099
			1090	1099
			1089	1100
			1088	1100
			1087	1101
			1086	1101
			1085	1101
			1084	1102
			1083	1102
			1082	1103
			1081	1103
			1080	1103
			1079	1103
			1078	1104
			1077	1104
			1076	1104
			1075	1105
			1074	1105
			1073	1105
			1072	1106
			1071	1106
			1070	1106
			1069	1106
			1068	1107
			1067	1107
			1066	1107
			1065	1107
			1064	1107
			1063	1107
			1062	1108
			1061	1108
			1060	1108
			1059	1108
			1058	1108
			1057	1108
			1056	1108
			1055	1108
			1054	1108
			1053	1109
			1052	1109
			1051	1109
			1050	1109
			1049	1109
			1048	1109
			1047	1109
			1046	1109
			1045	1109
			1044	1109
			1043	1109
			1042	1109
			1041	1109
			1040	1109
			1039	1109
			1038	1109
			1037	1108
			1036	1108
			1035	1108
			1034	1108
			1033	1108
			1032	1108
			1031	1108
			1030	1108
			1029	1108
			1028	1107
			1027	1107
			1026	1107
			1025	1107
			1024	1107
			1023	1107
			1022	1106
			1021	1106
			1020	1106
			1019	1106
			1018	1105
			1017	1105
			1016	1105
			1015	1105
			1014	1104
			1013	1104
		</c2>
	</curves.pixel>
	<curves.scaled type=list>
		<c1 type=matrix rownames=FALSE colnames=FALSE nrow=1055 ncol=2 as.numeric=TRUE >
			44.0368191319744	-47.9927426670284
			44.0368191319744	-47.94927097983
			44.0802908191728	-47.94927097983
			44.0802908191728	-47.9057992926316
			44.1237625063712	-47.9057992926316
			44.1237625063712	-47.8623276054332
			44.1672341935696	-47.8623276054332
			44.1672341935696	-47.8188559182348
			44.210705880768	-47.8188559182348
			44.210705880768	-47.7753842310364
			44.2541775679664	-47.731912543838
			44.2976492551648	-47.6884408566396
			44.3411209423632	-47.6449691694412
			44.3845926295616	-47.6014974822428
			44.42806431676	-47.5580257950444
			44.4715360039583	-47.514554107846
			44.5150076911567	-47.4710824206476
			44.5584793783551	-47.4276107334492
			44.6019510655535	-47.3841390462508
			44.6019510655535	-47.3406673590524
			44.6454227527519	-47.297195671854
			44.6888944399503	-47.2537239846557
			44.7323661271487	-47.2102522974573
			44.7758378143471	-47.1667806102589
			44.7758378143471	-47.1233089230605
			44.8193095015455	-47.1233089230605
			44.8627811887439	-47.0798372358621
			44.9062528759423	-47.0363655486637
			44.9062528759423	-46.9928938614653
			44.9497245631407	-46.9928938614653
			44.9931962503391	-46.9494221742669
			45.0366679375375	-46.9059504870685
			45.0366679375375	-46.8624787998701
			45.0801396247359	-46.8624787998701
			45.1236113119343	-46.8190071126717
			45.1670829991327	-46.7755354254733
			45.1670829991327	-46.7320637382749
			45.2105546863311	-46.7320637382749
			45.2540263735295	-46.6885920510765
			45.2974980607279	-46.6451203638781
			45.2974980607279	-46.6016486766797
			45.3409697479263	-46.6016486766797
			45.3844414351246	-46.5581769894813
			45.427913122323	-46.5147053022829
			45.4713848095214	-46.5147053022829
			45.4713848095214	-46.4712336150845
			45.5148564967198	-46.4277619278861
			45.5583281839182	-46.3842902406877
			45.6017998711166	-46.3842902406877
			45.645271558315	-46.3408185534893
			45.645271558315	-46.297346866291
			45.6887432455134	-46.297346866291
			45.7322149327118	-46.2538751790926
			45.7756866199102	-46.2104034918942
			45.8191583071086	-46.1669318046958
			45.862629994307	-46.1669318046958
			45.862629994307	-46.1234601174974
			45.9061016815054	-46.079988430299
			45.9495733687038	-46.079988430299
			45.9930450559022	-46.0365167431006
			46.0365167431006	-45.9930450559022
			46.079988430299	-45.9930450559022
			46.079988430299	-45.9495733687038
			46.1234601174974	-45.9061016815054
			46.1669318046958	-45.9061016815054
			46.2104034918942	-45.862629994307
			46.2538751790926	-45.8191583071086
			46.297346866291	-45.7756866199102
			46.3408185534893	-45.7756866199102
			46.3842902406877	-45.7322149327118
			46.3842902406877	-45.6887432455134
			46.4277619278861	-45.6887432455134
			46.4712336150845	-45.645271558315
			46.5147053022829	-45.6017998711166
			46.5581769894813	-45.6017998711166
			46.6016486766797	-45.5583281839182
			46.6451203638781	-45.5148564967198
			46.6885920510765	-45.5148564967198
			46.7320637382749	-45.4713848095214
			46.7320637382749	-45.427913122323
			46.7755354254733	-45.427913122323
			46.8190071126717	-45.3844414351246
			46.8624787998701	-45.3409697479263
			46.9059504870685	-45.3409697479263
			46.9494221742669	-45.2974980607279
			46.9928938614653	-45.2540263735295
			47.0363655486637	-45.2540263735295
			47.0798372358621	-45.2105546863311
			47.1233089230605	-45.1670829991327
			47.1667806102589	-45.1670829991327
			47.2102522974573	-45.1236113119343
			47.2537239846557	-45.0801396247359
			47.297195671854	-45.0801396247359
			47.3406673590524	-45.0366679375375
			47.3841390462508	-45.0366679375375
			47.3841390462508	-44.9931962503391
			47.4276107334492	-44.9497245631407
			47.4710824206476	-44.9497245631407
			47.514554107846	-44.9062528759423
			47.5580257950444	-44.8627811887439
			47.6014974822428	-44.8627811887439
			47.6449691694412	-44.8193095015455
			47.6884408566396	-44.7758378143471
			47.731912543838	-44.7758378143471
			47.7753842310364	-44.7323661271487
			47.8188559182348	-44.7323661271487
			47.8623276054332	-44.6888944399503
			47.9057992926316	-44.6454227527519
			47.94927097983	-44.6454227527519
			47.9927426670284	-44.6019510655535
			48.0362143542268	-44.5584793783551
			48.0796860414252	-44.5584793783551
			48.1231577286236	-44.5150076911567
			48.166629415822	-44.5150076911567
			48.2101011030203	-44.4715360039583
			48.2535727902187	-44.4715360039583
			48.2970444774171	-44.42806431676
			48.3405161646155	-44.3845926295616
			48.3839878518139	-44.3845926295616
			48.4274595390123	-44.3411209423632
			48.4709312262107	-44.3411209423632
			48.5144029134091	-44.2976492551648
			48.5578746006075	-44.2976492551648
			48.5578746006075	-44.2541775679664
			48.6013462878059	-44.2541775679664
			48.6448179750043	-44.210705880768
			48.6882896622027	-44.210705880768
			48.7317613494011	-44.210705880768
			48.7317613494011	-44.1672341935696
			48.7752330365995	-44.1672341935696
			48.8187047237979	-44.1237625063712
			48.8621764109963	-44.1237625063712
			48.8621764109963	-44.0802908191728
			48.9056480981947	-44.0802908191728
			48.9491197853931	-44.0802908191728
			48.9925914725915	-44.0368191319744
			48.9925914725915	-43.993347444776
			49.0360631597899	-43.9498757575776
			49.0360631597899	-43.9064040703792
			49.0795348469882	-43.8629323831808
			49.1230065341866	-43.8194606959824
			49.1230065341866	-43.775989008784
			49.166478221385	-43.7325173215856
			49.166478221385	-43.6890456343872
			49.166478221385	-43.6455739471888
			49.2099499085834	-43.6455739471888
			49.2099499085834	-43.6021022599904
			49.2534215957818	-43.558630572792
			49.2968932829802	-43.5151588855937
			49.2968932829802	-43.4716871983953
			49.3403649701786	-43.4282155111969
			49.383836657377	-43.3847438239985
			49.383836657377	-43.3412721368001
			49.4273083445754	-43.2978004496017
			49.4273083445754	-43.2543287624033
			49.4707800317738	-43.2108570752049
			49.5142517189722	-43.2108570752049
			49.5142517189722	-43.1673853880065
			49.5577234061706	-43.1239137008081
			49.601195093369	-43.0804420136097
			49.6446667805674	-43.0369703264113
			49.6446667805674	-42.9934986392129
			49.6881384677658	-42.9500269520145
			49.7316101549642	-42.9065552648161
			49.7316101549642	-42.8630835776177
			49.7750818421626	-42.8630835776177
			49.818553529361	-42.8196118904193
			49.8620252165594	-42.7761402032209
			49.9054969037578	-42.7326685160225
			49.9054969037578	-42.6891968288241
			49.9489685909562	-42.6457251416258
			49.9924402781545	-42.6022534544274
			50.0359119653529	-42.558781767229
			50.0793836525513	-42.5153100800306
			50.1228553397497	-42.4718383928322
			50.1663270269481	-42.4283667056338
			50.2097987141465	-42.3848950184354
			50.2532704013449	-42.341423331237
			50.2967420885433	-42.2979516440386
			50.2967420885433	-42.2544799568402
			50.3402137757417	-42.2544799568402
			50.3836854629401	-42.2110082696418
			50.4271571501385	-42.1675365824434
			50.4706288373369	-42.124064895245
			50.5141005245353	-42.0805932080466
			50.5575722117337	-42.0371215208482
			50.6010438989321	-41.9936498336498
			50.6445155861305	-41.9501781464514
			50.6879872733289	-41.906706459253
			50.7314589605273	-41.8632347720546
			50.7749306477257	-41.8632347720546
			50.8184023349241	-41.8197630848562
			50.8184023349241	-41.7762913976578
			50.8618740221225	-41.7328197104595
			50.9053457093208	-41.7328197104595
			50.9488173965192	-41.6893480232611
			50.9922890837176	-41.6458763360627
			51.035760770916	-41.6458763360627
			51.035760770916	-41.6024046488643
			51.0792324581144	-41.5589329616659
			51.1227041453128	-41.5154612744675
			51.1661758325112	-41.5154612744675
			51.2096475197096	-41.4719895872691
			51.253119206908	-41.4285179000707
			51.2965908941064	-41.3850462128723
			51.3400625813048	-41.3850462128723
			51.3400625813048	-41.3415745256739
			51.3835342685032	-41.2981028384755
			51.4270059557016	-41.2546311512771
			51.4704776429	-41.2546311512771
			51.5139493300984	-41.2111594640787
			51.5574210172968	-41.1676877768803
			51.6008927044952	-41.1242160896819
			51.6443643916936	-41.1242160896819
			51.687836078892	-41.0807444024835
			51.7313077660904	-41.0372727152851
			51.7747794532888	-40.9938010280867
			51.8182511404871	-40.9938010280867
			51.8617228276855	-40.9503293408883
			51.9051945148839	-40.9068576536899
			51.9486662020823	-40.8633859664915
			51.9921378892807	-40.8199142792932
			52.0356095764791	-40.8199142792932
			52.0790812636775	-40.7764425920948
			52.1225529508759	-40.7329709048964
			52.1660246380743	-40.689499217698
			52.2094963252727	-40.6460275304996
			52.2529680124711	-40.6460275304996
			52.2964396996695	-40.6025558433012
			52.3399113868679	-40.5590841561028
			52.3833830740663	-40.5156124689044
			52.4268547612647	-40.472140781706
			52.4703264484631	-40.472140781706
			52.5137981356615	-40.4286690945076
			52.5572698228599	-40.3851974073092
			52.6007415100583	-40.3851974073092
			52.6442131972567	-40.3417257201108
			52.6876848844551	-40.2982540329124
			52.7311565716535	-40.254782345714
			52.7746282588518	-40.254782345714
			52.8180999460502	-40.2113106585156
			52.8615716332486	-40.1678389713172
			52.905043320447	-40.1678389713172
			52.9485150076454	-40.1243672841188
			52.9919866948438	-40.0808955969204
			53.0354583820422	-40.037423909722
			53.0789300692406	-40.037423909722
			53.122401756439	-39.9939522225236
			53.1658734436374	-39.9504805353252
			53.2093451308358	-39.9070088481268
			53.2528168180342	-39.9070088481268
			53.2962885052326	-39.8635371609285
			53.339760192431	-39.8200654737301
			53.3832318796294	-39.8200654737301
			53.4267035668278	-39.7765937865317
			53.4701752540262	-39.7331220993333
			53.5136469412246	-39.7331220993333
			53.557118628423	-39.6896504121349
			53.6005903156214	-39.6461787249365
			53.6440620028198	-39.6461787249365
			53.6875336900181	-39.6027070377381
			53.7310053772165	-39.6027070377381
			53.7310053772165	-39.5592353505397
			53.7744770644149	-39.5592353505397
			53.8179487516133	-39.5157636633413
			53.8614204388117	-39.5157636633413
			53.9048921260101	-39.4722919761429
			53.9048921260101	-39.4288202889445
			53.9483638132085	-39.4288202889445
			53.9918355004069	-39.3853486017461
			54.0353071876053	-39.3853486017461
			54.0787788748037	-39.3418769145477
			54.1222505620021	-39.2984052273493
			54.1657222492005	-39.2984052273493
			54.2091939363989	-39.2549335401509
			54.2526656235973	-39.2114618529525
			54.2961373107957	-39.2114618529525
			54.3396089979941	-39.1679901657541
			54.3830806851925	-39.1245184785557
			54.4265523723909	-39.1245184785557
			54.4700240595893	-39.0810467913573
			54.5134957467877	-39.0375751041589
			54.5569674339861	-39.0375751041589
			54.6004391211845	-38.9941034169605
			54.6439108083828	-38.9506317297622
			54.6873824955812	-38.9506317297622
			54.7308541827796	-38.9071600425638
			54.774325869978	-38.8636883553654
			54.8177975571764	-38.8636883553654
			54.8612692443748	-38.820216668167
			54.9047409315732	-38.7767449809686
			54.9482126187716	-38.7767449809686
			54.99168430597	-38.7332732937702
			55.0351559931684	-38.6898016065718
			55.0786276803668	-38.6898016065718
			55.1220993675652	-38.6898016065718
			55.1220993675652	-38.6463299193734
			55.1655710547636	-38.6463299193734
			55.209042741962	-38.602858232175
			55.2525144291604	-38.602858232175
			55.2959861163588	-38.5593865449766
			55.3394578035572	-38.5159148577782
			55.3829294907556	-38.5159148577782
			55.426401177954	-38.4724431705798
			55.4698728651524	-38.4289714833814
			55.5133445523507	-38.4289714833814
			55.5568162395491	-38.385499796183
			55.6002879267475	-38.385499796183
			55.6437596139459	-38.3420281089846
			55.6872313011443	-38.2985564217862
			55.7307029883427	-38.2985564217862
			55.7741746755411	-38.2550847345878
			55.8176463627395	-38.2550847345878
			55.8611180499379	-38.2116130473894
			55.9045897371363	-38.168141360191
			55.9480614243347	-38.168141360191
			55.9915331115331	-38.1246696729926
			56.0350047987315	-38.1246696729926
			56.0784764859299	-38.0811979857942
			56.1219481731283	-38.0377262985958
			56.1654198603267	-38.0377262985958
			56.2088915475251	-38.0377262985958
			56.2523632347235	-37.9942546113975
			56.2958349219219	-37.9942546113975
			56.2958349219219	-37.9507829241991
			56.3393066091203	-37.9507829241991
			56.3827782963187	-37.9073112370007
			56.426249983517	-37.9073112370007
			56.4697216707154	-37.9073112370007
			56.5131933579138	-37.8638395498023
			56.5566650451122	-37.8203678626039
			56.6001367323106	-37.8203678626039
			56.643608419509	-37.7768961754055
			56.6870801067074	-37.7768961754055
			56.7305517939058	-37.7334244882071
			56.7740234811042	-37.7334244882071
			56.8174951683026	-37.6899528010087
			56.860966855501	-37.6899528010087
			56.9044385426994	-37.6464811138103
			56.9479102298978	-37.6464811138103
			56.9913819170962	-37.6030094266119
			57.0348536042946	-37.6030094266119
			57.078325291493	-37.6030094266119
			57.078325291493	-37.5595377394135
			57.1217969786914	-37.5595377394135
			57.1652686658898	-37.5595377394135
			57.1652686658898	-37.5160660522151
			57.2087403530882	-37.5160660522151
			57.2522120402866	-37.5160660522151
			57.2522120402866	-37.4725943650167
			57.295683727485	-37.4725943650167
			57.3391554146833	-37.4725943650167
			57.3826271018817	-37.4291226778183
			57.4260987890801	-37.4291226778183
			57.4695704762785	-37.3856509906199
			57.5130421634769	-37.3856509906199
			57.5565138506753	-37.3421793034215
			57.5999855378737	-37.3421793034215
			57.6434572250721	-37.3421793034215
			57.6434572250721	-37.2987076162231
			57.6869289122705	-37.2987076162231
			57.7304005994689	-37.2987076162231
			57.7738722866673	-37.2552359290247
			57.8173439738657	-37.2552359290247
			57.8608156610641	-37.2117642418263
			57.9042873482625	-37.2117642418263
			57.9477590354609	-37.1682925546279
			57.9912307226593	-37.1682925546279
			58.0347024098577	-37.1682925546279
			58.0781740970561	-37.1248208674296
			58.1216457842545	-37.1248208674296
			58.1651174714529	-37.0813491802312
			58.2085891586513	-37.0813491802312
			58.2520608458496	-37.0378774930328
			58.295532533048	-37.0378774930328
			58.3390042202464	-37.0378774930328
			58.3824759074448	-36.9944058058344
			58.4259475946432	-36.9944058058344
			58.4694192818416	-36.950934118636
			58.51289096904	-36.950934118636
			58.5563626562384	-36.950934118636
			58.5998343434368	-36.9074624314376
			58.6433060306352	-36.9074624314376
			58.6867777178336	-36.8639907442392
			58.730249405032	-36.8639907442392
			58.7737210922304	-36.8639907442392
			58.8171927794288	-36.8205190570408
			58.8606644666272	-36.8205190570408
			58.9041361538256	-36.8205190570408
			58.9041361538256	-36.7770473698424
			58.947607841024	-36.7770473698424
			58.9910795282224	-36.7770473698424
			59.0345512154208	-36.733575682644
			59.0780229026192	-36.733575682644
			59.1214945898176	-36.733575682644
			59.1649662770159	-36.6901039954456
			59.2084379642143	-36.6901039954456
			59.2519096514127	-36.6901039954456
			59.2953813386111	-36.6466323082472
			59.3388530258095	-36.6466323082472
			59.3823247130079	-36.6031606210488
			59.4257964002063	-36.6031606210488
			59.4692680874047	-36.6031606210488
			59.5127397746031	-36.5596889338504
			59.5562114618015	-36.5596889338504
			59.5996831489999	-36.5596889338504
			59.6431548361983	-36.516217246652
			59.6866265233967	-36.516217246652
			59.7300982105951	-36.516217246652
			59.7735698977935	-36.4727455594536
			59.8170415849919	-36.4727455594536
			59.8605132721903	-36.4727455594536
			59.8605132721903	-36.4292738722552
			59.9039849593887	-36.4292738722552
			59.9474566465871	-36.4292738722552
			59.9909283337855	-36.3858021850568
			60.0344000209839	-36.3858021850568
			60.0778717081823	-36.3858021850568
			60.1213433953806	-36.3423304978584
			60.164815082579	-36.3423304978584
			60.2082867697774	-36.3423304978584
			60.2517584569758	-36.3423304978584
			60.2952301441742	-36.29885881066
			60.3387018313726	-36.29885881066
			60.382173518571	-36.29885881066
			60.4256452057694	-36.2553871234616
			60.4691168929678	-36.2553871234616
			60.5125885801662	-36.2553871234616
			60.5560602673646	-36.2119154362633
			60.599531954563	-36.2119154362633
			60.6430036417614	-36.2119154362633
			60.6864753289598	-36.1684437490649
			60.7299470161582	-36.1684437490649
			60.7734187033566	-36.1684437490649
			60.816890390555	-36.1249720618665
			60.8603620777534	-36.1249720618665
			60.9038337649518	-36.1249720618665
			60.9473054521502	-36.0815003746681
			60.9907771393486	-36.0815003746681
			61.0342488265469	-36.0815003746681
			61.0777205137453	-36.0815003746681
			61.1211922009437	-36.0380286874697
			61.1646638881421	-36.0380286874697
			61.2081355753405	-36.0380286874697
			61.2516072625389	-35.9945570002713
			61.2950789497373	-35.9945570002713
			61.3385506369357	-35.9945570002713
			61.3820223241341	-35.9945570002713
			61.4254940113325	-35.9510853130729
			61.4689656985309	-35.9510853130729
			61.5124373857293	-35.9510853130729
			61.5559090729277	-35.9076136258745
			61.5993807601261	-35.9076136258745
			61.6428524473245	-35.9076136258745
			61.6863241345229	-35.9076136258745
			61.6863241345229	-35.8641419386761
			61.7297958217213	-35.8641419386761
			61.7732675089197	-35.8641419386761
			61.8167391961181	-35.8641419386761
			61.8602108833165	-35.8206702514777
			61.9036825705149	-35.8206702514777
			61.9471542577132	-35.8206702514777
			61.9906259449116	-35.8206702514777
			62.03409763211	-35.7771985642793
			62.0775693193084	-35.7771985642793
			62.1210410065068	-35.7771985642793
			62.1645126937052	-35.7771985642793
			62.2079843809036	-35.7337268770809
			62.251456068102	-35.7337268770809
			62.2949277553004	-35.7337268770809
			62.3383994424988	-35.6902551898825
			62.3818711296972	-35.6902551898825
			62.4253428168956	-35.6902551898825
			62.468814504094	-35.6902551898825
			62.5122861912924	-35.6467835026841
			62.5557578784908	-35.6467835026841
			62.5992295656892	-35.6467835026841
			62.6427012528876	-35.6467835026841
			62.686172940086	-35.6033118154857
			62.7296446272844	-35.6033118154857
			62.7731163144828	-35.6033118154857
			62.8165880016812	-35.5598401282873
			62.8600596888795	-35.5598401282873
			62.9035313760779	-35.5598401282873
			62.9470030632763	-35.5598401282873
			62.9904747504747	-35.5163684410889
			63.0339464376731	-35.5163684410889
			63.0774181248715	-35.5163684410889
			63.1208898120699	-35.5163684410889
			63.1643614992683	-35.4728967538905
			63.2078331864667	-35.4728967538905
			63.2513048736651	-35.4728967538905
			63.2947765608635	-35.4728967538905
			63.3382482480619	-35.4294250666921
			63.3817199352603	-35.4294250666921
			63.4251916224587	-35.4294250666921
			63.4686633096571	-35.4294250666921
			63.5121349968555	-35.3859533794937
			63.5556066840539	-35.3859533794937
			63.5990783712523	-35.3859533794937
			63.6425500584507	-35.3859533794937
			63.6860217456491	-35.3859533794937
			63.6860217456491	-35.3424816922953
			63.7294934328475	-35.3424816922953
			63.7729651200458	-35.3424816922953
			63.8164368072442	-35.3424816922953
			63.8599084944426	-35.3424816922953
			63.8599084944426	-35.299010005097
			63.903380181641	-35.299010005097
			63.9468518688394	-35.299010005097
			63.9903235560378	-35.299010005097
			64.0337952432362	-35.299010005097
			64.0772669304346	-35.2555383178986
			64.120738617633	-35.2555383178986
			64.1642103048314	-35.2555383178986
			64.2076819920298	-35.2555383178986
			64.2511536792282	-35.2555383178986
			64.2946253664266	-35.2120666307002
			64.338097053625	-35.2120666307002
			64.3815687408234	-35.2120666307002
			64.4250404280218	-35.2120666307002
			64.4685121152202	-35.2120666307002
			64.5119838024186	-35.2120666307002
			64.555455489617	-35.2120666307002
			64.5989271768154	-35.2120666307002
			64.6423988640138	-35.2120666307002
			64.6858705512121	-35.2120666307002
			64.7293422384105	-35.2120666307002
			64.7728139256089	-35.1685949435018
			64.8162856128073	-35.1685949435018
			64.8597573000057	-35.1685949435018
			64.9032289872041	-35.1685949435018
			64.9467006744025	-35.1685949435018
			64.9901723616009	-35.1685949435018
			65.0336440487993	-35.1685949435018
			65.0771157359977	-35.1685949435018
			65.1205874231961	-35.1685949435018
			65.1640591103945	-35.1685949435018
			65.2075307975929	-35.1685949435018
			65.2510024847913	-35.1685949435018
			65.2944741719897	-35.1685949435018
			65.3379458591881	-35.1685949435018
			65.3814175463865	-35.1685949435018
			65.4248892335849	-35.1685949435018
			65.4683609207833	-35.1685949435018
			65.5118326079817	-35.1685949435018
			65.5553042951801	-35.1685949435018
			65.5987759823784	-35.1685949435018
			65.6422476695768	-35.1685949435018
			65.6857193567752	-35.1685949435018
			65.7291910439736	-35.1685949435018
			65.772662731172	-35.1685949435018
			65.8161344183704	-35.1685949435018
			65.8596061055688	-35.1685949435018
			65.9030777927672	-35.1685949435018
			65.9465494799656	-35.1685949435018
			65.990021167164	-35.1685949435018
			66.0334928543624	-35.1685949435018
			66.0769645415608	-35.1685949435018
			66.1204362287592	-35.1685949435018
			66.1639079159576	-35.1685949435018
			66.207379603156	-35.1685949435018
			66.2508512903544	-35.1685949435018
			66.2943229775528	-35.1685949435018
			66.3377946647512	-35.1685949435018
			66.3812663519496	-35.1685949435018
			66.424738039148	-35.1685949435018
			66.4682097263464	-35.1685949435018
			66.5116814135447	-35.1685949435018
			66.5551531007431	-35.1685949435018
			66.5986247879415	-35.1685949435018
			66.6420964751399	-35.1685949435018
			66.6855681623383	-35.1685949435018
			66.7290398495367	-35.1685949435018
			66.7725115367351	-35.1685949435018
			66.8159832239335	-35.1685949435018
			66.8594549111319	-35.1685949435018
			66.9029265983303	-35.2120666307002
			66.9463982855287	-35.2120666307002
			66.9898699727271	-35.2120666307002
			67.0333416599255	-35.2120666307002
			67.0768133471239	-35.2120666307002
			67.1202850343223	-35.2120666307002
			67.1637567215207	-35.2120666307002
			67.2072284087191	-35.2120666307002
			67.2507000959175	-35.2120666307002
			67.2941717831159	-35.2120666307002
			67.3376434703143	-35.2120666307002
			67.3811151575127	-35.2120666307002
			67.424586844711	-35.2120666307002
			67.4680585319094	-35.2120666307002
			67.5115302191078	-35.2120666307002
			67.5550019063062	-35.2555383178986
			67.5984735935046	-35.2555383178986
			67.641945280703	-35.2555383178986
			67.6854169679014	-35.2555383178986
			67.7288886550998	-35.2555383178986
			67.7723603422982	-35.2555383178986
			67.8158320294966	-35.2555383178986
			67.859303716695	-35.2555383178986
			67.9027754038934	-35.2555383178986
			67.9462470910918	-35.2555383178986
			67.9897187782902	-35.2555383178986
			68.0331904654886	-35.299010005097
			68.076662152687	-35.299010005097
			68.1201338398854	-35.299010005097
			68.1636055270838	-35.299010005097
			68.2070772142822	-35.299010005097
			68.2505489014806	-35.299010005097
			68.2940205886789	-35.299010005097
			68.3374922758774	-35.3424816922953
			68.3809639630757	-35.3424816922953
			68.4244356502741	-35.3424816922953
			68.4679073374725	-35.3424816922953
			68.5113790246709	-35.3424816922953
			68.5548507118693	-35.3424816922953
			68.5983223990677	-35.3424816922953
			68.6417940862661	-35.3424816922953
			68.6852657734645	-35.3859533794937
			68.7287374606629	-35.3859533794937
			68.7722091478613	-35.3859533794937
			68.8156808350597	-35.3859533794937
			68.8591525222581	-35.3859533794937
			68.9026242094565	-35.3859533794937
			68.9460958966549	-35.3859533794937
			68.9895675838533	-35.4294250666921
			69.0330392710517	-35.4294250666921
			69.0765109582501	-35.4294250666921
			69.1199826454485	-35.4294250666921
			69.1634543326469	-35.4294250666921
			69.2069260198453	-35.4728967538905
			69.2503977070436	-35.4728967538905
			69.2938693942421	-35.4728967538905
			69.3373410814404	-35.4728967538905
			69.3808127686388	-35.4728967538905
			69.4242844558372	-35.5163684410889
			69.4677561430356	-35.5163684410889
			69.511227830234	-35.5163684410889
			69.5546995174324	-35.5163684410889
			69.5981712046308	-35.5163684410889
			69.6416428918292	-35.5598401282873
			69.6851145790276	-35.5598401282873
			69.728586266226	-35.5598401282873
			69.7720579534244	-35.5598401282873
			69.8155296406228	-35.5598401282873
			69.8590013278212	-35.6033118154857
			69.9024730150196	-35.6033118154857
			69.945944702218	-35.6033118154857
			69.9894163894164	-35.6033118154857
			70.0328880766148	-35.6033118154857
			70.0763597638132	-35.6467835026841
			70.1198314510115	-35.6467835026841
			70.16330313821	-35.6467835026841
			70.2067748254083	-35.6467835026841
			70.2067748254083	-35.6902551898825
			70.2502465126067	-35.6902551898825
			70.2937181998051	-35.6902551898825
			70.3371898870035	-35.6902551898825
			70.3806615742019	-35.7337268770809
			70.4241332614003	-35.7337268770809
			70.4676049485987	-35.7337268770809
			70.5110766357971	-35.7337268770809
			70.5545483229955	-35.7771985642793
			70.5980200101939	-35.7771985642793
			70.6414916973923	-35.7771985642793
			70.6849633845907	-35.8206702514777
			70.7284350717891	-35.8206702514777
			70.7719067589875	-35.8206702514777
			70.8153784461859	-35.8206702514777
			70.8588501333843	-35.8641419386761
			70.9023218205827	-35.8641419386761
			70.9457935077811	-35.8641419386761
			70.9892651949795	-35.9076136258745
			71.0327368821779	-35.9076136258745
			71.0762085693762	-35.9076136258745
			71.1196802565746	-35.9510853130729
			71.163151943773	-35.9510853130729
			71.2066236309714	-35.9510853130729
			71.2500953181698	-35.9945570002713
			71.2935670053682	-35.9945570002713
			71.3370386925666	-35.9945570002713
			71.380510379765	-36.0380286874697
			71.4239820669634	-36.0380286874697
			71.4674537541618	-36.0380286874697
			71.5109254413602	-36.0815003746681
			71.5543971285586	-36.0815003746681
			71.597868815757	-36.0815003746681
			71.6413405029554	-36.1249720618665
			71.6848121901538	-36.1249720618665
			71.7282838773522	-36.1249720618665
			71.7717555645506	-36.1684437490649
			71.815227251749	-36.2119154362633
			71.8586989389474	-36.2119154362633
			71.9021706261458	-36.2119154362633
			71.9456423133442	-36.2119154362633
			71.9456423133442	-36.2553871234616
			71.9891140005426	-36.2553871234616
			72.0325856877409	-36.2553871234616
			72.0325856877409	-36.29885881066
			72.0760573749393	-36.29885881066
			72.1195290621377	-36.29885881066
			72.1630007493361	-36.3423304978584
			72.2064724365345	-36.3423304978584
			72.2499441237329	-36.3858021850568
			72.2934158109313	-36.3858021850568
			72.3368874981297	-36.3858021850568
			72.3803591853281	-36.4292738722552
			72.4238308725265	-36.4292738722552
			72.4673025597249	-36.4727455594536
			72.5107742469233	-36.4727455594536
			72.5542459341217	-36.516217246652
			72.5977176213201	-36.516217246652
			72.6411893085185	-36.516217246652
			72.6411893085185	-36.5596889338504
			72.6846609957169	-36.5596889338504
			72.7281326829153	-36.6031606210488
			72.7716043701137	-36.6031606210488
			72.8150760573121	-36.6466323082472
			72.8585477445105	-36.6466323082472
			72.9020194317089	-36.6901039954456
			72.9454911189072	-36.6901039954456
			72.9889628061056	-36.6901039954456
			72.9889628061056	-36.733575682644
			73.032434493304	-36.733575682644
			73.0759061805024	-36.7770473698424
			73.1193778677008	-36.7770473698424
			73.1628495548992	-36.8205190570408
			73.2063212420976	-36.8205190570408
			73.249792929296	-36.8639907442392
			73.2932646164944	-36.9074624314376
			73.3367363036928	-36.9074624314376
			73.3802079908912	-36.950934118636
			73.4236796780896	-36.950934118636
			73.467151365288	-36.9944058058344
			73.5106230524864	-37.0378774930328
			73.5540947396848	-37.0378774930328
			73.5975664268832	-37.0813491802312
			73.6410381140816	-37.0813491802312
			73.68450980128	-37.1248208674296
			73.7279814884784	-37.1682925546279
			73.7714531756768	-37.1682925546279
			73.8149248628752	-37.2117642418263
			73.8583965500736	-37.2552359290247
			73.9018682372719	-37.2552359290247
			73.9453399244703	-37.2987076162231
			73.9888116116687	-37.2987076162231
			74.0322832988671	-37.3421793034215
			74.0757549860655	-37.3856509906199
			74.1192266732639	-37.3856509906199
			74.1626983604623	-37.4291226778183
			74.2061700476607	-37.4725943650167
			74.2496417348591	-37.4725943650167
			74.2931134220575	-37.5160660522151
			74.3365851092559	-37.5595377394135
			74.3800567964543	-37.5595377394135
			74.4235284836527	-37.6030094266119
			74.4670001708511	-37.6464811138103
			74.5104718580495	-37.6464811138103
			74.5539435452479	-37.6899528010087
			74.5539435452479	-37.7334244882071
			74.5974152324463	-37.7768961754055
			74.6408869196447	-37.7768961754055
			74.6843586068431	-37.8203678626039
			74.7278302940415	-37.8638395498023
			74.7713019812398	-37.8638395498023
			74.8147736684382	-37.9073112370007
			74.8582453556366	-37.9507829241991
			74.901717042835	-37.9942546113975
			74.9451887300334	-37.9942546113975
			74.9886604172318	-38.0377262985958
			74.9886604172318	-38.0811979857942
			75.0321321044302	-38.1246696729926
			75.0756037916286	-38.1246696729926
			75.119075478827	-38.168141360191
			75.1625471660254	-38.2116130473894
			75.2060188532238	-38.2550847345878
			75.2494905404222	-38.2550847345878
			75.2929622276206	-38.2985564217862
			75.2929622276206	-38.3420281089846
			75.336433914819	-38.385499796183
			75.3799056020174	-38.4289714833814
			75.4233772892158	-38.4289714833814
			75.4668489764142	-38.4724431705798
			75.5103206636126	-38.5159148577782
			75.553792350811	-38.5593865449766
			75.553792350811	-38.602858232175
			75.5972640380094	-38.602858232175
			75.6407357252077	-38.6463299193734
			75.6842074124062	-38.6898016065718
			75.7276790996045	-38.7332732937702
			75.7276790996045	-38.7767449809686
			75.7711507868029	-38.820216668167
			75.8146224740013	-38.820216668167
			75.8580941611997	-38.8636883553654
			75.9015658483981	-38.9071600425638
			75.9450375355965	-38.9506317297622
			75.9450375355965	-38.9941034169605
			75.9885092227949	-39.0375751041589
			76.0319809099933	-39.0810467913573
			76.0754525971917	-39.0810467913573
			76.1189242843901	-39.1245184785557
			76.1189242843901	-39.1679901657541
			76.1623959715885	-39.2114618529525
			76.2058676587869	-39.2549335401509
			76.2493393459853	-39.2984052273493
			76.2493393459853	-39.3418769145477
			76.2928110331837	-39.3853486017461
			76.3362827203821	-39.3853486017461
			76.3797544075805	-39.4288202889445
			76.3797544075805	-39.4722919761429
			76.4232260947789	-39.5157636633413
			76.4666977819773	-39.5592353505397
			76.5101694691757	-39.6027070377381
			76.5101694691757	-39.6461787249365
			76.5536411563741	-39.6896504121349
			76.5971128435724	-39.7331220993333
			76.6405845307708	-39.7765937865317
			76.6405845307708	-39.8200654737301
			76.6840562179692	-39.8635371609285
			76.7275279051676	-39.9070088481268
			76.770999592366	-39.9504805353252
			76.770999592366	-39.9939522225236
			76.8144712795644	-40.037423909722
			76.8579429667628	-40.0808955969204
			76.9014146539612	-40.1243672841188
			76.9448863411596	-40.1678389713172
			76.9448863411596	-40.2113106585156
			76.988358028358	-40.254782345714
			77.0318297155564	-40.2982540329124
			77.0753014027548	-40.3417257201108
			77.0753014027548	-40.3851974073092
			77.1187730899532	-40.4286690945076
			77.1187730899532	-40.472140781706
			77.1622447771516	-40.5156124689044
			77.20571646435	-40.5590841561028
			77.20571646435	-40.6025558433012
			77.2491881515484	-40.6460275304996
			77.2926598387468	-40.689499217698
			77.3361315259452	-40.7329709048964
			77.3361315259452	-40.7764425920948
			77.3361315259452	-40.8199142792932
			77.3796032131436	-40.8199142792932
			77.3796032131436	-40.8633859664915
			77.423074900342	-40.9068576536899
			77.423074900342	-40.9503293408883
			77.4665465875403	-40.9938010280867
			77.5100182747388	-41.0372727152851
			77.5100182747388	-41.0807444024835
			77.5534899619371	-41.1242160896819
			77.5534899619371	-41.1676877768803
			77.5969616491355	-41.1676877768803
			77.5969616491355	-41.2111594640787
			77.5969616491355	-41.2546311512771
			77.6404333363339	-41.2981028384755
			77.6404333363339	-41.3415745256739
			77.6839050235323	-41.3415745256739
			77.6839050235323	-41.3850462128723
			77.7273767107307	-41.4285179000707
			77.7273767107307	-41.4719895872691
			77.7708483979291	-41.5154612744675
			77.7708483979291	-41.5589329616659
			77.8143200851275	-41.5589329616659
			77.8143200851275	-41.6024046488643
			77.8143200851275	-41.6458763360627
			77.8577917723259	-41.6893480232611
			77.8577917723259	-41.7328197104595
			77.9012634595243	-41.7762913976578
			77.9447351467227	-41.8197630848562
			77.9447351467227	-41.8632347720546
			77.9882068339211	-41.906706459253
			77.9882068339211	-41.9501781464514
			78.0316785211195	-41.9936498336498
			78.0316785211195	-42.0371215208482
			78.0316785211195	-42.0805932080466
			78.0751502083179	-42.124064895245
			78.1186218955163	-42.1675365824434
			78.1186218955163	-42.2110082696418
			78.1620935827147	-42.2544799568402
			78.1620935827147	-42.2979516440386
			78.2055652699131	-42.341423331237
			78.2490369571115	-42.3848950184354
			78.2490369571115	-42.4283667056338
			78.2925086443099	-42.4718383928322
			78.2925086443099	-42.5153100800306
			78.3359803315083	-42.558781767229
			78.3359803315083	-42.6022534544274
			78.3794520187067	-42.6022534544274
			78.3794520187067	-42.6457251416258
			78.422923705905	-42.6891968288241
			78.422923705905	-42.7326685160225
			78.4663953931034	-42.7761402032209
			78.4663953931034	-42.8196118904193
			78.5098670803018	-42.8630835776177
			78.5098670803018	-42.9065552648161
			78.5533387675002	-42.9500269520145
			78.5968104546986	-42.9500269520145
			78.5968104546986	-42.9934986392129
			78.640282141897	-43.0369703264113
			78.640282141897	-43.0804420136097
			78.6837538290954	-43.1239137008081
			78.6837538290954	-43.1673853880065
			78.7272255162938	-43.2108570752049
			78.7272255162938	-43.2543287624033
			78.7706972034922	-43.2543287624033
			78.7706972034922	-43.2978004496017
			78.8141688906906	-43.3412721368001
			78.8141688906906	-43.3847438239985
			78.857640577889	-43.4282155111969
			78.857640577889	-43.4716871983953
			78.9011122650874	-43.4716871983953
			78.9011122650874	-43.5151588855937
			78.9445839522858	-43.558630572792
			78.9445839522858	-43.6021022599904
			78.9880556394842	-43.6455739471888
			78.9880556394842	-43.6890456343872
			79.0315273266826	-43.6890456343872
			79.0315273266826	-43.7325173215856
			79.074999013881	-43.775989008784
			79.074999013881	-43.8194606959824
			79.1184707010794	-43.8629323831808
			79.1619423882778	-43.9064040703792
			79.1619423882778	-43.9498757575776
			79.2054140754762	-43.993347444776
			79.2054140754762	-44.0368191319744
			79.2488857626746	-44.0802908191728
			79.292357449873	-44.1237625063712
			79.292357449873	-44.1672341935696
			79.3358291370714	-44.210705880768
			79.3358291370714	-44.2541775679664
			79.3793008242697	-44.2541775679664
			79.3793008242697	-44.2976492551648
			79.4227725114681	-44.3411209423632
			79.4662441986665	-44.3845926295616
			79.4662441986665	-44.42806431676
			79.5097158858649	-44.4715360039583
			79.5097158858649	-44.5150076911567
			79.5531875730633	-44.5584793783551
			79.5966592602617	-44.6019510655535
			79.6401309474601	-44.6454227527519
			79.6836026346585	-44.6888944399503
			79.7270743218569	-44.7323661271487
			79.7705460090553	-44.7758378143471
			79.8140176962537	-44.8193095015455
			79.8574893834521	-44.8627811887439
			79.9009610706505	-44.9062528759423
			79.9444327578489	-44.9497245631407
			79.9879044450473	-44.9931962503391
			80.0313761322457	-45.0366679375375
			80.0748478194441	-45.0801396247359
			80.0748478194441	-45.1236113119343
			80.1183195066425	-45.1670829991327
			80.1617911938409	-45.2105546863311
			80.2052628810393	-45.2540263735295
			80.2487345682377	-45.2974980607279
			80.292206255436	-45.2974980607279
			80.3356779426344	-45.3409697479263
			80.3356779426344	-45.3844414351246
			80.3791496298328	-45.427913122323
			80.4226213170312	-45.4713848095214
			80.4660930042296	-45.5148564967198
			80.509564691428	-45.5583281839182
			80.509564691428	-45.6017998711166
			80.5530363786264	-45.645271558315
			80.5965080658248	-45.6887432455134
			80.6399797530232	-45.7322149327118
			80.6834514402216	-45.7756866199102
			80.72692312742	-45.8191583071086
			80.7703948146184	-45.862629994307
			80.8138665018168	-45.9061016815054
			80.8138665018168	-45.9495733687038
			80.8573381890152	-45.9495733687038
			80.8573381890152	-45.9930450559022
			80.9008098762136	-46.0365167431006
			80.944281563412	-46.079988430299
			80.9877532506104	-46.1234601174974
			81.0312249378088	-46.1669318046958
			81.0312249378088	-46.2104034918942
			81.0746966250072	-46.2538751790926
			81.1181683122056	-46.297346866291
			81.1616399994039	-46.3408185534893
			81.1616399994039	-46.3842902406877
			81.2051116866024	-46.4277619278861
			81.2485833738007	-46.4712336150845
			81.2485833738007	-46.5147053022829
			81.2920550609991	-46.5581769894813
			81.3355267481975	-46.5581769894813
			81.3355267481975	-46.6016486766797
			81.3789984353959	-46.6451203638781
			81.4224701225943	-46.6885920510765
			81.4224701225943	-46.7320637382749
			81.4659418097927	-46.7755354254733
			81.5094134969911	-46.8190071126717
			81.5094134969911	-46.8624787998701
			81.5528851841895	-46.9059504870685
			81.5963568713879	-46.9494221742669
			81.6398285585863	-46.9928938614653
			81.6398285585863	-47.0363655486637
			81.6833002457847	-47.0798372358621
			81.7267719329831	-47.1233089230605
			81.7702436201815	-47.1667806102589
			81.7702436201815	-47.2102522974573
			81.7702436201815	-47.2537239846557
			81.8137153073799	-47.2537239846557
			81.8137153073799	-47.297195671854
			81.8571869945783	-47.3406673590524
			81.8571869945783	-47.3841390462508
			81.9006586817767	-47.4276107334492
			81.9441303689751	-47.4710824206476
			81.9441303689751	-47.514554107846
			81.9876020561735	-47.5580257950444
			81.9876020561735	-47.6014974822428
			82.0310737433719	-47.6014974822428
			82.0310737433719	-47.6449691694412
			82.0310737433719	-47.6884408566396
			82.0745454305703	-47.6884408566396
			82.0745454305703	-47.731912543838
			82.1180171177686	-47.7753842310364
			82.1180171177686	-47.8188559182348
			82.161488804967	-47.8623276054332
			82.161488804967	-47.9057992926316
			82.2049604921654	-47.94927097983
			82.2049604921654	-47.9927426670284
			82.2484321793638	-48.0362143542268
			82.2484321793638	-48.0796860414252
			82.2919038665622	-48.1231577286236
			82.2919038665622	-48.166629415822
			82.3353755537606	-48.2101011030203
			82.3353755537606	-48.2535727902187
			82.378847240959	-48.2970444774171
			82.378847240959	-48.3405161646155
			82.4223189281574	-48.3839878518139
			82.4223189281574	-48.4274595390123
			82.4223189281574	-48.4709312262107
			82.4657906153558	-48.5144029134091
			82.4657906153558	-48.5578746006075
			82.5092623025542	-48.6013462878059
			82.5092623025542	-48.6448179750043
			82.5092623025542	-48.6882896622027
			82.5527339897526	-48.7317613494011
			82.5527339897526	-48.7752330365995
			82.5527339897526	-48.8187047237979
			82.596205676951	-48.8621764109963
			82.596205676951	-48.9056480981947
			82.596205676951	-48.9491197853931
			82.6396773641494	-48.9925914725915
			82.6396773641494	-49.0360631597899
			82.6396773641494	-49.0795348469882
			82.6396773641494	-49.1230065341866
			82.6831490513478	-49.166478221385
			82.6831490513478	-49.2099499085834
			82.6831490513478	-49.2534215957818
			82.6831490513478	-49.2968932829802
			82.7266207385462	-49.3403649701786
			82.7266207385462	-49.383836657377
			82.7266207385462	-49.4273083445754
		</c1>
		<c2 type=matrix rownames=FALSE colnames=FALSE nrow=900 ncol=2 as.numeric=TRUE >
			82.7266207385462	-49.4273083445754
			82.6831490513478	-49.383836657377
			82.6396773641494	-49.383836657377
			82.596205676951	-49.383836657377
			82.5527339897526	-49.383836657377
			82.5527339897526	-49.3403649701786
			82.5092623025542	-49.3403649701786
			82.4657906153558	-49.3403649701786
			82.4223189281574	-49.2968932829802
			82.378847240959	-49.2968932829802
			82.3353755537606	-49.2534215957818
			82.2919038665622	-49.2534215957818
			82.2484321793638	-49.2534215957818
			82.2049604921654	-49.2099499085834
			82.161488804967	-49.2099499085834
			82.1180171177686	-49.2099499085834
			82.0745454305703	-49.166478221385
			82.0310737433719	-49.166478221385
			81.9876020561735	-49.166478221385
			81.9441303689751	-49.1230065341866
			81.9006586817767	-49.1230065341866
			81.8571869945783	-49.1230065341866
			81.8137153073799	-49.0795348469882
			81.7702436201815	-49.0795348469882
			81.7267719329831	-49.0360631597899
			81.6833002457847	-49.0360631597899
			81.6398285585863	-49.0360631597899
			81.5963568713879	-48.9925914725915
			81.5528851841895	-48.9925914725915
			81.5094134969911	-48.9925914725915
			81.4659418097927	-48.9925914725915
			81.4224701225943	-48.9491197853931
			81.3789984353959	-48.9491197853931
			81.3355267481975	-48.9491197853931
			81.2920550609991	-48.9056480981947
			81.2485833738007	-48.9056480981947
			81.2051116866024	-48.9056480981947
			81.1616399994039	-48.8621764109963
			81.1181683122056	-48.8621764109963
			81.0746966250072	-48.8621764109963
			81.0312249378088	-48.8621764109963
			80.9877532506104	-48.8187047237979
			80.944281563412	-48.8187047237979
			80.9008098762136	-48.8187047237979
			80.8573381890152	-48.7752330365995
			80.8138665018168	-48.7752330365995
			80.7703948146184	-48.7752330365995
			80.72692312742	-48.7752330365995
			80.6834514402216	-48.7317613494011
			80.6399797530232	-48.7317613494011
			80.5965080658248	-48.7317613494011
			80.5530363786264	-48.7317613494011
			80.509564691428	-48.7317613494011
			80.4660930042296	-48.6882896622027
			80.4226213170312	-48.6882896622027
			80.3791496298328	-48.6882896622027
			80.3356779426344	-48.6882896622027
			80.292206255436	-48.6448179750043
			80.2487345682377	-48.6448179750043
			80.2052628810393	-48.6448179750043
			80.1617911938409	-48.6448179750043
			80.1183195066425	-48.6013462878059
			80.0748478194441	-48.6013462878059
			80.0313761322457	-48.6013462878059
			79.9879044450473	-48.6013462878059
			79.9444327578489	-48.6013462878059
			79.9009610706505	-48.6013462878059
			79.8574893834521	-48.5578746006075
			79.8140176962537	-48.5578746006075
			79.7705460090553	-48.5578746006075
			79.7270743218569	-48.5578746006075
			79.6836026346585	-48.5578746006075
			79.6836026346585	-48.5144029134091
			79.6401309474601	-48.5144029134091
			79.5966592602617	-48.5144029134091
			79.5531875730633	-48.5144029134091
			79.5097158858649	-48.5144029134091
			79.4662441986665	-48.5144029134091
			79.4227725114681	-48.4709312262107
			79.3793008242697	-48.4709312262107
			79.3358291370714	-48.4709312262107
			79.292357449873	-48.4709312262107
			79.2488857626746	-48.4709312262107
			79.2054140754762	-48.4709312262107
			79.1619423882778	-48.4274595390123
			79.1184707010794	-48.4274595390123
			79.074999013881	-48.4274595390123
			79.0315273266826	-48.4274595390123
			78.9880556394842	-48.4274595390123
			78.9445839522858	-48.4274595390123
			78.9011122650874	-48.4274595390123
			78.857640577889	-48.3839878518139
			78.8141688906906	-48.3839878518139
			78.7706972034922	-48.3839878518139
			78.7272255162938	-48.3839878518139
			78.6837538290954	-48.3839878518139
			78.640282141897	-48.3839878518139
			78.5968104546986	-48.3839878518139
			78.5533387675002	-48.3839878518139
			78.5098670803018	-48.3405161646155
			78.4663953931034	-48.3405161646155
			78.422923705905	-48.3405161646155
			78.3794520187067	-48.3405161646155
			78.3359803315083	-48.3405161646155
			78.2925086443099	-48.3405161646155
			78.2490369571115	-48.3405161646155
			78.2055652699131	-48.3405161646155
			78.1620935827147	-48.3405161646155
			78.1186218955163	-48.2970444774171
			78.0751502083179	-48.2970444774171
			78.0316785211195	-48.2970444774171
			77.9882068339211	-48.2970444774171
			77.9447351467227	-48.2970444774171
			77.9012634595243	-48.2970444774171
			77.8577917723259	-48.2970444774171
			77.8143200851275	-48.2970444774171
			77.7708483979291	-48.2970444774171
			77.7273767107307	-48.2970444774171
			77.6839050235323	-48.2970444774171
			77.6404333363339	-48.2535727902187
			77.5969616491355	-48.2535727902187
			77.5534899619371	-48.2535727902187
			77.5100182747388	-48.2535727902187
			77.4665465875403	-48.2535727902187
			77.423074900342	-48.2535727902187
			77.3796032131436	-48.2535727902187
			77.3361315259452	-48.2535727902187
			77.2926598387468	-48.2535727902187
			77.2491881515484	-48.2535727902187
			77.20571646435	-48.2535727902187
			77.1622447771516	-48.2535727902187
			77.1187730899532	-48.2535727902187
			77.0753014027548	-48.2535727902187
			77.0318297155564	-48.2535727902187
			76.988358028358	-48.2535727902187
			76.9448863411596	-48.2535727902187
			76.9014146539612	-48.2535727902187
			76.8579429667628	-48.2535727902187
			76.8144712795644	-48.2535727902187
			76.770999592366	-48.2535727902187
			76.7275279051676	-48.2535727902187
			76.6840562179692	-48.2535727902187
			76.6405845307708	-48.2535727902187
			76.5971128435724	-48.2535727902187
			76.5536411563741	-48.2535727902187
			76.5101694691757	-48.2535727902187
			76.4666977819773	-48.2101011030203
			76.4232260947789	-48.2101011030203
			76.3797544075805	-48.2101011030203
			76.3362827203821	-48.2101011030203
			76.2928110331837	-48.2101011030203
			76.2493393459853	-48.2101011030203
			76.2058676587869	-48.2101011030203
			76.1623959715885	-48.2101011030203
			76.1189242843901	-48.2101011030203
			76.0754525971917	-48.2101011030203
			76.0319809099933	-48.2535727902187
			75.9885092227949	-48.2535727902187
			75.9450375355965	-48.2535727902187
			75.9015658483981	-48.2535727902187
			75.8580941611997	-48.2535727902187
			75.8146224740013	-48.2535727902187
			75.7711507868029	-48.2535727902187
			75.7276790996045	-48.2535727902187
			75.6842074124062	-48.2535727902187
			75.6407357252077	-48.2535727902187
			75.5972640380094	-48.2535727902187
			75.553792350811	-48.2535727902187
			75.5103206636126	-48.2535727902187
			75.4668489764142	-48.2535727902187
			75.4233772892158	-48.2535727902187
			75.3799056020174	-48.2535727902187
			75.336433914819	-48.2535727902187
			75.2929622276206	-48.2535727902187
			75.2494905404222	-48.2535727902187
			75.2060188532238	-48.2535727902187
			75.1625471660254	-48.2535727902187
			75.119075478827	-48.2535727902187
			75.0756037916286	-48.2535727902187
			75.0321321044302	-48.2535727902187
			74.9886604172318	-48.2535727902187
			74.9451887300334	-48.2535727902187
			74.901717042835	-48.2970444774171
			74.8582453556366	-48.2970444774171
			74.8147736684382	-48.2970444774171
			74.7713019812398	-48.2970444774171
			74.7278302940415	-48.2970444774171
			74.6843586068431	-48.2970444774171
			74.6408869196447	-48.2970444774171
			74.5974152324463	-48.2970444774171
			74.5539435452479	-48.2970444774171
			74.5104718580495	-48.2970444774171
			74.4670001708511	-48.2970444774171
			74.4235284836527	-48.2970444774171
			74.3800567964543	-48.3405161646155
			74.3365851092559	-48.3405161646155
			74.2931134220575	-48.3405161646155
			74.2496417348591	-48.3405161646155
			74.2061700476607	-48.3405161646155
			74.1626983604623	-48.3405161646155
			74.1192266732639	-48.3405161646155
			74.0757549860655	-48.3405161646155
			74.0322832988671	-48.3405161646155
			73.9888116116687	-48.3405161646155
			73.9453399244703	-48.3405161646155
			73.9018682372719	-48.3405161646155
			73.8583965500736	-48.3405161646155
			73.8149248628752	-48.3839878518139
			73.7714531756768	-48.3839878518139
			73.7279814884784	-48.3839878518139
			73.68450980128	-48.3839878518139
			73.6410381140816	-48.3839878518139
			73.5975664268832	-48.3839878518139
			73.5540947396848	-48.3839878518139
			73.5106230524864	-48.3839878518139
			73.467151365288	-48.3839878518139
			73.4236796780896	-48.3839878518139
			73.3802079908912	-48.3839878518139
			73.3367363036928	-48.3839878518139
			73.2932646164944	-48.3839878518139
			73.249792929296	-48.3839878518139
			73.2063212420976	-48.3839878518139
			73.1628495548992	-48.3839878518139
			73.1193778677008	-48.3839878518139
			73.0759061805024	-48.3839878518139
			73.032434493304	-48.3839878518139
			72.9889628061056	-48.3839878518139
			72.9454911189072	-48.3839878518139
			72.9020194317089	-48.3839878518139
			72.8585477445105	-48.3839878518139
			72.8150760573121	-48.3839878518139
			72.7716043701137	-48.3839878518139
			72.7281326829153	-48.3839878518139
			72.6846609957169	-48.3839878518139
			72.6411893085185	-48.3839878518139
			72.5977176213201	-48.3839878518139
			72.5542459341217	-48.3839878518139
			72.5107742469233	-48.3839878518139
			72.4673025597249	-48.3839878518139
			72.4238308725265	-48.3839878518139
			72.3803591853281	-48.3839878518139
			72.3368874981297	-48.3839878518139
			72.2934158109313	-48.3839878518139
			72.2499441237329	-48.3839878518139
			72.2064724365345	-48.3839878518139
			72.1630007493361	-48.3839878518139
			72.1195290621377	-48.3839878518139
			72.0760573749393	-48.3839878518139
			72.0325856877409	-48.3839878518139
			71.9891140005426	-48.3839878518139
			71.9456423133442	-48.3839878518139
			71.9021706261458	-48.3405161646155
			71.8586989389474	-48.3405161646155
			71.815227251749	-48.3405161646155
			71.7717555645506	-48.3405161646155
			71.7282838773522	-48.3405161646155
			71.6848121901538	-48.3405161646155
			71.6413405029554	-48.3405161646155
			71.597868815757	-48.3405161646155
			71.5543971285586	-48.3405161646155
			71.5109254413602	-48.3405161646155
			71.4674537541618	-48.3405161646155
			71.4239820669634	-48.3405161646155
			71.380510379765	-48.3405161646155
			71.3370386925666	-48.2970444774171
			71.2935670053682	-48.2970444774171
			71.2500953181698	-48.2970444774171
			71.2066236309714	-48.2970444774171
			71.163151943773	-48.2970444774171
			71.1196802565746	-48.2970444774171
			71.0762085693762	-48.2970444774171
			71.0327368821779	-48.2970444774171
			70.9892651949795	-48.2535727902187
			70.9457935077811	-48.2535727902187
			70.9023218205827	-48.2535727902187
			70.8588501333843	-48.2535727902187
			70.8153784461859	-48.2535727902187
			70.7719067589875	-48.2535727902187
			70.7284350717891	-48.2535727902187
			70.6849633845907	-48.2101011030203
			70.6414916973923	-48.2101011030203
			70.5980200101939	-48.2101011030203
			70.5545483229955	-48.2101011030203
			70.5110766357971	-48.2101011030203
			70.4676049485987	-48.2101011030203
			70.4241332614003	-48.166629415822
			70.3806615742019	-48.166629415822
			70.3371898870035	-48.166629415822
			70.2937181998051	-48.166629415822
			70.2502465126067	-48.166629415822
			70.2067748254083	-48.1231577286236
			70.16330313821	-48.1231577286236
			70.1198314510115	-48.1231577286236
			70.0763597638132	-48.1231577286236
			70.0328880766148	-48.1231577286236
			69.9894163894164	-48.0796860414252
			69.945944702218	-48.0796860414252
			69.9024730150196	-48.0796860414252
			69.8590013278212	-48.0796860414252
			69.8155296406228	-48.0362143542268
			69.7720579534244	-48.0362143542268
			69.728586266226	-48.0362143542268
			69.6851145790276	-48.0362143542268
			69.6416428918292	-48.0362143542268
			69.5981712046308	-47.9927426670284
			69.5546995174324	-47.9927426670284
			69.511227830234	-47.9927426670284
			69.4677561430356	-47.9927426670284
			69.4242844558372	-47.94927097983
			69.3808127686388	-47.94927097983
			69.3373410814404	-47.94927097983
			69.2938693942421	-47.9057992926316
			69.2503977070436	-47.9057992926316
			69.2069260198453	-47.9057992926316
			69.1634543326469	-47.8623276054332
			69.1199826454485	-47.8623276054332
			69.0765109582501	-47.8623276054332
			69.0330392710517	-47.8623276054332
			68.9895675838533	-47.8188559182348
			68.9460958966549	-47.8188559182348
			68.9026242094565	-47.8188559182348
			68.8591525222581	-47.7753842310364
			68.8156808350597	-47.7753842310364
			68.7722091478613	-47.7753842310364
			68.7287374606629	-47.731912543838
			68.6852657734645	-47.731912543838
			68.6417940862661	-47.731912543838
			68.5983223990677	-47.731912543838
			68.5548507118693	-47.7753842310364
			68.5113790246709	-47.7753842310364
			68.4679073374725	-47.7753842310364
			68.4244356502741	-47.7753842310364
			68.3809639630757	-47.7753842310364
			68.3374922758774	-47.7753842310364
			68.2940205886789	-47.8188559182348
			68.2505489014806	-47.8188559182348
			68.2070772142822	-47.8188559182348
			68.1636055270838	-47.8188559182348
			68.1201338398854	-47.8188559182348
			68.076662152687	-47.8188559182348
			68.0331904654886	-47.8623276054332
			67.9897187782902	-47.8623276054332
			67.9462470910918	-47.8623276054332
			67.9027754038934	-47.8623276054332
			67.859303716695	-47.8623276054332
			67.8158320294966	-47.8623276054332
			67.7723603422982	-47.8623276054332
			67.7288886550998	-47.8623276054332
			67.6854169679014	-47.9057992926316
			67.641945280703	-47.9057992926316
			67.5984735935046	-47.9057992926316
			67.5550019063062	-47.9057992926316
			67.5115302191078	-47.9057992926316
			67.4680585319094	-47.9057992926316
			67.424586844711	-47.9057992926316
			67.3811151575127	-47.9057992926316
			67.3376434703143	-47.9057992926316
			67.2941717831159	-47.9057992926316
			67.2507000959175	-47.94927097983
			67.2072284087191	-47.94927097983
			67.1637567215207	-47.94927097983
			67.1202850343223	-47.94927097983
			67.0768133471239	-47.94927097983
			67.0333416599255	-47.94927097983
			66.9898699727271	-47.94927097983
			66.9463982855287	-47.94927097983
			66.9029265983303	-47.94927097983
			66.8594549111319	-47.94927097983
			66.8159832239335	-47.94927097983
			66.7725115367351	-47.94927097983
			66.7290398495367	-47.94927097983
			66.6855681623383	-47.94927097983
			66.6420964751399	-47.94927097983
			66.5986247879415	-47.94927097983
			66.5551531007431	-47.94927097983
			66.5116814135447	-47.94927097983
			66.4682097263464	-47.94927097983
			66.424738039148	-47.94927097983
			66.3812663519496	-47.94927097983
			66.3377946647512	-47.94927097983
			66.2943229775528	-47.94927097983
			66.2508512903544	-47.94927097983
			66.207379603156	-47.94927097983
			66.1639079159576	-47.94927097983
			66.1204362287592	-47.94927097983
			66.0769645415608	-47.94927097983
			66.0334928543624	-47.94927097983
			65.990021167164	-47.94927097983
			65.9465494799656	-47.94927097983
			65.9030777927672	-47.94927097983
			65.8596061055688	-47.94927097983
			65.8161344183704	-47.94927097983
			65.772662731172	-47.94927097983
			65.7291910439736	-47.94927097983
			65.6857193567752	-47.94927097983
			65.6422476695768	-47.94927097983
			65.5987759823784	-47.94927097983
			65.5553042951801	-47.94927097983
			65.5118326079817	-47.94927097983
			65.4683609207833	-47.94927097983
			65.4248892335849	-47.94927097983
			65.3814175463865	-47.94927097983
			65.3379458591881	-47.94927097983
			65.2944741719897	-47.9057992926316
			65.2510024847913	-47.9057992926316
			65.2075307975929	-47.9057992926316
			65.1640591103945	-47.9057992926316
			65.1205874231961	-47.9057992926316
			65.0771157359977	-47.9057992926316
			65.0336440487993	-47.9057992926316
			64.9901723616009	-47.9057992926316
			64.9467006744025	-47.9057992926316
			64.9032289872041	-47.9057992926316
			64.8597573000057	-47.8623276054332
			64.8162856128073	-47.8623276054332
			64.7728139256089	-47.8623276054332
			64.7293422384105	-47.8623276054332
			64.6858705512121	-47.8623276054332
			64.6423988640138	-47.8623276054332
			64.5989271768154	-47.8623276054332
			64.555455489617	-47.8188559182348
			64.5119838024186	-47.8188559182348
			64.4685121152202	-47.8188559182348
			64.4250404280218	-47.8188559182348
			64.3815687408234	-47.8188559182348
			64.338097053625	-47.8188559182348
			64.2946253664266	-47.8188559182348
			64.2511536792282	-47.7753842310364
			64.2076819920298	-47.7753842310364
			64.1642103048314	-47.7753842310364
			64.120738617633	-47.7753842310364
			64.0772669304346	-47.7753842310364
			64.0337952432362	-47.731912543838
			63.9903235560378	-47.731912543838
			63.9468518688394	-47.731912543838
			63.903380181641	-47.731912543838
			63.8599084944426	-47.731912543838
			63.8164368072442	-47.6884408566396
			63.7729651200458	-47.6884408566396
			63.7294934328475	-47.6884408566396
			63.6860217456491	-47.6884408566396
			63.6425500584507	-47.6449691694412
			63.5990783712523	-47.6449691694412
			63.5556066840539	-47.6449691694412
			63.5121349968555	-47.6449691694412
			63.4686633096571	-47.6014974822428
			63.4251916224587	-47.6014974822428
			63.3817199352603	-47.6014974822428
			63.3382482480619	-47.6014974822428
			63.2947765608635	-47.5580257950444
			63.2513048736651	-47.5580257950444
			63.2078331864667	-47.5580257950444
			63.1643614992683	-47.5580257950444
			63.1208898120699	-47.514554107846
			63.0774181248715	-47.514554107846
			63.0339464376731	-47.514554107846
			62.9904747504747	-47.5580257950444
			62.9470030632763	-47.5580257950444
			62.9035313760779	-47.5580257950444
			62.8600596888795	-47.6014974822428
			62.8165880016812	-47.6014974822428
			62.7731163144828	-47.6014974822428
			62.7296446272844	-47.6449691694412
			62.686172940086	-47.6449691694412
			62.6427012528876	-47.6449691694412
			62.5992295656892	-47.6449691694412
			62.5557578784908	-47.6884408566396
			62.5122861912924	-47.6884408566396
			62.468814504094	-47.6884408566396
			62.4253428168956	-47.731912543838
			62.3818711296972	-47.731912543838
			62.3383994424988	-47.731912543838
			62.2949277553004	-47.731912543838
			62.251456068102	-47.7753842310364
			62.2079843809036	-47.7753842310364
			62.1645126937052	-47.7753842310364
			62.1210410065068	-47.7753842310364
			62.0775693193084	-47.8188559182348
			62.03409763211	-47.8188559182348
			61.9906259449116	-47.8188559182348
			61.9471542577132	-47.8188559182348
			61.9036825705149	-47.8623276054332
			61.8602108833165	-47.8623276054332
			61.8167391961181	-47.8623276054332
			61.7732675089197	-47.8623276054332
			61.7297958217213	-47.9057992926316
			61.6863241345229	-47.9057992926316
			61.6428524473245	-47.9057992926316
			61.5993807601261	-47.9057992926316
			61.5559090729277	-47.9057992926316
			61.5124373857293	-47.94927097983
			61.4689656985309	-47.94927097983
			61.4254940113325	-47.94927097983
			61.3820223241341	-47.94927097983
			61.3385506369357	-47.94927097983
			61.2950789497373	-47.94927097983
			61.2950789497373	-47.9927426670284
			61.2516072625389	-47.9927426670284
			61.2081355753405	-47.9927426670284
			61.1646638881421	-47.9927426670284
			61.1211922009437	-47.9927426670284
			61.0777205137453	-47.9927426670284
			61.0342488265469	-47.9927426670284
			60.9907771393486	-48.0362143542268
			60.9473054521502	-48.0362143542268
			60.9038337649518	-48.0362143542268
			60.8603620777534	-48.0362143542268
			60.816890390555	-48.0362143542268
			60.7734187033566	-48.0362143542268
			60.7299470161582	-48.0362143542268
			60.6864753289598	-48.0362143542268
			60.6430036417614	-48.0362143542268
			60.599531954563	-48.0796860414252
			60.5560602673646	-48.0796860414252
			60.5125885801662	-48.0796860414252
			60.4691168929678	-48.0796860414252
			60.4256452057694	-48.0796860414252
			60.382173518571	-48.0796860414252
			60.3387018313726	-48.0796860414252
			60.2952301441742	-48.0796860414252
			60.2517584569758	-48.0796860414252
			60.2082867697774	-48.0796860414252
			60.164815082579	-48.0796860414252
			60.1213433953806	-48.0796860414252
			60.0778717081823	-48.0796860414252
			60.0344000209839	-48.0796860414252
			59.9909283337855	-48.0796860414252
			59.9474566465871	-48.0796860414252
			59.9039849593887	-48.0796860414252
			59.8605132721903	-48.0796860414252
			59.8170415849919	-48.0796860414252
			59.7735698977935	-48.0796860414252
			59.7300982105951	-48.0796860414252
			59.6866265233967	-48.0796860414252
			59.6431548361983	-48.0796860414252
			59.5996831489999	-48.0796860414252
			59.5562114618015	-48.0796860414252
			59.5127397746031	-48.0796860414252
			59.4692680874047	-48.0796860414252
			59.4257964002063	-48.0796860414252
			59.3823247130079	-48.0796860414252
			59.3388530258095	-48.0796860414252
			59.2953813386111	-48.0796860414252
			59.2519096514127	-48.0796860414252
			59.2084379642143	-48.0362143542268
			59.1649662770159	-48.0362143542268
			59.1214945898176	-48.0362143542268
			59.0780229026192	-48.0362143542268
			59.0345512154208	-48.0362143542268
			58.9910795282224	-48.0362143542268
			58.947607841024	-48.0362143542268
			58.9041361538256	-48.0362143542268
			58.8606644666272	-47.9927426670284
			58.8171927794288	-47.9927426670284
			58.7737210922304	-47.9927426670284
			58.730249405032	-47.9927426670284
			58.6867777178336	-47.9927426670284
			58.6433060306352	-47.9927426670284
			58.5998343434368	-47.94927097983
			58.5563626562384	-47.94927097983
			58.51289096904	-47.94927097983
			58.4694192818416	-47.94927097983
			58.4259475946432	-47.9057992926316
			58.3824759074448	-47.9057992926316
			58.3390042202464	-47.9057992926316
			58.295532533048	-47.9057992926316
			58.2520608458496	-47.8623276054332
			58.2085891586513	-47.8623276054332
			58.1651174714529	-47.8623276054332
			58.1216457842545	-47.8188559182348
			58.0781740970561	-47.8188559182348
			58.0347024098577	-47.8188559182348
			57.9912307226593	-47.8188559182348
			57.9477590354609	-47.7753842310364
			57.9042873482625	-47.7753842310364
			57.8608156610641	-47.731912543838
			57.8173439738657	-47.731912543838
			57.7738722866673	-47.731912543838
			57.7304005994689	-47.6884408566396
			57.6869289122705	-47.6884408566396
			57.6434572250721	-47.6884408566396
			57.5999855378737	-47.6449691694412
			57.5565138506753	-47.6449691694412
			57.5130421634769	-47.6014974822428
			57.4695704762785	-47.6014974822428
			57.4260987890801	-47.6014974822428
			57.4260987890801	-47.5580257950444
			57.3826271018817	-47.5580257950444
			57.3391554146833	-47.5580257950444
			57.295683727485	-47.514554107846
			57.2522120402866	-47.4710824206476
			57.2087403530882	-47.4710824206476
			57.1652686658898	-47.4710824206476
			57.1217969786914	-47.4710824206476
			57.078325291493	-47.514554107846
			57.0348536042946	-47.514554107846
			56.9913819170962	-47.514554107846
			56.9479102298978	-47.514554107846
			56.9044385426994	-47.5580257950444
			56.860966855501	-47.5580257950444
			56.8174951683026	-47.5580257950444
			56.7740234811042	-47.5580257950444
			56.7305517939058	-47.6014974822428
			56.6870801067074	-47.6014974822428
			56.643608419509	-47.6014974822428
			56.6001367323106	-47.6014974822428
			56.5566650451122	-47.6014974822428
			56.5566650451122	-47.6449691694412
			56.5131933579138	-47.6449691694412
			56.4697216707154	-47.6449691694412
			56.426249983517	-47.6449691694412
			56.3827782963187	-47.6449691694412
			56.3393066091203	-47.6449691694412
			56.3393066091203	-47.6884408566396
			56.2958349219219	-47.6884408566396
			56.2523632347235	-47.6884408566396
			56.2088915475251	-47.6884408566396
			56.1654198603267	-47.6884408566396
			56.1219481731283	-47.6884408566396
			56.1219481731283	-47.731912543838
			56.0784764859299	-47.731912543838
			56.0350047987315	-47.731912543838
			55.9915331115331	-47.731912543838
			55.9480614243347	-47.731912543838
			55.9045897371363	-47.731912543838
			55.8611180499379	-47.731912543838
			55.8176463627395	-47.7753842310364
			55.7741746755411	-47.7753842310364
			55.7307029883427	-47.7753842310364
			55.6872313011443	-47.7753842310364
			55.6437596139459	-47.7753842310364
			55.6002879267475	-47.7753842310364
			55.5568162395491	-47.7753842310364
			55.5133445523507	-47.7753842310364
			55.4698728651524	-47.8188559182348
			55.426401177954	-47.8188559182348
			55.3829294907556	-47.8188559182348
			55.3394578035572	-47.8188559182348
			55.2959861163588	-47.8188559182348
			55.2525144291604	-47.8188559182348
			55.209042741962	-47.8188559182348
			55.1655710547636	-47.8188559182348
			55.1220993675652	-47.8188559182348
			55.0786276803668	-47.8188559182348
			55.0351559931684	-47.8188559182348
			54.99168430597	-47.8623276054332
			54.9482126187716	-47.8623276054332
			54.9047409315732	-47.8623276054332
			54.8612692443748	-47.8623276054332
			54.8177975571764	-47.8623276054332
			54.774325869978	-47.8623276054332
			54.7308541827796	-47.8623276054332
			54.6873824955812	-47.8623276054332
			54.6439108083828	-47.8623276054332
			54.6004391211845	-47.8623276054332
			54.5569674339861	-47.8623276054332
			54.5134957467877	-47.8623276054332
			54.4700240595893	-47.8623276054332
			54.4265523723909	-47.8623276054332
			54.3830806851925	-47.8623276054332
			54.3396089979941	-47.8623276054332
			54.2961373107957	-47.8623276054332
			54.2526656235973	-47.8623276054332
			54.2091939363989	-47.8623276054332
			54.1657222492005	-47.8623276054332
			54.1222505620021	-47.8623276054332
			54.0787788748037	-47.8623276054332
			54.0353071876053	-47.8623276054332
			53.9918355004069	-47.8623276054332
			53.9483638132085	-47.8623276054332
			53.9048921260101	-47.8623276054332
			53.8614204388117	-47.8623276054332
			53.8179487516133	-47.8623276054332
			53.7744770644149	-47.8623276054332
			53.7310053772165	-47.8623276054332
			53.6875336900181	-47.8623276054332
			53.6440620028198	-47.8623276054332
			53.6005903156214	-47.8623276054332
			53.557118628423	-47.8623276054332
			53.5136469412246	-47.8623276054332
			53.4701752540262	-47.8623276054332
			53.4267035668278	-47.8623276054332
			53.3832318796294	-47.8188559182348
			53.339760192431	-47.8188559182348
			53.2962885052326	-47.8188559182348
			53.2528168180342	-47.8188559182348
			53.2093451308358	-47.8188559182348
			53.1658734436374	-47.8188559182348
			53.122401756439	-47.8188559182348
			53.0789300692406	-47.8188559182348
			53.0354583820422	-47.8188559182348
			52.9919866948438	-47.8188559182348
			52.9485150076454	-47.8188559182348
			52.905043320447	-47.7753842310364
			52.8615716332486	-47.7753842310364
			52.8180999460502	-47.7753842310364
			52.7746282588518	-47.7753842310364
			52.7311565716535	-47.7753842310364
			52.6876848844551	-47.7753842310364
			52.6442131972567	-47.7753842310364
			52.6007415100583	-47.7753842310364
			52.5572698228599	-47.731912543838
			52.5137981356615	-47.731912543838
			52.4703264484631	-47.731912543838
			52.4268547612647	-47.731912543838
			52.3833830740663	-47.731912543838
			52.3399113868679	-47.731912543838
			52.2964396996695	-47.6884408566396
			52.2529680124711	-47.6884408566396
			52.2094963252727	-47.6884408566396
			52.1660246380743	-47.6884408566396
			52.1225529508759	-47.6884408566396
			52.0790812636775	-47.6884408566396
			52.0356095764791	-47.6449691694412
			51.9921378892807	-47.6449691694412
			51.9486662020823	-47.6449691694412
			51.9051945148839	-47.6449691694412
			51.8617228276855	-47.6884408566396
			51.8182511404871	-47.6884408566396
			51.7747794532888	-47.6884408566396
			51.7313077660904	-47.6884408566396
			51.7313077660904	-47.731912543838
			51.687836078892	-47.731912543838
			51.6443643916936	-47.731912543838
			51.6008927044952	-47.731912543838
			51.5574210172968	-47.731912543838
			51.5139493300984	-47.7753842310364
			51.4704776429	-47.7753842310364
			51.4270059557016	-47.7753842310364
			51.3835342685032	-47.8188559182348
			51.3400625813048	-47.8188559182348
			51.2965908941064	-47.8188559182348
			51.253119206908	-47.8188559182348
			51.2096475197096	-47.8188559182348
			51.1661758325112	-47.8623276054332
			51.1227041453128	-47.8623276054332
			51.0792324581144	-47.8623276054332
			51.035760770916	-47.8623276054332
			50.9922890837176	-47.8623276054332
			50.9488173965192	-47.9057992926316
			50.9053457093208	-47.9057992926316
			50.8618740221225	-47.9057992926316
			50.8184023349241	-47.9057992926316
			50.7749306477257	-47.9057992926316
			50.7314589605273	-47.9057992926316
			50.6879872733289	-47.94927097983
			50.6445155861305	-47.94927097983
			50.6010438989321	-47.94927097983
			50.5575722117337	-47.94927097983
			50.5141005245353	-47.94927097983
			50.4706288373369	-47.94927097983
			50.4271571501385	-47.94927097983
			50.3836854629401	-47.9927426670284
			50.3402137757417	-47.9927426670284
			50.2967420885433	-47.9927426670284
			50.2532704013449	-47.9927426670284
			50.2097987141465	-47.9927426670284
			50.1663270269481	-47.9927426670284
			50.1228553397497	-47.9927426670284
			50.0793836525513	-47.9927426670284
			50.0359119653529	-47.9927426670284
			49.9924402781545	-47.9927426670284
			49.9489685909562	-47.9927426670284
			49.9054969037578	-47.9927426670284
			49.8620252165594	-47.9927426670284
			49.818553529361	-47.9927426670284
			49.7750818421626	-47.9927426670284
			49.7316101549642	-47.9927426670284
			49.6881384677658	-48.0362143542268
			49.6446667805674	-48.0362143542268
			49.601195093369	-48.0362143542268
			49.5577234061706	-48.0362143542268
			49.5142517189722	-48.0362143542268
			49.4707800317738	-48.0362143542268
			49.4273083445754	-48.0362143542268
			49.383836657377	-47.9927426670284
			49.3403649701786	-47.9927426670284
			49.2968932829802	-47.9927426670284
			49.2534215957818	-47.9927426670284
			49.2099499085834	-47.9927426670284
			49.166478221385	-47.9927426670284
			49.1230065341866	-47.9927426670284
			49.0795348469882	-47.9927426670284
			49.0360631597899	-47.9927426670284
			48.9925914725915	-47.9927426670284
			48.9491197853931	-47.9927426670284
			48.9056480981947	-47.9927426670284
			48.8621764109963	-47.9927426670284
			48.8187047237979	-47.9927426670284
			48.7752330365995	-47.9927426670284
			48.7317613494011	-47.94927097983
			48.6882896622027	-47.94927097983
			48.6448179750043	-47.94927097983
			48.6013462878059	-47.94927097983
			48.5578746006075	-47.94927097983
			48.5144029134091	-47.94927097983
			48.4709312262107	-47.94927097983
			48.4274595390123	-47.94927097983
			48.3839878518139	-47.9057992926316
			48.3405161646155	-47.9057992926316
			48.2970444774171	-47.9057992926316
			48.2535727902187	-47.9057992926316
			48.2101011030203	-47.9057992926316
			48.166629415822	-47.9057992926316
			48.1231577286236	-47.8623276054332
			48.0796860414252	-47.8623276054332
			48.0362143542268	-47.8623276054332
			47.9927426670284	-47.8623276054332
			47.94927097983	-47.8623276054332
			47.9057992926316	-47.8188559182348
			47.8623276054332	-47.8188559182348
			47.8188559182348	-47.8188559182348
			47.7753842310364	-47.7753842310364
			47.731912543838	-47.7753842310364
			47.6884408566396	-47.7753842310364
			47.6449691694412	-47.7753842310364
			47.6014974822428	-47.731912543838
			47.5580257950444	-47.731912543838
			47.514554107846	-47.731912543838
			47.4710824206476	-47.731912543838
			47.4710824206476	-47.7753842310364
			47.4276107334492	-47.7753842310364
			47.3841390462508	-47.7753842310364
			47.3406673590524	-47.8188559182348
			47.297195671854	-47.8188559182348
			47.2537239846557	-47.8623276054332
			47.2102522974573	-47.8623276054332
			47.1667806102589	-47.8623276054332
			47.1233089230605	-47.9057992926316
			47.0798372358621	-47.9057992926316
			47.0363655486637	-47.94927097983
			46.9928938614653	-47.94927097983
			46.9494221742669	-47.94927097983
			46.9059504870685	-47.94927097983
			46.8624787998701	-47.9927426670284
			46.8190071126717	-47.9927426670284
			46.7755354254733	-47.9927426670284
			46.7320637382749	-48.0362143542268
			46.6885920510765	-48.0362143542268
			46.6451203638781	-48.0362143542268
			46.6016486766797	-48.0796860414252
			46.5581769894813	-48.0796860414252
			46.5147053022829	-48.0796860414252
			46.4712336150845	-48.0796860414252
			46.4277619278861	-48.1231577286236
			46.3842902406877	-48.1231577286236
			46.3408185534893	-48.1231577286236
			46.297346866291	-48.1231577286236
			46.2538751790926	-48.1231577286236
			46.2104034918942	-48.1231577286236
			46.1669318046958	-48.166629415822
			46.1234601174974	-48.166629415822
			46.079988430299	-48.166629415822
			46.0365167431006	-48.166629415822
			45.9930450559022	-48.166629415822
			45.9495733687038	-48.166629415822
			45.9061016815054	-48.166629415822
			45.862629994307	-48.166629415822
			45.8191583071086	-48.166629415822
			45.7756866199102	-48.2101011030203
			45.7322149327118	-48.2101011030203
			45.6887432455134	-48.2101011030203
			45.645271558315	-48.2101011030203
			45.6017998711166	-48.2101011030203
			45.5583281839182	-48.2101011030203
			45.5148564967198	-48.2101011030203
			45.4713848095214	-48.2101011030203
			45.427913122323	-48.2101011030203
			45.3844414351246	-48.2101011030203
			45.3409697479263	-48.2101011030203
			45.2974980607279	-48.2101011030203
			45.2540263735295	-48.2101011030203
			45.2105546863311	-48.2101011030203
			45.1670829991327	-48.2101011030203
			45.1236113119343	-48.2101011030203
			45.0801396247359	-48.166629415822
			45.0366679375375	-48.166629415822
			44.9931962503391	-48.166629415822
			44.9497245631407	-48.166629415822
			44.9062528759423	-48.166629415822
			44.8627811887439	-48.166629415822
			44.8193095015455	-48.166629415822
			44.7758378143471	-48.166629415822
			44.7323661271487	-48.166629415822
			44.6888944399503	-48.1231577286236
			44.6454227527519	-48.1231577286236
			44.6019510655535	-48.1231577286236
			44.5584793783551	-48.1231577286236
			44.5150076911567	-48.1231577286236
			44.4715360039583	-48.1231577286236
			44.42806431676	-48.0796860414252
			44.3845926295616	-48.0796860414252
			44.3411209423632	-48.0796860414252
			44.2976492551648	-48.0796860414252
			44.2541775679664	-48.0362143542268
			44.210705880768	-48.0362143542268
			44.1672341935696	-48.0362143542268
			44.1237625063712	-48.0362143542268
			44.0802908191728	-47.9927426670284
			44.0368191319744	-47.9927426670284
		</c2>
	</curves.scaled>
	<ruler.points type=matrix rownames=TRUE colnames=FALSE nrow=2 ncol=2 as.numeric=TRUE >
		Ruler point 1	2060	321
		Ruler point 2	2290	317
	</ruler.points>
</shapes>

