<shapes type=list>
	<ruler.pixel type=vector names=FALSE length=1 as.numeric=TRUE >231.008657846411</ruler.pixel>
	<ruler.interval type=vector names=FALSE length=1 as.numeric=TRUE >10</ruler.interval>
	<scaling.units type=vector names=FALSE length=1 as.numeric=FALSE >undefined</scaling.units>
	<scaling type=vector names=FALSE length=1 as.numeric=TRUE >0.0432884208463245</scaling>
	<landmarks.pixel type=matrix rownames=TRUE colnames=FALSE nrow=2 ncol=2 as.numeric=TRUE >
		LM1	810	1395
		LM2	1998	1417
	</landmarks.pixel>
	<landmarks.scaled type=matrix rownames=TRUE colnames=FALSE nrow=2 ncol=2 as.numeric=TRUE >
		LM1	35.0636208855228	-60.3873470806227
		LM2	86.4902648509563	-61.3396923392418
	</landmarks.scaled>
	<curves.control type=list>
		<c1 type=matrix rownames=FALSE colnames=FALSE nrow=13 ncol=2 as.numeric=TRUE >
			810	1395
			878	1162
			1006	1035
			1065	953
			1231	862
			1326	802
			1457	799
			1701	755
			1836	1020
			1938	1162
			1964	1318
			1993	1381
			1998	1417
		</c1>
		<c2 type=matrix rownames=FALSE colnames=FALSE nrow=15 ncol=2 as.numeric=TRUE >
			1998	1417
			1983	1433
			1879	1419
			1850	1426
			1819	1423
			1787	1417
			1730	1418
			1640	1407
			1563	1398
			1494	1392
			1402	1392
			1222	1396
			1033	1395
			914	1396
			810	1395
		</c2>
	</curves.control>
	<curves.pixel type=list>
		<c1 type=matrix rownames=FALSE colnames=FALSE nrow=1726 ncol=2 as.numeric=TRUE >
			810	1395
			810	1394
			811	1393
			811	1392
			811	1391
			811	1390
			812	1390
			812	1389
			812	1388
			812	1387
			813	1386
			813	1385
			813	1384
			813	1383
			814	1382
			814	1381
			815	1380
			815	1379
			815	1378
			815	1377
			816	1376
			816	1375
			816	1374
			817	1373
			817	1372
			817	1371
			818	1370
			818	1369
			818	1368
			818	1367
			819	1366
			819	1365
			819	1364
			820	1363
			820	1362
			820	1361
			821	1360
			821	1359
			822	1358
			822	1357
			822	1356
			822	1355
			823	1355
			823	1354
			823	1353
			823	1352
			824	1351
			824	1350
			824	1349
			825	1348
			825	1347
			825	1346
			826	1345
			826	1344
			826	1343
			827	1342
			827	1341
			828	1340
			828	1339
			828	1338
			828	1337
			829	1337
			829	1336
			829	1335
			829	1334
			830	1333
			830	1332
			831	1331
			831	1330
			831	1329
			832	1328
			832	1327
			832	1326
			833	1325
			833	1324
			833	1323
			834	1322
			834	1321
			834	1320
			835	1319
			835	1318
			836	1317
			836	1316
			836	1315
			837	1314
			837	1313
			837	1312
			838	1311
			838	1310
			838	1309
			839	1309
			839	1308
			839	1307
			840	1306
			840	1305
			840	1304
			841	1303
			841	1302
			842	1301
			842	1300
			842	1299
			843	1298
			843	1297
			843	1296
			844	1295
			844	1294
			844	1293
			845	1292
			846	1291
			846	1290
			846	1289
			847	1288
			847	1287
			848	1286
			848	1285
			848	1284
			848	1283
			849	1283
			849	1282
			849	1281
			850	1280
			850	1279
			851	1278
			851	1277
			852	1276
			852	1275
			852	1274
			853	1273
			853	1272
			854	1271
			854	1270
			854	1269
			855	1268
			855	1267
			856	1266
			856	1265
			856	1264
			857	1264
			857	1263
			858	1262
			858	1261
			858	1260
			859	1259
			859	1258
			860	1257
			860	1256
			860	1255
			861	1254
			861	1253
			862	1252
			862	1251
			862	1250
			863	1250
			863	1249
			864	1248
			864	1247
			865	1246
			865	1245
			865	1244
			866	1243
			866	1242
			867	1241
			867	1240
			867	1239
			868	1239
			868	1238
			869	1237
			869	1236
			870	1235
			870	1234
			870	1233
			871	1232
			871	1231
			872	1230
			873	1229
			873	1228
			874	1227
			874	1226
			874	1225
			875	1224
			875	1223
			876	1222
			876	1221
			877	1220
			877	1219
			878	1218
			878	1217
			879	1216
			879	1215
			880	1214
			880	1213
			880	1212
			881	1212
			881	1211
			882	1210
			882	1209
			883	1208
			883	1207
			884	1206
			884	1205
			885	1204
			885	1203
			886	1203
			886	1202
			886	1201
			887	1200
			887	1199
			888	1198
			888	1197
			889	1196
			889	1195
			890	1195
			890	1194
			891	1193
			891	1192
			892	1191
			892	1190
			893	1189
			893	1188
			894	1187
			895	1186
			895	1185
			896	1184
			896	1183
			897	1182
			897	1181
			898	1180
			898	1179
			899	1178
			900	1177
			900	1176
			900	1175
			901	1174
			902	1173
			902	1172
			903	1171
			903	1170
			904	1169
			905	1168
			905	1167
			906	1166
			907	1165
			907	1164
			907	1163
			908	1163
			908	1162
			908	1161
			909	1161
			909	1160
			910	1160
			910	1159
			910	1158
			911	1158
			911	1157
			911	1156
			912	1156
			912	1155
			913	1155
			913	1154
			913	1153
			914	1153
			914	1152
			915	1151
			916	1150
			916	1149
			916	1148
			917	1148
			917	1147
			918	1146
			918	1145
			919	1145
			919	1144
			920	1143
			920	1142
			921	1142
			921	1141
			922	1140
			922	1139
			923	1138
			924	1137
			924	1136
			925	1135
			926	1134
			926	1133
			927	1132
			928	1131
			929	1130
			929	1129
			930	1128
			931	1127
			931	1126
			932	1125
			933	1124
			933	1123
			934	1122
			935	1121
			935	1120
			936	1119
			937	1118
			937	1117
			938	1116
			939	1115
			939	1114
			940	1113
			941	1112
			942	1111
			942	1110
			943	1109
			944	1108
			944	1107
			945	1106
			946	1105
			947	1104
			947	1103
			948	1102
			949	1101
			949	1100
			950	1099
			951	1098
			951	1097
			952	1096
			953	1096
			954	1095
			954	1094
			955	1093
			956	1092
			957	1091
			957	1090
			958	1089
			959	1088
			959	1087
			960	1086
			961	1085
			962	1084
			963	1083
			964	1082
			965	1081
			965	1080
			966	1080
			966	1079
			967	1078
			968	1077
			969	1076
			969	1075
			970	1074
			971	1073
			972	1072
			973	1071
			974	1070
			974	1069
			975	1068
			976	1067
			977	1066
			977	1065
			978	1065
			979	1064
			980	1063
			981	1062
			981	1061
			982	1060
			983	1059
			984	1058
			985	1057
			986	1056
			987	1055
			988	1054
			989	1053
			990	1052
			991	1051
			991	1050
			992	1050
			992	1049
			993	1048
			994	1048
			994	1047
			995	1047
			995	1046
			996	1045
			997	1044
			998	1043
			999	1042
			1000	1041
			1001	1040
			1002	1040
			1002	1039
			1003	1038
			1004	1037
			1005	1036
			1006	1035
			1007	1034
			1008	1033
			1008	1032
			1009	1031
			1010	1030
			1010	1029
			1011	1028
			1012	1027
			1012	1026
			1013	1025
			1014	1025
			1015	1024
			1015	1023
			1016	1022
			1017	1021
			1018	1020
			1018	1019
			1019	1018
			1020	1017
			1021	1016
			1022	1015
			1022	1014
			1023	1013
			1024	1012
			1025	1012
			1026	1011
			1027	1010
			1027	1009
			1028	1008
			1029	1007
			1030	1006
			1031	1005
			1032	1004
			1033	1003
			1034	1002
			1034	1001
			1035	1000
			1036	999
			1037	998
			1038	997
			1039	997
			1040	996
			1041	995
			1042	994
			1043	993
			1044	992
			1045	991
			1046	990
			1047	989
			1048	988
			1049	987
			1050	986
			1051	985
			1052	984
			1053	983
			1054	982
			1055	981
			1056	980
			1057	979
			1058	979
			1059	978
			1060	977
			1061	976
			1062	975
			1063	974
			1064	974
			1064	973
			1065	972
			1066	972
			1066	971
			1067	971
			1068	970
			1069	969
			1070	968
			1071	967
			1072	966
			1073	966
			1074	965
			1075	964
			1076	963
			1077	962
			1078	961
			1079	961
			1080	960
			1081	959
			1082	958
			1083	958
			1084	957
			1085	956
			1086	955
			1087	954
			1088	954
			1089	953
			1090	952
			1091	951
			1092	951
			1093	950
			1094	949
			1095	948
			1096	948
			1097	947
			1098	946
			1099	945
			1100	945
			1101	944
			1102	943
			1103	943
			1104	942
			1105	941
			1106	940
			1107	940
			1108	939
			1109	938
			1110	937
			1111	937
			1112	936
			1113	935
			1114	935
			1115	934
			1116	933
			1117	932
			1118	932
			1119	931
			1120	930
			1121	929
			1122	929
			1123	928
			1124	927
			1125	927
			1126	926
			1127	925
			1128	924
			1129	924
			1130	923
			1131	922
			1132	922
			1133	921
			1134	920
			1135	920
			1136	919
			1137	919
			1138	918
			1139	917
			1140	916
			1141	916
			1142	915
			1143	914
			1144	914
			1145	913
			1146	913
			1147	912
			1148	911
			1149	911
			1150	910
			1151	909
			1152	909
			1153	908
			1154	907
			1155	907
			1156	906
			1157	905
			1158	905
			1159	904
			1160	904
			1161	903
			1162	902
			1163	902
			1164	901
			1165	900
			1166	900
			1167	899
			1168	898
			1169	898
			1170	897
			1171	896
			1172	896
			1173	895
			1174	895
			1175	894
			1176	894
			1177	893
			1178	893
			1179	892
			1180	891
			1181	891
			1182	890
			1183	890
			1184	889
			1185	888
			1186	888
			1187	887
			1188	887
			1189	886
			1190	886
			1190	885
			1191	884
			1192	884
			1193	883
			1194	883
			1195	882
			1196	882
			1197	881
			1198	881
			1199	880
			1200	879
			1201	879
			1202	878
			1203	878
			1204	877
			1205	877
			1206	876
			1207	875
			1208	875
			1209	874
			1210	874
			1211	873
			1212	873
			1213	872
			1214	872
			1215	871
			1216	870
			1217	870
			1218	869
			1219	869
			1220	868
			1221	868
			1222	867
			1223	866
			1224	866
			1225	865
			1226	865
			1227	864
			1228	864
			1229	863
			1230	862
			1231	862
			1232	862
			1232	861
			1233	861
			1233	860
			1234	860
			1235	860
			1235	859
			1236	859
			1237	858
			1238	858
			1239	857
			1240	856
			1241	856
			1242	856
			1242	855
			1243	855
			1244	854
			1245	854
			1245	853
			1246	853
			1247	853
			1248	852
			1249	851
			1250	851
			1251	850
			1252	850
			1253	849
			1254	849
			1255	848
			1256	848
			1257	847
			1258	847
			1258	846
			1259	846
			1260	845
			1261	845
			1262	844
			1263	844
			1264	843
			1265	843
			1266	843
			1267	842
			1268	842
			1268	841
			1269	841
			1270	840
			1271	840
			1272	839
			1273	839
			1274	839
			1275	838
			1276	838
			1277	837
			1278	837
			1279	837
			1280	836
			1281	835
			1282	835
			1283	835
			1283	834
			1284	834
			1285	834
			1286	833
			1287	833
			1288	833
			1289	832
			1290	832
			1291	831
			1292	831
			1293	830
			1294	830
			1295	830
			1296	829
			1297	829
			1298	828
			1299	828
			1300	828
			1301	827
			1302	827
			1303	827
			1304	826
			1305	826
			1306	825
			1307	825
			1308	825
			1309	824
			1310	824
			1311	824
			1312	823
			1313	823
			1314	823
			1315	822
			1316	822
			1317	822
			1318	821
			1319	821
			1320	821
			1321	820
			1322	820
			1323	820
			1324	819
			1325	819
			1326	819
			1327	819
			1328	818
			1329	818
			1330	818
			1331	817
			1332	817
			1333	817
			1334	817
			1335	816
			1336	816
			1337	816
			1338	815
			1339	815
			1340	815
			1341	815
			1342	814
			1343	814
			1344	814
			1345	814
			1346	813
			1347	813
			1348	813
			1349	813
			1350	812
			1351	812
			1352	812
			1353	812
			1354	811
			1355	811
			1356	811
			1357	811
			1358	811
			1359	810
			1360	810
			1361	810
			1362	810
			1363	809
			1364	809
			1365	809
			1366	809
			1367	809
			1368	808
			1369	808
			1370	808
			1371	808
			1372	808
			1373	808
			1374	807
			1375	807
			1376	807
			1377	807
			1378	807
			1379	806
			1380	806
			1381	806
			1382	806
			1383	806
			1384	806
			1385	805
			1386	805
			1387	805
			1388	805
			1389	805
			1390	805
			1391	805
			1392	804
			1393	804
			1394	804
			1395	804
			1396	804
			1397	804
			1398	804
			1399	803
			1400	803
			1401	803
			1402	803
			1403	803
			1404	803
			1405	803
			1406	802
			1407	802
			1408	802
			1409	802
			1410	802
			1411	802
			1412	802
			1413	802
			1414	802
			1415	801
			1416	801
			1417	801
			1418	801
			1419	801
			1420	801
			1421	801
			1422	801
			1423	801
			1424	801
			1425	801
			1426	801
			1427	800
			1428	800
			1429	800
			1430	800
			1431	800
			1432	800
			1433	800
			1434	800
			1435	800
			1436	800
			1437	800
			1438	800
			1439	800
			1440	800
			1441	800
			1442	800
			1443	799
			1444	799
			1445	799
			1446	799
			1447	799
			1448	799
			1449	799
			1450	799
			1451	799
			1452	799
			1453	799
			1454	799
			1455	799
			1456	799
			1457	799
			1458	799
			1459	799
			1460	798
			1461	798
			1462	798
			1463	798
			1464	798
			1465	798
			1466	798
			1467	797
			1468	797
			1469	797
			1470	797
			1471	797
			1472	797
			1473	796
			1474	796
			1475	796
			1476	796
			1477	796
			1478	796
			1479	796
			1480	795
			1481	795
			1482	795
			1483	795
			1484	795
			1485	795
			1486	795
			1487	795
			1488	795
			1489	795
			1490	794
			1491	794
			1492	794
			1493	794
			1494	794
			1495	794
			1496	794
			1497	794
			1498	794
			1499	794
			1500	794
			1501	794
			1502	793
			1503	793
			1504	793
			1505	793
			1506	793
			1507	793
			1508	793
			1509	793
			1510	793
			1511	793
			1512	793
			1513	793
			1514	793
			1515	793
			1516	793
			1517	793
			1518	793
			1519	793
			1520	793
			1521	793
			1522	793
			1523	793
			1524	793
			1525	793
			1526	793
			1527	793
			1528	793
			1529	793
			1530	793
			1531	793
			1532	793
			1533	793
			1534	793
			1535	793
			1536	793
			1537	793
			1538	793
			1539	793
			1540	793
			1541	793
			1542	793
			1543	793
			1544	793
			1545	793
			1546	793
			1547	794
			1548	794
			1549	794
			1550	794
			1551	794
			1552	794
			1553	794
			1554	794
			1555	794
			1556	794
			1557	794
			1558	794
			1559	795
			1560	795
			1561	795
			1562	795
			1563	795
			1564	795
			1565	795
			1566	795
			1567	796
			1568	796
			1569	796
			1570	796
			1571	796
			1572	796
			1573	796
			1574	797
			1575	797
			1576	797
			1577	797
			1578	797
			1579	797
			1580	798
			1581	798
			1582	798
			1583	798
			1584	798
			1585	798
			1585	799
			1586	799
			1587	799
			1588	799
			1589	799
			1590	800
			1591	800
			1592	800
			1593	800
			1594	801
			1595	801
			1596	801
			1597	801
			1598	801
			1599	802
			1600	802
			1601	802
			1602	802
			1602	803
			1603	803
			1604	803
			1605	803
			1606	804
			1607	804
			1608	804
			1609	804
			1610	805
			1611	805
			1612	805
			1613	806
			1614	806
			1615	806
			1616	807
			1617	807
			1618	807
			1619	808
			1620	808
			1621	808
			1622	809
			1623	809
			1624	809
			1625	810
			1626	810
			1627	810
			1628	811
			1629	811
			1630	811
			1631	812
			1632	812
			1633	812
			1634	813
			1635	813
			1636	814
			1637	814
			1638	815
			1639	815
			1640	815
			1641	816
			1642	816
			1643	816
			1643	817
			1644	817
			1645	818
			1646	818
			1647	818
			1647	819
			1648	819
			1649	819
			1650	820
			1651	820
			1652	821
			1653	821
			1654	822
			1655	822
			1656	823
			1657	823
			1658	824
			1659	824
			1660	824
			1661	825
			1662	826
			1663	827
			1664	827
			1665	827
			1665	828
			1666	828
			1667	828
			1667	829
			1668	829
			1669	829
			1669	830
			1670	830
			1671	831
			1672	831
			1673	832
			1674	833
			1675	833
			1676	833
			1677	834
			1678	835
			1679	835
			1680	836
			1681	837
			1682	837
			1683	838
			1684	838
			1685	839
			1686	840
			1687	840
			1687	841
			1688	841
			1689	842
			1690	843
			1691	843
			1692	844
			1693	844
			1694	845
			1695	846
			1696	846
			1697	847
			1698	848
			1699	849
			1700	850
			1701	850
			1702	851
			1703	852
			1704	853
			1705	853
			1706	854
			1707	854
			1707	855
			1708	856
			1709	856
			1710	857
			1711	857
			1711	858
			1712	859
			1713	859
			1714	860
			1714	861
			1715	861
			1716	862
			1717	862
			1717	863
			1718	864
			1719	864
			1720	865
			1720	866
			1721	866
			1722	867
			1723	868
			1724	868
			1724	869
			1725	870
			1726	870
			1727	871
			1727	872
			1728	872
			1729	873
			1730	874
			1731	875
			1732	876
			1733	877
			1734	878
			1735	879
			1736	880
			1737	881
			1738	881
			1739	882
			1740	883
			1740	884
			1741	885
			1742	886
			1743	887
			1744	888
			1745	888
			1746	889
			1747	890
			1747	891
			1748	892
			1749	893
			1750	894
			1751	895
			1752	896
			1753	897
			1754	898
			1755	899
			1755	900
			1756	900
			1757	901
			1757	902
			1758	903
			1759	903
			1759	904
			1760	905
			1761	906
			1762	907
			1763	908
			1764	909
			1764	910
			1765	911
			1766	912
			1767	913
			1768	914
			1769	915
			1770	916
			1770	917
			1771	918
			1772	919
			1773	920
			1773	921
			1774	922
			1775	923
			1776	924
			1777	925
			1777	926
			1778	927
			1779	928
			1780	929
			1780	930
			1781	931
			1782	932
			1782	933
			1783	934
			1784	935
			1785	936
			1785	937
			1786	938
			1787	939
			1787	940
			1788	940
			1789	941
			1790	942
			1790	943
			1791	944
			1792	945
			1792	946
			1793	947
			1793	948
			1794	948
			1794	949
			1794	950
			1795	950
			1795	951
			1796	951
			1796	952
			1797	953
			1797	954
			1798	955
			1799	956
			1800	957
			1800	958
			1801	959
			1802	960
			1802	961
			1803	962
			1803	963
			1804	964
			1805	965
			1805	966
			1806	967
			1807	968
			1807	969
			1808	970
			1809	971
			1809	972
			1810	973
			1810	974
			1811	975
			1811	976
			1812	977
			1813	978
			1813	979
			1814	980
			1815	981
			1815	982
			1816	983
			1816	984
			1817	985
			1818	986
			1818	987
			1819	988
			1819	989
			1820	990
			1821	991
			1821	992
			1822	993
			1822	994
			1823	995
			1823	996
			1824	997
			1824	998
			1825	999
			1826	1000
			1826	1001
			1826	1002
			1827	1003
			1828	1004
			1828	1005
			1829	1006
			1829	1007
			1830	1008
			1830	1009
			1831	1010
			1831	1011
			1832	1011
			1832	1012
			1833	1013
			1833	1014
			1834	1015
			1834	1016
			1835	1017
			1835	1018
			1835	1019
			1836	1020
			1837	1021
			1837	1022
			1838	1023
			1839	1024
			1840	1025
			1840	1026
			1841	1027
			1842	1028
			1842	1029
			1843	1030
			1844	1031
			1845	1032
			1845	1033
			1846	1034
			1847	1035
			1847	1036
			1848	1037
			1849	1038
			1850	1039
			1850	1040
			1851	1041
			1852	1042
			1852	1043
			1853	1044
			1853	1045
			1854	1045
			1854	1046
			1854	1047
			1855	1047
			1855	1048
			1856	1048
			1856	1049
			1856	1050
			1857	1050
			1857	1051
			1858	1052
			1858	1053
			1859	1054
			1860	1055
			1861	1056
			1861	1057
			1862	1058
			1862	1059
			1863	1059
			1863	1060
			1864	1061
			1864	1062
			1865	1062
			1865	1063
			1866	1064
			1866	1065
			1867	1066
			1867	1067
			1868	1068
			1869	1069
			1869	1070
			1870	1071
			1870	1072
			1871	1072
			1871	1073
			1872	1074
			1872	1075
			1873	1076
			1873	1077
			1874	1078
			1875	1079
			1875	1080
			1876	1080
			1876	1081
			1877	1082
			1877	1083
			1878	1084
			1878	1085
			1879	1086
			1879	1087
			1880	1088
			1880	1089
			1881	1089
			1881	1090
			1882	1091
			1882	1092
			1883	1093
			1883	1094
			1884	1095
			1884	1096
			1885	1097
			1885	1098
			1886	1099
			1887	1099
			1887	1100
			1888	1101
			1888	1102
			1889	1103
			1889	1104
			1889	1105
			1890	1106
			1890	1107
			1891	1108
			1892	1109
			1893	1110
			1893	1111
			1893	1112
			1894	1112
			1894	1113
			1894	1114
			1895	1114
			1895	1115
			1895	1116
			1896	1116
			1896	1117
			1896	1118
			1897	1118
			1897	1119
			1897	1120
			1898	1120
			1898	1121
			1898	1122
			1899	1122
			1899	1123
			1899	1124
			1900	1124
			1900	1125
			1900	1126
			1901	1126
			1901	1127
			1901	1128
			1902	1128
			1902	1129
			1903	1130
			1903	1131
			1904	1132
			1904	1133
			1904	1134
			1905	1135
			1906	1136
			1906	1137
			1907	1138
			1907	1139
			1907	1140
			1908	1141
			1908	1142
			1909	1143
			1909	1144
			1910	1145
			1910	1146
			1911	1147
			1911	1148
			1911	1149
			1912	1150
			1913	1151
			1913	1152
			1913	1153
			1914	1153
			1914	1154
			1914	1155
			1915	1156
			1915	1157
			1916	1158
			1916	1159
			1917	1160
			1917	1161
			1917	1162
			1918	1162
			1918	1163
			1918	1164
			1919	1165
			1919	1166
			1919	1167
			1920	1167
			1920	1168
			1921	1169
			1921	1170
			1921	1171
			1922	1172
			1922	1173
			1923	1174
			1923	1175
			1923	1176
			1924	1177
			1924	1178
			1925	1179
			1925	1180
			1926	1181
			1926	1182
			1926	1183
			1927	1184
			1927	1185
			1927	1186
			1928	1187
			1928	1188
			1929	1189
			1929	1190
			1929	1191
			1930	1192
			1930	1193
			1931	1194
			1931	1195
			1931	1196
			1932	1197
			1932	1198
			1932	1199
			1933	1200
			1933	1201
			1934	1202
			1934	1203
			1934	1204
			1935	1205
			1935	1206
			1935	1207
			1936	1208
			1936	1209
			1936	1210
			1937	1211
			1937	1212
			1937	1213
			1938	1214
			1938	1215
			1938	1216
			1939	1217
			1939	1218
			1939	1219
			1940	1220
			1940	1221
			1940	1222
			1941	1223
			1941	1224
			1941	1225
			1942	1226
			1942	1227
			1942	1228
			1943	1229
			1943	1230
			1943	1231
			1944	1232
			1944	1233
			1944	1234
			1944	1235
			1945	1235
			1945	1236
			1945	1237
			1945	1238
			1946	1239
			1946	1240
			1946	1241
			1947	1242
			1947	1243
			1947	1244
			1947	1245
			1948	1246
			1948	1247
			1948	1248
			1948	1249
			1949	1249
			1949	1250
			1949	1251
			1949	1252
			1950	1253
			1950	1254
			1950	1255
			1950	1256
			1951	1257
			1951	1258
			1951	1259
			1952	1260
			1952	1261
			1952	1262
			1952	1263
			1953	1264
			1953	1265
			1953	1266
			1953	1267
			1954	1268
			1954	1269
			1954	1270
			1954	1271
			1955	1272
			1955	1273
			1955	1274
			1955	1275
			1955	1276
			1956	1276
			1956	1277
			1956	1278
			1956	1279
			1957	1280
			1957	1281
			1957	1282
			1957	1283
			1957	1284
			1958	1285
			1958	1286
			1958	1287
			1958	1288
			1959	1289
			1959	1290
			1959	1291
			1959	1292
			1959	1293
			1960	1294
			1960	1295
			1960	1296
			1960	1297
			1960	1298
			1961	1299
			1961	1300
			1961	1301
			1961	1302
			1961	1303
			1962	1304
			1962	1305
			1962	1306
			1962	1307
			1962	1308
			1962	1309
			1963	1310
			1963	1311
			1963	1312
			1963	1313
			1963	1314
			1963	1315
			1964	1316
			1964	1317
			1964	1318
			1964	1319
			1965	1319
			1965	1320
			1965	1321
			1966	1322
			1966	1323
			1967	1324
			1967	1325
			1968	1326
			1968	1327
			1968	1328
			1969	1329
			1969	1330
			1970	1331
			1970	1332
			1971	1333
			1971	1334
			1972	1335
			1972	1336
			1972	1337
			1973	1337
			1973	1338
			1973	1339
			1974	1340
			1974	1341
			1975	1342
			1975	1343
			1975	1344
			1976	1345
			1976	1346
			1977	1347
			1977	1348
			1978	1349
			1978	1350
			1978	1351
			1979	1352
			1979	1353
			1980	1354
			1980	1355
			1980	1356
			1981	1357
			1981	1358
			1982	1359
			1982	1360
			1982	1361
			1983	1362
			1983	1363
			1983	1364
			1984	1365
			1984	1366
			1984	1367
			1985	1368
			1985	1369
			1985	1370
			1986	1371
			1986	1372
			1986	1373
			1987	1374
			1987	1375
			1988	1376
			1988	1377
			1988	1378
			1989	1379
			1989	1380
			1989	1381
			1990	1382
			1990	1383
			1990	1384
			1991	1385
			1991	1386
			1991	1387
			1991	1388
			1992	1389
			1992	1390
			1992	1391
			1993	1392
			1993	1393
			1993	1394
			1993	1395
			1994	1396
			1994	1397
			1994	1398
			1994	1399
			1995	1400
			1995	1401
			1995	1402
			1995	1403
			1996	1404
			1996	1405
			1996	1406
			1996	1407
			1996	1408
			1997	1409
			1997	1410
			1997	1411
			1997	1412
			1997	1413
			1998	1414
			1998	1415
			1998	1416
			1998	1417
		</c1>
		<c2 type=matrix rownames=FALSE colnames=FALSE nrow=1195 ncol=2 as.numeric=TRUE >
			1998	1417
			1997	1418
			1996	1418
			1995	1419
			1994	1420
			1993	1420
			1992	1421
			1991	1421
			1990	1422
			1989	1422
			1988	1422
			1987	1423
			1986	1423
			1985	1423
			1984	1423
			1983	1424
			1982	1424
			1981	1424
			1980	1424
			1979	1424
			1978	1424
			1977	1424
			1976	1425
			1975	1425
			1974	1425
			1973	1425
			1972	1425
			1971	1425
			1970	1425
			1969	1425
			1968	1425
			1967	1425
			1966	1425
			1965	1425
			1964	1425
			1963	1425
			1962	1425
			1961	1425
			1960	1426
			1959	1426
			1958	1426
			1957	1426
			1956	1426
			1955	1426
			1954	1426
			1953	1426
			1952	1425
			1951	1425
			1950	1425
			1949	1425
			1948	1425
			1947	1425
			1946	1425
			1945	1425
			1944	1425
			1943	1425
			1942	1425
			1941	1425
			1940	1425
			1939	1425
			1938	1425
			1937	1425
			1936	1425
			1935	1425
			1934	1425
			1933	1425
			1932	1425
			1931	1425
			1930	1424
			1929	1424
			1928	1424
			1927	1424
			1926	1424
			1925	1424
			1924	1424
			1923	1424
			1922	1424
			1921	1424
			1920	1424
			1919	1424
			1918	1423
			1917	1423
			1916	1423
			1915	1423
			1914	1423
			1913	1423
			1912	1423
			1911	1423
			1910	1423
			1909	1423
			1908	1422
			1907	1422
			1906	1422
			1905	1422
			1904	1422
			1903	1422
			1902	1422
			1901	1422
			1900	1422
			1899	1422
			1899	1421
			1898	1421
			1897	1421
			1896	1421
			1895	1421
			1894	1421
			1893	1421
			1892	1421
			1891	1421
			1890	1420
			1889	1420
			1888	1420
			1887	1420
			1886	1420
			1885	1420
			1884	1420
			1883	1420
			1882	1419
			1881	1419
			1880	1419
			1879	1419
			1878	1419
			1877	1419
			1876	1420
			1875	1420
			1874	1420
			1873	1420
			1872	1421
			1871	1421
			1870	1421
			1869	1421
			1868	1421
			1867	1421
			1866	1422
			1865	1422
			1864	1422
			1863	1422
			1862	1422
			1861	1422
			1860	1423
			1859	1423
			1858	1423
			1857	1423
			1856	1423
			1855	1423
			1854	1423
			1853	1423
			1852	1423
			1851	1423
			1850	1423
			1849	1424
			1848	1424
			1847	1424
			1846	1424
			1845	1424
			1844	1424
			1843	1424
			1842	1424
			1841	1424
			1840	1424
			1839	1424
			1838	1424
			1837	1424
			1836	1424
			1835	1424
			1834	1424
			1833	1424
			1832	1424
			1831	1424
			1830	1424
			1829	1424
			1828	1424
			1827	1424
			1826	1424
			1825	1423
			1824	1423
			1823	1423
			1822	1423
			1821	1423
			1820	1423
			1819	1423
			1818	1423
			1817	1423
			1816	1422
			1815	1422
			1814	1422
			1813	1422
			1812	1422
			1811	1422
			1810	1421
			1809	1421
			1808	1421
			1807	1421
			1806	1421
			1805	1421
			1804	1421
			1803	1421
			1802	1421
			1802	1420
			1801	1420
			1800	1420
			1799	1420
			1798	1420
			1797	1420
			1796	1420
			1795	1420
			1794	1420
			1793	1420
			1792	1420
			1791	1419
			1790	1419
			1789	1419
			1788	1419
			1787	1419
			1786	1419
			1785	1419
			1784	1419
			1783	1419
			1782	1419
			1781	1419
			1780	1419
			1779	1419
			1778	1419
			1777	1419
			1776	1418
			1775	1418
			1774	1418
			1773	1418
			1772	1418
			1771	1418
			1770	1418
			1769	1418
			1768	1418
			1767	1418
			1766	1418
			1765	1418
			1764	1418
			1763	1418
			1762	1418
			1761	1418
			1760	1418
			1759	1418
			1758	1418
			1757	1418
			1756	1418
			1755	1418
			1754	1418
			1753	1418
			1752	1418
			1751	1418
			1750	1418
			1749	1418
			1748	1418
			1747	1418
			1746	1418
			1745	1418
			1744	1418
			1743	1418
			1742	1418
			1741	1418
			1740	1418
			1739	1418
			1738	1418
			1737	1418
			1736	1418
			1735	1418
			1734	1418
			1733	1418
			1732	1418
			1731	1418
			1730	1418
			1729	1418
			1728	1418
			1727	1418
			1726	1418
			1725	1417
			1724	1417
			1723	1417
			1722	1417
			1721	1417
			1720	1417
			1719	1417
			1718	1417
			1718	1416
			1717	1416
			1716	1416
			1715	1416
			1714	1416
			1713	1416
			1712	1416
			1711	1416
			1710	1416
			1709	1415
			1708	1415
			1707	1415
			1706	1415
			1705	1415
			1704	1415
			1703	1415
			1702	1415
			1701	1415
			1701	1414
			1700	1414
			1699	1414
			1698	1414
			1697	1414
			1696	1414
			1695	1414
			1694	1414
			1693	1414
			1692	1413
			1691	1413
			1690	1413
			1689	1413
			1688	1413
			1687	1413
			1686	1413
			1685	1413
			1684	1412
			1683	1412
			1682	1412
			1681	1412
			1680	1412
			1679	1412
			1678	1412
			1677	1412
			1676	1411
			1675	1411
			1674	1411
			1673	1411
			1672	1411
			1671	1411
			1670	1411
			1669	1411
			1668	1410
			1667	1410
			1666	1410
			1665	1410
			1664	1410
			1663	1410
			1662	1410
			1661	1410
			1660	1410
			1660	1409
			1659	1409
			1658	1409
			1657	1409
			1656	1409
			1655	1409
			1654	1409
			1653	1409
			1652	1409
			1651	1408
			1650	1408
			1649	1408
			1648	1408
			1647	1408
			1646	1408
			1645	1408
			1644	1408
			1643	1408
			1643	1407
			1642	1407
			1641	1407
			1640	1407
			1639	1407
			1638	1407
			1637	1407
			1636	1407
			1635	1407
			1634	1406
			1633	1406
			1632	1406
			1631	1406
			1630	1406
			1629	1406
			1628	1406
			1627	1406
			1626	1405
			1625	1405
			1624	1405
			1623	1405
			1622	1405
			1621	1405
			1620	1405
			1619	1405
			1618	1404
			1617	1404
			1616	1404
			1615	1404
			1614	1404
			1613	1404
			1612	1404
			1611	1404
			1610	1404
			1609	1403
			1608	1403
			1607	1403
			1606	1403
			1605	1403
			1604	1403
			1603	1403
			1602	1403
			1601	1402
			1600	1402
			1599	1402
			1598	1402
			1597	1402
			1596	1402
			1595	1402
			1594	1402
			1593	1402
			1592	1401
			1591	1401
			1590	1401
			1589	1401
			1588	1401
			1587	1401
			1586	1401
			1585	1401
			1584	1400
			1583	1400
			1582	1400
			1581	1400
			1580	1400
			1579	1400
			1578	1400
			1577	1400
			1576	1400
			1575	1399
			1574	1399
			1573	1399
			1572	1399
			1571	1399
			1570	1399
			1569	1399
			1568	1399
			1567	1398
			1566	1398
			1565	1398
			1564	1398
			1563	1398
			1562	1398
			1561	1398
			1560	1398
			1559	1398
			1558	1398
			1557	1397
			1556	1397
			1555	1397
			1554	1397
			1553	1397
			1552	1397
			1551	1397
			1550	1397
			1549	1397
			1548	1397
			1547	1397
			1546	1397
			1545	1397
			1544	1396
			1543	1396
			1542	1396
			1541	1396
			1540	1396
			1539	1396
			1538	1396
			1537	1396
			1536	1396
			1535	1396
			1534	1396
			1533	1396
			1532	1396
			1531	1396
			1530	1396
			1529	1396
			1528	1395
			1527	1395
			1526	1395
			1525	1395
			1524	1395
			1523	1395
			1522	1395
			1521	1395
			1520	1395
			1519	1395
			1518	1395
			1517	1395
			1516	1395
			1515	1395
			1514	1395
			1513	1395
			1512	1395
			1511	1394
			1510	1394
			1509	1394
			1508	1394
			1507	1394
			1506	1394
			1505	1394
			1504	1394
			1503	1394
			1502	1394
			1501	1394
			1500	1394
			1499	1394
			1498	1394
			1497	1394
			1496	1394
			1495	1394
			1494	1394
			1493	1394
			1492	1394
			1491	1394
			1490	1394
			1489	1394
			1488	1393
			1487	1393
			1486	1393
			1485	1393
			1484	1393
			1483	1393
			1482	1393
			1481	1393
			1480	1393
			1479	1393
			1478	1393
			1477	1393
			1476	1393
			1475	1393
			1474	1393
			1473	1393
			1472	1393
			1471	1393
			1470	1393
			1469	1393
			1468	1393
			1467	1393
			1466	1393
			1465	1393
			1464	1393
			1463	1393
			1462	1393
			1461	1393
			1460	1393
			1459	1393
			1458	1393
			1457	1393
			1456	1393
			1455	1393
			1454	1393
			1453	1392
			1452	1392
			1451	1392
			1450	1392
			1449	1392
			1448	1392
			1447	1392
			1446	1392
			1445	1392
			1444	1392
			1443	1392
			1442	1392
			1441	1392
			1440	1392
			1439	1392
			1438	1392
			1437	1392
			1436	1392
			1435	1392
			1434	1392
			1433	1392
			1432	1392
			1431	1392
			1430	1392
			1429	1392
			1428	1392
			1427	1392
			1426	1392
			1425	1392
			1424	1392
			1423	1392
			1422	1392
			1421	1392
			1420	1392
			1419	1392
			1418	1392
			1417	1392
			1416	1392
			1415	1392
			1414	1392
			1413	1392
			1412	1392
			1411	1392
			1410	1392
			1409	1392
			1408	1392
			1407	1392
			1406	1392
			1405	1392
			1404	1392
			1403	1392
			1402	1392
			1401	1392
			1400	1392
			1399	1392
			1398	1392
			1397	1392
			1396	1392
			1395	1392
			1394	1392
			1393	1392
			1392	1392
			1391	1392
			1390	1392
			1389	1392
			1388	1392
			1387	1392
			1386	1392
			1385	1392
			1384	1392
			1383	1392
			1382	1392
			1381	1392
			1380	1392
			1379	1392
			1378	1393
			1377	1393
			1376	1393
			1375	1393
			1374	1393
			1373	1393
			1372	1393
			1371	1393
			1370	1393
			1369	1393
			1368	1393
			1367	1393
			1366	1393
			1365	1393
			1364	1393
			1363	1393
			1362	1393
			1361	1393
			1360	1393
			1359	1393
			1358	1393
			1357	1393
			1356	1393
			1355	1393
			1354	1393
			1353	1393
			1352	1393
			1351	1393
			1350	1393
			1349	1393
			1348	1393
			1347	1393
			1346	1393
			1345	1393
			1344	1393
			1343	1393
			1342	1393
			1341	1393
			1340	1393
			1339	1393
			1338	1393
			1337	1393
			1336	1393
			1335	1393
			1334	1393
			1333	1393
			1332	1393
			1331	1393
			1330	1393
			1329	1393
			1328	1393
			1327	1393
			1326	1393
			1325	1393
			1324	1393
			1323	1394
			1322	1394
			1321	1394
			1320	1394
			1319	1394
			1318	1394
			1317	1394
			1316	1394
			1315	1394
			1314	1394
			1313	1394
			1312	1394
			1311	1394
			1310	1394
			1309	1394
			1308	1394
			1307	1394
			1306	1394
			1305	1394
			1304	1394
			1303	1394
			1302	1394
			1301	1394
			1300	1394
			1299	1394
			1298	1394
			1297	1394
			1296	1394
			1295	1394
			1294	1394
			1293	1394
			1292	1394
			1291	1394
			1290	1394
			1289	1394
			1288	1394
			1287	1394
			1286	1394
			1285	1394
			1284	1394
			1283	1394
			1282	1394
			1281	1394
			1280	1394
			1279	1394
			1278	1394
			1277	1394
			1276	1394
			1275	1394
			1274	1394
			1273	1394
			1272	1394
			1271	1394
			1270	1394
			1269	1394
			1268	1394
			1267	1394
			1266	1394
			1265	1394
			1264	1394
			1263	1394
			1262	1394
			1261	1394
			1260	1394
			1259	1394
			1258	1394
			1257	1394
			1256	1394
			1255	1394
			1254	1394
			1253	1394
			1252	1394
			1251	1394
			1250	1394
			1249	1394
			1248	1394
			1247	1394
			1246	1395
			1245	1395
			1244	1395
			1243	1395
			1242	1395
			1241	1395
			1240	1395
			1239	1395
			1238	1395
			1237	1395
			1236	1395
			1235	1395
			1234	1395
			1233	1395
			1232	1395
			1231	1395
			1230	1395
			1229	1395
			1228	1395
			1227	1395
			1226	1395
			1225	1395
			1224	1395
			1223	1395
			1222	1395
			1221	1395
			1220	1395
			1219	1395
			1218	1395
			1217	1395
			1216	1395
			1215	1395
			1214	1395
			1213	1395
			1212	1395
			1211	1395
			1210	1395
			1209	1395
			1208	1395
			1207	1395
			1206	1395
			1205	1395
			1204	1395
			1203	1395
			1202	1395
			1201	1395
			1200	1395
			1199	1395
			1198	1395
			1197	1395
			1196	1395
			1195	1395
			1194	1395
			1193	1395
			1192	1395
			1191	1395
			1190	1395
			1189	1395
			1188	1395
			1187	1395
			1186	1395
			1185	1395
			1184	1395
			1183	1395
			1182	1395
			1181	1395
			1180	1395
			1179	1395
			1178	1395
			1177	1395
			1176	1395
			1175	1395
			1174	1395
			1173	1395
			1172	1395
			1171	1395
			1170	1395
			1169	1395
			1168	1395
			1167	1395
			1166	1395
			1165	1395
			1164	1395
			1163	1395
			1162	1395
			1161	1395
			1160	1395
			1159	1395
			1158	1395
			1157	1395
			1156	1395
			1155	1395
			1154	1395
			1153	1395
			1152	1395
			1151	1395
			1150	1395
			1149	1395
			1148	1395
			1147	1395
			1146	1395
			1145	1395
			1144	1395
			1143	1395
			1142	1395
			1141	1395
			1140	1395
			1139	1395
			1138	1395
			1137	1395
			1136	1395
			1135	1395
			1134	1395
			1133	1395
			1132	1395
			1131	1395
			1130	1395
			1129	1395
			1128	1395
			1127	1395
			1126	1395
			1125	1395
			1124	1395
			1123	1395
			1122	1395
			1121	1395
			1120	1395
			1119	1395
			1118	1395
			1117	1395
			1116	1395
			1115	1395
			1114	1395
			1113	1395
			1112	1395
			1111	1395
			1110	1395
			1109	1395
			1108	1395
			1107	1395
			1106	1395
			1105	1395
			1104	1395
			1103	1395
			1102	1395
			1101	1395
			1100	1395
			1099	1395
			1098	1395
			1097	1395
			1096	1395
			1095	1395
			1094	1395
			1093	1395
			1092	1395
			1091	1395
			1090	1395
			1089	1395
			1088	1395
			1087	1395
			1086	1395
			1085	1395
			1084	1395
			1083	1395
			1082	1395
			1081	1395
			1080	1395
			1079	1395
			1078	1395
			1077	1395
			1076	1395
			1075	1395
			1074	1395
			1073	1395
			1072	1395
			1071	1395
			1070	1395
			1069	1395
			1068	1395
			1067	1395
			1066	1395
			1065	1395
			1064	1395
			1063	1395
			1062	1395
			1061	1395
			1060	1395
			1059	1395
			1058	1395
			1057	1395
			1056	1395
			1055	1395
			1054	1395
			1053	1395
			1052	1395
			1051	1395
			1050	1395
			1049	1395
			1048	1395
			1047	1395
			1046	1395
			1045	1395
			1044	1395
			1043	1395
			1042	1395
			1041	1395
			1040	1395
			1039	1395
			1038	1395
			1037	1395
			1036	1395
			1035	1395
			1034	1395
			1033	1395
			1032	1395
			1031	1395
			1030	1395
			1029	1395
			1028	1395
			1027	1395
			1026	1395
			1025	1395
			1024	1395
			1023	1395
			1022	1395
			1021	1395
			1020	1395
			1019	1395
			1018	1395
			1017	1395
			1016	1395
			1015	1395
			1014	1395
			1013	1395
			1012	1395
			1011	1395
			1010	1395
			1009	1395
			1008	1395
			1007	1395
			1006	1395
			1005	1395
			1004	1395
			1003	1395
			1002	1395
			1001	1395
			1000	1395
			999	1395
			998	1395
			997	1395
			996	1395
			995	1395
			994	1395
			993	1395
			992	1395
			991	1395
			990	1395
			989	1395
			988	1395
			987	1395
			986	1395
			985	1395
			984	1395
			983	1395
			982	1395
			981	1395
			980	1395
			979	1395
			978	1395
			977	1395
			976	1395
			975	1395
			974	1395
			973	1395
			972	1395
			971	1395
			970	1395
			969	1395
			968	1395
			967	1395
			966	1395
			965	1395
			964	1395
			963	1395
			962	1395
			961	1395
			960	1395
			959	1395
			958	1395
			957	1395
			956	1395
			955	1395
			954	1395
			953	1395
			952	1395
			951	1395
			950	1395
			949	1395
			948	1395
			947	1395
			946	1395
			945	1395
			944	1395
			943	1395
			942	1395
			941	1395
			940	1395
			939	1395
			938	1395
			937	1395
			936	1395
			935	1395
			934	1395
			933	1395
			932	1395
			931	1395
			930	1395
			929	1395
			928	1395
			927	1395
			926	1395
			925	1395
			924	1395
			923	1395
			922	1395
			921	1395
			920	1395
			919	1395
			918	1395
			917	1395
			916	1395
			915	1395
			914	1395
			913	1395
			912	1395
			911	1395
			910	1395
			909	1395
			908	1395
			907	1395
			906	1395
			905	1395
			904	1395
			903	1395
			902	1395
			901	1395
			900	1395
			899	1395
			898	1395
			897	1395
			896	1395
			895	1395
			894	1395
			893	1395
			892	1395
			891	1395
			890	1395
			889	1395
			888	1395
			887	1395
			886	1395
			885	1395
			884	1395
			883	1395
			882	1395
			881	1395
			880	1395
			879	1395
			878	1395
			877	1395
			876	1395
			875	1395
			874	1395
			873	1395
			872	1395
			871	1395
			870	1395
			869	1395
			868	1395
			867	1395
			866	1395
			865	1395
			864	1395
			863	1395
			862	1395
			861	1395
			860	1395
			859	1395
			858	1395
			857	1395
			856	1395
			855	1395
			854	1395
			853	1395
			852	1395
			851	1395
			850	1395
			849	1395
			848	1395
			847	1395
			846	1395
			845	1395
			844	1395
			843	1395
			842	1395
			841	1395
			840	1395
			839	1395
			838	1395
			837	1395
			836	1395
			835	1395
			834	1395
			833	1395
			832	1395
			831	1395
			830	1395
			829	1395
			828	1395
			827	1395
			826	1395
			825	1395
			824	1395
			823	1395
			822	1395
			821	1395
			820	1395
			819	1395
			818	1395
			817	1395
			816	1395
			815	1395
			814	1395
			813	1395
			812	1395
			811	1395
			810	1395
		</c2>
	</curves.pixel>
	<curves.scaled type=list>
		<c1 type=matrix rownames=FALSE colnames=FALSE nrow=1726 ncol=2 as.numeric=TRUE >
			35.0636208855228	-60.3873470806227
			35.0636208855228	-60.3440586597763
			35.1069093063692	-60.30077023893
			35.1069093063692	-60.2574818180837
			35.1069093063692	-60.2141933972374
			35.1069093063692	-60.170904976391
			35.1501977272155	-60.170904976391
			35.1501977272155	-60.1276165555447
			35.1501977272155	-60.0843281346984
			35.1501977272155	-60.0410397138521
			35.1934861480618	-59.9977512930057
			35.1934861480618	-59.9544628721594
			35.1934861480618	-59.9111744513131
			35.1934861480618	-59.8678860304668
			35.2367745689081	-59.8245976096204
			35.2367745689081	-59.7813091887741
			35.2800629897545	-59.7380207679278
			35.2800629897545	-59.6947323470815
			35.2800629897545	-59.6514439262351
			35.2800629897545	-59.6081555053888
			35.3233514106008	-59.5648670845425
			35.3233514106008	-59.5215786636962
			35.3233514106008	-59.4782902428498
			35.3666398314471	-59.4350018220035
			35.3666398314471	-59.3917134011572
			35.3666398314471	-59.3484249803109
			35.4099282522934	-59.3051365594645
			35.4099282522934	-59.2618481386182
			35.4099282522934	-59.2185597177719
			35.4099282522934	-59.1752712969256
			35.4532166731397	-59.1319828760792
			35.4532166731397	-59.0886944552329
			35.4532166731397	-59.0454060343866
			35.4965050939861	-59.0021176135403
			35.4965050939861	-58.9588291926939
			35.4965050939861	-58.9155407718476
			35.5397935148324	-58.8722523510013
			35.5397935148324	-58.828963930155
			35.5830819356787	-58.7856755093086
			35.5830819356787	-58.7423870884623
			35.5830819356787	-58.699098667616
			35.5830819356787	-58.6558102467697
			35.6263703565251	-58.6558102467697
			35.6263703565251	-58.6125218259234
			35.6263703565251	-58.569233405077
			35.6263703565251	-58.5259449842307
			35.6696587773714	-58.4826565633844
			35.6696587773714	-58.4393681425381
			35.6696587773714	-58.3960797216917
			35.7129471982177	-58.3527913008454
			35.7129471982177	-58.3095028799991
			35.7129471982177	-58.2662144591528
			35.756235619064	-58.2229260383064
			35.756235619064	-58.1796376174601
			35.756235619064	-58.1363491966138
			35.7995240399103	-58.0930607757675
			35.7995240399103	-58.0497723549211
			35.8428124607567	-58.0064839340748
			35.8428124607567	-57.9631955132285
			35.8428124607567	-57.9199070923822
			35.8428124607567	-57.8766186715358
			35.886100881603	-57.8766186715358
			35.886100881603	-57.8333302506895
			35.886100881603	-57.7900418298432
			35.886100881603	-57.7467534089969
			35.9293893024493	-57.7034649881505
			35.9293893024493	-57.6601765673042
			35.9726777232956	-57.6168881464579
			35.9726777232956	-57.5735997256116
			35.9726777232956	-57.5303113047652
			36.015966144142	-57.4870228839189
			36.015966144142	-57.4437344630726
			36.015966144142	-57.4004460422263
			36.0592545649883	-57.3571576213799
			36.0592545649883	-57.3138692005336
			36.0592545649883	-57.2705807796873
			36.1025429858346	-57.227292358841
			36.1025429858346	-57.1840039379946
			36.1025429858346	-57.1407155171483
			36.1458314066809	-57.097427096302
			36.1458314066809	-57.0541386754557
			36.1891198275273	-57.0108502546093
			36.1891198275273	-56.967561833763
			36.1891198275273	-56.9242734129167
			36.2324082483736	-56.8809849920704
			36.2324082483736	-56.8376965712241
			36.2324082483736	-56.7944081503777
			36.2756966692199	-56.7511197295314
			36.2756966692199	-56.7078313086851
			36.2756966692199	-56.6645428878387
			36.3189850900662	-56.6645428878387
			36.3189850900662	-56.6212544669924
			36.3189850900662	-56.5779660461461
			36.3622735109126	-56.5346776252998
			36.3622735109126	-56.4913892044534
			36.3622735109126	-56.4481007836071
			36.4055619317589	-56.4048123627608
			36.4055619317589	-56.3615239419145
			36.4488503526052	-56.3182355210682
			36.4488503526052	-56.2749471002218
			36.4488503526052	-56.2316586793755
			36.4921387734515	-56.1883702585292
			36.4921387734515	-56.1450818376829
			36.4921387734515	-56.1017934168365
			36.5354271942979	-56.0585049959902
			36.5354271942979	-56.0152165751439
			36.5354271942979	-55.9719281542976
			36.5787156151442	-55.9286397334512
			36.6220040359905	-55.8853513126049
			36.6220040359905	-55.8420628917586
			36.6220040359905	-55.7987744709123
			36.6652924568368	-55.7554860500659
			36.6652924568368	-55.7121976292196
			36.7085808776832	-55.6689092083733
			36.7085808776832	-55.625620787527
			36.7085808776832	-55.5823323666806
			36.7085808776832	-55.5390439458343
			36.7518692985295	-55.5390439458343
			36.7518692985295	-55.495755524988
			36.7518692985295	-55.4524671041417
			36.7951577193758	-55.4091786832953
			36.7951577193758	-55.365890262449
			36.8384461402221	-55.3226018416027
			36.8384461402221	-55.2793134207564
			36.8817345610685	-55.23602499991
			36.8817345610685	-55.1927365790637
			36.8817345610685	-55.1494481582174
			36.9250229819148	-55.1061597373711
			36.9250229819148	-55.0628713165247
			36.9683114027611	-55.0195828956784
			36.9683114027611	-54.9762944748321
			36.9683114027611	-54.9330060539858
			37.0115998236074	-54.8897176331394
			37.0115998236074	-54.8464292122931
			37.0548882444538	-54.8031407914468
			37.0548882444538	-54.7598523706005
			37.0548882444538	-54.7165639497541
			37.0981766653001	-54.7165639497541
			37.0981766653001	-54.6732755289078
			37.1414650861464	-54.6299871080615
			37.1414650861464	-54.5866986872152
			37.1414650861464	-54.5434102663689
			37.1847535069927	-54.5001218455225
			37.1847535069927	-54.4568334246762
			37.2280419278391	-54.4135450038299
			37.2280419278391	-54.3702565829836
			37.2280419278391	-54.3269681621372
			37.2713303486854	-54.2836797412909
			37.2713303486854	-54.2403913204446
			37.3146187695317	-54.1971028995983
			37.3146187695317	-54.1538144787519
			37.3146187695317	-54.1105260579056
			37.357907190378	-54.1105260579056
			37.357907190378	-54.0672376370593
			37.4011956112244	-54.023949216213
			37.4011956112244	-53.9806607953666
			37.4444840320707	-53.9373723745203
			37.4444840320707	-53.894083953674
			37.4444840320707	-53.8507955328277
			37.487772452917	-53.8075071119813
			37.487772452917	-53.764218691135
			37.5310608737633	-53.7209302702887
			37.5310608737633	-53.6776418494424
			37.5310608737633	-53.634353428596
			37.5743492946097	-53.634353428596
			37.5743492946097	-53.5910650077497
			37.617637715456	-53.5477765869034
			37.617637715456	-53.5044881660571
			37.6609261363023	-53.4611997452107
			37.6609261363023	-53.4179113243644
			37.6609261363023	-53.3746229035181
			37.7042145571486	-53.3313344826718
			37.7042145571486	-53.2880460618254
			37.7475029779949	-53.2447576409791
			37.7907913988413	-53.2014692201328
			37.7907913988413	-53.1581807992865
			37.8340798196876	-53.1148923784401
			37.8340798196876	-53.0716039575938
			37.8340798196876	-53.0283155367475
			37.8773682405339	-52.9850271159012
			37.8773682405339	-52.9417386950548
			37.9206566613802	-52.8984502742085
			37.9206566613802	-52.8551618533622
			37.9639450822266	-52.8118734325159
			37.9639450822266	-52.7685850116695
			38.0072335030729	-52.7252965908232
			38.0072335030729	-52.6820081699769
			38.0505219239192	-52.6387197491306
			38.0505219239192	-52.5954313282842
			38.0938103447655	-52.5521429074379
			38.0938103447655	-52.5088544865916
			38.0938103447655	-52.4655660657453
			38.1370987656119	-52.4655660657453
			38.1370987656119	-52.4222776448989
			38.1803871864582	-52.3789892240526
			38.1803871864582	-52.3357008032063
			38.2236756073045	-52.29241238236
			38.2236756073045	-52.2491239615137
			38.2669640281508	-52.2058355406673
			38.2669640281508	-52.162547119821
			38.3102524489972	-52.1192586989747
			38.3102524489972	-52.0759702781284
			38.3535408698435	-52.0759702781284
			38.3535408698435	-52.032681857282
			38.3535408698435	-51.9893934364357
			38.3968292906898	-51.9461050155894
			38.3968292906898	-51.9028165947431
			38.4401177115361	-51.8595281738967
			38.4401177115361	-51.8162397530504
			38.4834061323825	-51.7729513322041
			38.4834061323825	-51.7296629113578
			38.5266945532288	-51.7296629113578
			38.5266945532288	-51.6863744905114
			38.5699829740751	-51.6430860696651
			38.5699829740751	-51.5997976488188
			38.6132713949214	-51.5565092279725
			38.6132713949214	-51.5132208071261
			38.6565598157678	-51.4699323862798
			38.6565598157678	-51.4266439654335
			38.6998482366141	-51.3833555445872
			38.7431366574604	-51.3400671237408
			38.7431366574604	-51.2967787028945
			38.7864250783067	-51.2534902820482
			38.7864250783067	-51.2102018612019
			38.8297134991531	-51.1669134403555
			38.8297134991531	-51.1236250195092
			38.8730019199994	-51.0803365986629
			38.8730019199994	-51.0370481778166
			38.9162903408457	-50.9937597569702
			38.959578761692	-50.9504713361239
			38.959578761692	-50.9071829152776
			38.959578761692	-50.8638944944313
			39.0028671825384	-50.8206060735849
			39.0461556033847	-50.7773176527386
			39.0461556033847	-50.7340292318923
			39.089444024231	-50.690740811046
			39.089444024231	-50.6474523901996
			39.1327324450773	-50.6041639693533
			39.1760208659237	-50.560875548507
			39.1760208659237	-50.5175871276607
			39.21930928677	-50.4742987068143
			39.2625977076163	-50.431010285968
			39.2625977076163	-50.3877218651217
			39.2625977076163	-50.3444334442754
			39.3058861284626	-50.3444334442754
			39.3058861284626	-50.3011450234291
			39.3058861284626	-50.2578566025827
			39.349174549309	-50.2578566025827
			39.349174549309	-50.2145681817364
			39.3924629701553	-50.2145681817364
			39.3924629701553	-50.1712797608901
			39.3924629701553	-50.1279913400437
			39.4357513910016	-50.1279913400437
			39.4357513910016	-50.0847029191974
			39.4357513910016	-50.0414144983511
			39.4790398118479	-50.0414144983511
			39.4790398118479	-49.9981260775048
			39.5223282326943	-49.9981260775048
			39.5223282326943	-49.9548376566585
			39.5223282326943	-49.9115492358121
			39.5656166535406	-49.9115492358121
			39.5656166535406	-49.8682608149658
			39.6089050743869	-49.8249723941195
			39.6521934952332	-49.7816839732732
			39.6521934952332	-49.7383955524268
			39.6521934952332	-49.6951071315805
			39.6954819160796	-49.6951071315805
			39.6954819160796	-49.6518187107342
			39.7387703369259	-49.6085302898879
			39.7387703369259	-49.5652418690415
			39.7820587577722	-49.5652418690415
			39.7820587577722	-49.5219534481952
			39.8253471786185	-49.4786650273489
			39.8253471786185	-49.4353766065026
			39.8686355994649	-49.4353766065026
			39.8686355994649	-49.3920881856562
			39.9119240203112	-49.3487997648099
			39.9119240203112	-49.3055113439636
			39.9552124411575	-49.2622229231173
			39.9985008620038	-49.2189345022709
			39.9985008620038	-49.1756460814246
			40.0417892828501	-49.1323576605783
			40.0850777036965	-49.089069239732
			40.0850777036965	-49.0457808188856
			40.1283661245428	-49.0024923980393
			40.1716545453891	-48.959203977193
			40.2149429662354	-48.9159155563467
			40.2149429662354	-48.8726271355003
			40.2582313870818	-48.829338714654
			40.3015198079281	-48.7860502938077
			40.3015198079281	-48.7427618729614
			40.3448082287744	-48.699473452115
			40.3880966496207	-48.6561850312687
			40.3880966496207	-48.6128966104224
			40.4313850704671	-48.5696081895761
			40.4746734913134	-48.5263197687297
			40.4746734913134	-48.4830313478834
			40.5179619121597	-48.4397429270371
			40.561250333006	-48.3964545061908
			40.561250333006	-48.3531660853444
			40.6045387538524	-48.3098776644981
			40.6478271746987	-48.2665892436518
			40.6478271746987	-48.2233008228055
			40.691115595545	-48.1800124019592
			40.7344040163913	-48.1367239811128
			40.7776924372377	-48.0934355602665
			40.7776924372377	-48.0501471394202
			40.820980858084	-48.0068587185739
			40.8642692789303	-47.9635702977275
			40.8642692789303	-47.9202818768812
			40.9075576997766	-47.8769934560349
			40.950846120623	-47.8337050351886
			40.9941345414693	-47.7904166143422
			40.9941345414693	-47.7471281934959
			41.0374229623156	-47.7038397726496
			41.0807113831619	-47.6605513518033
			41.0807113831619	-47.6172629309569
			41.1239998040083	-47.5739745101106
			41.1672882248546	-47.5306860892643
			41.1672882248546	-47.487397668418
			41.2105766457009	-47.4441092475716
			41.2538650665472	-47.4441092475716
			41.2971534873936	-47.4008208267253
			41.2971534873936	-47.357532405879
			41.3404419082399	-47.3142439850327
			41.3837303290862	-47.2709555641863
			41.4270187499325	-47.22766714334
			41.4270187499325	-47.1843787224937
			41.4703071707789	-47.1410903016474
			41.5135955916252	-47.097801880801
			41.5135955916252	-47.0545134599547
			41.5568840124715	-47.0112250391084
			41.6001724333178	-46.9679366182621
			41.6434608541642	-46.9246481974157
			41.6867492750105	-46.8813597765694
			41.7300376958568	-46.8380713557231
			41.7733261167031	-46.7947829348768
			41.7733261167031	-46.7514945140304
			41.8166145375494	-46.7514945140304
			41.8166145375494	-46.7082060931841
			41.8599029583958	-46.6649176723378
			41.9031913792421	-46.6216292514915
			41.9464798000884	-46.5783408306451
			41.9464798000884	-46.5350524097988
			41.9897682209347	-46.4917639889525
			42.0330566417811	-46.4484755681062
			42.0763450626274	-46.4051871472598
			42.1196334834737	-46.3618987264135
			42.1629219043201	-46.3186103055672
			42.1629219043201	-46.2753218847209
			42.2062103251664	-46.2320334638746
			42.2494987460127	-46.1887450430282
			42.292787166859	-46.1454566221819
			42.292787166859	-46.1021682013356
			42.3360755877053	-46.1021682013356
			42.3793640085517	-46.0588797804892
			42.422652429398	-46.0155913596429
			42.4659408502443	-45.9723029387966
			42.4659408502443	-45.9290145179503
			42.5092292710906	-45.885726097104
			42.552517691937	-45.8424376762576
			42.5958061127833	-45.7991492554113
			42.6390945336296	-45.755860834565
			42.6823829544759	-45.7125724137187
			42.7256713753223	-45.6692839928723
			42.7689597961686	-45.625995572026
			42.8122482170149	-45.5827071511797
			42.8555366378612	-45.5394187303334
			42.8988250587076	-45.496130309487
			42.8988250587076	-45.4528418886407
			42.9421134795539	-45.4528418886407
			42.9421134795539	-45.4095534677944
			42.9854019004002	-45.3662650469481
			43.0286903212465	-45.3662650469481
			43.0286903212465	-45.3229766261017
			43.0719787420929	-45.3229766261017
			43.0719787420929	-45.2796882052554
			43.1152671629392	-45.2363997844091
			43.1585555837855	-45.1931113635628
			43.2018440046318	-45.1498229427164
			43.2451324254782	-45.1065345218701
			43.2884208463245	-45.0632461010238
			43.3317092671708	-45.0199576801775
			43.3749976880171	-45.0199576801775
			43.3749976880171	-44.9766692593311
			43.4182861088635	-44.9333808384848
			43.4615745297098	-44.8900924176385
			43.5048629505561	-44.8468039967922
			43.5481513714024	-44.8035155759458
			43.5914397922488	-44.7602271550995
			43.6347282130951	-44.7169387342532
			43.6347282130951	-44.6736503134069
			43.6780166339414	-44.6303618925605
			43.7213050547877	-44.5870734717142
			43.7213050547877	-44.5437850508679
			43.7645934756341	-44.5004966300216
			43.8078818964804	-44.4572082091752
			43.8078818964804	-44.4139197883289
			43.8511703173267	-44.3706313674826
			43.894458738173	-44.3706313674826
			43.9377471590194	-44.3273429466363
			43.9377471590194	-44.2840545257899
			43.9810355798657	-44.2407661049436
			44.024324000712	-44.1974776840973
			44.0676124215583	-44.154189263251
			44.0676124215583	-44.1109008424046
			44.1109008424046	-44.0676124215583
			44.154189263251	-44.024324000712
			44.1974776840973	-43.9810355798657
			44.2407661049436	-43.9377471590194
			44.2407661049436	-43.894458738173
			44.2840545257899	-43.8511703173267
			44.3273429466363	-43.8078818964804
			44.3706313674826	-43.8078818964804
			44.4139197883289	-43.7645934756341
			44.4572082091752	-43.7213050547877
			44.4572082091752	-43.6780166339414
			44.5004966300216	-43.6347282130951
			44.5437850508679	-43.5914397922488
			44.5870734717142	-43.5481513714024
			44.6303618925605	-43.5048629505561
			44.6736503134069	-43.4615745297098
			44.7169387342532	-43.4182861088635
			44.7602271550995	-43.3749976880171
			44.7602271550995	-43.3317092671708
			44.8035155759458	-43.2884208463245
			44.8468039967922	-43.2451324254782
			44.8900924176385	-43.2018440046318
			44.9333808384848	-43.1585555837855
			44.9766692593311	-43.1585555837855
			45.0199576801775	-43.1152671629392
			45.0632461010238	-43.0719787420929
			45.1065345218701	-43.0286903212465
			45.1498229427164	-42.9854019004002
			45.1931113635628	-42.9421134795539
			45.2363997844091	-42.8988250587076
			45.2796882052554	-42.8555366378612
			45.3229766261017	-42.8122482170149
			45.3662650469481	-42.7689597961686
			45.4095534677944	-42.7256713753223
			45.4528418886407	-42.6823829544759
			45.496130309487	-42.6390945336296
			45.5394187303334	-42.5958061127833
			45.5827071511797	-42.552517691937
			45.625995572026	-42.5092292710906
			45.6692839928723	-42.4659408502443
			45.7125724137187	-42.422652429398
			45.755860834565	-42.3793640085517
			45.7991492554113	-42.3793640085517
			45.8424376762576	-42.3360755877053
			45.885726097104	-42.292787166859
			45.9290145179503	-42.2494987460127
			45.9723029387966	-42.2062103251664
			46.0155913596429	-42.1629219043201
			46.0588797804892	-42.1629219043201
			46.0588797804892	-42.1196334834737
			46.1021682013356	-42.0763450626274
			46.1454566221819	-42.0763450626274
			46.1454566221819	-42.0330566417811
			46.1887450430282	-42.0330566417811
			46.2320334638746	-41.9897682209347
			46.2753218847209	-41.9464798000884
			46.3186103055672	-41.9031913792421
			46.3618987264135	-41.8599029583958
			46.4051871472598	-41.8166145375494
			46.4484755681062	-41.8166145375494
			46.4917639889525	-41.7733261167031
			46.5350524097988	-41.7300376958568
			46.5783408306451	-41.6867492750105
			46.6216292514915	-41.6434608541642
			46.6649176723378	-41.6001724333178
			46.7082060931841	-41.6001724333178
			46.7514945140304	-41.5568840124715
			46.7947829348768	-41.5135955916252
			46.8380713557231	-41.4703071707789
			46.8813597765694	-41.4703071707789
			46.9246481974157	-41.4270187499325
			46.9679366182621	-41.3837303290862
			47.0112250391084	-41.3404419082399
			47.0545134599547	-41.2971534873936
			47.097801880801	-41.2971534873936
			47.1410903016474	-41.2538650665472
			47.1843787224937	-41.2105766457009
			47.22766714334	-41.1672882248546
			47.2709555641863	-41.1672882248546
			47.3142439850327	-41.1239998040083
			47.357532405879	-41.0807113831619
			47.4008208267253	-41.0374229623156
			47.4441092475716	-41.0374229623156
			47.487397668418	-40.9941345414693
			47.5306860892643	-40.950846120623
			47.5739745101106	-40.9075576997766
			47.6172629309569	-40.9075576997766
			47.6605513518033	-40.8642692789303
			47.7038397726496	-40.820980858084
			47.7471281934959	-40.820980858084
			47.7904166143422	-40.7776924372377
			47.8337050351886	-40.7344040163913
			47.8769934560349	-40.691115595545
			47.9202818768812	-40.691115595545
			47.9635702977275	-40.6478271746987
			48.0068587185739	-40.6045387538524
			48.0501471394202	-40.561250333006
			48.0934355602665	-40.561250333006
			48.1367239811128	-40.5179619121597
			48.1800124019592	-40.4746734913134
			48.2233008228055	-40.4746734913134
			48.2665892436518	-40.4313850704671
			48.3098776644981	-40.3880966496207
			48.3531660853444	-40.3448082287744
			48.3964545061908	-40.3448082287744
			48.4397429270371	-40.3015198079281
			48.4830313478834	-40.2582313870818
			48.5263197687297	-40.2149429662354
			48.5696081895761	-40.2149429662354
			48.6128966104224	-40.1716545453891
			48.6561850312687	-40.1283661245428
			48.699473452115	-40.1283661245428
			48.7427618729614	-40.0850777036965
			48.7860502938077	-40.0417892828501
			48.829338714654	-39.9985008620038
			48.8726271355003	-39.9985008620038
			48.9159155563467	-39.9552124411575
			48.959203977193	-39.9119240203112
			49.0024923980393	-39.9119240203112
			49.0457808188856	-39.8686355994649
			49.089069239732	-39.8253471786185
			49.1323576605783	-39.8253471786185
			49.1756460814246	-39.7820587577722
			49.2189345022709	-39.7820587577722
			49.2622229231173	-39.7387703369259
			49.3055113439636	-39.6954819160796
			49.3487997648099	-39.6521934952332
			49.3920881856562	-39.6521934952332
			49.4353766065026	-39.6089050743869
			49.4786650273489	-39.5656166535406
			49.5219534481952	-39.5656166535406
			49.5652418690415	-39.5223282326943
			49.6085302898879	-39.5223282326943
			49.6518187107342	-39.4790398118479
			49.6951071315805	-39.4357513910016
			49.7383955524268	-39.4357513910016
			49.7816839732732	-39.3924629701553
			49.8249723941195	-39.349174549309
			49.8682608149658	-39.349174549309
			49.9115492358121	-39.3058861284626
			49.9548376566585	-39.2625977076163
			49.9981260775048	-39.2625977076163
			50.0414144983511	-39.21930928677
			50.0847029191974	-39.1760208659237
			50.1279913400437	-39.1760208659237
			50.1712797608901	-39.1327324450773
			50.2145681817364	-39.1327324450773
			50.2578566025827	-39.089444024231
			50.3011450234291	-39.0461556033847
			50.3444334442754	-39.0461556033847
			50.3877218651217	-39.0028671825384
			50.431010285968	-38.959578761692
			50.4742987068143	-38.959578761692
			50.5175871276607	-38.9162903408457
			50.560875548507	-38.8730019199994
			50.6041639693533	-38.8730019199994
			50.6474523901996	-38.8297134991531
			50.690740811046	-38.7864250783067
			50.7340292318923	-38.7864250783067
			50.7773176527386	-38.7431366574604
			50.8206060735849	-38.7431366574604
			50.8638944944313	-38.6998482366141
			50.9071829152776	-38.6998482366141
			50.9504713361239	-38.6565598157678
			50.9937597569702	-38.6565598157678
			51.0370481778166	-38.6132713949214
			51.0803365986629	-38.5699829740751
			51.1236250195092	-38.5699829740751
			51.1669134403555	-38.5266945532288
			51.2102018612019	-38.5266945532288
			51.2534902820482	-38.4834061323825
			51.2967787028945	-38.4401177115361
			51.3400671237408	-38.4401177115361
			51.3833555445872	-38.3968292906898
			51.4266439654335	-38.3968292906898
			51.4699323862798	-38.3535408698435
			51.5132208071261	-38.3535408698435
			51.5132208071261	-38.3102524489972
			51.5565092279725	-38.2669640281508
			51.5997976488188	-38.2669640281508
			51.6430860696651	-38.2236756073045
			51.6863744905114	-38.2236756073045
			51.7296629113578	-38.1803871864582
			51.7729513322041	-38.1803871864582
			51.8162397530504	-38.1370987656119
			51.8595281738967	-38.1370987656119
			51.9028165947431	-38.0938103447655
			51.9461050155894	-38.0505219239192
			51.9893934364357	-38.0505219239192
			52.032681857282	-38.0072335030729
			52.0759702781284	-38.0072335030729
			52.1192586989747	-37.9639450822266
			52.162547119821	-37.9639450822266
			52.2058355406673	-37.9206566613802
			52.2491239615137	-37.8773682405339
			52.29241238236	-37.8773682405339
			52.3357008032063	-37.8340798196876
			52.3789892240526	-37.8340798196876
			52.4222776448989	-37.7907913988413
			52.4655660657453	-37.7907913988413
			52.5088544865916	-37.7475029779949
			52.5521429074379	-37.7475029779949
			52.5954313282842	-37.7042145571486
			52.6387197491306	-37.6609261363023
			52.6820081699769	-37.6609261363023
			52.7252965908232	-37.617637715456
			52.7685850116695	-37.617637715456
			52.8118734325159	-37.5743492946097
			52.8551618533622	-37.5743492946097
			52.8984502742085	-37.5310608737633
			52.9417386950548	-37.487772452917
			52.9850271159012	-37.487772452917
			53.0283155367475	-37.4444840320707
			53.0716039575938	-37.4444840320707
			53.1148923784401	-37.4011956112244
			53.1581807992865	-37.4011956112244
			53.2014692201328	-37.357907190378
			53.2447576409791	-37.3146187695317
			53.2880460618254	-37.3146187695317
			53.3313344826718	-37.3146187695317
			53.3313344826718	-37.2713303486854
			53.3746229035181	-37.2713303486854
			53.3746229035181	-37.2280419278391
			53.4179113243644	-37.2280419278391
			53.4611997452107	-37.2280419278391
			53.4611997452107	-37.1847535069927
			53.5044881660571	-37.1847535069927
			53.5477765869034	-37.1414650861464
			53.5910650077497	-37.1414650861464
			53.634353428596	-37.0981766653001
			53.6776418494424	-37.0548882444538
			53.7209302702887	-37.0548882444538
			53.764218691135	-37.0548882444538
			53.764218691135	-37.0115998236074
			53.8075071119813	-37.0115998236074
			53.8507955328277	-36.9683114027611
			53.894083953674	-36.9683114027611
			53.894083953674	-36.9250229819148
			53.9373723745203	-36.9250229819148
			53.9806607953666	-36.9250229819148
			54.023949216213	-36.8817345610685
			54.0672376370593	-36.8384461402221
			54.1105260579056	-36.8384461402221
			54.1538144787519	-36.7951577193758
			54.1971028995983	-36.7951577193758
			54.2403913204446	-36.7518692985295
			54.2836797412909	-36.7518692985295
			54.3269681621372	-36.7085808776832
			54.3702565829836	-36.7085808776832
			54.4135450038299	-36.6652924568368
			54.4568334246762	-36.6652924568368
			54.4568334246762	-36.6220040359905
			54.5001218455225	-36.6220040359905
			54.5434102663689	-36.5787156151442
			54.5866986872152	-36.5787156151442
			54.6299871080615	-36.5354271942979
			54.6732755289078	-36.5354271942979
			54.7165639497541	-36.4921387734515
			54.7598523706005	-36.4921387734515
			54.8031407914468	-36.4921387734515
			54.8464292122931	-36.4488503526052
			54.8897176331394	-36.4488503526052
			54.8897176331394	-36.4055619317589
			54.9330060539858	-36.4055619317589
			54.9762944748321	-36.3622735109126
			55.0195828956784	-36.3622735109126
			55.0628713165247	-36.3189850900662
			55.1061597373711	-36.3189850900662
			55.1494481582174	-36.3189850900662
			55.1927365790637	-36.2756966692199
			55.23602499991	-36.2756966692199
			55.2793134207564	-36.2324082483736
			55.3226018416027	-36.2324082483736
			55.365890262449	-36.2324082483736
			55.4091786832953	-36.1891198275273
			55.4524671041417	-36.1458314066809
			55.495755524988	-36.1458314066809
			55.5390439458343	-36.1458314066809
			55.5390439458343	-36.1025429858346
			55.5823323666806	-36.1025429858346
			55.625620787527	-36.1025429858346
			55.6689092083733	-36.0592545649883
			55.7121976292196	-36.0592545649883
			55.7554860500659	-36.0592545649883
			55.7987744709123	-36.015966144142
			55.8420628917586	-36.015966144142
			55.8853513126049	-35.9726777232956
			55.9286397334512	-35.9726777232956
			55.9719281542976	-35.9293893024493
			56.0152165751439	-35.9293893024493
			56.0585049959902	-35.9293893024493
			56.1017934168365	-35.886100881603
			56.1450818376829	-35.886100881603
			56.1883702585292	-35.8428124607567
			56.2316586793755	-35.8428124607567
			56.2749471002218	-35.8428124607567
			56.3182355210682	-35.7995240399103
			56.3615239419145	-35.7995240399103
			56.4048123627608	-35.7995240399103
			56.4481007836071	-35.756235619064
			56.4913892044534	-35.756235619064
			56.5346776252998	-35.7129471982177
			56.5779660461461	-35.7129471982177
			56.6212544669924	-35.7129471982177
			56.6645428878387	-35.6696587773714
			56.7078313086851	-35.6696587773714
			56.7511197295314	-35.6696587773714
			56.7944081503777	-35.6263703565251
			56.8376965712241	-35.6263703565251
			56.8809849920704	-35.6263703565251
			56.9242734129167	-35.5830819356787
			56.967561833763	-35.5830819356787
			57.0108502546093	-35.5830819356787
			57.0541386754557	-35.5397935148324
			57.097427096302	-35.5397935148324
			57.1407155171483	-35.5397935148324
			57.1840039379946	-35.4965050939861
			57.227292358841	-35.4965050939861
			57.2705807796873	-35.4965050939861
			57.3138692005336	-35.4532166731397
			57.3571576213799	-35.4532166731397
			57.4004460422263	-35.4532166731397
			57.4437344630726	-35.4532166731397
			57.4870228839189	-35.4099282522934
			57.5303113047652	-35.4099282522934
			57.5735997256116	-35.4099282522934
			57.6168881464579	-35.3666398314471
			57.6601765673042	-35.3666398314471
			57.7034649881505	-35.3666398314471
			57.7467534089969	-35.3666398314471
			57.7900418298432	-35.3233514106008
			57.8333302506895	-35.3233514106008
			57.8766186715358	-35.3233514106008
			57.9199070923822	-35.2800629897545
			57.9631955132285	-35.2800629897545
			58.0064839340748	-35.2800629897545
			58.0497723549211	-35.2800629897545
			58.0930607757675	-35.2367745689081
			58.1363491966138	-35.2367745689081
			58.1796376174601	-35.2367745689081
			58.2229260383064	-35.2367745689081
			58.2662144591528	-35.1934861480618
			58.3095028799991	-35.1934861480618
			58.3527913008454	-35.1934861480618
			58.3960797216917	-35.1934861480618
			58.4393681425381	-35.1501977272155
			58.4826565633844	-35.1501977272155
			58.5259449842307	-35.1501977272155
			58.569233405077	-35.1501977272155
			58.6125218259234	-35.1069093063692
			58.6558102467697	-35.1069093063692
			58.699098667616	-35.1069093063692
			58.7423870884623	-35.1069093063692
			58.7856755093086	-35.1069093063692
			58.828963930155	-35.0636208855228
			58.8722523510013	-35.0636208855228
			58.9155407718476	-35.0636208855228
			58.9588291926939	-35.0636208855228
			59.0021176135403	-35.0203324646765
			59.0454060343866	-35.0203324646765
			59.0886944552329	-35.0203324646765
			59.1319828760792	-35.0203324646765
			59.1752712969256	-35.0203324646765
			59.2185597177719	-34.9770440438302
			59.2618481386182	-34.9770440438302
			59.3051365594645	-34.9770440438302
			59.3484249803109	-34.9770440438302
			59.3917134011572	-34.9770440438302
			59.4350018220035	-34.9770440438302
			59.4782902428498	-34.9337556229839
			59.5215786636962	-34.9337556229839
			59.5648670845425	-34.9337556229839
			59.6081555053888	-34.9337556229839
			59.6514439262351	-34.9337556229839
			59.6947323470815	-34.8904672021375
			59.7380207679278	-34.8904672021375
			59.7813091887741	-34.8904672021375
			59.8245976096204	-34.8904672021375
			59.8678860304668	-34.8904672021375
			59.9111744513131	-34.8904672021375
			59.9544628721594	-34.8471787812912
			59.9977512930057	-34.8471787812912
			60.0410397138521	-34.8471787812912
			60.0843281346984	-34.8471787812912
			60.1276165555447	-34.8471787812912
			60.170904976391	-34.8471787812912
			60.2141933972374	-34.8471787812912
			60.2574818180837	-34.8038903604449
			60.30077023893	-34.8038903604449
			60.3440586597763	-34.8038903604449
			60.3873470806227	-34.8038903604449
			60.430635501469	-34.8038903604449
			60.4739239223153	-34.8038903604449
			60.5172123431616	-34.8038903604449
			60.560500764008	-34.7606019395986
			60.6037891848543	-34.7606019395986
			60.6470776057006	-34.7606019395986
			60.6903660265469	-34.7606019395986
			60.7336544473932	-34.7606019395986
			60.7769428682396	-34.7606019395986
			60.8202312890859	-34.7606019395986
			60.8635197099322	-34.7173135187522
			60.9068081307786	-34.7173135187522
			60.9500965516249	-34.7173135187522
			60.9933849724712	-34.7173135187522
			61.0366733933175	-34.7173135187522
			61.0799618141638	-34.7173135187522
			61.1232502350102	-34.7173135187522
			61.1665386558565	-34.7173135187522
			61.2098270767028	-34.7173135187522
			61.2531154975491	-34.6740250979059
			61.2964039183955	-34.6740250979059
			61.3396923392418	-34.6740250979059
			61.3829807600881	-34.6740250979059
			61.4262691809344	-34.6740250979059
			61.4695576017808	-34.6740250979059
			61.5128460226271	-34.6740250979059
			61.5561344434734	-34.6740250979059
			61.5994228643197	-34.6740250979059
			61.6427112851661	-34.6740250979059
			61.6859997060124	-34.6740250979059
			61.7292881268587	-34.6740250979059
			61.772576547705	-34.6307366770596
			61.8158649685514	-34.6307366770596
			61.8591533893977	-34.6307366770596
			61.902441810244	-34.6307366770596
			61.9457302310903	-34.6307366770596
			61.9890186519367	-34.6307366770596
			62.032307072783	-34.6307366770596
			62.0755954936293	-34.6307366770596
			62.1188839144756	-34.6307366770596
			62.162172335322	-34.6307366770596
			62.2054607561683	-34.6307366770596
			62.2487491770146	-34.6307366770596
			62.2920375978609	-34.6307366770596
			62.3353260187073	-34.6307366770596
			62.3786144395536	-34.6307366770596
			62.4219028603999	-34.6307366770596
			62.4651912812462	-34.5874482562133
			62.5084797020926	-34.5874482562133
			62.5517681229389	-34.5874482562133
			62.5950565437852	-34.5874482562133
			62.6383449646315	-34.5874482562133
			62.6816333854779	-34.5874482562133
			62.7249218063242	-34.5874482562133
			62.7682102271705	-34.5874482562133
			62.8114986480168	-34.5874482562133
			62.8547870688632	-34.5874482562133
			62.8980754897095	-34.5874482562133
			62.9413639105558	-34.5874482562133
			62.9846523314021	-34.5874482562133
			63.0279407522484	-34.5874482562133
			63.0712291730948	-34.5874482562133
			63.1145175939411	-34.5874482562133
			63.1578060147874	-34.5874482562133
			63.2010944356337	-34.5441598353669
			63.2443828564801	-34.5441598353669
			63.2876712773264	-34.5441598353669
			63.3309596981727	-34.5441598353669
			63.374248119019	-34.5441598353669
			63.4175365398654	-34.5441598353669
			63.4608249607117	-34.5441598353669
			63.504113381558	-34.5008714145206
			63.5474018024043	-34.5008714145206
			63.5906902232507	-34.5008714145206
			63.633978644097	-34.5008714145206
			63.6772670649433	-34.5008714145206
			63.7205554857896	-34.5008714145206
			63.763843906636	-34.4575829936743
			63.8071323274823	-34.4575829936743
			63.8504207483286	-34.4575829936743
			63.8937091691749	-34.4575829936743
			63.9369975900213	-34.4575829936743
			63.9802860108676	-34.4575829936743
			64.0235744317139	-34.4575829936743
			64.0668628525602	-34.414294572828
			64.1101512734066	-34.414294572828
			64.1534396942529	-34.414294572828
			64.1967281150992	-34.414294572828
			64.2400165359455	-34.414294572828
			64.2833049567919	-34.414294572828
			64.3265933776382	-34.414294572828
			64.3698817984845	-34.414294572828
			64.4131702193308	-34.414294572828
			64.4564586401772	-34.414294572828
			64.4997470610235	-34.3710061519816
			64.5430354818698	-34.3710061519816
			64.5863239027161	-34.3710061519816
			64.6296123235625	-34.3710061519816
			64.6729007444088	-34.3710061519816
			64.7161891652551	-34.3710061519816
			64.7594775861014	-34.3710061519816
			64.8027660069477	-34.3710061519816
			64.8460544277941	-34.3710061519816
			64.8893428486404	-34.3710061519816
			64.9326312694867	-34.3710061519816
			64.975919690333	-34.3710061519816
			65.0192081111794	-34.3277177311353
			65.0624965320257	-34.3277177311353
			65.105784952872	-34.3277177311353
			65.1490733737184	-34.3277177311353
			65.1923617945647	-34.3277177311353
			65.235650215411	-34.3277177311353
			65.2789386362573	-34.3277177311353
			65.3222270571036	-34.3277177311353
			65.36551547795	-34.3277177311353
			65.4088038987963	-34.3277177311353
			65.4520923196426	-34.3277177311353
			65.4953807404889	-34.3277177311353
			65.5386691613353	-34.3277177311353
			65.5819575821816	-34.3277177311353
			65.6252460030279	-34.3277177311353
			65.6685344238742	-34.3277177311353
			65.7118228447206	-34.3277177311353
			65.7551112655669	-34.3277177311353
			65.7983996864132	-34.3277177311353
			65.8416881072595	-34.3277177311353
			65.8849765281059	-34.3277177311353
			65.9282649489522	-34.3277177311353
			65.9715533697985	-34.3277177311353
			66.0148417906448	-34.3277177311353
			66.0581302114912	-34.3277177311353
			66.1014186323375	-34.3277177311353
			66.1447070531838	-34.3277177311353
			66.1879954740301	-34.3277177311353
			66.2312838948765	-34.3277177311353
			66.2745723157228	-34.3277177311353
			66.3178607365691	-34.3277177311353
			66.3611491574154	-34.3277177311353
			66.4044375782618	-34.3277177311353
			66.4477259991081	-34.3277177311353
			66.4910144199544	-34.3277177311353
			66.5343028408007	-34.3277177311353
			66.5775912616471	-34.3277177311353
			66.6208796824934	-34.3277177311353
			66.6641681033397	-34.3277177311353
			66.707456524186	-34.3277177311353
			66.7507449450324	-34.3277177311353
			66.7940333658787	-34.3277177311353
			66.837321786725	-34.3277177311353
			66.8806102075713	-34.3277177311353
			66.9238986284176	-34.3277177311353
			66.967187049264	-34.3710061519816
			67.0104754701103	-34.3710061519816
			67.0537638909566	-34.3710061519816
			67.097052311803	-34.3710061519816
			67.1403407326493	-34.3710061519816
			67.1836291534956	-34.3710061519816
			67.2269175743419	-34.3710061519816
			67.2702059951882	-34.3710061519816
			67.3134944160346	-34.3710061519816
			67.3567828368809	-34.3710061519816
			67.4000712577272	-34.3710061519816
			67.4433596785735	-34.3710061519816
			67.4866480994199	-34.414294572828
			67.5299365202662	-34.414294572828
			67.5732249411125	-34.414294572828
			67.6165133619588	-34.414294572828
			67.6598017828052	-34.414294572828
			67.7030902036515	-34.414294572828
			67.7463786244978	-34.414294572828
			67.7896670453441	-34.414294572828
			67.8329554661905	-34.4575829936743
			67.8762438870368	-34.4575829936743
			67.9195323078831	-34.4575829936743
			67.9628207287294	-34.4575829936743
			68.0061091495758	-34.4575829936743
			68.0493975704221	-34.4575829936743
			68.0926859912684	-34.4575829936743
			68.1359744121147	-34.5008714145206
			68.1792628329611	-34.5008714145206
			68.2225512538074	-34.5008714145206
			68.2658396746537	-34.5008714145206
			68.3091280955	-34.5008714145206
			68.3524165163464	-34.5008714145206
			68.3957049371927	-34.5441598353669
			68.438993358039	-34.5441598353669
			68.4822817788853	-34.5441598353669
			68.5255701997317	-34.5441598353669
			68.568858620578	-34.5441598353669
			68.6121470414243	-34.5441598353669
			68.6121470414243	-34.5874482562133
			68.6554354622706	-34.5874482562133
			68.698723883117	-34.5874482562133
			68.7420123039633	-34.5874482562133
			68.7853007248096	-34.5874482562133
			68.8285891456559	-34.6307366770596
			68.8718775665022	-34.6307366770596
			68.9151659873486	-34.6307366770596
			68.9584544081949	-34.6307366770596
			69.0017428290412	-34.6740250979059
			69.0450312498876	-34.6740250979059
			69.0883196707339	-34.6740250979059
			69.1316080915802	-34.6740250979059
			69.1748965124265	-34.6740250979059
			69.2181849332729	-34.7173135187522
			69.2614733541192	-34.7173135187522
			69.3047617749655	-34.7173135187522
			69.3480501958118	-34.7173135187522
			69.3480501958118	-34.7606019395986
			69.3913386166581	-34.7606019395986
			69.4346270375045	-34.7606019395986
			69.4779154583508	-34.7606019395986
			69.5212038791971	-34.8038903604449
			69.5644923000434	-34.8038903604449
			69.6077807208898	-34.8038903604449
			69.6510691417361	-34.8038903604449
			69.6943575625824	-34.8471787812912
			69.7376459834287	-34.8471787812912
			69.7809344042751	-34.8471787812912
			69.8242228251214	-34.8904672021375
			69.8675112459677	-34.8904672021375
			69.910799666814	-34.8904672021375
			69.9540880876604	-34.9337556229839
			69.9973765085067	-34.9337556229839
			70.040664929353	-34.9337556229839
			70.0839533501993	-34.9770440438302
			70.1272417710457	-34.9770440438302
			70.170530191892	-34.9770440438302
			70.2138186127383	-35.0203324646765
			70.2571070335846	-35.0203324646765
			70.300395454431	-35.0203324646765
			70.3436838752773	-35.0636208855228
			70.3869722961236	-35.0636208855228
			70.4302607169699	-35.0636208855228
			70.4735491378163	-35.1069093063692
			70.5168375586626	-35.1069093063692
			70.5601259795089	-35.1069093063692
			70.6034144003552	-35.1501977272155
			70.6467028212016	-35.1501977272155
			70.6899912420479	-35.1501977272155
			70.7332796628942	-35.1934861480618
			70.7765680837405	-35.1934861480618
			70.8198565045869	-35.2367745689081
			70.8631449254332	-35.2367745689081
			70.9064333462795	-35.2800629897545
			70.9497217671258	-35.2800629897545
			70.9930101879722	-35.2800629897545
			71.0362986088185	-35.3233514106008
			71.0795870296648	-35.3233514106008
			71.1228754505111	-35.3233514106008
			71.1228754505111	-35.3666398314471
			71.1661638713575	-35.3666398314471
			71.2094522922038	-35.4099282522934
			71.2527407130501	-35.4099282522934
			71.2960291338964	-35.4099282522934
			71.2960291338964	-35.4532166731397
			71.3393175547427	-35.4532166731397
			71.3826059755891	-35.4532166731397
			71.4258943964354	-35.4965050939861
			71.4691828172817	-35.4965050939861
			71.512471238128	-35.5397935148324
			71.5557596589744	-35.5397935148324
			71.5990480798207	-35.5830819356787
			71.642336500667	-35.5830819356787
			71.6856249215134	-35.6263703565251
			71.7289133423597	-35.6263703565251
			71.772201763206	-35.6696587773714
			71.8154901840523	-35.6696587773714
			71.8587786048986	-35.6696587773714
			71.902067025745	-35.7129471982177
			71.9453554465913	-35.756235619064
			71.9886438674376	-35.7995240399103
			72.0319322882839	-35.7995240399103
			72.0752207091303	-35.7995240399103
			72.0752207091303	-35.8428124607567
			72.1185091299766	-35.8428124607567
			72.1617975508229	-35.8428124607567
			72.1617975508229	-35.886100881603
			72.2050859716692	-35.886100881603
			72.2483743925156	-35.886100881603
			72.2483743925156	-35.9293893024493
			72.2916628133619	-35.9293893024493
			72.3349512342082	-35.9726777232956
			72.3782396550545	-35.9726777232956
			72.4215280759009	-36.015966144142
			72.4648164967472	-36.0592545649883
			72.5081049175935	-36.0592545649883
			72.5513933384398	-36.0592545649883
			72.5946817592862	-36.1025429858346
			72.6379701801325	-36.1458314066809
			72.6812586009788	-36.1458314066809
			72.7245470218251	-36.1891198275273
			72.7678354426715	-36.2324082483736
			72.8111238635178	-36.2324082483736
			72.8544122843641	-36.2756966692199
			72.8977007052104	-36.2756966692199
			72.9409891260567	-36.3189850900662
			72.9842775469031	-36.3622735109126
			73.0275659677494	-36.3622735109126
			73.0275659677494	-36.4055619317589
			73.0708543885957	-36.4055619317589
			73.1141428094421	-36.4488503526052
			73.1574312302884	-36.4921387734515
			73.2007196511347	-36.4921387734515
			73.244008071981	-36.5354271942979
			73.2872964928274	-36.5354271942979
			73.3305849136737	-36.5787156151442
			73.37387333452	-36.6220040359905
			73.4171617553663	-36.6220040359905
			73.4604501762126	-36.6652924568368
			73.503738597059	-36.7085808776832
			73.5470270179053	-36.7518692985295
			73.5903154387516	-36.7951577193758
			73.6336038595979	-36.7951577193758
			73.6768922804443	-36.8384461402221
			73.7201807012906	-36.8817345610685
			73.7634691221369	-36.9250229819148
			73.8067575429832	-36.9250229819148
			73.8500459638296	-36.9683114027611
			73.8933343846759	-36.9683114027611
			73.8933343846759	-37.0115998236074
			73.9366228055222	-37.0548882444538
			73.9799112263685	-37.0548882444538
			74.0231996472149	-37.0981766653001
			74.0664880680612	-37.0981766653001
			74.0664880680612	-37.1414650861464
			74.1097764889075	-37.1847535069927
			74.1530649097538	-37.1847535069927
			74.1963533306002	-37.2280419278391
			74.1963533306002	-37.2713303486854
			74.2396417514465	-37.2713303486854
			74.2829301722928	-37.3146187695317
			74.3262185931391	-37.3146187695317
			74.3262185931391	-37.357907190378
			74.3695070139855	-37.4011956112244
			74.4127954348318	-37.4011956112244
			74.4560838556781	-37.4444840320707
			74.4560838556781	-37.487772452917
			74.4993722765244	-37.487772452917
			74.5426606973708	-37.5310608737633
			74.5859491182171	-37.5743492946097
			74.6292375390634	-37.5743492946097
			74.6292375390634	-37.617637715456
			74.6725259599097	-37.6609261363023
			74.7158143807561	-37.6609261363023
			74.7591028016024	-37.7042145571486
			74.7591028016024	-37.7475029779949
			74.8023912224487	-37.7475029779949
			74.845679643295	-37.7907913988413
			74.8889680641414	-37.8340798196876
			74.9322564849877	-37.8773682405339
			74.975544905834	-37.9206566613802
			75.0188333266803	-37.9639450822266
			75.0621217475267	-38.0072335030729
			75.105410168373	-38.0505219239192
			75.1486985892193	-38.0938103447655
			75.1919870100656	-38.1370987656119
			75.235275430912	-38.1370987656119
			75.2785638517583	-38.1803871864582
			75.3218522726046	-38.2236756073045
			75.3218522726046	-38.2669640281508
			75.3651406934509	-38.3102524489972
			75.4084291142972	-38.3535408698435
			75.4517175351436	-38.3968292906898
			75.4950059559899	-38.4401177115361
			75.5382943768362	-38.4401177115361
			75.5815827976825	-38.4834061323825
			75.6248712185289	-38.5266945532288
			75.6248712185289	-38.5699829740751
			75.6681596393752	-38.6132713949214
			75.7114480602215	-38.6565598157678
			75.7547364810679	-38.6998482366141
			75.7980249019142	-38.7431366574604
			75.8413133227605	-38.7864250783067
			75.8846017436068	-38.8297134991531
			75.9278901644531	-38.8730019199994
			75.9711785852995	-38.9162903408457
			75.9711785852995	-38.959578761692
			76.0144670061458	-38.959578761692
			76.0577554269921	-39.0028671825384
			76.0577554269921	-39.0461556033847
			76.1010438478384	-39.089444024231
			76.1443322686848	-39.089444024231
			76.1443322686848	-39.1327324450773
			76.1876206895311	-39.1760208659237
			76.2309091103774	-39.21930928677
			76.2741975312237	-39.2625977076163
			76.3174859520701	-39.3058861284626
			76.3607743729164	-39.349174549309
			76.3607743729164	-39.3924629701553
			76.4040627937627	-39.4357513910016
			76.447351214609	-39.4790398118479
			76.4906396354554	-39.5223282326943
			76.5339280563017	-39.5656166535406
			76.577216477148	-39.6089050743869
			76.6205048979943	-39.6521934952332
			76.6205048979943	-39.6954819160796
			76.6637933188407	-39.7387703369259
			76.707081739687	-39.7820587577722
			76.7503701605333	-39.8253471786185
			76.7503701605333	-39.8686355994649
			76.7936585813796	-39.9119240203112
			76.836947002226	-39.9552124411575
			76.8802354230723	-39.9985008620038
			76.9235238439186	-40.0417892828501
			76.9235238439186	-40.0850777036965
			76.9668122647649	-40.1283661245428
			77.0101006856113	-40.1716545453891
			77.0533891064576	-40.2149429662354
			77.0533891064576	-40.2582313870818
			77.0966775273039	-40.3015198079281
			77.1399659481502	-40.3448082287744
			77.1399659481502	-40.3880966496207
			77.1832543689966	-40.4313850704671
			77.2265427898429	-40.4746734913134
			77.2698312106892	-40.5179619121597
			77.2698312106892	-40.561250333006
			77.3131196315355	-40.6045387538524
			77.3564080523819	-40.6478271746987
			77.3564080523819	-40.691115595545
			77.3996964732282	-40.691115595545
			77.4429848940745	-40.7344040163913
			77.4862733149208	-40.7776924372377
			77.4862733149208	-40.820980858084
			77.5295617357671	-40.8642692789303
			77.5728501566135	-40.9075576997766
			77.5728501566135	-40.950846120623
			77.6161385774598	-40.9941345414693
			77.6161385774598	-41.0374229623156
			77.6594269983061	-41.0374229623156
			77.6594269983061	-41.0807113831619
			77.6594269983061	-41.1239998040083
			77.7027154191525	-41.1239998040083
			77.7027154191525	-41.1672882248546
			77.7460038399988	-41.1672882248546
			77.7460038399988	-41.2105766457009
			77.7892922608451	-41.2538650665472
			77.7892922608451	-41.2971534873936
			77.8325806816914	-41.3404419082399
			77.8758691025377	-41.3837303290862
			77.9191575233841	-41.4270187499325
			77.9191575233841	-41.4703071707789
			77.9624459442304	-41.5135955916252
			78.0057343650767	-41.5568840124715
			78.0057343650767	-41.6001724333178
			78.049022785923	-41.6434608541642
			78.049022785923	-41.6867492750105
			78.0923112067694	-41.7300376958568
			78.1355996276157	-41.7733261167031
			78.1355996276157	-41.8166145375494
			78.178888048462	-41.8599029583958
			78.2221764693083	-41.9031913792421
			78.2221764693083	-41.9464798000884
			78.2654648901547	-41.9897682209347
			78.308753311001	-42.0330566417811
			78.308753311001	-42.0763450626274
			78.3520417318473	-42.1196334834737
			78.3520417318473	-42.1629219043201
			78.3953301526936	-42.2062103251664
			78.3953301526936	-42.2494987460127
			78.43861857354	-42.292787166859
			78.4819069943863	-42.3360755877053
			78.4819069943863	-42.3793640085517
			78.5251954152326	-42.422652429398
			78.5684838360789	-42.4659408502443
			78.5684838360789	-42.5092292710906
			78.6117722569253	-42.552517691937
			78.6117722569253	-42.5958061127833
			78.6550606777716	-42.6390945336296
			78.6983490986179	-42.6823829544759
			78.6983490986179	-42.7256713753223
			78.7416375194642	-42.7689597961686
			78.7416375194642	-42.8122482170149
			78.7849259403106	-42.8555366378612
			78.8282143611569	-42.8988250587076
			78.8282143611569	-42.9421134795539
			78.8715027820032	-42.9854019004002
			78.8715027820032	-43.0286903212465
			78.9147912028495	-43.0719787420929
			78.9147912028495	-43.1152671629392
			78.9580796236959	-43.1585555837855
			78.9580796236959	-43.2018440046318
			79.0013680445422	-43.2451324254782
			79.0446564653885	-43.2884208463245
			79.0446564653885	-43.3317092671708
			79.0446564653885	-43.3749976880171
			79.0879448862348	-43.4182861088635
			79.1312333070812	-43.4615745297098
			79.1312333070812	-43.5048629505561
			79.1745217279275	-43.5481513714024
			79.1745217279275	-43.5914397922488
			79.2178101487738	-43.6347282130951
			79.2178101487738	-43.6780166339414
			79.2610985696201	-43.7213050547877
			79.2610985696201	-43.7645934756341
			79.3043869904665	-43.7645934756341
			79.3043869904665	-43.8078818964804
			79.3476754113128	-43.8511703173267
			79.3476754113128	-43.894458738173
			79.3909638321591	-43.9377471590194
			79.3909638321591	-43.9810355798657
			79.4342522530054	-44.024324000712
			79.4342522530054	-44.0676124215583
			79.4342522530054	-44.1109008424046
			79.4775406738517	-44.154189263251
			79.5208290946981	-44.1974776840973
			79.5208290946981	-44.2407661049436
			79.5641175155444	-44.2840545257899
			79.6074059363907	-44.3273429466363
			79.650694357237	-44.3706313674826
			79.650694357237	-44.4139197883289
			79.6939827780834	-44.4572082091752
			79.7372711989297	-44.5004966300216
			79.7372711989297	-44.5437850508679
			79.780559619776	-44.5870734717142
			79.8238480406224	-44.6303618925605
			79.8671364614687	-44.6736503134069
			79.8671364614687	-44.7169387342532
			79.910424882315	-44.7602271550995
			79.9537133031613	-44.8035155759458
			79.9537133031613	-44.8468039967922
			79.9970017240076	-44.8900924176385
			80.040290144854	-44.9333808384848
			80.0835785657003	-44.9766692593311
			80.0835785657003	-45.0199576801775
			80.1268669865466	-45.0632461010238
			80.1701554073929	-45.1065345218701
			80.1701554073929	-45.1498229427164
			80.2134438282393	-45.1931113635628
			80.2134438282393	-45.2363997844091
			80.2567322490856	-45.2363997844091
			80.2567322490856	-45.2796882052554
			80.2567322490856	-45.3229766261017
			80.3000206699319	-45.3229766261017
			80.3000206699319	-45.3662650469481
			80.3433090907782	-45.3662650469481
			80.3433090907782	-45.4095534677944
			80.3433090907782	-45.4528418886407
			80.3865975116246	-45.4528418886407
			80.3865975116246	-45.496130309487
			80.4298859324709	-45.5394187303334
			80.4298859324709	-45.5827071511797
			80.4731743533172	-45.625995572026
			80.5164627741635	-45.6692839928723
			80.5597511950099	-45.7125724137187
			80.5597511950099	-45.755860834565
			80.6030396158562	-45.7991492554113
			80.6030396158562	-45.8424376762576
			80.6463280367025	-45.8424376762576
			80.6463280367025	-45.885726097104
			80.6896164575488	-45.9290145179503
			80.6896164575488	-45.9723029387966
			80.7329048783952	-45.9723029387966
			80.7329048783952	-46.0155913596429
			80.7761932992415	-46.0588797804892
			80.7761932992415	-46.1021682013356
			80.8194817200878	-46.1454566221819
			80.8194817200878	-46.1887450430282
			80.8627701409341	-46.2320334638746
			80.9060585617805	-46.2753218847209
			80.9060585617805	-46.3186103055672
			80.9493469826268	-46.3618987264135
			80.9493469826268	-46.4051871472598
			80.9926354034731	-46.4051871472598
			80.9926354034731	-46.4484755681062
			81.0359238243194	-46.4917639889525
			81.0359238243194	-46.5350524097988
			81.0792122451658	-46.5783408306451
			81.0792122451658	-46.6216292514915
			81.1225006660121	-46.6649176723378
			81.1657890868584	-46.7082060931841
			81.1657890868584	-46.7514945140304
			81.2090775077047	-46.7514945140304
			81.2090775077047	-46.7947829348768
			81.2523659285511	-46.8380713557231
			81.2523659285511	-46.8813597765694
			81.2956543493974	-46.9246481974157
			81.2956543493974	-46.9679366182621
			81.3389427702437	-47.0112250391084
			81.3389427702437	-47.0545134599547
			81.38223119109	-47.097801880801
			81.38223119109	-47.1410903016474
			81.4255196119364	-47.1410903016474
			81.4255196119364	-47.1843787224937
			81.4688080327827	-47.22766714334
			81.4688080327827	-47.2709555641863
			81.512096453629	-47.3142439850327
			81.512096453629	-47.357532405879
			81.5553848744753	-47.4008208267253
			81.5553848744753	-47.4441092475716
			81.5986732953216	-47.487397668418
			81.5986732953216	-47.5306860892643
			81.641961716168	-47.5739745101106
			81.6852501370143	-47.5739745101106
			81.6852501370143	-47.6172629309569
			81.7285385578606	-47.6605513518033
			81.7285385578606	-47.7038397726496
			81.771826978707	-47.7471281934959
			81.771826978707	-47.7904166143422
			81.771826978707	-47.8337050351886
			81.8151153995533	-47.8769934560349
			81.8151153995533	-47.9202818768812
			81.8584038203996	-47.9635702977275
			81.9016922412459	-48.0068587185739
			81.9449806620922	-48.0501471394202
			81.9449806620922	-48.0934355602665
			81.9449806620922	-48.1367239811128
			81.9882690829386	-48.1367239811128
			81.9882690829386	-48.1800124019592
			81.9882690829386	-48.2233008228055
			82.0315575037849	-48.2233008228055
			82.0315575037849	-48.2665892436518
			82.0315575037849	-48.3098776644981
			82.0748459246312	-48.3098776644981
			82.0748459246312	-48.3531660853444
			82.0748459246312	-48.3964545061908
			82.1181343454775	-48.3964545061908
			82.1181343454775	-48.4397429270371
			82.1181343454775	-48.4830313478834
			82.1614227663239	-48.4830313478834
			82.1614227663239	-48.5263197687297
			82.1614227663239	-48.5696081895761
			82.2047111871702	-48.5696081895761
			82.2047111871702	-48.6128966104224
			82.2047111871702	-48.6561850312687
			82.2479996080165	-48.6561850312687
			82.2479996080165	-48.699473452115
			82.2479996080165	-48.7427618729614
			82.2912880288628	-48.7427618729614
			82.2912880288628	-48.7860502938077
			82.2912880288628	-48.829338714654
			82.3345764497092	-48.829338714654
			82.3345764497092	-48.8726271355003
			82.3778648705555	-48.9159155563467
			82.3778648705555	-48.959203977193
			82.4211532914018	-49.0024923980393
			82.4211532914018	-49.0457808188856
			82.4211532914018	-49.089069239732
			82.4644417122481	-49.1323576605783
			82.5077301330945	-49.1756460814246
			82.5077301330945	-49.2189345022709
			82.5510185539408	-49.2622229231173
			82.5510185539408	-49.3055113439636
			82.5510185539408	-49.3487997648099
			82.5943069747871	-49.3920881856562
			82.5943069747871	-49.4353766065026
			82.6375953956334	-49.4786650273489
			82.6375953956334	-49.5219534481952
			82.6808838164798	-49.5652418690415
			82.6808838164798	-49.6085302898879
			82.7241722373261	-49.6518187107342
			82.7241722373261	-49.6951071315805
			82.7241722373261	-49.7383955524268
			82.7674606581724	-49.7816839732732
			82.8107490790187	-49.8249723941195
			82.8107490790187	-49.8682608149658
			82.8107490790187	-49.9115492358121
			82.8540374998651	-49.9115492358121
			82.8540374998651	-49.9548376566585
			82.8540374998651	-49.9981260775048
			82.8973259207114	-50.0414144983511
			82.8973259207114	-50.0847029191974
			82.9406143415577	-50.1279913400437
			82.9406143415577	-50.1712797608901
			82.983902762404	-50.2145681817364
			82.983902762404	-50.2578566025827
			82.983902762404	-50.3011450234291
			83.0271911832504	-50.3011450234291
			83.0271911832504	-50.3444334442754
			83.0271911832504	-50.3877218651217
			83.0704796040967	-50.431010285968
			83.0704796040967	-50.4742987068143
			83.0704796040967	-50.5175871276607
			83.113768024943	-50.5175871276607
			83.113768024943	-50.560875548507
			83.1570564457893	-50.6041639693533
			83.1570564457893	-50.6474523901996
			83.1570564457893	-50.690740811046
			83.2003448666357	-50.7340292318923
			83.2003448666357	-50.7773176527386
			83.243633287482	-50.8206060735849
			83.243633287482	-50.8638944944313
			83.243633287482	-50.9071829152776
			83.2869217083283	-50.9504713361239
			83.2869217083283	-50.9937597569702
			83.3302101291746	-51.0370481778166
			83.3302101291746	-51.0803365986629
			83.373498550021	-51.1236250195092
			83.373498550021	-51.1669134403555
			83.373498550021	-51.2102018612019
			83.4167869708673	-51.2534902820482
			83.4167869708673	-51.2967787028945
			83.4167869708673	-51.3400671237408
			83.4600753917136	-51.3833555445872
			83.4600753917136	-51.4266439654335
			83.5033638125599	-51.4699323862798
			83.5033638125599	-51.5132208071261
			83.5033638125599	-51.5565092279725
			83.5466522334062	-51.5997976488188
			83.5466522334062	-51.6430860696651
			83.5899406542526	-51.6863744905114
			83.5899406542526	-51.7296629113578
			83.5899406542526	-51.7729513322041
			83.6332290750989	-51.8162397530504
			83.6332290750989	-51.8595281738967
			83.6332290750989	-51.9028165947431
			83.6765174959452	-51.9461050155894
			83.6765174959452	-51.9893934364357
			83.7198059167916	-52.032681857282
			83.7198059167916	-52.0759702781284
			83.7198059167916	-52.1192586989747
			83.7630943376379	-52.162547119821
			83.7630943376379	-52.2058355406673
			83.7630943376379	-52.2491239615137
			83.8063827584842	-52.29241238236
			83.8063827584842	-52.3357008032063
			83.8063827584842	-52.3789892240526
			83.8496711793305	-52.4222776448989
			83.8496711793305	-52.4655660657453
			83.8496711793305	-52.5088544865916
			83.8929596001769	-52.5521429074379
			83.8929596001769	-52.5954313282842
			83.8929596001769	-52.6387197491306
			83.9362480210232	-52.6820081699769
			83.9362480210232	-52.7252965908232
			83.9362480210232	-52.7685850116695
			83.9795364418695	-52.8118734325159
			83.9795364418695	-52.8551618533622
			83.9795364418695	-52.8984502742085
			84.0228248627158	-52.9417386950548
			84.0228248627158	-52.9850271159012
			84.0228248627158	-53.0283155367475
			84.0661132835621	-53.0716039575938
			84.0661132835621	-53.1148923784401
			84.0661132835621	-53.1581807992865
			84.1094017044085	-53.2014692201328
			84.1094017044085	-53.2447576409791
			84.1094017044085	-53.2880460618254
			84.1526901252548	-53.3313344826718
			84.1526901252548	-53.3746229035181
			84.1526901252548	-53.4179113243644
			84.1526901252548	-53.4611997452107
			84.1959785461011	-53.4611997452107
			84.1959785461011	-53.5044881660571
			84.1959785461011	-53.5477765869034
			84.1959785461011	-53.5910650077497
			84.2392669669474	-53.634353428596
			84.2392669669474	-53.6776418494424
			84.2392669669474	-53.7209302702887
			84.2825553877938	-53.764218691135
			84.2825553877938	-53.8075071119813
			84.2825553877938	-53.8507955328277
			84.2825553877938	-53.894083953674
			84.3258438086401	-53.9373723745203
			84.3258438086401	-53.9806607953666
			84.3258438086401	-54.023949216213
			84.3258438086401	-54.0672376370593
			84.3691322294864	-54.0672376370593
			84.3691322294864	-54.1105260579056
			84.3691322294864	-54.1538144787519
			84.3691322294864	-54.1971028995983
			84.4124206503327	-54.2403913204446
			84.4124206503327	-54.2836797412909
			84.4124206503327	-54.3269681621372
			84.4124206503327	-54.3702565829836
			84.4557090711791	-54.4135450038299
			84.4557090711791	-54.4568334246762
			84.4557090711791	-54.5001218455225
			84.4989974920254	-54.5434102663689
			84.4989974920254	-54.5866986872152
			84.4989974920254	-54.6299871080615
			84.4989974920254	-54.6732755289078
			84.5422859128717	-54.7165639497541
			84.5422859128717	-54.7598523706005
			84.5422859128717	-54.8031407914468
			84.5422859128717	-54.8464292122931
			84.585574333718	-54.8897176331394
			84.585574333718	-54.9330060539858
			84.585574333718	-54.9762944748321
			84.585574333718	-55.0195828956784
			84.6288627545644	-55.0628713165247
			84.6288627545644	-55.1061597373711
			84.6288627545644	-55.1494481582174
			84.6288627545644	-55.1927365790637
			84.6288627545644	-55.23602499991
			84.6721511754107	-55.23602499991
			84.6721511754107	-55.2793134207564
			84.6721511754107	-55.3226018416027
			84.6721511754107	-55.365890262449
			84.715439596257	-55.4091786832953
			84.715439596257	-55.4524671041417
			84.715439596257	-55.495755524988
			84.715439596257	-55.5390439458343
			84.715439596257	-55.5823323666806
			84.7587280171033	-55.625620787527
			84.7587280171033	-55.6689092083733
			84.7587280171033	-55.7121976292196
			84.7587280171033	-55.7554860500659
			84.8020164379497	-55.7987744709123
			84.8020164379497	-55.8420628917586
			84.8020164379497	-55.8853513126049
			84.8020164379497	-55.9286397334512
			84.8020164379497	-55.9719281542976
			84.845304858796	-56.0152165751439
			84.845304858796	-56.0585049959902
			84.845304858796	-56.1017934168365
			84.845304858796	-56.1450818376829
			84.845304858796	-56.1883702585292
			84.8885932796423	-56.2316586793755
			84.8885932796423	-56.2749471002218
			84.8885932796423	-56.3182355210682
			84.8885932796423	-56.3615239419145
			84.8885932796423	-56.4048123627608
			84.9318817004886	-56.4481007836071
			84.9318817004886	-56.4913892044534
			84.9318817004886	-56.5346776252998
			84.9318817004886	-56.5779660461461
			84.9318817004886	-56.6212544669924
			84.9318817004886	-56.6645428878387
			84.975170121335	-56.7078313086851
			84.975170121335	-56.7511197295314
			84.975170121335	-56.7944081503777
			84.975170121335	-56.8376965712241
			84.975170121335	-56.8809849920704
			84.975170121335	-56.9242734129167
			85.0184585421813	-56.967561833763
			85.0184585421813	-57.0108502546093
			85.0184585421813	-57.0541386754557
			85.0184585421813	-57.097427096302
			85.0617469630276	-57.097427096302
			85.0617469630276	-57.1407155171483
			85.0617469630276	-57.1840039379946
			85.1050353838739	-57.227292358841
			85.1050353838739	-57.2705807796873
			85.1483238047203	-57.3138692005336
			85.1483238047203	-57.3571576213799
			85.1916122255666	-57.4004460422263
			85.1916122255666	-57.4437344630726
			85.1916122255666	-57.4870228839189
			85.2349006464129	-57.5303113047652
			85.2349006464129	-57.5735997256116
			85.2781890672592	-57.6168881464579
			85.2781890672592	-57.6601765673042
			85.3214774881056	-57.7034649881505
			85.3214774881056	-57.7467534089969
			85.3647659089519	-57.7900418298432
			85.3647659089519	-57.8333302506895
			85.3647659089519	-57.8766186715358
			85.4080543297982	-57.8766186715358
			85.4080543297982	-57.9199070923822
			85.4080543297982	-57.9631955132285
			85.4513427506445	-58.0064839340748
			85.4513427506445	-58.0497723549211
			85.4946311714909	-58.0930607757675
			85.4946311714909	-58.1363491966138
			85.4946311714909	-58.1796376174601
			85.5379195923372	-58.2229260383064
			85.5379195923372	-58.2662144591528
			85.5812080131835	-58.3095028799991
			85.5812080131835	-58.3527913008454
			85.6244964340298	-58.3960797216917
			85.6244964340298	-58.4393681425381
			85.6244964340298	-58.4826565633844
			85.6677848548762	-58.5259449842307
			85.6677848548762	-58.569233405077
			85.7110732757225	-58.6125218259234
			85.7110732757225	-58.6558102467697
			85.7110732757225	-58.699098667616
			85.7543616965688	-58.7423870884623
			85.7543616965688	-58.7856755093086
			85.7976501174151	-58.828963930155
			85.7976501174151	-58.8722523510013
			85.7976501174151	-58.9155407718476
			85.8409385382615	-58.9588291926939
			85.8409385382615	-59.0021176135403
			85.8409385382615	-59.0454060343866
			85.8842269591078	-59.0886944552329
			85.8842269591078	-59.1319828760792
			85.8842269591078	-59.1752712969256
			85.9275153799541	-59.2185597177719
			85.9275153799541	-59.2618481386182
			85.9275153799541	-59.3051365594645
			85.9708038008004	-59.3484249803109
			85.9708038008004	-59.3917134011572
			85.9708038008004	-59.4350018220035
			86.0140922216467	-59.4782902428498
			86.0140922216467	-59.5215786636962
			86.0573806424931	-59.5648670845425
			86.0573806424931	-59.6081555053888
			86.0573806424931	-59.6514439262351
			86.1006690633394	-59.6947323470815
			86.1006690633394	-59.7380207679278
			86.1006690633394	-59.7813091887741
			86.1439574841857	-59.8245976096204
			86.1439574841857	-59.8678860304668
			86.1439574841857	-59.9111744513131
			86.187245905032	-59.9544628721594
			86.187245905032	-59.9977512930057
			86.187245905032	-60.0410397138521
			86.187245905032	-60.0843281346984
			86.2305343258784	-60.1276165555447
			86.2305343258784	-60.170904976391
			86.2305343258784	-60.2141933972374
			86.2738227467247	-60.2574818180837
			86.2738227467247	-60.30077023893
			86.2738227467247	-60.3440586597763
			86.2738227467247	-60.3873470806227
			86.317111167571	-60.430635501469
			86.317111167571	-60.4739239223153
			86.317111167571	-60.5172123431616
			86.317111167571	-60.560500764008
			86.3603995884174	-60.6037891848543
			86.3603995884174	-60.6470776057006
			86.3603995884174	-60.6903660265469
			86.3603995884174	-60.7336544473932
			86.4036880092637	-60.7769428682396
			86.4036880092637	-60.8202312890859
			86.4036880092637	-60.8635197099322
			86.4036880092637	-60.9068081307786
			86.4036880092637	-60.9500965516249
			86.44697643011	-60.9933849724712
			86.44697643011	-61.0366733933175
			86.44697643011	-61.0799618141638
			86.44697643011	-61.1232502350102
			86.44697643011	-61.1665386558565
			86.4902648509563	-61.2098270767028
			86.4902648509563	-61.2531154975491
			86.4902648509563	-61.2964039183955
			86.4902648509563	-61.3396923392418
		</c1>
		<c2 type=matrix rownames=FALSE colnames=FALSE nrow=1195 ncol=2 as.numeric=TRUE >
			86.4902648509563	-61.3396923392418
			86.44697643011	-61.3829807600881
			86.4036880092637	-61.3829807600881
			86.3603995884174	-61.4262691809344
			86.317111167571	-61.4695576017808
			86.2738227467247	-61.4695576017808
			86.2305343258784	-61.5128460226271
			86.187245905032	-61.5128460226271
			86.1439574841857	-61.5561344434734
			86.1006690633394	-61.5561344434734
			86.0573806424931	-61.5561344434734
			86.0140922216467	-61.5994228643197
			85.9708038008004	-61.5994228643197
			85.9275153799541	-61.5994228643197
			85.8842269591078	-61.5994228643197
			85.8409385382615	-61.6427112851661
			85.7976501174151	-61.6427112851661
			85.7543616965688	-61.6427112851661
			85.7110732757225	-61.6427112851661
			85.6677848548762	-61.6427112851661
			85.6244964340298	-61.6427112851661
			85.5812080131835	-61.6427112851661
			85.5379195923372	-61.6859997060124
			85.4946311714909	-61.6859997060124
			85.4513427506445	-61.6859997060124
			85.4080543297982	-61.6859997060124
			85.3647659089519	-61.6859997060124
			85.3214774881056	-61.6859997060124
			85.2781890672592	-61.6859997060124
			85.2349006464129	-61.6859997060124
			85.1916122255666	-61.6859997060124
			85.1483238047203	-61.6859997060124
			85.1050353838739	-61.6859997060124
			85.0617469630276	-61.6859997060124
			85.0184585421813	-61.6859997060124
			84.975170121335	-61.6859997060124
			84.9318817004886	-61.6859997060124
			84.8885932796423	-61.6859997060124
			84.845304858796	-61.7292881268587
			84.8020164379497	-61.7292881268587
			84.7587280171033	-61.7292881268587
			84.715439596257	-61.7292881268587
			84.6721511754107	-61.7292881268587
			84.6288627545644	-61.7292881268587
			84.585574333718	-61.7292881268587
			84.5422859128717	-61.7292881268587
			84.4989974920254	-61.6859997060124
			84.4557090711791	-61.6859997060124
			84.4124206503327	-61.6859997060124
			84.3691322294864	-61.6859997060124
			84.3258438086401	-61.6859997060124
			84.2825553877938	-61.6859997060124
			84.2392669669474	-61.6859997060124
			84.1959785461011	-61.6859997060124
			84.1526901252548	-61.6859997060124
			84.1094017044085	-61.6859997060124
			84.0661132835621	-61.6859997060124
			84.0228248627158	-61.6859997060124
			83.9795364418695	-61.6859997060124
			83.9362480210232	-61.6859997060124
			83.8929596001769	-61.6859997060124
			83.8496711793305	-61.6859997060124
			83.8063827584842	-61.6859997060124
			83.7630943376379	-61.6859997060124
			83.7198059167916	-61.6859997060124
			83.6765174959452	-61.6859997060124
			83.6332290750989	-61.6859997060124
			83.5899406542526	-61.6859997060124
			83.5466522334062	-61.6427112851661
			83.5033638125599	-61.6427112851661
			83.4600753917136	-61.6427112851661
			83.4167869708673	-61.6427112851661
			83.373498550021	-61.6427112851661
			83.3302101291746	-61.6427112851661
			83.2869217083283	-61.6427112851661
			83.243633287482	-61.6427112851661
			83.2003448666357	-61.6427112851661
			83.1570564457893	-61.6427112851661
			83.113768024943	-61.6427112851661
			83.0704796040967	-61.6427112851661
			83.0271911832504	-61.5994228643197
			82.983902762404	-61.5994228643197
			82.9406143415577	-61.5994228643197
			82.8973259207114	-61.5994228643197
			82.8540374998651	-61.5994228643197
			82.8107490790187	-61.5994228643197
			82.7674606581724	-61.5994228643197
			82.7241722373261	-61.5994228643197
			82.6808838164798	-61.5994228643197
			82.6375953956334	-61.5994228643197
			82.5943069747871	-61.5561344434734
			82.5510185539408	-61.5561344434734
			82.5077301330945	-61.5561344434734
			82.4644417122481	-61.5561344434734
			82.4211532914018	-61.5561344434734
			82.3778648705555	-61.5561344434734
			82.3345764497092	-61.5561344434734
			82.2912880288628	-61.5561344434734
			82.2479996080165	-61.5561344434734
			82.2047111871702	-61.5561344434734
			82.2047111871702	-61.5128460226271
			82.1614227663239	-61.5128460226271
			82.1181343454775	-61.5128460226271
			82.0748459246312	-61.5128460226271
			82.0315575037849	-61.5128460226271
			81.9882690829386	-61.5128460226271
			81.9449806620922	-61.5128460226271
			81.9016922412459	-61.5128460226271
			81.8584038203996	-61.5128460226271
			81.8151153995533	-61.4695576017808
			81.771826978707	-61.4695576017808
			81.7285385578606	-61.4695576017808
			81.6852501370143	-61.4695576017808
			81.641961716168	-61.4695576017808
			81.5986732953216	-61.4695576017808
			81.5553848744753	-61.4695576017808
			81.512096453629	-61.4695576017808
			81.4688080327827	-61.4262691809344
			81.4255196119364	-61.4262691809344
			81.38223119109	-61.4262691809344
			81.3389427702437	-61.4262691809344
			81.2956543493974	-61.4262691809344
			81.2523659285511	-61.4262691809344
			81.2090775077047	-61.4695576017808
			81.1657890868584	-61.4695576017808
			81.1225006660121	-61.4695576017808
			81.0792122451658	-61.4695576017808
			81.0359238243194	-61.5128460226271
			80.9926354034731	-61.5128460226271
			80.9493469826268	-61.5128460226271
			80.9060585617805	-61.5128460226271
			80.8627701409341	-61.5128460226271
			80.8194817200878	-61.5128460226271
			80.7761932992415	-61.5561344434734
			80.7329048783952	-61.5561344434734
			80.6896164575488	-61.5561344434734
			80.6463280367025	-61.5561344434734
			80.6030396158562	-61.5561344434734
			80.5597511950099	-61.5561344434734
			80.5164627741635	-61.5994228643197
			80.4731743533172	-61.5994228643197
			80.4298859324709	-61.5994228643197
			80.3865975116246	-61.5994228643197
			80.3433090907782	-61.5994228643197
			80.3000206699319	-61.5994228643197
			80.2567322490856	-61.5994228643197
			80.2134438282393	-61.5994228643197
			80.1701554073929	-61.5994228643197
			80.1268669865466	-61.5994228643197
			80.0835785657003	-61.5994228643197
			80.040290144854	-61.6427112851661
			79.9970017240076	-61.6427112851661
			79.9537133031613	-61.6427112851661
			79.910424882315	-61.6427112851661
			79.8671364614687	-61.6427112851661
			79.8238480406224	-61.6427112851661
			79.780559619776	-61.6427112851661
			79.7372711989297	-61.6427112851661
			79.6939827780834	-61.6427112851661
			79.650694357237	-61.6427112851661
			79.6074059363907	-61.6427112851661
			79.5641175155444	-61.6427112851661
			79.5208290946981	-61.6427112851661
			79.4775406738517	-61.6427112851661
			79.4342522530054	-61.6427112851661
			79.3909638321591	-61.6427112851661
			79.3476754113128	-61.6427112851661
			79.3043869904665	-61.6427112851661
			79.2610985696201	-61.6427112851661
			79.2178101487738	-61.6427112851661
			79.1745217279275	-61.6427112851661
			79.1312333070812	-61.6427112851661
			79.0879448862348	-61.6427112851661
			79.0446564653885	-61.6427112851661
			79.0013680445422	-61.5994228643197
			78.9580796236959	-61.5994228643197
			78.9147912028495	-61.5994228643197
			78.8715027820032	-61.5994228643197
			78.8282143611569	-61.5994228643197
			78.7849259403106	-61.5994228643197
			78.7416375194642	-61.5994228643197
			78.6983490986179	-61.5994228643197
			78.6550606777716	-61.5994228643197
			78.6117722569253	-61.5561344434734
			78.5684838360789	-61.5561344434734
			78.5251954152326	-61.5561344434734
			78.4819069943863	-61.5561344434734
			78.43861857354	-61.5561344434734
			78.3953301526936	-61.5561344434734
			78.3520417318473	-61.5128460226271
			78.308753311001	-61.5128460226271
			78.2654648901547	-61.5128460226271
			78.2221764693083	-61.5128460226271
			78.178888048462	-61.5128460226271
			78.1355996276157	-61.5128460226271
			78.0923112067694	-61.5128460226271
			78.049022785923	-61.5128460226271
			78.0057343650767	-61.5128460226271
			78.0057343650767	-61.4695576017808
			77.9624459442304	-61.4695576017808
			77.9191575233841	-61.4695576017808
			77.8758691025377	-61.4695576017808
			77.8325806816914	-61.4695576017808
			77.7892922608451	-61.4695576017808
			77.7460038399988	-61.4695576017808
			77.7027154191525	-61.4695576017808
			77.6594269983061	-61.4695576017808
			77.6161385774598	-61.4695576017808
			77.5728501566135	-61.4695576017808
			77.5295617357671	-61.4262691809344
			77.4862733149208	-61.4262691809344
			77.4429848940745	-61.4262691809344
			77.3996964732282	-61.4262691809344
			77.3564080523819	-61.4262691809344
			77.3131196315355	-61.4262691809344
			77.2698312106892	-61.4262691809344
			77.2265427898429	-61.4262691809344
			77.1832543689966	-61.4262691809344
			77.1399659481502	-61.4262691809344
			77.0966775273039	-61.4262691809344
			77.0533891064576	-61.4262691809344
			77.0101006856113	-61.4262691809344
			76.9668122647649	-61.4262691809344
			76.9235238439186	-61.4262691809344
			76.8802354230723	-61.3829807600881
			76.836947002226	-61.3829807600881
			76.7936585813796	-61.3829807600881
			76.7503701605333	-61.3829807600881
			76.707081739687	-61.3829807600881
			76.6637933188407	-61.3829807600881
			76.6205048979943	-61.3829807600881
			76.577216477148	-61.3829807600881
			76.5339280563017	-61.3829807600881
			76.4906396354554	-61.3829807600881
			76.447351214609	-61.3829807600881
			76.4040627937627	-61.3829807600881
			76.3607743729164	-61.3829807600881
			76.3174859520701	-61.3829807600881
			76.2741975312237	-61.3829807600881
			76.2309091103774	-61.3829807600881
			76.1876206895311	-61.3829807600881
			76.1443322686848	-61.3829807600881
			76.1010438478384	-61.3829807600881
			76.0577554269921	-61.3829807600881
			76.0144670061458	-61.3829807600881
			75.9711785852995	-61.3829807600881
			75.9278901644531	-61.3829807600881
			75.8846017436068	-61.3829807600881
			75.8413133227605	-61.3829807600881
			75.7980249019142	-61.3829807600881
			75.7547364810679	-61.3829807600881
			75.7114480602215	-61.3829807600881
			75.6681596393752	-61.3829807600881
			75.6248712185289	-61.3829807600881
			75.5815827976825	-61.3829807600881
			75.5382943768362	-61.3829807600881
			75.4950059559899	-61.3829807600881
			75.4517175351436	-61.3829807600881
			75.4084291142972	-61.3829807600881
			75.3651406934509	-61.3829807600881
			75.3218522726046	-61.3829807600881
			75.2785638517583	-61.3829807600881
			75.235275430912	-61.3829807600881
			75.1919870100656	-61.3829807600881
			75.1486985892193	-61.3829807600881
			75.105410168373	-61.3829807600881
			75.0621217475267	-61.3829807600881
			75.0188333266803	-61.3829807600881
			74.975544905834	-61.3829807600881
			74.9322564849877	-61.3829807600881
			74.8889680641414	-61.3829807600881
			74.845679643295	-61.3829807600881
			74.8023912224487	-61.3829807600881
			74.7591028016024	-61.3829807600881
			74.7158143807561	-61.3829807600881
			74.6725259599097	-61.3396923392418
			74.6292375390634	-61.3396923392418
			74.5859491182171	-61.3396923392418
			74.5426606973708	-61.3396923392418
			74.4993722765244	-61.3396923392418
			74.4560838556781	-61.3396923392418
			74.4127954348318	-61.3396923392418
			74.3695070139855	-61.3396923392418
			74.3695070139855	-61.2964039183955
			74.3262185931391	-61.2964039183955
			74.2829301722928	-61.2964039183955
			74.2396417514465	-61.2964039183955
			74.1963533306002	-61.2964039183955
			74.1530649097538	-61.2964039183955
			74.1097764889075	-61.2964039183955
			74.0664880680612	-61.2964039183955
			74.0231996472149	-61.2964039183955
			73.9799112263685	-61.2531154975491
			73.9366228055222	-61.2531154975491
			73.8933343846759	-61.2531154975491
			73.8500459638296	-61.2531154975491
			73.8067575429832	-61.2531154975491
			73.7634691221369	-61.2531154975491
			73.7201807012906	-61.2531154975491
			73.6768922804443	-61.2531154975491
			73.6336038595979	-61.2531154975491
			73.6336038595979	-61.2098270767028
			73.5903154387516	-61.2098270767028
			73.5470270179053	-61.2098270767028
			73.503738597059	-61.2098270767028
			73.4604501762126	-61.2098270767028
			73.4171617553663	-61.2098270767028
			73.37387333452	-61.2098270767028
			73.3305849136737	-61.2098270767028
			73.2872964928274	-61.2098270767028
			73.244008071981	-61.1665386558565
			73.2007196511347	-61.1665386558565
			73.1574312302884	-61.1665386558565
			73.1141428094421	-61.1665386558565
			73.0708543885957	-61.1665386558565
			73.0275659677494	-61.1665386558565
			72.9842775469031	-61.1665386558565
			72.9409891260567	-61.1665386558565
			72.8977007052104	-61.1232502350102
			72.8544122843641	-61.1232502350102
			72.8111238635178	-61.1232502350102
			72.7678354426715	-61.1232502350102
			72.7245470218251	-61.1232502350102
			72.6812586009788	-61.1232502350102
			72.6379701801325	-61.1232502350102
			72.5946817592862	-61.1232502350102
			72.5513933384398	-61.0799618141638
			72.5081049175935	-61.0799618141638
			72.4648164967472	-61.0799618141638
			72.4215280759009	-61.0799618141638
			72.3782396550545	-61.0799618141638
			72.3349512342082	-61.0799618141638
			72.2916628133619	-61.0799618141638
			72.2483743925156	-61.0799618141638
			72.2050859716692	-61.0366733933175
			72.1617975508229	-61.0366733933175
			72.1185091299766	-61.0366733933175
			72.0752207091303	-61.0366733933175
			72.0319322882839	-61.0366733933175
			71.9886438674376	-61.0366733933175
			71.9453554465913	-61.0366733933175
			71.902067025745	-61.0366733933175
			71.8587786048986	-61.0366733933175
			71.8587786048986	-60.9933849724712
			71.8154901840523	-60.9933849724712
			71.772201763206	-60.9933849724712
			71.7289133423597	-60.9933849724712
			71.6856249215134	-60.9933849724712
			71.642336500667	-60.9933849724712
			71.5990480798207	-60.9933849724712
			71.5557596589744	-60.9933849724712
			71.512471238128	-60.9933849724712
			71.4691828172817	-60.9500965516249
			71.4258943964354	-60.9500965516249
			71.3826059755891	-60.9500965516249
			71.3393175547427	-60.9500965516249
			71.2960291338964	-60.9500965516249
			71.2527407130501	-60.9500965516249
			71.2094522922038	-60.9500965516249
			71.1661638713575	-60.9500965516249
			71.1228754505111	-60.9500965516249
			71.1228754505111	-60.9068081307786
			71.0795870296648	-60.9068081307786
			71.0362986088185	-60.9068081307786
			70.9930101879722	-60.9068081307786
			70.9497217671258	-60.9068081307786
			70.9064333462795	-60.9068081307786
			70.8631449254332	-60.9068081307786
			70.8198565045869	-60.9068081307786
			70.7765680837405	-60.9068081307786
			70.7332796628942	-60.8635197099322
			70.6899912420479	-60.8635197099322
			70.6467028212016	-60.8635197099322
			70.6034144003552	-60.8635197099322
			70.5601259795089	-60.8635197099322
			70.5168375586626	-60.8635197099322
			70.4735491378163	-60.8635197099322
			70.4302607169699	-60.8635197099322
			70.3869722961236	-60.8202312890859
			70.3436838752773	-60.8202312890859
			70.300395454431	-60.8202312890859
			70.2571070335846	-60.8202312890859
			70.2138186127383	-60.8202312890859
			70.170530191892	-60.8202312890859
			70.1272417710457	-60.8202312890859
			70.0839533501993	-60.8202312890859
			70.040664929353	-60.7769428682396
			69.9973765085067	-60.7769428682396
			69.9540880876604	-60.7769428682396
			69.910799666814	-60.7769428682396
			69.8675112459677	-60.7769428682396
			69.8242228251214	-60.7769428682396
			69.7809344042751	-60.7769428682396
			69.7376459834287	-60.7769428682396
			69.6943575625824	-60.7769428682396
			69.6510691417361	-60.7336544473932
			69.6077807208898	-60.7336544473932
			69.5644923000434	-60.7336544473932
			69.5212038791971	-60.7336544473932
			69.4779154583508	-60.7336544473932
			69.4346270375045	-60.7336544473932
			69.3913386166581	-60.7336544473932
			69.3480501958118	-60.7336544473932
			69.3047617749655	-60.6903660265469
			69.2614733541192	-60.6903660265469
			69.2181849332729	-60.6903660265469
			69.1748965124265	-60.6903660265469
			69.1316080915802	-60.6903660265469
			69.0883196707339	-60.6903660265469
			69.0450312498876	-60.6903660265469
			69.0017428290412	-60.6903660265469
			68.9584544081949	-60.6903660265469
			68.9151659873486	-60.6470776057006
			68.8718775665022	-60.6470776057006
			68.8285891456559	-60.6470776057006
			68.7853007248096	-60.6470776057006
			68.7420123039633	-60.6470776057006
			68.698723883117	-60.6470776057006
			68.6554354622706	-60.6470776057006
			68.6121470414243	-60.6470776057006
			68.568858620578	-60.6037891848543
			68.5255701997317	-60.6037891848543
			68.4822817788853	-60.6037891848543
			68.438993358039	-60.6037891848543
			68.3957049371927	-60.6037891848543
			68.3524165163464	-60.6037891848543
			68.3091280955	-60.6037891848543
			68.2658396746537	-60.6037891848543
			68.2225512538074	-60.6037891848543
			68.1792628329611	-60.560500764008
			68.1359744121147	-60.560500764008
			68.0926859912684	-60.560500764008
			68.0493975704221	-60.560500764008
			68.0061091495758	-60.560500764008
			67.9628207287294	-60.560500764008
			67.9195323078831	-60.560500764008
			67.8762438870368	-60.560500764008
			67.8329554661905	-60.5172123431616
			67.7896670453441	-60.5172123431616
			67.7463786244978	-60.5172123431616
			67.7030902036515	-60.5172123431616
			67.6598017828052	-60.5172123431616
			67.6165133619588	-60.5172123431616
			67.5732249411125	-60.5172123431616
			67.5299365202662	-60.5172123431616
			67.4866480994199	-60.5172123431616
			67.4433596785735	-60.5172123431616
			67.4000712577272	-60.4739239223153
			67.3567828368809	-60.4739239223153
			67.3134944160346	-60.4739239223153
			67.2702059951882	-60.4739239223153
			67.2269175743419	-60.4739239223153
			67.1836291534956	-60.4739239223153
			67.1403407326493	-60.4739239223153
			67.097052311803	-60.4739239223153
			67.0537638909566	-60.4739239223153
			67.0104754701103	-60.4739239223153
			66.967187049264	-60.4739239223153
			66.9238986284176	-60.4739239223153
			66.8806102075713	-60.4739239223153
			66.837321786725	-60.430635501469
			66.7940333658787	-60.430635501469
			66.7507449450324	-60.430635501469
			66.707456524186	-60.430635501469
			66.6641681033397	-60.430635501469
			66.6208796824934	-60.430635501469
			66.5775912616471	-60.430635501469
			66.5343028408007	-60.430635501469
			66.4910144199544	-60.430635501469
			66.4477259991081	-60.430635501469
			66.4044375782618	-60.430635501469
			66.3611491574154	-60.430635501469
			66.3178607365691	-60.430635501469
			66.2745723157228	-60.430635501469
			66.2312838948765	-60.430635501469
			66.1879954740301	-60.430635501469
			66.1447070531838	-60.3873470806227
			66.1014186323375	-60.3873470806227
			66.0581302114912	-60.3873470806227
			66.0148417906448	-60.3873470806227
			65.9715533697985	-60.3873470806227
			65.9282649489522	-60.3873470806227
			65.8849765281059	-60.3873470806227
			65.8416881072595	-60.3873470806227
			65.7983996864132	-60.3873470806227
			65.7551112655669	-60.3873470806227
			65.7118228447206	-60.3873470806227
			65.6685344238742	-60.3873470806227
			65.6252460030279	-60.3873470806227
			65.5819575821816	-60.3873470806227
			65.5386691613353	-60.3873470806227
			65.4953807404889	-60.3873470806227
			65.4520923196426	-60.3873470806227
			65.4088038987963	-60.3440586597763
			65.36551547795	-60.3440586597763
			65.3222270571036	-60.3440586597763
			65.2789386362573	-60.3440586597763
			65.235650215411	-60.3440586597763
			65.1923617945647	-60.3440586597763
			65.1490733737184	-60.3440586597763
			65.105784952872	-60.3440586597763
			65.0624965320257	-60.3440586597763
			65.0192081111794	-60.3440586597763
			64.975919690333	-60.3440586597763
			64.9326312694867	-60.3440586597763
			64.8893428486404	-60.3440586597763
			64.8460544277941	-60.3440586597763
			64.8027660069477	-60.3440586597763
			64.7594775861014	-60.3440586597763
			64.7161891652551	-60.3440586597763
			64.6729007444088	-60.3440586597763
			64.6296123235625	-60.3440586597763
			64.5863239027161	-60.3440586597763
			64.5430354818698	-60.3440586597763
			64.4997470610235	-60.3440586597763
			64.4564586401772	-60.3440586597763
			64.4131702193308	-60.30077023893
			64.3698817984845	-60.30077023893
			64.3265933776382	-60.30077023893
			64.2833049567919	-60.30077023893
			64.2400165359455	-60.30077023893
			64.1967281150992	-60.30077023893
			64.1534396942529	-60.30077023893
			64.1101512734066	-60.30077023893
			64.0668628525602	-60.30077023893
			64.0235744317139	-60.30077023893
			63.9802860108676	-60.30077023893
			63.9369975900213	-60.30077023893
			63.8937091691749	-60.30077023893
			63.8504207483286	-60.30077023893
			63.8071323274823	-60.30077023893
			63.763843906636	-60.30077023893
			63.7205554857896	-60.30077023893
			63.6772670649433	-60.30077023893
			63.633978644097	-60.30077023893
			63.5906902232507	-60.30077023893
			63.5474018024043	-60.30077023893
			63.504113381558	-60.30077023893
			63.4608249607117	-60.30077023893
			63.4175365398654	-60.30077023893
			63.374248119019	-60.30077023893
			63.3309596981727	-60.30077023893
			63.2876712773264	-60.30077023893
			63.2443828564801	-60.30077023893
			63.2010944356337	-60.30077023893
			63.1578060147874	-60.30077023893
			63.1145175939411	-60.30077023893
			63.0712291730948	-60.30077023893
			63.0279407522484	-60.30077023893
			62.9846523314021	-60.30077023893
			62.9413639105558	-60.30077023893
			62.8980754897095	-60.2574818180837
			62.8547870688632	-60.2574818180837
			62.8114986480168	-60.2574818180837
			62.7682102271705	-60.2574818180837
			62.7249218063242	-60.2574818180837
			62.6816333854779	-60.2574818180837
			62.6383449646315	-60.2574818180837
			62.5950565437852	-60.2574818180837
			62.5517681229389	-60.2574818180837
			62.5084797020926	-60.2574818180837
			62.4651912812462	-60.2574818180837
			62.4219028603999	-60.2574818180837
			62.3786144395536	-60.2574818180837
			62.3353260187073	-60.2574818180837
			62.2920375978609	-60.2574818180837
			62.2487491770146	-60.2574818180837
			62.2054607561683	-60.2574818180837
			62.162172335322	-60.2574818180837
			62.1188839144756	-60.2574818180837
			62.0755954936293	-60.2574818180837
			62.032307072783	-60.2574818180837
			61.9890186519367	-60.2574818180837
			61.9457302310903	-60.2574818180837
			61.902441810244	-60.2574818180837
			61.8591533893977	-60.2574818180837
			61.8158649685514	-60.2574818180837
			61.772576547705	-60.2574818180837
			61.7292881268587	-60.2574818180837
			61.6859997060124	-60.2574818180837
			61.6427112851661	-60.2574818180837
			61.5994228643197	-60.2574818180837
			61.5561344434734	-60.2574818180837
			61.5128460226271	-60.2574818180837
			61.4695576017808	-60.2574818180837
			61.4262691809344	-60.2574818180837
			61.3829807600881	-60.2574818180837
			61.3396923392418	-60.2574818180837
			61.2964039183955	-60.2574818180837
			61.2531154975491	-60.2574818180837
			61.2098270767028	-60.2574818180837
			61.1665386558565	-60.2574818180837
			61.1232502350102	-60.2574818180837
			61.0799618141638	-60.2574818180837
			61.0366733933175	-60.2574818180837
			60.9933849724712	-60.2574818180837
			60.9500965516249	-60.2574818180837
			60.9068081307786	-60.2574818180837
			60.8635197099322	-60.2574818180837
			60.8202312890859	-60.2574818180837
			60.7769428682396	-60.2574818180837
			60.7336544473932	-60.2574818180837
			60.6903660265469	-60.2574818180837
			60.6470776057006	-60.2574818180837
			60.6037891848543	-60.2574818180837
			60.560500764008	-60.2574818180837
			60.5172123431616	-60.2574818180837
			60.4739239223153	-60.2574818180837
			60.430635501469	-60.2574818180837
			60.3873470806227	-60.2574818180837
			60.3440586597763	-60.2574818180837
			60.30077023893	-60.2574818180837
			60.2574818180837	-60.2574818180837
			60.2141933972374	-60.2574818180837
			60.170904976391	-60.2574818180837
			60.1276165555447	-60.2574818180837
			60.0843281346984	-60.2574818180837
			60.0410397138521	-60.2574818180837
			59.9977512930057	-60.2574818180837
			59.9544628721594	-60.2574818180837
			59.9111744513131	-60.2574818180837
			59.8678860304668	-60.2574818180837
			59.8245976096204	-60.2574818180837
			59.7813091887741	-60.2574818180837
			59.7380207679278	-60.2574818180837
			59.6947323470815	-60.2574818180837
			59.6514439262351	-60.30077023893
			59.6081555053888	-60.30077023893
			59.5648670845425	-60.30077023893
			59.5215786636962	-60.30077023893
			59.4782902428498	-60.30077023893
			59.4350018220035	-60.30077023893
			59.3917134011572	-60.30077023893
			59.3484249803109	-60.30077023893
			59.3051365594645	-60.30077023893
			59.2618481386182	-60.30077023893
			59.2185597177719	-60.30077023893
			59.1752712969256	-60.30077023893
			59.1319828760792	-60.30077023893
			59.0886944552329	-60.30077023893
			59.0454060343866	-60.30077023893
			59.0021176135403	-60.30077023893
			58.9588291926939	-60.30077023893
			58.9155407718476	-60.30077023893
			58.8722523510013	-60.30077023893
			58.828963930155	-60.30077023893
			58.7856755093086	-60.30077023893
			58.7423870884623	-60.30077023893
			58.699098667616	-60.30077023893
			58.6558102467697	-60.30077023893
			58.6125218259234	-60.30077023893
			58.569233405077	-60.30077023893
			58.5259449842307	-60.30077023893
			58.4826565633844	-60.30077023893
			58.4393681425381	-60.30077023893
			58.3960797216917	-60.30077023893
			58.3527913008454	-60.30077023893
			58.3095028799991	-60.30077023893
			58.2662144591528	-60.30077023893
			58.2229260383064	-60.30077023893
			58.1796376174601	-60.30077023893
			58.1363491966138	-60.30077023893
			58.0930607757675	-60.30077023893
			58.0497723549211	-60.30077023893
			58.0064839340748	-60.30077023893
			57.9631955132285	-60.30077023893
			57.9199070923822	-60.30077023893
			57.8766186715358	-60.30077023893
			57.8333302506895	-60.30077023893
			57.7900418298432	-60.30077023893
			57.7467534089969	-60.30077023893
			57.7034649881505	-60.30077023893
			57.6601765673042	-60.30077023893
			57.6168881464579	-60.30077023893
			57.5735997256116	-60.30077023893
			57.5303113047652	-60.30077023893
			57.4870228839189	-60.30077023893
			57.4437344630726	-60.30077023893
			57.4004460422263	-60.30077023893
			57.3571576213799	-60.30077023893
			57.3138692005336	-60.30077023893
			57.2705807796873	-60.3440586597763
			57.227292358841	-60.3440586597763
			57.1840039379946	-60.3440586597763
			57.1407155171483	-60.3440586597763
			57.097427096302	-60.3440586597763
			57.0541386754557	-60.3440586597763
			57.0108502546093	-60.3440586597763
			56.967561833763	-60.3440586597763
			56.9242734129167	-60.3440586597763
			56.8809849920704	-60.3440586597763
			56.8376965712241	-60.3440586597763
			56.7944081503777	-60.3440586597763
			56.7511197295314	-60.3440586597763
			56.7078313086851	-60.3440586597763
			56.6645428878387	-60.3440586597763
			56.6212544669924	-60.3440586597763
			56.5779660461461	-60.3440586597763
			56.5346776252998	-60.3440586597763
			56.4913892044534	-60.3440586597763
			56.4481007836071	-60.3440586597763
			56.4048123627608	-60.3440586597763
			56.3615239419145	-60.3440586597763
			56.3182355210682	-60.3440586597763
			56.2749471002218	-60.3440586597763
			56.2316586793755	-60.3440586597763
			56.1883702585292	-60.3440586597763
			56.1450818376829	-60.3440586597763
			56.1017934168365	-60.3440586597763
			56.0585049959902	-60.3440586597763
			56.0152165751439	-60.3440586597763
			55.9719281542976	-60.3440586597763
			55.9286397334512	-60.3440586597763
			55.8853513126049	-60.3440586597763
			55.8420628917586	-60.3440586597763
			55.7987744709123	-60.3440586597763
			55.7554860500659	-60.3440586597763
			55.7121976292196	-60.3440586597763
			55.6689092083733	-60.3440586597763
			55.625620787527	-60.3440586597763
			55.5823323666806	-60.3440586597763
			55.5390439458343	-60.3440586597763
			55.495755524988	-60.3440586597763
			55.4524671041417	-60.3440586597763
			55.4091786832953	-60.3440586597763
			55.365890262449	-60.3440586597763
			55.3226018416027	-60.3440586597763
			55.2793134207564	-60.3440586597763
			55.23602499991	-60.3440586597763
			55.1927365790637	-60.3440586597763
			55.1494481582174	-60.3440586597763
			55.1061597373711	-60.3440586597763
			55.0628713165247	-60.3440586597763
			55.0195828956784	-60.3440586597763
			54.9762944748321	-60.3440586597763
			54.9330060539858	-60.3440586597763
			54.8897176331394	-60.3440586597763
			54.8464292122931	-60.3440586597763
			54.8031407914468	-60.3440586597763
			54.7598523706005	-60.3440586597763
			54.7165639497541	-60.3440586597763
			54.6732755289078	-60.3440586597763
			54.6299871080615	-60.3440586597763
			54.5866986872152	-60.3440586597763
			54.5434102663689	-60.3440586597763
			54.5001218455225	-60.3440586597763
			54.4568334246762	-60.3440586597763
			54.4135450038299	-60.3440586597763
			54.3702565829836	-60.3440586597763
			54.3269681621372	-60.3440586597763
			54.2836797412909	-60.3440586597763
			54.2403913204446	-60.3440586597763
			54.1971028995983	-60.3440586597763
			54.1538144787519	-60.3440586597763
			54.1105260579056	-60.3440586597763
			54.0672376370593	-60.3440586597763
			54.023949216213	-60.3440586597763
			53.9806607953666	-60.3440586597763
			53.9373723745203	-60.3873470806227
			53.894083953674	-60.3873470806227
			53.8507955328277	-60.3873470806227
			53.8075071119813	-60.3873470806227
			53.764218691135	-60.3873470806227
			53.7209302702887	-60.3873470806227
			53.6776418494424	-60.3873470806227
			53.634353428596	-60.3873470806227
			53.5910650077497	-60.3873470806227
			53.5477765869034	-60.3873470806227
			53.5044881660571	-60.3873470806227
			53.4611997452107	-60.3873470806227
			53.4179113243644	-60.3873470806227
			53.3746229035181	-60.3873470806227
			53.3313344826718	-60.3873470806227
			53.2880460618254	-60.3873470806227
			53.2447576409791	-60.3873470806227
			53.2014692201328	-60.3873470806227
			53.1581807992865	-60.3873470806227
			53.1148923784401	-60.3873470806227
			53.0716039575938	-60.3873470806227
			53.0283155367475	-60.3873470806227
			52.9850271159012	-60.3873470806227
			52.9417386950548	-60.3873470806227
			52.8984502742085	-60.3873470806227
			52.8551618533622	-60.3873470806227
			52.8118734325159	-60.3873470806227
			52.7685850116695	-60.3873470806227
			52.7252965908232	-60.3873470806227
			52.6820081699769	-60.3873470806227
			52.6387197491306	-60.3873470806227
			52.5954313282842	-60.3873470806227
			52.5521429074379	-60.3873470806227
			52.5088544865916	-60.3873470806227
			52.4655660657453	-60.3873470806227
			52.4222776448989	-60.3873470806227
			52.3789892240526	-60.3873470806227
			52.3357008032063	-60.3873470806227
			52.29241238236	-60.3873470806227
			52.2491239615137	-60.3873470806227
			52.2058355406673	-60.3873470806227
			52.162547119821	-60.3873470806227
			52.1192586989747	-60.3873470806227
			52.0759702781284	-60.3873470806227
			52.032681857282	-60.3873470806227
			51.9893934364357	-60.3873470806227
			51.9461050155894	-60.3873470806227
			51.9028165947431	-60.3873470806227
			51.8595281738967	-60.3873470806227
			51.8162397530504	-60.3873470806227
			51.7729513322041	-60.3873470806227
			51.7296629113578	-60.3873470806227
			51.6863744905114	-60.3873470806227
			51.6430860696651	-60.3873470806227
			51.5997976488188	-60.3873470806227
			51.5565092279725	-60.3873470806227
			51.5132208071261	-60.3873470806227
			51.4699323862798	-60.3873470806227
			51.4266439654335	-60.3873470806227
			51.3833555445872	-60.3873470806227
			51.3400671237408	-60.3873470806227
			51.2967787028945	-60.3873470806227
			51.2534902820482	-60.3873470806227
			51.2102018612019	-60.3873470806227
			51.1669134403555	-60.3873470806227
			51.1236250195092	-60.3873470806227
			51.0803365986629	-60.3873470806227
			51.0370481778166	-60.3873470806227
			50.9937597569702	-60.3873470806227
			50.9504713361239	-60.3873470806227
			50.9071829152776	-60.3873470806227
			50.8638944944313	-60.3873470806227
			50.8206060735849	-60.3873470806227
			50.7773176527386	-60.3873470806227
			50.7340292318923	-60.3873470806227
			50.690740811046	-60.3873470806227
			50.6474523901996	-60.3873470806227
			50.6041639693533	-60.3873470806227
			50.560875548507	-60.3873470806227
			50.5175871276607	-60.3873470806227
			50.4742987068143	-60.3873470806227
			50.431010285968	-60.3873470806227
			50.3877218651217	-60.3873470806227
			50.3444334442754	-60.3873470806227
			50.3011450234291	-60.3873470806227
			50.2578566025827	-60.3873470806227
			50.2145681817364	-60.3873470806227
			50.1712797608901	-60.3873470806227
			50.1279913400437	-60.3873470806227
			50.0847029191974	-60.3873470806227
			50.0414144983511	-60.3873470806227
			49.9981260775048	-60.3873470806227
			49.9548376566585	-60.3873470806227
			49.9115492358121	-60.3873470806227
			49.8682608149658	-60.3873470806227
			49.8249723941195	-60.3873470806227
			49.7816839732732	-60.3873470806227
			49.7383955524268	-60.3873470806227
			49.6951071315805	-60.3873470806227
			49.6518187107342	-60.3873470806227
			49.6085302898879	-60.3873470806227
			49.5652418690415	-60.3873470806227
			49.5219534481952	-60.3873470806227
			49.4786650273489	-60.3873470806227
			49.4353766065026	-60.3873470806227
			49.3920881856562	-60.3873470806227
			49.3487997648099	-60.3873470806227
			49.3055113439636	-60.3873470806227
			49.2622229231173	-60.3873470806227
			49.2189345022709	-60.3873470806227
			49.1756460814246	-60.3873470806227
			49.1323576605783	-60.3873470806227
			49.089069239732	-60.3873470806227
			49.0457808188856	-60.3873470806227
			49.0024923980393	-60.3873470806227
			48.959203977193	-60.3873470806227
			48.9159155563467	-60.3873470806227
			48.8726271355003	-60.3873470806227
			48.829338714654	-60.3873470806227
			48.7860502938077	-60.3873470806227
			48.7427618729614	-60.3873470806227
			48.699473452115	-60.3873470806227
			48.6561850312687	-60.3873470806227
			48.6128966104224	-60.3873470806227
			48.5696081895761	-60.3873470806227
			48.5263197687297	-60.3873470806227
			48.4830313478834	-60.3873470806227
			48.4397429270371	-60.3873470806227
			48.3964545061908	-60.3873470806227
			48.3531660853444	-60.3873470806227
			48.3098776644981	-60.3873470806227
			48.2665892436518	-60.3873470806227
			48.2233008228055	-60.3873470806227
			48.1800124019592	-60.3873470806227
			48.1367239811128	-60.3873470806227
			48.0934355602665	-60.3873470806227
			48.0501471394202	-60.3873470806227
			48.0068587185739	-60.3873470806227
			47.9635702977275	-60.3873470806227
			47.9202818768812	-60.3873470806227
			47.8769934560349	-60.3873470806227
			47.8337050351886	-60.3873470806227
			47.7904166143422	-60.3873470806227
			47.7471281934959	-60.3873470806227
			47.7038397726496	-60.3873470806227
			47.6605513518033	-60.3873470806227
			47.6172629309569	-60.3873470806227
			47.5739745101106	-60.3873470806227
			47.5306860892643	-60.3873470806227
			47.487397668418	-60.3873470806227
			47.4441092475716	-60.3873470806227
			47.4008208267253	-60.3873470806227
			47.357532405879	-60.3873470806227
			47.3142439850327	-60.3873470806227
			47.2709555641863	-60.3873470806227
			47.22766714334	-60.3873470806227
			47.1843787224937	-60.3873470806227
			47.1410903016474	-60.3873470806227
			47.097801880801	-60.3873470806227
			47.0545134599547	-60.3873470806227
			47.0112250391084	-60.3873470806227
			46.9679366182621	-60.3873470806227
			46.9246481974157	-60.3873470806227
			46.8813597765694	-60.3873470806227
			46.8380713557231	-60.3873470806227
			46.7947829348768	-60.3873470806227
			46.7514945140304	-60.3873470806227
			46.7082060931841	-60.3873470806227
			46.6649176723378	-60.3873470806227
			46.6216292514915	-60.3873470806227
			46.5783408306451	-60.3873470806227
			46.5350524097988	-60.3873470806227
			46.4917639889525	-60.3873470806227
			46.4484755681062	-60.3873470806227
			46.4051871472598	-60.3873470806227
			46.3618987264135	-60.3873470806227
			46.3186103055672	-60.3873470806227
			46.2753218847209	-60.3873470806227
			46.2320334638746	-60.3873470806227
			46.1887450430282	-60.3873470806227
			46.1454566221819	-60.3873470806227
			46.1021682013356	-60.3873470806227
			46.0588797804892	-60.3873470806227
			46.0155913596429	-60.3873470806227
			45.9723029387966	-60.3873470806227
			45.9290145179503	-60.3873470806227
			45.885726097104	-60.3873470806227
			45.8424376762576	-60.3873470806227
			45.7991492554113	-60.3873470806227
			45.755860834565	-60.3873470806227
			45.7125724137187	-60.3873470806227
			45.6692839928723	-60.3873470806227
			45.625995572026	-60.3873470806227
			45.5827071511797	-60.3873470806227
			45.5394187303334	-60.3873470806227
			45.496130309487	-60.3873470806227
			45.4528418886407	-60.3873470806227
			45.4095534677944	-60.3873470806227
			45.3662650469481	-60.3873470806227
			45.3229766261017	-60.3873470806227
			45.2796882052554	-60.3873470806227
			45.2363997844091	-60.3873470806227
			45.1931113635628	-60.3873470806227
			45.1498229427164	-60.3873470806227
			45.1065345218701	-60.3873470806227
			45.0632461010238	-60.3873470806227
			45.0199576801775	-60.3873470806227
			44.9766692593311	-60.3873470806227
			44.9333808384848	-60.3873470806227
			44.8900924176385	-60.3873470806227
			44.8468039967922	-60.3873470806227
			44.8035155759458	-60.3873470806227
			44.7602271550995	-60.3873470806227
			44.7169387342532	-60.3873470806227
			44.6736503134069	-60.3873470806227
			44.6303618925605	-60.3873470806227
			44.5870734717142	-60.3873470806227
			44.5437850508679	-60.3873470806227
			44.5004966300216	-60.3873470806227
			44.4572082091752	-60.3873470806227
			44.4139197883289	-60.3873470806227
			44.3706313674826	-60.3873470806227
			44.3273429466363	-60.3873470806227
			44.2840545257899	-60.3873470806227
			44.2407661049436	-60.3873470806227
			44.1974776840973	-60.3873470806227
			44.154189263251	-60.3873470806227
			44.1109008424046	-60.3873470806227
			44.0676124215583	-60.3873470806227
			44.024324000712	-60.3873470806227
			43.9810355798657	-60.3873470806227
			43.9377471590194	-60.3873470806227
			43.894458738173	-60.3873470806227
			43.8511703173267	-60.3873470806227
			43.8078818964804	-60.3873470806227
			43.7645934756341	-60.3873470806227
			43.7213050547877	-60.3873470806227
			43.6780166339414	-60.3873470806227
			43.6347282130951	-60.3873470806227
			43.5914397922488	-60.3873470806227
			43.5481513714024	-60.3873470806227
			43.5048629505561	-60.3873470806227
			43.4615745297098	-60.3873470806227
			43.4182861088635	-60.3873470806227
			43.3749976880171	-60.3873470806227
			43.3317092671708	-60.3873470806227
			43.2884208463245	-60.3873470806227
			43.2451324254782	-60.3873470806227
			43.2018440046318	-60.3873470806227
			43.1585555837855	-60.3873470806227
			43.1152671629392	-60.3873470806227
			43.0719787420929	-60.3873470806227
			43.0286903212465	-60.3873470806227
			42.9854019004002	-60.3873470806227
			42.9421134795539	-60.3873470806227
			42.8988250587076	-60.3873470806227
			42.8555366378612	-60.3873470806227
			42.8122482170149	-60.3873470806227
			42.7689597961686	-60.3873470806227
			42.7256713753223	-60.3873470806227
			42.6823829544759	-60.3873470806227
			42.6390945336296	-60.3873470806227
			42.5958061127833	-60.3873470806227
			42.552517691937	-60.3873470806227
			42.5092292710906	-60.3873470806227
			42.4659408502443	-60.3873470806227
			42.422652429398	-60.3873470806227
			42.3793640085517	-60.3873470806227
			42.3360755877053	-60.3873470806227
			42.292787166859	-60.3873470806227
			42.2494987460127	-60.3873470806227
			42.2062103251664	-60.3873470806227
			42.1629219043201	-60.3873470806227
			42.1196334834737	-60.3873470806227
			42.0763450626274	-60.3873470806227
			42.0330566417811	-60.3873470806227
			41.9897682209347	-60.3873470806227
			41.9464798000884	-60.3873470806227
			41.9031913792421	-60.3873470806227
			41.8599029583958	-60.3873470806227
			41.8166145375494	-60.3873470806227
			41.7733261167031	-60.3873470806227
			41.7300376958568	-60.3873470806227
			41.6867492750105	-60.3873470806227
			41.6434608541642	-60.3873470806227
			41.6001724333178	-60.3873470806227
			41.5568840124715	-60.3873470806227
			41.5135955916252	-60.3873470806227
			41.4703071707789	-60.3873470806227
			41.4270187499325	-60.3873470806227
			41.3837303290862	-60.3873470806227
			41.3404419082399	-60.3873470806227
			41.2971534873936	-60.3873470806227
			41.2538650665472	-60.3873470806227
			41.2105766457009	-60.3873470806227
			41.1672882248546	-60.3873470806227
			41.1239998040083	-60.3873470806227
			41.0807113831619	-60.3873470806227
			41.0374229623156	-60.3873470806227
			40.9941345414693	-60.3873470806227
			40.950846120623	-60.3873470806227
			40.9075576997766	-60.3873470806227
			40.8642692789303	-60.3873470806227
			40.820980858084	-60.3873470806227
			40.7776924372377	-60.3873470806227
			40.7344040163913	-60.3873470806227
			40.691115595545	-60.3873470806227
			40.6478271746987	-60.3873470806227
			40.6045387538524	-60.3873470806227
			40.561250333006	-60.3873470806227
			40.5179619121597	-60.3873470806227
			40.4746734913134	-60.3873470806227
			40.4313850704671	-60.3873470806227
			40.3880966496207	-60.3873470806227
			40.3448082287744	-60.3873470806227
			40.3015198079281	-60.3873470806227
			40.2582313870818	-60.3873470806227
			40.2149429662354	-60.3873470806227
			40.1716545453891	-60.3873470806227
			40.1283661245428	-60.3873470806227
			40.0850777036965	-60.3873470806227
			40.0417892828501	-60.3873470806227
			39.9985008620038	-60.3873470806227
			39.9552124411575	-60.3873470806227
			39.9119240203112	-60.3873470806227
			39.8686355994649	-60.3873470806227
			39.8253471786185	-60.3873470806227
			39.7820587577722	-60.3873470806227
			39.7387703369259	-60.3873470806227
			39.6954819160796	-60.3873470806227
			39.6521934952332	-60.3873470806227
			39.6089050743869	-60.3873470806227
			39.5656166535406	-60.3873470806227
			39.5223282326943	-60.3873470806227
			39.4790398118479	-60.3873470806227
			39.4357513910016	-60.3873470806227
			39.3924629701553	-60.3873470806227
			39.349174549309	-60.3873470806227
			39.3058861284626	-60.3873470806227
			39.2625977076163	-60.3873470806227
			39.21930928677	-60.3873470806227
			39.1760208659237	-60.3873470806227
			39.1327324450773	-60.3873470806227
			39.089444024231	-60.3873470806227
			39.0461556033847	-60.3873470806227
			39.0028671825384	-60.3873470806227
			38.959578761692	-60.3873470806227
			38.9162903408457	-60.3873470806227
			38.8730019199994	-60.3873470806227
			38.8297134991531	-60.3873470806227
			38.7864250783067	-60.3873470806227
			38.7431366574604	-60.3873470806227
			38.6998482366141	-60.3873470806227
			38.6565598157678	-60.3873470806227
			38.6132713949214	-60.3873470806227
			38.5699829740751	-60.3873470806227
			38.5266945532288	-60.3873470806227
			38.4834061323825	-60.3873470806227
			38.4401177115361	-60.3873470806227
			38.3968292906898	-60.3873470806227
			38.3535408698435	-60.3873470806227
			38.3102524489972	-60.3873470806227
			38.2669640281508	-60.3873470806227
			38.2236756073045	-60.3873470806227
			38.1803871864582	-60.3873470806227
			38.1370987656119	-60.3873470806227
			38.0938103447655	-60.3873470806227
			38.0505219239192	-60.3873470806227
			38.0072335030729	-60.3873470806227
			37.9639450822266	-60.3873470806227
			37.9206566613802	-60.3873470806227
			37.8773682405339	-60.3873470806227
			37.8340798196876	-60.3873470806227
			37.7907913988413	-60.3873470806227
			37.7475029779949	-60.3873470806227
			37.7042145571486	-60.3873470806227
			37.6609261363023	-60.3873470806227
			37.617637715456	-60.3873470806227
			37.5743492946097	-60.3873470806227
			37.5310608737633	-60.3873470806227
			37.487772452917	-60.3873470806227
			37.4444840320707	-60.3873470806227
			37.4011956112244	-60.3873470806227
			37.357907190378	-60.3873470806227
			37.3146187695317	-60.3873470806227
			37.2713303486854	-60.3873470806227
			37.2280419278391	-60.3873470806227
			37.1847535069927	-60.3873470806227
			37.1414650861464	-60.3873470806227
			37.0981766653001	-60.3873470806227
			37.0548882444538	-60.3873470806227
			37.0115998236074	-60.3873470806227
			36.9683114027611	-60.3873470806227
			36.9250229819148	-60.3873470806227
			36.8817345610685	-60.3873470806227
			36.8384461402221	-60.3873470806227
			36.7951577193758	-60.3873470806227
			36.7518692985295	-60.3873470806227
			36.7085808776832	-60.3873470806227
			36.6652924568368	-60.3873470806227
			36.6220040359905	-60.3873470806227
			36.5787156151442	-60.3873470806227
			36.5354271942979	-60.3873470806227
			36.4921387734515	-60.3873470806227
			36.4488503526052	-60.3873470806227
			36.4055619317589	-60.3873470806227
			36.3622735109126	-60.3873470806227
			36.3189850900662	-60.3873470806227
			36.2756966692199	-60.3873470806227
			36.2324082483736	-60.3873470806227
			36.1891198275273	-60.3873470806227
			36.1458314066809	-60.3873470806227
			36.1025429858346	-60.3873470806227
			36.0592545649883	-60.3873470806227
			36.015966144142	-60.3873470806227
			35.9726777232956	-60.3873470806227
			35.9293893024493	-60.3873470806227
			35.886100881603	-60.3873470806227
			35.8428124607567	-60.3873470806227
			35.7995240399103	-60.3873470806227
			35.756235619064	-60.3873470806227
			35.7129471982177	-60.3873470806227
			35.6696587773714	-60.3873470806227
			35.6263703565251	-60.3873470806227
			35.5830819356787	-60.3873470806227
			35.5397935148324	-60.3873470806227
			35.4965050939861	-60.3873470806227
			35.4532166731397	-60.3873470806227
			35.4099282522934	-60.3873470806227
			35.3666398314471	-60.3873470806227
			35.3233514106008	-60.3873470806227
			35.2800629897545	-60.3873470806227
			35.2367745689081	-60.3873470806227
			35.1934861480618	-60.3873470806227
			35.1501977272155	-60.3873470806227
			35.1069093063692	-60.3873470806227
			35.0636208855228	-60.3873470806227
		</c2>
	</curves.scaled>
	<ruler.points type=matrix rownames=TRUE colnames=FALSE nrow=2 ncol=2 as.numeric=TRUE >
		Ruler point 1	2060	315
		Ruler point 2	2291	313
	</ruler.points>
</shapes>

