<shapes type=list>
	<ruler.pixel type=vector names=FALSE length=1 as.numeric=TRUE >228.035085019828</ruler.pixel>
	<ruler.interval type=vector names=FALSE length=1 as.numeric=TRUE >10</ruler.interval>
	<scaling.units type=vector names=FALSE length=1 as.numeric=FALSE >undefined</scaling.units>
	<scaling type=vector names=FALSE length=1 as.numeric=TRUE >0.0438529009653515</scaling>
	<landmarks.pixel type=matrix rownames=TRUE colnames=FALSE nrow=2 ncol=2 as.numeric=TRUE >
		LM1	734	1242
		LM2	1743	1254
	</landmarks.pixel>
	<landmarks.scaled type=matrix rownames=TRUE colnames=FALSE nrow=2 ncol=2 as.numeric=TRUE >
		LM1	32.188029308568	-54.4653029989665
		LM2	76.4356063826076	-54.9915378105507
	</landmarks.scaled>
	<curves.control type=list>
		<c1 type=matrix rownames=FALSE colnames=FALSE nrow=13 ncol=2 as.numeric=TRUE >
			734	1242
			821	1103
			931	1014
			1033	897
			1158	841
			1300	765
			1424	813
			1540	833
			1624	1013
			1656	1087
			1702	1134
			1728	1193
			1743	1254
		</c1>
		<c2 type=matrix rownames=FALSE colnames=FALSE nrow=15 ncol=2 as.numeric=TRUE >
			1743	1254
			1729	1258
			1704	1250
			1704	1243
			1655	1234
			1631	1239
			1563	1226
			1513	1223
			1449	1211
			1383	1212
			1300	1204
			1142	1204
			1061	1223
			899	1245
			734	1242
		</c2>
	</curves.control>
	<curves.pixel type=list>
		<c1 type=matrix rownames=FALSE colnames=FALSE nrow=1284 ncol=2 as.numeric=TRUE >
			734	1242
			735	1241
			735	1240
			736	1239
			737	1238
			737	1237
			738	1236
			738	1235
			739	1234
			740	1233
			740	1232
			741	1231
			741	1230
			742	1230
			742	1229
			743	1228
			744	1227
			744	1226
			745	1225
			746	1224
			746	1223
			747	1222
			748	1221
			748	1220
			749	1219
			750	1218
			750	1217
			751	1216
			751	1215
			752	1214
			753	1213
			753	1212
			754	1211
			755	1210
			755	1209
			756	1208
			757	1207
			757	1206
			758	1205
			759	1204
			759	1203
			760	1202
			761	1202
			761	1201
			762	1200
			763	1199
			763	1198
			764	1197
			764	1196
			765	1195
			766	1194
			766	1193
			767	1192
			768	1191
			768	1190
			769	1189
			770	1188
			770	1187
			771	1186
			772	1186
			772	1185
			773	1184
			774	1183
			774	1182
			775	1181
			776	1180
			776	1179
			777	1178
			778	1177
			778	1176
			779	1175
			780	1174
			781	1173
			782	1172
			782	1171
			783	1170
			784	1169
			785	1168
			785	1167
			786	1166
			787	1165
			788	1164
			788	1163
			789	1162
			790	1161
			791	1160
			791	1159
			792	1158
			793	1157
			793	1156
			794	1155
			795	1154
			796	1154
			796	1153
			797	1152
			798	1151
			798	1150
			799	1149
			800	1148
			801	1147
			801	1146
			802	1145
			803	1144
			804	1143
			805	1142
			806	1141
			806	1140
			807	1139
			808	1138
			809	1137
			810	1136
			810	1135
			811	1134
			812	1134
			812	1133
			813	1132
			813	1131
			814	1131
			815	1130
			815	1129
			816	1128
			817	1128
			817	1127
			818	1126
			818	1125
			819	1125
			820	1124
			820	1123
			821	1122
			822	1122
			822	1121
			823	1120
			824	1119
			825	1118
			826	1117
			826	1116
			827	1115
			828	1114
			829	1113
			829	1112
			830	1112
			831	1111
			832	1110
			832	1109
			833	1108
			834	1107
			835	1106
			836	1105
			837	1104
			838	1103
			839	1102
			840	1101
			841	1100
			842	1099
			843	1098
			844	1097
			844	1096
			845	1095
			846	1094
			847	1093
			848	1092
			849	1091
			850	1090
			850	1089
			851	1089
			852	1088
			852	1087
			853	1087
			854	1086
			854	1085
			855	1084
			856	1084
			856	1083
			857	1082
			858	1081
			859	1080
			860	1079
			861	1078
			862	1077
			863	1076
			864	1075
			865	1074
			866	1073
			867	1072
			868	1071
			869	1070
			870	1069
			871	1068
			872	1067
			873	1066
			874	1065
			875	1064
			876	1063
			877	1062
			878	1061
			879	1060
			880	1059
			881	1058
			882	1057
			883	1056
			884	1055
			885	1054
			886	1053
			887	1052
			888	1051
			889	1050
			890	1049
			891	1049
			892	1048
			892	1047
			893	1047
			894	1046
			895	1045
			896	1044
			897	1043
			898	1042
			899	1042
			900	1041
			900	1040
			901	1040
			902	1039
			902	1038
			903	1038
			904	1037
			905	1036
			906	1035
			907	1034
			908	1033
			909	1033
			910	1032
			911	1031
			912	1030
			913	1029
			914	1028
			915	1027
			916	1026
			917	1026
			917	1025
			918	1025
			919	1024
			920	1023
			921	1022
			922	1021
			923	1021
			924	1020
			924	1019
			925	1019
			926	1018
			927	1017
			928	1017
			928	1016
			929	1015
			930	1015
			931	1014
			932	1013
			933	1012
			934	1011
			935	1010
			936	1009
			937	1008
			937	1007
			938	1006
			939	1005
			940	1004
			941	1003
			942	1002
			943	1001
			944	1000
			945	999
			946	998
			946	997
			947	996
			948	995
			949	994
			950	993
			951	992
			952	991
			953	990
			954	989
			955	988
			955	987
			956	986
			957	985
			958	984
			959	983
			960	982
			961	981
			962	981
			963	980
			964	979
			965	978
			966	977
			966	976
			967	975
			968	974
			969	973
			970	972
			971	971
			972	970
			973	969
			974	969
			975	968
			976	967
			977	966
			978	965
			978	964
			979	963
			980	962
			981	961
			982	961
			983	960
			984	959
			985	958
			986	957
			987	956
			988	955
			989	954
			990	954
			991	953
			992	952
			992	951
			993	950
			994	949
			995	948
			996	947
			997	947
			998	946
			999	945
			1000	944
			1001	943
			1002	942
			1003	942
			1004	941
			1005	940
			1006	939
			1007	938
			1008	937
			1009	937
			1010	936
			1011	935
			1012	934
			1012	933
			1013	933
			1014	932
			1015	931
			1016	930
			1017	929
			1018	929
			1019	928
			1020	927
			1021	926
			1022	925
			1023	925
			1024	924
			1025	923
			1026	922
			1027	921
			1028	921
			1029	920
			1030	919
			1031	918
			1032	918
			1033	917
			1034	916
			1035	915
			1036	915
			1037	914
			1038	913
			1039	912
			1040	912
			1041	911
			1042	910
			1043	909
			1044	909
			1045	908
			1046	907
			1047	906
			1048	906
			1049	905
			1050	904
			1051	903
			1052	903
			1053	902
			1054	901
			1055	901
			1056	900
			1057	899
			1058	898
			1059	898
			1060	897
			1061	896
			1062	896
			1063	895
			1064	894
			1065	894
			1066	893
			1067	892
			1068	891
			1069	891
			1070	890
			1071	889
			1072	889
			1073	888
			1074	887
			1075	887
			1076	886
			1077	885
			1078	885
			1079	884
			1080	883
			1081	883
			1082	882
			1083	881
			1084	881
			1085	880
			1086	880
			1087	879
			1088	878
			1089	878
			1090	877
			1091	876
			1092	876
			1093	875
			1094	874
			1095	874
			1096	873
			1097	873
			1098	872
			1099	871
			1100	871
			1101	870
			1102	870
			1103	869
			1104	869
			1105	868
			1106	868
			1107	867
			1108	866
			1109	866
			1110	865
			1111	865
			1112	864
			1113	864
			1114	863
			1115	863
			1116	862
			1117	862
			1118	861
			1119	860
			1120	859
			1121	859
			1122	859
			1122	858
			1123	858
			1124	858
			1124	857
			1125	857
			1126	857
			1126	856
			1127	856
			1128	856
			1128	855
			1129	855
			1130	855
			1130	854
			1131	854
			1132	854
			1132	853
			1133	853
			1134	853
			1134	852
			1135	852
			1136	852
			1136	851
			1137	851
			1138	851
			1138	850
			1139	850
			1140	850
			1140	849
			1141	849
			1142	849
			1142	848
			1143	848
			1144	848
			1144	847
			1145	847
			1146	847
			1146	846
			1147	846
			1148	846
			1148	845
			1149	845
			1150	845
			1151	844
			1152	844
			1153	843
			1154	843
			1155	842
			1156	842
			1157	841
			1158	841
			1159	840
			1160	840
			1161	839
			1162	839
			1163	838
			1164	838
			1165	837
			1166	837
			1167	836
			1168	836
			1169	836
			1169	835
			1170	835
			1171	834
			1172	834
			1173	834
			1173	833
			1174	833
			1175	832
			1176	832
			1177	831
			1178	831
			1179	830
			1180	830
			1181	829
			1182	829
			1183	829
			1184	828
			1185	828
			1186	827
			1187	827
			1188	826
			1189	826
			1190	825
			1191	825
			1192	825
			1192	824
			1193	824
			1194	824
			1194	823
			1195	823
			1196	823
			1197	823
			1197	822
			1198	822
			1199	822
			1199	821
			1200	821
			1201	821
			1202	820
			1203	820
			1204	819
			1205	819
			1206	819
			1206	818
			1207	818
			1208	818
			1209	818
			1210	817
			1211	817
			1212	816
			1213	816
			1214	816
			1215	815
			1216	815
			1217	814
			1218	814
			1219	814
			1220	813
			1221	813
			1222	813
			1223	812
			1224	812
			1225	812
			1226	811
			1227	811
			1228	811
			1229	811
			1230	810
			1231	810
			1232	809
			1233	809
			1234	809
			1235	809
			1236	808
			1237	808
			1238	808
			1239	807
			1240	807
			1241	807
			1242	806
			1243	806
			1244	806
			1245	806
			1246	805
			1247	805
			1248	805
			1249	805
			1250	804
			1251	804
			1252	804
			1253	804
			1254	803
			1255	803
			1256	803
			1257	803
			1258	802
			1259	802
			1260	802
			1261	802
			1262	801
			1263	801
			1264	801
			1265	801
			1266	801
			1267	800
			1268	800
			1269	800
			1270	800
			1271	800
			1272	800
			1272	799
			1273	799
			1274	799
			1275	799
			1276	799
			1277	798
			1278	798
			1279	798
			1280	798
			1281	798
			1282	798
			1283	798
			1284	797
			1285	797
			1286	797
			1287	797
			1288	797
			1289	797
			1290	797
			1291	797
			1292	796
			1293	796
			1294	796
			1295	796
			1296	796
			1297	796
			1298	796
			1299	796
			1300	796
			1301	795
			1302	795
			1303	795
			1304	795
			1305	795
			1306	795
			1307	795
			1308	795
			1309	795
			1310	795
			1311	795
			1312	795
			1313	795
			1314	795
			1315	795
			1316	795
			1317	795
			1318	795
			1319	794
			1320	794
			1321	794
			1322	794
			1323	794
			1324	794
			1325	794
			1326	794
			1327	794
			1328	794
			1329	794
			1330	794
			1331	794
			1332	794
			1333	795
			1334	795
			1335	795
			1336	795
			1337	795
			1338	795
			1339	795
			1340	795
			1341	795
			1342	795
			1343	795
			1344	795
			1345	795
			1346	795
			1347	795
			1348	795
			1349	795
			1350	796
			1351	796
			1352	796
			1353	796
			1354	796
			1355	796
			1356	796
			1357	796
			1358	796
			1359	797
			1360	797
			1361	797
			1362	797
			1363	797
			1364	797
			1365	797
			1366	797
			1367	798
			1368	798
			1369	798
			1370	798
			1371	798
			1372	798
			1373	799
			1374	799
			1375	799
			1376	799
			1377	799
			1378	800
			1379	800
			1380	800
			1381	800
			1382	800
			1383	801
			1384	801
			1385	801
			1386	801
			1387	802
			1388	802
			1389	802
			1390	802
			1391	802
			1392	803
			1393	803
			1394	803
			1395	803
			1396	804
			1397	804
			1398	804
			1399	805
			1400	805
			1401	805
			1402	805
			1403	806
			1404	806
			1405	807
			1406	807
			1407	807
			1408	807
			1409	808
			1410	808
			1411	808
			1412	809
			1413	809
			1414	809
			1415	810
			1416	810
			1417	810
			1418	811
			1419	811
			1420	812
			1421	812
			1422	812
			1423	813
			1424	813
			1425	813
			1426	813
			1427	814
			1428	814
			1429	814
			1430	814
			1431	814
			1432	814
			1433	815
			1434	815
			1435	815
			1436	816
			1437	816
			1438	816
			1439	816
			1440	817
			1441	817
			1442	817
			1443	817
			1443	818
			1444	818
			1445	818
			1446	818
			1447	818
			1447	819
			1448	819
			1449	819
			1450	820
			1451	820
			1452	820
			1453	821
			1454	821
			1455	821
			1456	822
			1457	822
			1458	822
			1459	823
			1460	823
			1461	824
			1462	824
			1463	825
			1464	825
			1465	825
			1465	826
			1466	826
			1467	826
			1467	827
			1468	827
			1469	827
			1469	828
			1470	828
			1471	828
			1472	829
			1473	829
			1474	830
			1475	830
			1476	831
			1477	832
			1478	832
			1479	833
			1480	833
			1481	834
			1482	834
			1483	835
			1484	835
			1485	836
			1486	836
			1487	837
			1488	837
			1488	838
			1489	839
			1490	839
			1491	840
			1492	840
			1493	841
			1494	841
			1495	842
			1496	843
			1497	843
			1498	844
			1499	845
			1500	846
			1501	847
			1502	847
			1503	848
			1504	848
			1504	849
			1505	849
			1506	850
			1507	851
			1508	852
			1509	853
			1510	853
			1511	854
			1512	855
			1513	856
			1514	857
			1515	857
			1516	858
			1517	859
			1518	860
			1519	860
			1520	861
			1520	862
			1521	863
			1522	864
			1523	865
			1524	865
			1525	866
			1526	867
			1527	868
			1528	869
			1529	870
			1530	871
			1531	872
			1532	873
			1533	874
			1534	875
			1535	876
			1536	877
			1537	878
			1538	879
			1539	880
			1540	881
			1540	882
			1541	883
			1542	883
			1543	884
			1543	885
			1544	886
			1545	887
			1546	888
			1547	889
			1548	890
			1549	891
			1550	892
			1550	893
			1551	893
			1551	894
			1552	895
			1553	896
			1554	897
			1555	898
			1555	899
			1556	900
			1557	901
			1558	902
			1559	903
			1559	904
			1560	905
			1561	906
			1562	907
			1562	908
			1563	909
			1564	910
			1565	911
			1566	912
			1566	913
			1567	914
			1568	915
			1569	916
			1569	917
			1570	918
			1571	919
			1571	920
			1572	921
			1573	922
			1573	923
			1574	924
			1575	925
			1575	926
			1576	926
			1576	927
			1577	928
			1577	929
			1578	930
			1579	931
			1579	932
			1580	933
			1581	934
			1581	935
			1582	936
			1583	937
			1583	938
			1584	939
			1585	940
			1585	941
			1586	942
			1586	943
			1587	944
			1588	945
			1588	946
			1589	947
			1590	948
			1590	949
			1591	950
			1591	951
			1592	952
			1593	953
			1593	954
			1594	955
			1594	956
			1595	957
			1595	958
			1596	959
			1597	960
			1597	961
			1598	962
			1598	963
			1599	964
			1599	965
			1600	966
			1601	967
			1601	968
			1602	969
			1602	970
			1603	971
			1603	972
			1604	973
			1604	974
			1605	975
			1605	976
			1606	977
			1606	978
			1607	979
			1607	980
			1608	981
			1608	982
			1609	983
			1609	984
			1610	985
			1611	986
			1611	987
			1612	988
			1612	989
			1613	990
			1613	991
			1614	992
			1614	993
			1615	994
			1615	995
			1616	996
			1616	997
			1617	998
			1617	999
			1618	1000
			1618	1001
			1619	1002
			1619	1003
			1620	1004
			1620	1005
			1621	1006
			1621	1007
			1622	1008
			1622	1009
			1623	1010
			1623	1011
			1624	1012
			1624	1013
			1624	1014
			1625	1015
			1625	1016
			1626	1017
			1626	1018
			1627	1019
			1627	1020
			1628	1021
			1628	1022
			1629	1023
			1629	1024
			1630	1025
			1630	1026
			1630	1027
			1631	1028
			1631	1029
			1632	1030
			1632	1031
			1633	1032
			1633	1033
			1634	1034
			1634	1035
			1635	1036
			1635	1037
			1636	1038
			1636	1039
			1636	1040
			1637	1041
			1637	1042
			1638	1042
			1638	1043
			1639	1044
			1639	1045
			1640	1046
			1640	1047
			1641	1048
			1641	1049
			1642	1050
			1642	1051
			1643	1052
			1644	1053
			1644	1054
			1645	1055
			1645	1056
			1646	1057
			1646	1058
			1647	1059
			1647	1060
			1648	1061
			1648	1062
			1649	1063
			1650	1064
			1650	1065
			1651	1066
			1651	1067
			1652	1068
			1652	1069
			1653	1070
			1653	1071
			1654	1071
			1655	1072
			1655	1073
			1656	1074
			1656	1075
			1657	1076
			1657	1077
			1658	1078
			1659	1079
			1659	1080
			1660	1081
			1660	1082
			1661	1082
			1661	1083
			1662	1084
			1663	1085
			1663	1086
			1664	1087
			1664	1088
			1665	1089
			1666	1089
			1666	1090
			1667	1091
			1667	1092
			1668	1093
			1669	1094
			1669	1095
			1670	1096
			1671	1097
			1672	1098
			1673	1099
			1673	1100
			1674	1101
			1675	1102
			1676	1103
			1676	1104
			1677	1105
			1678	1106
			1679	1107
			1679	1108
			1680	1109
			1681	1110
			1682	1111
			1682	1112
			1683	1113
			1684	1114
			1685	1115
			1685	1116
			1686	1117
			1687	1118
			1688	1118
			1689	1119
			1689	1120
			1690	1121
			1691	1122
			1692	1123
			1693	1124
			1693	1125
			1694	1126
			1695	1127
			1696	1127
			1697	1128
			1697	1129
			1698	1130
			1699	1131
			1700	1132
			1701	1133
			1702	1134
			1702	1135
			1703	1136
			1703	1137
			1704	1138
			1704	1139
			1705	1140
			1705	1141
			1705	1142
			1706	1143
			1706	1144
			1707	1145
			1707	1146
			1708	1147
			1708	1148
			1708	1149
			1709	1149
			1709	1150
			1709	1151
			1710	1152
			1710	1153
			1711	1154
			1711	1155
			1711	1156
			1712	1157
			1712	1158
			1713	1159
			1713	1160
			1713	1161
			1714	1162
			1714	1163
			1714	1164
			1715	1165
			1715	1166
			1716	1167
			1716	1168
			1716	1169
			1717	1170
			1717	1171
			1717	1172
			1718	1172
			1718	1173
			1718	1174
			1719	1175
			1719	1176
			1719	1177
			1720	1178
			1720	1179
			1721	1180
			1721	1181
			1721	1182
			1722	1183
			1722	1184
			1722	1185
			1723	1186
			1723	1187
			1723	1188
			1724	1189
			1724	1190
			1724	1191
			1725	1192
			1725	1193
			1725	1194
			1726	1195
			1726	1196
			1726	1197
			1727	1198
			1727	1199
			1727	1200
			1728	1201
			1728	1202
			1728	1203
			1729	1204
			1729	1205
			1729	1206
			1730	1207
			1730	1208
			1730	1209
			1731	1210
			1731	1211
			1731	1212
			1732	1213
			1732	1214
			1732	1215
			1733	1216
			1733	1217
			1733	1218
			1734	1219
			1734	1220
			1734	1221
			1734	1222
			1735	1223
			1735	1224
			1735	1225
			1736	1226
			1736	1227
			1736	1228
			1736	1229
			1737	1230
			1737	1231
			1737	1232
			1738	1233
			1738	1234
			1738	1235
			1738	1236
			1739	1237
			1739	1238
			1739	1239
			1740	1240
			1740	1241
			1740	1242
			1740	1243
			1740	1244
			1741	1245
			1741	1246
			1741	1247
			1741	1248
			1742	1249
			1742	1250
			1742	1251
			1743	1252
			1743	1253
			1743	1254
		</c1>
		<c2 type=matrix rownames=FALSE colnames=FALSE nrow=1018 ncol=2 as.numeric=TRUE >
			1743	1254
			1742	1254
			1741	1254
			1741	1255
			1740	1255
			1739	1255
			1738	1255
			1737	1255
			1736	1255
			1735	1255
			1734	1255
			1733	1255
			1732	1255
			1731	1255
			1730	1255
			1729	1255
			1728	1255
			1727	1255
			1726	1255
			1725	1255
			1724	1255
			1723	1255
			1722	1255
			1721	1254
			1720	1254
			1719	1254
			1718	1254
			1717	1254
			1716	1253
			1715	1253
			1714	1253
			1713	1253
			1712	1252
			1711	1252
			1710	1252
			1709	1251
			1708	1251
			1707	1251
			1706	1251
			1705	1250
			1704	1250
			1704	1249
			1703	1248
			1702	1247
			1701	1246
			1700	1246
			1699	1245
			1698	1245
			1697	1244
			1696	1244
			1695	1244
			1694	1243
			1693	1243
			1692	1243
			1691	1242
			1690	1242
			1689	1242
			1688	1241
			1687	1241
			1686	1241
			1685	1240
			1684	1240
			1683	1240
			1682	1240
			1681	1240
			1680	1239
			1679	1239
			1678	1239
			1677	1239
			1676	1238
			1675	1238
			1674	1238
			1673	1238
			1672	1237
			1671	1237
			1670	1237
			1669	1237
			1668	1237
			1667	1236
			1666	1236
			1665	1236
			1664	1236
			1663	1235
			1662	1235
			1661	1235
			1660	1235
			1659	1235
			1658	1235
			1657	1234
			1656	1234
			1655	1234
			1654	1234
			1653	1234
			1652	1234
			1651	1235
			1650	1235
			1649	1235
			1648	1235
			1647	1235
			1646	1235
			1645	1235
			1644	1235
			1643	1235
			1642	1235
			1641	1235
			1640	1235
			1639	1235
			1638	1235
			1637	1235
			1636	1235
			1635	1235
			1634	1235
			1633	1235
			1632	1235
			1631	1235
			1630	1235
			1629	1235
			1628	1235
			1627	1235
			1626	1235
			1625	1235
			1624	1235
			1623	1235
			1622	1235
			1621	1235
			1620	1235
			1619	1234
			1618	1234
			1617	1234
			1616	1234
			1615	1234
			1614	1234
			1613	1234
			1612	1234
			1611	1234
			1610	1233
			1609	1233
			1608	1233
			1607	1233
			1606	1233
			1605	1233
			1604	1233
			1603	1233
			1602	1232
			1601	1232
			1600	1232
			1599	1232
			1598	1232
			1597	1232
			1596	1232
			1595	1231
			1594	1231
			1593	1231
			1592	1231
			1591	1231
			1590	1231
			1589	1231
			1588	1230
			1587	1230
			1586	1230
			1585	1230
			1584	1230
			1583	1230
			1582	1229
			1581	1229
			1580	1229
			1579	1229
			1578	1229
			1577	1229
			1576	1228
			1575	1228
			1574	1228
			1573	1228
			1572	1228
			1571	1227
			1570	1227
			1569	1227
			1568	1227
			1567	1227
			1566	1227
			1565	1226
			1564	1226
			1563	1226
			1562	1226
			1561	1226
			1560	1226
			1559	1226
			1558	1226
			1557	1226
			1556	1226
			1555	1226
			1555	1225
			1554	1225
			1553	1225
			1552	1225
			1551	1225
			1550	1225
			1549	1225
			1548	1225
			1547	1225
			1546	1225
			1545	1225
			1544	1225
			1543	1224
			1542	1224
			1541	1224
			1540	1224
			1539	1224
			1538	1224
			1537	1224
			1536	1224
			1535	1224
			1534	1224
			1533	1223
			1532	1223
			1531	1223
			1530	1223
			1529	1223
			1528	1223
			1527	1223
			1526	1223
			1525	1223
			1524	1223
			1523	1222
			1522	1222
			1521	1222
			1520	1222
			1519	1222
			1518	1222
			1517	1222
			1516	1222
			1515	1221
			1514	1221
			1513	1221
			1512	1221
			1511	1221
			1510	1221
			1509	1221
			1508	1221
			1507	1220
			1506	1220
			1505	1220
			1504	1220
			1503	1220
			1502	1220
			1501	1220
			1500	1220
			1499	1219
			1498	1219
			1497	1219
			1496	1219
			1495	1219
			1494	1219
			1493	1218
			1492	1218
			1491	1218
			1490	1218
			1489	1218
			1488	1218
			1487	1217
			1486	1217
			1485	1217
			1484	1217
			1483	1217
			1482	1217
			1481	1217
			1480	1216
			1479	1216
			1478	1216
			1477	1216
			1476	1216
			1475	1216
			1474	1215
			1473	1215
			1472	1215
			1471	1215
			1470	1215
			1469	1215
			1468	1214
			1467	1214
			1466	1214
			1465	1214
			1464	1214
			1463	1213
			1462	1213
			1461	1213
			1460	1213
			1459	1213
			1458	1213
			1457	1212
			1456	1212
			1455	1212
			1454	1212
			1453	1212
			1452	1212
			1452	1211
			1451	1211
			1450	1211
			1449	1211
			1448	1211
			1447	1211
			1446	1211
			1445	1211
			1444	1211
			1443	1211
			1442	1211
			1441	1211
			1440	1211
			1439	1211
			1438	1211
			1437	1211
			1436	1211
			1435	1211
			1434	1211
			1433	1211
			1432	1211
			1431	1211
			1430	1211
			1429	1211
			1428	1211
			1427	1211
			1426	1211
			1425	1211
			1424	1211
			1423	1211
			1422	1211
			1421	1211
			1420	1211
			1419	1211
			1418	1211
			1417	1211
			1416	1211
			1415	1211
			1414	1211
			1413	1211
			1412	1211
			1411	1211
			1410	1211
			1409	1211
			1408	1211
			1407	1211
			1406	1211
			1405	1211
			1404	1211
			1403	1211
			1402	1211
			1401	1211
			1400	1211
			1399	1211
			1398	1211
			1397	1210
			1396	1210
			1395	1210
			1394	1210
			1393	1210
			1392	1210
			1391	1210
			1390	1210
			1389	1210
			1388	1210
			1387	1210
			1386	1210
			1385	1210
			1384	1210
			1383	1210
			1382	1210
			1381	1210
			1380	1210
			1379	1210
			1378	1210
			1377	1210
			1376	1210
			1375	1210
			1374	1210
			1373	1209
			1372	1209
			1371	1209
			1370	1209
			1369	1209
			1368	1209
			1367	1209
			1366	1209
			1365	1209
			1364	1209
			1363	1209
			1362	1209
			1361	1209
			1360	1209
			1359	1209
			1358	1209
			1357	1209
			1356	1208
			1355	1208
			1354	1208
			1353	1208
			1352	1208
			1351	1208
			1350	1208
			1349	1208
			1348	1208
			1347	1208
			1346	1208
			1345	1208
			1344	1208
			1343	1208
			1342	1208
			1341	1207
			1340	1207
			1339	1207
			1338	1207
			1337	1207
			1336	1207
			1335	1207
			1334	1207
			1333	1207
			1332	1207
			1331	1207
			1330	1207
			1329	1207
			1328	1207
			1327	1206
			1326	1206
			1325	1206
			1324	1206
			1323	1206
			1322	1206
			1321	1206
			1320	1206
			1319	1206
			1318	1206
			1317	1206
			1316	1206
			1316	1205
			1315	1205
			1314	1205
			1313	1205
			1312	1205
			1311	1205
			1310	1205
			1309	1205
			1308	1205
			1307	1205
			1306	1205
			1305	1204
			1304	1204
			1303	1204
			1302	1204
			1301	1204
			1300	1204
			1299	1204
			1298	1204
			1297	1204
			1296	1204
			1295	1204
			1294	1204
			1293	1204
			1292	1204
			1291	1204
			1290	1204
			1289	1204
			1288	1204
			1287	1204
			1286	1204
			1285	1204
			1284	1204
			1283	1204
			1282	1204
			1281	1204
			1280	1204
			1279	1204
			1278	1204
			1277	1204
			1276	1204
			1275	1204
			1274	1204
			1273	1204
			1272	1204
			1271	1204
			1270	1204
			1269	1204
			1268	1204
			1267	1204
			1266	1204
			1265	1204
			1264	1204
			1263	1204
			1262	1204
			1261	1204
			1260	1204
			1259	1204
			1258	1204
			1257	1204
			1256	1204
			1255	1204
			1254	1204
			1253	1204
			1252	1204
			1251	1204
			1250	1205
			1249	1205
			1248	1205
			1247	1205
			1246	1205
			1245	1205
			1244	1205
			1243	1205
			1242	1205
			1241	1205
			1240	1205
			1239	1205
			1238	1205
			1237	1205
			1236	1205
			1235	1205
			1234	1205
			1233	1205
			1232	1205
			1231	1205
			1230	1205
			1229	1205
			1228	1205
			1227	1205
			1226	1205
			1225	1205
			1224	1205
			1223	1205
			1222	1205
			1221	1205
			1220	1205
			1219	1205
			1218	1205
			1217	1206
			1216	1206
			1215	1206
			1214	1206
			1213	1206
			1212	1206
			1211	1206
			1210	1206
			1209	1206
			1208	1206
			1207	1206
			1206	1206
			1205	1206
			1204	1206
			1203	1206
			1202	1206
			1201	1206
			1200	1206
			1199	1206
			1198	1206
			1197	1206
			1196	1206
			1195	1207
			1194	1207
			1193	1207
			1192	1207
			1191	1207
			1190	1207
			1189	1207
			1188	1207
			1187	1207
			1186	1207
			1185	1207
			1184	1207
			1183	1207
			1182	1207
			1181	1207
			1180	1207
			1179	1207
			1178	1208
			1177	1208
			1176	1208
			1175	1208
			1174	1208
			1173	1208
			1172	1208
			1171	1208
			1170	1208
			1169	1208
			1168	1208
			1167	1208
			1166	1208
			1165	1208
			1164	1209
			1163	1209
			1162	1209
			1161	1209
			1160	1209
			1159	1209
			1158	1209
			1157	1209
			1156	1209
			1155	1209
			1154	1209
			1153	1209
			1152	1210
			1151	1210
			1150	1210
			1149	1210
			1148	1210
			1147	1210
			1146	1210
			1145	1210
			1144	1210
			1143	1210
			1142	1210
			1141	1211
			1140	1211
			1139	1211
			1138	1211
			1137	1211
			1136	1211
			1135	1211
			1134	1211
			1133	1211
			1132	1211
			1131	1212
			1130	1212
			1129	1212
			1128	1212
			1127	1212
			1126	1212
			1125	1212
			1124	1212
			1123	1212
			1123	1213
			1122	1213
			1121	1213
			1120	1213
			1119	1213
			1118	1213
			1117	1213
			1116	1213
			1115	1213
			1115	1214
			1114	1214
			1113	1214
			1112	1214
			1111	1214
			1110	1214
			1109	1214
			1108	1214
			1107	1215
			1106	1215
			1105	1215
			1104	1215
			1103	1215
			1102	1215
			1101	1216
			1100	1216
			1099	1216
			1098	1216
			1097	1216
			1096	1216
			1095	1216
			1094	1217
			1093	1217
			1092	1217
			1091	1217
			1090	1217
			1089	1217
			1088	1218
			1087	1218
			1086	1218
			1085	1218
			1084	1218
			1083	1218
			1082	1219
			1081	1219
			1080	1219
			1079	1219
			1078	1219
			1077	1220
			1076	1220
			1075	1220
			1074	1220
			1073	1220
			1072	1221
			1071	1221
			1070	1221
			1069	1221
			1068	1221
			1067	1222
			1066	1222
			1065	1222
			1064	1222
			1063	1223
			1062	1223
			1061	1223
			1060	1223
			1059	1223
			1058	1223
			1057	1223
			1057	1224
			1056	1224
			1055	1224
			1054	1224
			1053	1224
			1052	1224
			1051	1224
			1050	1224
			1049	1225
			1048	1225
			1047	1225
			1046	1225
			1045	1225
			1044	1225
			1043	1225
			1042	1225
			1041	1226
			1040	1226
			1039	1226
			1038	1226
			1037	1226
			1036	1226
			1035	1226
			1034	1226
			1033	1227
			1032	1227
			1031	1227
			1030	1227
			1029	1227
			1028	1227
			1027	1227
			1026	1227
			1025	1228
			1024	1228
			1023	1228
			1022	1228
			1021	1228
			1020	1228
			1019	1228
			1018	1228
			1017	1229
			1016	1229
			1015	1229
			1014	1229
			1013	1229
			1012	1229
			1011	1229
			1010	1229
			1009	1229
			1008	1229
			1007	1230
			1006	1230
			1005	1230
			1004	1230
			1003	1230
			1002	1230
			1001	1230
			1000	1230
			999	1230
			998	1231
			997	1231
			996	1231
			995	1231
			994	1231
			993	1231
			992	1231
			991	1231
			990	1231
			989	1232
			988	1232
			987	1232
			986	1232
			985	1232
			984	1232
			983	1232
			982	1232
			981	1232
			980	1232
			979	1233
			978	1233
			977	1233
			976	1233
			975	1233
			974	1233
			973	1233
			972	1233
			971	1233
			970	1233
			969	1233
			968	1234
			967	1234
			966	1234
			965	1234
			964	1234
			963	1234
			962	1234
			961	1234
			960	1234
			959	1234
			958	1234
			957	1235
			956	1235
			955	1235
			954	1235
			953	1235
			952	1235
			951	1235
			950	1235
			949	1235
			948	1235
			947	1235
			946	1235
			945	1236
			944	1236
			943	1236
			942	1236
			941	1236
			940	1236
			939	1236
			938	1236
			937	1236
			936	1236
			935	1236
			934	1236
			933	1236
			932	1237
			931	1237
			930	1237
			929	1237
			928	1237
			927	1237
			926	1237
			925	1237
			924	1237
			923	1237
			922	1237
			921	1237
			920	1237
			919	1237
			918	1237
			917	1238
			916	1238
			915	1238
			914	1238
			913	1238
			912	1238
			911	1238
			910	1238
			909	1238
			908	1238
			907	1238
			906	1238
			905	1238
			904	1238
			903	1238
			902	1239
			901	1239
			900	1239
			899	1239
			898	1239
			897	1239
			896	1239
			895	1239
			894	1239
			893	1239
			892	1239
			891	1239
			890	1239
			889	1239
			888	1239
			887	1239
			886	1239
			885	1239
			884	1240
			883	1240
			882	1240
			881	1240
			880	1240
			879	1240
			878	1240
			877	1240
			876	1240
			875	1240
			874	1240
			873	1240
			872	1240
			871	1240
			870	1240
			869	1240
			868	1240
			867	1240
			866	1240
			865	1240
			864	1240
			863	1240
			862	1241
			861	1241
			860	1241
			859	1241
			858	1241
			857	1241
			856	1241
			855	1241
			854	1241
			853	1241
			852	1241
			851	1241
			850	1241
			849	1241
			848	1241
			847	1241
			846	1241
			845	1241
			844	1241
			843	1241
			842	1241
			841	1241
			840	1241
			839	1241
			838	1241
			837	1241
			836	1241
			835	1241
			834	1242
			833	1242
			832	1242
			831	1242
			830	1242
			829	1242
			828	1242
			827	1242
			826	1242
			825	1242
			824	1242
			823	1242
			822	1242
			821	1242
			820	1242
			819	1242
			818	1242
			817	1242
			816	1242
			815	1242
			814	1242
			813	1242
			812	1242
			811	1242
			810	1242
			809	1242
			808	1242
			807	1242
			806	1242
			805	1242
			804	1242
			803	1242
			802	1242
			801	1242
			800	1242
			799	1242
			798	1242
			797	1242
			796	1242
			795	1242
			794	1242
			793	1242
			792	1242
			791	1242
			790	1242
			789	1242
			788	1242
			787	1242
			786	1242
			785	1242
			784	1242
			783	1242
			782	1242
			781	1242
			780	1242
			779	1242
			778	1242
			777	1242
			776	1242
			775	1242
			774	1242
			773	1242
			772	1242
			771	1242
			770	1242
			769	1242
			768	1242
			767	1242
			766	1242
			765	1242
			764	1242
			763	1242
			762	1242
			761	1242
			760	1242
			759	1242
			758	1242
			757	1242
			756	1242
			755	1242
			754	1242
			753	1242
			752	1242
			751	1242
			750	1242
			749	1242
			748	1242
			747	1242
			746	1242
			745	1242
			744	1242
			743	1242
			742	1242
			741	1242
			740	1242
			739	1242
			738	1242
			737	1242
			736	1242
			735	1242
			734	1242
		</c2>
	</curves.pixel>
	<curves.scaled type=list>
		<c1 type=matrix rownames=FALSE colnames=FALSE nrow=1284 ncol=2 as.numeric=TRUE >
			32.188029308568	-54.4653029989665
			32.2318822095333	-54.4214500980012
			32.2318822095333	-54.3775971970358
			32.2757351104987	-54.3337442960705
			32.319588011464	-54.2898913951051
			32.319588011464	-54.2460384941398
			32.3634409124294	-54.2021855931744
			32.3634409124294	-54.1583326922091
			32.4072938133947	-54.1144797912437
			32.4511467143601	-54.0706268902783
			32.4511467143601	-54.026773989313
			32.4949996153254	-53.9829210883476
			32.4949996153254	-53.9390681873823
			32.5388525162908	-53.9390681873823
			32.5388525162908	-53.8952152864169
			32.5827054172561	-53.8513623854516
			32.6265583182215	-53.8075094844862
			32.6265583182215	-53.7636565835209
			32.6704112191868	-53.7198036825555
			32.7142641201522	-53.6759507815902
			32.7142641201522	-53.6320978806248
			32.7581170211175	-53.5882449796595
			32.8019699220829	-53.5443920786941
			32.8019699220829	-53.5005391777288
			32.8458228230482	-53.4566862767634
			32.8896757240136	-53.4128333757981
			32.8896757240136	-53.3689804748327
			32.9335286249789	-53.3251275738674
			32.9335286249789	-53.281274672902
			32.9773815259443	-53.2374217719367
			33.0212344269097	-53.1935688709713
			33.0212344269097	-53.149715970006
			33.065087327875	-53.1058630690406
			33.1089402288404	-53.0620101680753
			33.1089402288404	-53.0181572671099
			33.1527931298057	-52.9743043661446
			33.1966460307711	-52.9304514651792
			33.1966460307711	-52.8865985642139
			33.2404989317364	-52.8427456632485
			33.2843518327018	-52.7988927622832
			33.2843518327018	-52.7550398613178
			33.3282047336671	-52.7111869603525
			33.3720576346325	-52.7111869603525
			33.3720576346325	-52.6673340593871
			33.4159105355978	-52.6234811584218
			33.4597634365632	-52.5796282574564
			33.4597634365632	-52.5357753564911
			33.5036163375285	-52.4919224555257
			33.5036163375285	-52.4480695545603
			33.5474692384939	-52.404216653595
			33.5913221394592	-52.3603637526296
			33.5913221394592	-52.3165108516643
			33.6351750404246	-52.2726579506989
			33.6790279413899	-52.2288050497336
			33.6790279413899	-52.1849521487682
			33.7228808423553	-52.1410992478029
			33.7667337433206	-52.0972463468375
			33.7667337433206	-52.0533934458722
			33.810586644286	-52.0095405449068
			33.8544395452513	-52.0095405449068
			33.8544395452513	-51.9656876439415
			33.8982924462167	-51.9218347429761
			33.942145347182	-51.8779818420108
			33.942145347182	-51.8341289410454
			33.9859982481474	-51.7902760400801
			34.0298511491127	-51.7464231391147
			34.0298511491127	-51.7025702381494
			34.0737040500781	-51.658717337184
			34.1175569510434	-51.6148644362187
			34.1175569510434	-51.5710115352533
			34.1614098520088	-51.527158634288
			34.2052627529741	-51.4833057333226
			34.2491156539395	-51.4394528323573
			34.2929685549048	-51.3955999313919
			34.2929685549048	-51.3517470304266
			34.3368214558702	-51.3078941294612
			34.3806743568355	-51.2640412284959
			34.4245272578009	-51.2201883275305
			34.4245272578009	-51.1763354265652
			34.4683801587662	-51.1324825255998
			34.5122330597316	-51.0886296246345
			34.5560859606969	-51.0447767236691
			34.5560859606969	-51.0009238227037
			34.5999388616623	-50.9570709217384
			34.6437917626277	-50.913218020773
			34.687644663593	-50.8693651198077
			34.687644663593	-50.8255122188423
			34.7314975645584	-50.781659317877
			34.7753504655237	-50.7378064169116
			34.7753504655237	-50.6939535159463
			34.8192033664891	-50.6501006149809
			34.8630562674544	-50.6062477140156
			34.9069091684198	-50.6062477140156
			34.9069091684198	-50.5623948130502
			34.9507620693851	-50.5185419120849
			34.9946149703505	-50.4746890111195
			34.9946149703505	-50.4308361101542
			35.0384678713158	-50.3869832091888
			35.0823207722812	-50.3431303082235
			35.1261736732465	-50.2992774072581
			35.1261736732465	-50.2554245062928
			35.1700265742119	-50.2115716053274
			35.2138794751772	-50.1677187043621
			35.2577323761426	-50.1238658033967
			35.3015852771079	-50.0800129024314
			35.3454381780733	-50.036160001466
			35.3454381780733	-49.9923071005007
			35.3892910790386	-49.9484541995353
			35.433143980004	-49.90460129857
			35.4769968809693	-49.8607483976046
			35.5208497819347	-49.8168954966393
			35.5208497819347	-49.7730425956739
			35.5647026829	-49.7291896947086
			35.6085555838654	-49.7291896947086
			35.6085555838654	-49.6853367937432
			35.6524084848307	-49.6414838927778
			35.6524084848307	-49.5976309918125
			35.6962613857961	-49.5976309918125
			35.7401142867614	-49.5537780908471
			35.7401142867614	-49.5099251898818
			35.7839671877268	-49.4660722889164
			35.8278200886921	-49.4660722889164
			35.8278200886921	-49.4222193879511
			35.8716729896575	-49.3783664869857
			35.8716729896575	-49.3345135860204
			35.9155258906228	-49.3345135860204
			35.9593787915882	-49.290660685055
			35.9593787915882	-49.2468077840897
			36.0032316925535	-49.2029548831243
			36.0470845935189	-49.2029548831243
			36.0470845935189	-49.159101982159
			36.0909374944843	-49.1152490811936
			36.1347903954496	-49.0713961802283
			36.178643296415	-49.0275432792629
			36.2224961973803	-48.9836903782976
			36.2224961973803	-48.9398374773322
			36.2663490983457	-48.8959845763669
			36.310201999311	-48.8521316754015
			36.3540549002764	-48.8082787744362
			36.3540549002764	-48.7644258734708
			36.3979078012417	-48.7644258734708
			36.4417607022071	-48.7205729725055
			36.4856136031724	-48.6767200715401
			36.4856136031724	-48.6328671705748
			36.5294665041378	-48.5890142696094
			36.5733194051031	-48.5451613686441
			36.6171723060685	-48.5013084676787
			36.6610252070338	-48.4574555667134
			36.7048781079992	-48.413602665748
			36.7487310089645	-48.3697497647827
			36.7925839099299	-48.3258968638173
			36.8364368108952	-48.282043962852
			36.8802897118606	-48.2381910618866
			36.9241426128259	-48.1943381609213
			36.9679955137913	-48.1504852599559
			37.0118484147566	-48.1066323589906
			37.0118484147566	-48.0627794580252
			37.055701315722	-48.0189265570598
			37.0995542166873	-47.9750736560945
			37.1434071176527	-47.9312207551291
			37.187260018618	-47.8873678541638
			37.2311129195834	-47.8435149531984
			37.2749658205487	-47.7996620522331
			37.2749658205487	-47.7558091512677
			37.3188187215141	-47.7558091512677
			37.3626716224794	-47.7119562503024
			37.3626716224794	-47.668103349337
			37.4065245234448	-47.668103349337
			37.4503774244101	-47.6242504483717
			37.4503774244101	-47.5803975474063
			37.4942303253755	-47.536544646441
			37.5380832263409	-47.536544646441
			37.5380832263409	-47.4926917454756
			37.5819361273062	-47.4488388445103
			37.6257890282716	-47.4049859435449
			37.6696419292369	-47.3611330425796
			37.7134948302023	-47.3172801416142
			37.7573477311676	-47.2734272406489
			37.801200632133	-47.2295743396835
			37.8450535330983	-47.1857214387182
			37.8889064340637	-47.1418685377528
			37.932759335029	-47.0980156367875
			37.9766122359944	-47.0541627358221
			38.0204651369597	-47.0103098348568
			38.0643180379251	-46.9664569338914
			38.1081709388904	-46.9226040329261
			38.1520238398558	-46.8787511319607
			38.1958767408211	-46.8348982309954
			38.2397296417865	-46.79104533003
			38.2835825427518	-46.7471924290647
			38.3274354437172	-46.7033395280993
			38.3712883446825	-46.659486627134
			38.4151412456479	-46.6156337261686
			38.4589941466132	-46.5717808252032
			38.5028470475786	-46.5279279242379
			38.5466999485439	-46.4840750232725
			38.5905528495093	-46.4402221223072
			38.6344057504746	-46.3963692213418
			38.67825865144	-46.3525163203765
			38.7221115524053	-46.3086634194111
			38.7659644533707	-46.2648105184458
			38.809817354336	-46.2209576174804
			38.8536702553014	-46.1771047165151
			38.8975231562667	-46.1332518155497
			38.9413760572321	-46.0893989145844
			38.9852289581974	-46.045546013619
			39.0290818591628	-46.0016931126537
			39.0729347601281	-46.0016931126537
			39.1167876610935	-45.9578402116883
			39.1167876610935	-45.913987310723
			39.1606405620589	-45.913987310723
			39.2044934630242	-45.8701344097576
			39.2483463639896	-45.8262815087923
			39.2921992649549	-45.7824286078269
			39.3360521659203	-45.7385757068616
			39.3799050668856	-45.6947228058962
			39.423757967851	-45.6947228058962
			39.4676108688163	-45.6508699049309
			39.4676108688163	-45.6070170039655
			39.5114637697817	-45.6070170039655
			39.555316670747	-45.5631641030002
			39.555316670747	-45.5193112020348
			39.5991695717124	-45.5193112020348
			39.6430224726777	-45.4754583010695
			39.6868753736431	-45.4316054001041
			39.7307282746084	-45.3877524991388
			39.7745811755738	-45.3438995981734
			39.8184340765391	-45.3000466972081
			39.8622869775045	-45.3000466972081
			39.9061398784698	-45.2561937962427
			39.9499927794352	-45.2123408952774
			39.9938456804005	-45.168487994312
			40.0376985813659	-45.1246350933467
			40.0815514823312	-45.0807821923813
			40.1254043832966	-45.036929291416
			40.1692572842619	-44.9930763904506
			40.2131101852273	-44.9930763904506
			40.2131101852273	-44.9492234894852
			40.2569630861926	-44.9492234894852
			40.300815987158	-44.9053705885199
			40.3446688881233	-44.8615176875545
			40.3885217890887	-44.8176647865892
			40.432374690054	-44.7738118856238
			40.4762275910194	-44.7738118856238
			40.5200804919847	-44.7299589846585
			40.5200804919847	-44.6861060836931
			40.5639333929501	-44.6861060836931
			40.6077862939155	-44.6422531827278
			40.6516391948808	-44.5984002817624
			40.6954920958462	-44.5984002817624
			40.6954920958462	-44.5545473807971
			40.7393449968115	-44.5106944798317
			40.7831978977769	-44.5106944798317
			40.8270507987422	-44.4668415788664
			40.8709036997076	-44.422988677901
			40.9147566006729	-44.3791357769357
			40.9586095016383	-44.3352828759703
			41.0024624026036	-44.291429975005
			41.046315303569	-44.2475770740396
			41.0901682045343	-44.2037241730743
			41.0901682045343	-44.1598712721089
			41.1340211054997	-44.1160183711436
			41.177874006465	-44.0721654701782
			41.2217269074304	-44.0283125692129
			41.2655798083957	-43.9844596682475
			41.3094327093611	-43.9406067672822
			41.3532856103264	-43.8967538663168
			41.3971385112918	-43.8529009653515
			41.4409914122571	-43.8090480643861
			41.4848443132225	-43.7651951634208
			41.4848443132225	-43.7213422624554
			41.5286972141878	-43.6774893614901
			41.5725501151532	-43.6336364605247
			41.6164030161185	-43.5897835595594
			41.6602559170839	-43.545930658594
			41.7041088180492	-43.5020777576286
			41.7479617190146	-43.4582248566633
			41.7918146199799	-43.4143719556979
			41.8356675209453	-43.3705190547326
			41.8795204219106	-43.3266661537672
			41.8795204219106	-43.2828132528019
			41.923373322876	-43.2389603518365
			41.9672262238413	-43.1951074508712
			42.0110791248067	-43.1512545499058
			42.054932025772	-43.1074016489405
			42.0987849267374	-43.0635487479751
			42.1426378277027	-43.0196958470098
			42.1864907286681	-43.0196958470098
			42.2303436296335	-42.9758429460444
			42.2741965305988	-42.9319900450791
			42.3180494315642	-42.8881371441137
			42.3619023325295	-42.8442842431484
			42.3619023325295	-42.800431342183
			42.4057552334949	-42.7565784412177
			42.4496081344602	-42.7127255402523
			42.4934610354256	-42.668872639287
			42.5373139363909	-42.6250197383216
			42.5811668373563	-42.5811668373563
			42.6250197383216	-42.5373139363909
			42.668872639287	-42.4934610354256
			42.7127255402523	-42.4934610354256
			42.7565784412177	-42.4496081344602
			42.800431342183	-42.4057552334949
			42.8442842431484	-42.3619023325295
			42.8881371441137	-42.3180494315642
			42.8881371441137	-42.2741965305988
			42.9319900450791	-42.2303436296335
			42.9758429460444	-42.1864907286681
			43.0196958470098	-42.1426378277027
			43.0635487479751	-42.1426378277027
			43.1074016489405	-42.0987849267374
			43.1512545499058	-42.054932025772
			43.1951074508712	-42.0110791248067
			43.2389603518365	-41.9672262238413
			43.2828132528019	-41.923373322876
			43.3266661537672	-41.8795204219106
			43.3705190547326	-41.8356675209453
			43.4143719556979	-41.8356675209453
			43.4582248566633	-41.7918146199799
			43.5020777576286	-41.7479617190146
			43.5020777576286	-41.7041088180492
			43.545930658594	-41.6602559170839
			43.5897835595594	-41.6164030161185
			43.6336364605247	-41.5725501151532
			43.6774893614901	-41.5286972141878
			43.7213422624554	-41.5286972141878
			43.7651951634208	-41.4848443132225
			43.8090480643861	-41.4409914122571
			43.8529009653515	-41.3971385112918
			43.8967538663168	-41.3532856103264
			43.9406067672822	-41.3094327093611
			43.9844596682475	-41.3094327093611
			44.0283125692129	-41.2655798083957
			44.0721654701782	-41.2217269074304
			44.1160183711436	-41.177874006465
			44.1598712721089	-41.1340211054997
			44.2037241730743	-41.0901682045343
			44.2475770740396	-41.0901682045343
			44.291429975005	-41.046315303569
			44.3352828759703	-41.0024624026036
			44.3791357769357	-40.9586095016383
			44.3791357769357	-40.9147566006729
			44.422988677901	-40.9147566006729
			44.4668415788664	-40.8709036997076
			44.5106944798317	-40.8270507987422
			44.5545473807971	-40.7831978977769
			44.5984002817624	-40.7393449968115
			44.6422531827278	-40.7393449968115
			44.6861060836931	-40.6954920958462
			44.7299589846585	-40.6516391948808
			44.7738118856238	-40.6077862939155
			44.8176647865892	-40.5639333929501
			44.8615176875545	-40.5639333929501
			44.9053705885199	-40.5200804919847
			44.9492234894852	-40.4762275910194
			44.9930763904506	-40.432374690054
			45.036929291416	-40.3885217890887
			45.0807821923813	-40.3885217890887
			45.1246350933467	-40.3446688881233
			45.168487994312	-40.300815987158
			45.2123408952774	-40.2569630861926
			45.2561937962427	-40.2569630861926
			45.3000466972081	-40.2131101852273
			45.3438995981734	-40.1692572842619
			45.3877524991388	-40.1254043832966
			45.4316054001041	-40.1254043832966
			45.4754583010695	-40.0815514823312
			45.5193112020348	-40.0376985813659
			45.5631641030002	-39.9938456804005
			45.6070170039655	-39.9938456804005
			45.6508699049309	-39.9499927794352
			45.6947228058962	-39.9061398784698
			45.7385757068616	-39.8622869775045
			45.7824286078269	-39.8622869775045
			45.8262815087923	-39.8184340765391
			45.8701344097576	-39.7745811755738
			45.913987310723	-39.7307282746084
			45.9578402116883	-39.7307282746084
			46.0016931126537	-39.6868753736431
			46.045546013619	-39.6430224726777
			46.0893989145844	-39.5991695717124
			46.1332518155497	-39.5991695717124
			46.1771047165151	-39.555316670747
			46.2209576174804	-39.5114637697817
			46.2648105184458	-39.5114637697817
			46.3086634194111	-39.4676108688163
			46.3525163203765	-39.423757967851
			46.3963692213418	-39.3799050668856
			46.4402221223072	-39.3799050668856
			46.4840750232725	-39.3360521659203
			46.5279279242379	-39.2921992649549
			46.5717808252032	-39.2921992649549
			46.6156337261686	-39.2483463639896
			46.659486627134	-39.2044934630242
			46.7033395280993	-39.2044934630242
			46.7471924290647	-39.1606405620589
			46.79104533003	-39.1167876610935
			46.8348982309954	-39.0729347601281
			46.8787511319607	-39.0729347601281
			46.9226040329261	-39.0290818591628
			46.9664569338914	-38.9852289581974
			47.0103098348568	-38.9852289581974
			47.0541627358221	-38.9413760572321
			47.0980156367875	-38.8975231562667
			47.1418685377528	-38.8975231562667
			47.1857214387182	-38.8536702553014
			47.2295743396835	-38.809817354336
			47.2734272406489	-38.809817354336
			47.3172801416142	-38.7659644533707
			47.3611330425796	-38.7221115524053
			47.4049859435449	-38.7221115524053
			47.4488388445103	-38.67825865144
			47.4926917454756	-38.6344057504746
			47.536544646441	-38.6344057504746
			47.5803975474063	-38.5905528495093
			47.6242504483717	-38.5905528495093
			47.668103349337	-38.5466999485439
			47.7119562503024	-38.5028470475786
			47.7558091512677	-38.5028470475786
			47.7996620522331	-38.4589941466132
			47.8435149531984	-38.4151412456479
			47.8873678541638	-38.4151412456479
			47.9312207551291	-38.3712883446825
			47.9750736560945	-38.3274354437172
			48.0189265570598	-38.3274354437172
			48.0627794580252	-38.2835825427518
			48.1066323589906	-38.2835825427518
			48.1504852599559	-38.2397296417865
			48.1943381609213	-38.1958767408211
			48.2381910618866	-38.1958767408211
			48.282043962852	-38.1520238398558
			48.3258968638173	-38.1520238398558
			48.3697497647827	-38.1081709388904
			48.413602665748	-38.1081709388904
			48.4574555667134	-38.0643180379251
			48.5013084676787	-38.0643180379251
			48.5451613686441	-38.0204651369597
			48.5890142696094	-37.9766122359944
			48.6328671705748	-37.9766122359944
			48.6767200715401	-37.932759335029
			48.7205729725055	-37.932759335029
			48.7644258734708	-37.8889064340637
			48.8082787744362	-37.8889064340637
			48.8521316754015	-37.8450535330983
			48.8959845763669	-37.8450535330983
			48.9398374773322	-37.801200632133
			48.9836903782976	-37.801200632133
			49.0275432792629	-37.7573477311676
			49.0713961802283	-37.7134948302023
			49.1152490811936	-37.6696419292369
			49.159101982159	-37.6696419292369
			49.2029548831243	-37.6696419292369
			49.2029548831243	-37.6257890282716
			49.2468077840897	-37.6257890282716
			49.290660685055	-37.6257890282716
			49.290660685055	-37.5819361273062
			49.3345135860204	-37.5819361273062
			49.3783664869857	-37.5819361273062
			49.3783664869857	-37.5380832263409
			49.4222193879511	-37.5380832263409
			49.4660722889164	-37.5380832263409
			49.4660722889164	-37.4942303253755
			49.5099251898818	-37.4942303253755
			49.5537780908471	-37.4942303253755
			49.5537780908471	-37.4503774244101
			49.5976309918125	-37.4503774244101
			49.6414838927778	-37.4503774244101
			49.6414838927778	-37.4065245234448
			49.6853367937432	-37.4065245234448
			49.7291896947086	-37.4065245234448
			49.7291896947086	-37.3626716224794
			49.7730425956739	-37.3626716224794
			49.8168954966393	-37.3626716224794
			49.8168954966393	-37.3188187215141
			49.8607483976046	-37.3188187215141
			49.90460129857	-37.3188187215141
			49.90460129857	-37.2749658205487
			49.9484541995353	-37.2749658205487
			49.9923071005007	-37.2749658205487
			49.9923071005007	-37.2311129195834
			50.036160001466	-37.2311129195834
			50.0800129024314	-37.2311129195834
			50.0800129024314	-37.187260018618
			50.1238658033967	-37.187260018618
			50.1677187043621	-37.187260018618
			50.1677187043621	-37.1434071176527
			50.2115716053274	-37.1434071176527
			50.2554245062928	-37.1434071176527
			50.2554245062928	-37.0995542166873
			50.2992774072581	-37.0995542166873
			50.3431303082235	-37.0995542166873
			50.3431303082235	-37.055701315722
			50.3869832091888	-37.055701315722
			50.4308361101542	-37.055701315722
			50.4746890111195	-37.0118484147566
			50.5185419120849	-37.0118484147566
			50.5623948130502	-36.9679955137913
			50.6062477140156	-36.9679955137913
			50.6501006149809	-36.9241426128259
			50.6939535159463	-36.9241426128259
			50.7378064169116	-36.8802897118606
			50.781659317877	-36.8802897118606
			50.8255122188423	-36.8364368108952
			50.8693651198077	-36.8364368108952
			50.913218020773	-36.7925839099299
			50.9570709217384	-36.7925839099299
			51.0009238227037	-36.7487310089645
			51.0447767236691	-36.7487310089645
			51.0886296246345	-36.7048781079992
			51.1324825255998	-36.7048781079992
			51.1763354265652	-36.6610252070338
			51.2201883275305	-36.6610252070338
			51.2640412284959	-36.6610252070338
			51.2640412284959	-36.6171723060685
			51.3078941294612	-36.6171723060685
			51.3517470304266	-36.5733194051031
			51.3955999313919	-36.5733194051031
			51.4394528323573	-36.5733194051031
			51.4394528323573	-36.5294665041378
			51.4833057333226	-36.5294665041378
			51.527158634288	-36.4856136031724
			51.5710115352533	-36.4856136031724
			51.6148644362187	-36.4417607022071
			51.658717337184	-36.4417607022071
			51.7025702381494	-36.3979078012417
			51.7464231391147	-36.3979078012417
			51.7902760400801	-36.3540549002764
			51.8341289410454	-36.3540549002764
			51.8779818420108	-36.3540549002764
			51.9218347429761	-36.310201999311
			51.9656876439415	-36.310201999311
			52.0095405449068	-36.2663490983457
			52.0533934458722	-36.2663490983457
			52.0972463468375	-36.2224961973803
			52.1410992478029	-36.2224961973803
			52.1849521487682	-36.178643296415
			52.2288050497336	-36.178643296415
			52.2726579506989	-36.178643296415
			52.2726579506989	-36.1347903954496
			52.3165108516643	-36.1347903954496
			52.3603637526296	-36.1347903954496
			52.3603637526296	-36.0909374944843
			52.404216653595	-36.0909374944843
			52.4480695545603	-36.0909374944843
			52.4919224555257	-36.0909374944843
			52.4919224555257	-36.0470845935189
			52.5357753564911	-36.0470845935189
			52.5796282574564	-36.0470845935189
			52.5796282574564	-36.0032316925535
			52.6234811584218	-36.0032316925535
			52.6673340593871	-36.0032316925535
			52.7111869603525	-35.9593787915882
			52.7550398613178	-35.9593787915882
			52.7988927622832	-35.9155258906228
			52.8427456632485	-35.9155258906228
			52.8865985642139	-35.9155258906228
			52.8865985642139	-35.8716729896575
			52.9304514651792	-35.8716729896575
			52.9743043661446	-35.8716729896575
			53.0181572671099	-35.8716729896575
			53.0620101680753	-35.8278200886921
			53.1058630690406	-35.8278200886921
			53.149715970006	-35.7839671877268
			53.1935688709713	-35.7839671877268
			53.2374217719367	-35.7839671877268
			53.281274672902	-35.7401142867614
			53.3251275738674	-35.7401142867614
			53.3689804748327	-35.6962613857961
			53.4128333757981	-35.6962613857961
			53.4566862767634	-35.6962613857961
			53.5005391777288	-35.6524084848307
			53.5443920786941	-35.6524084848307
			53.5882449796595	-35.6524084848307
			53.6320978806248	-35.6085555838654
			53.6759507815902	-35.6085555838654
			53.7198036825555	-35.6085555838654
			53.7636565835209	-35.5647026829
			53.8075094844862	-35.5647026829
			53.8513623854516	-35.5647026829
			53.8952152864169	-35.5647026829
			53.9390681873823	-35.5208497819347
			53.9829210883476	-35.5208497819347
			54.026773989313	-35.4769968809693
			54.0706268902783	-35.4769968809693
			54.1144797912437	-35.4769968809693
			54.1583326922091	-35.4769968809693
			54.2021855931744	-35.433143980004
			54.2460384941398	-35.433143980004
			54.2898913951051	-35.433143980004
			54.3337442960705	-35.3892910790386
			54.3775971970358	-35.3892910790386
			54.4214500980012	-35.3892910790386
			54.4653029989665	-35.3454381780733
			54.5091558999319	-35.3454381780733
			54.5530088008972	-35.3454381780733
			54.5968617018626	-35.3454381780733
			54.6407146028279	-35.3015852771079
			54.6845675037933	-35.3015852771079
			54.7284204047586	-35.3015852771079
			54.772273305724	-35.3015852771079
			54.8161262066893	-35.2577323761426
			54.8599791076547	-35.2577323761426
			54.90383200862	-35.2577323761426
			54.9476849095854	-35.2577323761426
			54.9915378105507	-35.2138794751772
			55.0353907115161	-35.2138794751772
			55.0792436124814	-35.2138794751772
			55.1230965134468	-35.2138794751772
			55.1669494144121	-35.1700265742119
			55.2108023153775	-35.1700265742119
			55.2546552163428	-35.1700265742119
			55.2985081173082	-35.1700265742119
			55.3423610182735	-35.1261736732465
			55.3862139192389	-35.1261736732465
			55.4300668202042	-35.1261736732465
			55.4739197211696	-35.1261736732465
			55.5177726221349	-35.1261736732465
			55.5616255231003	-35.0823207722812
			55.6054784240657	-35.0823207722812
			55.649331325031	-35.0823207722812
			55.6931842259964	-35.0823207722812
			55.7370371269617	-35.0823207722812
			55.7808900279271	-35.0823207722812
			55.7808900279271	-35.0384678713158
			55.8247429288924	-35.0384678713158
			55.8685958298578	-35.0384678713158
			55.9124487308231	-35.0384678713158
			55.9563016317885	-35.0384678713158
			56.0001545327538	-34.9946149703505
			56.0440074337192	-34.9946149703505
			56.0878603346845	-34.9946149703505
			56.1317132356499	-34.9946149703505
			56.1755661366152	-34.9946149703505
			56.2194190375806	-34.9946149703505
			56.2632719385459	-34.9946149703505
			56.3071248395113	-34.9507620693851
			56.3509777404766	-34.9507620693851
			56.394830641442	-34.9507620693851
			56.4386835424073	-34.9507620693851
			56.4825364433727	-34.9507620693851
			56.526389344338	-34.9507620693851
			56.5702422453034	-34.9507620693851
			56.6140951462687	-34.9507620693851
			56.6579480472341	-34.9069091684198
			56.7018009481994	-34.9069091684198
			56.7456538491648	-34.9069091684198
			56.7895067501301	-34.9069091684198
			56.8333596510955	-34.9069091684198
			56.8772125520608	-34.9069091684198
			56.9210654530262	-34.9069091684198
			56.9649183539915	-34.9069091684198
			57.0087712549569	-34.9069091684198
			57.0526241559222	-34.8630562674544
			57.0964770568876	-34.8630562674544
			57.1403299578529	-34.8630562674544
			57.1841828588183	-34.8630562674544
			57.2280357597837	-34.8630562674544
			57.271888660749	-34.8630562674544
			57.3157415617144	-34.8630562674544
			57.3595944626797	-34.8630562674544
			57.4034473636451	-34.8630562674544
			57.4473002646104	-34.8630562674544
			57.4911531655758	-34.8630562674544
			57.5350060665411	-34.8630562674544
			57.5788589675065	-34.8630562674544
			57.6227118684718	-34.8630562674544
			57.6665647694372	-34.8630562674544
			57.7104176704025	-34.8630562674544
			57.7542705713679	-34.8630562674544
			57.7981234723332	-34.8630562674544
			57.8419763732986	-34.8192033664891
			57.8858292742639	-34.8192033664891
			57.9296821752293	-34.8192033664891
			57.9735350761946	-34.8192033664891
			58.01738797716	-34.8192033664891
			58.0612408781253	-34.8192033664891
			58.1050937790907	-34.8192033664891
			58.148946680056	-34.8192033664891
			58.1927995810214	-34.8192033664891
			58.2366524819867	-34.8192033664891
			58.2805053829521	-34.8192033664891
			58.3243582839174	-34.8192033664891
			58.3682111848828	-34.8192033664891
			58.4120640858481	-34.8192033664891
			58.4559169868135	-34.8630562674544
			58.4997698877788	-34.8630562674544
			58.5436227887442	-34.8630562674544
			58.5874756897095	-34.8630562674544
			58.6313285906749	-34.8630562674544
			58.6751814916403	-34.8630562674544
			58.7190343926056	-34.8630562674544
			58.762887293571	-34.8630562674544
			58.8067401945363	-34.8630562674544
			58.8505930955017	-34.8630562674544
			58.894445996467	-34.8630562674544
			58.9382988974324	-34.8630562674544
			58.9821517983977	-34.8630562674544
			59.0260046993631	-34.8630562674544
			59.0698576003284	-34.8630562674544
			59.1137105012938	-34.8630562674544
			59.1575634022591	-34.8630562674544
			59.2014163032245	-34.9069091684198
			59.2452692041898	-34.9069091684198
			59.2891221051552	-34.9069091684198
			59.3329750061205	-34.9069091684198
			59.3768279070859	-34.9069091684198
			59.4206808080512	-34.9069091684198
			59.4645337090166	-34.9069091684198
			59.5083866099819	-34.9069091684198
			59.5522395109473	-34.9069091684198
			59.5960924119126	-34.9507620693851
			59.639945312878	-34.9507620693851
			59.6837982138433	-34.9507620693851
			59.7276511148087	-34.9507620693851
			59.771504015774	-34.9507620693851
			59.8153569167394	-34.9507620693851
			59.8592098177047	-34.9507620693851
			59.9030627186701	-34.9507620693851
			59.9469156196354	-34.9946149703505
			59.9907685206008	-34.9946149703505
			60.0346214215662	-34.9946149703505
			60.0784743225315	-34.9946149703505
			60.1223272234969	-34.9946149703505
			60.1661801244622	-34.9946149703505
			60.2100330254276	-35.0384678713158
			60.2538859263929	-35.0384678713158
			60.2977388273583	-35.0384678713158
			60.3415917283236	-35.0384678713158
			60.385444629289	-35.0384678713158
			60.4292975302543	-35.0823207722812
			60.4731504312197	-35.0823207722812
			60.517003332185	-35.0823207722812
			60.5608562331504	-35.0823207722812
			60.6047091341157	-35.0823207722812
			60.6485620350811	-35.1261736732465
			60.6924149360464	-35.1261736732465
			60.7362678370118	-35.1261736732465
			60.7801207379771	-35.1261736732465
			60.8239736389425	-35.1700265742119
			60.8678265399078	-35.1700265742119
			60.9116794408732	-35.1700265742119
			60.9555323418385	-35.1700265742119
			60.9993852428039	-35.1700265742119
			61.0432381437692	-35.2138794751772
			61.0870910447346	-35.2138794751772
			61.1309439456999	-35.2138794751772
			61.1747968466653	-35.2138794751772
			61.2186497476306	-35.2577323761426
			61.262502648596	-35.2577323761426
			61.3063555495613	-35.2577323761426
			61.3502084505267	-35.3015852771079
			61.394061351492	-35.3015852771079
			61.4379142524574	-35.3015852771079
			61.4817671534227	-35.3015852771079
			61.5256200543881	-35.3454381780733
			61.5694729553534	-35.3454381780733
			61.6133258563188	-35.3892910790386
			61.6571787572842	-35.3892910790386
			61.7010316582495	-35.3892910790386
			61.7448845592149	-35.3892910790386
			61.7887374601802	-35.433143980004
			61.8325903611456	-35.433143980004
			61.8764432621109	-35.433143980004
			61.9202961630763	-35.4769968809693
			61.9641490640416	-35.4769968809693
			62.008001965007	-35.4769968809693
			62.0518548659723	-35.5208497819347
			62.0957077669377	-35.5208497819347
			62.139560667903	-35.5208497819347
			62.1834135688684	-35.5647026829
			62.2272664698337	-35.5647026829
			62.2711193707991	-35.6085555838654
			62.3149722717644	-35.6085555838654
			62.3588251727298	-35.6085555838654
			62.4026780736951	-35.6524084848307
			62.4465309746605	-35.6524084848307
			62.4903838756258	-35.6524084848307
			62.5342367765912	-35.6524084848307
			62.5780896775565	-35.6962613857961
			62.6219425785219	-35.6962613857961
			62.6657954794872	-35.6962613857961
			62.7096483804526	-35.6962613857961
			62.7535012814179	-35.6962613857961
			62.7973541823833	-35.6962613857961
			62.8412070833486	-35.7401142867614
			62.885059984314	-35.7401142867614
			62.9289128852793	-35.7401142867614
			62.9727657862447	-35.7839671877268
			63.01661868721	-35.7839671877268
			63.0604715881754	-35.7839671877268
			63.1043244891408	-35.7839671877268
			63.1481773901061	-35.8278200886921
			63.1920302910715	-35.8278200886921
			63.2358831920368	-35.8278200886921
			63.2797360930022	-35.8278200886921
			63.2797360930022	-35.8716729896575
			63.3235889939675	-35.8716729896575
			63.3674418949329	-35.8716729896575
			63.4112947958982	-35.8716729896575
			63.4551476968636	-35.8716729896575
			63.4551476968636	-35.9155258906228
			63.4990005978289	-35.9155258906228
			63.5428534987943	-35.9155258906228
			63.5867063997596	-35.9593787915882
			63.630559300725	-35.9593787915882
			63.6744122016903	-35.9593787915882
			63.7182651026557	-36.0032316925535
			63.762118003621	-36.0032316925535
			63.8059709045864	-36.0032316925535
			63.8498238055517	-36.0470845935189
			63.8936767065171	-36.0470845935189
			63.9375296074824	-36.0470845935189
			63.9813825084478	-36.0909374944843
			64.0252354094131	-36.0909374944843
			64.0690883103785	-36.1347903954496
			64.1129412113438	-36.1347903954496
			64.1567941123092	-36.178643296415
			64.2006470132745	-36.178643296415
			64.2444999142399	-36.178643296415
			64.2444999142399	-36.2224961973803
			64.2883528152052	-36.2224961973803
			64.3322057161706	-36.2224961973803
			64.3322057161706	-36.2663490983457
			64.3760586171359	-36.2663490983457
			64.4199115181013	-36.2663490983457
			64.4199115181013	-36.310201999311
			64.4637644190666	-36.310201999311
			64.507617320032	-36.310201999311
			64.5514702209973	-36.3540549002764
			64.5953231219627	-36.3540549002764
			64.6391760229281	-36.3979078012417
			64.6830289238934	-36.3979078012417
			64.7268818248588	-36.4417607022071
			64.7707347258241	-36.4856136031724
			64.8145876267895	-36.4856136031724
			64.8584405277548	-36.5294665041378
			64.9022934287202	-36.5294665041378
			64.9461463296855	-36.5733194051031
			64.9899992306509	-36.5733194051031
			65.0338521316162	-36.6171723060685
			65.0777050325816	-36.6171723060685
			65.1215579335469	-36.6610252070338
			65.1654108345123	-36.6610252070338
			65.2092637354776	-36.7048781079992
			65.253116636443	-36.7048781079992
			65.253116636443	-36.7487310089645
			65.2969695374083	-36.7925839099299
			65.3408224383737	-36.7925839099299
			65.384675339339	-36.8364368108952
			65.4285282403044	-36.8364368108952
			65.4723811412697	-36.8802897118606
			65.5162340422351	-36.8802897118606
			65.5600869432004	-36.9241426128259
			65.6039398441658	-36.9679955137913
			65.6477927451311	-36.9679955137913
			65.6916456460965	-37.0118484147566
			65.7354985470618	-37.055701315722
			65.7793514480272	-37.0995542166873
			65.8232043489925	-37.1434071176527
			65.8670572499579	-37.1434071176527
			65.9109101509232	-37.187260018618
			65.9547630518886	-37.187260018618
			65.9547630518886	-37.2311129195834
			65.9986159528539	-37.2311129195834
			66.0424688538193	-37.2749658205487
			66.0863217547846	-37.3188187215141
			66.13017465575	-37.3626716224794
			66.1740275567153	-37.4065245234448
			66.2178804576807	-37.4065245234448
			66.2617333586461	-37.4503774244101
			66.3055862596114	-37.4942303253755
			66.3494391605768	-37.5380832263409
			66.3932920615421	-37.5819361273062
			66.4371449625075	-37.5819361273062
			66.4809978634728	-37.6257890282716
			66.5248507644382	-37.6696419292369
			66.5687036654035	-37.7134948302023
			66.6125565663689	-37.7134948302023
			66.6564094673342	-37.7573477311676
			66.6564094673342	-37.801200632133
			66.7002623682996	-37.8450535330983
			66.7441152692649	-37.8889064340637
			66.7879681702303	-37.932759335029
			66.8318210711956	-37.932759335029
			66.875673972161	-37.9766122359944
			66.9195268731263	-38.0204651369597
			66.9633797740917	-38.0643180379251
			67.007232675057	-38.1081709388904
			67.0510855760224	-38.1520238398558
			67.0949384769877	-38.1958767408211
			67.1387913779531	-38.2397296417865
			67.1826442789184	-38.2835825427518
			67.2264971798838	-38.3274354437172
			67.2703500808491	-38.3712883446825
			67.3142029818145	-38.4151412456479
			67.3580558827798	-38.4589941466132
			67.4019087837452	-38.5028470475786
			67.4457616847105	-38.5466999485439
			67.4896145856759	-38.5905528495093
			67.5334674866412	-38.6344057504746
			67.5334674866412	-38.67825865144
			67.5773203876066	-38.7221115524053
			67.621173288572	-38.7221115524053
			67.6650261895373	-38.7659644533707
			67.6650261895373	-38.809817354336
			67.7088790905026	-38.8536702553014
			67.752731991468	-38.8975231562667
			67.7965848924334	-38.9413760572321
			67.8404377933987	-38.9852289581974
			67.8842906943641	-39.0290818591628
			67.9281435953294	-39.0729347601281
			67.9719964962948	-39.1167876610935
			67.9719964962948	-39.1606405620589
			68.0158493972601	-39.1606405620589
			68.0158493972601	-39.2044934630242
			68.0597022982255	-39.2483463639896
			68.1035551991908	-39.2921992649549
			68.1474081001562	-39.3360521659203
			68.1912610011215	-39.3799050668856
			68.1912610011215	-39.423757967851
			68.2351139020869	-39.4676108688163
			68.2789668030522	-39.5114637697817
			68.3228197040176	-39.555316670747
			68.3666726049829	-39.5991695717124
			68.3666726049829	-39.6430224726777
			68.4105255059483	-39.6868753736431
			68.4543784069136	-39.7307282746084
			68.498231307879	-39.7745811755738
			68.498231307879	-39.8184340765391
			68.5420842088443	-39.8622869775045
			68.5859371098097	-39.9061398784698
			68.629790010775	-39.9499927794352
			68.6736429117404	-39.9938456804005
			68.6736429117404	-40.0376985813659
			68.7174958127057	-40.0815514823312
			68.7613487136711	-40.1254043832966
			68.8052016146364	-40.1692572842619
			68.8052016146364	-40.2131101852273
			68.8490545156018	-40.2569630861926
			68.8929074165671	-40.300815987158
			68.8929074165671	-40.3446688881233
			68.9367603175325	-40.3885217890887
			68.9806132184979	-40.432374690054
			68.9806132184979	-40.4762275910194
			69.0244661194632	-40.5200804919847
			69.0683190204285	-40.5639333929501
			69.0683190204285	-40.6077862939155
			69.1121719213939	-40.6077862939155
			69.1121719213939	-40.6516391948808
			69.1560248223593	-40.6954920958462
			69.1560248223593	-40.7393449968115
			69.1998777233246	-40.7831978977769
			69.24373062429	-40.8270507987422
			69.24373062429	-40.8709036997076
			69.2875835252553	-40.9147566006729
			69.3314364262207	-40.9586095016383
			69.3314364262207	-41.0024624026036
			69.375289327186	-41.046315303569
			69.4191422281514	-41.0901682045343
			69.4191422281514	-41.1340211054997
			69.4629951291167	-41.177874006465
			69.5068480300821	-41.2217269074304
			69.5068480300821	-41.2655798083957
			69.5507009310474	-41.3094327093611
			69.5507009310474	-41.3532856103264
			69.5945538320128	-41.3971385112918
			69.6384067329781	-41.4409914122571
			69.6384067329781	-41.4848443132225
			69.6822596339435	-41.5286972141878
			69.7261125349088	-41.5725501151532
			69.7261125349088	-41.6164030161185
			69.7699654358742	-41.6602559170839
			69.7699654358742	-41.7041088180492
			69.8138183368395	-41.7479617190146
			69.8576712378049	-41.7918146199799
			69.8576712378049	-41.8356675209453
			69.9015241387702	-41.8795204219106
			69.9015241387702	-41.923373322876
			69.9453770397356	-41.9672262238413
			69.9453770397356	-42.0110791248067
			69.9892299407009	-42.054932025772
			70.0330828416663	-42.0987849267374
			70.0330828416663	-42.1426378277027
			70.0769357426316	-42.1864907286681
			70.0769357426316	-42.2303436296335
			70.120788643597	-42.2741965305988
			70.120788643597	-42.3180494315642
			70.1646415445623	-42.3619023325295
			70.2084944455277	-42.4057552334949
			70.2084944455277	-42.4496081344602
			70.252347346493	-42.4934610354256
			70.252347346493	-42.5373139363909
			70.2962002474584	-42.5811668373563
			70.2962002474584	-42.6250197383216
			70.3400531484237	-42.668872639287
			70.3400531484237	-42.7127255402523
			70.3839060493891	-42.7565784412177
			70.3839060493891	-42.800431342183
			70.4277589503544	-42.8442842431484
			70.4277589503544	-42.8881371441137
			70.4716118513198	-42.9319900450791
			70.4716118513198	-42.9758429460444
			70.5154647522851	-43.0196958470098
			70.5154647522851	-43.0635487479751
			70.5593176532505	-43.1074016489405
			70.5593176532505	-43.1512545499058
			70.6031705542159	-43.1951074508712
			70.6470234551812	-43.2389603518365
			70.6470234551812	-43.2828132528019
			70.6908763561465	-43.3266661537672
			70.6908763561465	-43.3705190547326
			70.7347292571119	-43.4143719556979
			70.7347292571119	-43.4582248566633
			70.7785821580773	-43.5020777576286
			70.7785821580773	-43.545930658594
			70.8224350590426	-43.5897835595594
			70.8224350590426	-43.6336364605247
			70.866287960008	-43.6774893614901
			70.866287960008	-43.7213422624554
			70.9101408609733	-43.7651951634208
			70.9101408609733	-43.8090480643861
			70.9539937619387	-43.8529009653515
			70.9539937619387	-43.8967538663168
			70.997846662904	-43.9406067672822
			70.997846662904	-43.9844596682475
			71.0416995638694	-44.0283125692129
			71.0416995638694	-44.0721654701782
			71.0855524648347	-44.1160183711436
			71.0855524648347	-44.1598712721089
			71.1294053658001	-44.2037241730743
			71.1294053658001	-44.2475770740396
			71.1732582667654	-44.291429975005
			71.1732582667654	-44.3352828759703
			71.2171111677308	-44.3791357769357
			71.2171111677308	-44.422988677901
			71.2171111677308	-44.4668415788664
			71.2609640686961	-44.5106944798317
			71.2609640686961	-44.5545473807971
			71.3048169696615	-44.5984002817624
			71.3048169696615	-44.6422531827278
			71.3486698706268	-44.6861060836931
			71.3486698706268	-44.7299589846585
			71.3925227715922	-44.7738118856238
			71.3925227715922	-44.8176647865892
			71.4363756725575	-44.8615176875545
			71.4363756725575	-44.9053705885199
			71.4802285735229	-44.9492234894852
			71.4802285735229	-44.9930763904506
			71.4802285735229	-45.036929291416
			71.5240814744882	-45.0807821923813
			71.5240814744882	-45.1246350933467
			71.5679343754536	-45.168487994312
			71.5679343754536	-45.2123408952774
			71.6117872764189	-45.2561937962427
			71.6117872764189	-45.3000466972081
			71.6556401773843	-45.3438995981734
			71.6556401773843	-45.3877524991388
			71.6994930783496	-45.4316054001041
			71.6994930783496	-45.4754583010695
			71.743345979315	-45.5193112020348
			71.743345979315	-45.5631641030002
			71.743345979315	-45.6070170039655
			71.7871988802803	-45.6508699049309
			71.7871988802803	-45.6947228058962
			71.8310517812457	-45.6947228058962
			71.8310517812457	-45.7385757068616
			71.874904682211	-45.7824286078269
			71.874904682211	-45.8262815087923
			71.9187575831764	-45.8701344097576
			71.9187575831764	-45.913987310723
			71.9626104841417	-45.9578402116883
			71.9626104841417	-46.0016931126537
			72.0064633851071	-46.045546013619
			72.0064633851071	-46.0893989145844
			72.0503162860724	-46.1332518155497
			72.0941691870378	-46.1771047165151
			72.0941691870378	-46.2209576174804
			72.1380220880032	-46.2648105184458
			72.1380220880032	-46.3086634194111
			72.1818749889685	-46.3525163203765
			72.1818749889685	-46.3963692213418
			72.2257278899339	-46.4402221223072
			72.2257278899339	-46.4840750232725
			72.2695807908992	-46.5279279242379
			72.2695807908992	-46.5717808252032
			72.3134336918646	-46.6156337261686
			72.3572865928299	-46.659486627134
			72.3572865928299	-46.7033395280993
			72.4011394937953	-46.7471924290647
			72.4011394937953	-46.79104533003
			72.4449923947606	-46.8348982309954
			72.4449923947606	-46.8787511319607
			72.488845295726	-46.9226040329261
			72.488845295726	-46.9664569338914
			72.5326981966913	-46.9664569338914
			72.5765510976567	-47.0103098348568
			72.5765510976567	-47.0541627358221
			72.620403998622	-47.0980156367875
			72.620403998622	-47.1418685377528
			72.6642568995874	-47.1857214387182
			72.6642568995874	-47.2295743396835
			72.7081098005527	-47.2734272406489
			72.7519627015181	-47.3172801416142
			72.7519627015181	-47.3611330425796
			72.7958156024834	-47.4049859435449
			72.7958156024834	-47.4488388445103
			72.8396685034488	-47.4488388445103
			72.8396685034488	-47.4926917454756
			72.8835214044141	-47.536544646441
			72.9273743053795	-47.5803975474063
			72.9273743053795	-47.6242504483717
			72.9712272063448	-47.668103349337
			72.9712272063448	-47.7119562503024
			73.0150801073102	-47.7558091512677
			73.0589330082755	-47.7558091512677
			73.0589330082755	-47.7996620522331
			73.1027859092409	-47.8435149531984
			73.1027859092409	-47.8873678541638
			73.1466388102062	-47.9312207551291
			73.1904917111716	-47.9750736560945
			73.1904917111716	-48.0189265570598
			73.2343446121369	-48.0627794580252
			73.2781975131023	-48.1066323589906
			73.3220504140676	-48.1504852599559
			73.365903315033	-48.1943381609213
			73.365903315033	-48.2381910618866
			73.4097562159983	-48.282043962852
			73.4536091169637	-48.3258968638173
			73.497462017929	-48.3697497647827
			73.497462017929	-48.413602665748
			73.5413149188944	-48.4574555667134
			73.5851678198597	-48.5013084676787
			73.6290207208251	-48.5451613686441
			73.6290207208251	-48.5890142696094
			73.6728736217904	-48.6328671705748
			73.7167265227558	-48.6767200715401
			73.7605794237212	-48.7205729725055
			73.7605794237212	-48.7644258734708
			73.8044323246865	-48.8082787744362
			73.8482852256518	-48.8521316754015
			73.8921381266172	-48.8959845763669
			73.8921381266172	-48.9398374773322
			73.9359910275826	-48.9836903782976
			73.9798439285479	-49.0275432792629
			74.0236968295133	-49.0275432792629
			74.0675497304786	-49.0713961802283
			74.0675497304786	-49.1152490811936
			74.111402631444	-49.159101982159
			74.1552555324093	-49.2029548831243
			74.1991084333747	-49.2468077840897
			74.24296133434	-49.290660685055
			74.24296133434	-49.3345135860204
			74.2868142353054	-49.3783664869857
			74.3306671362707	-49.4222193879511
			74.3745200372361	-49.4222193879511
			74.4183729382014	-49.4660722889164
			74.4183729382014	-49.5099251898818
			74.4622258391668	-49.5537780908471
			74.5060787401321	-49.5976309918125
			74.5499316410975	-49.6414838927778
			74.5937845420628	-49.6853367937432
			74.6376374430282	-49.7291896947086
			74.6376374430282	-49.7730425956739
			74.6814903439935	-49.8168954966393
			74.6814903439935	-49.8607483976046
			74.7253432449589	-49.90460129857
			74.7253432449589	-49.9484541995353
			74.7691961459242	-49.9923071005007
			74.7691961459242	-50.036160001466
			74.7691961459242	-50.0800129024314
			74.8130490468896	-50.1238658033967
			74.8130490468896	-50.1677187043621
			74.8569019478549	-50.2115716053274
			74.8569019478549	-50.2554245062928
			74.9007548488203	-50.2992774072581
			74.9007548488203	-50.3431303082235
			74.9007548488203	-50.3869832091888
			74.9446077497856	-50.3869832091888
			74.9446077497856	-50.4308361101542
			74.9446077497856	-50.4746890111195
			74.988460650751	-50.5185419120849
			74.988460650751	-50.5623948130502
			75.0323135517163	-50.6062477140156
			75.0323135517163	-50.6501006149809
			75.0323135517163	-50.6939535159463
			75.0761664526817	-50.7378064169116
			75.0761664526817	-50.781659317877
			75.1200193536471	-50.8255122188423
			75.1200193536471	-50.8693651198077
			75.1200193536471	-50.913218020773
			75.1638722546124	-50.9570709217384
			75.1638722546124	-51.0009238227037
			75.1638722546124	-51.0447767236691
			75.2077251555777	-51.0886296246345
			75.2077251555777	-51.1324825255998
			75.2515780565431	-51.1763354265652
			75.2515780565431	-51.2201883275305
			75.2515780565431	-51.2640412284959
			75.2954309575085	-51.3078941294612
			75.2954309575085	-51.3517470304266
			75.2954309575085	-51.3955999313919
			75.3392838584738	-51.3955999313919
			75.3392838584738	-51.4394528323573
			75.3392838584738	-51.4833057333226
			75.3831367594392	-51.527158634288
			75.3831367594392	-51.5710115352533
			75.3831367594392	-51.6148644362187
			75.4269896604045	-51.658717337184
			75.4269896604045	-51.7025702381494
			75.4708425613699	-51.7464231391147
			75.4708425613699	-51.7902760400801
			75.4708425613699	-51.8341289410454
			75.5146954623352	-51.8779818420108
			75.5146954623352	-51.9218347429761
			75.5146954623352	-51.9656876439415
			75.5585483633006	-52.0095405449068
			75.5585483633006	-52.0533934458722
			75.5585483633006	-52.0972463468375
			75.6024012642659	-52.1410992478029
			75.6024012642659	-52.1849521487682
			75.6024012642659	-52.2288050497336
			75.6462541652313	-52.2726579506989
			75.6462541652313	-52.3165108516643
			75.6462541652313	-52.3603637526296
			75.6901070661966	-52.404216653595
			75.6901070661966	-52.4480695545603
			75.6901070661966	-52.4919224555257
			75.733959967162	-52.5357753564911
			75.733959967162	-52.5796282574564
			75.733959967162	-52.6234811584218
			75.7778128681273	-52.6673340593871
			75.7778128681273	-52.7111869603525
			75.7778128681273	-52.7550398613178
			75.8216657690927	-52.7988927622832
			75.8216657690927	-52.8427456632485
			75.8216657690927	-52.8865985642139
			75.865518670058	-52.9304514651792
			75.865518670058	-52.9743043661446
			75.865518670058	-53.0181572671099
			75.9093715710234	-53.0620101680753
			75.9093715710234	-53.1058630690406
			75.9093715710234	-53.149715970006
			75.9532244719887	-53.1935688709713
			75.9532244719887	-53.2374217719367
			75.9532244719887	-53.281274672902
			75.9970773729541	-53.3251275738674
			75.9970773729541	-53.3689804748327
			75.9970773729541	-53.4128333757981
			76.0409302739194	-53.4566862767634
			76.0409302739194	-53.5005391777288
			76.0409302739194	-53.5443920786941
			76.0409302739194	-53.5882449796595
			76.0847831748848	-53.6320978806248
			76.0847831748848	-53.6759507815902
			76.0847831748848	-53.7198036825555
			76.1286360758501	-53.7636565835209
			76.1286360758501	-53.8075094844862
			76.1286360758501	-53.8513623854516
			76.1286360758501	-53.8952152864169
			76.1724889768155	-53.9390681873823
			76.1724889768155	-53.9829210883476
			76.1724889768155	-54.026773989313
			76.2163418777808	-54.0706268902783
			76.2163418777808	-54.1144797912437
			76.2163418777808	-54.1583326922091
			76.2163418777808	-54.2021855931744
			76.2601947787462	-54.2460384941398
			76.2601947787462	-54.2898913951051
			76.2601947787462	-54.3337442960705
			76.3040476797115	-54.3775971970358
			76.3040476797115	-54.4214500980012
			76.3040476797115	-54.4653029989665
			76.3040476797115	-54.5091558999319
			76.3040476797115	-54.5530088008972
			76.3479005806769	-54.5968617018626
			76.3479005806769	-54.6407146028279
			76.3479005806769	-54.6845675037933
			76.3479005806769	-54.7284204047586
			76.3917534816422	-54.772273305724
			76.3917534816422	-54.8161262066893
			76.3917534816422	-54.8599791076547
			76.4356063826076	-54.90383200862
			76.4356063826076	-54.9476849095854
			76.4356063826076	-54.9915378105507
		</c1>
		<c2 type=matrix rownames=FALSE colnames=FALSE nrow=1018 ncol=2 as.numeric=TRUE >
			76.4356063826076	-54.9915378105507
			76.3917534816422	-54.9915378105507
			76.3479005806769	-54.9915378105507
			76.3479005806769	-55.0353907115161
			76.3040476797115	-55.0353907115161
			76.2601947787462	-55.0353907115161
			76.2163418777808	-55.0353907115161
			76.1724889768155	-55.0353907115161
			76.1286360758501	-55.0353907115161
			76.0847831748848	-55.0353907115161
			76.0409302739194	-55.0353907115161
			75.9970773729541	-55.0353907115161
			75.9532244719887	-55.0353907115161
			75.9093715710234	-55.0353907115161
			75.865518670058	-55.0353907115161
			75.8216657690927	-55.0353907115161
			75.7778128681273	-55.0353907115161
			75.733959967162	-55.0353907115161
			75.6901070661966	-55.0353907115161
			75.6462541652313	-55.0353907115161
			75.6024012642659	-55.0353907115161
			75.5585483633006	-55.0353907115161
			75.5146954623352	-55.0353907115161
			75.4708425613699	-54.9915378105507
			75.4269896604045	-54.9915378105507
			75.3831367594392	-54.9915378105507
			75.3392838584738	-54.9915378105507
			75.2954309575085	-54.9915378105507
			75.2515780565431	-54.9476849095854
			75.2077251555777	-54.9476849095854
			75.1638722546124	-54.9476849095854
			75.1200193536471	-54.9476849095854
			75.0761664526817	-54.90383200862
			75.0323135517163	-54.90383200862
			74.988460650751	-54.90383200862
			74.9446077497856	-54.8599791076547
			74.9007548488203	-54.8599791076547
			74.8569019478549	-54.8599791076547
			74.8130490468896	-54.8599791076547
			74.7691961459242	-54.8161262066893
			74.7253432449589	-54.8161262066893
			74.7253432449589	-54.772273305724
			74.6814903439935	-54.7284204047586
			74.6376374430282	-54.6845675037933
			74.5937845420628	-54.6407146028279
			74.5499316410975	-54.6407146028279
			74.5060787401321	-54.5968617018626
			74.4622258391668	-54.5968617018626
			74.4183729382014	-54.5530088008972
			74.3745200372361	-54.5530088008972
			74.3306671362707	-54.5530088008972
			74.2868142353054	-54.5091558999319
			74.24296133434	-54.5091558999319
			74.1991084333747	-54.5091558999319
			74.1552555324093	-54.4653029989665
			74.111402631444	-54.4653029989665
			74.0675497304786	-54.4653029989665
			74.0236968295133	-54.4214500980012
			73.9798439285479	-54.4214500980012
			73.9359910275826	-54.4214500980012
			73.8921381266172	-54.3775971970358
			73.8482852256518	-54.3775971970358
			73.8044323246865	-54.3775971970358
			73.7605794237212	-54.3775971970358
			73.7167265227558	-54.3775971970358
			73.6728736217904	-54.3337442960705
			73.6290207208251	-54.3337442960705
			73.5851678198597	-54.3337442960705
			73.5413149188944	-54.3337442960705
			73.497462017929	-54.2898913951051
			73.4536091169637	-54.2898913951051
			73.4097562159983	-54.2898913951051
			73.365903315033	-54.2898913951051
			73.3220504140676	-54.2460384941398
			73.2781975131023	-54.2460384941398
			73.2343446121369	-54.2460384941398
			73.1904917111716	-54.2460384941398
			73.1466388102062	-54.2460384941398
			73.1027859092409	-54.2021855931744
			73.0589330082755	-54.2021855931744
			73.0150801073102	-54.2021855931744
			72.9712272063448	-54.2021855931744
			72.9273743053795	-54.1583326922091
			72.8835214044141	-54.1583326922091
			72.8396685034488	-54.1583326922091
			72.7958156024834	-54.1583326922091
			72.7519627015181	-54.1583326922091
			72.7081098005527	-54.1583326922091
			72.6642568995874	-54.1144797912437
			72.620403998622	-54.1144797912437
			72.5765510976567	-54.1144797912437
			72.5326981966913	-54.1144797912437
			72.488845295726	-54.1144797912437
			72.4449923947606	-54.1144797912437
			72.4011394937953	-54.1583326922091
			72.3572865928299	-54.1583326922091
			72.3134336918646	-54.1583326922091
			72.2695807908992	-54.1583326922091
			72.2257278899339	-54.1583326922091
			72.1818749889685	-54.1583326922091
			72.1380220880032	-54.1583326922091
			72.0941691870378	-54.1583326922091
			72.0503162860724	-54.1583326922091
			72.0064633851071	-54.1583326922091
			71.9626104841417	-54.1583326922091
			71.9187575831764	-54.1583326922091
			71.874904682211	-54.1583326922091
			71.8310517812457	-54.1583326922091
			71.7871988802803	-54.1583326922091
			71.743345979315	-54.1583326922091
			71.6994930783496	-54.1583326922091
			71.6556401773843	-54.1583326922091
			71.6117872764189	-54.1583326922091
			71.5679343754536	-54.1583326922091
			71.5240814744882	-54.1583326922091
			71.4802285735229	-54.1583326922091
			71.4363756725575	-54.1583326922091
			71.3925227715922	-54.1583326922091
			71.3486698706268	-54.1583326922091
			71.3048169696615	-54.1583326922091
			71.2609640686961	-54.1583326922091
			71.2171111677308	-54.1583326922091
			71.1732582667654	-54.1583326922091
			71.1294053658001	-54.1583326922091
			71.0855524648347	-54.1583326922091
			71.0416995638694	-54.1583326922091
			70.997846662904	-54.1144797912437
			70.9539937619387	-54.1144797912437
			70.9101408609733	-54.1144797912437
			70.866287960008	-54.1144797912437
			70.8224350590426	-54.1144797912437
			70.7785821580773	-54.1144797912437
			70.7347292571119	-54.1144797912437
			70.6908763561465	-54.1144797912437
			70.6470234551812	-54.1144797912437
			70.6031705542159	-54.0706268902783
			70.5593176532505	-54.0706268902783
			70.5154647522851	-54.0706268902783
			70.4716118513198	-54.0706268902783
			70.4277589503544	-54.0706268902783
			70.3839060493891	-54.0706268902783
			70.3400531484237	-54.0706268902783
			70.2962002474584	-54.0706268902783
			70.252347346493	-54.026773989313
			70.2084944455277	-54.026773989313
			70.1646415445623	-54.026773989313
			70.120788643597	-54.026773989313
			70.0769357426316	-54.026773989313
			70.0330828416663	-54.026773989313
			69.9892299407009	-54.026773989313
			69.9453770397356	-53.9829210883476
			69.9015241387702	-53.9829210883476
			69.8576712378049	-53.9829210883476
			69.8138183368395	-53.9829210883476
			69.7699654358742	-53.9829210883476
			69.7261125349088	-53.9829210883476
			69.6822596339435	-53.9829210883476
			69.6384067329781	-53.9390681873823
			69.5945538320128	-53.9390681873823
			69.5507009310474	-53.9390681873823
			69.5068480300821	-53.9390681873823
			69.4629951291167	-53.9390681873823
			69.4191422281514	-53.9390681873823
			69.375289327186	-53.8952152864169
			69.3314364262207	-53.8952152864169
			69.2875835252553	-53.8952152864169
			69.24373062429	-53.8952152864169
			69.1998777233246	-53.8952152864169
			69.1560248223593	-53.8952152864169
			69.1121719213939	-53.8513623854516
			69.0683190204285	-53.8513623854516
			69.0244661194632	-53.8513623854516
			68.9806132184979	-53.8513623854516
			68.9367603175325	-53.8513623854516
			68.8929074165671	-53.8075094844862
			68.8490545156018	-53.8075094844862
			68.8052016146364	-53.8075094844862
			68.7613487136711	-53.8075094844862
			68.7174958127057	-53.8075094844862
			68.6736429117404	-53.8075094844862
			68.629790010775	-53.7636565835209
			68.5859371098097	-53.7636565835209
			68.5420842088443	-53.7636565835209
			68.498231307879	-53.7636565835209
			68.4543784069136	-53.7636565835209
			68.4105255059483	-53.7636565835209
			68.3666726049829	-53.7636565835209
			68.3228197040176	-53.7636565835209
			68.2789668030522	-53.7636565835209
			68.2351139020869	-53.7636565835209
			68.1912610011215	-53.7636565835209
			68.1912610011215	-53.7198036825555
			68.1474081001562	-53.7198036825555
			68.1035551991908	-53.7198036825555
			68.0597022982255	-53.7198036825555
			68.0158493972601	-53.7198036825555
			67.9719964962948	-53.7198036825555
			67.9281435953294	-53.7198036825555
			67.8842906943641	-53.7198036825555
			67.8404377933987	-53.7198036825555
			67.7965848924334	-53.7198036825555
			67.752731991468	-53.7198036825555
			67.7088790905026	-53.7198036825555
			67.6650261895373	-53.6759507815902
			67.621173288572	-53.6759507815902
			67.5773203876066	-53.6759507815902
			67.5334674866412	-53.6759507815902
			67.4896145856759	-53.6759507815902
			67.4457616847105	-53.6759507815902
			67.4019087837452	-53.6759507815902
			67.3580558827798	-53.6759507815902
			67.3142029818145	-53.6759507815902
			67.2703500808491	-53.6759507815902
			67.2264971798838	-53.6320978806248
			67.1826442789184	-53.6320978806248
			67.1387913779531	-53.6320978806248
			67.0949384769877	-53.6320978806248
			67.0510855760224	-53.6320978806248
			67.007232675057	-53.6320978806248
			66.9633797740917	-53.6320978806248
			66.9195268731263	-53.6320978806248
			66.875673972161	-53.6320978806248
			66.8318210711956	-53.6320978806248
			66.7879681702303	-53.5882449796595
			66.7441152692649	-53.5882449796595
			66.7002623682996	-53.5882449796595
			66.6564094673342	-53.5882449796595
			66.6125565663689	-53.5882449796595
			66.5687036654035	-53.5882449796595
			66.5248507644382	-53.5882449796595
			66.4809978634728	-53.5882449796595
			66.4371449625075	-53.5443920786941
			66.3932920615421	-53.5443920786941
			66.3494391605768	-53.5443920786941
			66.3055862596114	-53.5443920786941
			66.2617333586461	-53.5443920786941
			66.2178804576807	-53.5443920786941
			66.1740275567153	-53.5443920786941
			66.13017465575	-53.5443920786941
			66.0863217547846	-53.5005391777288
			66.0424688538193	-53.5005391777288
			65.9986159528539	-53.5005391777288
			65.9547630518886	-53.5005391777288
			65.9109101509232	-53.5005391777288
			65.8670572499579	-53.5005391777288
			65.8232043489925	-53.5005391777288
			65.7793514480272	-53.5005391777288
			65.7354985470618	-53.4566862767634
			65.6916456460965	-53.4566862767634
			65.6477927451311	-53.4566862767634
			65.6039398441658	-53.4566862767634
			65.5600869432004	-53.4566862767634
			65.5162340422351	-53.4566862767634
			65.4723811412697	-53.4128333757981
			65.4285282403044	-53.4128333757981
			65.384675339339	-53.4128333757981
			65.3408224383737	-53.4128333757981
			65.2969695374083	-53.4128333757981
			65.253116636443	-53.4128333757981
			65.2092637354776	-53.3689804748327
			65.1654108345123	-53.3689804748327
			65.1215579335469	-53.3689804748327
			65.0777050325816	-53.3689804748327
			65.0338521316162	-53.3689804748327
			64.9899992306509	-53.3689804748327
			64.9461463296855	-53.3689804748327
			64.9022934287202	-53.3251275738674
			64.8584405277548	-53.3251275738674
			64.8145876267895	-53.3251275738674
			64.7707347258241	-53.3251275738674
			64.7268818248588	-53.3251275738674
			64.6830289238934	-53.3251275738674
			64.6391760229281	-53.281274672902
			64.5953231219627	-53.281274672902
			64.5514702209973	-53.281274672902
			64.507617320032	-53.281274672902
			64.4637644190666	-53.281274672902
			64.4199115181013	-53.281274672902
			64.3760586171359	-53.2374217719367
			64.3322057161706	-53.2374217719367
			64.2883528152052	-53.2374217719367
			64.2444999142399	-53.2374217719367
			64.2006470132745	-53.2374217719367
			64.1567941123092	-53.1935688709713
			64.1129412113438	-53.1935688709713
			64.0690883103785	-53.1935688709713
			64.0252354094131	-53.1935688709713
			63.9813825084478	-53.1935688709713
			63.9375296074824	-53.1935688709713
			63.8936767065171	-53.149715970006
			63.8498238055517	-53.149715970006
			63.8059709045864	-53.149715970006
			63.762118003621	-53.149715970006
			63.7182651026557	-53.149715970006
			63.6744122016903	-53.149715970006
			63.6744122016903	-53.1058630690406
			63.630559300725	-53.1058630690406
			63.5867063997596	-53.1058630690406
			63.5428534987943	-53.1058630690406
			63.4990005978289	-53.1058630690406
			63.4551476968636	-53.1058630690406
			63.4112947958982	-53.1058630690406
			63.3674418949329	-53.1058630690406
			63.3235889939675	-53.1058630690406
			63.2797360930022	-53.1058630690406
			63.2358831920368	-53.1058630690406
			63.1920302910715	-53.1058630690406
			63.1481773901061	-53.1058630690406
			63.1043244891408	-53.1058630690406
			63.0604715881754	-53.1058630690406
			63.01661868721	-53.1058630690406
			62.9727657862447	-53.1058630690406
			62.9289128852793	-53.1058630690406
			62.885059984314	-53.1058630690406
			62.8412070833486	-53.1058630690406
			62.7973541823833	-53.1058630690406
			62.7535012814179	-53.1058630690406
			62.7096483804526	-53.1058630690406
			62.6657954794872	-53.1058630690406
			62.6219425785219	-53.1058630690406
			62.5780896775565	-53.1058630690406
			62.5342367765912	-53.1058630690406
			62.4903838756258	-53.1058630690406
			62.4465309746605	-53.1058630690406
			62.4026780736951	-53.1058630690406
			62.3588251727298	-53.1058630690406
			62.3149722717644	-53.1058630690406
			62.2711193707991	-53.1058630690406
			62.2272664698337	-53.1058630690406
			62.1834135688684	-53.1058630690406
			62.139560667903	-53.1058630690406
			62.0957077669377	-53.1058630690406
			62.0518548659723	-53.1058630690406
			62.008001965007	-53.1058630690406
			61.9641490640416	-53.1058630690406
			61.9202961630763	-53.1058630690406
			61.8764432621109	-53.1058630690406
			61.8325903611456	-53.1058630690406
			61.7887374601802	-53.1058630690406
			61.7448845592149	-53.1058630690406
			61.7010316582495	-53.1058630690406
			61.6571787572842	-53.1058630690406
			61.6133258563188	-53.1058630690406
			61.5694729553534	-53.1058630690406
			61.5256200543881	-53.1058630690406
			61.4817671534227	-53.1058630690406
			61.4379142524574	-53.1058630690406
			61.394061351492	-53.1058630690406
			61.3502084505267	-53.1058630690406
			61.3063555495613	-53.1058630690406
			61.262502648596	-53.0620101680753
			61.2186497476306	-53.0620101680753
			61.1747968466653	-53.0620101680753
			61.1309439456999	-53.0620101680753
			61.0870910447346	-53.0620101680753
			61.0432381437692	-53.0620101680753
			60.9993852428039	-53.0620101680753
			60.9555323418385	-53.0620101680753
			60.9116794408732	-53.0620101680753
			60.8678265399078	-53.0620101680753
			60.8239736389425	-53.0620101680753
			60.7801207379771	-53.0620101680753
			60.7362678370118	-53.0620101680753
			60.6924149360464	-53.0620101680753
			60.6485620350811	-53.0620101680753
			60.6047091341157	-53.0620101680753
			60.5608562331504	-53.0620101680753
			60.517003332185	-53.0620101680753
			60.4731504312197	-53.0620101680753
			60.4292975302543	-53.0620101680753
			60.385444629289	-53.0620101680753
			60.3415917283236	-53.0620101680753
			60.2977388273583	-53.0620101680753
			60.2538859263929	-53.0620101680753
			60.2100330254276	-53.0181572671099
			60.1661801244622	-53.0181572671099
			60.1223272234969	-53.0181572671099
			60.0784743225315	-53.0181572671099
			60.0346214215662	-53.0181572671099
			59.9907685206008	-53.0181572671099
			59.9469156196354	-53.0181572671099
			59.9030627186701	-53.0181572671099
			59.8592098177047	-53.0181572671099
			59.8153569167394	-53.0181572671099
			59.771504015774	-53.0181572671099
			59.7276511148087	-53.0181572671099
			59.6837982138433	-53.0181572671099
			59.639945312878	-53.0181572671099
			59.5960924119126	-53.0181572671099
			59.5522395109473	-53.0181572671099
			59.5083866099819	-53.0181572671099
			59.4645337090166	-52.9743043661446
			59.4206808080512	-52.9743043661446
			59.3768279070859	-52.9743043661446
			59.3329750061205	-52.9743043661446
			59.2891221051552	-52.9743043661446
			59.2452692041898	-52.9743043661446
			59.2014163032245	-52.9743043661446
			59.1575634022591	-52.9743043661446
			59.1137105012938	-52.9743043661446
			59.0698576003284	-52.9743043661446
			59.0260046993631	-52.9743043661446
			58.9821517983977	-52.9743043661446
			58.9382988974324	-52.9743043661446
			58.894445996467	-52.9743043661446
			58.8505930955017	-52.9743043661446
			58.8067401945363	-52.9304514651792
			58.762887293571	-52.9304514651792
			58.7190343926056	-52.9304514651792
			58.6751814916403	-52.9304514651792
			58.6313285906749	-52.9304514651792
			58.5874756897095	-52.9304514651792
			58.5436227887442	-52.9304514651792
			58.4997698877788	-52.9304514651792
			58.4559169868135	-52.9304514651792
			58.4120640858481	-52.9304514651792
			58.3682111848828	-52.9304514651792
			58.3243582839174	-52.9304514651792
			58.2805053829521	-52.9304514651792
			58.2366524819867	-52.9304514651792
			58.1927995810214	-52.8865985642139
			58.148946680056	-52.8865985642139
			58.1050937790907	-52.8865985642139
			58.0612408781253	-52.8865985642139
			58.01738797716	-52.8865985642139
			57.9735350761946	-52.8865985642139
			57.9296821752293	-52.8865985642139
			57.8858292742639	-52.8865985642139
			57.8419763732986	-52.8865985642139
			57.7981234723332	-52.8865985642139
			57.7542705713679	-52.8865985642139
			57.7104176704025	-52.8865985642139
			57.7104176704025	-52.8427456632485
			57.6665647694372	-52.8427456632485
			57.6227118684718	-52.8427456632485
			57.5788589675065	-52.8427456632485
			57.5350060665411	-52.8427456632485
			57.4911531655758	-52.8427456632485
			57.4473002646104	-52.8427456632485
			57.4034473636451	-52.8427456632485
			57.3595944626797	-52.8427456632485
			57.3157415617144	-52.8427456632485
			57.271888660749	-52.8427456632485
			57.2280357597837	-52.7988927622832
			57.1841828588183	-52.7988927622832
			57.1403299578529	-52.7988927622832
			57.0964770568876	-52.7988927622832
			57.0526241559222	-52.7988927622832
			57.0087712549569	-52.7988927622832
			56.9649183539915	-52.7988927622832
			56.9210654530262	-52.7988927622832
			56.8772125520608	-52.7988927622832
			56.8333596510955	-52.7988927622832
			56.7895067501301	-52.7988927622832
			56.7456538491648	-52.7988927622832
			56.7018009481994	-52.7988927622832
			56.6579480472341	-52.7988927622832
			56.6140951462687	-52.7988927622832
			56.5702422453034	-52.7988927622832
			56.526389344338	-52.7988927622832
			56.4825364433727	-52.7988927622832
			56.4386835424073	-52.7988927622832
			56.394830641442	-52.7988927622832
			56.3509777404766	-52.7988927622832
			56.3071248395113	-52.7988927622832
			56.2632719385459	-52.7988927622832
			56.2194190375806	-52.7988927622832
			56.1755661366152	-52.7988927622832
			56.1317132356499	-52.7988927622832
			56.0878603346845	-52.7988927622832
			56.0440074337192	-52.7988927622832
			56.0001545327538	-52.7988927622832
			55.9563016317885	-52.7988927622832
			55.9124487308231	-52.7988927622832
			55.8685958298578	-52.7988927622832
			55.8247429288924	-52.7988927622832
			55.7808900279271	-52.7988927622832
			55.7370371269617	-52.7988927622832
			55.6931842259964	-52.7988927622832
			55.649331325031	-52.7988927622832
			55.6054784240657	-52.7988927622832
			55.5616255231003	-52.7988927622832
			55.5177726221349	-52.7988927622832
			55.4739197211696	-52.7988927622832
			55.4300668202042	-52.7988927622832
			55.3862139192389	-52.7988927622832
			55.3423610182735	-52.7988927622832
			55.2985081173082	-52.7988927622832
			55.2546552163428	-52.7988927622832
			55.2108023153775	-52.7988927622832
			55.1669494144121	-52.7988927622832
			55.1230965134468	-52.7988927622832
			55.0792436124814	-52.7988927622832
			55.0353907115161	-52.7988927622832
			54.9915378105507	-52.7988927622832
			54.9476849095854	-52.7988927622832
			54.90383200862	-52.7988927622832
			54.8599791076547	-52.7988927622832
			54.8161262066893	-52.8427456632485
			54.772273305724	-52.8427456632485
			54.7284204047586	-52.8427456632485
			54.6845675037933	-52.8427456632485
			54.6407146028279	-52.8427456632485
			54.5968617018626	-52.8427456632485
			54.5530088008972	-52.8427456632485
			54.5091558999319	-52.8427456632485
			54.4653029989665	-52.8427456632485
			54.4214500980012	-52.8427456632485
			54.3775971970358	-52.8427456632485
			54.3337442960705	-52.8427456632485
			54.2898913951051	-52.8427456632485
			54.2460384941398	-52.8427456632485
			54.2021855931744	-52.8427456632485
			54.1583326922091	-52.8427456632485
			54.1144797912437	-52.8427456632485
			54.0706268902783	-52.8427456632485
			54.026773989313	-52.8427456632485
			53.9829210883476	-52.8427456632485
			53.9390681873823	-52.8427456632485
			53.8952152864169	-52.8427456632485
			53.8513623854516	-52.8427456632485
			53.8075094844862	-52.8427456632485
			53.7636565835209	-52.8427456632485
			53.7198036825555	-52.8427456632485
			53.6759507815902	-52.8427456632485
			53.6320978806248	-52.8427456632485
			53.5882449796595	-52.8427456632485
			53.5443920786941	-52.8427456632485
			53.5005391777288	-52.8427456632485
			53.4566862767634	-52.8427456632485
			53.4128333757981	-52.8427456632485
			53.3689804748327	-52.8865985642139
			53.3251275738674	-52.8865985642139
			53.281274672902	-52.8865985642139
			53.2374217719367	-52.8865985642139
			53.1935688709713	-52.8865985642139
			53.149715970006	-52.8865985642139
			53.1058630690406	-52.8865985642139
			53.0620101680753	-52.8865985642139
			53.0181572671099	-52.8865985642139
			52.9743043661446	-52.8865985642139
			52.9304514651792	-52.8865985642139
			52.8865985642139	-52.8865985642139
			52.8427456632485	-52.8865985642139
			52.7988927622832	-52.8865985642139
			52.7550398613178	-52.8865985642139
			52.7111869603525	-52.8865985642139
			52.6673340593871	-52.8865985642139
			52.6234811584218	-52.8865985642139
			52.5796282574564	-52.8865985642139
			52.5357753564911	-52.8865985642139
			52.4919224555257	-52.8865985642139
			52.4480695545603	-52.8865985642139
			52.404216653595	-52.9304514651792
			52.3603637526296	-52.9304514651792
			52.3165108516643	-52.9304514651792
			52.2726579506989	-52.9304514651792
			52.2288050497336	-52.9304514651792
			52.1849521487682	-52.9304514651792
			52.1410992478029	-52.9304514651792
			52.0972463468375	-52.9304514651792
			52.0533934458722	-52.9304514651792
			52.0095405449068	-52.9304514651792
			51.9656876439415	-52.9304514651792
			51.9218347429761	-52.9304514651792
			51.8779818420108	-52.9304514651792
			51.8341289410454	-52.9304514651792
			51.7902760400801	-52.9304514651792
			51.7464231391147	-52.9304514651792
			51.7025702381494	-52.9304514651792
			51.658717337184	-52.9743043661446
			51.6148644362187	-52.9743043661446
			51.5710115352533	-52.9743043661446
			51.527158634288	-52.9743043661446
			51.4833057333226	-52.9743043661446
			51.4394528323573	-52.9743043661446
			51.3955999313919	-52.9743043661446
			51.3517470304266	-52.9743043661446
			51.3078941294612	-52.9743043661446
			51.2640412284959	-52.9743043661446
			51.2201883275305	-52.9743043661446
			51.1763354265652	-52.9743043661446
			51.1324825255998	-52.9743043661446
			51.0886296246345	-52.9743043661446
			51.0447767236691	-53.0181572671099
			51.0009238227037	-53.0181572671099
			50.9570709217384	-53.0181572671099
			50.913218020773	-53.0181572671099
			50.8693651198077	-53.0181572671099
			50.8255122188423	-53.0181572671099
			50.781659317877	-53.0181572671099
			50.7378064169116	-53.0181572671099
			50.6939535159463	-53.0181572671099
			50.6501006149809	-53.0181572671099
			50.6062477140156	-53.0181572671099
			50.5623948130502	-53.0181572671099
			50.5185419120849	-53.0620101680753
			50.4746890111195	-53.0620101680753
			50.4308361101542	-53.0620101680753
			50.3869832091888	-53.0620101680753
			50.3431303082235	-53.0620101680753
			50.2992774072581	-53.0620101680753
			50.2554245062928	-53.0620101680753
			50.2115716053274	-53.0620101680753
			50.1677187043621	-53.0620101680753
			50.1238658033967	-53.0620101680753
			50.0800129024314	-53.0620101680753
			50.036160001466	-53.1058630690406
			49.9923071005007	-53.1058630690406
			49.9484541995353	-53.1058630690406
			49.90460129857	-53.1058630690406
			49.8607483976046	-53.1058630690406
			49.8168954966393	-53.1058630690406
			49.7730425956739	-53.1058630690406
			49.7291896947086	-53.1058630690406
			49.6853367937432	-53.1058630690406
			49.6414838927778	-53.1058630690406
			49.5976309918125	-53.149715970006
			49.5537780908471	-53.149715970006
			49.5099251898818	-53.149715970006
			49.4660722889164	-53.149715970006
			49.4222193879511	-53.149715970006
			49.3783664869857	-53.149715970006
			49.3345135860204	-53.149715970006
			49.290660685055	-53.149715970006
			49.2468077840897	-53.149715970006
			49.2468077840897	-53.1935688709713
			49.2029548831243	-53.1935688709713
			49.159101982159	-53.1935688709713
			49.1152490811936	-53.1935688709713
			49.0713961802283	-53.1935688709713
			49.0275432792629	-53.1935688709713
			48.9836903782976	-53.1935688709713
			48.9398374773322	-53.1935688709713
			48.8959845763669	-53.1935688709713
			48.8959845763669	-53.2374217719367
			48.8521316754015	-53.2374217719367
			48.8082787744362	-53.2374217719367
			48.7644258734708	-53.2374217719367
			48.7205729725055	-53.2374217719367
			48.6767200715401	-53.2374217719367
			48.6328671705748	-53.2374217719367
			48.5890142696094	-53.2374217719367
			48.5451613686441	-53.281274672902
			48.5013084676787	-53.281274672902
			48.4574555667134	-53.281274672902
			48.413602665748	-53.281274672902
			48.3697497647827	-53.281274672902
			48.3258968638173	-53.281274672902
			48.282043962852	-53.3251275738674
			48.2381910618866	-53.3251275738674
			48.1943381609213	-53.3251275738674
			48.1504852599559	-53.3251275738674
			48.1066323589906	-53.3251275738674
			48.0627794580252	-53.3251275738674
			48.0189265570598	-53.3251275738674
			47.9750736560945	-53.3689804748327
			47.9312207551291	-53.3689804748327
			47.8873678541638	-53.3689804748327
			47.8435149531984	-53.3689804748327
			47.7996620522331	-53.3689804748327
			47.7558091512677	-53.3689804748327
			47.7119562503024	-53.4128333757981
			47.668103349337	-53.4128333757981
			47.6242504483717	-53.4128333757981
			47.5803975474063	-53.4128333757981
			47.536544646441	-53.4128333757981
			47.4926917454756	-53.4128333757981
			47.4488388445103	-53.4566862767634
			47.4049859435449	-53.4566862767634
			47.3611330425796	-53.4566862767634
			47.3172801416142	-53.4566862767634
			47.2734272406489	-53.4566862767634
			47.2295743396835	-53.5005391777288
			47.1857214387182	-53.5005391777288
			47.1418685377528	-53.5005391777288
			47.0980156367875	-53.5005391777288
			47.0541627358221	-53.5005391777288
			47.0103098348568	-53.5443920786941
			46.9664569338914	-53.5443920786941
			46.9226040329261	-53.5443920786941
			46.8787511319607	-53.5443920786941
			46.8348982309954	-53.5443920786941
			46.79104533003	-53.5882449796595
			46.7471924290647	-53.5882449796595
			46.7033395280993	-53.5882449796595
			46.659486627134	-53.5882449796595
			46.6156337261686	-53.6320978806248
			46.5717808252032	-53.6320978806248
			46.5279279242379	-53.6320978806248
			46.4840750232725	-53.6320978806248
			46.4402221223072	-53.6320978806248
			46.3963692213418	-53.6320978806248
			46.3525163203765	-53.6320978806248
			46.3525163203765	-53.6759507815902
			46.3086634194111	-53.6759507815902
			46.2648105184458	-53.6759507815902
			46.2209576174804	-53.6759507815902
			46.1771047165151	-53.6759507815902
			46.1332518155497	-53.6759507815902
			46.0893989145844	-53.6759507815902
			46.045546013619	-53.6759507815902
			46.0016931126537	-53.7198036825555
			45.9578402116883	-53.7198036825555
			45.913987310723	-53.7198036825555
			45.8701344097576	-53.7198036825555
			45.8262815087923	-53.7198036825555
			45.7824286078269	-53.7198036825555
			45.7385757068616	-53.7198036825555
			45.6947228058962	-53.7198036825555
			45.6508699049309	-53.7636565835209
			45.6070170039655	-53.7636565835209
			45.5631641030002	-53.7636565835209
			45.5193112020348	-53.7636565835209
			45.4754583010695	-53.7636565835209
			45.4316054001041	-53.7636565835209
			45.3877524991388	-53.7636565835209
			45.3438995981734	-53.7636565835209
			45.3000466972081	-53.8075094844862
			45.2561937962427	-53.8075094844862
			45.2123408952774	-53.8075094844862
			45.168487994312	-53.8075094844862
			45.1246350933467	-53.8075094844862
			45.0807821923813	-53.8075094844862
			45.036929291416	-53.8075094844862
			44.9930763904506	-53.8075094844862
			44.9492234894852	-53.8513623854516
			44.9053705885199	-53.8513623854516
			44.8615176875545	-53.8513623854516
			44.8176647865892	-53.8513623854516
			44.7738118856238	-53.8513623854516
			44.7299589846585	-53.8513623854516
			44.6861060836931	-53.8513623854516
			44.6422531827278	-53.8513623854516
			44.5984002817624	-53.8952152864169
			44.5545473807971	-53.8952152864169
			44.5106944798317	-53.8952152864169
			44.4668415788664	-53.8952152864169
			44.422988677901	-53.8952152864169
			44.3791357769357	-53.8952152864169
			44.3352828759703	-53.8952152864169
			44.291429975005	-53.8952152864169
			44.2475770740396	-53.8952152864169
			44.2037241730743	-53.8952152864169
			44.1598712721089	-53.9390681873823
			44.1160183711436	-53.9390681873823
			44.0721654701782	-53.9390681873823
			44.0283125692129	-53.9390681873823
			43.9844596682475	-53.9390681873823
			43.9406067672822	-53.9390681873823
			43.8967538663168	-53.9390681873823
			43.8529009653515	-53.9390681873823
			43.8090480643861	-53.9390681873823
			43.7651951634208	-53.9829210883476
			43.7213422624554	-53.9829210883476
			43.6774893614901	-53.9829210883476
			43.6336364605247	-53.9829210883476
			43.5897835595594	-53.9829210883476
			43.545930658594	-53.9829210883476
			43.5020777576286	-53.9829210883476
			43.4582248566633	-53.9829210883476
			43.4143719556979	-53.9829210883476
			43.3705190547326	-54.026773989313
			43.3266661537672	-54.026773989313
			43.2828132528019	-54.026773989313
			43.2389603518365	-54.026773989313
			43.1951074508712	-54.026773989313
			43.1512545499058	-54.026773989313
			43.1074016489405	-54.026773989313
			43.0635487479751	-54.026773989313
			43.0196958470098	-54.026773989313
			42.9758429460444	-54.026773989313
			42.9319900450791	-54.0706268902783
			42.8881371441137	-54.0706268902783
			42.8442842431484	-54.0706268902783
			42.800431342183	-54.0706268902783
			42.7565784412177	-54.0706268902783
			42.7127255402523	-54.0706268902783
			42.668872639287	-54.0706268902783
			42.6250197383216	-54.0706268902783
			42.5811668373563	-54.0706268902783
			42.5373139363909	-54.0706268902783
			42.4934610354256	-54.0706268902783
			42.4496081344602	-54.1144797912437
			42.4057552334949	-54.1144797912437
			42.3619023325295	-54.1144797912437
			42.3180494315642	-54.1144797912437
			42.2741965305988	-54.1144797912437
			42.2303436296335	-54.1144797912437
			42.1864907286681	-54.1144797912437
			42.1426378277027	-54.1144797912437
			42.0987849267374	-54.1144797912437
			42.054932025772	-54.1144797912437
			42.0110791248067	-54.1144797912437
			41.9672262238413	-54.1583326922091
			41.923373322876	-54.1583326922091
			41.8795204219106	-54.1583326922091
			41.8356675209453	-54.1583326922091
			41.7918146199799	-54.1583326922091
			41.7479617190146	-54.1583326922091
			41.7041088180492	-54.1583326922091
			41.6602559170839	-54.1583326922091
			41.6164030161185	-54.1583326922091
			41.5725501151532	-54.1583326922091
			41.5286972141878	-54.1583326922091
			41.4848443132225	-54.1583326922091
			41.4409914122571	-54.2021855931744
			41.3971385112918	-54.2021855931744
			41.3532856103264	-54.2021855931744
			41.3094327093611	-54.2021855931744
			41.2655798083957	-54.2021855931744
			41.2217269074304	-54.2021855931744
			41.177874006465	-54.2021855931744
			41.1340211054997	-54.2021855931744
			41.0901682045343	-54.2021855931744
			41.046315303569	-54.2021855931744
			41.0024624026036	-54.2021855931744
			40.9586095016383	-54.2021855931744
			40.9147566006729	-54.2021855931744
			40.8709036997076	-54.2460384941398
			40.8270507987422	-54.2460384941398
			40.7831978977769	-54.2460384941398
			40.7393449968115	-54.2460384941398
			40.6954920958462	-54.2460384941398
			40.6516391948808	-54.2460384941398
			40.6077862939155	-54.2460384941398
			40.5639333929501	-54.2460384941398
			40.5200804919847	-54.2460384941398
			40.4762275910194	-54.2460384941398
			40.432374690054	-54.2460384941398
			40.3885217890887	-54.2460384941398
			40.3446688881233	-54.2460384941398
			40.300815987158	-54.2460384941398
			40.2569630861926	-54.2460384941398
			40.2131101852273	-54.2898913951051
			40.1692572842619	-54.2898913951051
			40.1254043832966	-54.2898913951051
			40.0815514823312	-54.2898913951051
			40.0376985813659	-54.2898913951051
			39.9938456804005	-54.2898913951051
			39.9499927794352	-54.2898913951051
			39.9061398784698	-54.2898913951051
			39.8622869775045	-54.2898913951051
			39.8184340765391	-54.2898913951051
			39.7745811755738	-54.2898913951051
			39.7307282746084	-54.2898913951051
			39.6868753736431	-54.2898913951051
			39.6430224726777	-54.2898913951051
			39.5991695717124	-54.2898913951051
			39.555316670747	-54.3337442960705
			39.5114637697817	-54.3337442960705
			39.4676108688163	-54.3337442960705
			39.423757967851	-54.3337442960705
			39.3799050668856	-54.3337442960705
			39.3360521659203	-54.3337442960705
			39.2921992649549	-54.3337442960705
			39.2483463639896	-54.3337442960705
			39.2044934630242	-54.3337442960705
			39.1606405620589	-54.3337442960705
			39.1167876610935	-54.3337442960705
			39.0729347601281	-54.3337442960705
			39.0290818591628	-54.3337442960705
			38.9852289581974	-54.3337442960705
			38.9413760572321	-54.3337442960705
			38.8975231562667	-54.3337442960705
			38.8536702553014	-54.3337442960705
			38.809817354336	-54.3337442960705
			38.7659644533707	-54.3775971970358
			38.7221115524053	-54.3775971970358
			38.67825865144	-54.3775971970358
			38.6344057504746	-54.3775971970358
			38.5905528495093	-54.3775971970358
			38.5466999485439	-54.3775971970358
			38.5028470475786	-54.3775971970358
			38.4589941466132	-54.3775971970358
			38.4151412456479	-54.3775971970358
			38.3712883446825	-54.3775971970358
			38.3274354437172	-54.3775971970358
			38.2835825427518	-54.3775971970358
			38.2397296417865	-54.3775971970358
			38.1958767408211	-54.3775971970358
			38.1520238398558	-54.3775971970358
			38.1081709388904	-54.3775971970358
			38.0643180379251	-54.3775971970358
			38.0204651369597	-54.3775971970358
			37.9766122359944	-54.3775971970358
			37.932759335029	-54.3775971970358
			37.8889064340637	-54.3775971970358
			37.8450535330983	-54.3775971970358
			37.801200632133	-54.4214500980012
			37.7573477311676	-54.4214500980012
			37.7134948302023	-54.4214500980012
			37.6696419292369	-54.4214500980012
			37.6257890282716	-54.4214500980012
			37.5819361273062	-54.4214500980012
			37.5380832263409	-54.4214500980012
			37.4942303253755	-54.4214500980012
			37.4503774244101	-54.4214500980012
			37.4065245234448	-54.4214500980012
			37.3626716224794	-54.4214500980012
			37.3188187215141	-54.4214500980012
			37.2749658205487	-54.4214500980012
			37.2311129195834	-54.4214500980012
			37.187260018618	-54.4214500980012
			37.1434071176527	-54.4214500980012
			37.0995542166873	-54.4214500980012
			37.055701315722	-54.4214500980012
			37.0118484147566	-54.4214500980012
			36.9679955137913	-54.4214500980012
			36.9241426128259	-54.4214500980012
			36.8802897118606	-54.4214500980012
			36.8364368108952	-54.4214500980012
			36.7925839099299	-54.4214500980012
			36.7487310089645	-54.4214500980012
			36.7048781079992	-54.4214500980012
			36.6610252070338	-54.4214500980012
			36.6171723060685	-54.4214500980012
			36.5733194051031	-54.4653029989665
			36.5294665041378	-54.4653029989665
			36.4856136031724	-54.4653029989665
			36.4417607022071	-54.4653029989665
			36.3979078012417	-54.4653029989665
			36.3540549002764	-54.4653029989665
			36.310201999311	-54.4653029989665
			36.2663490983457	-54.4653029989665
			36.2224961973803	-54.4653029989665
			36.178643296415	-54.4653029989665
			36.1347903954496	-54.4653029989665
			36.0909374944843	-54.4653029989665
			36.0470845935189	-54.4653029989665
			36.0032316925535	-54.4653029989665
			35.9593787915882	-54.4653029989665
			35.9155258906228	-54.4653029989665
			35.8716729896575	-54.4653029989665
			35.8278200886921	-54.4653029989665
			35.7839671877268	-54.4653029989665
			35.7401142867614	-54.4653029989665
			35.6962613857961	-54.4653029989665
			35.6524084848307	-54.4653029989665
			35.6085555838654	-54.4653029989665
			35.5647026829	-54.4653029989665
			35.5208497819347	-54.4653029989665
			35.4769968809693	-54.4653029989665
			35.433143980004	-54.4653029989665
			35.3892910790386	-54.4653029989665
			35.3454381780733	-54.4653029989665
			35.3015852771079	-54.4653029989665
			35.2577323761426	-54.4653029989665
			35.2138794751772	-54.4653029989665
			35.1700265742119	-54.4653029989665
			35.1261736732465	-54.4653029989665
			35.0823207722812	-54.4653029989665
			35.0384678713158	-54.4653029989665
			34.9946149703505	-54.4653029989665
			34.9507620693851	-54.4653029989665
			34.9069091684198	-54.4653029989665
			34.8630562674544	-54.4653029989665
			34.8192033664891	-54.4653029989665
			34.7753504655237	-54.4653029989665
			34.7314975645584	-54.4653029989665
			34.687644663593	-54.4653029989665
			34.6437917626277	-54.4653029989665
			34.5999388616623	-54.4653029989665
			34.5560859606969	-54.4653029989665
			34.5122330597316	-54.4653029989665
			34.4683801587662	-54.4653029989665
			34.4245272578009	-54.4653029989665
			34.3806743568355	-54.4653029989665
			34.3368214558702	-54.4653029989665
			34.2929685549048	-54.4653029989665
			34.2491156539395	-54.4653029989665
			34.2052627529741	-54.4653029989665
			34.1614098520088	-54.4653029989665
			34.1175569510434	-54.4653029989665
			34.0737040500781	-54.4653029989665
			34.0298511491127	-54.4653029989665
			33.9859982481474	-54.4653029989665
			33.942145347182	-54.4653029989665
			33.8982924462167	-54.4653029989665
			33.8544395452513	-54.4653029989665
			33.810586644286	-54.4653029989665
			33.7667337433206	-54.4653029989665
			33.7228808423553	-54.4653029989665
			33.6790279413899	-54.4653029989665
			33.6351750404246	-54.4653029989665
			33.5913221394592	-54.4653029989665
			33.5474692384939	-54.4653029989665
			33.5036163375285	-54.4653029989665
			33.4597634365632	-54.4653029989665
			33.4159105355978	-54.4653029989665
			33.3720576346325	-54.4653029989665
			33.3282047336671	-54.4653029989665
			33.2843518327018	-54.4653029989665
			33.2404989317364	-54.4653029989665
			33.1966460307711	-54.4653029989665
			33.1527931298057	-54.4653029989665
			33.1089402288404	-54.4653029989665
			33.065087327875	-54.4653029989665
			33.0212344269097	-54.4653029989665
			32.9773815259443	-54.4653029989665
			32.9335286249789	-54.4653029989665
			32.8896757240136	-54.4653029989665
			32.8458228230482	-54.4653029989665
			32.8019699220829	-54.4653029989665
			32.7581170211175	-54.4653029989665
			32.7142641201522	-54.4653029989665
			32.6704112191868	-54.4653029989665
			32.6265583182215	-54.4653029989665
			32.5827054172561	-54.4653029989665
			32.5388525162908	-54.4653029989665
			32.4949996153254	-54.4653029989665
			32.4511467143601	-54.4653029989665
			32.4072938133947	-54.4653029989665
			32.3634409124294	-54.4653029989665
			32.319588011464	-54.4653029989665
			32.2757351104987	-54.4653029989665
			32.2318822095333	-54.4653029989665
			32.188029308568	-54.4653029989665
		</c2>
	</curves.scaled>
	<ruler.points type=matrix rownames=TRUE colnames=FALSE nrow=2 ncol=2 as.numeric=TRUE >
		Ruler point 1	521	305
		Ruler point 2	749	309
	</ruler.points>
</shapes>

