<shapes type=list>
	<ruler.pixel type=vector names=FALSE length=1 as.numeric=TRUE >232.034480196371</ruler.pixel>
	<ruler.interval type=vector names=FALSE length=1 as.numeric=TRUE >10</ruler.interval>
	<scaling.units type=vector names=FALSE length=1 as.numeric=FALSE >undefined</scaling.units>
	<scaling type=vector names=FALSE length=1 as.numeric=TRUE >0.043097043127112</scaling>
	<landmarks.pixel type=matrix rownames=TRUE colnames=FALSE nrow=2 ncol=2 as.numeric=TRUE >
		LM1	1001	1184
		LM2	1978	1174
	</landmarks.pixel>
	<landmarks.scaled type=matrix rownames=TRUE colnames=FALSE nrow=2 ncol=2 as.numeric=TRUE >
		LM1	43.1401401702391	-51.0268990625006
		LM2	85.2459513054275	-50.5959286312294
	</landmarks.scaled>
	<curves.control type=list>
		<c1 type=matrix rownames=FALSE colnames=FALSE nrow=13 ncol=2 as.numeric=TRUE >
			1001	1184
			1039	1127
			1058	1103
			1124	997
			1209	931
			1293	867
			1436	805
			1711	687
			1765	831
			1827	921
			1896	1009
			1970	1127
			1978	1174
		</c1>
		<c2 type=matrix rownames=FALSE colnames=FALSE nrow=15 ncol=2 as.numeric=TRUE >
			1978	1174
			1943	1174
			1896	1171
			1850	1169
			1804	1168
			1758	1170
			1670	1164
			1602	1175
			1526	1167
			1460	1170
			1336	1175
			1257	1175
			1137	1180
			1073	1176
			1001	1184
		</c2>
	</curves.control>
	<curves.pixel type=list>
		<c1 type=matrix rownames=FALSE colnames=FALSE nrow=1228 ncol=2 as.numeric=TRUE >
			1001	1184
			1002	1183
			1002	1182
			1003	1181
			1004	1180
			1004	1179
			1005	1178
			1006	1177
			1006	1176
			1007	1175
			1008	1174
			1008	1173
			1009	1172
			1009	1171
			1010	1170
			1011	1170
			1011	1169
			1012	1168
			1013	1167
			1013	1166
			1014	1165
			1014	1164
			1015	1163
			1016	1162
			1016	1161
			1017	1161
			1017	1160
			1018	1159
			1019	1158
			1019	1157
			1020	1156
			1020	1155
			1021	1155
			1021	1154
			1022	1153
			1023	1152
			1023	1151
			1024	1150
			1025	1149
			1025	1148
			1026	1147
			1027	1146
			1027	1145
			1028	1144
			1029	1143
			1029	1142
			1030	1141
			1031	1140
			1032	1139
			1033	1138
			1033	1137
			1034	1136
			1035	1135
			1035	1134
			1036	1133
			1037	1132
			1038	1131
			1038	1130
			1039	1129
			1040	1128
			1040	1127
			1041	1126
			1042	1125
			1042	1124
			1043	1123
			1044	1122
			1044	1121
			1045	1120
			1046	1119
			1047	1118
			1048	1117
			1048	1116
			1049	1115
			1050	1114
			1050	1113
			1051	1112
			1052	1111
			1052	1110
			1053	1109
			1054	1109
			1054	1108
			1055	1107
			1056	1106
			1056	1105
			1057	1105
			1057	1104
			1058	1103
			1059	1102
			1060	1101
			1060	1100
			1060	1099
			1061	1098
			1062	1097
			1063	1096
			1063	1095
			1064	1094
			1064	1093
			1065	1092
			1066	1091
			1066	1090
			1067	1089
			1068	1088
			1068	1087
			1069	1086
			1070	1085
			1070	1084
			1071	1083
			1072	1082
			1072	1081
			1073	1080
			1073	1079
			1074	1078
			1075	1077
			1075	1076
			1076	1075
			1077	1074
			1077	1073
			1078	1072
			1079	1072
			1079	1071
			1080	1070
			1081	1069
			1081	1068
			1082	1067
			1083	1066
			1083	1065
			1084	1064
			1084	1063
			1085	1062
			1086	1061
			1086	1060
			1087	1059
			1088	1059
			1088	1058
			1089	1057
			1090	1056
			1090	1055
			1091	1054
			1092	1053
			1092	1052
			1093	1051
			1094	1050
			1094	1049
			1095	1049
			1096	1048
			1096	1047
			1097	1046
			1098	1045
			1099	1044
			1099	1043
			1100	1042
			1101	1041
			1102	1040
			1103	1039
			1104	1038
			1104	1037
			1105	1036
			1105	1035
			1106	1034
			1107	1033
			1108	1032
			1109	1031
			1109	1030
			1110	1030
			1110	1029
			1111	1028
			1112	1027
			1113	1026
			1114	1025
			1114	1024
			1115	1023
			1116	1022
			1116	1021
			1117	1021
			1118	1020
			1119	1019
			1119	1018
			1120	1017
			1121	1016
			1122	1015
			1122	1014
			1123	1014
			1124	1013
			1124	1012
			1125	1011
			1126	1010
			1127	1009
			1128	1008
			1129	1007
			1130	1006
			1131	1005
			1132	1004
			1133	1003
			1133	1002
			1134	1001
			1135	1000
			1136	999
			1137	998
			1138	997
			1139	996
			1140	995
			1141	994
			1142	993
			1142	992
			1143	991
			1144	990
			1145	989
			1146	988
			1147	987
			1148	986
			1149	985
			1150	984
			1151	983
			1152	982
			1153	981
			1153	980
			1154	979
			1155	979
			1156	978
			1157	977
			1158	976
			1159	975
			1160	974
			1161	973
			1162	972
			1163	971
			1164	970
			1165	969
			1166	969
			1167	968
			1167	967
			1168	966
			1169	965
			1170	964
			1171	963
			1172	962
			1173	961
			1174	961
			1175	960
			1176	959
			1177	958
			1178	957
			1179	956
			1180	955
			1181	954
			1182	954
			1183	953
			1184	952
			1185	951
			1186	950
			1187	949
			1188	949
			1189	948
			1189	947
			1190	946
			1191	945
			1192	944
			1193	944
			1194	943
			1195	942
			1196	941
			1197	940
			1198	940
			1199	939
			1200	938
			1201	937
			1202	936
			1203	936
			1204	935
			1205	934
			1206	933
			1207	932
			1208	932
			1209	931
			1210	930
			1211	929
			1212	929
			1213	928
			1214	927
			1215	926
			1216	926
			1217	925
			1218	924
			1219	923
			1220	923
			1221	922
			1222	921
			1223	920
			1224	920
			1225	919
			1226	919
			1226	918
			1227	918
			1228	917
			1229	916
			1230	916
			1231	915
			1232	914
			1233	914
			1234	913
			1235	912
			1236	911
			1237	911
			1238	910
			1239	909
			1240	909
			1241	908
			1242	908
			1243	907
			1244	906
			1245	906
			1246	905
			1247	904
			1248	904
			1249	903
			1250	902
			1251	902
			1252	901
			1253	900
			1254	900
			1255	899
			1256	899
			1257	898
			1258	897
			1259	897
			1260	896
			1261	895
			1262	895
			1263	894
			1264	893
			1265	893
			1266	892
			1267	891
			1268	891
			1269	890
			1270	890
			1271	889
			1272	888
			1273	888
			1274	887
			1275	886
			1276	886
			1277	885
			1278	884
			1279	884
			1280	884
			1280	883
			1281	883
			1282	882
			1283	882
			1284	881
			1285	880
			1286	880
			1287	880
			1287	879
			1288	879
			1289	878
			1290	878
			1291	877
			1292	876
			1293	876
			1294	875
			1295	875
			1296	874
			1297	874
			1298	873
			1299	872
			1300	872
			1301	871
			1302	871
			1303	870
			1304	870
			1305	869
			1306	869
			1307	868
			1308	867
			1309	867
			1310	866
			1311	866
			1312	865
			1313	865
			1314	864
			1315	864
			1316	863
			1317	862
			1318	862
			1319	861
			1320	861
			1321	860
			1322	860
			1323	859
			1324	859
			1325	858
			1326	858
			1327	857
			1328	856
			1329	856
			1330	855
			1331	855
			1332	854
			1333	854
			1334	853
			1335	853
			1336	852
			1337	852
			1338	851
			1339	851
			1340	850
			1341	850
			1342	849
			1343	849
			1344	848
			1345	848
			1346	847
			1347	847
			1348	846
			1349	846
			1349	845
			1350	845
			1351	844
			1352	844
			1353	844
			1354	843
			1355	843
			1356	842
			1357	842
			1358	841
			1359	841
			1360	840
			1361	840
			1362	839
			1363	839
			1364	838
			1365	838
			1366	837
			1367	837
			1368	836
			1369	836
			1370	835
			1371	835
			1372	835
			1372	834
			1373	834
			1374	833
			1375	833
			1376	832
			1377	832
			1378	831
			1379	831
			1380	830
			1381	830
			1382	829
			1383	829
			1384	828
			1385	828
			1386	827
			1387	827
			1388	826
			1389	826
			1390	826
			1391	825
			1392	825
			1393	824
			1394	824
			1395	823
			1396	823
			1397	822
			1398	822
			1399	822
			1399	821
			1400	821
			1401	821
			1402	820
			1403	820
			1404	819
			1405	819
			1406	818
			1407	818
			1408	817
			1409	817
			1410	817
			1411	816
			1412	816
			1413	815
			1414	815
			1415	814
			1416	814
			1417	813
			1418	813
			1419	812
			1420	812
			1421	811
			1422	811
			1423	811
			1424	810
			1425	810
			1426	809
			1427	809
			1428	808
			1429	808
			1430	808
			1431	807
			1432	807
			1433	806
			1434	806
			1435	806
			1436	805
			1437	804
			1438	804
			1439	804
			1440	803
			1441	803
			1442	802
			1443	802
			1444	802
			1445	801
			1446	801
			1447	800
			1448	800
			1449	799
			1450	799
			1451	799
			1452	798
			1453	798
			1454	798
			1455	797
			1456	797
			1457	796
			1458	796
			1459	796
			1459	795
			1460	795
			1461	795
			1462	794
			1463	794
			1464	793
			1465	793
			1466	793
			1467	792
			1468	792
			1469	792
			1470	791
			1471	791
			1472	790
			1473	790
			1474	789
			1475	789
			1476	789
			1477	788
			1478	788
			1479	788
			1480	787
			1481	787
			1482	786
			1483	786
			1484	786
			1485	785
			1486	785
			1487	785
			1488	784
			1489	784
			1490	784
			1490	783
			1491	783
			1492	783
			1493	782
			1494	782
			1495	782
			1496	781
			1497	781
			1498	781
			1499	781
			1500	780
			1501	780
			1502	779
			1503	779
			1504	779
			1505	778
			1506	778
			1507	778
			1508	777
			1509	777
			1510	777
			1511	776
			1512	776
			1513	776
			1514	775
			1515	775
			1516	775
			1517	775
			1517	774
			1518	774
			1519	774
			1520	773
			1521	773
			1522	773
			1523	773
			1524	772
			1525	772
			1526	772
			1526	771
			1527	771
			1528	771
			1529	771
			1530	770
			1531	770
			1532	770
			1533	770
			1534	769
			1535	769
			1536	769
			1537	768
			1538	768
			1539	768
			1540	768
			1540	767
			1541	767
			1542	767
			1543	767
			1544	766
			1545	766
			1546	766
			1547	766
			1548	765
			1549	765
			1550	765
			1551	764
			1552	764
			1553	764
			1554	764
			1555	764
			1556	763
			1557	763
			1558	763
			1559	762
			1560	762
			1561	762
			1562	762
			1563	761
			1564	761
			1565	761
			1566	761
			1567	761
			1568	760
			1569	760
			1570	760
			1571	760
			1572	760
			1573	759
			1574	759
			1575	759
			1576	759
			1577	759
			1578	758
			1579	758
			1580	758
			1581	758
			1582	758
			1583	757
			1584	757
			1585	757
			1586	757
			1587	757
			1588	756
			1589	756
			1590	756
			1591	756
			1592	756
			1593	756
			1594	756
			1595	755
			1596	755
			1597	755
			1598	755
			1599	755
			1600	755
			1601	755
			1602	754
			1603	754
			1604	754
			1605	754
			1606	754
			1607	754
			1608	754
			1609	754
			1610	753
			1611	753
			1612	753
			1613	753
			1614	753
			1615	753
			1616	753
			1617	753
			1618	753
			1619	753
			1620	753
			1621	753
			1622	752
			1623	752
			1624	752
			1625	752
			1626	752
			1627	752
			1628	752
			1629	752
			1630	752
			1631	752
			1632	752
			1633	752
			1634	752
			1635	752
			1636	752
			1637	752
			1638	752
			1639	752
			1640	752
			1641	752
			1642	752
			1643	752
			1644	752
			1645	752
			1646	752
			1647	752
			1648	752
			1649	752
			1650	752
			1651	752
			1652	752
			1653	752
			1654	752
			1655	752
			1656	753
			1657	753
			1658	753
			1659	753
			1660	753
			1661	753
			1662	753
			1663	753
			1664	753
			1665	753
			1666	754
			1667	754
			1668	754
			1669	754
			1670	754
			1671	754
			1672	755
			1673	755
			1674	755
			1675	755
			1676	755
			1677	756
			1678	756
			1679	756
			1680	756
			1681	756
			1682	757
			1683	757
			1684	757
			1685	757
			1686	758
			1687	758
			1688	758
			1689	758
			1690	759
			1691	759
			1692	760
			1693	760
			1694	760
			1695	760
			1696	761
			1697	761
			1698	761
			1699	762
			1700	762
			1701	763
			1702	763
			1703	763
			1704	764
			1705	764
			1706	765
			1707	765
			1708	766
			1709	766
			1710	767
			1711	767
			1712	768
			1713	769
			1714	769
			1715	770
			1716	770
			1717	771
			1718	771
			1719	772
			1720	772
			1721	773
			1722	774
			1723	774
			1724	775
			1724	776
			1725	776
			1726	777
			1727	778
			1728	778
			1729	779
			1730	780
			1731	781
			1732	782
			1733	783
			1734	784
			1735	784
			1736	785
			1737	786
			1738	787
			1739	788
			1740	789
			1741	790
			1742	791
			1742	792
			1743	793
			1744	794
			1745	795
			1746	796
			1747	797
			1747	798
			1748	799
			1749	800
			1749	801
			1750	802
			1751	803
			1752	804
			1752	805
			1753	806
			1753	807
			1754	808
			1754	809
			1755	810
			1756	811
			1756	812
			1757	813
			1758	814
			1758	815
			1758	816
			1759	816
			1759	817
			1759	818
			1760	818
			1760	819
			1760	820
			1761	820
			1761	821
			1761	822
			1762	822
			1762	823
			1762	824
			1762	825
			1763	825
			1763	826
			1763	827
			1764	827
			1764	828
			1764	829
			1764	830
			1765	830
			1765	831
			1766	832
			1766	833
			1767	834
			1767	835
			1768	836
			1769	836
			1769	837
			1770	838
			1771	839
			1771	840
			1772	841
			1773	842
			1773	843
			1774	844
			1774	845
			1775	846
			1776	846
			1776	847
			1777	848
			1778	849
			1778	850
			1779	851
			1779	852
			1780	853
			1781	854
			1781	855
			1782	855
			1783	856
			1783	857
			1784	858
			1785	859
			1785	860
			1786	861
			1786	862
			1787	863
			1788	864
			1788	865
			1789	865
			1790	866
			1790	867
			1791	868
			1792	869
			1792	870
			1793	871
			1794	872
			1794	873
			1795	874
			1796	875
			1797	876
			1797	877
			1798	878
			1799	879
			1800	880
			1800	881
			1801	882
			1801	883
			1802	884
			1803	885
			1804	886
			1804	887
			1805	888
			1806	889
			1806	890
			1807	891
			1808	892
			1808	893
			1809	893
			1810	894
			1810	895
			1811	896
			1812	897
			1812	898
			1813	899
			1814	900
			1814	901
			1815	902
			1816	903
			1817	904
			1817	905
			1818	906
			1819	907
			1820	908
			1820	909
			1821	910
			1822	911
			1823	912
			1823	913
			1824	914
			1825	915
			1825	916
			1826	916
			1826	917
			1827	918
			1828	919
			1828	920
			1829	921
			1830	922
			1831	923
			1831	924
			1832	925
			1833	926
			1834	927
			1834	928
			1835	929
			1836	930
			1836	931
			1837	932
			1838	933
			1839	934
			1839	935
			1840	936
			1841	937
			1841	938
			1842	939
			1843	939
			1844	940
			1844	941
			1845	942
			1846	943
			1846	944
			1847	945
			1848	946
			1849	947
			1849	948
			1850	949
			1851	950
			1851	951
			1852	952
			1853	953
			1854	954
			1854	955
			1855	956
			1856	957
			1857	958
			1857	959
			1858	960
			1859	961
			1859	962
			1860	963
			1861	964
			1862	965
			1863	966
			1864	967
			1864	968
			1865	969
			1866	970
			1867	971
			1867	972
			1868	973
			1869	974
			1869	975
			1870	975
			1871	976
			1871	977
			1872	978
			1873	979
			1873	980
			1874	980
			1874	981
			1875	982
			1876	983
			1876	984
			1877	985
			1878	985
			1878	986
			1879	987
			1880	988
			1880	989
			1881	990
			1882	991
			1883	992
			1884	993
			1884	994
			1885	995
			1886	996
			1887	997
			1887	998
			1888	999
			1889	1000
			1890	1001
			1891	1002
			1891	1003
			1892	1004
			1893	1005
			1894	1006
			1894	1007
			1895	1008
			1896	1009
			1897	1010
			1897	1011
			1898	1012
			1898	1013
			1899	1014
			1900	1015
			1900	1016
			1901	1017
			1902	1018
			1902	1019
			1903	1020
			1903	1021
			1904	1022
			1904	1023
			1905	1023
			1906	1024
			1906	1025
			1907	1026
			1907	1027
			1908	1028
			1908	1029
			1909	1030
			1909	1031
			1910	1032
			1911	1033
			1912	1034
			1912	1035
			1913	1036
			1913	1037
			1914	1038
			1914	1039
			1915	1040
			1916	1041
			1916	1042
			1917	1043
			1917	1044
			1918	1045
			1919	1046
			1919	1047
			1920	1048
			1920	1049
			1921	1049
			1921	1050
			1922	1051
			1922	1052
			1923	1053
			1923	1054
			1924	1055
			1924	1056
			1925	1056
			1925	1057
			1926	1058
			1926	1059
			1927	1060
			1927	1061
			1928	1062
			1929	1063
			1929	1064
			1930	1065
			1930	1066
			1931	1067
			1932	1068
			1932	1069
			1933	1070
			1933	1071
			1934	1072
			1934	1073
			1935	1074
			1935	1075
			1936	1076
			1936	1077
			1937	1078
			1938	1079
			1938	1080
			1939	1081
			1939	1082
			1940	1083
			1940	1084
			1941	1085
			1941	1086
			1942	1086
			1942	1087
			1943	1088
			1943	1089
			1944	1090
			1944	1091
			1945	1092
			1945	1093
			1946	1094
			1946	1095
			1946	1096
			1947	1096
			1947	1097
			1948	1098
			1948	1099
			1949	1100
			1949	1101
			1950	1102
			1950	1103
			1951	1103
			1951	1104
			1951	1105
			1952	1106
			1952	1107
			1953	1108
			1954	1109
			1954	1110
			1955	1111
			1955	1112
			1955	1113
			1956	1114
			1956	1115
			1957	1116
			1957	1117
			1958	1118
			1958	1119
			1959	1120
			1959	1121
			1960	1122
			1960	1123
			1960	1124
			1961	1125
			1961	1126
			1962	1126
			1962	1127
			1962	1128
			1963	1129
			1963	1130
			1964	1131
			1964	1132
			1964	1133
			1965	1133
			1965	1134
			1966	1135
			1966	1136
			1966	1137
			1967	1138
			1967	1139
			1968	1140
			1968	1141
			1968	1142
			1969	1143
			1969	1144
			1969	1145
			1970	1146
			1970	1147
			1971	1148
			1971	1149
			1971	1150
			1972	1151
			1972	1152
			1972	1153
			1973	1154
			1973	1155
			1974	1156
			1974	1157
			1974	1158
			1974	1159
			1975	1160
			1975	1161
			1975	1162
			1976	1163
			1976	1164
			1976	1165
			1976	1166
			1977	1167
			1977	1168
			1977	1169
			1977	1170
			1977	1171
			1978	1171
			1978	1172
			1978	1173
			1978	1174
		</c1>
		<c2 type=matrix rownames=FALSE colnames=FALSE nrow=981 ncol=2 as.numeric=TRUE >
			1978	1174
			1977	1174
			1976	1174
			1975	1174
			1974	1174
			1973	1174
			1972	1174
			1971	1174
			1970	1174
			1969	1174
			1968	1174
			1967	1174
			1966	1174
			1965	1174
			1964	1174
			1963	1174
			1962	1174
			1961	1174
			1960	1174
			1959	1174
			1958	1174
			1957	1174
			1956	1174
			1955	1174
			1954	1174
			1953	1174
			1952	1174
			1951	1174
			1950	1174
			1949	1174
			1948	1174
			1947	1173
			1946	1173
			1945	1173
			1944	1173
			1943	1173
			1942	1173
			1941	1173
			1940	1173
			1939	1173
			1938	1173
			1937	1173
			1936	1173
			1935	1173
			1934	1173
			1933	1173
			1932	1173
			1931	1173
			1930	1173
			1929	1173
			1928	1173
			1927	1173
			1926	1173
			1925	1173
			1924	1173
			1923	1173
			1922	1172
			1921	1172
			1920	1172
			1919	1172
			1918	1172
			1917	1172
			1916	1172
			1915	1172
			1914	1172
			1913	1172
			1912	1172
			1911	1172
			1910	1172
			1909	1172
			1908	1172
			1907	1172
			1906	1172
			1905	1172
			1904	1171
			1903	1171
			1902	1171
			1901	1171
			1900	1171
			1899	1171
			1898	1171
			1897	1171
			1896	1171
			1895	1171
			1894	1171
			1893	1171
			1892	1171
			1891	1171
			1890	1171
			1889	1171
			1888	1171
			1887	1171
			1886	1171
			1885	1171
			1884	1171
			1884	1170
			1883	1170
			1882	1170
			1881	1170
			1880	1170
			1879	1170
			1878	1170
			1877	1170
			1876	1170
			1875	1170
			1874	1170
			1873	1170
			1872	1170
			1871	1170
			1870	1170
			1869	1170
			1868	1170
			1867	1170
			1866	1170
			1865	1170
			1864	1170
			1863	1170
			1862	1170
			1861	1170
			1860	1170
			1859	1170
			1858	1170
			1857	1169
			1856	1169
			1855	1169
			1854	1169
			1853	1169
			1852	1169
			1851	1169
			1850	1169
			1849	1169
			1848	1169
			1847	1169
			1846	1169
			1845	1169
			1844	1169
			1843	1169
			1842	1169
			1841	1169
			1840	1169
			1839	1169
			1838	1169
			1837	1169
			1836	1169
			1835	1169
			1834	1169
			1833	1169
			1832	1169
			1831	1169
			1830	1169
			1829	1169
			1828	1169
			1827	1169
			1826	1169
			1825	1169
			1824	1168
			1823	1168
			1822	1168
			1821	1168
			1820	1168
			1819	1168
			1818	1168
			1817	1168
			1816	1168
			1815	1168
			1814	1168
			1813	1168
			1812	1168
			1811	1168
			1810	1168
			1809	1168
			1808	1168
			1807	1168
			1806	1168
			1805	1168
			1804	1168
			1803	1168
			1802	1168
			1801	1168
			1800	1168
			1799	1168
			1798	1168
			1797	1168
			1796	1168
			1795	1168
			1794	1168
			1793	1168
			1792	1168
			1791	1168
			1790	1168
			1789	1168
			1788	1168
			1787	1168
			1786	1168
			1785	1168
			1784	1168
			1783	1168
			1782	1168
			1781	1168
			1780	1168
			1779	1168
			1778	1168
			1777	1168
			1776	1168
			1775	1168
			1774	1168
			1773	1168
			1772	1168
			1771	1168
			1770	1168
			1769	1168
			1768	1168
			1767	1168
			1766	1168
			1765	1168
			1764	1168
			1763	1168
			1762	1168
			1761	1168
			1760	1168
			1759	1168
			1758	1168
			1757	1168
			1756	1168
			1755	1168
			1754	1168
			1753	1168
			1752	1168
			1751	1168
			1750	1168
			1749	1168
			1748	1168
			1747	1168
			1746	1168
			1745	1168
			1744	1168
			1743	1168
			1742	1168
			1741	1168
			1740	1168
			1739	1168
			1738	1168
			1737	1168
			1736	1168
			1735	1168
			1734	1168
			1733	1167
			1732	1167
			1731	1167
			1730	1167
			1729	1167
			1728	1167
			1727	1167
			1726	1167
			1725	1167
			1724	1167
			1723	1167
			1722	1167
			1721	1167
			1720	1167
			1719	1167
			1718	1167
			1717	1167
			1716	1167
			1715	1167
			1714	1167
			1713	1167
			1712	1167
			1711	1166
			1710	1166
			1709	1166
			1708	1166
			1707	1166
			1706	1166
			1705	1166
			1704	1166
			1703	1166
			1702	1166
			1701	1166
			1700	1166
			1699	1166
			1698	1166
			1697	1166
			1696	1166
			1695	1166
			1694	1166
			1693	1165
			1692	1165
			1691	1165
			1690	1165
			1689	1165
			1688	1165
			1687	1165
			1686	1165
			1685	1165
			1684	1165
			1683	1165
			1682	1165
			1681	1165
			1680	1165
			1679	1165
			1678	1165
			1677	1164
			1676	1164
			1675	1164
			1674	1164
			1673	1164
			1672	1164
			1671	1164
			1670	1164
			1669	1164
			1668	1164
			1667	1165
			1666	1165
			1665	1165
			1664	1165
			1663	1165
			1662	1165
			1661	1165
			1660	1166
			1659	1166
			1658	1166
			1657	1166
			1656	1166
			1655	1166
			1654	1166
			1653	1166
			1652	1167
			1651	1167
			1650	1167
			1649	1167
			1648	1167
			1647	1167
			1646	1167
			1645	1167
			1644	1167
			1643	1168
			1642	1168
			1641	1168
			1640	1168
			1639	1168
			1638	1168
			1637	1168
			1636	1168
			1635	1168
			1634	1168
			1633	1169
			1632	1169
			1631	1169
			1630	1169
			1629	1169
			1628	1169
			1627	1169
			1626	1169
			1625	1169
			1624	1169
			1623	1169
			1622	1169
			1621	1169
			1620	1169
			1619	1170
			1618	1170
			1617	1170
			1616	1170
			1615	1170
			1614	1170
			1613	1170
			1612	1170
			1611	1170
			1610	1170
			1609	1170
			1608	1170
			1607	1170
			1606	1170
			1605	1170
			1604	1170
			1603	1170
			1602	1170
			1601	1170
			1600	1170
			1599	1170
			1598	1170
			1597	1170
			1596	1170
			1595	1170
			1594	1170
			1593	1170
			1592	1170
			1591	1170
			1590	1170
			1589	1170
			1588	1170
			1587	1170
			1586	1170
			1585	1170
			1584	1170
			1583	1170
			1582	1170
			1581	1170
			1580	1170
			1579	1170
			1578	1170
			1577	1170
			1576	1170
			1575	1170
			1574	1170
			1573	1170
			1572	1170
			1571	1170
			1570	1170
			1569	1170
			1568	1170
			1567	1170
			1566	1170
			1565	1170
			1564	1170
			1563	1170
			1562	1170
			1561	1170
			1560	1170
			1559	1170
			1558	1170
			1557	1169
			1556	1169
			1555	1169
			1554	1169
			1553	1169
			1552	1169
			1551	1169
			1550	1169
			1549	1169
			1548	1169
			1547	1169
			1546	1169
			1545	1169
			1544	1169
			1543	1169
			1542	1168
			1541	1168
			1540	1168
			1539	1168
			1538	1168
			1537	1168
			1536	1168
			1535	1168
			1534	1168
			1533	1168
			1532	1168
			1531	1167
			1530	1167
			1529	1167
			1528	1167
			1527	1167
			1526	1167
			1525	1167
			1524	1167
			1523	1167
			1522	1167
			1521	1167
			1520	1167
			1519	1167
			1518	1167
			1517	1167
			1516	1167
			1515	1168
			1514	1168
			1513	1168
			1512	1168
			1511	1168
			1510	1168
			1509	1168
			1508	1168
			1507	1168
			1506	1168
			1505	1168
			1504	1168
			1503	1168
			1502	1168
			1501	1168
			1500	1168
			1499	1168
			1498	1168
			1497	1168
			1496	1168
			1495	1168
			1494	1168
			1493	1168
			1492	1169
			1491	1169
			1490	1169
			1489	1169
			1488	1169
			1487	1169
			1486	1169
			1485	1169
			1484	1169
			1483	1169
			1482	1169
			1481	1169
			1480	1169
			1479	1169
			1478	1169
			1477	1169
			1476	1169
			1475	1169
			1474	1169
			1473	1169
			1472	1169
			1471	1169
			1470	1169
			1469	1170
			1468	1170
			1467	1170
			1466	1170
			1465	1170
			1464	1170
			1463	1170
			1462	1170
			1461	1170
			1460	1170
			1459	1170
			1458	1170
			1457	1170
			1456	1170
			1455	1170
			1454	1170
			1453	1170
			1452	1170
			1451	1170
			1450	1170
			1449	1170
			1448	1170
			1447	1170
			1446	1170
			1445	1171
			1444	1171
			1443	1171
			1442	1171
			1441	1171
			1440	1171
			1439	1171
			1438	1171
			1437	1171
			1436	1171
			1435	1171
			1434	1171
			1433	1171
			1432	1171
			1431	1171
			1430	1171
			1429	1171
			1428	1171
			1427	1171
			1426	1171
			1425	1171
			1424	1171
			1423	1171
			1422	1171
			1421	1172
			1420	1172
			1419	1172
			1418	1172
			1417	1172
			1416	1172
			1415	1172
			1414	1172
			1413	1172
			1412	1172
			1411	1172
			1410	1172
			1409	1172
			1408	1172
			1407	1172
			1406	1172
			1405	1172
			1404	1172
			1403	1172
			1402	1172
			1401	1172
			1400	1172
			1399	1172
			1398	1172
			1397	1173
			1396	1173
			1395	1173
			1394	1173
			1393	1173
			1392	1173
			1391	1173
			1390	1173
			1389	1173
			1388	1173
			1387	1173
			1386	1173
			1385	1173
			1384	1173
			1383	1173
			1382	1173
			1381	1173
			1380	1173
			1379	1173
			1378	1173
			1377	1173
			1376	1173
			1375	1173
			1374	1173
			1373	1174
			1372	1174
			1371	1174
			1370	1174
			1369	1174
			1368	1174
			1367	1174
			1366	1174
			1365	1174
			1364	1174
			1363	1174
			1362	1174
			1361	1174
			1360	1174
			1359	1174
			1358	1174
			1357	1174
			1356	1174
			1355	1174
			1354	1174
			1353	1174
			1352	1174
			1351	1174
			1350	1174
			1349	1174
			1348	1175
			1347	1175
			1346	1175
			1345	1175
			1344	1175
			1343	1175
			1342	1175
			1341	1175
			1340	1175
			1339	1175
			1338	1175
			1337	1175
			1336	1175
			1335	1175
			1334	1175
			1333	1175
			1332	1175
			1331	1175
			1330	1175
			1329	1175
			1328	1175
			1327	1175
			1326	1175
			1325	1175
			1324	1175
			1323	1175
			1322	1175
			1321	1175
			1320	1175
			1319	1175
			1318	1175
			1317	1175
			1316	1175
			1315	1175
			1314	1175
			1313	1175
			1312	1175
			1311	1175
			1310	1175
			1309	1175
			1308	1175
			1307	1175
			1306	1175
			1305	1175
			1304	1175
			1303	1175
			1302	1175
			1301	1175
			1300	1175
			1299	1175
			1298	1175
			1297	1175
			1296	1175
			1295	1175
			1294	1175
			1293	1175
			1292	1175
			1291	1175
			1290	1175
			1289	1175
			1288	1175
			1287	1175
			1286	1175
			1285	1175
			1284	1175
			1283	1175
			1282	1175
			1282	1176
			1281	1176
			1280	1176
			1279	1176
			1278	1176
			1277	1176
			1276	1176
			1275	1176
			1274	1176
			1273	1176
			1272	1176
			1271	1176
			1270	1176
			1269	1176
			1268	1176
			1267	1176
			1266	1176
			1265	1176
			1264	1176
			1263	1176
			1262	1176
			1261	1176
			1260	1176
			1259	1176
			1258	1176
			1257	1176
			1256	1176
			1255	1176
			1254	1176
			1253	1176
			1252	1176
			1251	1176
			1250	1176
			1249	1176
			1248	1176
			1247	1176
			1246	1176
			1245	1176
			1244	1176
			1243	1176
			1242	1176
			1241	1176
			1240	1176
			1239	1176
			1238	1176
			1237	1177
			1236	1177
			1235	1177
			1234	1177
			1233	1177
			1232	1177
			1231	1177
			1230	1177
			1229	1177
			1228	1177
			1227	1177
			1226	1177
			1225	1177
			1224	1177
			1223	1177
			1222	1177
			1221	1177
			1220	1177
			1219	1177
			1218	1177
			1217	1177
			1216	1177
			1215	1177
			1214	1177
			1213	1177
			1212	1177
			1211	1177
			1210	1177
			1209	1177
			1208	1177
			1207	1177
			1206	1177
			1205	1177
			1204	1177
			1203	1178
			1202	1178
			1201	1178
			1200	1178
			1199	1178
			1198	1178
			1197	1178
			1196	1178
			1195	1178
			1194	1178
			1193	1178
			1192	1178
			1191	1178
			1190	1178
			1189	1178
			1188	1178
			1187	1178
			1186	1178
			1185	1178
			1184	1178
			1183	1178
			1182	1178
			1181	1178
			1180	1178
			1179	1178
			1178	1178
			1177	1178
			1176	1178
			1175	1178
			1175	1179
			1174	1179
			1173	1179
			1172	1179
			1171	1179
			1170	1179
			1169	1179
			1168	1179
			1167	1179
			1166	1179
			1165	1179
			1164	1179
			1163	1179
			1162	1179
			1161	1179
			1160	1179
			1159	1179
			1158	1179
			1157	1179
			1156	1179
			1155	1179
			1154	1179
			1153	1179
			1152	1179
			1151	1179
			1150	1179
			1149	1180
			1148	1180
			1147	1180
			1146	1180
			1145	1180
			1144	1180
			1143	1180
			1142	1180
			1141	1180
			1140	1180
			1139	1180
			1138	1180
			1137	1180
			1136	1180
			1135	1180
			1134	1180
			1133	1180
			1132	1180
			1131	1180
			1130	1180
			1129	1180
			1128	1179
			1127	1179
			1126	1179
			1125	1179
			1124	1179
			1123	1179
			1122	1179
			1121	1179
			1120	1179
			1119	1179
			1118	1179
			1117	1179
			1116	1179
			1115	1179
			1114	1179
			1113	1179
			1112	1179
			1111	1179
			1110	1179
			1109	1179
			1108	1179
			1107	1179
			1106	1179
			1105	1179
			1104	1179
			1103	1179
			1102	1179
			1101	1179
			1100	1179
			1099	1179
			1098	1179
			1097	1179
			1096	1179
			1095	1179
			1094	1179
			1093	1179
			1092	1179
			1091	1179
			1090	1179
			1089	1179
			1088	1179
			1087	1179
			1086	1179
			1085	1179
			1084	1179
			1083	1179
			1082	1179
			1081	1179
			1080	1179
			1079	1179
			1078	1179
			1077	1179
			1076	1179
			1075	1179
			1074	1179
			1073	1179
			1072	1179
			1071	1179
			1070	1179
			1069	1179
			1068	1179
			1067	1179
			1066	1179
			1065	1179
			1064	1179
			1063	1179
			1062	1179
			1061	1179
			1060	1179
			1059	1179
			1058	1179
			1057	1180
			1056	1180
			1055	1180
			1054	1180
			1053	1180
			1052	1180
			1051	1180
			1050	1180
			1049	1180
			1048	1180
			1047	1180
			1046	1180
			1045	1180
			1044	1180
			1043	1180
			1042	1180
			1041	1180
			1040	1181
			1039	1181
			1038	1181
			1037	1181
			1036	1181
			1035	1181
			1034	1181
			1033	1181
			1032	1181
			1031	1181
			1030	1181
			1029	1181
			1028	1181
			1027	1181
			1026	1182
			1025	1182
			1024	1182
			1023	1182
			1022	1182
			1021	1182
			1020	1182
			1019	1182
			1018	1182
			1017	1182
			1016	1182
			1015	1183
			1014	1183
			1013	1183
			1012	1183
			1011	1183
			1010	1183
			1009	1183
			1008	1183
			1007	1183
			1006	1183
			1005	1184
			1004	1184
			1003	1184
			1002	1184
			1001	1184
		</c2>
	</curves.pixel>
	<curves.scaled type=list>
		<c1 type=matrix rownames=FALSE colnames=FALSE nrow=1228 ncol=2 as.numeric=TRUE >
			43.1401401702391	-51.0268990625006
			43.1832372133662	-50.9838020193734
			43.1832372133662	-50.9407049762463
			43.2263342564933	-50.8976079331192
			43.2694312996204	-50.8545108899921
			43.2694312996204	-50.811413846865
			43.3125283427475	-50.7683168037379
			43.3556253858746	-50.7252197606108
			43.3556253858746	-50.6821227174837
			43.3987224290017	-50.6390256743566
			43.4418194721289	-50.5959286312294
			43.4418194721289	-50.5528315881023
			43.484916515256	-50.5097345449752
			43.484916515256	-50.4666375018481
			43.5280135583831	-50.423540458721
			43.5711106015102	-50.423540458721
			43.5711106015102	-50.3804434155939
			43.6142076446373	-50.3373463724668
			43.6573046877644	-50.2942493293397
			43.6573046877644	-50.2511522862125
			43.7004017308915	-50.2080552430854
			43.7004017308915	-50.1649581999583
			43.7434987740186	-50.1218611568312
			43.7865958171458	-50.0787641137041
			43.7865958171458	-50.035667070577
			43.8296928602729	-50.035667070577
			43.8296928602729	-49.9925700274499
			43.8727899034	-49.9494729843228
			43.9158869465271	-49.9063759411956
			43.9158869465271	-49.8632788980685
			43.9589839896542	-49.8201818549414
			43.9589839896542	-49.7770848118143
			44.0020810327813	-49.7770848118143
			44.0020810327813	-49.7339877686872
			44.0451780759084	-49.6908907255601
			44.0882751190355	-49.647793682433
			44.0882751190355	-49.6046966393059
			44.1313721621626	-49.5615995961788
			44.1744692052898	-49.5185025530516
			44.1744692052898	-49.4754055099245
			44.2175662484169	-49.4323084667974
			44.260663291544	-49.3892114236703
			44.260663291544	-49.3461143805432
			44.3037603346711	-49.3030173374161
			44.3468573777982	-49.259920294289
			44.3468573777982	-49.2168232511619
			44.3899544209253	-49.1737262080348
			44.4330514640524	-49.1306291649076
			44.4761485071795	-49.0875321217805
			44.5192455503067	-49.0444350786534
			44.5192455503067	-49.0013380355263
			44.5623425934338	-48.9582409923992
			44.6054396365609	-48.9151439492721
			44.6054396365609	-48.872046906145
			44.648536679688	-48.8289498630179
			44.6916337228151	-48.7858528198907
			44.7347307659422	-48.7427557767636
			44.7347307659422	-48.6996587336365
			44.7778278090693	-48.6565616905094
			44.8209248521964	-48.6134646473823
			44.8209248521964	-48.5703676042552
			44.8640218953236	-48.5272705611281
			44.9071189384507	-48.484173518001
			44.9071189384507	-48.4410764748738
			44.9502159815778	-48.3979794317467
			44.9933130247049	-48.3548823886196
			44.9933130247049	-48.3117853454925
			45.036410067832	-48.2686883023654
			45.0795071109591	-48.2255912592383
			45.1226041540862	-48.1824942161112
			45.1657011972133	-48.1393971729841
			45.1657011972133	-48.0963001298569
			45.2087982403404	-48.0532030867298
			45.2518952834676	-48.0101060436027
			45.2518952834676	-47.9670090004756
			45.2949923265947	-47.9239119573485
			45.3380893697218	-47.8808149142214
			45.3380893697218	-47.8377178710943
			45.3811864128489	-47.7946208279672
			45.424283455976	-47.7946208279672
			45.424283455976	-47.7515237848401
			45.4673804991031	-47.7084267417129
			45.5104775422302	-47.6653296985858
			45.5104775422302	-47.6222326554587
			45.5535745853573	-47.6222326554587
			45.5535745853573	-47.5791356123316
			45.5966716284845	-47.5360385692045
			45.6397686716116	-47.4929415260774
			45.6828657147387	-47.4498444829503
			45.6828657147387	-47.4067474398232
			45.6828657147387	-47.363650396696
			45.7259627578658	-47.3205533535689
			45.7690598009929	-47.2774563104418
			45.81215684412	-47.2343592673147
			45.81215684412	-47.1912622241876
			45.8552538872471	-47.1481651810605
			45.8552538872471	-47.1050681379334
			45.8983509303742	-47.0619710948063
			45.9414479735014	-47.0188740516791
			45.9414479735014	-46.975777008552
			45.9845450166285	-46.9326799654249
			46.0276420597556	-46.8895829222978
			46.0276420597556	-46.8464858791707
			46.0707391028827	-46.8033888360436
			46.1138361460098	-46.7602917929165
			46.1138361460098	-46.7171947497894
			46.1569331891369	-46.6740977066623
			46.200030232264	-46.6310006635351
			46.200030232264	-46.587903620408
			46.2431272753911	-46.5448065772809
			46.2431272753911	-46.5017095341538
			46.2862243185182	-46.4586124910267
			46.3293213616454	-46.4155154478996
			46.3293213616454	-46.3724184047725
			46.3724184047725	-46.3293213616454
			46.4155154478996	-46.2862243185182
			46.4155154478996	-46.2431272753911
			46.4586124910267	-46.200030232264
			46.5017095341538	-46.200030232264
			46.5017095341538	-46.1569331891369
			46.5448065772809	-46.1138361460098
			46.587903620408	-46.0707391028827
			46.587903620408	-46.0276420597556
			46.6310006635351	-45.9845450166285
			46.6740977066623	-45.9414479735014
			46.6740977066623	-45.8983509303742
			46.7171947497894	-45.8552538872471
			46.7171947497894	-45.81215684412
			46.7602917929165	-45.7690598009929
			46.8033888360436	-45.7259627578658
			46.8033888360436	-45.6828657147387
			46.8464858791707	-45.6397686716116
			46.8895829222978	-45.6397686716116
			46.8895829222978	-45.5966716284845
			46.9326799654249	-45.5535745853573
			46.975777008552	-45.5104775422302
			46.975777008552	-45.4673804991031
			47.0188740516791	-45.424283455976
			47.0619710948063	-45.3811864128489
			47.0619710948063	-45.3380893697218
			47.1050681379334	-45.2949923265947
			47.1481651810605	-45.2518952834676
			47.1481651810605	-45.2087982403404
			47.1912622241876	-45.2087982403404
			47.2343592673147	-45.1657011972133
			47.2343592673147	-45.1226041540862
			47.2774563104418	-45.0795071109591
			47.3205533535689	-45.036410067832
			47.363650396696	-44.9933130247049
			47.363650396696	-44.9502159815778
			47.4067474398232	-44.9071189384507
			47.4498444829503	-44.8640218953236
			47.4929415260774	-44.8209248521964
			47.5360385692045	-44.7778278090693
			47.5791356123316	-44.7347307659422
			47.5791356123316	-44.6916337228151
			47.6222326554587	-44.648536679688
			47.6222326554587	-44.6054396365609
			47.6653296985858	-44.5623425934338
			47.7084267417129	-44.5192455503067
			47.7515237848401	-44.4761485071795
			47.7946208279672	-44.4330514640524
			47.7946208279672	-44.3899544209253
			47.8377178710943	-44.3899544209253
			47.8377178710943	-44.3468573777982
			47.8808149142214	-44.3037603346711
			47.9239119573485	-44.260663291544
			47.9670090004756	-44.2175662484169
			48.0101060436027	-44.1744692052898
			48.0101060436027	-44.1313721621626
			48.0532030867298	-44.0882751190355
			48.0963001298569	-44.0451780759084
			48.0963001298569	-44.0020810327813
			48.1393971729841	-44.0020810327813
			48.1824942161112	-43.9589839896542
			48.2255912592383	-43.9158869465271
			48.2255912592383	-43.8727899034
			48.2686883023654	-43.8296928602729
			48.3117853454925	-43.7865958171458
			48.3548823886196	-43.7434987740186
			48.3548823886196	-43.7004017308915
			48.3979794317467	-43.7004017308915
			48.4410764748738	-43.6573046877644
			48.4410764748738	-43.6142076446373
			48.484173518001	-43.5711106015102
			48.5272705611281	-43.5280135583831
			48.5703676042552	-43.484916515256
			48.6134646473823	-43.4418194721289
			48.6565616905094	-43.3987224290017
			48.6996587336365	-43.3556253858746
			48.7427557767636	-43.3125283427475
			48.7858528198907	-43.2694312996204
			48.8289498630179	-43.2263342564933
			48.8289498630179	-43.1832372133662
			48.872046906145	-43.1401401702391
			48.9151439492721	-43.097043127112
			48.9582409923992	-43.0539460839848
			49.0013380355263	-43.0108490408577
			49.0444350786534	-42.9677519977306
			49.0875321217805	-42.9246549546035
			49.1306291649076	-42.8815579114764
			49.1737262080348	-42.8384608683493
			49.2168232511619	-42.7953638252222
			49.2168232511619	-42.7522667820951
			49.259920294289	-42.709169738968
			49.3030173374161	-42.6660726958408
			49.3461143805432	-42.6229756527137
			49.3892114236703	-42.5798786095866
			49.4323084667974	-42.5367815664595
			49.4754055099245	-42.4936845233324
			49.5185025530516	-42.4505874802053
			49.5615995961788	-42.4074904370782
			49.6046966393059	-42.3643933939511
			49.647793682433	-42.3212963508239
			49.6908907255601	-42.2781993076968
			49.6908907255601	-42.2351022645697
			49.7339877686872	-42.1920052214426
			49.7770848118143	-42.1920052214426
			49.8201818549414	-42.1489081783155
			49.8632788980685	-42.1058111351884
			49.9063759411956	-42.0627140920613
			49.9494729843228	-42.0196170489342
			49.9925700274499	-41.9765200058071
			50.035667070577	-41.9334229626799
			50.0787641137041	-41.8903259195528
			50.1218611568312	-41.8472288764257
			50.1649581999583	-41.8041318332986
			50.2080552430854	-41.7610347901715
			50.2511522862125	-41.7610347901715
			50.2942493293397	-41.7179377470444
			50.2942493293397	-41.6748407039173
			50.3373463724668	-41.6317436607902
			50.3804434155939	-41.588646617663
			50.423540458721	-41.5455495745359
			50.4666375018481	-41.5024525314088
			50.5097345449752	-41.4593554882817
			50.5528315881023	-41.4162584451546
			50.5959286312294	-41.4162584451546
			50.6390256743566	-41.3731614020275
			50.6821227174837	-41.3300643589004
			50.7252197606108	-41.2869673157733
			50.7683168037379	-41.2438702726461
			50.811413846865	-41.200773229519
			50.8545108899921	-41.1576761863919
			50.8976079331192	-41.1145791432648
			50.9407049762463	-41.1145791432648
			50.9838020193734	-41.0714821001377
			51.0268990625006	-41.0283850570106
			51.0699961056277	-40.9852880138835
			51.1130931487548	-40.9421909707564
			51.1561901918819	-40.8990939276293
			51.199287235009	-40.8990939276293
			51.2423842781361	-40.8559968845021
			51.2423842781361	-40.812899841375
			51.2854813212632	-40.7698027982479
			51.3285783643903	-40.7267057551208
			51.3716754075175	-40.6836087119937
			51.4147724506446	-40.6836087119937
			51.4578694937717	-40.6405116688666
			51.5009665368988	-40.5974146257395
			51.5440635800259	-40.5543175826124
			51.587160623153	-40.5112205394852
			51.6302576662801	-40.5112205394852
			51.6733547094072	-40.4681234963581
			51.7164517525344	-40.425026453231
			51.7595487956615	-40.3819294101039
			51.8026458387886	-40.3388323669768
			51.8457428819157	-40.3388323669768
			51.8888399250428	-40.2957353238497
			51.9319369681699	-40.2526382807226
			51.975034011297	-40.2095412375955
			52.0181310544241	-40.1664441944683
			52.0612280975513	-40.1664441944683
			52.1043251406784	-40.1233471513412
			52.1474221838055	-40.0802501082141
			52.1905192269326	-40.037153065087
			52.2336162700597	-40.037153065087
			52.2767133131868	-39.9940560219599
			52.3198103563139	-39.9509589788328
			52.362907399441	-39.9078619357057
			52.4060044425681	-39.9078619357057
			52.4491014856953	-39.8647648925786
			52.4921985288224	-39.8216678494515
			52.5352955719495	-39.7785708063243
			52.5783926150766	-39.7785708063243
			52.6214896582037	-39.7354737631972
			52.6645867013308	-39.6923767200701
			52.7076837444579	-39.649279676943
			52.750780787585	-39.649279676943
			52.7938778307122	-39.6061826338159
			52.8369748738393	-39.6061826338159
			52.8369748738393	-39.5630855906888
			52.8800719169664	-39.5630855906888
			52.9231689600935	-39.5199885475617
			52.9662660032206	-39.4768915044346
			53.0093630463477	-39.4768915044346
			53.0524600894748	-39.4337944613074
			53.0955571326019	-39.3906974181803
			53.1386541757291	-39.3906974181803
			53.1817512188562	-39.3476003750532
			53.2248482619833	-39.3045033319261
			53.2679453051104	-39.261406288799
			53.3110423482375	-39.261406288799
			53.3541393913646	-39.2183092456719
			53.3972364344917	-39.1752122025448
			53.4403334776188	-39.1752122025448
			53.4834305207459	-39.1321151594177
			53.5265275638731	-39.1321151594177
			53.5696246070002	-39.0890181162905
			53.6127216501273	-39.0459210731634
			53.6558186932544	-39.0459210731634
			53.6989157363815	-39.0028240300363
			53.7420127795086	-38.9597269869092
			53.7851098226357	-38.9597269869092
			53.8282068657628	-38.9166299437821
			53.8713039088899	-38.873532900655
			53.9144009520171	-38.873532900655
			53.9574979951442	-38.8304358575279
			54.0005950382713	-38.7873388144008
			54.0436920813984	-38.7873388144008
			54.0867891245255	-38.7442417712736
			54.1298861676526	-38.7442417712736
			54.1729832107797	-38.7011447281465
			54.2160802539068	-38.6580476850194
			54.259177297034	-38.6580476850194
			54.3022743401611	-38.6149506418923
			54.3453713832882	-38.5718535987652
			54.3884684264153	-38.5718535987652
			54.4315654695424	-38.5287565556381
			54.4746625126695	-38.485659512511
			54.5177595557966	-38.485659512511
			54.5608565989237	-38.4425624693839
			54.6039536420509	-38.3994654262568
			54.647050685178	-38.3994654262568
			54.6901477283051	-38.3563683831296
			54.7332447714322	-38.3563683831296
			54.7763418145593	-38.3132713400025
			54.8194388576864	-38.2701742968754
			54.8625359008135	-38.2701742968754
			54.9056329439406	-38.2270772537483
			54.9487299870678	-38.1839802106212
			54.9918270301949	-38.1839802106212
			55.034924073322	-38.1408831674941
			55.0780211164491	-38.097786124367
			55.1211181595762	-38.097786124367
			55.1642152027033	-38.097786124367
			55.1642152027033	-38.0546890812399
			55.2073122458304	-38.0546890812399
			55.2504092889575	-38.0115920381128
			55.2935063320846	-38.0115920381128
			55.3366033752118	-37.9684949949856
			55.3797004183389	-37.9253979518585
			55.422797461466	-37.9253979518585
			55.4658945045931	-37.9253979518585
			55.4658945045931	-37.8823009087314
			55.5089915477202	-37.8823009087314
			55.5520885908473	-37.8392038656043
			55.5951856339744	-37.8392038656043
			55.6382826771015	-37.7961068224772
			55.6813797202287	-37.7530097793501
			55.7244767633558	-37.7530097793501
			55.7675738064829	-37.709912736223
			55.81067084961	-37.709912736223
			55.8537678927371	-37.6668156930959
			55.8968649358642	-37.6668156930959
			55.9399619789913	-37.6237186499687
			55.9830590221184	-37.5806216068416
			56.0261560652456	-37.5806216068416
			56.0692531083727	-37.5375245637145
			56.1123501514998	-37.5375245637145
			56.1554471946269	-37.4944275205874
			56.198544237754	-37.4944275205874
			56.2416412808811	-37.4513304774603
			56.2847383240082	-37.4513304774603
			56.3278353671353	-37.4082334343332
			56.3709324102624	-37.3651363912061
			56.4140294533896	-37.3651363912061
			56.4571264965167	-37.322039348079
			56.5002235396438	-37.322039348079
			56.5433205827709	-37.2789423049518
			56.586417625898	-37.2789423049518
			56.6295146690251	-37.2358452618247
			56.6726117121522	-37.2358452618247
			56.7157087552793	-37.1927482186976
			56.7588057984065	-37.1496511755705
			56.8019028415336	-37.1496511755705
			56.8449998846607	-37.1065541324434
			56.8880969277878	-37.1065541324434
			56.9311939709149	-37.0634570893163
			56.974291014042	-37.0634570893163
			57.0173880571691	-37.0203600461892
			57.0604851002962	-37.0203600461892
			57.1035821434233	-36.9772630030621
			57.1466791865505	-36.9772630030621
			57.1897762296776	-36.934165959935
			57.2328732728047	-36.8910689168078
			57.2759703159318	-36.8910689168078
			57.3190673590589	-36.8479718736807
			57.362164402186	-36.8479718736807
			57.4052614453131	-36.8048748305536
			57.4483584884402	-36.8048748305536
			57.4914555315674	-36.7617777874265
			57.5345525746945	-36.7617777874265
			57.5776496178216	-36.7186807442994
			57.6207466609487	-36.7186807442994
			57.6638437040758	-36.6755837011723
			57.7069407472029	-36.6755837011723
			57.75003779033	-36.6324866580452
			57.7931348334571	-36.6324866580452
			57.8362318765843	-36.5893896149181
			57.8793289197114	-36.5893896149181
			57.9224259628385	-36.5462925717909
			57.9655230059656	-36.5462925717909
			58.0086200490927	-36.5031955286638
			58.0517170922198	-36.5031955286638
			58.0948141353469	-36.4600984855367
			58.137911178474	-36.4600984855367
			58.137911178474	-36.4170014424096
			58.1810082216011	-36.4170014424096
			58.2241052647283	-36.3739043992825
			58.2672023078554	-36.3739043992825
			58.3102993509825	-36.3739043992825
			58.3533963941096	-36.3308073561554
			58.3964934372367	-36.3308073561554
			58.4395904803638	-36.2877103130283
			58.4826875234909	-36.2877103130283
			58.525784566618	-36.2446132699012
			58.5688816097452	-36.2446132699012
			58.6119786528723	-36.201516226774
			58.6550756959994	-36.201516226774
			58.6981727391265	-36.1584191836469
			58.7412697822536	-36.1584191836469
			58.7843668253807	-36.1153221405198
			58.8274638685078	-36.1153221405198
			58.8705609116349	-36.0722250973927
			58.9136579547621	-36.0722250973927
			58.9567549978892	-36.0291280542656
			58.9998520410163	-36.0291280542656
			59.0429490841434	-35.9860310111385
			59.0860461272705	-35.9860310111385
			59.1291431703976	-35.9860310111385
			59.1291431703976	-35.9429339680114
			59.1722402135247	-35.9429339680114
			59.2153372566518	-35.8998369248843
			59.2584342997789	-35.8998369248843
			59.3015313429061	-35.8567398817572
			59.3446283860332	-35.8567398817572
			59.3877254291603	-35.81364283863
			59.4308224722874	-35.81364283863
			59.4739195154145	-35.7705457955029
			59.5170165585416	-35.7705457955029
			59.5601136016687	-35.7274487523758
			59.6032106447958	-35.7274487523758
			59.646307687923	-35.6843517092487
			59.6894047310501	-35.6843517092487
			59.7325017741772	-35.6412546661216
			59.7755988173043	-35.6412546661216
			59.8186958604314	-35.5981576229945
			59.8617929035585	-35.5981576229945
			59.9048899466856	-35.5981576229945
			59.9479869898127	-35.5550605798674
			59.9910840329399	-35.5550605798674
			60.034181076067	-35.5119635367403
			60.0772781191941	-35.5119635367403
			60.1203751623212	-35.4688664936131
			60.1634722054483	-35.4688664936131
			60.2065692485754	-35.425769450486
			60.2496662917025	-35.425769450486
			60.2927633348296	-35.425769450486
			60.2927633348296	-35.3826724073589
			60.3358603779567	-35.3826724073589
			60.3789574210839	-35.3826724073589
			60.422054464211	-35.3395753642318
			60.4651515073381	-35.3395753642318
			60.5082485504652	-35.2964783211047
			60.5513455935923	-35.2964783211047
			60.5944426367194	-35.2533812779776
			60.6375396798465	-35.2533812779776
			60.6806367229736	-35.2102842348505
			60.7237337661008	-35.2102842348505
			60.7668308092279	-35.2102842348505
			60.809927852355	-35.1671871917234
			60.8530248954821	-35.1671871917234
			60.8961219386092	-35.1240901485962
			60.9392189817363	-35.1240901485962
			60.9823160248634	-35.0809931054691
			61.0254130679905	-35.0809931054691
			61.0685101111176	-35.037896062342
			61.1116071542448	-35.037896062342
			61.1547041973719	-34.9947990192149
			61.197801240499	-34.9947990192149
			61.2408982836261	-34.9517019760878
			61.2839953267532	-34.9517019760878
			61.3270923698803	-34.9517019760878
			61.3701894130074	-34.9086049329607
			61.4132864561345	-34.9086049329607
			61.4563834992617	-34.8655078898336
			61.4994805423888	-34.8655078898336
			61.5425775855159	-34.8224108467065
			61.585674628643	-34.8224108467065
			61.6287716717701	-34.8224108467065
			61.6718687148972	-34.7793138035794
			61.7149657580243	-34.7793138035794
			61.7580628011514	-34.7362167604522
			61.8011598442786	-34.7362167604522
			61.8442568874057	-34.7362167604522
			61.8873539305328	-34.6931197173251
			61.9304509736599	-34.650022674198
			61.973548016787	-34.650022674198
			62.0166450599141	-34.650022674198
			62.0597421030412	-34.6069256310709
			62.1028391461683	-34.6069256310709
			62.1459361892954	-34.5638285879438
			62.1890332324226	-34.5638285879438
			62.2321302755497	-34.5638285879438
			62.2752273186768	-34.5207315448167
			62.3183243618039	-34.5207315448167
			62.361421404931	-34.4776345016896
			62.4045184480581	-34.4776345016896
			62.4476154911852	-34.4345374585625
			62.4907125343123	-34.4345374585625
			62.5338095774395	-34.4345374585625
			62.5769066205666	-34.3914404154353
			62.6200036636937	-34.3914404154353
			62.6631007068208	-34.3914404154353
			62.7061977499479	-34.3483433723082
			62.749294793075	-34.3483433723082
			62.7923918362021	-34.3052463291811
			62.8354888793292	-34.3052463291811
			62.8785859224564	-34.3052463291811
			62.8785859224564	-34.262149286054
			62.9216829655835	-34.262149286054
			62.9647800087106	-34.262149286054
			63.0078770518377	-34.2190522429269
			63.0509740949648	-34.2190522429269
			63.0940711380919	-34.1759551997998
			63.137168181219	-34.1759551997998
			63.1802652243461	-34.1759551997998
			63.2233622674732	-34.1328581566727
			63.2664593106004	-34.1328581566727
			63.3095563537275	-34.1328581566727
			63.3526533968546	-34.0897611135456
			63.3957504399817	-34.0897611135456
			63.4388474831088	-34.0466640704185
			63.4819445262359	-34.0466640704185
			63.525041569363	-34.0035670272913
			63.5681386124901	-34.0035670272913
			63.6112356556173	-34.0035670272913
			63.6543326987444	-33.9604699841642
			63.6974297418715	-33.9604699841642
			63.7405267849986	-33.9604699841642
			63.7836238281257	-33.9173729410371
			63.8267208712528	-33.9173729410371
			63.8698179143799	-33.87427589791
			63.912914957507	-33.87427589791
			63.9560120006342	-33.87427589791
			63.9991090437613	-33.8311788547829
			64.0422060868884	-33.8311788547829
			64.0853031300155	-33.8311788547829
			64.1284001731426	-33.7880818116558
			64.1714972162697	-33.7880818116558
			64.2145942593968	-33.7880818116558
			64.2145942593968	-33.7449847685287
			64.2576913025239	-33.7449847685287
			64.300788345651	-33.7449847685287
			64.3438853887782	-33.7018877254016
			64.3869824319053	-33.7018877254016
			64.4300794750324	-33.7018877254016
			64.4731765181595	-33.6587906822744
			64.5162735612866	-33.6587906822744
			64.5593706044137	-33.6587906822744
			64.6024676475408	-33.6587906822744
			64.6455646906679	-33.6156936391473
			64.6886617337951	-33.6156936391473
			64.7317587769222	-33.5725965960202
			64.7748558200493	-33.5725965960202
			64.8179528631764	-33.5725965960202
			64.8610499063035	-33.5294995528931
			64.9041469494306	-33.5294995528931
			64.9472439925577	-33.5294995528931
			64.9903410356848	-33.486402509766
			65.033438078812	-33.486402509766
			65.0765351219391	-33.486402509766
			65.1196321650662	-33.4433054666389
			65.1627292081933	-33.4433054666389
			65.2058262513204	-33.4433054666389
			65.2489232944475	-33.4002084235118
			65.2920203375746	-33.4002084235118
			65.3351173807017	-33.4002084235118
			65.3782144238289	-33.4002084235118
			65.3782144238289	-33.3571113803847
			65.421311466956	-33.3571113803847
			65.4644085100831	-33.3571113803847
			65.5075055532102	-33.3140143372575
			65.5506025963373	-33.3140143372575
			65.5936996394644	-33.3140143372575
			65.6367966825915	-33.3140143372575
			65.6798937257186	-33.2709172941304
			65.7229907688457	-33.2709172941304
			65.7660878119729	-33.2709172941304
			65.7660878119729	-33.2278202510033
			65.8091848551	-33.2278202510033
			65.8522818982271	-33.2278202510033
			65.8953789413542	-33.2278202510033
			65.9384759844813	-33.1847232078762
			65.9815730276084	-33.1847232078762
			66.0246700707355	-33.1847232078762
			66.0677671138626	-33.1847232078762
			66.1108641569897	-33.1416261647491
			66.1539612001169	-33.1416261647491
			66.197058243244	-33.1416261647491
			66.2401552863711	-33.098529121622
			66.2832523294982	-33.098529121622
			66.3263493726253	-33.098529121622
			66.3694464157524	-33.098529121622
			66.3694464157524	-33.0554320784949
			66.4125434588795	-33.0554320784949
			66.4556405020066	-33.0554320784949
			66.4987375451337	-33.0554320784949
			66.5418345882609	-33.0123350353678
			66.584931631388	-33.0123350353678
			66.6280286745151	-33.0123350353678
			66.6711257176422	-33.0123350353678
			66.7142227607693	-32.9692379922407
			66.7573198038964	-32.9692379922407
			66.8004168470235	-32.9692379922407
			66.8435138901506	-32.9261409491135
			66.8866109332778	-32.9261409491135
			66.9297079764049	-32.9261409491135
			66.972805019532	-32.9261409491135
			67.0159020626591	-32.9261409491135
			67.0589991057862	-32.8830439059864
			67.1020961489133	-32.8830439059864
			67.1451931920404	-32.8830439059864
			67.1882902351675	-32.8399468628593
			67.2313872782947	-32.8399468628593
			67.2744843214218	-32.8399468628593
			67.3175813645489	-32.8399468628593
			67.360678407676	-32.7968498197322
			67.4037754508031	-32.7968498197322
			67.4468724939302	-32.7968498197322
			67.4899695370573	-32.7968498197322
			67.5330665801844	-32.7968498197322
			67.5761636233116	-32.7537527766051
			67.6192606664387	-32.7537527766051
			67.6623577095658	-32.7537527766051
			67.7054547526929	-32.7537527766051
			67.74855179582	-32.7537527766051
			67.7916488389471	-32.710655733478
			67.8347458820742	-32.710655733478
			67.8778429252013	-32.710655733478
			67.9209399683285	-32.710655733478
			67.9640370114556	-32.710655733478
			68.0071340545827	-32.6675586903509
			68.0502310977098	-32.6675586903509
			68.0933281408369	-32.6675586903509
			68.136425183964	-32.6675586903509
			68.1795222270911	-32.6675586903509
			68.2226192702182	-32.6244616472238
			68.2657163133454	-32.6244616472238
			68.3088133564725	-32.6244616472238
			68.3519103995996	-32.6244616472238
			68.3950074427267	-32.6244616472238
			68.4381044858538	-32.5813646040966
			68.4812015289809	-32.5813646040966
			68.524298572108	-32.5813646040966
			68.5673956152351	-32.5813646040966
			68.6104926583622	-32.5813646040966
			68.6535897014894	-32.5813646040966
			68.6966867446165	-32.5813646040966
			68.7397837877436	-32.5382675609695
			68.7828808308707	-32.5382675609695
			68.8259778739978	-32.5382675609695
			68.8690749171249	-32.5382675609695
			68.912171960252	-32.5382675609695
			68.9552690033791	-32.5382675609695
			68.9983660465062	-32.5382675609695
			69.0414630896334	-32.4951705178424
			69.0845601327605	-32.4951705178424
			69.1276571758876	-32.4951705178424
			69.1707542190147	-32.4951705178424
			69.2138512621418	-32.4951705178424
			69.2569483052689	-32.4951705178424
			69.300045348396	-32.4951705178424
			69.3431423915231	-32.4951705178424
			69.3862394346503	-32.4520734747153
			69.4293364777774	-32.4520734747153
			69.4724335209045	-32.4520734747153
			69.5155305640316	-32.4520734747153
			69.5586276071587	-32.4520734747153
			69.6017246502858	-32.4520734747153
			69.6448216934129	-32.4520734747153
			69.68791873654	-32.4520734747153
			69.7310157796672	-32.4520734747153
			69.7741128227943	-32.4520734747153
			69.8172098659214	-32.4520734747153
			69.8603069090485	-32.4520734747153
			69.9034039521756	-32.4089764315882
			69.9465009953027	-32.4089764315882
			69.9895980384298	-32.4089764315882
			70.0326950815569	-32.4089764315882
			70.075792124684	-32.4089764315882
			70.1188891678112	-32.4089764315882
			70.1619862109383	-32.4089764315882
			70.2050832540654	-32.4089764315882
			70.2481802971925	-32.4089764315882
			70.2912773403196	-32.4089764315882
			70.3343743834467	-32.4089764315882
			70.3774714265738	-32.4089764315882
			70.4205684697009	-32.4089764315882
			70.4636655128281	-32.4089764315882
			70.5067625559552	-32.4089764315882
			70.5498595990823	-32.4089764315882
			70.5929566422094	-32.4089764315882
			70.6360536853365	-32.4089764315882
			70.6791507284636	-32.4089764315882
			70.7222477715907	-32.4089764315882
			70.7653448147178	-32.4089764315882
			70.808441857845	-32.4089764315882
			70.8515389009721	-32.4089764315882
			70.8946359440992	-32.4089764315882
			70.9377329872263	-32.4089764315882
			70.9808300303534	-32.4089764315882
			71.0239270734805	-32.4089764315882
			71.0670241166076	-32.4089764315882
			71.1101211597347	-32.4089764315882
			71.1532182028619	-32.4089764315882
			71.196315245989	-32.4089764315882
			71.2394122891161	-32.4089764315882
			71.2825093322432	-32.4089764315882
			71.3256063753703	-32.4089764315882
			71.3687034184974	-32.4520734747153
			71.4118004616245	-32.4520734747153
			71.4548975047516	-32.4520734747153
			71.4979945478787	-32.4520734747153
			71.5410915910059	-32.4520734747153
			71.584188634133	-32.4520734747153
			71.6272856772601	-32.4520734747153
			71.6703827203872	-32.4520734747153
			71.7134797635143	-32.4520734747153
			71.7565768066414	-32.4520734747153
			71.7996738497685	-32.4951705178424
			71.8427708928956	-32.4951705178424
			71.8858679360227	-32.4951705178424
			71.9289649791499	-32.4951705178424
			71.972062022277	-32.4951705178424
			72.0151590654041	-32.4951705178424
			72.0582561085312	-32.5382675609695
			72.1013531516583	-32.5382675609695
			72.1444501947854	-32.5382675609695
			72.1875472379125	-32.5382675609695
			72.2306442810396	-32.5382675609695
			72.2737413241668	-32.5813646040966
			72.3168383672939	-32.5813646040966
			72.359935410421	-32.5813646040966
			72.4030324535481	-32.5813646040966
			72.4461294966752	-32.5813646040966
			72.4892265398023	-32.6244616472238
			72.5323235829294	-32.6244616472238
			72.5754206260565	-32.6244616472238
			72.6185176691837	-32.6244616472238
			72.6616147123108	-32.6675586903509
			72.7047117554379	-32.6675586903509
			72.747808798565	-32.6675586903509
			72.7909058416921	-32.6675586903509
			72.8340028848192	-32.710655733478
			72.8770999279463	-32.710655733478
			72.9201969710734	-32.7537527766051
			72.9632940142006	-32.7537527766051
			73.0063910573277	-32.7537527766051
			73.0494881004548	-32.7537527766051
			73.0925851435819	-32.7968498197322
			73.135682186709	-32.7968498197322
			73.1787792298361	-32.7968498197322
			73.2218762729632	-32.8399468628593
			73.2649733160903	-32.8399468628593
			73.3080703592175	-32.8830439059864
			73.3511674023446	-32.8830439059864
			73.3942644454717	-32.8830439059864
			73.4373614885988	-32.9261409491135
			73.4804585317259	-32.9261409491135
			73.523555574853	-32.9692379922407
			73.5666526179801	-32.9692379922407
			73.6097496611072	-33.0123350353678
			73.6528467042343	-33.0123350353678
			73.6959437473615	-33.0554320784949
			73.7390407904886	-33.0554320784949
			73.7821378336157	-33.098529121622
			73.8252348767428	-33.1416261647491
			73.8683319198699	-33.1416261647491
			73.911428962997	-33.1847232078762
			73.9545260061241	-33.1847232078762
			73.9976230492512	-33.2278202510033
			74.0407200923784	-33.2278202510033
			74.0838171355055	-33.2709172941304
			74.1269141786326	-33.2709172941304
			74.1700112217597	-33.3140143372575
			74.2131082648868	-33.3571113803847
			74.2562053080139	-33.3571113803847
			74.299302351141	-33.4002084235118
			74.299302351141	-33.4433054666389
			74.3423993942681	-33.4433054666389
			74.3854964373952	-33.486402509766
			74.4285934805224	-33.5294995528931
			74.4716905236495	-33.5294995528931
			74.5147875667766	-33.5725965960202
			74.5578846099037	-33.6156936391473
			74.6009816530308	-33.6587906822744
			74.6440786961579	-33.7018877254016
			74.687175739285	-33.7449847685287
			74.7302727824121	-33.7880818116558
			74.7733698255392	-33.7880818116558
			74.8164668686664	-33.8311788547829
			74.8595639117935	-33.87427589791
			74.9026609549206	-33.9173729410371
			74.9457579980477	-33.9604699841642
			74.9888550411748	-34.0035670272913
			75.0319520843019	-34.0466640704185
			75.075049127429	-34.0897611135456
			75.075049127429	-34.1328581566727
			75.1181461705561	-34.1759551997998
			75.1612432136833	-34.2190522429269
			75.2043402568104	-34.262149286054
			75.2474372999375	-34.3052463291811
			75.2905343430646	-34.3483433723082
			75.2905343430646	-34.3914404154353
			75.3336313861917	-34.4345374585625
			75.3767284293188	-34.4776345016896
			75.3767284293188	-34.5207315448167
			75.4198254724459	-34.5638285879438
			75.462922515573	-34.6069256310709
			75.5060195587002	-34.650022674198
			75.5060195587002	-34.6931197173251
			75.5491166018273	-34.7362167604522
			75.5491166018273	-34.7793138035794
			75.5922136449544	-34.8224108467065
			75.5922136449544	-34.8655078898336
			75.6353106880815	-34.9086049329607
			75.6784077312086	-34.9517019760878
			75.6784077312086	-34.9947990192149
			75.7215047743357	-35.037896062342
			75.7646018174628	-35.0809931054691
			75.7646018174628	-35.1240901485962
			75.7646018174628	-35.1671871917234
			75.8076988605899	-35.1671871917234
			75.8076988605899	-35.2102842348505
			75.8076988605899	-35.2533812779776
			75.8507959037171	-35.2533812779776
			75.8507959037171	-35.2964783211047
			75.8507959037171	-35.3395753642318
			75.8938929468442	-35.3395753642318
			75.8938929468442	-35.3826724073589
			75.8938929468442	-35.425769450486
			75.9369899899713	-35.425769450486
			75.9369899899713	-35.4688664936131
			75.9369899899713	-35.5119635367403
			75.9369899899713	-35.5550605798674
			75.9800870330984	-35.5550605798674
			75.9800870330984	-35.5981576229945
			75.9800870330984	-35.6412546661216
			76.0231840762255	-35.6412546661216
			76.0231840762255	-35.6843517092487
			76.0231840762255	-35.7274487523758
			76.0231840762255	-35.7705457955029
			76.0662811193526	-35.7705457955029
			76.0662811193526	-35.81364283863
			76.1093781624797	-35.8567398817572
			76.1093781624797	-35.8998369248843
			76.1524752056068	-35.9429339680114
			76.1524752056068	-35.9860310111385
			76.195572248734	-36.0291280542656
			76.2386692918611	-36.0291280542656
			76.2386692918611	-36.0722250973927
			76.2817663349882	-36.1153221405198
			76.3248633781153	-36.1584191836469
			76.3248633781153	-36.201516226774
			76.3679604212424	-36.2446132699012
			76.4110574643695	-36.2877103130283
			76.4110574643695	-36.3308073561554
			76.4541545074966	-36.3739043992825
			76.4541545074966	-36.4170014424096
			76.4972515506237	-36.4600984855367
			76.5403485937508	-36.4600984855367
			76.5403485937508	-36.5031955286638
			76.583445636878	-36.5462925717909
			76.6265426800051	-36.5893896149181
			76.6265426800051	-36.6324866580452
			76.6696397231322	-36.6755837011723
			76.6696397231322	-36.7186807442994
			76.7127367662593	-36.7617777874265
			76.7558338093864	-36.8048748305536
			76.7558338093864	-36.8479718736807
			76.7989308525135	-36.8479718736807
			76.8420278956406	-36.8910689168078
			76.8420278956406	-36.934165959935
			76.8851249387677	-36.9772630030621
			76.9282219818949	-37.0203600461892
			76.9282219818949	-37.0634570893163
			76.971319025022	-37.1065541324434
			76.971319025022	-37.1496511755705
			77.0144160681491	-37.1927482186976
			77.0575131112762	-37.2358452618247
			77.0575131112762	-37.2789423049518
			77.1006101544033	-37.2789423049518
			77.1437071975304	-37.322039348079
			77.1437071975304	-37.3651363912061
			77.1868042406575	-37.4082334343332
			77.2299012837846	-37.4513304774603
			77.2299012837846	-37.4944275205874
			77.2729983269117	-37.5375245637145
			77.3160953700389	-37.5806216068416
			77.3160953700389	-37.6237186499687
			77.359192413166	-37.6668156930959
			77.4022894562931	-37.709912736223
			77.4453864994202	-37.7530097793501
			77.4453864994202	-37.7961068224772
			77.4884835425473	-37.8392038656043
			77.5315805856744	-37.8823009087314
			77.5746776288015	-37.9253979518585
			77.5746776288015	-37.9684949949856
			77.6177746719286	-38.0115920381128
			77.6177746719286	-38.0546890812399
			77.6608717150557	-38.097786124367
			77.7039687581829	-38.1408831674941
			77.74706580131	-38.1839802106212
			77.74706580131	-38.2270772537483
			77.7901628444371	-38.2701742968754
			77.8332598875642	-38.3132713400025
			77.8332598875642	-38.3563683831296
			77.8763569306913	-38.3994654262568
			77.9194539738184	-38.4425624693839
			77.9194539738184	-38.485659512511
			77.9625510169455	-38.485659512511
			78.0056480600726	-38.5287565556381
			78.0056480600726	-38.5718535987652
			78.0487451031998	-38.6149506418923
			78.0918421463269	-38.6580476850194
			78.0918421463269	-38.7011447281465
			78.134939189454	-38.7442417712736
			78.1780362325811	-38.7873388144008
			78.1780362325811	-38.8304358575279
			78.2211332757082	-38.873532900655
			78.2642303188353	-38.9166299437821
			78.3073273619624	-38.9597269869092
			78.3073273619624	-39.0028240300363
			78.3504244050895	-39.0459210731634
			78.3935214482167	-39.0890181162905
			78.4366184913438	-39.1321151594177
			78.4366184913438	-39.1752122025448
			78.4797155344709	-39.2183092456719
			78.522812577598	-39.261406288799
			78.5659096207251	-39.3045033319261
			78.5659096207251	-39.3476003750532
			78.6090066638522	-39.3906974181803
			78.6521037069793	-39.4337944613074
			78.6521037069793	-39.4768915044346
			78.6952007501064	-39.4768915044346
			78.6952007501064	-39.5199885475617
			78.7382977932336	-39.5630855906888
			78.7813948363607	-39.6061826338159
			78.7813948363607	-39.649279676943
			78.8244918794878	-39.6923767200701
			78.8675889226149	-39.7354737631972
			78.910685965742	-39.7785708063243
			78.910685965742	-39.8216678494515
			78.9537830088691	-39.8647648925786
			78.9968800519962	-39.9078619357057
			79.0399770951233	-39.9509589788328
			79.0399770951233	-39.9940560219599
			79.0830741382505	-40.037153065087
			79.1261711813776	-40.0802501082141
			79.1261711813776	-40.1233471513412
			79.1692682245047	-40.1664441944683
			79.2123652676318	-40.2095412375955
			79.2554623107589	-40.2526382807226
			79.2554623107589	-40.2957353238497
			79.298559353886	-40.3388323669768
			79.3416563970131	-40.3819294101039
			79.3416563970131	-40.425026453231
			79.3847534401402	-40.4681234963581
			79.4278504832673	-40.4681234963581
			79.4709475263945	-40.5112205394852
			79.4709475263945	-40.5543175826124
			79.5140445695216	-40.5974146257395
			79.5571416126487	-40.6405116688666
			79.5571416126487	-40.6836087119937
			79.6002386557758	-40.7267057551208
			79.6433356989029	-40.7698027982479
			79.68643274203	-40.812899841375
			79.68643274203	-40.8559968845021
			79.7295297851571	-40.8990939276293
			79.7726268282842	-40.9421909707564
			79.7726268282842	-40.9852880138835
			79.8157238714114	-41.0283850570106
			79.8588209145385	-41.0714821001377
			79.9019179576656	-41.1145791432648
			79.9019179576656	-41.1576761863919
			79.9450150007927	-41.200773229519
			79.9881120439198	-41.2438702726461
			80.0312090870469	-41.2869673157733
			80.0312090870469	-41.3300643589004
			80.074306130174	-41.3731614020275
			80.1174031733011	-41.4162584451546
			80.1174031733011	-41.4593554882817
			80.1605002164282	-41.5024525314088
			80.2035972595554	-41.5455495745359
			80.2466943026825	-41.588646617663
			80.2897913458096	-41.6317436607902
			80.3328883889367	-41.6748407039173
			80.3328883889367	-41.7179377470444
			80.3759854320638	-41.7610347901715
			80.4190824751909	-41.8041318332986
			80.462179518318	-41.8472288764257
			80.462179518318	-41.8903259195528
			80.5052765614451	-41.9334229626799
			80.5483736045723	-41.9765200058071
			80.5483736045723	-42.0196170489342
			80.5914706476994	-42.0196170489342
			80.6345676908265	-42.0627140920613
			80.6345676908265	-42.1058111351884
			80.6776647339536	-42.1489081783155
			80.7207617770807	-42.1920052214426
			80.7207617770807	-42.2351022645697
			80.7638588202078	-42.2351022645697
			80.7638588202078	-42.2781993076968
			80.8069558633349	-42.3212963508239
			80.850052906462	-42.3643933939511
			80.850052906462	-42.4074904370782
			80.8931499495892	-42.4505874802053
			80.9362469927163	-42.4505874802053
			80.9362469927163	-42.4936845233324
			80.9793440358434	-42.5367815664595
			81.0224410789705	-42.5798786095866
			81.0224410789705	-42.6229756527137
			81.0655381220976	-42.6660726958408
			81.1086351652247	-42.709169738968
			81.1517322083518	-42.7522667820951
			81.1948292514789	-42.7953638252222
			81.1948292514789	-42.8384608683493
			81.237926294606	-42.8815579114764
			81.2810233377332	-42.9246549546035
			81.3241203808603	-42.9677519977306
			81.3241203808603	-43.0108490408577
			81.3672174239874	-43.0539460839848
			81.4103144671145	-43.097043127112
			81.4534115102416	-43.1401401702391
			81.4965085533687	-43.1832372133662
			81.4965085533687	-43.2263342564933
			81.5396055964958	-43.2694312996204
			81.5827026396229	-43.3125283427475
			81.6257996827501	-43.3556253858746
			81.6257996827501	-43.3987224290017
			81.6688967258772	-43.4418194721289
			81.7119937690043	-43.484916515256
			81.7550908121314	-43.5280135583831
			81.7550908121314	-43.5711106015102
			81.7981878552585	-43.6142076446373
			81.7981878552585	-43.6573046877644
			81.8412848983856	-43.7004017308915
			81.8843819415127	-43.7434987740186
			81.8843819415127	-43.7865958171458
			81.9274789846398	-43.8296928602729
			81.970576027767	-43.8727899034
			81.970576027767	-43.9158869465271
			82.0136730708941	-43.9589839896542
			82.0136730708941	-44.0020810327813
			82.0567701140212	-44.0451780759084
			82.0567701140212	-44.0882751190355
			82.0998671571483	-44.0882751190355
			82.1429642002754	-44.1313721621626
			82.1429642002754	-44.1744692052898
			82.1860612434025	-44.2175662484169
			82.1860612434025	-44.260663291544
			82.2291582865296	-44.3037603346711
			82.2291582865296	-44.3468573777982
			82.2722553296567	-44.3899544209253
			82.2722553296567	-44.4330514640524
			82.3153523727838	-44.4761485071795
			82.358449415911	-44.5192455503067
			82.4015464590381	-44.5623425934338
			82.4015464590381	-44.6054396365609
			82.4446435021652	-44.648536679688
			82.4446435021652	-44.6916337228151
			82.4877405452923	-44.7347307659422
			82.4877405452923	-44.7778278090693
			82.5308375884194	-44.8209248521964
			82.5739346315465	-44.8640218953236
			82.5739346315465	-44.9071189384507
			82.6170316746736	-44.9502159815778
			82.6170316746736	-44.9933130247049
			82.6601287178007	-45.036410067832
			82.7032257609279	-45.0795071109591
			82.7032257609279	-45.1226041540862
			82.746322804055	-45.1657011972133
			82.746322804055	-45.2087982403404
			82.7894198471821	-45.2087982403404
			82.7894198471821	-45.2518952834676
			82.8325168903092	-45.2949923265947
			82.8325168903092	-45.3380893697218
			82.8756139334363	-45.3811864128489
			82.8756139334363	-45.424283455976
			82.9187109765634	-45.4673804991031
			82.9187109765634	-45.5104775422302
			82.9618080196905	-45.5104775422302
			82.9618080196905	-45.5535745853573
			83.0049050628176	-45.5966716284845
			83.0049050628176	-45.6397686716116
			83.0480021059447	-45.6828657147387
			83.0480021059447	-45.7259627578658
			83.0910991490719	-45.7690598009929
			83.134196192199	-45.81215684412
			83.134196192199	-45.8552538872471
			83.1772932353261	-45.8983509303742
			83.1772932353261	-45.9414479735014
			83.2203902784532	-45.9845450166285
			83.2634873215803	-46.0276420597556
			83.2634873215803	-46.0707391028827
			83.3065843647074	-46.1138361460098
			83.3065843647074	-46.1569331891369
			83.3496814078345	-46.200030232264
			83.3496814078345	-46.2431272753911
			83.3927784509616	-46.2862243185182
			83.3927784509616	-46.3293213616454
			83.4358754940888	-46.3724184047725
			83.4358754940888	-46.4155154478996
			83.4789725372159	-46.4586124910267
			83.522069580343	-46.5017095341538
			83.522069580343	-46.5448065772809
			83.5651666234701	-46.587903620408
			83.5651666234701	-46.6310006635351
			83.6082636665972	-46.6740977066623
			83.6082636665972	-46.7171947497894
			83.6513607097243	-46.7602917929165
			83.6513607097243	-46.8033888360436
			83.6944577528514	-46.8033888360436
			83.6944577528514	-46.8464858791707
			83.7375547959785	-46.8895829222978
			83.7375547959785	-46.9326799654249
			83.7806518391057	-46.975777008552
			83.7806518391057	-47.0188740516791
			83.8237488822328	-47.0619710948063
			83.8237488822328	-47.1050681379334
			83.8668459253599	-47.1481651810605
			83.8668459253599	-47.1912622241876
			83.8668459253599	-47.2343592673147
			83.909942968487	-47.2343592673147
			83.909942968487	-47.2774563104418
			83.9530400116141	-47.3205533535689
			83.9530400116141	-47.363650396696
			83.9961370547412	-47.4067474398232
			83.9961370547412	-47.4498444829503
			84.0392340978683	-47.4929415260774
			84.0392340978683	-47.5360385692045
			84.0823311409954	-47.5360385692045
			84.0823311409954	-47.5791356123316
			84.0823311409954	-47.6222326554587
			84.1254281841226	-47.6653296985858
			84.1254281841226	-47.7084267417129
			84.1685252272497	-47.7515237848401
			84.2116222703768	-47.7946208279672
			84.2116222703768	-47.8377178710943
			84.2547193135039	-47.8808149142214
			84.2547193135039	-47.9239119573485
			84.2547193135039	-47.9670090004756
			84.297816356631	-48.0101060436027
			84.297816356631	-48.0532030867298
			84.3409133997581	-48.0963001298569
			84.3409133997581	-48.1393971729841
			84.3840104428852	-48.1824942161112
			84.3840104428852	-48.2255912592383
			84.4271074860123	-48.2686883023654
			84.4271074860123	-48.3117853454925
			84.4702045291395	-48.3548823886196
			84.4702045291395	-48.3979794317467
			84.4702045291395	-48.4410764748738
			84.5133015722666	-48.484173518001
			84.5133015722666	-48.5272705611281
			84.5563986153937	-48.5272705611281
			84.5563986153937	-48.5703676042552
			84.5563986153937	-48.6134646473823
			84.5994956585208	-48.6565616905094
			84.5994956585208	-48.6996587336365
			84.6425927016479	-48.7427557767636
			84.6425927016479	-48.7858528198907
			84.6425927016479	-48.8289498630179
			84.685689744775	-48.8289498630179
			84.685689744775	-48.872046906145
			84.7287867879021	-48.9151439492721
			84.7287867879021	-48.9582409923992
			84.7287867879021	-49.0013380355263
			84.7718838310292	-49.0444350786534
			84.7718838310292	-49.0875321217805
			84.8149808741563	-49.1306291649076
			84.8149808741563	-49.1737262080348
			84.8149808741563	-49.2168232511619
			84.8580779172835	-49.259920294289
			84.8580779172835	-49.3030173374161
			84.8580779172835	-49.3461143805432
			84.9011749604106	-49.3892114236703
			84.9011749604106	-49.4323084667974
			84.9442720035377	-49.4754055099245
			84.9442720035377	-49.5185025530516
			84.9442720035377	-49.5615995961788
			84.9873690466648	-49.6046966393059
			84.9873690466648	-49.647793682433
			84.9873690466648	-49.6908907255601
			85.0304660897919	-49.7339877686872
			85.0304660897919	-49.7770848118143
			85.073563132919	-49.8201818549414
			85.073563132919	-49.8632788980685
			85.073563132919	-49.9063759411956
			85.073563132919	-49.9494729843228
			85.1166601760461	-49.9925700274499
			85.1166601760461	-50.035667070577
			85.1166601760461	-50.0787641137041
			85.1597572191732	-50.1218611568312
			85.1597572191732	-50.1649581999583
			85.1597572191732	-50.2080552430854
			85.1597572191732	-50.2511522862125
			85.2028542623003	-50.2942493293397
			85.2028542623003	-50.3373463724668
			85.2028542623003	-50.3804434155939
			85.2028542623003	-50.423540458721
			85.2028542623003	-50.4666375018481
			85.2459513054275	-50.4666375018481
			85.2459513054275	-50.5097345449752
			85.2459513054275	-50.5528315881023
			85.2459513054275	-50.5959286312294
		</c1>
		<c2 type=matrix rownames=FALSE colnames=FALSE nrow=981 ncol=2 as.numeric=TRUE >
			85.2459513054275	-50.5959286312294
			85.2028542623003	-50.5959286312294
			85.1597572191732	-50.5959286312294
			85.1166601760461	-50.5959286312294
			85.073563132919	-50.5959286312294
			85.0304660897919	-50.5959286312294
			84.9873690466648	-50.5959286312294
			84.9442720035377	-50.5959286312294
			84.9011749604106	-50.5959286312294
			84.8580779172835	-50.5959286312294
			84.8149808741563	-50.5959286312294
			84.7718838310292	-50.5959286312294
			84.7287867879021	-50.5959286312294
			84.685689744775	-50.5959286312294
			84.6425927016479	-50.5959286312294
			84.5994956585208	-50.5959286312294
			84.5563986153937	-50.5959286312294
			84.5133015722666	-50.5959286312294
			84.4702045291395	-50.5959286312294
			84.4271074860123	-50.5959286312294
			84.3840104428852	-50.5959286312294
			84.3409133997581	-50.5959286312294
			84.297816356631	-50.5959286312294
			84.2547193135039	-50.5959286312294
			84.2116222703768	-50.5959286312294
			84.1685252272497	-50.5959286312294
			84.1254281841226	-50.5959286312294
			84.0823311409954	-50.5959286312294
			84.0392340978683	-50.5959286312294
			83.9961370547412	-50.5959286312294
			83.9530400116141	-50.5959286312294
			83.909942968487	-50.5528315881023
			83.8668459253599	-50.5528315881023
			83.8237488822328	-50.5528315881023
			83.7806518391057	-50.5528315881023
			83.7375547959785	-50.5528315881023
			83.6944577528514	-50.5528315881023
			83.6513607097243	-50.5528315881023
			83.6082636665972	-50.5528315881023
			83.5651666234701	-50.5528315881023
			83.522069580343	-50.5528315881023
			83.4789725372159	-50.5528315881023
			83.4358754940888	-50.5528315881023
			83.3927784509616	-50.5528315881023
			83.3496814078345	-50.5528315881023
			83.3065843647074	-50.5528315881023
			83.2634873215803	-50.5528315881023
			83.2203902784532	-50.5528315881023
			83.1772932353261	-50.5528315881023
			83.134196192199	-50.5528315881023
			83.0910991490719	-50.5528315881023
			83.0480021059447	-50.5528315881023
			83.0049050628176	-50.5528315881023
			82.9618080196905	-50.5528315881023
			82.9187109765634	-50.5528315881023
			82.8756139334363	-50.5528315881023
			82.8325168903092	-50.5097345449752
			82.7894198471821	-50.5097345449752
			82.746322804055	-50.5097345449752
			82.7032257609279	-50.5097345449752
			82.6601287178007	-50.5097345449752
			82.6170316746736	-50.5097345449752
			82.5739346315465	-50.5097345449752
			82.5308375884194	-50.5097345449752
			82.4877405452923	-50.5097345449752
			82.4446435021652	-50.5097345449752
			82.4015464590381	-50.5097345449752
			82.358449415911	-50.5097345449752
			82.3153523727838	-50.5097345449752
			82.2722553296567	-50.5097345449752
			82.2291582865296	-50.5097345449752
			82.1860612434025	-50.5097345449752
			82.1429642002754	-50.5097345449752
			82.0998671571483	-50.5097345449752
			82.0567701140212	-50.4666375018481
			82.0136730708941	-50.4666375018481
			81.970576027767	-50.4666375018481
			81.9274789846398	-50.4666375018481
			81.8843819415127	-50.4666375018481
			81.8412848983856	-50.4666375018481
			81.7981878552585	-50.4666375018481
			81.7550908121314	-50.4666375018481
			81.7119937690043	-50.4666375018481
			81.6688967258772	-50.4666375018481
			81.6257996827501	-50.4666375018481
			81.5827026396229	-50.4666375018481
			81.5396055964958	-50.4666375018481
			81.4965085533687	-50.4666375018481
			81.4534115102416	-50.4666375018481
			81.4103144671145	-50.4666375018481
			81.3672174239874	-50.4666375018481
			81.3241203808603	-50.4666375018481
			81.2810233377332	-50.4666375018481
			81.237926294606	-50.4666375018481
			81.1948292514789	-50.4666375018481
			81.1948292514789	-50.423540458721
			81.1517322083518	-50.423540458721
			81.1086351652247	-50.423540458721
			81.0655381220976	-50.423540458721
			81.0224410789705	-50.423540458721
			80.9793440358434	-50.423540458721
			80.9362469927163	-50.423540458721
			80.8931499495892	-50.423540458721
			80.850052906462	-50.423540458721
			80.8069558633349	-50.423540458721
			80.7638588202078	-50.423540458721
			80.7207617770807	-50.423540458721
			80.6776647339536	-50.423540458721
			80.6345676908265	-50.423540458721
			80.5914706476994	-50.423540458721
			80.5483736045723	-50.423540458721
			80.5052765614451	-50.423540458721
			80.462179518318	-50.423540458721
			80.4190824751909	-50.423540458721
			80.3759854320638	-50.423540458721
			80.3328883889367	-50.423540458721
			80.2897913458096	-50.423540458721
			80.2466943026825	-50.423540458721
			80.2035972595554	-50.423540458721
			80.1605002164282	-50.423540458721
			80.1174031733011	-50.423540458721
			80.074306130174	-50.423540458721
			80.0312090870469	-50.3804434155939
			79.9881120439198	-50.3804434155939
			79.9450150007927	-50.3804434155939
			79.9019179576656	-50.3804434155939
			79.8588209145385	-50.3804434155939
			79.8157238714114	-50.3804434155939
			79.7726268282842	-50.3804434155939
			79.7295297851571	-50.3804434155939
			79.68643274203	-50.3804434155939
			79.6433356989029	-50.3804434155939
			79.6002386557758	-50.3804434155939
			79.5571416126487	-50.3804434155939
			79.5140445695216	-50.3804434155939
			79.4709475263945	-50.3804434155939
			79.4278504832673	-50.3804434155939
			79.3847534401402	-50.3804434155939
			79.3416563970131	-50.3804434155939
			79.298559353886	-50.3804434155939
			79.2554623107589	-50.3804434155939
			79.2123652676318	-50.3804434155939
			79.1692682245047	-50.3804434155939
			79.1261711813776	-50.3804434155939
			79.0830741382505	-50.3804434155939
			79.0399770951233	-50.3804434155939
			78.9968800519962	-50.3804434155939
			78.9537830088691	-50.3804434155939
			78.910685965742	-50.3804434155939
			78.8675889226149	-50.3804434155939
			78.8244918794878	-50.3804434155939
			78.7813948363607	-50.3804434155939
			78.7382977932336	-50.3804434155939
			78.6952007501064	-50.3804434155939
			78.6521037069793	-50.3804434155939
			78.6090066638522	-50.3373463724668
			78.5659096207251	-50.3373463724668
			78.522812577598	-50.3373463724668
			78.4797155344709	-50.3373463724668
			78.4366184913438	-50.3373463724668
			78.3935214482167	-50.3373463724668
			78.3504244050895	-50.3373463724668
			78.3073273619624	-50.3373463724668
			78.2642303188353	-50.3373463724668
			78.2211332757082	-50.3373463724668
			78.1780362325811	-50.3373463724668
			78.134939189454	-50.3373463724668
			78.0918421463269	-50.3373463724668
			78.0487451031998	-50.3373463724668
			78.0056480600726	-50.3373463724668
			77.9625510169455	-50.3373463724668
			77.9194539738184	-50.3373463724668
			77.8763569306913	-50.3373463724668
			77.8332598875642	-50.3373463724668
			77.7901628444371	-50.3373463724668
			77.74706580131	-50.3373463724668
			77.7039687581829	-50.3373463724668
			77.6608717150557	-50.3373463724668
			77.6177746719286	-50.3373463724668
			77.5746776288015	-50.3373463724668
			77.5315805856744	-50.3373463724668
			77.4884835425473	-50.3373463724668
			77.4453864994202	-50.3373463724668
			77.4022894562931	-50.3373463724668
			77.359192413166	-50.3373463724668
			77.3160953700389	-50.3373463724668
			77.2729983269117	-50.3373463724668
			77.2299012837846	-50.3373463724668
			77.1868042406575	-50.3373463724668
			77.1437071975304	-50.3373463724668
			77.1006101544033	-50.3373463724668
			77.0575131112762	-50.3373463724668
			77.0144160681491	-50.3373463724668
			76.971319025022	-50.3373463724668
			76.9282219818949	-50.3373463724668
			76.8851249387677	-50.3373463724668
			76.8420278956406	-50.3373463724668
			76.7989308525135	-50.3373463724668
			76.7558338093864	-50.3373463724668
			76.7127367662593	-50.3373463724668
			76.6696397231322	-50.3373463724668
			76.6265426800051	-50.3373463724668
			76.583445636878	-50.3373463724668
			76.5403485937508	-50.3373463724668
			76.4972515506237	-50.3373463724668
			76.4541545074966	-50.3373463724668
			76.4110574643695	-50.3373463724668
			76.3679604212424	-50.3373463724668
			76.3248633781153	-50.3373463724668
			76.2817663349882	-50.3373463724668
			76.2386692918611	-50.3373463724668
			76.195572248734	-50.3373463724668
			76.1524752056068	-50.3373463724668
			76.1093781624797	-50.3373463724668
			76.0662811193526	-50.3373463724668
			76.0231840762255	-50.3373463724668
			75.9800870330984	-50.3373463724668
			75.9369899899713	-50.3373463724668
			75.8938929468442	-50.3373463724668
			75.8507959037171	-50.3373463724668
			75.8076988605899	-50.3373463724668
			75.7646018174628	-50.3373463724668
			75.7215047743357	-50.3373463724668
			75.6784077312086	-50.3373463724668
			75.6353106880815	-50.3373463724668
			75.5922136449544	-50.3373463724668
			75.5491166018273	-50.3373463724668
			75.5060195587002	-50.3373463724668
			75.462922515573	-50.3373463724668
			75.4198254724459	-50.3373463724668
			75.3767284293188	-50.3373463724668
			75.3336313861917	-50.3373463724668
			75.2905343430646	-50.3373463724668
			75.2474372999375	-50.3373463724668
			75.2043402568104	-50.3373463724668
			75.1612432136833	-50.3373463724668
			75.1181461705561	-50.3373463724668
			75.075049127429	-50.3373463724668
			75.0319520843019	-50.3373463724668
			74.9888550411748	-50.3373463724668
			74.9457579980477	-50.3373463724668
			74.9026609549206	-50.3373463724668
			74.8595639117935	-50.3373463724668
			74.8164668686664	-50.3373463724668
			74.7733698255392	-50.3373463724668
			74.7302727824121	-50.3373463724668
			74.687175739285	-50.2942493293397
			74.6440786961579	-50.2942493293397
			74.6009816530308	-50.2942493293397
			74.5578846099037	-50.2942493293397
			74.5147875667766	-50.2942493293397
			74.4716905236495	-50.2942493293397
			74.4285934805224	-50.2942493293397
			74.3854964373952	-50.2942493293397
			74.3423993942681	-50.2942493293397
			74.299302351141	-50.2942493293397
			74.2562053080139	-50.2942493293397
			74.2131082648868	-50.2942493293397
			74.1700112217597	-50.2942493293397
			74.1269141786326	-50.2942493293397
			74.0838171355055	-50.2942493293397
			74.0407200923784	-50.2942493293397
			73.9976230492512	-50.2942493293397
			73.9545260061241	-50.2942493293397
			73.911428962997	-50.2942493293397
			73.8683319198699	-50.2942493293397
			73.8252348767428	-50.2942493293397
			73.7821378336157	-50.2942493293397
			73.7390407904886	-50.2511522862125
			73.6959437473615	-50.2511522862125
			73.6528467042343	-50.2511522862125
			73.6097496611072	-50.2511522862125
			73.5666526179801	-50.2511522862125
			73.523555574853	-50.2511522862125
			73.4804585317259	-50.2511522862125
			73.4373614885988	-50.2511522862125
			73.3942644454717	-50.2511522862125
			73.3511674023446	-50.2511522862125
			73.3080703592175	-50.2511522862125
			73.2649733160903	-50.2511522862125
			73.2218762729632	-50.2511522862125
			73.1787792298361	-50.2511522862125
			73.135682186709	-50.2511522862125
			73.0925851435819	-50.2511522862125
			73.0494881004548	-50.2511522862125
			73.0063910573277	-50.2511522862125
			72.9632940142006	-50.2080552430854
			72.9201969710734	-50.2080552430854
			72.8770999279463	-50.2080552430854
			72.8340028848192	-50.2080552430854
			72.7909058416921	-50.2080552430854
			72.747808798565	-50.2080552430854
			72.7047117554379	-50.2080552430854
			72.6616147123108	-50.2080552430854
			72.6185176691837	-50.2080552430854
			72.5754206260565	-50.2080552430854
			72.5323235829294	-50.2080552430854
			72.4892265398023	-50.2080552430854
			72.4461294966752	-50.2080552430854
			72.4030324535481	-50.2080552430854
			72.359935410421	-50.2080552430854
			72.3168383672939	-50.2080552430854
			72.2737413241668	-50.1649581999583
			72.2306442810396	-50.1649581999583
			72.1875472379125	-50.1649581999583
			72.1444501947854	-50.1649581999583
			72.1013531516583	-50.1649581999583
			72.0582561085312	-50.1649581999583
			72.0151590654041	-50.1649581999583
			71.972062022277	-50.1649581999583
			71.9289649791499	-50.1649581999583
			71.8858679360227	-50.1649581999583
			71.8427708928956	-50.2080552430854
			71.7996738497685	-50.2080552430854
			71.7565768066414	-50.2080552430854
			71.7134797635143	-50.2080552430854
			71.6703827203872	-50.2080552430854
			71.6272856772601	-50.2080552430854
			71.584188634133	-50.2080552430854
			71.5410915910059	-50.2511522862125
			71.4979945478787	-50.2511522862125
			71.4548975047516	-50.2511522862125
			71.4118004616245	-50.2511522862125
			71.3687034184974	-50.2511522862125
			71.3256063753703	-50.2511522862125
			71.2825093322432	-50.2511522862125
			71.2394122891161	-50.2511522862125
			71.196315245989	-50.2942493293397
			71.1532182028619	-50.2942493293397
			71.1101211597347	-50.2942493293397
			71.0670241166076	-50.2942493293397
			71.0239270734805	-50.2942493293397
			70.9808300303534	-50.2942493293397
			70.9377329872263	-50.2942493293397
			70.8946359440992	-50.2942493293397
			70.8515389009721	-50.2942493293397
			70.808441857845	-50.3373463724668
			70.7653448147178	-50.3373463724668
			70.7222477715907	-50.3373463724668
			70.6791507284636	-50.3373463724668
			70.6360536853365	-50.3373463724668
			70.5929566422094	-50.3373463724668
			70.5498595990823	-50.3373463724668
			70.5067625559552	-50.3373463724668
			70.4636655128281	-50.3373463724668
			70.4205684697009	-50.3373463724668
			70.3774714265738	-50.3804434155939
			70.3343743834467	-50.3804434155939
			70.2912773403196	-50.3804434155939
			70.2481802971925	-50.3804434155939
			70.2050832540654	-50.3804434155939
			70.1619862109383	-50.3804434155939
			70.1188891678112	-50.3804434155939
			70.075792124684	-50.3804434155939
			70.0326950815569	-50.3804434155939
			69.9895980384298	-50.3804434155939
			69.9465009953027	-50.3804434155939
			69.9034039521756	-50.3804434155939
			69.8603069090485	-50.3804434155939
			69.8172098659214	-50.3804434155939
			69.7741128227943	-50.423540458721
			69.7310157796672	-50.423540458721
			69.68791873654	-50.423540458721
			69.6448216934129	-50.423540458721
			69.6017246502858	-50.423540458721
			69.5586276071587	-50.423540458721
			69.5155305640316	-50.423540458721
			69.4724335209045	-50.423540458721
			69.4293364777774	-50.423540458721
			69.3862394346503	-50.423540458721
			69.3431423915231	-50.423540458721
			69.300045348396	-50.423540458721
			69.2569483052689	-50.423540458721
			69.2138512621418	-50.423540458721
			69.1707542190147	-50.423540458721
			69.1276571758876	-50.423540458721
			69.0845601327605	-50.423540458721
			69.0414630896334	-50.423540458721
			68.9983660465062	-50.423540458721
			68.9552690033791	-50.423540458721
			68.912171960252	-50.423540458721
			68.8690749171249	-50.423540458721
			68.8259778739978	-50.423540458721
			68.7828808308707	-50.423540458721
			68.7397837877436	-50.423540458721
			68.6966867446165	-50.423540458721
			68.6535897014894	-50.423540458721
			68.6104926583622	-50.423540458721
			68.5673956152351	-50.423540458721
			68.524298572108	-50.423540458721
			68.4812015289809	-50.423540458721
			68.4381044858538	-50.423540458721
			68.3950074427267	-50.423540458721
			68.3519103995996	-50.423540458721
			68.3088133564725	-50.423540458721
			68.2657163133454	-50.423540458721
			68.2226192702182	-50.423540458721
			68.1795222270911	-50.423540458721
			68.136425183964	-50.423540458721
			68.0933281408369	-50.423540458721
			68.0502310977098	-50.423540458721
			68.0071340545827	-50.423540458721
			67.9640370114556	-50.423540458721
			67.9209399683285	-50.423540458721
			67.8778429252013	-50.423540458721
			67.8347458820742	-50.423540458721
			67.7916488389471	-50.423540458721
			67.74855179582	-50.423540458721
			67.7054547526929	-50.423540458721
			67.6623577095658	-50.423540458721
			67.6192606664387	-50.423540458721
			67.5761636233116	-50.423540458721
			67.5330665801844	-50.423540458721
			67.4899695370573	-50.423540458721
			67.4468724939302	-50.423540458721
			67.4037754508031	-50.423540458721
			67.360678407676	-50.423540458721
			67.3175813645489	-50.423540458721
			67.2744843214218	-50.423540458721
			67.2313872782947	-50.423540458721
			67.1882902351675	-50.423540458721
			67.1451931920404	-50.423540458721
			67.1020961489133	-50.3804434155939
			67.0589991057862	-50.3804434155939
			67.0159020626591	-50.3804434155939
			66.972805019532	-50.3804434155939
			66.9297079764049	-50.3804434155939
			66.8866109332778	-50.3804434155939
			66.8435138901506	-50.3804434155939
			66.8004168470235	-50.3804434155939
			66.7573198038964	-50.3804434155939
			66.7142227607693	-50.3804434155939
			66.6711257176422	-50.3804434155939
			66.6280286745151	-50.3804434155939
			66.584931631388	-50.3804434155939
			66.5418345882609	-50.3804434155939
			66.4987375451337	-50.3804434155939
			66.4556405020066	-50.3373463724668
			66.4125434588795	-50.3373463724668
			66.3694464157524	-50.3373463724668
			66.3263493726253	-50.3373463724668
			66.2832523294982	-50.3373463724668
			66.2401552863711	-50.3373463724668
			66.197058243244	-50.3373463724668
			66.1539612001169	-50.3373463724668
			66.1108641569897	-50.3373463724668
			66.0677671138626	-50.3373463724668
			66.0246700707355	-50.3373463724668
			65.9815730276084	-50.2942493293397
			65.9384759844813	-50.2942493293397
			65.8953789413542	-50.2942493293397
			65.8522818982271	-50.2942493293397
			65.8091848551	-50.2942493293397
			65.7660878119729	-50.2942493293397
			65.7229907688457	-50.2942493293397
			65.6798937257186	-50.2942493293397
			65.6367966825915	-50.2942493293397
			65.5936996394644	-50.2942493293397
			65.5506025963373	-50.2942493293397
			65.5075055532102	-50.2942493293397
			65.4644085100831	-50.2942493293397
			65.421311466956	-50.2942493293397
			65.3782144238289	-50.2942493293397
			65.3351173807017	-50.2942493293397
			65.2920203375746	-50.3373463724668
			65.2489232944475	-50.3373463724668
			65.2058262513204	-50.3373463724668
			65.1627292081933	-50.3373463724668
			65.1196321650662	-50.3373463724668
			65.0765351219391	-50.3373463724668
			65.033438078812	-50.3373463724668
			64.9903410356848	-50.3373463724668
			64.9472439925577	-50.3373463724668
			64.9041469494306	-50.3373463724668
			64.8610499063035	-50.3373463724668
			64.8179528631764	-50.3373463724668
			64.7748558200493	-50.3373463724668
			64.7317587769222	-50.3373463724668
			64.6886617337951	-50.3373463724668
			64.6455646906679	-50.3373463724668
			64.6024676475408	-50.3373463724668
			64.5593706044137	-50.3373463724668
			64.5162735612866	-50.3373463724668
			64.4731765181595	-50.3373463724668
			64.4300794750324	-50.3373463724668
			64.3869824319053	-50.3373463724668
			64.3438853887782	-50.3373463724668
			64.300788345651	-50.3804434155939
			64.2576913025239	-50.3804434155939
			64.2145942593968	-50.3804434155939
			64.1714972162697	-50.3804434155939
			64.1284001731426	-50.3804434155939
			64.0853031300155	-50.3804434155939
			64.0422060868884	-50.3804434155939
			63.9991090437613	-50.3804434155939
			63.9560120006342	-50.3804434155939
			63.912914957507	-50.3804434155939
			63.8698179143799	-50.3804434155939
			63.8267208712528	-50.3804434155939
			63.7836238281257	-50.3804434155939
			63.7405267849986	-50.3804434155939
			63.6974297418715	-50.3804434155939
			63.6543326987444	-50.3804434155939
			63.6112356556173	-50.3804434155939
			63.5681386124901	-50.3804434155939
			63.525041569363	-50.3804434155939
			63.4819445262359	-50.3804434155939
			63.4388474831088	-50.3804434155939
			63.3957504399817	-50.3804434155939
			63.3526533968546	-50.3804434155939
			63.3095563537275	-50.423540458721
			63.2664593106004	-50.423540458721
			63.2233622674732	-50.423540458721
			63.1802652243461	-50.423540458721
			63.137168181219	-50.423540458721
			63.0940711380919	-50.423540458721
			63.0509740949648	-50.423540458721
			63.0078770518377	-50.423540458721
			62.9647800087106	-50.423540458721
			62.9216829655835	-50.423540458721
			62.8785859224564	-50.423540458721
			62.8354888793292	-50.423540458721
			62.7923918362021	-50.423540458721
			62.749294793075	-50.423540458721
			62.7061977499479	-50.423540458721
			62.6631007068208	-50.423540458721
			62.6200036636937	-50.423540458721
			62.5769066205666	-50.423540458721
			62.5338095774395	-50.423540458721
			62.4907125343123	-50.423540458721
			62.4476154911852	-50.423540458721
			62.4045184480581	-50.423540458721
			62.361421404931	-50.423540458721
			62.3183243618039	-50.423540458721
			62.2752273186768	-50.4666375018481
			62.2321302755497	-50.4666375018481
			62.1890332324226	-50.4666375018481
			62.1459361892954	-50.4666375018481
			62.1028391461683	-50.4666375018481
			62.0597421030412	-50.4666375018481
			62.0166450599141	-50.4666375018481
			61.973548016787	-50.4666375018481
			61.9304509736599	-50.4666375018481
			61.8873539305328	-50.4666375018481
			61.8442568874057	-50.4666375018481
			61.8011598442786	-50.4666375018481
			61.7580628011514	-50.4666375018481
			61.7149657580243	-50.4666375018481
			61.6718687148972	-50.4666375018481
			61.6287716717701	-50.4666375018481
			61.585674628643	-50.4666375018481
			61.5425775855159	-50.4666375018481
			61.4994805423888	-50.4666375018481
			61.4563834992617	-50.4666375018481
			61.4132864561345	-50.4666375018481
			61.3701894130074	-50.4666375018481
			61.3270923698803	-50.4666375018481
			61.2839953267532	-50.4666375018481
			61.2408982836261	-50.5097345449752
			61.197801240499	-50.5097345449752
			61.1547041973719	-50.5097345449752
			61.1116071542448	-50.5097345449752
			61.0685101111176	-50.5097345449752
			61.0254130679905	-50.5097345449752
			60.9823160248634	-50.5097345449752
			60.9392189817363	-50.5097345449752
			60.8961219386092	-50.5097345449752
			60.8530248954821	-50.5097345449752
			60.809927852355	-50.5097345449752
			60.7668308092279	-50.5097345449752
			60.7237337661008	-50.5097345449752
			60.6806367229736	-50.5097345449752
			60.6375396798465	-50.5097345449752
			60.5944426367194	-50.5097345449752
			60.5513455935923	-50.5097345449752
			60.5082485504652	-50.5097345449752
			60.4651515073381	-50.5097345449752
			60.422054464211	-50.5097345449752
			60.3789574210839	-50.5097345449752
			60.3358603779567	-50.5097345449752
			60.2927633348296	-50.5097345449752
			60.2496662917025	-50.5097345449752
			60.2065692485754	-50.5528315881023
			60.1634722054483	-50.5528315881023
			60.1203751623212	-50.5528315881023
			60.0772781191941	-50.5528315881023
			60.034181076067	-50.5528315881023
			59.9910840329399	-50.5528315881023
			59.9479869898127	-50.5528315881023
			59.9048899466856	-50.5528315881023
			59.8617929035585	-50.5528315881023
			59.8186958604314	-50.5528315881023
			59.7755988173043	-50.5528315881023
			59.7325017741772	-50.5528315881023
			59.6894047310501	-50.5528315881023
			59.646307687923	-50.5528315881023
			59.6032106447958	-50.5528315881023
			59.5601136016687	-50.5528315881023
			59.5170165585416	-50.5528315881023
			59.4739195154145	-50.5528315881023
			59.4308224722874	-50.5528315881023
			59.3877254291603	-50.5528315881023
			59.3446283860332	-50.5528315881023
			59.3015313429061	-50.5528315881023
			59.2584342997789	-50.5528315881023
			59.2153372566518	-50.5528315881023
			59.1722402135247	-50.5959286312294
			59.1291431703976	-50.5959286312294
			59.0860461272705	-50.5959286312294
			59.0429490841434	-50.5959286312294
			58.9998520410163	-50.5959286312294
			58.9567549978892	-50.5959286312294
			58.9136579547621	-50.5959286312294
			58.8705609116349	-50.5959286312294
			58.8274638685078	-50.5959286312294
			58.7843668253807	-50.5959286312294
			58.7412697822536	-50.5959286312294
			58.6981727391265	-50.5959286312294
			58.6550756959994	-50.5959286312294
			58.6119786528723	-50.5959286312294
			58.5688816097452	-50.5959286312294
			58.525784566618	-50.5959286312294
			58.4826875234909	-50.5959286312294
			58.4395904803638	-50.5959286312294
			58.3964934372367	-50.5959286312294
			58.3533963941096	-50.5959286312294
			58.3102993509825	-50.5959286312294
			58.2672023078554	-50.5959286312294
			58.2241052647283	-50.5959286312294
			58.1810082216011	-50.5959286312294
			58.137911178474	-50.5959286312294
			58.0948141353469	-50.6390256743566
			58.0517170922198	-50.6390256743566
			58.0086200490927	-50.6390256743566
			57.9655230059656	-50.6390256743566
			57.9224259628385	-50.6390256743566
			57.8793289197114	-50.6390256743566
			57.8362318765843	-50.6390256743566
			57.7931348334571	-50.6390256743566
			57.75003779033	-50.6390256743566
			57.7069407472029	-50.6390256743566
			57.6638437040758	-50.6390256743566
			57.6207466609487	-50.6390256743566
			57.5776496178216	-50.6390256743566
			57.5345525746945	-50.6390256743566
			57.4914555315674	-50.6390256743566
			57.4483584884402	-50.6390256743566
			57.4052614453131	-50.6390256743566
			57.362164402186	-50.6390256743566
			57.3190673590589	-50.6390256743566
			57.2759703159318	-50.6390256743566
			57.2328732728047	-50.6390256743566
			57.1897762296776	-50.6390256743566
			57.1466791865505	-50.6390256743566
			57.1035821434233	-50.6390256743566
			57.0604851002962	-50.6390256743566
			57.0173880571691	-50.6390256743566
			56.974291014042	-50.6390256743566
			56.9311939709149	-50.6390256743566
			56.8880969277878	-50.6390256743566
			56.8449998846607	-50.6390256743566
			56.8019028415336	-50.6390256743566
			56.7588057984065	-50.6390256743566
			56.7157087552793	-50.6390256743566
			56.6726117121522	-50.6390256743566
			56.6295146690251	-50.6390256743566
			56.586417625898	-50.6390256743566
			56.5433205827709	-50.6390256743566
			56.5002235396438	-50.6390256743566
			56.4571264965167	-50.6390256743566
			56.4140294533896	-50.6390256743566
			56.3709324102624	-50.6390256743566
			56.3278353671353	-50.6390256743566
			56.2847383240082	-50.6390256743566
			56.2416412808811	-50.6390256743566
			56.198544237754	-50.6390256743566
			56.1554471946269	-50.6390256743566
			56.1123501514998	-50.6390256743566
			56.0692531083727	-50.6390256743566
			56.0261560652456	-50.6390256743566
			55.9830590221184	-50.6390256743566
			55.9399619789913	-50.6390256743566
			55.8968649358642	-50.6390256743566
			55.8537678927371	-50.6390256743566
			55.81067084961	-50.6390256743566
			55.7675738064829	-50.6390256743566
			55.7244767633558	-50.6390256743566
			55.6813797202287	-50.6390256743566
			55.6382826771015	-50.6390256743566
			55.5951856339744	-50.6390256743566
			55.5520885908473	-50.6390256743566
			55.5089915477202	-50.6390256743566
			55.4658945045931	-50.6390256743566
			55.422797461466	-50.6390256743566
			55.3797004183389	-50.6390256743566
			55.3366033752118	-50.6390256743566
			55.2935063320846	-50.6390256743566
			55.2504092889575	-50.6390256743566
			55.2504092889575	-50.6821227174837
			55.2073122458304	-50.6821227174837
			55.1642152027033	-50.6821227174837
			55.1211181595762	-50.6821227174837
			55.0780211164491	-50.6821227174837
			55.034924073322	-50.6821227174837
			54.9918270301949	-50.6821227174837
			54.9487299870678	-50.6821227174837
			54.9056329439406	-50.6821227174837
			54.8625359008135	-50.6821227174837
			54.8194388576864	-50.6821227174837
			54.7763418145593	-50.6821227174837
			54.7332447714322	-50.6821227174837
			54.6901477283051	-50.6821227174837
			54.647050685178	-50.6821227174837
			54.6039536420509	-50.6821227174837
			54.5608565989237	-50.6821227174837
			54.5177595557966	-50.6821227174837
			54.4746625126695	-50.6821227174837
			54.4315654695424	-50.6821227174837
			54.3884684264153	-50.6821227174837
			54.3453713832882	-50.6821227174837
			54.3022743401611	-50.6821227174837
			54.259177297034	-50.6821227174837
			54.2160802539068	-50.6821227174837
			54.1729832107797	-50.6821227174837
			54.1298861676526	-50.6821227174837
			54.0867891245255	-50.6821227174837
			54.0436920813984	-50.6821227174837
			54.0005950382713	-50.6821227174837
			53.9574979951442	-50.6821227174837
			53.9144009520171	-50.6821227174837
			53.8713039088899	-50.6821227174837
			53.8282068657628	-50.6821227174837
			53.7851098226357	-50.6821227174837
			53.7420127795086	-50.6821227174837
			53.6989157363815	-50.6821227174837
			53.6558186932544	-50.6821227174837
			53.6127216501273	-50.6821227174837
			53.5696246070002	-50.6821227174837
			53.5265275638731	-50.6821227174837
			53.4834305207459	-50.6821227174837
			53.4403334776188	-50.6821227174837
			53.3972364344917	-50.6821227174837
			53.3541393913646	-50.6821227174837
			53.3110423482375	-50.7252197606108
			53.2679453051104	-50.7252197606108
			53.2248482619833	-50.7252197606108
			53.1817512188562	-50.7252197606108
			53.1386541757291	-50.7252197606108
			53.0955571326019	-50.7252197606108
			53.0524600894748	-50.7252197606108
			53.0093630463477	-50.7252197606108
			52.9662660032206	-50.7252197606108
			52.9231689600935	-50.7252197606108
			52.8800719169664	-50.7252197606108
			52.8369748738393	-50.7252197606108
			52.7938778307122	-50.7252197606108
			52.750780787585	-50.7252197606108
			52.7076837444579	-50.7252197606108
			52.6645867013308	-50.7252197606108
			52.6214896582037	-50.7252197606108
			52.5783926150766	-50.7252197606108
			52.5352955719495	-50.7252197606108
			52.4921985288224	-50.7252197606108
			52.4491014856953	-50.7252197606108
			52.4060044425681	-50.7252197606108
			52.362907399441	-50.7252197606108
			52.3198103563139	-50.7252197606108
			52.2767133131868	-50.7252197606108
			52.2336162700597	-50.7252197606108
			52.1905192269326	-50.7252197606108
			52.1474221838055	-50.7252197606108
			52.1043251406784	-50.7252197606108
			52.0612280975513	-50.7252197606108
			52.0181310544241	-50.7252197606108
			51.975034011297	-50.7252197606108
			51.9319369681699	-50.7252197606108
			51.8888399250428	-50.7252197606108
			51.8457428819157	-50.7683168037379
			51.8026458387886	-50.7683168037379
			51.7595487956615	-50.7683168037379
			51.7164517525344	-50.7683168037379
			51.6733547094072	-50.7683168037379
			51.6302576662801	-50.7683168037379
			51.587160623153	-50.7683168037379
			51.5440635800259	-50.7683168037379
			51.5009665368988	-50.7683168037379
			51.4578694937717	-50.7683168037379
			51.4147724506446	-50.7683168037379
			51.3716754075175	-50.7683168037379
			51.3285783643903	-50.7683168037379
			51.2854813212632	-50.7683168037379
			51.2423842781361	-50.7683168037379
			51.199287235009	-50.7683168037379
			51.1561901918819	-50.7683168037379
			51.1130931487548	-50.7683168037379
			51.0699961056277	-50.7683168037379
			51.0268990625006	-50.7683168037379
			50.9838020193734	-50.7683168037379
			50.9407049762463	-50.7683168037379
			50.8976079331192	-50.7683168037379
			50.8545108899921	-50.7683168037379
			50.811413846865	-50.7683168037379
			50.7683168037379	-50.7683168037379
			50.7252197606108	-50.7683168037379
			50.6821227174837	-50.7683168037379
			50.6390256743566	-50.7683168037379
			50.6390256743566	-50.811413846865
			50.5959286312294	-50.811413846865
			50.5528315881023	-50.811413846865
			50.5097345449752	-50.811413846865
			50.4666375018481	-50.811413846865
			50.423540458721	-50.811413846865
			50.3804434155939	-50.811413846865
			50.3373463724668	-50.811413846865
			50.2942493293397	-50.811413846865
			50.2511522862125	-50.811413846865
			50.2080552430854	-50.811413846865
			50.1649581999583	-50.811413846865
			50.1218611568312	-50.811413846865
			50.0787641137041	-50.811413846865
			50.035667070577	-50.811413846865
			49.9925700274499	-50.811413846865
			49.9494729843228	-50.811413846865
			49.9063759411956	-50.811413846865
			49.8632788980685	-50.811413846865
			49.8201818549414	-50.811413846865
			49.7770848118143	-50.811413846865
			49.7339877686872	-50.811413846865
			49.6908907255601	-50.811413846865
			49.647793682433	-50.811413846865
			49.6046966393059	-50.811413846865
			49.5615995961788	-50.811413846865
			49.5185025530516	-50.8545108899921
			49.4754055099245	-50.8545108899921
			49.4323084667974	-50.8545108899921
			49.3892114236703	-50.8545108899921
			49.3461143805432	-50.8545108899921
			49.3030173374161	-50.8545108899921
			49.259920294289	-50.8545108899921
			49.2168232511619	-50.8545108899921
			49.1737262080348	-50.8545108899921
			49.1306291649076	-50.8545108899921
			49.0875321217805	-50.8545108899921
			49.0444350786534	-50.8545108899921
			49.0013380355263	-50.8545108899921
			48.9582409923992	-50.8545108899921
			48.9151439492721	-50.8545108899921
			48.872046906145	-50.8545108899921
			48.8289498630179	-50.8545108899921
			48.7858528198907	-50.8545108899921
			48.7427557767636	-50.8545108899921
			48.6996587336365	-50.8545108899921
			48.6565616905094	-50.8545108899921
			48.6134646473823	-50.811413846865
			48.5703676042552	-50.811413846865
			48.5272705611281	-50.811413846865
			48.484173518001	-50.811413846865
			48.4410764748738	-50.811413846865
			48.3979794317467	-50.811413846865
			48.3548823886196	-50.811413846865
			48.3117853454925	-50.811413846865
			48.2686883023654	-50.811413846865
			48.2255912592383	-50.811413846865
			48.1824942161112	-50.811413846865
			48.1393971729841	-50.811413846865
			48.0963001298569	-50.811413846865
			48.0532030867298	-50.811413846865
			48.0101060436027	-50.811413846865
			47.9670090004756	-50.811413846865
			47.9239119573485	-50.811413846865
			47.8808149142214	-50.811413846865
			47.8377178710943	-50.811413846865
			47.7946208279672	-50.811413846865
			47.7515237848401	-50.811413846865
			47.7084267417129	-50.811413846865
			47.6653296985858	-50.811413846865
			47.6222326554587	-50.811413846865
			47.5791356123316	-50.811413846865
			47.5360385692045	-50.811413846865
			47.4929415260774	-50.811413846865
			47.4498444829503	-50.811413846865
			47.4067474398232	-50.811413846865
			47.363650396696	-50.811413846865
			47.3205533535689	-50.811413846865
			47.2774563104418	-50.811413846865
			47.2343592673147	-50.811413846865
			47.1912622241876	-50.811413846865
			47.1481651810605	-50.811413846865
			47.1050681379334	-50.811413846865
			47.0619710948063	-50.811413846865
			47.0188740516791	-50.811413846865
			46.975777008552	-50.811413846865
			46.9326799654249	-50.811413846865
			46.8895829222978	-50.811413846865
			46.8464858791707	-50.811413846865
			46.8033888360436	-50.811413846865
			46.7602917929165	-50.811413846865
			46.7171947497894	-50.811413846865
			46.6740977066623	-50.811413846865
			46.6310006635351	-50.811413846865
			46.587903620408	-50.811413846865
			46.5448065772809	-50.811413846865
			46.5017095341538	-50.811413846865
			46.4586124910267	-50.811413846865
			46.4155154478996	-50.811413846865
			46.3724184047725	-50.811413846865
			46.3293213616454	-50.811413846865
			46.2862243185182	-50.811413846865
			46.2431272753911	-50.811413846865
			46.200030232264	-50.811413846865
			46.1569331891369	-50.811413846865
			46.1138361460098	-50.811413846865
			46.0707391028827	-50.811413846865
			46.0276420597556	-50.811413846865
			45.9845450166285	-50.811413846865
			45.9414479735014	-50.811413846865
			45.8983509303742	-50.811413846865
			45.8552538872471	-50.811413846865
			45.81215684412	-50.811413846865
			45.7690598009929	-50.811413846865
			45.7259627578658	-50.811413846865
			45.6828657147387	-50.811413846865
			45.6397686716116	-50.811413846865
			45.5966716284845	-50.811413846865
			45.5535745853573	-50.8545108899921
			45.5104775422302	-50.8545108899921
			45.4673804991031	-50.8545108899921
			45.424283455976	-50.8545108899921
			45.3811864128489	-50.8545108899921
			45.3380893697218	-50.8545108899921
			45.2949923265947	-50.8545108899921
			45.2518952834676	-50.8545108899921
			45.2087982403404	-50.8545108899921
			45.1657011972133	-50.8545108899921
			45.1226041540862	-50.8545108899921
			45.0795071109591	-50.8545108899921
			45.036410067832	-50.8545108899921
			44.9933130247049	-50.8545108899921
			44.9502159815778	-50.8545108899921
			44.9071189384507	-50.8545108899921
			44.8640218953236	-50.8545108899921
			44.8209248521964	-50.8976079331192
			44.7778278090693	-50.8976079331192
			44.7347307659422	-50.8976079331192
			44.6916337228151	-50.8976079331192
			44.648536679688	-50.8976079331192
			44.6054396365609	-50.8976079331192
			44.5623425934338	-50.8976079331192
			44.5192455503067	-50.8976079331192
			44.4761485071795	-50.8976079331192
			44.4330514640524	-50.8976079331192
			44.3899544209253	-50.8976079331192
			44.3468573777982	-50.8976079331192
			44.3037603346711	-50.8976079331192
			44.260663291544	-50.8976079331192
			44.2175662484169	-50.9407049762463
			44.1744692052898	-50.9407049762463
			44.1313721621626	-50.9407049762463
			44.0882751190355	-50.9407049762463
			44.0451780759084	-50.9407049762463
			44.0020810327813	-50.9407049762463
			43.9589839896542	-50.9407049762463
			43.9158869465271	-50.9407049762463
			43.8727899034	-50.9407049762463
			43.8296928602729	-50.9407049762463
			43.7865958171458	-50.9407049762463
			43.7434987740186	-50.9838020193734
			43.7004017308915	-50.9838020193734
			43.6573046877644	-50.9838020193734
			43.6142076446373	-50.9838020193734
			43.5711106015102	-50.9838020193734
			43.5280135583831	-50.9838020193734
			43.484916515256	-50.9838020193734
			43.4418194721289	-50.9838020193734
			43.3987224290017	-50.9838020193734
			43.3556253858746	-50.9838020193734
			43.3125283427475	-51.0268990625006
			43.2694312996204	-51.0268990625006
			43.2263342564933	-51.0268990625006
			43.1832372133662	-51.0268990625006
			43.1401401702391	-51.0268990625006
		</c2>
	</curves.scaled>
	<ruler.points type=matrix rownames=TRUE colnames=FALSE nrow=2 ncol=2 as.numeric=TRUE >
		Ruler point 1	2060	321
		Ruler point 2	2292	317
	</ruler.points>
</shapes>

