<shapes type=list>
	<ruler.pixel type=vector names=FALSE length=1 as.numeric=TRUE >229.034931833552</ruler.pixel>
	<ruler.interval type=vector names=FALSE length=1 as.numeric=TRUE >10</ruler.interval>
	<scaling.units type=vector names=FALSE length=1 as.numeric=FALSE >undefined</scaling.units>
	<scaling type=vector names=FALSE length=1 as.numeric=TRUE >0.0436614621182211</scaling>
	<landmarks.pixel type=matrix rownames=TRUE colnames=FALSE nrow=2 ncol=2 as.numeric=TRUE >
		LM1	885	1183
		LM2	2256	1223
	</landmarks.pixel>
	<landmarks.scaled type=matrix rownames=TRUE colnames=FALSE nrow=2 ncol=2 as.numeric=TRUE >
		LM1	38.6403939746257	-51.6515096858556
		LM2	98.5002585387068	-53.3979681705844
	</landmarks.scaled>
	<curves.control type=list>
		<c1 type=matrix rownames=FALSE colnames=FALSE nrow=13 ncol=2 as.numeric=TRUE >
			885	1183
			903	1143
			934	1115
			996	1042
			1034	1024
			1187	845
			1337	750
			1493	654
			1559	672
			1842	549
			1974	773
			2184	1024
			2256	1223
		</c1>
		<c2 type=matrix rownames=FALSE colnames=FALSE nrow=15 ncol=2 as.numeric=TRUE >
			2256	1223
			2104	1192
			1948	1170
			1850	1169
			1804	1168
			1758	1170
			1670	1164
			1602	1175
			1405	1173
			1269	1164
			1216	1160
			1161	1175
			1128	1165
			985	1155
			885	1183
		</c2>
	</curves.control>
	<curves.pixel type=list>
		<c1 type=matrix rownames=FALSE colnames=FALSE nrow=1684 ncol=2 as.numeric=TRUE >
			885	1183
			885	1182
			886	1181
			886	1180
			887	1179
			887	1178
			888	1177
			888	1176
			889	1175
			889	1174
			890	1173
			890	1172
			891	1172
			891	1171
			892	1170
			892	1169
			893	1168
			893	1167
			894	1166
			894	1165
			895	1164
			895	1163
			896	1162
			896	1161
			897	1160
			898	1159
			898	1158
			899	1157
			899	1156
			900	1155
			901	1154
			902	1153
			902	1152
			903	1151
			903	1150
			904	1150
			904	1149
			905	1148
			905	1147
			906	1146
			907	1145
			908	1144
			908	1143
			909	1142
			910	1141
			911	1140
			911	1139
			912	1138
			913	1137
			914	1136
			915	1135
			916	1134
			917	1133
			918	1132
			918	1131
			919	1130
			920	1129
			921	1128
			922	1127
			923	1126
			924	1125
			925	1124
			926	1123
			927	1122
			928	1121
			928	1120
			929	1119
			930	1118
			931	1117
			932	1117
			933	1116
			934	1115
			935	1114
			936	1113
			936	1112
			937	1111
			938	1111
			938	1110
			939	1109
			940	1108
			941	1107
			942	1106
			943	1105
			944	1104
			944	1103
			945	1102
			946	1101
			947	1100
			948	1099
			949	1098
			949	1097
			950	1096
			951	1096
			952	1095
			953	1094
			953	1093
			954	1092
			955	1091
			956	1090
			957	1089
			958	1088
			959	1087
			960	1086
			961	1085
			962	1084
			963	1083
			964	1082
			965	1081
			966	1080
			966	1079
			967	1078
			968	1077
			969	1076
			970	1075
			971	1074
			972	1073
			973	1072
			974	1071
			975	1070
			976	1069
			977	1068
			978	1067
			979	1066
			980	1065
			981	1064
			982	1063
			983	1062
			984	1061
			985	1061
			985	1060
			986	1059
			987	1059
			988	1058
			988	1057
			989	1057
			990	1056
			990	1055
			991	1055
			992	1054
			993	1053
			994	1052
			995	1051
			996	1050
			997	1050
			998	1049
			999	1048
			999	1047
			1000	1047
			1001	1046
			1002	1045
			1003	1045
			1003	1044
			1004	1044
			1005	1043
			1006	1042
			1007	1042
			1007	1041
			1008	1040
			1009	1040
			1010	1039
			1011	1038
			1012	1037
			1013	1037
			1014	1036
			1015	1035
			1016	1035
			1017	1034
			1018	1033
			1019	1032
			1020	1032
			1021	1031
			1022	1031
			1023	1030
			1024	1029
			1025	1029
			1026	1028
			1027	1028
			1028	1027
			1029	1026
			1030	1026
			1031	1026
			1032	1025
			1033	1024
			1034	1024
			1035	1023
			1036	1022
			1037	1021
			1037	1020
			1038	1019
			1039	1018
			1040	1017
			1041	1016
			1042	1015
			1042	1014
			1043	1013
			1044	1012
			1045	1011
			1046	1010
			1047	1009
			1047	1008
			1048	1007
			1049	1006
			1050	1006
			1051	1005
			1052	1004
			1053	1003
			1053	1002
			1054	1001
			1055	1000
			1056	999
			1057	998
			1058	997
			1058	996
			1059	995
			1060	994
			1061	993
			1062	992
			1063	991
			1063	990
			1064	989
			1065	988
			1066	987
			1067	987
			1068	986
			1068	985
			1069	984
			1070	983
			1071	982
			1072	981
			1073	980
			1074	979
			1074	978
			1075	977
			1076	976
			1077	975
			1078	975
			1079	974
			1079	973
			1080	972
			1081	971
			1082	970
			1083	969
			1084	968
			1084	967
			1085	966
			1086	965
			1087	964
			1088	964
			1089	963
			1089	962
			1090	961
			1091	960
			1092	959
			1093	958
			1094	957
			1095	956
			1095	955
			1096	955
			1097	954
			1098	953
			1099	952
			1100	951
			1100	950
			1101	949
			1102	948
			1103	948
			1104	947
			1105	946
			1105	945
			1106	944
			1107	943
			1108	942
			1109	941
			1110	940
			1111	939
			1112	938
			1113	937
			1114	936
			1115	935
			1116	934
			1117	933
			1118	932
			1119	931
			1120	930
			1121	929
			1122	928
			1123	927
			1124	926
			1125	925
			1125	924
			1126	924
			1127	923
			1127	922
			1128	921
			1129	921
			1130	920
			1130	919
			1131	919
			1132	918
			1133	917
			1133	916
			1134	916
			1135	915
			1135	914
			1136	914
			1137	913
			1138	912
			1138	911
			1139	911
			1140	910
			1140	909
			1141	909
			1142	908
			1143	907
			1143	906
			1144	906
			1145	905
			1146	904
			1147	903
			1148	902
			1149	901
			1150	900
			1151	899
			1152	898
			1153	897
			1154	896
			1155	895
			1156	894
			1157	893
			1158	892
			1159	891
			1160	890
			1161	889
			1162	888
			1163	888
			1163	887
			1164	886
			1165	886
			1166	885
			1166	884
			1167	884
			1168	883
			1169	882
			1169	881
			1170	881
			1171	880
			1172	879
			1173	878
			1174	877
			1175	876
			1176	875
			1177	875
			1178	874
			1179	873
			1179	872
			1180	871
			1181	871
			1182	870
			1183	869
			1184	868
			1185	867
			1186	866
			1187	866
			1188	865
			1188	864
			1189	863
			1190	862
			1191	862
			1192	861
			1193	860
			1194	859
			1195	858
			1196	858
			1196	857
			1197	856
			1198	855
			1199	854
			1200	854
			1201	853
			1202	852
			1203	851
			1204	851
			1205	850
			1205	849
			1206	848
			1207	847
			1208	847
			1209	846
			1210	845
			1211	844
			1212	844
			1213	843
			1213	842
			1214	841
			1215	841
			1216	840
			1217	839
			1218	838
			1219	837
			1220	837
			1221	836
			1222	835
			1222	834
			1223	834
			1224	833
			1225	832
			1226	831
			1227	831
			1228	830
			1229	829
			1230	828
			1231	827
			1232	826
			1233	826
			1234	825
			1235	824
			1236	823
			1237	822
			1238	822
			1239	821
			1239	820
			1240	820
			1241	819
			1242	819
			1242	818
			1243	817
			1244	817
			1245	816
			1246	815
			1247	814
			1248	814
			1249	813
			1250	812
			1251	811
			1252	811
			1253	810
			1254	809
			1255	808
			1256	807
			1257	806
			1258	806
			1259	805
			1260	804
			1261	803
			1262	802
			1263	802
			1264	801
			1265	801
			1265	800
			1266	799
			1267	799
			1268	798
			1269	798
			1269	797
			1270	796
			1271	796
			1272	795
			1273	795
			1273	794
			1274	793
			1275	793
			1276	792
			1277	792
			1277	791
			1278	790
			1279	790
			1280	789
			1281	789
			1281	788
			1282	787
			1283	787
			1284	786
			1285	786
			1285	785
			1286	785
			1287	784
			1288	783
			1289	783
			1289	782
			1290	782
			1291	781
			1292	780
			1293	780
			1293	779
			1294	779
			1295	778
			1296	778
			1297	777
			1298	776
			1299	775
			1300	775
			1301	774
			1302	773
			1303	773
			1304	772
			1305	771
			1306	771
			1307	770
			1308	769
			1309	769
			1310	768
			1311	767
			1312	767
			1312	766
			1313	765
			1314	765
			1315	764
			1316	763
			1317	763
			1318	762
			1319	762
			1320	761
			1321	760
			1322	760
			1323	759
			1324	758
			1325	758
			1326	757
			1327	757
			1328	756
			1329	755
			1330	755
			1331	754
			1332	753
			1333	753
			1334	752
			1335	751
			1336	751
			1337	750
			1338	749
			1339	749
			1340	748
			1341	748
			1342	747
			1343	746
			1344	746
			1345	745
			1346	744
			1347	744
			1348	743
			1349	742
			1350	742
			1351	741
			1352	741
			1353	740
			1354	739
			1355	739
			1356	738
			1357	738
			1358	737
			1359	737
			1360	736
			1361	735
			1362	735
			1363	734
			1364	734
			1365	733
			1366	733
			1367	732
			1368	731
			1369	731
			1370	730
			1371	730
			1372	729
			1373	729
			1374	728
			1375	728
			1376	727
			1377	727
			1378	726
			1379	726
			1380	725
			1381	724
			1382	723
			1383	723
			1384	723
			1384	722
			1385	722
			1386	722
			1386	721
			1387	721
			1388	720
			1389	720
			1390	719
			1391	719
			1392	718
			1393	718
			1394	717
			1395	716
			1396	716
			1397	715
			1398	715
			1399	714
			1400	714
			1401	714
			1402	713
			1403	713
			1404	712
			1405	712
			1405	711
			1406	711
			1407	710
			1408	710
			1409	709
			1410	709
			1411	708
			1412	708
			1413	707
			1414	707
			1415	707
			1415	706
			1416	706
			1417	705
			1418	705
			1419	704
			1420	704
			1421	703
			1422	703
			1423	703
			1423	702
			1424	702
			1425	701
			1426	701
			1427	701
			1428	700
			1429	700
			1430	699
			1431	699
			1432	698
			1433	698
			1434	697
			1435	697
			1436	696
			1437	696
			1438	695
			1439	695
			1440	694
			1441	694
			1442	694
			1443	693
			1444	693
			1445	692
			1446	692
			1447	691
			1448	691
			1449	691
			1450	690
			1451	690
			1452	689
			1453	689
			1454	689
			1455	688
			1456	688
			1457	687
			1458	687
			1459	687
			1460	686
			1461	686
			1462	686
			1463	685
			1464	685
			1465	685
			1466	684
			1467	684
			1468	683
			1469	683
			1470	683
			1471	682
			1472	682
			1473	682
			1474	681
			1475	681
			1476	681
			1476	680
			1477	680
			1478	680
			1479	680
			1480	679
			1481	679
			1482	679
			1483	678
			1484	678
			1485	678
			1486	678
			1486	677
			1487	677
			1488	677
			1489	677
			1490	676
			1491	676
			1492	676
			1493	676
			1493	675
			1494	675
			1495	675
			1496	675
			1497	675
			1498	674
			1499	674
			1500	674
			1501	673
			1502	673
			1503	673
			1504	673
			1505	673
			1506	672
			1507	672
			1508	672
			1509	672
			1510	672
			1511	672
			1512	671
			1513	671
			1514	671
			1515	671
			1516	671
			1517	671
			1517	670
			1518	670
			1519	670
			1520	670
			1521	670
			1522	670
			1523	670
			1524	670
			1525	670
			1526	670
			1527	669
			1528	669
			1529	669
			1530	669
			1531	669
			1532	669
			1533	669
			1534	669
			1535	669
			1536	669
			1537	669
			1538	669
			1539	669
			1540	669
			1541	669
			1542	669
			1543	669
			1544	669
			1545	670
			1546	670
			1547	670
			1548	670
			1549	670
			1550	670
			1551	670
			1552	671
			1553	671
			1554	671
			1555	671
			1556	671
			1557	672
			1558	672
			1559	672
			1560	672
			1561	671
			1562	671
			1563	670
			1564	670
			1565	669
			1566	669
			1567	668
			1568	668
			1569	668
			1570	667
			1571	667
			1572	666
			1573	666
			1574	666
			1575	665
			1576	665
			1577	664
			1578	664
			1579	664
			1580	663
			1581	663
			1582	663
			1582	662
			1583	662
			1584	662
			1585	661
			1586	661
			1587	661
			1588	660
			1589	660
			1590	659
			1591	659
			1592	659
			1592	658
			1593	658
			1594	658
			1595	657
			1596	657
			1597	657
			1598	656
			1599	656
			1600	656
			1601	656
			1601	655
			1602	655
			1603	655
			1604	654
			1605	654
			1606	654
			1607	653
			1608	653
			1609	653
			1609	652
			1610	652
			1611	652
			1612	652
			1613	651
			1614	651
			1615	651
			1616	650
			1617	650
			1618	649
			1619	649
			1620	649
			1621	649
			1622	648
			1623	648
			1624	648
			1625	647
			1626	647
			1627	647
			1628	647
			1629	646
			1630	646
			1631	646
			1632	645
			1633	645
			1634	645
			1635	644
			1636	644
			1637	644
			1638	644
			1639	643
			1640	643
			1641	643
			1642	643
			1642	642
			1643	642
			1644	642
			1645	642
			1646	641
			1647	641
			1648	641
			1649	641
			1650	640
			1651	640
			1652	640
			1653	640
			1654	639
			1655	639
			1656	639
			1657	639
			1658	638
			1659	638
			1660	638
			1661	638
			1662	638
			1662	637
			1663	637
			1664	637
			1665	637
			1666	637
			1667	636
			1668	636
			1669	636
			1670	636
			1671	636
			1672	636
			1673	635
			1674	635
			1675	635
			1676	635
			1677	634
			1678	634
			1679	634
			1680	634
			1681	634
			1682	634
			1683	633
			1684	633
			1685	633
			1686	633
			1687	633
			1688	633
			1689	633
			1690	632
			1691	632
			1692	632
			1693	632
			1694	632
			1695	632
			1696	631
			1697	631
			1698	631
			1699	631
			1700	631
			1701	631
			1702	631
			1703	631
			1704	631
			1705	630
			1706	630
			1707	630
			1708	630
			1709	630
			1710	630
			1711	630
			1712	630
			1713	630
			1714	630
			1715	629
			1716	629
			1717	629
			1718	629
			1719	629
			1720	629
			1721	629
			1722	629
			1723	629
			1724	629
			1725	629
			1726	629
			1727	629
			1728	629
			1729	629
			1730	629
			1731	629
			1732	629
			1733	628
			1734	628
			1735	628
			1736	628
			1737	628
			1738	628
			1739	628
			1740	628
			1741	628
			1742	628
			1743	628
			1744	628
			1745	628
			1746	628
			1747	628
			1748	628
			1749	629
			1750	629
			1751	629
			1752	629
			1753	629
			1754	629
			1755	629
			1756	629
			1757	629
			1758	629
			1759	629
			1760	629
			1761	629
			1762	629
			1763	629
			1764	629
			1765	629
			1766	629
			1766	630
			1767	630
			1768	630
			1769	630
			1770	630
			1771	630
			1772	630
			1773	630
			1774	630
			1775	630
			1776	631
			1777	631
			1778	631
			1779	631
			1780	631
			1781	631
			1782	631
			1783	632
			1784	632
			1785	632
			1786	632
			1787	632
			1788	632
			1789	632
			1789	633
			1790	633
			1791	633
			1792	633
			1793	633
			1794	634
			1795	634
			1796	634
			1797	634
			1798	634
			1799	634
			1800	635
			1801	635
			1802	635
			1803	635
			1804	636
			1805	636
			1806	636
			1807	636
			1808	637
			1809	637
			1810	637
			1811	638
			1812	638
			1813	638
			1814	638
			1815	639
			1816	639
			1817	639
			1818	639
			1819	640
			1820	640
			1821	641
			1822	641
			1823	641
			1824	641
			1824	642
			1825	642
			1826	642
			1827	643
			1828	643
			1829	643
			1830	644
			1831	644
			1832	644
			1833	645
			1834	645
			1835	645
			1836	646
			1837	646
			1838	647
			1839	647
			1840	647
			1841	648
			1842	649
			1843	649
			1844	649
			1845	650
			1846	650
			1847	651
			1848	651
			1849	651
			1850	652
			1851	652
			1851	653
			1852	653
			1853	653
			1854	654
			1855	654
			1856	655
			1857	655
			1858	656
			1859	656
			1860	657
			1861	657
			1862	658
			1863	659
			1864	659
			1865	660
			1866	660
			1866	661
			1867	661
			1868	661
			1868	662
			1869	662
			1870	662
			1870	663
			1871	663
			1872	664
			1873	664
			1874	665
			1875	666
			1876	666
			1877	667
			1878	667
			1878	668
			1879	668
			1880	669
			1881	669
			1881	670
			1882	670
			1883	671
			1884	671
			1884	672
			1885	673
			1886	673
			1887	674
			1888	675
			1889	675
			1890	676
			1891	677
			1892	677
			1892	678
			1893	679
			1894	679
			1895	680
			1896	681
			1897	681
			1898	682
			1899	683
			1900	684
			1901	685
			1902	686
			1903	687
			1904	688
			1905	688
			1906	689
			1907	690
			1908	691
			1909	692
			1910	693
			1911	694
			1912	695
			1913	696
			1914	697
			1915	698
			1916	698
			1917	699
			1918	700
			1919	701
			1920	702
			1921	703
			1922	704
			1923	705
			1924	706
			1925	707
			1926	708
			1927	709
			1928	710
			1929	711
			1930	712
			1931	713
			1931	714
			1932	715
			1933	715
			1933	716
			1934	717
			1935	718
			1936	719
			1937	720
			1937	721
			1938	722
			1939	722
			1939	723
			1940	724
			1941	725
			1941	726
			1942	726
			1943	727
			1943	728
			1944	729
			1944	730
			1945	730
			1946	731
			1946	732
			1947	733
			1948	734
			1948	735
			1949	735
			1950	736
			1950	737
			1951	738
			1952	739
			1952	740
			1953	741
			1954	742
			1955	743
			1956	744
			1956	745
			1957	746
			1957	747
			1958	747
			1958	748
			1959	749
			1959	750
			1960	751
			1961	752
			1961	753
			1962	754
			1963	755
			1964	756
			1964	757
			1965	758
			1965	759
			1966	760
			1967	761
			1967	762
			1968	763
			1969	764
			1969	765
			1970	766
			1970	767
			1971	768
			1972	769
			1972	770
			1973	771
			1973	772
			1974	773
			1975	774
			1976	775
			1977	776
			1977	777
			1978	778
			1979	778
			1979	779
			1980	780
			1980	781
			1981	781
			1981	782
			1982	783
			1983	783
			1983	784
			1984	785
			1985	786
			1986	787
			1987	788
			1987	789
			1988	790
			1989	791
			1990	792
			1991	793
			1992	794
			1992	795
			1993	796
			1994	797
			1995	798
			1996	799
			1996	800
			1997	801
			1998	802
			1999	803
			2000	804
			2000	805
			2001	806
			2002	807
			2003	808
			2003	809
			2004	810
			2005	811
			2006	812
			2007	813
			2007	814
			2008	815
			2009	816
			2010	817
			2011	818
			2011	819
			2012	819
			2013	820
			2014	821
			2014	822
			2015	823
			2016	824
			2017	825
			2017	826
			2018	827
			2019	828
			2020	829
			2021	830
			2021	831
			2022	832
			2023	833
			2024	834
			2024	835
			2025	836
			2026	837
			2027	838
			2027	839
			2028	840
			2029	841
			2030	842
			2030	843
			2031	844
			2032	844
			2033	845
			2033	846
			2034	847
			2035	848
			2036	849
			2036	850
			2037	851
			2038	852
			2039	853
			2039	854
			2040	855
			2041	856
			2041	857
			2042	858
			2043	859
			2044	860
			2044	861
			2045	862
			2046	863
			2047	864
			2047	865
			2048	865
			2049	866
			2049	867
			2050	868
			2051	869
			2052	870
			2052	871
			2053	872
			2054	873
			2054	874
			2055	875
			2056	876
			2057	877
			2057	878
			2058	879
			2059	880
			2059	881
			2060	882
			2061	882
			2062	883
			2062	884
			2063	885
			2064	886
			2064	887
			2065	888
			2066	889
			2066	890
			2067	891
			2068	892
			2069	893
			2069	894
			2070	895
			2071	896
			2071	897
			2072	897
			2073	898
			2073	899
			2074	900
			2075	901
			2075	902
			2076	903
			2077	904
			2077	905
			2078	906
			2079	907
			2079	908
			2080	909
			2081	910
			2082	911
			2083	912
			2084	913
			2084	914
			2085	915
			2086	916
			2087	917
			2087	918
			2088	919
			2088	920
			2089	921
			2090	922
			2091	923
			2091	924
			2092	925
			2093	926
			2093	927
			2094	928
			2095	929
			2095	930
			2096	931
			2097	932
			2097	933
			2098	934
			2099	935
			2099	936
			2100	937
			2101	938
			2102	939
			2103	940
			2103	941
			2104	941
			2104	942
			2104	943
			2105	944
			2106	945
			2107	946
			2107	947
			2108	948
			2109	949
			2109	950
			2110	950
			2110	951
			2111	952
			2111	953
			2112	954
			2113	955
			2114	956
			2114	957
			2115	958
			2116	959
			2116	960
			2117	961
			2118	962
			2118	963
			2119	964
			2120	965
			2120	966
			2121	967
			2122	968
			2122	969
			2123	970
			2124	971
			2124	972
			2125	973
			2125	974
			2126	975
			2127	976
			2127	977
			2128	978
			2129	979
			2129	980
			2130	981
			2131	981
			2131	982
			2132	983
			2132	984
			2133	985
			2134	986
			2134	987
			2135	988
			2136	989
			2136	990
			2137	991
			2137	992
			2138	993
			2139	994
			2139	995
			2140	996
			2141	997
			2141	998
			2142	999
			2142	1000
			2143	1001
			2144	1002
			2144	1003
			2145	1004
			2146	1005
			2146	1006
			2147	1007
			2147	1008
			2148	1008
			2148	1009
			2149	1010
			2149	1011
			2150	1012
			2151	1013
			2151	1014
			2152	1015
			2152	1016
			2153	1016
			2153	1017
			2154	1018
			2154	1019
			2155	1020
			2156	1021
			2157	1022
			2157	1023
			2158	1024
			2158	1025
			2159	1026
			2160	1027
			2160	1028
			2161	1029
			2161	1030
			2162	1031
			2162	1032
			2163	1033
			2164	1034
			2164	1035
			2165	1036
			2165	1037
			2166	1038
			2167	1039
			2167	1040
			2168	1041
			2168	1042
			2169	1043
			2169	1044
			2170	1045
			2171	1046
			2171	1047
			2172	1048
			2172	1049
			2173	1050
			2174	1051
			2174	1052
			2175	1053
			2175	1054
			2176	1054
			2176	1055
			2176	1056
			2177	1056
			2177	1057
			2178	1058
			2178	1059
			2179	1060
			2180	1061
			2180	1062
			2181	1063
			2181	1064
			2182	1065
			2182	1066
			2183	1067
			2184	1068
			2184	1069
			2185	1070
			2185	1071
			2186	1072
			2186	1073
			2187	1074
			2187	1075
			2188	1076
			2189	1077
			2189	1078
			2190	1079
			2190	1080
			2191	1081
			2191	1082
			2192	1083
			2192	1084
			2193	1085
			2193	1086
			2194	1087
			2195	1088
			2195	1089
			2196	1090
			2196	1091
			2197	1092
			2197	1093
			2198	1094
			2198	1095
			2199	1096
			2199	1097
			2200	1098
			2200	1099
			2201	1100
			2201	1101
			2202	1102
			2202	1103
			2203	1104
			2203	1105
			2204	1106
			2204	1107
			2205	1107
			2205	1108
			2206	1109
			2206	1110
			2207	1111
			2207	1112
			2208	1113
			2208	1114
			2209	1115
			2209	1116
			2210	1117
			2210	1118
			2211	1119
			2211	1120
			2212	1121
			2212	1122
			2213	1123
			2213	1124
			2214	1125
			2214	1126
			2215	1127
			2215	1128
			2216	1129
			2216	1130
			2217	1131
			2217	1132
			2217	1133
			2218	1133
			2218	1134
			2219	1135
			2219	1136
			2220	1137
			2220	1138
			2221	1139
			2221	1140
			2222	1141
			2222	1142
			2222	1143
			2223	1144
			2223	1145
			2224	1146
			2224	1147
			2225	1148
			2225	1149
			2226	1150
			2226	1151
			2226	1152
			2227	1152
			2227	1153
			2228	1154
			2228	1155
			2229	1156
			2229	1157
			2229	1158
			2230	1159
			2230	1160
			2231	1161
			2231	1162
			2232	1163
			2232	1164
			2232	1165
			2233	1166
			2233	1167
			2234	1168
			2235	1169
			2235	1170
			2235	1171
			2236	1172
			2236	1173
			2237	1174
			2237	1175
			2237	1176
			2238	1177
			2238	1178
			2239	1179
			2239	1180
			2240	1181
			2240	1182
			2240	1183
			2241	1184
			2241	1185
			2242	1186
			2242	1187
			2242	1188
			2243	1189
			2243	1190
			2244	1191
			2244	1192
			2244	1193
			2245	1194
			2245	1195
			2245	1196
			2246	1196
			2246	1197
			2247	1198
			2247	1199
			2247	1200
			2248	1201
			2248	1202
			2249	1203
			2249	1204
			2249	1205
			2250	1206
			2250	1207
			2250	1208
			2251	1209
			2251	1210
			2251	1211
			2252	1212
			2252	1213
			2253	1214
			2253	1215
			2253	1216
			2254	1217
			2254	1218
			2255	1219
			2255	1220
			2255	1221
			2256	1222
			2256	1223
		</c1>
		<c2 type=matrix rownames=FALSE colnames=FALSE nrow=1379 ncol=2 as.numeric=TRUE >
			2256	1223
			2255	1223
			2254	1223
			2253	1222
			2252	1222
			2251	1222
			2250	1222
			2249	1221
			2248	1221
			2247	1221
			2246	1221
			2245	1221
			2244	1221
			2243	1220
			2242	1220
			2241	1220
			2240	1220
			2239	1220
			2238	1219
			2237	1219
			2236	1219
			2235	1219
			2234	1219
			2233	1218
			2232	1218
			2231	1218
			2230	1218
			2229	1218
			2228	1217
			2227	1217
			2226	1217
			2225	1217
			2224	1217
			2223	1216
			2222	1216
			2221	1216
			2220	1216
			2219	1216
			2218	1215
			2217	1215
			2216	1215
			2215	1215
			2214	1215
			2213	1214
			2212	1214
			2211	1214
			2210	1214
			2209	1214
			2208	1213
			2207	1213
			2206	1213
			2205	1213
			2204	1213
			2203	1212
			2202	1212
			2201	1212
			2200	1212
			2199	1212
			2198	1211
			2197	1211
			2196	1211
			2195	1211
			2194	1211
			2193	1211
			2192	1210
			2191	1210
			2190	1210
			2189	1210
			2188	1210
			2187	1209
			2186	1209
			2185	1209
			2184	1209
			2183	1209
			2182	1208
			2181	1208
			2180	1208
			2179	1208
			2178	1208
			2177	1207
			2176	1207
			2175	1207
			2174	1207
			2173	1207
			2172	1207
			2171	1206
			2170	1206
			2169	1206
			2168	1206
			2167	1206
			2166	1205
			2165	1205
			2164	1205
			2163	1205
			2162	1205
			2161	1205
			2160	1204
			2159	1204
			2158	1204
			2157	1204
			2156	1204
			2155	1203
			2154	1203
			2153	1203
			2152	1203
			2151	1203
			2150	1202
			2149	1202
			2148	1202
			2147	1202
			2146	1202
			2145	1202
			2144	1201
			2143	1201
			2142	1201
			2141	1201
			2140	1201
			2139	1201
			2138	1200
			2137	1200
			2136	1200
			2135	1200
			2134	1200
			2133	1199
			2132	1199
			2131	1199
			2130	1199
			2129	1199
			2128	1199
			2127	1198
			2126	1198
			2125	1198
			2124	1198
			2123	1198
			2122	1198
			2121	1197
			2120	1197
			2119	1197
			2118	1197
			2117	1197
			2116	1197
			2115	1196
			2114	1196
			2113	1196
			2112	1196
			2111	1196
			2110	1196
			2109	1195
			2108	1195
			2107	1195
			2106	1195
			2105	1195
			2104	1194
			2103	1194
			2102	1194
			2101	1194
			2100	1194
			2099	1194
			2098	1193
			2097	1193
			2096	1193
			2095	1193
			2094	1193
			2093	1193
			2092	1192
			2091	1192
			2090	1192
			2089	1192
			2088	1192
			2087	1192
			2086	1191
			2085	1191
			2084	1191
			2083	1191
			2082	1191
			2081	1191
			2081	1190
			2080	1190
			2079	1190
			2078	1190
			2077	1190
			2076	1190
			2075	1189
			2074	1189
			2073	1189
			2072	1189
			2071	1189
			2070	1189
			2069	1189
			2068	1188
			2067	1188
			2066	1188
			2065	1188
			2064	1188
			2063	1188
			2062	1187
			2061	1187
			2060	1187
			2059	1187
			2058	1187
			2057	1187
			2056	1186
			2055	1186
			2054	1186
			2053	1186
			2052	1186
			2051	1186
			2050	1185
			2049	1185
			2048	1185
			2047	1185
			2046	1185
			2045	1185
			2044	1184
			2043	1184
			2042	1184
			2041	1184
			2040	1184
			2039	1184
			2038	1184
			2037	1183
			2036	1183
			2035	1183
			2034	1183
			2033	1183
			2032	1183
			2031	1182
			2030	1182
			2029	1182
			2028	1182
			2027	1182
			2026	1182
			2025	1182
			2024	1181
			2023	1181
			2022	1181
			2021	1181
			2020	1181
			2019	1181
			2018	1180
			2017	1180
			2016	1180
			2015	1180
			2014	1180
			2013	1180
			2012	1179
			2011	1179
			2010	1179
			2009	1179
			2008	1179
			2007	1179
			2006	1178
			2005	1178
			2004	1178
			2003	1178
			2002	1178
			2001	1178
			2000	1178
			1999	1177
			1998	1177
			1997	1177
			1996	1177
			1995	1177
			1994	1177
			1993	1176
			1992	1176
			1991	1176
			1990	1176
			1989	1176
			1988	1176
			1987	1176
			1986	1175
			1985	1175
			1984	1175
			1983	1175
			1982	1175
			1981	1175
			1980	1175
			1979	1174
			1978	1174
			1977	1174
			1976	1174
			1975	1174
			1974	1174
			1973	1174
			1972	1173
			1971	1173
			1970	1173
			1969	1173
			1968	1173
			1967	1173
			1966	1173
			1965	1172
			1964	1172
			1963	1172
			1962	1172
			1961	1172
			1960	1172
			1959	1171
			1958	1171
			1957	1171
			1956	1171
			1955	1171
			1954	1171
			1953	1171
			1952	1171
			1951	1170
			1950	1170
			1949	1170
			1948	1170
			1947	1170
			1946	1170
			1945	1170
			1944	1170
			1943	1170
			1942	1170
			1941	1170
			1940	1170
			1939	1170
			1938	1170
			1937	1170
			1936	1170
			1935	1170
			1934	1170
			1933	1170
			1932	1170
			1931	1170
			1930	1170
			1929	1170
			1928	1170
			1927	1170
			1926	1170
			1925	1170
			1924	1170
			1923	1170
			1922	1170
			1921	1170
			1920	1170
			1919	1170
			1918	1170
			1917	1170
			1916	1170
			1915	1170
			1914	1170
			1913	1170
			1912	1170
			1911	1170
			1910	1170
			1909	1170
			1908	1170
			1907	1170
			1906	1170
			1905	1170
			1904	1170
			1903	1170
			1902	1169
			1901	1169
			1900	1169
			1899	1169
			1898	1169
			1897	1169
			1896	1169
			1895	1169
			1894	1169
			1893	1169
			1892	1169
			1891	1169
			1890	1169
			1889	1169
			1888	1169
			1887	1169
			1886	1169
			1885	1169
			1884	1169
			1883	1169
			1882	1169
			1881	1169
			1880	1169
			1879	1169
			1878	1169
			1877	1169
			1876	1169
			1875	1169
			1874	1169
			1873	1169
			1872	1169
			1871	1169
			1870	1169
			1869	1169
			1868	1169
			1867	1169
			1866	1169
			1865	1169
			1864	1169
			1863	1169
			1862	1169
			1861	1169
			1860	1169
			1859	1169
			1858	1169
			1857	1169
			1856	1169
			1855	1169
			1854	1169
			1853	1169
			1852	1169
			1851	1169
			1850	1169
			1849	1169
			1848	1169
			1847	1169
			1846	1169
			1845	1169
			1844	1169
			1843	1169
			1842	1169
			1841	1169
			1840	1169
			1839	1169
			1838	1169
			1837	1169
			1836	1169
			1835	1169
			1834	1169
			1833	1169
			1832	1169
			1831	1169
			1830	1169
			1829	1168
			1828	1168
			1827	1168
			1826	1168
			1825	1168
			1824	1168
			1823	1168
			1822	1168
			1821	1168
			1820	1168
			1819	1168
			1818	1168
			1817	1168
			1816	1168
			1815	1168
			1814	1168
			1813	1168
			1812	1168
			1811	1168
			1810	1168
			1809	1168
			1808	1168
			1807	1168
			1806	1168
			1805	1168
			1804	1168
			1803	1168
			1802	1168
			1801	1168
			1800	1168
			1799	1168
			1798	1168
			1797	1168
			1796	1168
			1795	1168
			1794	1168
			1793	1168
			1792	1168
			1791	1168
			1790	1168
			1789	1168
			1788	1168
			1787	1168
			1786	1168
			1785	1168
			1784	1168
			1783	1168
			1782	1168
			1781	1168
			1780	1168
			1779	1168
			1778	1168
			1777	1168
			1776	1168
			1775	1168
			1774	1168
			1773	1168
			1772	1168
			1771	1168
			1770	1168
			1769	1168
			1768	1168
			1767	1168
			1766	1168
			1765	1168
			1764	1168
			1763	1168
			1762	1168
			1761	1168
			1760	1168
			1759	1168
			1758	1168
			1757	1168
			1756	1168
			1755	1168
			1754	1168
			1753	1168
			1752	1168
			1751	1168
			1750	1168
			1749	1168
			1748	1168
			1747	1168
			1746	1168
			1745	1168
			1744	1168
			1743	1168
			1742	1168
			1741	1168
			1740	1168
			1739	1168
			1738	1168
			1737	1168
			1736	1168
			1735	1168
			1734	1168
			1733	1167
			1732	1167
			1731	1167
			1730	1167
			1729	1167
			1728	1167
			1727	1167
			1726	1167
			1725	1167
			1724	1167
			1723	1167
			1722	1167
			1721	1167
			1720	1167
			1719	1167
			1718	1167
			1717	1167
			1716	1167
			1715	1167
			1714	1167
			1713	1167
			1712	1167
			1711	1166
			1710	1166
			1709	1166
			1708	1166
			1707	1166
			1706	1166
			1705	1166
			1704	1166
			1703	1166
			1702	1166
			1701	1166
			1700	1166
			1699	1166
			1698	1166
			1697	1166
			1696	1166
			1695	1166
			1694	1166
			1693	1165
			1692	1165
			1691	1165
			1690	1165
			1689	1165
			1688	1165
			1687	1165
			1686	1165
			1685	1165
			1684	1165
			1683	1165
			1682	1165
			1681	1165
			1680	1165
			1679	1165
			1678	1165
			1677	1164
			1676	1164
			1675	1164
			1674	1164
			1673	1164
			1672	1164
			1671	1164
			1670	1164
			1669	1164
			1668	1164
			1667	1164
			1666	1165
			1665	1165
			1664	1165
			1663	1165
			1662	1165
			1661	1165
			1660	1166
			1659	1166
			1658	1166
			1657	1166
			1656	1166
			1655	1166
			1654	1166
			1653	1166
			1652	1166
			1651	1166
			1651	1167
			1650	1167
			1649	1167
			1648	1167
			1647	1167
			1646	1167
			1645	1167
			1644	1167
			1643	1167
			1642	1168
			1641	1168
			1640	1168
			1639	1168
			1638	1168
			1637	1168
			1636	1168
			1635	1168
			1634	1168
			1633	1168
			1632	1168
			1631	1168
			1630	1169
			1629	1169
			1628	1169
			1627	1169
			1626	1169
			1625	1169
			1624	1169
			1623	1169
			1622	1169
			1621	1169
			1620	1169
			1619	1169
			1618	1169
			1617	1169
			1616	1170
			1615	1170
			1614	1170
			1613	1170
			1612	1170
			1611	1170
			1610	1170
			1609	1170
			1608	1170
			1607	1170
			1606	1170
			1605	1170
			1604	1170
			1603	1170
			1602	1170
			1601	1170
			1600	1170
			1599	1171
			1598	1171
			1597	1171
			1596	1171
			1595	1171
			1594	1171
			1593	1171
			1592	1171
			1591	1171
			1590	1171
			1589	1171
			1588	1171
			1587	1171
			1586	1171
			1585	1171
			1584	1171
			1583	1171
			1582	1171
			1581	1171
			1580	1171
			1579	1171
			1578	1171
			1577	1171
			1576	1172
			1575	1172
			1574	1172
			1573	1172
			1572	1172
			1571	1172
			1570	1172
			1569	1172
			1568	1172
			1567	1172
			1566	1172
			1565	1172
			1564	1172
			1563	1172
			1562	1172
			1561	1172
			1560	1172
			1559	1172
			1558	1172
			1557	1172
			1556	1172
			1555	1172
			1554	1172
			1553	1172
			1552	1172
			1551	1172
			1550	1172
			1549	1172
			1548	1172
			1547	1172
			1546	1172
			1545	1172
			1544	1172
			1543	1172
			1542	1173
			1541	1173
			1540	1173
			1539	1173
			1538	1173
			1537	1173
			1536	1173
			1535	1173
			1534	1173
			1533	1173
			1532	1173
			1531	1173
			1530	1173
			1529	1173
			1528	1173
			1527	1173
			1526	1173
			1525	1173
			1524	1173
			1523	1173
			1522	1173
			1521	1173
			1520	1173
			1519	1173
			1518	1173
			1517	1173
			1516	1173
			1515	1173
			1514	1173
			1513	1173
			1512	1173
			1511	1173
			1510	1173
			1509	1173
			1508	1173
			1507	1173
			1506	1173
			1505	1173
			1504	1173
			1503	1173
			1502	1173
			1501	1173
			1500	1173
			1499	1173
			1498	1173
			1497	1173
			1496	1173
			1495	1173
			1494	1173
			1493	1173
			1492	1173
			1491	1173
			1490	1173
			1489	1173
			1488	1173
			1487	1173
			1486	1173
			1485	1173
			1484	1173
			1483	1173
			1482	1173
			1481	1173
			1480	1173
			1479	1173
			1478	1173
			1477	1173
			1476	1173
			1475	1173
			1474	1173
			1473	1173
			1472	1173
			1471	1173
			1470	1173
			1469	1173
			1468	1173
			1467	1173
			1466	1173
			1465	1173
			1464	1173
			1463	1173
			1462	1173
			1461	1173
			1460	1173
			1459	1173
			1458	1173
			1457	1173
			1456	1173
			1455	1173
			1454	1173
			1453	1173
			1452	1173
			1451	1173
			1450	1173
			1449	1173
			1448	1173
			1447	1173
			1446	1173
			1445	1173
			1444	1173
			1443	1173
			1442	1173
			1441	1173
			1440	1173
			1439	1173
			1438	1173
			1437	1173
			1436	1173
			1435	1173
			1434	1173
			1433	1173
			1432	1173
			1431	1173
			1430	1173
			1429	1173
			1428	1173
			1427	1173
			1426	1173
			1425	1173
			1424	1173
			1423	1173
			1422	1173
			1421	1173
			1420	1173
			1419	1173
			1418	1173
			1417	1173
			1416	1173
			1415	1173
			1414	1173
			1413	1173
			1412	1173
			1411	1173
			1410	1173
			1409	1173
			1408	1173
			1407	1173
			1406	1173
			1405	1173
			1404	1173
			1403	1173
			1402	1173
			1401	1173
			1400	1173
			1399	1173
			1398	1173
			1397	1172
			1396	1172
			1395	1172
			1394	1172
			1393	1172
			1392	1172
			1391	1172
			1390	1172
			1389	1172
			1388	1172
			1387	1172
			1386	1172
			1385	1172
			1384	1172
			1383	1172
			1382	1171
			1381	1171
			1380	1171
			1379	1171
			1378	1171
			1377	1171
			1376	1171
			1375	1171
			1374	1171
			1373	1171
			1372	1171
			1371	1171
			1370	1171
			1369	1171
			1368	1171
			1367	1171
			1367	1170
			1366	1170
			1365	1170
			1364	1170
			1363	1170
			1362	1170
			1361	1170
			1360	1170
			1359	1170
			1358	1170
			1357	1170
			1356	1170
			1355	1170
			1354	1170
			1353	1170
			1352	1169
			1351	1169
			1350	1169
			1349	1169
			1348	1169
			1347	1169
			1346	1169
			1345	1169
			1344	1169
			1343	1169
			1342	1169
			1341	1169
			1340	1169
			1339	1169
			1338	1169
			1337	1168
			1336	1168
			1335	1168
			1334	1168
			1333	1168
			1332	1168
			1331	1168
			1330	1168
			1329	1168
			1328	1168
			1327	1168
			1326	1168
			1325	1168
			1324	1168
			1323	1167
			1322	1167
			1321	1167
			1320	1167
			1319	1167
			1318	1167
			1317	1167
			1316	1167
			1315	1167
			1314	1167
			1313	1167
			1312	1167
			1311	1167
			1310	1167
			1309	1167
			1308	1166
			1307	1166
			1306	1166
			1305	1166
			1304	1166
			1303	1166
			1302	1166
			1301	1166
			1300	1166
			1299	1166
			1298	1166
			1297	1166
			1296	1166
			1295	1166
			1294	1166
			1293	1166
			1293	1165
			1292	1165
			1291	1165
			1290	1165
			1289	1165
			1288	1165
			1287	1165
			1286	1165
			1285	1165
			1284	1165
			1283	1165
			1282	1165
			1281	1165
			1280	1165
			1279	1164
			1278	1164
			1277	1164
			1276	1164
			1275	1164
			1274	1164
			1273	1164
			1272	1164
			1271	1164
			1270	1164
			1269	1164
			1268	1164
			1267	1164
			1266	1164
			1265	1164
			1264	1163
			1263	1163
			1262	1163
			1261	1163
			1260	1163
			1259	1163
			1258	1163
			1257	1163
			1256	1163
			1255	1163
			1254	1163
			1253	1163
			1252	1163
			1251	1163
			1250	1162
			1249	1162
			1248	1162
			1247	1162
			1246	1162
			1245	1162
			1244	1162
			1243	1162
			1242	1162
			1241	1162
			1240	1162
			1239	1162
			1238	1162
			1237	1162
			1236	1161
			1235	1161
			1234	1161
			1233	1161
			1232	1161
			1231	1161
			1230	1161
			1229	1161
			1228	1161
			1227	1161
			1226	1161
			1225	1161
			1224	1161
			1223	1160
			1222	1160
			1221	1160
			1220	1160
			1219	1160
			1218	1160
			1217	1160
			1216	1160
			1215	1160
			1214	1160
			1213	1161
			1212	1161
			1211	1161
			1210	1162
			1209	1162
			1208	1162
			1207	1162
			1206	1163
			1205	1163
			1204	1163
			1203	1163
			1202	1164
			1201	1164
			1200	1164
			1199	1164
			1198	1164
			1197	1164
			1197	1165
			1196	1165
			1195	1165
			1194	1165
			1193	1165
			1192	1166
			1191	1166
			1190	1166
			1189	1166
			1188	1166
			1187	1166
			1186	1167
			1185	1167
			1184	1167
			1183	1167
			1182	1167
			1181	1167
			1180	1168
			1179	1168
			1178	1168
			1177	1168
			1176	1168
			1175	1168
			1174	1168
			1173	1168
			1172	1168
			1171	1168
			1170	1169
			1169	1169
			1168	1169
			1167	1169
			1166	1169
			1165	1169
			1164	1169
			1163	1169
			1162	1169
			1161	1169
			1160	1169
			1159	1169
			1158	1169
			1157	1169
			1156	1169
			1155	1169
			1154	1169
			1153	1169
			1152	1169
			1151	1169
			1150	1169
			1149	1169
			1148	1169
			1147	1169
			1146	1168
			1145	1168
			1144	1168
			1143	1168
			1142	1168
			1141	1168
			1140	1168
			1139	1168
			1138	1167
			1137	1167
			1136	1167
			1135	1167
			1134	1167
			1133	1166
			1132	1166
			1131	1166
			1130	1165
			1129	1165
			1128	1165
			1127	1165
			1126	1165
			1125	1165
			1124	1165
			1123	1165
			1122	1165
			1121	1165
			1120	1164
			1119	1164
			1118	1164
			1117	1164
			1116	1164
			1115	1164
			1114	1164
			1113	1164
			1112	1164
			1111	1164
			1110	1164
			1109	1164
			1108	1164
			1107	1164
			1106	1164
			1105	1164
			1104	1164
			1103	1164
			1102	1163
			1101	1163
			1100	1163
			1099	1163
			1098	1163
			1097	1163
			1096	1163
			1095	1163
			1094	1163
			1093	1163
			1092	1163
			1091	1163
			1090	1163
			1089	1163
			1088	1163
			1087	1163
			1086	1163
			1085	1163
			1084	1163
			1083	1163
			1082	1163
			1081	1163
			1080	1163
			1079	1163
			1078	1163
			1077	1163
			1076	1163
			1075	1163
			1074	1163
			1073	1163
			1072	1163
			1071	1162
			1070	1162
			1069	1162
			1068	1162
			1067	1162
			1066	1162
			1065	1162
			1064	1162
			1063	1162
			1062	1162
			1061	1162
			1060	1162
			1059	1162
			1058	1162
			1057	1162
			1056	1162
			1055	1162
			1054	1162
			1053	1162
			1052	1162
			1051	1162
			1050	1162
			1049	1162
			1048	1162
			1047	1162
			1046	1162
			1045	1162
			1044	1162
			1043	1162
			1042	1162
			1041	1162
			1040	1163
			1039	1163
			1038	1163
			1037	1163
			1036	1163
			1035	1163
			1034	1163
			1033	1163
			1032	1163
			1031	1163
			1030	1163
			1029	1163
			1028	1163
			1027	1163
			1026	1163
			1025	1163
			1024	1163
			1023	1163
			1022	1163
			1021	1163
			1020	1163
			1019	1163
			1018	1163
			1017	1163
			1016	1163
			1015	1163
			1014	1163
			1013	1163
			1012	1163
			1011	1164
			1010	1164
			1009	1164
			1008	1164
			1007	1164
			1006	1164
			1005	1164
			1004	1164
			1003	1164
			1002	1164
			1001	1164
			1000	1164
			999	1164
			998	1164
			997	1164
			996	1165
			995	1165
			994	1165
			993	1165
			992	1165
			991	1165
			990	1165
			989	1165
			988	1165
			987	1165
			986	1165
			985	1165
			984	1165
			983	1166
			982	1166
			981	1166
			980	1166
			979	1166
			978	1166
			977	1166
			976	1166
			975	1166
			974	1166
			973	1167
			972	1167
			971	1167
			970	1167
			969	1167
			968	1167
			967	1167
			966	1167
			965	1167
			965	1168
			964	1168
			963	1168
			962	1168
			961	1168
			960	1168
			959	1168
			958	1168
			957	1168
			956	1169
			955	1169
			954	1169
			953	1169
			952	1169
			951	1169
			950	1169
			949	1170
			948	1170
			947	1170
			946	1170
			945	1170
			944	1170
			943	1171
			942	1171
			941	1171
			940	1171
			939	1171
			938	1171
			937	1172
			936	1172
			935	1172
			934	1172
			933	1172
			932	1172
			931	1173
			930	1173
			929	1173
			928	1173
			927	1173
			926	1173
			925	1174
			924	1174
			923	1174
			922	1174
			921	1174
			920	1175
			919	1175
			918	1175
			917	1175
			916	1175
			916	1176
			915	1176
			914	1176
			913	1176
			912	1176
			911	1177
			910	1177
			909	1177
			908	1177
			907	1177
			906	1178
			905	1178
			904	1178
			903	1178
			902	1178
			901	1179
			900	1179
			899	1179
			898	1180
			897	1180
			896	1180
			895	1180
			894	1181
			893	1181
			892	1181
			891	1181
			890	1182
			889	1182
			888	1182
			887	1182
			886	1183
			885	1183
		</c2>
	</curves.pixel>
	<curves.scaled type=list>
		<c1 type=matrix rownames=FALSE colnames=FALSE nrow=1684 ncol=2 as.numeric=TRUE >
			38.6403939746257	-51.6515096858556
			38.6403939746257	-51.6078482237373
			38.6840554367439	-51.5641867616191
			38.6840554367439	-51.5205252995009
			38.7277168988621	-51.4768638373827
			38.7277168988621	-51.4332023752645
			38.7713783609803	-51.3895409131462
			38.7713783609803	-51.345879451028
			38.8150398230986	-51.3022179889098
			38.8150398230986	-51.2585565267916
			38.8587012852168	-51.2148950646733
			38.8587012852168	-51.1712336025551
			38.902362747335	-51.1712336025551
			38.902362747335	-51.1275721404369
			38.9460242094532	-51.0839106783187
			38.9460242094532	-51.0402492162005
			38.9896856715714	-50.9965877540822
			38.9896856715714	-50.952926291964
			39.0333471336897	-50.9092648298458
			39.0333471336897	-50.8656033677276
			39.0770085958079	-50.8219419056094
			39.0770085958079	-50.7782804434911
			39.1206700579261	-50.7346189813729
			39.1206700579261	-50.6909575192547
			39.1643315200443	-50.6472960571365
			39.2079929821625	-50.6036345950182
			39.2079929821625	-50.5599731329
			39.2516544442808	-50.5163116707818
			39.2516544442808	-50.4726502086636
			39.295315906399	-50.4289887465454
			39.3389773685172	-50.3853272844271
			39.3826388306354	-50.3416658223089
			39.3826388306354	-50.2980043601907
			39.4263002927537	-50.2543428980725
			39.4263002927537	-50.2106814359543
			39.4699617548719	-50.2106814359543
			39.4699617548719	-50.167019973836
			39.5136232169901	-50.1233585117178
			39.5136232169901	-50.0796970495996
			39.5572846791083	-50.0360355874814
			39.6009461412265	-49.9923741253632
			39.6446076033448	-49.9487126632449
			39.6446076033448	-49.9050512011267
			39.688269065463	-49.8613897390085
			39.7319305275812	-49.8177282768903
			39.7755919896994	-49.774066814772
			39.7755919896994	-49.7304053526538
			39.8192534518176	-49.6867438905356
			39.8629149139359	-49.6430824284174
			39.9065763760541	-49.5994209662992
			39.9502378381723	-49.5557595041809
			39.9938993002905	-49.5120980420627
			40.0375607624087	-49.4684365799445
			40.081222224527	-49.4247751178263
			40.081222224527	-49.3811136557081
			40.1248836866452	-49.3374521935898
			40.1685451487634	-49.2937907314716
			40.2122066108816	-49.2501292693534
			40.2558680729999	-49.2064678072352
			40.2995295351181	-49.162806345117
			40.3431909972363	-49.1191448829987
			40.3868524593545	-49.0754834208805
			40.4305139214727	-49.0318219587623
			40.474175383591	-48.9881604966441
			40.5178368457092	-48.9444990345258
			40.5178368457092	-48.9008375724076
			40.5614983078274	-48.8571761102894
			40.6051597699456	-48.8135146481712
			40.6488212320638	-48.769853186053
			40.6924826941821	-48.769853186053
			40.7361441563003	-48.7261917239347
			40.7798056184185	-48.6825302618165
			40.8234670805367	-48.6388687996983
			40.8671285426549	-48.5952073375801
			40.8671285426549	-48.5515458754619
			40.9107900047732	-48.5078844133436
			40.9544514668914	-48.5078844133436
			40.9544514668914	-48.4642229512254
			40.9981129290096	-48.4205614891072
			41.0417743911278	-48.376900026989
			41.0854358532461	-48.3332385648708
			41.1290973153643	-48.2895771027525
			41.1727587774825	-48.2459156406343
			41.2164202396007	-48.2022541785161
			41.2164202396007	-48.1585927163979
			41.2600817017189	-48.1149312542796
			41.3037431638372	-48.0712697921614
			41.3474046259554	-48.0276083300432
			41.3910660880736	-47.983946867925
			41.4347275501918	-47.9402854058068
			41.4347275501918	-47.8966239436885
			41.47838901231	-47.8529624815703
			41.5220504744283	-47.8529624815703
			41.5657119365465	-47.8093010194521
			41.6093733986647	-47.7656395573339
			41.6093733986647	-47.7219780952157
			41.6530348607829	-47.6783166330974
			41.6966963229011	-47.6346551709792
			41.7403577850194	-47.590993708861
			41.7840192471376	-47.5473322467428
			41.8276807092558	-47.5036707846246
			41.871342171374	-47.4600093225063
			41.9150036334923	-47.4163478603881
			41.9586650956105	-47.3726863982699
			42.0023265577287	-47.3290249361517
			42.0459880198469	-47.2853634740334
			42.0896494819651	-47.2417020119152
			42.1333109440834	-47.198040549797
			42.1769724062016	-47.1543790876788
			42.1769724062016	-47.1107176255606
			42.2206338683198	-47.0670561634423
			42.264295330438	-47.0233947013241
			42.3079567925562	-46.9797332392059
			42.3516182546745	-46.9360717770877
			42.3952797167927	-46.8924103149695
			42.4389411789109	-46.8487488528512
			42.4826026410291	-46.805087390733
			42.5262641031473	-46.7614259286148
			42.5699255652656	-46.7177644664966
			42.6135870273838	-46.6741030043784
			42.657248489502	-46.6304415422601
			42.7009099516202	-46.5867800801419
			42.7445714137385	-46.5431186180237
			42.7882328758567	-46.4994571559055
			42.8318943379749	-46.4557956937872
			42.8755558000931	-46.412134231669
			42.9192172622113	-46.3684727695508
			42.9628787243296	-46.3248113074326
			43.0065401864478	-46.3248113074326
			43.0065401864478	-46.2811498453144
			43.050201648566	-46.2374883831961
			43.0938631106842	-46.2374883831961
			43.1375245728024	-46.1938269210779
			43.1375245728024	-46.1501654589597
			43.1811860349207	-46.1501654589597
			43.2248474970389	-46.1065039968415
			43.2248474970389	-46.0628425347233
			43.2685089591571	-46.0628425347233
			43.3121704212753	-46.019181072605
			43.3558318833935	-45.9755196104868
			43.3994933455118	-45.9318581483686
			43.44315480763	-45.8881966862504
			43.4868162697482	-45.8445352241322
			43.5304777318664	-45.8445352241322
			43.5741391939847	-45.8008737620139
			43.6178006561029	-45.7572122998957
			43.6178006561029	-45.7135508377775
			43.6614621182211	-45.7135508377775
			43.7051235803393	-45.6698893756593
			43.7487850424575	-45.626227913541
			43.7924465045758	-45.626227913541
			43.7924465045758	-45.5825664514228
			43.836107966694	-45.5825664514228
			43.8797694288122	-45.5389049893046
			43.9234308909304	-45.4952435271864
			43.9670923530486	-45.4952435271864
			43.9670923530486	-45.4515820650682
			44.0107538151669	-45.4079206029499
			44.0544152772851	-45.4079206029499
			44.0980767394033	-45.3642591408317
			44.1417382015215	-45.3205976787135
			44.1853996636397	-45.2769362165953
			44.229061125758	-45.2769362165953
			44.2727225878762	-45.2332747544771
			44.3163840499944	-45.1896132923588
			44.3600455121126	-45.1896132923588
			44.4037069742309	-45.1459518302406
			44.4473684363491	-45.1022903681224
			44.4910298984673	-45.0586289060042
			44.5346913605855	-45.0586289060042
			44.5783528227037	-45.014967443886
			44.622014284822	-45.014967443886
			44.6656757469402	-44.9713059817677
			44.7093372090584	-44.9276445196495
			44.7529986711766	-44.9276445196495
			44.7966601332948	-44.8839830575313
			44.8403215954131	-44.8839830575313
			44.8839830575313	-44.8403215954131
			44.9276445196495	-44.7966601332948
			44.9713059817677	-44.7966601332948
			45.014967443886	-44.7966601332948
			45.0586289060042	-44.7529986711766
			45.1022903681224	-44.7093372090584
			45.1459518302406	-44.7093372090584
			45.1896132923588	-44.6656757469402
			45.2332747544771	-44.622014284822
			45.2769362165953	-44.5783528227037
			45.2769362165953	-44.5346913605855
			45.3205976787135	-44.4910298984673
			45.3642591408317	-44.4473684363491
			45.4079206029499	-44.4037069742309
			45.4515820650682	-44.3600455121126
			45.4952435271864	-44.3163840499944
			45.4952435271864	-44.2727225878762
			45.5389049893046	-44.229061125758
			45.5825664514228	-44.1853996636397
			45.626227913541	-44.1417382015215
			45.6698893756593	-44.0980767394033
			45.7135508377775	-44.0544152772851
			45.7135508377775	-44.0107538151669
			45.7572122998957	-43.9670923530486
			45.8008737620139	-43.9234308909304
			45.8445352241322	-43.9234308909304
			45.8881966862504	-43.8797694288122
			45.9318581483686	-43.836107966694
			45.9755196104868	-43.7924465045758
			45.9755196104868	-43.7487850424575
			46.019181072605	-43.7051235803393
			46.0628425347233	-43.6614621182211
			46.1065039968415	-43.6178006561029
			46.1501654589597	-43.5741391939847
			46.1938269210779	-43.5304777318664
			46.1938269210779	-43.4868162697482
			46.2374883831961	-43.44315480763
			46.2811498453144	-43.3994933455118
			46.3248113074326	-43.3558318833935
			46.3684727695508	-43.3121704212753
			46.412134231669	-43.2685089591571
			46.412134231669	-43.2248474970389
			46.4557956937872	-43.1811860349207
			46.4994571559055	-43.1375245728024
			46.5431186180237	-43.0938631106842
			46.5867800801419	-43.0938631106842
			46.6304415422601	-43.050201648566
			46.6304415422601	-43.0065401864478
			46.6741030043784	-42.9628787243296
			46.7177644664966	-42.9192172622113
			46.7614259286148	-42.8755558000931
			46.805087390733	-42.8318943379749
			46.8487488528512	-42.7882328758567
			46.8924103149695	-42.7445714137385
			46.8924103149695	-42.7009099516202
			46.9360717770877	-42.657248489502
			46.9797332392059	-42.6135870273838
			47.0233947013241	-42.5699255652656
			47.0670561634423	-42.5699255652656
			47.1107176255606	-42.5262641031473
			47.1107176255606	-42.4826026410291
			47.1543790876788	-42.4389411789109
			47.198040549797	-42.3952797167927
			47.2417020119152	-42.3516182546745
			47.2853634740334	-42.3079567925562
			47.3290249361517	-42.264295330438
			47.3290249361517	-42.2206338683198
			47.3726863982699	-42.1769724062016
			47.4163478603881	-42.1333109440834
			47.4600093225063	-42.0896494819651
			47.5036707846246	-42.0896494819651
			47.5473322467428	-42.0459880198469
			47.5473322467428	-42.0023265577287
			47.590993708861	-41.9586650956105
			47.6346551709792	-41.9150036334923
			47.6783166330974	-41.871342171374
			47.7219780952157	-41.8276807092558
			47.7656395573339	-41.7840192471376
			47.8093010194521	-41.7403577850194
			47.8093010194521	-41.6966963229011
			47.8529624815703	-41.6966963229011
			47.8966239436885	-41.6530348607829
			47.9402854058068	-41.6093733986647
			47.983946867925	-41.5657119365465
			48.0276083300432	-41.5220504744283
			48.0276083300432	-41.47838901231
			48.0712697921614	-41.4347275501918
			48.1149312542796	-41.3910660880736
			48.1585927163979	-41.3910660880736
			48.2022541785161	-41.3474046259554
			48.2459156406343	-41.3037431638372
			48.2459156406343	-41.2600817017189
			48.2895771027525	-41.2164202396007
			48.3332385648708	-41.1727587774825
			48.376900026989	-41.1290973153643
			48.4205614891072	-41.0854358532461
			48.4642229512254	-41.0417743911278
			48.5078844133436	-40.9981129290096
			48.5515458754619	-40.9544514668914
			48.5952073375801	-40.9107900047732
			48.6388687996983	-40.8671285426549
			48.6825302618165	-40.8234670805367
			48.7261917239347	-40.7798056184185
			48.769853186053	-40.7361441563003
			48.8135146481712	-40.6924826941821
			48.8571761102894	-40.6488212320638
			48.9008375724076	-40.6051597699456
			48.9444990345258	-40.5614983078274
			48.9881604966441	-40.5178368457092
			49.0318219587623	-40.474175383591
			49.0754834208805	-40.4305139214727
			49.1191448829987	-40.3868524593545
			49.1191448829987	-40.3431909972363
			49.162806345117	-40.3431909972363
			49.2064678072352	-40.2995295351181
			49.2064678072352	-40.2558680729999
			49.2501292693534	-40.2122066108816
			49.2937907314716	-40.2122066108816
			49.3374521935898	-40.1685451487634
			49.3374521935898	-40.1248836866452
			49.3811136557081	-40.1248836866452
			49.4247751178263	-40.081222224527
			49.4684365799445	-40.0375607624087
			49.4684365799445	-39.9938993002905
			49.5120980420627	-39.9938993002905
			49.5557595041809	-39.9502378381723
			49.5557595041809	-39.9065763760541
			49.5994209662992	-39.9065763760541
			49.6430824284174	-39.8629149139359
			49.6867438905356	-39.8192534518176
			49.6867438905356	-39.7755919896994
			49.7304053526538	-39.7755919896994
			49.774066814772	-39.7319305275812
			49.774066814772	-39.688269065463
			49.8177282768903	-39.688269065463
			49.8613897390085	-39.6446076033448
			49.9050512011267	-39.6009461412265
			49.9050512011267	-39.5572846791083
			49.9487126632449	-39.5572846791083
			49.9923741253632	-39.5136232169901
			50.0360355874814	-39.4699617548719
			50.0796970495996	-39.4263002927537
			50.1233585117178	-39.3826388306354
			50.167019973836	-39.3389773685172
			50.2106814359543	-39.295315906399
			50.2543428980725	-39.2516544442808
			50.2980043601907	-39.2079929821625
			50.3416658223089	-39.1643315200443
			50.3853272844271	-39.1206700579261
			50.4289887465454	-39.0770085958079
			50.4726502086636	-39.0333471336897
			50.5163116707818	-38.9896856715714
			50.5599731329	-38.9460242094532
			50.6036345950182	-38.902362747335
			50.6472960571365	-38.8587012852168
			50.6909575192547	-38.8150398230986
			50.7346189813729	-38.7713783609803
			50.7782804434911	-38.7713783609803
			50.7782804434911	-38.7277168988621
			50.8219419056094	-38.6840554367439
			50.8656033677276	-38.6840554367439
			50.9092648298458	-38.6403939746257
			50.9092648298458	-38.5967325125075
			50.952926291964	-38.5967325125075
			50.9965877540822	-38.5530710503892
			51.0402492162005	-38.509409588271
			51.0402492162005	-38.4657481261528
			51.0839106783187	-38.4657481261528
			51.1275721404369	-38.4220866640346
			51.1712336025551	-38.3784252019163
			51.2148950646733	-38.3347637397981
			51.2585565267916	-38.2911022776799
			51.3022179889098	-38.2474408155617
			51.345879451028	-38.2037793534435
			51.3895409131462	-38.2037793534435
			51.4332023752645	-38.1601178913252
			51.4768638373827	-38.116456429207
			51.4768638373827	-38.0727949670888
			51.5205252995009	-38.0291335049706
			51.5641867616191	-38.0291335049706
			51.6078482237373	-37.9854720428524
			51.6515096858556	-37.9418105807341
			51.6951711479738	-37.8981491186159
			51.738832610092	-37.8544876564977
			51.7824940722102	-37.8108261943795
			51.8261555343284	-37.8108261943795
			51.8698169964467	-37.7671647322613
			51.8698169964467	-37.723503270143
			51.9134784585649	-37.6798418080248
			51.9571399206831	-37.6361803459066
			52.0008013828013	-37.6361803459066
			52.0444628449196	-37.5925188837884
			52.0881243070378	-37.5488574216701
			52.131785769156	-37.5051959595519
			52.1754472312742	-37.4615344974337
			52.2191086933924	-37.4615344974337
			52.2191086933924	-37.4178730353155
			52.2627701555107	-37.3742115731973
			52.3064316176289	-37.330550111079
			52.3500930797471	-37.2868886489608
			52.3937545418653	-37.2868886489608
			52.4374160039835	-37.2432271868426
			52.4810774661018	-37.1995657247244
			52.52473892822	-37.1559042626062
			52.5684003903382	-37.1559042626062
			52.6120618524564	-37.1122428004879
			52.6120618524564	-37.0685813383697
			52.6557233145746	-37.0249198762515
			52.6993847766929	-36.9812584141333
			52.7430462388111	-36.9812584141333
			52.7867077009293	-36.937596952015
			52.8303691630475	-36.8939354898968
			52.8740306251658	-36.8502740277786
			52.917692087284	-36.8502740277786
			52.9613535494022	-36.8066125656604
			52.9613535494022	-36.7629511035422
			53.0050150115204	-36.7192896414239
			53.0486764736386	-36.7192896414239
			53.0923379357569	-36.6756281793057
			53.1359993978751	-36.6319667171875
			53.1796608599933	-36.5883052550693
			53.2233223221115	-36.5446437929511
			53.2669837842297	-36.5446437929511
			53.310645246348	-36.5009823308328
			53.3543067084662	-36.4573208687146
			53.3543067084662	-36.4136594065964
			53.3979681705844	-36.4136594065964
			53.4416296327026	-36.3699979444782
			53.4852910948208	-36.32633648236
			53.5289525569391	-36.2826750202417
			53.5726140190573	-36.2826750202417
			53.6162754811755	-36.2390135581235
			53.6599369432937	-36.1953520960053
			53.703598405412	-36.1516906338871
			53.7472598675302	-36.1080291717688
			53.7909213296484	-36.0643677096506
			53.8345827917666	-36.0643677096506
			53.8782442538848	-36.0207062475324
			53.9219057160031	-35.9770447854142
			53.9655671781213	-35.933383323296
			54.0092286402395	-35.8897218611777
			54.0528901023577	-35.8897218611777
			54.0965515644759	-35.8460603990595
			54.0965515644759	-35.8023989369413
			54.1402130265942	-35.8023989369413
			54.1838744887124	-35.7587374748231
			54.2275359508306	-35.7587374748231
			54.2275359508306	-35.7150760127049
			54.2711974129488	-35.6714145505866
			54.314858875067	-35.6714145505866
			54.3585203371853	-35.6277530884684
			54.4021817993035	-35.5840916263502
			54.4458432614217	-35.540430164232
			54.4895047235399	-35.540430164232
			54.5331661856582	-35.4967687021138
			54.5768276477764	-35.4531072399955
			54.6204891098946	-35.4094457778773
			54.6641505720128	-35.4094457778773
			54.707812034131	-35.3657843157591
			54.7514734962493	-35.3221228536409
			54.7951349583675	-35.2784613915226
			54.8387964204857	-35.2347999294044
			54.8824578826039	-35.1911384672862
			54.9261193447221	-35.1911384672862
			54.9697808068404	-35.147477005168
			55.0134422689586	-35.1038155430498
			55.0571037310768	-35.0601540809315
			55.100765193195	-35.0164926188133
			55.1444266553132	-35.0164926188133
			55.1880881174315	-34.9728311566951
			55.2317495795497	-34.9728311566951
			55.2317495795497	-34.9291696945769
			55.2754110416679	-34.8855082324587
			55.3190725037861	-34.8855082324587
			55.3627339659044	-34.8418467703404
			55.4063954280226	-34.8418467703404
			55.4063954280226	-34.7981853082222
			55.4500568901408	-34.754523846104
			55.493718352259	-34.754523846104
			55.5373798143772	-34.7108623839858
			55.5810412764955	-34.7108623839858
			55.5810412764955	-34.6672009218676
			55.6247027386137	-34.6235394597493
			55.6683642007319	-34.6235394597493
			55.7120256628501	-34.5798779976311
			55.7556871249683	-34.5798779976311
			55.7556871249683	-34.5362165355129
			55.7993485870866	-34.4925550733947
			55.8430100492048	-34.4925550733947
			55.886671511323	-34.4488936112764
			55.9303329734412	-34.4488936112764
			55.9303329734412	-34.4052321491582
			55.9739944355594	-34.36157068704
			56.0176558976777	-34.36157068704
			56.0613173597959	-34.3179092249218
			56.1049788219141	-34.3179092249218
			56.1049788219141	-34.2742477628036
			56.1486402840323	-34.2742477628036
			56.1923017461506	-34.2305863006853
			56.2359632082688	-34.1869248385671
			56.279624670387	-34.1869248385671
			56.279624670387	-34.1432633764489
			56.3232861325052	-34.1432633764489
			56.3669475946234	-34.0996019143307
			56.4106090567417	-34.0559404522125
			56.4542705188599	-34.0559404522125
			56.4542705188599	-34.0122789900942
			56.4979319809781	-34.0122789900942
			56.5415934430963	-33.968617527976
			56.5852549052145	-33.968617527976
			56.6289163673328	-33.9249560658578
			56.672577829451	-33.8812946037396
			56.7162392915692	-33.8376331416214
			56.7599007536874	-33.8376331416214
			56.8035622158056	-33.7939716795031
			56.8472236779239	-33.7503102173849
			56.8908851400421	-33.7503102173849
			56.9345466021603	-33.7066487552667
			56.9782080642785	-33.6629872931485
			57.0218695263968	-33.6629872931485
			57.065530988515	-33.6193258310302
			57.1091924506332	-33.575664368912
			57.1528539127514	-33.575664368912
			57.1965153748696	-33.5320029067938
			57.2401768369879	-33.4883414446756
			57.2838382991061	-33.4883414446756
			57.2838382991061	-33.4446799825574
			57.3274997612243	-33.4010185204391
			57.3711612233425	-33.4010185204391
			57.4148226854607	-33.3573570583209
			57.458484147579	-33.3136955962027
			57.5021456096972	-33.3136955962027
			57.5458070718154	-33.2700341340845
			57.5894685339336	-33.2700341340845
			57.6331299960518	-33.2263726719663
			57.6767914581701	-33.182711209848
			57.7204529202883	-33.182711209848
			57.7641143824065	-33.1390497477298
			57.8077758445247	-33.0953882856116
			57.851437306643	-33.0953882856116
			57.8950987687612	-33.0517268234934
			57.9387602308794	-33.0517268234934
			57.9824216929976	-33.0080653613752
			58.0260831551158	-32.9644038992569
			58.0697446172341	-32.9644038992569
			58.1134060793523	-32.9207424371387
			58.1570675414705	-32.8770809750205
			58.2007290035887	-32.8770809750205
			58.2443904657069	-32.8334195129023
			58.2880519278252	-32.789758050784
			58.3317133899434	-32.789758050784
			58.3753748520616	-32.7460965886658
			58.4190363141798	-32.7024351265476
			58.4626977762981	-32.7024351265476
			58.5063592384163	-32.6587736644294
			58.5500207005345	-32.6587736644294
			58.5936821626527	-32.6151122023112
			58.6373436247709	-32.5714507401929
			58.6810050868892	-32.5714507401929
			58.7246665490074	-32.5277892780747
			58.7683280111256	-32.4841278159565
			58.8119894732438	-32.4841278159565
			58.855650935362	-32.4404663538383
			58.8993123974803	-32.3968048917201
			58.9429738595985	-32.3968048917201
			58.9866353217167	-32.3531434296018
			59.0302967838349	-32.3531434296018
			59.0739582459531	-32.3094819674836
			59.1176197080714	-32.2658205053654
			59.1612811701896	-32.2658205053654
			59.2049426323078	-32.2221590432472
			59.248604094426	-32.2221590432472
			59.2922655565443	-32.178497581129
			59.3359270186625	-32.178497581129
			59.3795884807807	-32.1348361190107
			59.4232499428989	-32.0911746568925
			59.4669114050171	-32.0911746568925
			59.5105728671354	-32.0475131947743
			59.5542343292536	-32.0475131947743
			59.5978957913718	-32.0038517326561
			59.64155725349	-32.0038517326561
			59.6852187156082	-31.9601902705378
			59.7288801777265	-31.9165288084196
			59.7725416398447	-31.9165288084196
			59.8162031019629	-31.8728673463014
			59.8598645640811	-31.8728673463014
			59.9035260261993	-31.8292058841832
			59.9471874883176	-31.8292058841832
			59.9908489504358	-31.785544422065
			60.034510412554	-31.785544422065
			60.0781718746722	-31.7418829599467
			60.1218333367905	-31.7418829599467
			60.1654947989087	-31.6982214978285
			60.2091562610269	-31.6982214978285
			60.2528177231451	-31.6545600357103
			60.2964791852633	-31.6108985735921
			60.3401406473816	-31.5672371114739
			60.3838021094998	-31.5672371114739
			60.427463571618	-31.5672371114739
			60.427463571618	-31.5235756493556
			60.4711250337362	-31.5235756493556
			60.5147864958544	-31.5235756493556
			60.5147864958544	-31.4799141872374
			60.5584479579727	-31.4799141872374
			60.6021094200909	-31.4362527251192
			60.6457708822091	-31.4362527251192
			60.6894323443273	-31.392591263001
			60.7330938064455	-31.392591263001
			60.7767552685638	-31.3489298008827
			60.820416730682	-31.3489298008827
			60.8640781928002	-31.3052683387645
			60.9077396549184	-31.2616068766463
			60.9514011170367	-31.2616068766463
			60.9950625791549	-31.2179454145281
			61.0387240412731	-31.2179454145281
			61.0823855033913	-31.1742839524099
			61.1260469655095	-31.1742839524099
			61.1697084276278	-31.1742839524099
			61.213369889746	-31.1306224902916
			61.2570313518642	-31.1306224902916
			61.3006928139824	-31.0869610281734
			61.3443542761006	-31.0869610281734
			61.3443542761006	-31.0432995660552
			61.3880157382189	-31.0432995660552
			61.4316772003371	-30.999638103937
			61.4753386624553	-30.999638103937
			61.5190001245735	-30.9559766418188
			61.5626615866917	-30.9559766418188
			61.60632304881	-30.9123151797005
			61.6499845109282	-30.9123151797005
			61.6936459730464	-30.8686537175823
			61.7373074351646	-30.8686537175823
			61.7809688972829	-30.8686537175823
			61.7809688972829	-30.8249922554641
			61.8246303594011	-30.8249922554641
			61.8682918215193	-30.7813307933459
			61.9119532836375	-30.7813307933459
			61.9556147457557	-30.7376693312277
			61.999276207874	-30.7376693312277
			62.0429376699922	-30.6940078691094
			62.0865991321104	-30.6940078691094
			62.1302605942286	-30.6940078691094
			62.1302605942286	-30.6503464069912
			62.1739220563468	-30.6503464069912
			62.2175835184651	-30.606684944873
			62.2612449805833	-30.606684944873
			62.3049064427015	-30.606684944873
			62.3485679048197	-30.5630234827548
			62.3922293669379	-30.5630234827548
			62.4358908290562	-30.5193620206365
			62.4795522911744	-30.5193620206365
			62.5232137532926	-30.4757005585183
			62.5668752154108	-30.4757005585183
			62.6105366775291	-30.4320390964001
			62.6541981396473	-30.4320390964001
			62.6978596017655	-30.3883776342819
			62.7415210638837	-30.3883776342819
			62.7851825260019	-30.3447161721637
			62.8288439881202	-30.3447161721637
			62.8725054502384	-30.3010547100454
			62.9161669123566	-30.3010547100454
			62.9598283744748	-30.3010547100454
			63.003489836593	-30.2573932479272
			63.0471512987113	-30.2573932479272
			63.0908127608295	-30.213731785809
			63.1344742229477	-30.213731785809
			63.1781356850659	-30.1700703236908
			63.2217971471841	-30.1700703236908
			63.2654586093024	-30.1700703236908
			63.3091200714206	-30.1264088615726
			63.3527815335388	-30.1264088615726
			63.396442995657	-30.0827473994543
			63.4401044577753	-30.0827473994543
			63.4837659198935	-30.0827473994543
			63.5274273820117	-30.0390859373361
			63.5710888441299	-30.0390859373361
			63.6147503062481	-29.9954244752179
			63.6584117683664	-29.9954244752179
			63.7020732304846	-29.9954244752179
			63.7457346926028	-29.9517630130997
			63.789396154721	-29.9517630130997
			63.8330576168392	-29.9517630130997
			63.8767190789575	-29.9081015509815
			63.9203805410757	-29.9081015509815
			63.9640420031939	-29.9081015509815
			64.0077034653121	-29.8644400888632
			64.0513649274304	-29.8644400888632
			64.0950263895486	-29.820778626745
			64.1386878516668	-29.820778626745
			64.182349313785	-29.820778626745
			64.2260107759032	-29.7771171646268
			64.2696722380215	-29.7771171646268
			64.3133337001397	-29.7771171646268
			64.3569951622579	-29.7334557025086
			64.4006566243761	-29.7334557025086
			64.4443180864943	-29.7334557025086
			64.4443180864943	-29.6897942403903
			64.4879795486126	-29.6897942403903
			64.5316410107308	-29.6897942403903
			64.575302472849	-29.6897942403903
			64.6189639349672	-29.6461327782721
			64.6626253970854	-29.6461327782721
			64.7062868592037	-29.6461327782721
			64.7499483213219	-29.6024713161539
			64.7936097834401	-29.6024713161539
			64.8372712455583	-29.6024713161539
			64.8809327076765	-29.6024713161539
			64.8809327076765	-29.5588098540357
			64.9245941697948	-29.5588098540357
			64.968255631913	-29.5588098540357
			65.0119170940312	-29.5588098540357
			65.0555785561494	-29.5151483919175
			65.0992400182677	-29.5151483919175
			65.1429014803859	-29.5151483919175
			65.1865629425041	-29.5151483919175
			65.1865629425041	-29.4714869297992
			65.2302244046223	-29.4714869297992
			65.2738858667405	-29.4714869297992
			65.3175473288588	-29.4714869297992
			65.361208790977	-29.4714869297992
			65.4048702530952	-29.427825467681
			65.4485317152134	-29.427825467681
			65.4921931773316	-29.427825467681
			65.5358546394499	-29.3841640055628
			65.5795161015681	-29.3841640055628
			65.6231775636863	-29.3841640055628
			65.6668390258045	-29.3841640055628
			65.7105004879228	-29.3841640055628
			65.754161950041	-29.3405025434446
			65.7978234121592	-29.3405025434446
			65.8414848742774	-29.3405025434446
			65.8851463363956	-29.3405025434446
			65.9288077985139	-29.3405025434446
			65.9724692606321	-29.3405025434446
			66.0161307227503	-29.2968410813264
			66.0597921848685	-29.2968410813264
			66.1034536469867	-29.2968410813264
			66.147115109105	-29.2968410813264
			66.1907765712232	-29.2968410813264
			66.2344380333414	-29.2968410813264
			66.2344380333414	-29.2531796192081
			66.2780994954596	-29.2531796192081
			66.3217609575779	-29.2531796192081
			66.3654224196961	-29.2531796192081
			66.4090838818143	-29.2531796192081
			66.4527453439325	-29.2531796192081
			66.4964068060507	-29.2531796192081
			66.540068268169	-29.2531796192081
			66.5837297302872	-29.2531796192081
			66.6273911924054	-29.2531796192081
			66.6710526545236	-29.2095181570899
			66.7147141166418	-29.2095181570899
			66.7583755787601	-29.2095181570899
			66.8020370408783	-29.2095181570899
			66.8456985029965	-29.2095181570899
			66.8893599651147	-29.2095181570899
			66.9330214272329	-29.2095181570899
			66.9766828893512	-29.2095181570899
			67.0203443514694	-29.2095181570899
			67.0640058135876	-29.2095181570899
			67.1076672757058	-29.2095181570899
			67.151328737824	-29.2095181570899
			67.1949901999423	-29.2095181570899
			67.2386516620605	-29.2095181570899
			67.2823131241787	-29.2095181570899
			67.3259745862969	-29.2095181570899
			67.3696360484152	-29.2095181570899
			67.4132975105334	-29.2095181570899
			67.4569589726516	-29.2531796192081
			67.5006204347698	-29.2531796192081
			67.544281896888	-29.2531796192081
			67.5879433590063	-29.2531796192081
			67.6316048211245	-29.2531796192081
			67.6752662832427	-29.2531796192081
			67.7189277453609	-29.2531796192081
			67.7625892074791	-29.2968410813264
			67.8062506695974	-29.2968410813264
			67.8499121317156	-29.2968410813264
			67.8935735938338	-29.2968410813264
			67.937235055952	-29.2968410813264
			67.9808965180703	-29.3405025434446
			68.0245579801885	-29.3405025434446
			68.0682194423067	-29.3405025434446
			68.1118809044249	-29.3405025434446
			68.1555423665431	-29.2968410813264
			68.1992038286614	-29.2968410813264
			68.2428652907796	-29.2531796192081
			68.2865267528978	-29.2531796192081
			68.330188215016	-29.2095181570899
			68.3738496771342	-29.2095181570899
			68.4175111392525	-29.1658566949717
			68.4611726013707	-29.1658566949717
			68.5048340634889	-29.1658566949717
			68.5484955256071	-29.1221952328535
			68.5921569877253	-29.1221952328535
			68.6358184498436	-29.0785337707353
			68.6794799119618	-29.0785337707353
			68.72314137408	-29.0785337707353
			68.7668028361982	-29.034872308617
			68.8104642983164	-29.034872308617
			68.8541257604347	-28.9912108464988
			68.8977872225529	-28.9912108464988
			68.9414486846711	-28.9912108464988
			68.9851101467893	-28.9475493843806
			69.0287716089076	-28.9475493843806
			69.0724330710258	-28.9475493843806
			69.0724330710258	-28.9038879222624
			69.116094533144	-28.9038879222624
			69.1597559952622	-28.9038879222624
			69.2034174573804	-28.8602264601441
			69.2470789194987	-28.8602264601441
			69.2907403816169	-28.8602264601441
			69.3344018437351	-28.8165649980259
			69.3780633058533	-28.8165649980259
			69.4217247679715	-28.7729035359077
			69.4653862300898	-28.7729035359077
			69.509047692208	-28.7729035359077
			69.509047692208	-28.7292420737895
			69.5527091543262	-28.7292420737895
			69.5963706164444	-28.7292420737895
			69.6400320785627	-28.6855806116713
			69.6836935406809	-28.6855806116713
			69.7273550027991	-28.6855806116713
			69.7710164649173	-28.641919149553
			69.8146779270355	-28.641919149553
			69.8583393891538	-28.641919149553
			69.902000851272	-28.641919149553
			69.902000851272	-28.5982576874348
			69.9456623133902	-28.5982576874348
			69.9893237755084	-28.5982576874348
			70.0329852376266	-28.5545962253166
			70.0766466997449	-28.5545962253166
			70.1203081618631	-28.5545962253166
			70.1639696239813	-28.5109347631984
			70.2076310860995	-28.5109347631984
			70.2512925482177	-28.5109347631984
			70.2512925482177	-28.4672733010802
			70.294954010336	-28.4672733010802
			70.3386154724542	-28.4672733010802
			70.3822769345724	-28.4672733010802
			70.4259383966906	-28.4236118389619
			70.4695998588088	-28.4236118389619
			70.5132613209271	-28.4236118389619
			70.5569227830453	-28.3799503768437
			70.6005842451635	-28.3799503768437
			70.6442457072817	-28.3362889147255
			70.6879071694	-28.3362889147255
			70.7315686315182	-28.3362889147255
			70.7752300936364	-28.3362889147255
			70.8188915557546	-28.2926274526073
			70.8625530178728	-28.2926274526073
			70.9062144799911	-28.2926274526073
			70.9498759421093	-28.2489659904891
			70.9935374042275	-28.2489659904891
			71.0371988663457	-28.2489659904891
			71.0808603284639	-28.2489659904891
			71.1245217905822	-28.2053045283708
			71.1681832527004	-28.2053045283708
			71.2118447148186	-28.2053045283708
			71.2555061769368	-28.1616430662526
			71.2991676390551	-28.1616430662526
			71.3428291011733	-28.1616430662526
			71.3864905632915	-28.1179816041344
			71.4301520254097	-28.1179816041344
			71.4738134875279	-28.1179816041344
			71.5174749496462	-28.1179816041344
			71.5611364117644	-28.0743201420162
			71.6047978738826	-28.0743201420162
			71.6484593360008	-28.0743201420162
			71.692120798119	-28.0743201420162
			71.692120798119	-28.0306586798979
			71.7357822602373	-28.0306586798979
			71.7794437223555	-28.0306586798979
			71.8231051844737	-28.0306586798979
			71.8667666465919	-27.9869972177797
			71.9104281087101	-27.9869972177797
			71.9540895708284	-27.9869972177797
			71.9977510329466	-27.9869972177797
			72.0414124950648	-27.9433357556615
			72.085073957183	-27.9433357556615
			72.1287354193013	-27.9433357556615
			72.1723968814195	-27.9433357556615
			72.2160583435377	-27.8996742935433
			72.2597198056559	-27.8996742935433
			72.3033812677741	-27.8996742935433
			72.3470427298924	-27.8996742935433
			72.3907041920106	-27.8560128314251
			72.4343656541288	-27.8560128314251
			72.478027116247	-27.8560128314251
			72.5216885783652	-27.8560128314251
			72.5653500404835	-27.8560128314251
			72.5653500404835	-27.8123513693068
			72.6090115026017	-27.8123513693068
			72.6526729647199	-27.8123513693068
			72.6963344268381	-27.8123513693068
			72.7399958889563	-27.8123513693068
			72.7836573510746	-27.7686899071886
			72.8273188131928	-27.7686899071886
			72.870980275311	-27.7686899071886
			72.9146417374292	-27.7686899071886
			72.9583031995475	-27.7686899071886
			73.0019646616657	-27.7686899071886
			73.0456261237839	-27.7250284450704
			73.0892875859021	-27.7250284450704
			73.1329490480203	-27.7250284450704
			73.1766105101386	-27.7250284450704
			73.2202719722568	-27.6813669829522
			73.263933434375	-27.6813669829522
			73.3075948964932	-27.6813669829522
			73.3512563586115	-27.6813669829522
			73.3949178207297	-27.6813669829522
			73.4385792828479	-27.6813669829522
			73.4822407449661	-27.637705520834
			73.5259022070843	-27.637705520834
			73.5695636692026	-27.637705520834
			73.6132251313208	-27.637705520834
			73.656886593439	-27.637705520834
			73.7005480555572	-27.637705520834
			73.7442095176754	-27.637705520834
			73.7878709797937	-27.5940440587157
			73.8315324419119	-27.5940440587157
			73.8751939040301	-27.5940440587157
			73.9188553661483	-27.5940440587157
			73.9625168282665	-27.5940440587157
			74.0061782903848	-27.5940440587157
			74.049839752503	-27.5503825965975
			74.0935012146212	-27.5503825965975
			74.1371626767394	-27.5503825965975
			74.1808241388576	-27.5503825965975
			74.2244856009759	-27.5503825965975
			74.2681470630941	-27.5503825965975
			74.3118085252123	-27.5503825965975
			74.3554699873305	-27.5503825965975
			74.3991314494487	-27.5503825965975
			74.442792911567	-27.5067211344793
			74.4864543736852	-27.5067211344793
			74.5301158358034	-27.5067211344793
			74.5737772979216	-27.5067211344793
			74.6174387600399	-27.5067211344793
			74.6611002221581	-27.5067211344793
			74.7047616842763	-27.5067211344793
			74.7484231463945	-27.5067211344793
			74.7920846085127	-27.5067211344793
			74.835746070631	-27.5067211344793
			74.8794075327492	-27.4630596723611
			74.9230689948674	-27.4630596723611
			74.9667304569856	-27.4630596723611
			75.0103919191039	-27.4630596723611
			75.0540533812221	-27.4630596723611
			75.0977148433403	-27.4630596723611
			75.1413763054585	-27.4630596723611
			75.1850377675767	-27.4630596723611
			75.228699229695	-27.4630596723611
			75.2723606918132	-27.4630596723611
			75.3160221539314	-27.4630596723611
			75.3596836160496	-27.4630596723611
			75.4033450781678	-27.4630596723611
			75.4470065402861	-27.4630596723611
			75.4906680024043	-27.4630596723611
			75.5343294645225	-27.4630596723611
			75.5779909266407	-27.4630596723611
			75.6216523887589	-27.4630596723611
			75.6653138508772	-27.4193982102428
			75.7089753129954	-27.4193982102428
			75.7526367751136	-27.4193982102428
			75.7962982372318	-27.4193982102428
			75.83995969935	-27.4193982102428
			75.8836211614683	-27.4193982102428
			75.9272826235865	-27.4193982102428
			75.9709440857047	-27.4193982102428
			76.0146055478229	-27.4193982102428
			76.0582670099411	-27.4193982102428
			76.1019284720594	-27.4193982102428
			76.1455899341776	-27.4193982102428
			76.1892513962958	-27.4193982102428
			76.232912858414	-27.4193982102428
			76.2765743205323	-27.4193982102428
			76.3202357826505	-27.4193982102428
			76.3638972447687	-27.4630596723611
			76.4075587068869	-27.4630596723611
			76.4512201690051	-27.4630596723611
			76.4948816311234	-27.4630596723611
			76.5385430932416	-27.4630596723611
			76.5822045553598	-27.4630596723611
			76.625866017478	-27.4630596723611
			76.6695274795962	-27.4630596723611
			76.7131889417145	-27.4630596723611
			76.7568504038327	-27.4630596723611
			76.8005118659509	-27.4630596723611
			76.8441733280691	-27.4630596723611
			76.8878347901874	-27.4630596723611
			76.9314962523056	-27.4630596723611
			76.9751577144238	-27.4630596723611
			77.018819176542	-27.4630596723611
			77.0624806386602	-27.4630596723611
			77.1061421007785	-27.4630596723611
			77.1061421007785	-27.5067211344793
			77.1498035628967	-27.5067211344793
			77.1934650250149	-27.5067211344793
			77.2371264871331	-27.5067211344793
			77.2807879492513	-27.5067211344793
			77.3244494113696	-27.5067211344793
			77.3681108734878	-27.5067211344793
			77.411772335606	-27.5067211344793
			77.4554337977242	-27.5067211344793
			77.4990952598424	-27.5067211344793
			77.5427567219607	-27.5503825965975
			77.5864181840789	-27.5503825965975
			77.6300796461971	-27.5503825965975
			77.6737411083153	-27.5503825965975
			77.7174025704335	-27.5503825965975
			77.7610640325518	-27.5503825965975
			77.80472549467	-27.5503825965975
			77.8483869567882	-27.5940440587157
			77.8920484189064	-27.5940440587157
			77.9357098810247	-27.5940440587157
			77.9793713431429	-27.5940440587157
			78.0230328052611	-27.5940440587157
			78.0666942673793	-27.5940440587157
			78.1103557294975	-27.5940440587157
			78.1103557294975	-27.637705520834
			78.1540171916158	-27.637705520834
			78.197678653734	-27.637705520834
			78.2413401158522	-27.637705520834
			78.2850015779704	-27.637705520834
			78.3286630400886	-27.6813669829522
			78.3723245022069	-27.6813669829522
			78.4159859643251	-27.6813669829522
			78.4596474264433	-27.6813669829522
			78.5033088885615	-27.6813669829522
			78.5469703506798	-27.6813669829522
			78.590631812798	-27.7250284450704
			78.6342932749162	-27.7250284450704
			78.6779547370344	-27.7250284450704
			78.7216161991526	-27.7250284450704
			78.7652776612709	-27.7686899071886
			78.8089391233891	-27.7686899071886
			78.8526005855073	-27.7686899071886
			78.8962620476255	-27.7686899071886
			78.9399235097437	-27.8123513693068
			78.983584971862	-27.8123513693068
			79.0272464339802	-27.8123513693068
			79.0709078960984	-27.8560128314251
			79.1145693582166	-27.8560128314251
			79.1582308203349	-27.8560128314251
			79.2018922824531	-27.8560128314251
			79.2455537445713	-27.8996742935433
			79.2892152066895	-27.8996742935433
			79.3328766688077	-27.8996742935433
			79.376538130926	-27.8996742935433
			79.4201995930442	-27.9433357556615
			79.4638610551624	-27.9433357556615
			79.5075225172806	-27.9869972177797
			79.5511839793988	-27.9869972177797
			79.5948454415171	-27.9869972177797
			79.6385069036353	-27.9869972177797
			79.6385069036353	-28.0306586798979
			79.6821683657535	-28.0306586798979
			79.7258298278717	-28.0306586798979
			79.7694912899899	-28.0743201420162
			79.8131527521082	-28.0743201420162
			79.8568142142264	-28.0743201420162
			79.9004756763446	-28.1179816041344
			79.9441371384628	-28.1179816041344
			79.987798600581	-28.1179816041344
			80.0314600626993	-28.1616430662526
			80.0751215248175	-28.1616430662526
			80.1187829869357	-28.1616430662526
			80.1624444490539	-28.2053045283708
			80.2061059111722	-28.2053045283708
			80.2497673732904	-28.2489659904891
			80.2934288354086	-28.2489659904891
			80.3370902975268	-28.2489659904891
			80.380751759645	-28.2926274526073
			80.4244132217633	-28.3362889147255
			80.4680746838815	-28.3362889147255
			80.5117361459997	-28.3362889147255
			80.5553976081179	-28.3799503768437
			80.5990590702362	-28.3799503768437
			80.6427205323544	-28.4236118389619
			80.6863819944726	-28.4236118389619
			80.7300434565908	-28.4236118389619
			80.773704918709	-28.4672733010802
			80.8173663808273	-28.4672733010802
			80.8173663808273	-28.5109347631984
			80.8610278429455	-28.5109347631984
			80.9046893050637	-28.5109347631984
			80.9483507671819	-28.5545962253166
			80.9920122293001	-28.5545962253166
			81.0356736914184	-28.5982576874348
			81.0793351535366	-28.5982576874348
			81.1229966156548	-28.641919149553
			81.166658077773	-28.641919149553
			81.2103195398912	-28.6855806116713
			81.2539810020095	-28.6855806116713
			81.2976424641277	-28.7292420737895
			81.3413039262459	-28.7729035359077
			81.3849653883641	-28.7729035359077
			81.4286268504823	-28.8165649980259
			81.4722883126006	-28.8165649980259
			81.4722883126006	-28.8602264601441
			81.5159497747188	-28.8602264601441
			81.559611236837	-28.8602264601441
			81.559611236837	-28.9038879222624
			81.6032726989552	-28.9038879222624
			81.6469341610734	-28.9038879222624
			81.6469341610734	-28.9475493843806
			81.6905956231917	-28.9475493843806
			81.7342570853099	-28.9912108464988
			81.7779185474281	-28.9912108464988
			81.8215800095463	-29.034872308617
			81.8652414716646	-29.0785337707353
			81.9089029337828	-29.0785337707353
			81.952564395901	-29.1221952328535
			81.9962258580192	-29.1221952328535
			81.9962258580192	-29.1658566949717
			82.0398873201374	-29.1658566949717
			82.0835487822557	-29.2095181570899
			82.1272102443739	-29.2095181570899
			82.1272102443739	-29.2531796192081
			82.1708717064921	-29.2531796192081
			82.2145331686103	-29.2968410813264
			82.2581946307286	-29.2968410813264
			82.2581946307286	-29.3405025434446
			82.3018560928468	-29.3841640055628
			82.345517554965	-29.3841640055628
			82.3891790170832	-29.427825467681
			82.4328404792014	-29.4714869297992
			82.4765019413197	-29.4714869297992
			82.5201634034379	-29.5151483919175
			82.5638248655561	-29.5588098540357
			82.6074863276743	-29.5588098540357
			82.6074863276743	-29.6024713161539
			82.6511477897925	-29.6461327782721
			82.6948092519108	-29.6461327782721
			82.738470714029	-29.6897942403903
			82.7821321761472	-29.7334557025086
			82.8257936382654	-29.7334557025086
			82.8694551003836	-29.7771171646268
			82.9131165625019	-29.820778626745
			82.9567780246201	-29.8644400888632
			83.0004394867383	-29.9081015509815
			83.0441009488565	-29.9517630130997
			83.0877624109747	-29.9954244752179
			83.131423873093	-30.0390859373361
			83.1750853352112	-30.0390859373361
			83.2187467973294	-30.0827473994543
			83.2624082594476	-30.1264088615726
			83.3060697215658	-30.1700703236908
			83.3497311836841	-30.213731785809
			83.3933926458023	-30.2573932479272
			83.4370541079205	-30.3010547100454
			83.4807155700387	-30.3447161721637
			83.524377032157	-30.3883776342819
			83.5680384942752	-30.4320390964001
			83.6116999563934	-30.4757005585183
			83.6553614185116	-30.4757005585183
			83.6990228806298	-30.5193620206365
			83.7426843427481	-30.5630234827548
			83.7863458048663	-30.606684944873
			83.8300072669845	-30.6503464069912
			83.8736687291027	-30.6940078691094
			83.917330191221	-30.7376693312277
			83.9609916533392	-30.7813307933459
			84.0046531154574	-30.8249922554641
			84.0483145775756	-30.8686537175823
			84.0919760396938	-30.9123151797005
			84.1356375018121	-30.9559766418188
			84.1792989639303	-30.999638103937
			84.2229604260485	-31.0432995660552
			84.2666218881667	-31.0869610281734
			84.3102833502849	-31.1306224902916
			84.3102833502849	-31.1742839524099
			84.3539448124032	-31.2179454145281
			84.3976062745214	-31.2179454145281
			84.3976062745214	-31.2616068766463
			84.4412677366396	-31.3052683387645
			84.4849291987578	-31.3489298008827
			84.528590660876	-31.392591263001
			84.5722521229943	-31.4362527251192
			84.5722521229943	-31.4799141872374
			84.6159135851125	-31.5235756493556
			84.6595750472307	-31.5235756493556
			84.6595750472307	-31.5672371114739
			84.7032365093489	-31.6108985735921
			84.7468979714671	-31.6545600357103
			84.7468979714671	-31.6982214978285
			84.7905594335854	-31.6982214978285
			84.8342208957036	-31.7418829599467
			84.8342208957036	-31.785544422065
			84.8778823578218	-31.8292058841832
			84.8778823578218	-31.8728673463014
			84.92154381994	-31.8728673463014
			84.9652052820582	-31.9165288084196
			84.9652052820582	-31.9601902705378
			85.0088667441765	-32.0038517326561
			85.0525282062947	-32.0475131947743
			85.0525282062947	-32.0911746568925
			85.0961896684129	-32.0911746568925
			85.1398511305311	-32.1348361190107
			85.1398511305311	-32.178497581129
			85.1835125926494	-32.2221590432472
			85.2271740547676	-32.2658205053654
			85.2271740547676	-32.3094819674836
			85.2708355168858	-32.3531434296018
			85.314496979004	-32.3968048917201
			85.3581584411222	-32.4404663538383
			85.4018199032405	-32.4841278159565
			85.4018199032405	-32.5277892780747
			85.4454813653587	-32.5714507401929
			85.4454813653587	-32.6151122023112
			85.4891428274769	-32.6151122023112
			85.4891428274769	-32.6587736644294
			85.5328042895951	-32.7024351265476
			85.5328042895951	-32.7460965886658
			85.5764657517134	-32.789758050784
			85.6201272138316	-32.8334195129023
			85.6201272138316	-32.8770809750205
			85.6637886759498	-32.9207424371387
			85.707450138068	-32.9644038992569
			85.7511116001862	-33.0080653613752
			85.7511116001862	-33.0517268234934
			85.7947730623045	-33.0953882856116
			85.7947730623045	-33.1390497477298
			85.8384345244227	-33.182711209848
			85.8820959865409	-33.2263726719663
			85.8820959865409	-33.2700341340845
			85.9257574486591	-33.3136955962027
			85.9694189107773	-33.3573570583209
			85.9694189107773	-33.4010185204391
			86.0130803728956	-33.4446799825574
			86.0130803728956	-33.4883414446756
			86.0567418350138	-33.5320029067938
			86.100403297132	-33.575664368912
			86.100403297132	-33.6193258310302
			86.1440647592502	-33.6629872931485
			86.1440647592502	-33.7066487552667
			86.1877262213685	-33.7503102173849
			86.2313876834867	-33.7939716795031
			86.2750491456049	-33.8376331416214
			86.3187106077231	-33.8812946037396
			86.3187106077231	-33.9249560658578
			86.3623720698413	-33.968617527976
			86.4060335319596	-33.968617527976
			86.4060335319596	-34.0122789900942
			86.4496949940778	-34.0559404522125
			86.4496949940778	-34.0996019143307
			86.493356456196	-34.0996019143307
			86.493356456196	-34.1432633764489
			86.5370179183142	-34.1869248385671
			86.5806793804324	-34.1869248385671
			86.5806793804324	-34.2305863006853
			86.6243408425507	-34.2742477628036
			86.6680023046689	-34.3179092249218
			86.7116637667871	-34.36157068704
			86.7553252289053	-34.4052321491582
			86.7553252289053	-34.4488936112764
			86.7989866910235	-34.4925550733947
			86.8426481531418	-34.5362165355129
			86.88630961526	-34.5798779976311
			86.9299710773782	-34.6235394597493
			86.9736325394964	-34.6672009218676
			86.9736325394964	-34.7108623839858
			87.0172940016146	-34.754523846104
			87.0609554637329	-34.7981853082222
			87.1046169258511	-34.8418467703404
			87.1482783879693	-34.8855082324587
			87.1482783879693	-34.9291696945769
			87.1919398500875	-34.9728311566951
			87.2356013122058	-35.0164926188133
			87.279262774324	-35.0601540809315
			87.3229242364422	-35.1038155430498
			87.3229242364422	-35.147477005168
			87.3665856985604	-35.1911384672862
			87.4102471606786	-35.2347999294044
			87.4539086227969	-35.2784613915226
			87.4539086227969	-35.3221228536409
			87.4975700849151	-35.3657843157591
			87.5412315470333	-35.4094457778773
			87.5848930091515	-35.4531072399955
			87.6285544712697	-35.4967687021138
			87.6285544712697	-35.540430164232
			87.672215933388	-35.5840916263502
			87.7158773955062	-35.6277530884684
			87.7595388576244	-35.6714145505866
			87.8032003197426	-35.7150760127049
			87.8032003197426	-35.7587374748231
			87.8468617818609	-35.7587374748231
			87.8905232439791	-35.8023989369413
			87.9341847060973	-35.8460603990595
			87.9341847060973	-35.8897218611777
			87.9778461682155	-35.933383323296
			88.0215076303337	-35.9770447854142
			88.065169092452	-36.0207062475324
			88.065169092452	-36.0643677096506
			88.1088305545702	-36.1080291717688
			88.1524920166884	-36.1516906338871
			88.1961534788066	-36.1953520960053
			88.2398149409248	-36.2390135581235
			88.2398149409248	-36.2826750202417
			88.2834764030431	-36.32633648236
			88.3271378651613	-36.3699979444782
			88.3707993272795	-36.4136594065964
			88.3707993272795	-36.4573208687146
			88.4144607893977	-36.5009823308328
			88.4581222515159	-36.5446437929511
			88.5017837136342	-36.5883052550693
			88.5017837136342	-36.6319667171875
			88.5454451757524	-36.6756281793057
			88.5891066378706	-36.7192896414239
			88.6327680999888	-36.7629511035422
			88.6327680999888	-36.8066125656604
			88.676429562107	-36.8502740277786
			88.7200910242253	-36.8502740277786
			88.7637524863435	-36.8939354898968
			88.7637524863435	-36.937596952015
			88.8074139484617	-36.9812584141333
			88.8510754105799	-37.0249198762515
			88.8947368726982	-37.0685813383697
			88.8947368726982	-37.1122428004879
			88.9383983348164	-37.1559042626062
			88.9820597969346	-37.1995657247244
			89.0257212590528	-37.2432271868426
			89.0257212590528	-37.2868886489608
			89.069382721171	-37.330550111079
			89.1130441832893	-37.3742115731973
			89.1130441832893	-37.4178730353155
			89.1567056454075	-37.4615344974337
			89.2003671075257	-37.5051959595519
			89.2440285696439	-37.5488574216701
			89.2440285696439	-37.5925188837884
			89.2876900317621	-37.6361803459066
			89.3313514938804	-37.6798418080248
			89.3750129559986	-37.723503270143
			89.3750129559986	-37.7671647322613
			89.4186744181168	-37.7671647322613
			89.462335880235	-37.8108261943795
			89.462335880235	-37.8544876564977
			89.5059973423533	-37.8981491186159
			89.5496588044715	-37.9418105807341
			89.5933202665897	-37.9854720428524
			89.5933202665897	-38.0291335049706
			89.6369817287079	-38.0727949670888
			89.6806431908261	-38.116456429207
			89.6806431908261	-38.1601178913252
			89.7243046529444	-38.2037793534435
			89.7679661150626	-38.2474408155617
			89.8116275771808	-38.2911022776799
			89.8116275771808	-38.3347637397981
			89.855289039299	-38.3784252019163
			89.8989505014172	-38.4220866640346
			89.8989505014172	-38.4657481261528
			89.9426119635355	-38.509409588271
			89.9862734256537	-38.509409588271
			90.0299348877719	-38.5530710503892
			90.0299348877719	-38.5967325125075
			90.0735963498901	-38.6403939746257
			90.1172578120083	-38.6840554367439
			90.1172578120083	-38.7277168988621
			90.1609192741266	-38.7713783609803
			90.2045807362448	-38.8150398230986
			90.2045807362448	-38.8587012852168
			90.248242198363	-38.902362747335
			90.2919036604812	-38.9460242094532
			90.3355651225994	-38.9896856715714
			90.3355651225994	-39.0333471336897
			90.3792265847177	-39.0770085958079
			90.4228880468359	-39.1206700579261
			90.4228880468359	-39.1643315200443
			90.4665495089541	-39.1643315200443
			90.5102109710723	-39.2079929821625
			90.5102109710723	-39.2516544442808
			90.5538724331906	-39.295315906399
			90.5975338953088	-39.3389773685172
			90.5975338953088	-39.3826388306354
			90.641195357427	-39.4263002927537
			90.6848568195452	-39.4699617548719
			90.6848568195452	-39.5136232169901
			90.7285182816634	-39.5572846791083
			90.7721797437817	-39.6009461412265
			90.7721797437817	-39.6446076033448
			90.8158412058999	-39.688269065463
			90.8595026680181	-39.7319305275812
			90.9031641301363	-39.7755919896994
			90.9468255922545	-39.8192534518176
			90.9904870543728	-39.8629149139359
			90.9904870543728	-39.9065763760541
			91.034148516491	-39.9502378381723
			91.0778099786092	-39.9938993002905
			91.1214714407274	-40.0375607624087
			91.1214714407274	-40.081222224527
			91.1651329028457	-40.1248836866452
			91.1651329028457	-40.1685451487634
			91.2087943649639	-40.2122066108816
			91.2524558270821	-40.2558680729999
			91.2961172892003	-40.2995295351181
			91.2961172892003	-40.3431909972363
			91.3397787513185	-40.3868524593545
			91.3834402134368	-40.4305139214727
			91.3834402134368	-40.474175383591
			91.427101675555	-40.5178368457092
			91.4707631376732	-40.5614983078274
			91.4707631376732	-40.6051597699456
			91.5144245997914	-40.6488212320638
			91.5580860619096	-40.6924826941821
			91.5580860619096	-40.7361441563003
			91.6017475240279	-40.7798056184185
			91.6454089861461	-40.8234670805367
			91.6454089861461	-40.8671285426549
			91.6890704482643	-40.9107900047732
			91.7327319103825	-40.9544514668914
			91.7763933725007	-40.9981129290096
			91.820054834619	-41.0417743911278
			91.820054834619	-41.0854358532461
			91.8637162967372	-41.0854358532461
			91.8637162967372	-41.1290973153643
			91.8637162967372	-41.1727587774825
			91.9073777588554	-41.2164202396007
			91.9510392209736	-41.2600817017189
			91.9947006830918	-41.3037431638372
			91.9947006830918	-41.3474046259554
			92.0383621452101	-41.3910660880736
			92.0820236073283	-41.4347275501918
			92.0820236073283	-41.47838901231
			92.1256850694465	-41.47838901231
			92.1256850694465	-41.5220504744283
			92.1693465315647	-41.5657119365465
			92.1693465315647	-41.6093733986647
			92.213007993683	-41.6530348607829
			92.2566694558012	-41.6966963229011
			92.3003309179194	-41.7403577850194
			92.3003309179194	-41.7840192471376
			92.3439923800376	-41.8276807092558
			92.3876538421558	-41.871342171374
			92.3876538421558	-41.9150036334923
			92.4313153042741	-41.9586650956105
			92.4749767663923	-42.0023265577287
			92.4749767663923	-42.0459880198469
			92.5186382285105	-42.0896494819651
			92.5622996906287	-42.1333109440834
			92.5622996906287	-42.1769724062016
			92.6059611527469	-42.2206338683198
			92.6496226148652	-42.264295330438
			92.6496226148652	-42.3079567925562
			92.6932840769834	-42.3516182546745
			92.7369455391016	-42.3952797167927
			92.7369455391016	-42.4389411789109
			92.7806070012198	-42.4826026410291
			92.7806070012198	-42.5262641031473
			92.8242684633381	-42.5699255652656
			92.8679299254563	-42.6135870273838
			92.8679299254563	-42.657248489502
			92.9115913875745	-42.7009099516202
			92.9552528496927	-42.7445714137385
			92.9552528496927	-42.7882328758567
			92.9989143118109	-42.8318943379749
			93.0425757739292	-42.8318943379749
			93.0425757739292	-42.8755558000931
			93.0862372360474	-42.9192172622113
			93.0862372360474	-42.9628787243296
			93.1298986981656	-43.0065401864478
			93.1735601602838	-43.050201648566
			93.1735601602838	-43.0938631106842
			93.2172216224021	-43.1375245728024
			93.2608830845203	-43.1811860349207
			93.2608830845203	-43.2248474970389
			93.3045445466385	-43.2685089591571
			93.3045445466385	-43.3121704212753
			93.3482060087567	-43.3558318833935
			93.3918674708749	-43.3994933455118
			93.3918674708749	-43.44315480763
			93.4355289329932	-43.4868162697482
			93.4791903951114	-43.5304777318664
			93.4791903951114	-43.5741391939847
			93.5228518572296	-43.6178006561029
			93.5228518572296	-43.6614621182211
			93.5665133193478	-43.7051235803393
			93.610174781466	-43.7487850424575
			93.610174781466	-43.7924465045758
			93.6538362435843	-43.836107966694
			93.6974977057025	-43.8797694288122
			93.6974977057025	-43.9234308909304
			93.7411591678207	-43.9670923530486
			93.7411591678207	-44.0107538151669
			93.7848206299389	-44.0107538151669
			93.7848206299389	-44.0544152772851
			93.8284820920571	-44.0980767394033
			93.8284820920571	-44.1417382015215
			93.8721435541754	-44.1853996636397
			93.9158050162936	-44.229061125758
			93.9158050162936	-44.2727225878762
			93.9594664784118	-44.3163840499944
			93.9594664784118	-44.3600455121126
			94.00312794053	-44.3600455121126
			94.00312794053	-44.4037069742309
			94.0467894026482	-44.4473684363491
			94.0467894026482	-44.4910298984673
			94.0904508647665	-44.5346913605855
			94.1341123268847	-44.5783528227037
			94.1777737890029	-44.622014284822
			94.1777737890029	-44.6656757469402
			94.2214352511211	-44.7093372090584
			94.2214352511211	-44.7529986711766
			94.2650967132393	-44.7966601332948
			94.3087581753576	-44.8403215954131
			94.3087581753576	-44.8839830575313
			94.3524196374758	-44.9276445196495
			94.3524196374758	-44.9713059817677
			94.396081099594	-45.014967443886
			94.396081099594	-45.0586289060042
			94.4397425617122	-45.1022903681224
			94.4834040238305	-45.1459518302406
			94.4834040238305	-45.1896132923588
			94.5270654859487	-45.2332747544771
			94.5270654859487	-45.2769362165953
			94.5707269480669	-45.3205976787135
			94.6143884101851	-45.3642591408317
			94.6143884101851	-45.4079206029499
			94.6580498723033	-45.4515820650682
			94.6580498723033	-45.4952435271864
			94.7017113344216	-45.5389049893046
			94.7017113344216	-45.5825664514228
			94.7453727965398	-45.626227913541
			94.789034258658	-45.6698893756593
			94.789034258658	-45.7135508377775
			94.8326957207762	-45.7572122998957
			94.8326957207762	-45.8008737620139
			94.8763571828945	-45.8445352241322
			94.9200186450127	-45.8881966862504
			94.9200186450127	-45.9318581483686
			94.9636801071309	-45.9755196104868
			94.9636801071309	-46.019181072605
			95.0073415692491	-46.019181072605
			95.0073415692491	-46.0628425347233
			95.0073415692491	-46.1065039968415
			95.0510030313673	-46.1065039968415
			95.0510030313673	-46.1501654589597
			95.0946644934856	-46.1938269210779
			95.0946644934856	-46.2374883831961
			95.1383259556038	-46.2811498453144
			95.181987417722	-46.3248113074326
			95.181987417722	-46.3684727695508
			95.2256488798402	-46.412134231669
			95.2256488798402	-46.4557956937872
			95.2693103419584	-46.4994571559055
			95.2693103419584	-46.5431186180237
			95.3129718040767	-46.5867800801419
			95.3566332661949	-46.6304415422601
			95.3566332661949	-46.6741030043784
			95.4002947283131	-46.7177644664966
			95.4002947283131	-46.7614259286148
			95.4439561904313	-46.805087390733
			95.4439561904313	-46.8487488528512
			95.4876176525495	-46.8924103149695
			95.4876176525495	-46.9360717770877
			95.5312791146678	-46.9797332392059
			95.574940576786	-47.0233947013241
			95.574940576786	-47.0670561634423
			95.6186020389042	-47.1107176255606
			95.6186020389042	-47.1543790876788
			95.6622635010224	-47.198040549797
			95.6622635010224	-47.2417020119152
			95.7059249631406	-47.2853634740334
			95.7059249631406	-47.3290249361517
			95.7495864252589	-47.3726863982699
			95.7495864252589	-47.4163478603881
			95.7932478873771	-47.4600093225063
			95.8369093494953	-47.5036707846246
			95.8369093494953	-47.5473322467428
			95.8805708116135	-47.590993708861
			95.8805708116135	-47.6346551709792
			95.9242322737317	-47.6783166330974
			95.9242322737317	-47.7219780952157
			95.96789373585	-47.7656395573339
			95.96789373585	-47.8093010194521
			96.0115551979682	-47.8529624815703
			96.0115551979682	-47.8966239436885
			96.0552166600864	-47.9402854058068
			96.0552166600864	-47.983946867925
			96.0988781222046	-48.0276083300432
			96.0988781222046	-48.0712697921614
			96.1425395843229	-48.1149312542796
			96.1425395843229	-48.1585927163979
			96.1862010464411	-48.2022541785161
			96.1862010464411	-48.2459156406343
			96.2298625085593	-48.2895771027525
			96.2298625085593	-48.3332385648708
			96.2735239706775	-48.3332385648708
			96.2735239706775	-48.376900026989
			96.3171854327957	-48.4205614891072
			96.3171854327957	-48.4642229512254
			96.360846894914	-48.5078844133436
			96.360846894914	-48.5515458754619
			96.4045083570322	-48.5952073375801
			96.4045083570322	-48.6388687996983
			96.4481698191504	-48.6825302618165
			96.4481698191504	-48.7261917239347
			96.4918312812686	-48.769853186053
			96.4918312812686	-48.8135146481712
			96.5354927433869	-48.8571761102894
			96.5354927433869	-48.9008375724076
			96.5791542055051	-48.9444990345258
			96.5791542055051	-48.9881604966441
			96.6228156676233	-49.0318219587623
			96.6228156676233	-49.0754834208805
			96.6664771297415	-49.1191448829987
			96.6664771297415	-49.162806345117
			96.7101385918597	-49.2064678072352
			96.7101385918597	-49.2501292693534
			96.753800053978	-49.2937907314716
			96.753800053978	-49.3374521935898
			96.7974615160962	-49.3811136557081
			96.7974615160962	-49.4247751178263
			96.7974615160962	-49.4684365799445
			96.8411229782144	-49.4684365799445
			96.8411229782144	-49.5120980420627
			96.8847844403326	-49.5557595041809
			96.8847844403326	-49.5994209662992
			96.9284459024508	-49.6430824284174
			96.9284459024508	-49.6867438905356
			96.9721073645691	-49.7304053526538
			96.9721073645691	-49.774066814772
			97.0157688266873	-49.8177282768903
			97.0157688266873	-49.8613897390085
			97.0157688266873	-49.9050512011267
			97.0594302888055	-49.9487126632449
			97.0594302888055	-49.9923741253632
			97.1030917509237	-50.0360355874814
			97.1030917509237	-50.0796970495996
			97.1467532130419	-50.1233585117178
			97.1467532130419	-50.167019973836
			97.1904146751602	-50.2106814359543
			97.1904146751602	-50.2543428980725
			97.1904146751602	-50.2980043601907
			97.2340761372784	-50.2980043601907
			97.2340761372784	-50.3416658223089
			97.2777375993966	-50.3853272844271
			97.2777375993966	-50.4289887465454
			97.3213990615148	-50.4726502086636
			97.3213990615148	-50.5163116707818
			97.3213990615148	-50.5599731329
			97.365060523633	-50.6036345950182
			97.365060523633	-50.6472960571365
			97.4087219857513	-50.6909575192547
			97.4087219857513	-50.7346189813729
			97.4523834478695	-50.7782804434911
			97.4523834478695	-50.8219419056094
			97.4523834478695	-50.8656033677276
			97.4960449099877	-50.9092648298458
			97.4960449099877	-50.952926291964
			97.5397063721059	-50.9965877540822
			97.5833678342241	-51.0402492162005
			97.5833678342241	-51.0839106783187
			97.5833678342241	-51.1275721404369
			97.6270292963424	-51.1712336025551
			97.6270292963424	-51.2148950646733
			97.6706907584606	-51.2585565267916
			97.6706907584606	-51.3022179889098
			97.6706907584606	-51.345879451028
			97.7143522205788	-51.3895409131462
			97.7143522205788	-51.4332023752645
			97.758013682697	-51.4768638373827
			97.758013682697	-51.5205252995009
			97.8016751448153	-51.5641867616191
			97.8016751448153	-51.6078482237373
			97.8016751448153	-51.6515096858556
			97.8453366069335	-51.6951711479738
			97.8453366069335	-51.738832610092
			97.8889980690517	-51.7824940722102
			97.8889980690517	-51.8261555343284
			97.8889980690517	-51.8698169964467
			97.9326595311699	-51.9134784585649
			97.9326595311699	-51.9571399206831
			97.9763209932881	-52.0008013828013
			97.9763209932881	-52.0444628449196
			97.9763209932881	-52.0881243070378
			98.0199824554064	-52.131785769156
			98.0199824554064	-52.1754472312742
			98.0199824554064	-52.2191086933924
			98.0636439175246	-52.2191086933924
			98.0636439175246	-52.2627701555107
			98.1073053796428	-52.3064316176289
			98.1073053796428	-52.3500930797471
			98.1073053796428	-52.3937545418653
			98.150966841761	-52.4374160039835
			98.150966841761	-52.4810774661018
			98.1946283038793	-52.52473892822
			98.1946283038793	-52.5684003903382
			98.1946283038793	-52.6120618524564
			98.2382897659975	-52.6557233145746
			98.2382897659975	-52.6993847766929
			98.2382897659975	-52.7430462388111
			98.2819512281157	-52.7867077009293
			98.2819512281157	-52.8303691630475
			98.2819512281157	-52.8740306251658
			98.3256126902339	-52.917692087284
			98.3256126902339	-52.9613535494022
			98.3692741523521	-53.0050150115204
			98.3692741523521	-53.0486764736386
			98.3692741523521	-53.0923379357569
			98.4129356144704	-53.1359993978751
			98.4129356144704	-53.1796608599933
			98.4565970765886	-53.2233223221115
			98.4565970765886	-53.2669837842297
			98.4565970765886	-53.310645246348
			98.5002585387068	-53.3543067084662
			98.5002585387068	-53.3979681705844
		</c1>
		<c2 type=matrix rownames=FALSE colnames=FALSE nrow=1379 ncol=2 as.numeric=TRUE >
			98.5002585387068	-53.3979681705844
			98.4565970765886	-53.3979681705844
			98.4129356144704	-53.3979681705844
			98.3692741523521	-53.3543067084662
			98.3256126902339	-53.3543067084662
			98.2819512281157	-53.3543067084662
			98.2382897659975	-53.3543067084662
			98.1946283038793	-53.310645246348
			98.150966841761	-53.310645246348
			98.1073053796428	-53.310645246348
			98.0636439175246	-53.310645246348
			98.0199824554064	-53.310645246348
			97.9763209932881	-53.310645246348
			97.9326595311699	-53.2669837842297
			97.8889980690517	-53.2669837842297
			97.8453366069335	-53.2669837842297
			97.8016751448153	-53.2669837842297
			97.758013682697	-53.2669837842297
			97.7143522205788	-53.2233223221115
			97.6706907584606	-53.2233223221115
			97.6270292963424	-53.2233223221115
			97.5833678342241	-53.2233223221115
			97.5397063721059	-53.2233223221115
			97.4960449099877	-53.1796608599933
			97.4523834478695	-53.1796608599933
			97.4087219857513	-53.1796608599933
			97.365060523633	-53.1796608599933
			97.3213990615148	-53.1796608599933
			97.2777375993966	-53.1359993978751
			97.2340761372784	-53.1359993978751
			97.1904146751602	-53.1359993978751
			97.1467532130419	-53.1359993978751
			97.1030917509237	-53.1359993978751
			97.0594302888055	-53.0923379357569
			97.0157688266873	-53.0923379357569
			96.9721073645691	-53.0923379357569
			96.9284459024508	-53.0923379357569
			96.8847844403326	-53.0923379357569
			96.8411229782144	-53.0486764736386
			96.7974615160962	-53.0486764736386
			96.753800053978	-53.0486764736386
			96.7101385918597	-53.0486764736386
			96.6664771297415	-53.0486764736386
			96.6228156676233	-53.0050150115204
			96.5791542055051	-53.0050150115204
			96.5354927433869	-53.0050150115204
			96.4918312812686	-53.0050150115204
			96.4481698191504	-53.0050150115204
			96.4045083570322	-52.9613535494022
			96.360846894914	-52.9613535494022
			96.3171854327957	-52.9613535494022
			96.2735239706775	-52.9613535494022
			96.2298625085593	-52.9613535494022
			96.1862010464411	-52.917692087284
			96.1425395843229	-52.917692087284
			96.0988781222046	-52.917692087284
			96.0552166600864	-52.917692087284
			96.0115551979682	-52.917692087284
			95.96789373585	-52.8740306251658
			95.9242322737317	-52.8740306251658
			95.8805708116135	-52.8740306251658
			95.8369093494953	-52.8740306251658
			95.7932478873771	-52.8740306251658
			95.7495864252589	-52.8740306251658
			95.7059249631406	-52.8303691630475
			95.6622635010224	-52.8303691630475
			95.6186020389042	-52.8303691630475
			95.574940576786	-52.8303691630475
			95.5312791146678	-52.8303691630475
			95.4876176525495	-52.7867077009293
			95.4439561904313	-52.7867077009293
			95.4002947283131	-52.7867077009293
			95.3566332661949	-52.7867077009293
			95.3129718040767	-52.7867077009293
			95.2693103419584	-52.7430462388111
			95.2256488798402	-52.7430462388111
			95.181987417722	-52.7430462388111
			95.1383259556038	-52.7430462388111
			95.0946644934856	-52.7430462388111
			95.0510030313673	-52.6993847766929
			95.0073415692491	-52.6993847766929
			94.9636801071309	-52.6993847766929
			94.9200186450127	-52.6993847766929
			94.8763571828945	-52.6993847766929
			94.8326957207762	-52.6993847766929
			94.789034258658	-52.6557233145746
			94.7453727965398	-52.6557233145746
			94.7017113344216	-52.6557233145746
			94.6580498723033	-52.6557233145746
			94.6143884101851	-52.6557233145746
			94.5707269480669	-52.6120618524564
			94.5270654859487	-52.6120618524564
			94.4834040238305	-52.6120618524564
			94.4397425617122	-52.6120618524564
			94.396081099594	-52.6120618524564
			94.3524196374758	-52.6120618524564
			94.3087581753576	-52.5684003903382
			94.2650967132393	-52.5684003903382
			94.2214352511211	-52.5684003903382
			94.1777737890029	-52.5684003903382
			94.1341123268847	-52.5684003903382
			94.0904508647665	-52.52473892822
			94.0467894026482	-52.52473892822
			94.00312794053	-52.52473892822
			93.9594664784118	-52.52473892822
			93.9158050162936	-52.52473892822
			93.8721435541754	-52.4810774661018
			93.8284820920571	-52.4810774661018
			93.7848206299389	-52.4810774661018
			93.7411591678207	-52.4810774661018
			93.6974977057025	-52.4810774661018
			93.6538362435843	-52.4810774661018
			93.610174781466	-52.4374160039835
			93.5665133193478	-52.4374160039835
			93.5228518572296	-52.4374160039835
			93.4791903951114	-52.4374160039835
			93.4355289329932	-52.4374160039835
			93.3918674708749	-52.4374160039835
			93.3482060087567	-52.3937545418653
			93.3045445466385	-52.3937545418653
			93.2608830845203	-52.3937545418653
			93.2172216224021	-52.3937545418653
			93.1735601602838	-52.3937545418653
			93.1298986981656	-52.3500930797471
			93.0862372360474	-52.3500930797471
			93.0425757739292	-52.3500930797471
			92.9989143118109	-52.3500930797471
			92.9552528496927	-52.3500930797471
			92.9115913875745	-52.3500930797471
			92.8679299254563	-52.3064316176289
			92.8242684633381	-52.3064316176289
			92.7806070012198	-52.3064316176289
			92.7369455391016	-52.3064316176289
			92.6932840769834	-52.3064316176289
			92.6496226148652	-52.3064316176289
			92.6059611527469	-52.2627701555107
			92.5622996906287	-52.2627701555107
			92.5186382285105	-52.2627701555107
			92.4749767663923	-52.2627701555107
			92.4313153042741	-52.2627701555107
			92.3876538421558	-52.2627701555107
			92.3439923800376	-52.2191086933924
			92.3003309179194	-52.2191086933924
			92.2566694558012	-52.2191086933924
			92.213007993683	-52.2191086933924
			92.1693465315647	-52.2191086933924
			92.1256850694465	-52.2191086933924
			92.0820236073283	-52.1754472312742
			92.0383621452101	-52.1754472312742
			91.9947006830918	-52.1754472312742
			91.9510392209736	-52.1754472312742
			91.9073777588554	-52.1754472312742
			91.8637162967372	-52.131785769156
			91.820054834619	-52.131785769156
			91.7763933725007	-52.131785769156
			91.7327319103825	-52.131785769156
			91.6890704482643	-52.131785769156
			91.6454089861461	-52.131785769156
			91.6017475240279	-52.0881243070378
			91.5580860619096	-52.0881243070378
			91.5144245997914	-52.0881243070378
			91.4707631376732	-52.0881243070378
			91.427101675555	-52.0881243070378
			91.3834402134368	-52.0881243070378
			91.3397787513185	-52.0444628449196
			91.2961172892003	-52.0444628449196
			91.2524558270821	-52.0444628449196
			91.2087943649639	-52.0444628449196
			91.1651329028457	-52.0444628449196
			91.1214714407274	-52.0444628449196
			91.0778099786092	-52.0008013828013
			91.034148516491	-52.0008013828013
			90.9904870543728	-52.0008013828013
			90.9468255922545	-52.0008013828013
			90.9031641301363	-52.0008013828013
			90.8595026680181	-52.0008013828013
			90.8595026680181	-51.9571399206831
			90.8158412058999	-51.9571399206831
			90.7721797437817	-51.9571399206831
			90.7285182816634	-51.9571399206831
			90.6848568195452	-51.9571399206831
			90.641195357427	-51.9571399206831
			90.5975338953088	-51.9134784585649
			90.5538724331906	-51.9134784585649
			90.5102109710723	-51.9134784585649
			90.4665495089541	-51.9134784585649
			90.4228880468359	-51.9134784585649
			90.3792265847177	-51.9134784585649
			90.3355651225994	-51.9134784585649
			90.2919036604812	-51.8698169964467
			90.248242198363	-51.8698169964467
			90.2045807362448	-51.8698169964467
			90.1609192741266	-51.8698169964467
			90.1172578120083	-51.8698169964467
			90.0735963498901	-51.8698169964467
			90.0299348877719	-51.8261555343284
			89.9862734256537	-51.8261555343284
			89.9426119635355	-51.8261555343284
			89.8989505014172	-51.8261555343284
			89.855289039299	-51.8261555343284
			89.8116275771808	-51.8261555343284
			89.7679661150626	-51.7824940722102
			89.7243046529444	-51.7824940722102
			89.6806431908261	-51.7824940722102
			89.6369817287079	-51.7824940722102
			89.5933202665897	-51.7824940722102
			89.5496588044715	-51.7824940722102
			89.5059973423533	-51.738832610092
			89.462335880235	-51.738832610092
			89.4186744181168	-51.738832610092
			89.3750129559986	-51.738832610092
			89.3313514938804	-51.738832610092
			89.2876900317621	-51.738832610092
			89.2440285696439	-51.6951711479738
			89.2003671075257	-51.6951711479738
			89.1567056454075	-51.6951711479738
			89.1130441832893	-51.6951711479738
			89.069382721171	-51.6951711479738
			89.0257212590528	-51.6951711479738
			88.9820597969346	-51.6951711479738
			88.9383983348164	-51.6515096858556
			88.8947368726982	-51.6515096858556
			88.8510754105799	-51.6515096858556
			88.8074139484617	-51.6515096858556
			88.7637524863435	-51.6515096858556
			88.7200910242253	-51.6515096858556
			88.676429562107	-51.6078482237373
			88.6327680999888	-51.6078482237373
			88.5891066378706	-51.6078482237373
			88.5454451757524	-51.6078482237373
			88.5017837136342	-51.6078482237373
			88.4581222515159	-51.6078482237373
			88.4144607893977	-51.6078482237373
			88.3707993272795	-51.5641867616191
			88.3271378651613	-51.5641867616191
			88.2834764030431	-51.5641867616191
			88.2398149409248	-51.5641867616191
			88.1961534788066	-51.5641867616191
			88.1524920166884	-51.5641867616191
			88.1088305545702	-51.5205252995009
			88.065169092452	-51.5205252995009
			88.0215076303337	-51.5205252995009
			87.9778461682155	-51.5205252995009
			87.9341847060973	-51.5205252995009
			87.8905232439791	-51.5205252995009
			87.8468617818609	-51.4768638373827
			87.8032003197426	-51.4768638373827
			87.7595388576244	-51.4768638373827
			87.7158773955062	-51.4768638373827
			87.672215933388	-51.4768638373827
			87.6285544712697	-51.4768638373827
			87.5848930091515	-51.4332023752645
			87.5412315470333	-51.4332023752645
			87.4975700849151	-51.4332023752645
			87.4539086227969	-51.4332023752645
			87.4102471606786	-51.4332023752645
			87.3665856985604	-51.4332023752645
			87.3229242364422	-51.4332023752645
			87.279262774324	-51.3895409131462
			87.2356013122058	-51.3895409131462
			87.1919398500875	-51.3895409131462
			87.1482783879693	-51.3895409131462
			87.1046169258511	-51.3895409131462
			87.0609554637329	-51.3895409131462
			87.0172940016146	-51.345879451028
			86.9736325394964	-51.345879451028
			86.9299710773782	-51.345879451028
			86.88630961526	-51.345879451028
			86.8426481531418	-51.345879451028
			86.7989866910235	-51.345879451028
			86.7553252289053	-51.345879451028
			86.7116637667871	-51.3022179889098
			86.6680023046689	-51.3022179889098
			86.6243408425507	-51.3022179889098
			86.5806793804324	-51.3022179889098
			86.5370179183142	-51.3022179889098
			86.493356456196	-51.3022179889098
			86.4496949940778	-51.3022179889098
			86.4060335319596	-51.2585565267916
			86.3623720698413	-51.2585565267916
			86.3187106077231	-51.2585565267916
			86.2750491456049	-51.2585565267916
			86.2313876834867	-51.2585565267916
			86.1877262213685	-51.2585565267916
			86.1440647592502	-51.2585565267916
			86.100403297132	-51.2148950646733
			86.0567418350138	-51.2148950646733
			86.0130803728956	-51.2148950646733
			85.9694189107773	-51.2148950646733
			85.9257574486591	-51.2148950646733
			85.8820959865409	-51.2148950646733
			85.8384345244227	-51.2148950646733
			85.7947730623045	-51.1712336025551
			85.7511116001862	-51.1712336025551
			85.707450138068	-51.1712336025551
			85.6637886759498	-51.1712336025551
			85.6201272138316	-51.1712336025551
			85.5764657517134	-51.1712336025551
			85.5328042895951	-51.1275721404369
			85.4891428274769	-51.1275721404369
			85.4454813653587	-51.1275721404369
			85.4018199032405	-51.1275721404369
			85.3581584411222	-51.1275721404369
			85.314496979004	-51.1275721404369
			85.2708355168858	-51.1275721404369
			85.2271740547676	-51.1275721404369
			85.1835125926494	-51.0839106783187
			85.1398511305311	-51.0839106783187
			85.0961896684129	-51.0839106783187
			85.0525282062947	-51.0839106783187
			85.0088667441765	-51.0839106783187
			84.9652052820582	-51.0839106783187
			84.92154381994	-51.0839106783187
			84.8778823578218	-51.0839106783187
			84.8342208957036	-51.0839106783187
			84.7905594335854	-51.0839106783187
			84.7468979714671	-51.0839106783187
			84.7032365093489	-51.0839106783187
			84.6595750472307	-51.0839106783187
			84.6159135851125	-51.0839106783187
			84.5722521229943	-51.0839106783187
			84.528590660876	-51.0839106783187
			84.4849291987578	-51.0839106783187
			84.4412677366396	-51.0839106783187
			84.3976062745214	-51.0839106783187
			84.3539448124032	-51.0839106783187
			84.3102833502849	-51.0839106783187
			84.2666218881667	-51.0839106783187
			84.2229604260485	-51.0839106783187
			84.1792989639303	-51.0839106783187
			84.1356375018121	-51.0839106783187
			84.0919760396938	-51.0839106783187
			84.0483145775756	-51.0839106783187
			84.0046531154574	-51.0839106783187
			83.9609916533392	-51.0839106783187
			83.917330191221	-51.0839106783187
			83.8736687291027	-51.0839106783187
			83.8300072669845	-51.0839106783187
			83.7863458048663	-51.0839106783187
			83.7426843427481	-51.0839106783187
			83.6990228806298	-51.0839106783187
			83.6553614185116	-51.0839106783187
			83.6116999563934	-51.0839106783187
			83.5680384942752	-51.0839106783187
			83.524377032157	-51.0839106783187
			83.4807155700387	-51.0839106783187
			83.4370541079205	-51.0839106783187
			83.3933926458023	-51.0839106783187
			83.3497311836841	-51.0839106783187
			83.3060697215658	-51.0839106783187
			83.2624082594476	-51.0839106783187
			83.2187467973294	-51.0839106783187
			83.1750853352112	-51.0839106783187
			83.131423873093	-51.0839106783187
			83.0877624109747	-51.0839106783187
			83.0441009488565	-51.0402492162005
			83.0004394867383	-51.0402492162005
			82.9567780246201	-51.0402492162005
			82.9131165625019	-51.0402492162005
			82.8694551003836	-51.0402492162005
			82.8257936382654	-51.0402492162005
			82.7821321761472	-51.0402492162005
			82.738470714029	-51.0402492162005
			82.6948092519108	-51.0402492162005
			82.6511477897925	-51.0402492162005
			82.6074863276743	-51.0402492162005
			82.5638248655561	-51.0402492162005
			82.5201634034379	-51.0402492162005
			82.4765019413197	-51.0402492162005
			82.4328404792014	-51.0402492162005
			82.3891790170832	-51.0402492162005
			82.345517554965	-51.0402492162005
			82.3018560928468	-51.0402492162005
			82.2581946307286	-51.0402492162005
			82.2145331686103	-51.0402492162005
			82.1708717064921	-51.0402492162005
			82.1272102443739	-51.0402492162005
			82.0835487822557	-51.0402492162005
			82.0398873201374	-51.0402492162005
			81.9962258580192	-51.0402492162005
			81.952564395901	-51.0402492162005
			81.9089029337828	-51.0402492162005
			81.8652414716646	-51.0402492162005
			81.8215800095463	-51.0402492162005
			81.7779185474281	-51.0402492162005
			81.7342570853099	-51.0402492162005
			81.6905956231917	-51.0402492162005
			81.6469341610734	-51.0402492162005
			81.6032726989552	-51.0402492162005
			81.559611236837	-51.0402492162005
			81.5159497747188	-51.0402492162005
			81.4722883126006	-51.0402492162005
			81.4286268504823	-51.0402492162005
			81.3849653883641	-51.0402492162005
			81.3413039262459	-51.0402492162005
			81.2976424641277	-51.0402492162005
			81.2539810020095	-51.0402492162005
			81.2103195398912	-51.0402492162005
			81.166658077773	-51.0402492162005
			81.1229966156548	-51.0402492162005
			81.0793351535366	-51.0402492162005
			81.0356736914184	-51.0402492162005
			80.9920122293001	-51.0402492162005
			80.9483507671819	-51.0402492162005
			80.9046893050637	-51.0402492162005
			80.8610278429455	-51.0402492162005
			80.8173663808273	-51.0402492162005
			80.773704918709	-51.0402492162005
			80.7300434565908	-51.0402492162005
			80.6863819944726	-51.0402492162005
			80.6427205323544	-51.0402492162005
			80.5990590702362	-51.0402492162005
			80.5553976081179	-51.0402492162005
			80.5117361459997	-51.0402492162005
			80.4680746838815	-51.0402492162005
			80.4244132217633	-51.0402492162005
			80.380751759645	-51.0402492162005
			80.3370902975268	-51.0402492162005
			80.2934288354086	-51.0402492162005
			80.2497673732904	-51.0402492162005
			80.2061059111722	-51.0402492162005
			80.1624444490539	-51.0402492162005
			80.1187829869357	-51.0402492162005
			80.0751215248175	-51.0402492162005
			80.0314600626993	-51.0402492162005
			79.987798600581	-51.0402492162005
			79.9441371384628	-51.0402492162005
			79.9004756763446	-51.0402492162005
			79.8568142142264	-50.9965877540822
			79.8131527521082	-50.9965877540822
			79.7694912899899	-50.9965877540822
			79.7258298278717	-50.9965877540822
			79.6821683657535	-50.9965877540822
			79.6385069036353	-50.9965877540822
			79.5948454415171	-50.9965877540822
			79.5511839793988	-50.9965877540822
			79.5075225172806	-50.9965877540822
			79.4638610551624	-50.9965877540822
			79.4201995930442	-50.9965877540822
			79.376538130926	-50.9965877540822
			79.3328766688077	-50.9965877540822
			79.2892152066895	-50.9965877540822
			79.2455537445713	-50.9965877540822
			79.2018922824531	-50.9965877540822
			79.1582308203349	-50.9965877540822
			79.1145693582166	-50.9965877540822
			79.0709078960984	-50.9965877540822
			79.0272464339802	-50.9965877540822
			78.983584971862	-50.9965877540822
			78.9399235097437	-50.9965877540822
			78.8962620476255	-50.9965877540822
			78.8526005855073	-50.9965877540822
			78.8089391233891	-50.9965877540822
			78.7652776612709	-50.9965877540822
			78.7216161991526	-50.9965877540822
			78.6779547370344	-50.9965877540822
			78.6342932749162	-50.9965877540822
			78.590631812798	-50.9965877540822
			78.5469703506798	-50.9965877540822
			78.5033088885615	-50.9965877540822
			78.4596474264433	-50.9965877540822
			78.4159859643251	-50.9965877540822
			78.3723245022069	-50.9965877540822
			78.3286630400886	-50.9965877540822
			78.2850015779704	-50.9965877540822
			78.2413401158522	-50.9965877540822
			78.197678653734	-50.9965877540822
			78.1540171916158	-50.9965877540822
			78.1103557294975	-50.9965877540822
			78.0666942673793	-50.9965877540822
			78.0230328052611	-50.9965877540822
			77.9793713431429	-50.9965877540822
			77.9357098810247	-50.9965877540822
			77.8920484189064	-50.9965877540822
			77.8483869567882	-50.9965877540822
			77.80472549467	-50.9965877540822
			77.7610640325518	-50.9965877540822
			77.7174025704335	-50.9965877540822
			77.6737411083153	-50.9965877540822
			77.6300796461971	-50.9965877540822
			77.5864181840789	-50.9965877540822
			77.5427567219607	-50.9965877540822
			77.4990952598424	-50.9965877540822
			77.4554337977242	-50.9965877540822
			77.411772335606	-50.9965877540822
			77.3681108734878	-50.9965877540822
			77.3244494113696	-50.9965877540822
			77.2807879492513	-50.9965877540822
			77.2371264871331	-50.9965877540822
			77.1934650250149	-50.9965877540822
			77.1498035628967	-50.9965877540822
			77.1061421007785	-50.9965877540822
			77.0624806386602	-50.9965877540822
			77.018819176542	-50.9965877540822
			76.9751577144238	-50.9965877540822
			76.9314962523056	-50.9965877540822
			76.8878347901874	-50.9965877540822
			76.8441733280691	-50.9965877540822
			76.8005118659509	-50.9965877540822
			76.7568504038327	-50.9965877540822
			76.7131889417145	-50.9965877540822
			76.6695274795962	-50.9965877540822
			76.625866017478	-50.9965877540822
			76.5822045553598	-50.9965877540822
			76.5385430932416	-50.9965877540822
			76.4948816311234	-50.9965877540822
			76.4512201690051	-50.9965877540822
			76.4075587068869	-50.9965877540822
			76.3638972447687	-50.9965877540822
			76.3202357826505	-50.9965877540822
			76.2765743205323	-50.9965877540822
			76.232912858414	-50.9965877540822
			76.1892513962958	-50.9965877540822
			76.1455899341776	-50.9965877540822
			76.1019284720594	-50.9965877540822
			76.0582670099411	-50.9965877540822
			76.0146055478229	-50.9965877540822
			75.9709440857047	-50.9965877540822
			75.9272826235865	-50.9965877540822
			75.8836211614683	-50.9965877540822
			75.83995969935	-50.9965877540822
			75.7962982372318	-50.9965877540822
			75.7526367751136	-50.9965877540822
			75.7089753129954	-50.9965877540822
			75.6653138508772	-50.952926291964
			75.6216523887589	-50.952926291964
			75.5779909266407	-50.952926291964
			75.5343294645225	-50.952926291964
			75.4906680024043	-50.952926291964
			75.4470065402861	-50.952926291964
			75.4033450781678	-50.952926291964
			75.3596836160496	-50.952926291964
			75.3160221539314	-50.952926291964
			75.2723606918132	-50.952926291964
			75.228699229695	-50.952926291964
			75.1850377675767	-50.952926291964
			75.1413763054585	-50.952926291964
			75.0977148433403	-50.952926291964
			75.0540533812221	-50.952926291964
			75.0103919191039	-50.952926291964
			74.9667304569856	-50.952926291964
			74.9230689948674	-50.952926291964
			74.8794075327492	-50.952926291964
			74.835746070631	-50.952926291964
			74.7920846085127	-50.952926291964
			74.7484231463945	-50.952926291964
			74.7047616842763	-50.9092648298458
			74.6611002221581	-50.9092648298458
			74.6174387600399	-50.9092648298458
			74.5737772979216	-50.9092648298458
			74.5301158358034	-50.9092648298458
			74.4864543736852	-50.9092648298458
			74.442792911567	-50.9092648298458
			74.3991314494487	-50.9092648298458
			74.3554699873305	-50.9092648298458
			74.3118085252123	-50.9092648298458
			74.2681470630941	-50.9092648298458
			74.2244856009759	-50.9092648298458
			74.1808241388576	-50.9092648298458
			74.1371626767394	-50.9092648298458
			74.0935012146212	-50.9092648298458
			74.049839752503	-50.9092648298458
			74.0061782903848	-50.9092648298458
			73.9625168282665	-50.9092648298458
			73.9188553661483	-50.8656033677276
			73.8751939040301	-50.8656033677276
			73.8315324419119	-50.8656033677276
			73.7878709797937	-50.8656033677276
			73.7442095176754	-50.8656033677276
			73.7005480555572	-50.8656033677276
			73.656886593439	-50.8656033677276
			73.6132251313208	-50.8656033677276
			73.5695636692026	-50.8656033677276
			73.5259022070843	-50.8656033677276
			73.4822407449661	-50.8656033677276
			73.4385792828479	-50.8656033677276
			73.3949178207297	-50.8656033677276
			73.3512563586115	-50.8656033677276
			73.3075948964932	-50.8656033677276
			73.263933434375	-50.8656033677276
			73.2202719722568	-50.8219419056094
			73.1766105101386	-50.8219419056094
			73.1329490480203	-50.8219419056094
			73.0892875859021	-50.8219419056094
			73.0456261237839	-50.8219419056094
			73.0019646616657	-50.8219419056094
			72.9583031995475	-50.8219419056094
			72.9146417374292	-50.8219419056094
			72.870980275311	-50.8219419056094
			72.8273188131928	-50.8219419056094
			72.7836573510746	-50.8219419056094
			72.7399958889563	-50.8656033677276
			72.6963344268381	-50.8656033677276
			72.6526729647199	-50.8656033677276
			72.6090115026017	-50.8656033677276
			72.5653500404835	-50.8656033677276
			72.5216885783652	-50.8656033677276
			72.478027116247	-50.9092648298458
			72.4343656541288	-50.9092648298458
			72.3907041920106	-50.9092648298458
			72.3470427298924	-50.9092648298458
			72.3033812677741	-50.9092648298458
			72.2597198056559	-50.9092648298458
			72.2160583435377	-50.9092648298458
			72.1723968814195	-50.9092648298458
			72.1287354193013	-50.9092648298458
			72.085073957183	-50.9092648298458
			72.085073957183	-50.952926291964
			72.0414124950648	-50.952926291964
			71.9977510329466	-50.952926291964
			71.9540895708284	-50.952926291964
			71.9104281087101	-50.952926291964
			71.8667666465919	-50.952926291964
			71.8231051844737	-50.952926291964
			71.7794437223555	-50.952926291964
			71.7357822602373	-50.952926291964
			71.692120798119	-50.9965877540822
			71.6484593360008	-50.9965877540822
			71.6047978738826	-50.9965877540822
			71.5611364117644	-50.9965877540822
			71.5174749496462	-50.9965877540822
			71.4738134875279	-50.9965877540822
			71.4301520254097	-50.9965877540822
			71.3864905632915	-50.9965877540822
			71.3428291011733	-50.9965877540822
			71.2991676390551	-50.9965877540822
			71.2555061769368	-50.9965877540822
			71.2118447148186	-50.9965877540822
			71.1681832527004	-51.0402492162005
			71.1245217905822	-51.0402492162005
			71.0808603284639	-51.0402492162005
			71.0371988663457	-51.0402492162005
			70.9935374042275	-51.0402492162005
			70.9498759421093	-51.0402492162005
			70.9062144799911	-51.0402492162005
			70.8625530178728	-51.0402492162005
			70.8188915557546	-51.0402492162005
			70.7752300936364	-51.0402492162005
			70.7315686315182	-51.0402492162005
			70.6879071694	-51.0402492162005
			70.6442457072817	-51.0402492162005
			70.6005842451635	-51.0402492162005
			70.5569227830453	-51.0839106783187
			70.5132613209271	-51.0839106783187
			70.4695998588088	-51.0839106783187
			70.4259383966906	-51.0839106783187
			70.3822769345724	-51.0839106783187
			70.3386154724542	-51.0839106783187
			70.294954010336	-51.0839106783187
			70.2512925482177	-51.0839106783187
			70.2076310860995	-51.0839106783187
			70.1639696239813	-51.0839106783187
			70.1203081618631	-51.0839106783187
			70.0766466997449	-51.0839106783187
			70.0329852376266	-51.0839106783187
			69.9893237755084	-51.0839106783187
			69.9456623133902	-51.0839106783187
			69.902000851272	-51.0839106783187
			69.8583393891538	-51.0839106783187
			69.8146779270355	-51.1275721404369
			69.7710164649173	-51.1275721404369
			69.7273550027991	-51.1275721404369
			69.6836935406809	-51.1275721404369
			69.6400320785627	-51.1275721404369
			69.5963706164444	-51.1275721404369
			69.5527091543262	-51.1275721404369
			69.509047692208	-51.1275721404369
			69.4653862300898	-51.1275721404369
			69.4217247679715	-51.1275721404369
			69.3780633058533	-51.1275721404369
			69.3344018437351	-51.1275721404369
			69.2907403816169	-51.1275721404369
			69.2470789194987	-51.1275721404369
			69.2034174573804	-51.1275721404369
			69.1597559952622	-51.1275721404369
			69.116094533144	-51.1275721404369
			69.0724330710258	-51.1275721404369
			69.0287716089076	-51.1275721404369
			68.9851101467893	-51.1275721404369
			68.9414486846711	-51.1275721404369
			68.8977872225529	-51.1275721404369
			68.8541257604347	-51.1275721404369
			68.8104642983164	-51.1712336025551
			68.7668028361982	-51.1712336025551
			68.72314137408	-51.1712336025551
			68.6794799119618	-51.1712336025551
			68.6358184498436	-51.1712336025551
			68.5921569877253	-51.1712336025551
			68.5484955256071	-51.1712336025551
			68.5048340634889	-51.1712336025551
			68.4611726013707	-51.1712336025551
			68.4175111392525	-51.1712336025551
			68.3738496771342	-51.1712336025551
			68.330188215016	-51.1712336025551
			68.2865267528978	-51.1712336025551
			68.2428652907796	-51.1712336025551
			68.1992038286614	-51.1712336025551
			68.1555423665431	-51.1712336025551
			68.1118809044249	-51.1712336025551
			68.0682194423067	-51.1712336025551
			68.0245579801885	-51.1712336025551
			67.9808965180703	-51.1712336025551
			67.937235055952	-51.1712336025551
			67.8935735938338	-51.1712336025551
			67.8499121317156	-51.1712336025551
			67.8062506695974	-51.1712336025551
			67.7625892074791	-51.1712336025551
			67.7189277453609	-51.1712336025551
			67.6752662832427	-51.1712336025551
			67.6316048211245	-51.1712336025551
			67.5879433590063	-51.1712336025551
			67.544281896888	-51.1712336025551
			67.5006204347698	-51.1712336025551
			67.4569589726516	-51.1712336025551
			67.4132975105334	-51.1712336025551
			67.3696360484152	-51.1712336025551
			67.3259745862969	-51.2148950646733
			67.2823131241787	-51.2148950646733
			67.2386516620605	-51.2148950646733
			67.1949901999423	-51.2148950646733
			67.151328737824	-51.2148950646733
			67.1076672757058	-51.2148950646733
			67.0640058135876	-51.2148950646733
			67.0203443514694	-51.2148950646733
			66.9766828893512	-51.2148950646733
			66.9330214272329	-51.2148950646733
			66.8893599651147	-51.2148950646733
			66.8456985029965	-51.2148950646733
			66.8020370408783	-51.2148950646733
			66.7583755787601	-51.2148950646733
			66.7147141166418	-51.2148950646733
			66.6710526545236	-51.2148950646733
			66.6273911924054	-51.2148950646733
			66.5837297302872	-51.2148950646733
			66.540068268169	-51.2148950646733
			66.4964068060507	-51.2148950646733
			66.4527453439325	-51.2148950646733
			66.4090838818143	-51.2148950646733
			66.3654224196961	-51.2148950646733
			66.3217609575779	-51.2148950646733
			66.2780994954596	-51.2148950646733
			66.2344380333414	-51.2148950646733
			66.1907765712232	-51.2148950646733
			66.147115109105	-51.2148950646733
			66.1034536469867	-51.2148950646733
			66.0597921848685	-51.2148950646733
			66.0161307227503	-51.2148950646733
			65.9724692606321	-51.2148950646733
			65.9288077985139	-51.2148950646733
			65.8851463363956	-51.2148950646733
			65.8414848742774	-51.2148950646733
			65.7978234121592	-51.2148950646733
			65.754161950041	-51.2148950646733
			65.7105004879228	-51.2148950646733
			65.6668390258045	-51.2148950646733
			65.6231775636863	-51.2148950646733
			65.5795161015681	-51.2148950646733
			65.5358546394499	-51.2148950646733
			65.4921931773316	-51.2148950646733
			65.4485317152134	-51.2148950646733
			65.4048702530952	-51.2148950646733
			65.361208790977	-51.2148950646733
			65.3175473288588	-51.2148950646733
			65.2738858667405	-51.2148950646733
			65.2302244046223	-51.2148950646733
			65.1865629425041	-51.2148950646733
			65.1429014803859	-51.2148950646733
			65.0992400182677	-51.2148950646733
			65.0555785561494	-51.2148950646733
			65.0119170940312	-51.2148950646733
			64.968255631913	-51.2148950646733
			64.9245941697948	-51.2148950646733
			64.8809327076765	-51.2148950646733
			64.8372712455583	-51.2148950646733
			64.7936097834401	-51.2148950646733
			64.7499483213219	-51.2148950646733
			64.7062868592037	-51.2148950646733
			64.6626253970854	-51.2148950646733
			64.6189639349672	-51.2148950646733
			64.575302472849	-51.2148950646733
			64.5316410107308	-51.2148950646733
			64.4879795486126	-51.2148950646733
			64.4443180864943	-51.2148950646733
			64.4006566243761	-51.2148950646733
			64.3569951622579	-51.2148950646733
			64.3133337001397	-51.2148950646733
			64.2696722380215	-51.2148950646733
			64.2260107759032	-51.2148950646733
			64.182349313785	-51.2148950646733
			64.1386878516668	-51.2148950646733
			64.0950263895486	-51.2148950646733
			64.0513649274304	-51.2148950646733
			64.0077034653121	-51.2148950646733
			63.9640420031939	-51.2148950646733
			63.9203805410757	-51.2148950646733
			63.8767190789575	-51.2148950646733
			63.8330576168392	-51.2148950646733
			63.789396154721	-51.2148950646733
			63.7457346926028	-51.2148950646733
			63.7020732304846	-51.2148950646733
			63.6584117683664	-51.2148950646733
			63.6147503062481	-51.2148950646733
			63.5710888441299	-51.2148950646733
			63.5274273820117	-51.2148950646733
			63.4837659198935	-51.2148950646733
			63.4401044577753	-51.2148950646733
			63.396442995657	-51.2148950646733
			63.3527815335388	-51.2148950646733
			63.3091200714206	-51.2148950646733
			63.2654586093024	-51.2148950646733
			63.2217971471841	-51.2148950646733
			63.1781356850659	-51.2148950646733
			63.1344742229477	-51.2148950646733
			63.0908127608295	-51.2148950646733
			63.0471512987113	-51.2148950646733
			63.003489836593	-51.2148950646733
			62.9598283744748	-51.2148950646733
			62.9161669123566	-51.2148950646733
			62.8725054502384	-51.2148950646733
			62.8288439881202	-51.2148950646733
			62.7851825260019	-51.2148950646733
			62.7415210638837	-51.2148950646733
			62.6978596017655	-51.2148950646733
			62.6541981396473	-51.2148950646733
			62.6105366775291	-51.2148950646733
			62.5668752154108	-51.2148950646733
			62.5232137532926	-51.2148950646733
			62.4795522911744	-51.2148950646733
			62.4358908290562	-51.2148950646733
			62.3922293669379	-51.2148950646733
			62.3485679048197	-51.2148950646733
			62.3049064427015	-51.2148950646733
			62.2612449805833	-51.2148950646733
			62.2175835184651	-51.2148950646733
			62.1739220563468	-51.2148950646733
			62.1302605942286	-51.2148950646733
			62.0865991321104	-51.2148950646733
			62.0429376699922	-51.2148950646733
			61.999276207874	-51.2148950646733
			61.9556147457557	-51.2148950646733
			61.9119532836375	-51.2148950646733
			61.8682918215193	-51.2148950646733
			61.8246303594011	-51.2148950646733
			61.7809688972829	-51.2148950646733
			61.7373074351646	-51.2148950646733
			61.6936459730464	-51.2148950646733
			61.6499845109282	-51.2148950646733
			61.60632304881	-51.2148950646733
			61.5626615866917	-51.2148950646733
			61.5190001245735	-51.2148950646733
			61.4753386624553	-51.2148950646733
			61.4316772003371	-51.2148950646733
			61.3880157382189	-51.2148950646733
			61.3443542761006	-51.2148950646733
			61.3006928139824	-51.2148950646733
			61.2570313518642	-51.2148950646733
			61.213369889746	-51.2148950646733
			61.1697084276278	-51.2148950646733
			61.1260469655095	-51.2148950646733
			61.0823855033913	-51.2148950646733
			61.0387240412731	-51.2148950646733
			60.9950625791549	-51.1712336025551
			60.9514011170367	-51.1712336025551
			60.9077396549184	-51.1712336025551
			60.8640781928002	-51.1712336025551
			60.820416730682	-51.1712336025551
			60.7767552685638	-51.1712336025551
			60.7330938064455	-51.1712336025551
			60.6894323443273	-51.1712336025551
			60.6457708822091	-51.1712336025551
			60.6021094200909	-51.1712336025551
			60.5584479579727	-51.1712336025551
			60.5147864958544	-51.1712336025551
			60.4711250337362	-51.1712336025551
			60.427463571618	-51.1712336025551
			60.3838021094998	-51.1712336025551
			60.3401406473816	-51.1275721404369
			60.2964791852633	-51.1275721404369
			60.2528177231451	-51.1275721404369
			60.2091562610269	-51.1275721404369
			60.1654947989087	-51.1275721404369
			60.1218333367905	-51.1275721404369
			60.0781718746722	-51.1275721404369
			60.034510412554	-51.1275721404369
			59.9908489504358	-51.1275721404369
			59.9471874883176	-51.1275721404369
			59.9035260261993	-51.1275721404369
			59.8598645640811	-51.1275721404369
			59.8162031019629	-51.1275721404369
			59.7725416398447	-51.1275721404369
			59.7288801777265	-51.1275721404369
			59.6852187156082	-51.1275721404369
			59.6852187156082	-51.0839106783187
			59.64155725349	-51.0839106783187
			59.5978957913718	-51.0839106783187
			59.5542343292536	-51.0839106783187
			59.5105728671354	-51.0839106783187
			59.4669114050171	-51.0839106783187
			59.4232499428989	-51.0839106783187
			59.3795884807807	-51.0839106783187
			59.3359270186625	-51.0839106783187
			59.2922655565443	-51.0839106783187
			59.248604094426	-51.0839106783187
			59.2049426323078	-51.0839106783187
			59.1612811701896	-51.0839106783187
			59.1176197080714	-51.0839106783187
			59.0739582459531	-51.0839106783187
			59.0302967838349	-51.0402492162005
			58.9866353217167	-51.0402492162005
			58.9429738595985	-51.0402492162005
			58.8993123974803	-51.0402492162005
			58.855650935362	-51.0402492162005
			58.8119894732438	-51.0402492162005
			58.7683280111256	-51.0402492162005
			58.7246665490074	-51.0402492162005
			58.6810050868892	-51.0402492162005
			58.6373436247709	-51.0402492162005
			58.5936821626527	-51.0402492162005
			58.5500207005345	-51.0402492162005
			58.5063592384163	-51.0402492162005
			58.4626977762981	-51.0402492162005
			58.4190363141798	-51.0402492162005
			58.3753748520616	-50.9965877540822
			58.3317133899434	-50.9965877540822
			58.2880519278252	-50.9965877540822
			58.2443904657069	-50.9965877540822
			58.2007290035887	-50.9965877540822
			58.1570675414705	-50.9965877540822
			58.1134060793523	-50.9965877540822
			58.0697446172341	-50.9965877540822
			58.0260831551158	-50.9965877540822
			57.9824216929976	-50.9965877540822
			57.9387602308794	-50.9965877540822
			57.8950987687612	-50.9965877540822
			57.851437306643	-50.9965877540822
			57.8077758445247	-50.9965877540822
			57.7641143824065	-50.952926291964
			57.7204529202883	-50.952926291964
			57.6767914581701	-50.952926291964
			57.6331299960518	-50.952926291964
			57.5894685339336	-50.952926291964
			57.5458070718154	-50.952926291964
			57.5021456096972	-50.952926291964
			57.458484147579	-50.952926291964
			57.4148226854607	-50.952926291964
			57.3711612233425	-50.952926291964
			57.3274997612243	-50.952926291964
			57.2838382991061	-50.952926291964
			57.2401768369879	-50.952926291964
			57.1965153748696	-50.952926291964
			57.1528539127514	-50.952926291964
			57.1091924506332	-50.9092648298458
			57.065530988515	-50.9092648298458
			57.0218695263968	-50.9092648298458
			56.9782080642785	-50.9092648298458
			56.9345466021603	-50.9092648298458
			56.8908851400421	-50.9092648298458
			56.8472236779239	-50.9092648298458
			56.8035622158056	-50.9092648298458
			56.7599007536874	-50.9092648298458
			56.7162392915692	-50.9092648298458
			56.672577829451	-50.9092648298458
			56.6289163673328	-50.9092648298458
			56.5852549052145	-50.9092648298458
			56.5415934430963	-50.9092648298458
			56.4979319809781	-50.9092648298458
			56.4542705188599	-50.9092648298458
			56.4542705188599	-50.8656033677276
			56.4106090567417	-50.8656033677276
			56.3669475946234	-50.8656033677276
			56.3232861325052	-50.8656033677276
			56.279624670387	-50.8656033677276
			56.2359632082688	-50.8656033677276
			56.1923017461506	-50.8656033677276
			56.1486402840323	-50.8656033677276
			56.1049788219141	-50.8656033677276
			56.0613173597959	-50.8656033677276
			56.0176558976777	-50.8656033677276
			55.9739944355594	-50.8656033677276
			55.9303329734412	-50.8656033677276
			55.886671511323	-50.8656033677276
			55.8430100492048	-50.8219419056094
			55.7993485870866	-50.8219419056094
			55.7556871249683	-50.8219419056094
			55.7120256628501	-50.8219419056094
			55.6683642007319	-50.8219419056094
			55.6247027386137	-50.8219419056094
			55.5810412764955	-50.8219419056094
			55.5373798143772	-50.8219419056094
			55.493718352259	-50.8219419056094
			55.4500568901408	-50.8219419056094
			55.4063954280226	-50.8219419056094
			55.3627339659044	-50.8219419056094
			55.3190725037861	-50.8219419056094
			55.2754110416679	-50.8219419056094
			55.2317495795497	-50.8219419056094
			55.1880881174315	-50.7782804434911
			55.1444266553132	-50.7782804434911
			55.100765193195	-50.7782804434911
			55.0571037310768	-50.7782804434911
			55.0134422689586	-50.7782804434911
			54.9697808068404	-50.7782804434911
			54.9261193447221	-50.7782804434911
			54.8824578826039	-50.7782804434911
			54.8387964204857	-50.7782804434911
			54.7951349583675	-50.7782804434911
			54.7514734962493	-50.7782804434911
			54.707812034131	-50.7782804434911
			54.6641505720128	-50.7782804434911
			54.6204891098946	-50.7782804434911
			54.5768276477764	-50.7346189813729
			54.5331661856582	-50.7346189813729
			54.4895047235399	-50.7346189813729
			54.4458432614217	-50.7346189813729
			54.4021817993035	-50.7346189813729
			54.3585203371853	-50.7346189813729
			54.314858875067	-50.7346189813729
			54.2711974129488	-50.7346189813729
			54.2275359508306	-50.7346189813729
			54.1838744887124	-50.7346189813729
			54.1402130265942	-50.7346189813729
			54.0965515644759	-50.7346189813729
			54.0528901023577	-50.7346189813729
			54.0092286402395	-50.7346189813729
			53.9655671781213	-50.6909575192547
			53.9219057160031	-50.6909575192547
			53.8782442538848	-50.6909575192547
			53.8345827917666	-50.6909575192547
			53.7909213296484	-50.6909575192547
			53.7472598675302	-50.6909575192547
			53.703598405412	-50.6909575192547
			53.6599369432937	-50.6909575192547
			53.6162754811755	-50.6909575192547
			53.5726140190573	-50.6909575192547
			53.5289525569391	-50.6909575192547
			53.4852910948208	-50.6909575192547
			53.4416296327026	-50.6909575192547
			53.3979681705844	-50.6472960571365
			53.3543067084662	-50.6472960571365
			53.310645246348	-50.6472960571365
			53.2669837842297	-50.6472960571365
			53.2233223221115	-50.6472960571365
			53.1796608599933	-50.6472960571365
			53.1359993978751	-50.6472960571365
			53.0923379357569	-50.6472960571365
			53.0486764736386	-50.6472960571365
			53.0050150115204	-50.6472960571365
			52.9613535494022	-50.6909575192547
			52.917692087284	-50.6909575192547
			52.8740306251658	-50.6909575192547
			52.8303691630475	-50.7346189813729
			52.7867077009293	-50.7346189813729
			52.7430462388111	-50.7346189813729
			52.6993847766929	-50.7346189813729
			52.6557233145746	-50.7782804434911
			52.6120618524564	-50.7782804434911
			52.5684003903382	-50.7782804434911
			52.52473892822	-50.7782804434911
			52.4810774661018	-50.8219419056094
			52.4374160039835	-50.8219419056094
			52.3937545418653	-50.8219419056094
			52.3500930797471	-50.8219419056094
			52.3064316176289	-50.8219419056094
			52.2627701555107	-50.8219419056094
			52.2627701555107	-50.8656033677276
			52.2191086933924	-50.8656033677276
			52.1754472312742	-50.8656033677276
			52.131785769156	-50.8656033677276
			52.0881243070378	-50.8656033677276
			52.0444628449196	-50.9092648298458
			52.0008013828013	-50.9092648298458
			51.9571399206831	-50.9092648298458
			51.9134784585649	-50.9092648298458
			51.8698169964467	-50.9092648298458
			51.8261555343284	-50.9092648298458
			51.7824940722102	-50.952926291964
			51.738832610092	-50.952926291964
			51.6951711479738	-50.952926291964
			51.6515096858556	-50.952926291964
			51.6078482237373	-50.952926291964
			51.5641867616191	-50.952926291964
			51.5205252995009	-50.9965877540822
			51.4768638373827	-50.9965877540822
			51.4332023752645	-50.9965877540822
			51.3895409131462	-50.9965877540822
			51.345879451028	-50.9965877540822
			51.3022179889098	-50.9965877540822
			51.2585565267916	-50.9965877540822
			51.2148950646733	-50.9965877540822
			51.1712336025551	-50.9965877540822
			51.1275721404369	-50.9965877540822
			51.0839106783187	-51.0402492162005
			51.0402492162005	-51.0402492162005
			50.9965877540822	-51.0402492162005
			50.952926291964	-51.0402492162005
			50.9092648298458	-51.0402492162005
			50.8656033677276	-51.0402492162005
			50.8219419056094	-51.0402492162005
			50.7782804434911	-51.0402492162005
			50.7346189813729	-51.0402492162005
			50.6909575192547	-51.0402492162005
			50.6472960571365	-51.0402492162005
			50.6036345950182	-51.0402492162005
			50.5599731329	-51.0402492162005
			50.5163116707818	-51.0402492162005
			50.4726502086636	-51.0402492162005
			50.4289887465454	-51.0402492162005
			50.3853272844271	-51.0402492162005
			50.3416658223089	-51.0402492162005
			50.2980043601907	-51.0402492162005
			50.2543428980725	-51.0402492162005
			50.2106814359543	-51.0402492162005
			50.167019973836	-51.0402492162005
			50.1233585117178	-51.0402492162005
			50.0796970495996	-51.0402492162005
			50.0360355874814	-50.9965877540822
			49.9923741253632	-50.9965877540822
			49.9487126632449	-50.9965877540822
			49.9050512011267	-50.9965877540822
			49.8613897390085	-50.9965877540822
			49.8177282768903	-50.9965877540822
			49.774066814772	-50.9965877540822
			49.7304053526538	-50.9965877540822
			49.6867438905356	-50.952926291964
			49.6430824284174	-50.952926291964
			49.5994209662992	-50.952926291964
			49.5557595041809	-50.952926291964
			49.5120980420627	-50.952926291964
			49.4684365799445	-50.9092648298458
			49.4247751178263	-50.9092648298458
			49.3811136557081	-50.9092648298458
			49.3374521935898	-50.8656033677276
			49.2937907314716	-50.8656033677276
			49.2501292693534	-50.8656033677276
			49.2064678072352	-50.8656033677276
			49.162806345117	-50.8656033677276
			49.1191448829987	-50.8656033677276
			49.0754834208805	-50.8656033677276
			49.0318219587623	-50.8656033677276
			48.9881604966441	-50.8656033677276
			48.9444990345258	-50.8656033677276
			48.9008375724076	-50.8219419056094
			48.8571761102894	-50.8219419056094
			48.8135146481712	-50.8219419056094
			48.769853186053	-50.8219419056094
			48.7261917239347	-50.8219419056094
			48.6825302618165	-50.8219419056094
			48.6388687996983	-50.8219419056094
			48.5952073375801	-50.8219419056094
			48.5515458754619	-50.8219419056094
			48.5078844133436	-50.8219419056094
			48.4642229512254	-50.8219419056094
			48.4205614891072	-50.8219419056094
			48.376900026989	-50.8219419056094
			48.3332385648708	-50.8219419056094
			48.2895771027525	-50.8219419056094
			48.2459156406343	-50.8219419056094
			48.2022541785161	-50.8219419056094
			48.1585927163979	-50.8219419056094
			48.1149312542796	-50.7782804434911
			48.0712697921614	-50.7782804434911
			48.0276083300432	-50.7782804434911
			47.983946867925	-50.7782804434911
			47.9402854058068	-50.7782804434911
			47.8966239436885	-50.7782804434911
			47.8529624815703	-50.7782804434911
			47.8093010194521	-50.7782804434911
			47.7656395573339	-50.7782804434911
			47.7219780952157	-50.7782804434911
			47.6783166330974	-50.7782804434911
			47.6346551709792	-50.7782804434911
			47.590993708861	-50.7782804434911
			47.5473322467428	-50.7782804434911
			47.5036707846246	-50.7782804434911
			47.4600093225063	-50.7782804434911
			47.4163478603881	-50.7782804434911
			47.3726863982699	-50.7782804434911
			47.3290249361517	-50.7782804434911
			47.2853634740334	-50.7782804434911
			47.2417020119152	-50.7782804434911
			47.198040549797	-50.7782804434911
			47.1543790876788	-50.7782804434911
			47.1107176255606	-50.7782804434911
			47.0670561634423	-50.7782804434911
			47.0233947013241	-50.7782804434911
			46.9797332392059	-50.7782804434911
			46.9360717770877	-50.7782804434911
			46.8924103149695	-50.7782804434911
			46.8487488528512	-50.7782804434911
			46.805087390733	-50.7782804434911
			46.7614259286148	-50.7346189813729
			46.7177644664966	-50.7346189813729
			46.6741030043784	-50.7346189813729
			46.6304415422601	-50.7346189813729
			46.5867800801419	-50.7346189813729
			46.5431186180237	-50.7346189813729
			46.4994571559055	-50.7346189813729
			46.4557956937872	-50.7346189813729
			46.412134231669	-50.7346189813729
			46.3684727695508	-50.7346189813729
			46.3248113074326	-50.7346189813729
			46.2811498453144	-50.7346189813729
			46.2374883831961	-50.7346189813729
			46.1938269210779	-50.7346189813729
			46.1501654589597	-50.7346189813729
			46.1065039968415	-50.7346189813729
			46.0628425347233	-50.7346189813729
			46.019181072605	-50.7346189813729
			45.9755196104868	-50.7346189813729
			45.9318581483686	-50.7346189813729
			45.8881966862504	-50.7346189813729
			45.8445352241322	-50.7346189813729
			45.8008737620139	-50.7346189813729
			45.7572122998957	-50.7346189813729
			45.7135508377775	-50.7346189813729
			45.6698893756593	-50.7346189813729
			45.626227913541	-50.7346189813729
			45.5825664514228	-50.7346189813729
			45.5389049893046	-50.7346189813729
			45.4952435271864	-50.7346189813729
			45.4515820650682	-50.7346189813729
			45.4079206029499	-50.7782804434911
			45.3642591408317	-50.7782804434911
			45.3205976787135	-50.7782804434911
			45.2769362165953	-50.7782804434911
			45.2332747544771	-50.7782804434911
			45.1896132923588	-50.7782804434911
			45.1459518302406	-50.7782804434911
			45.1022903681224	-50.7782804434911
			45.0586289060042	-50.7782804434911
			45.014967443886	-50.7782804434911
			44.9713059817677	-50.7782804434911
			44.9276445196495	-50.7782804434911
			44.8839830575313	-50.7782804434911
			44.8403215954131	-50.7782804434911
			44.7966601332948	-50.7782804434911
			44.7529986711766	-50.7782804434911
			44.7093372090584	-50.7782804434911
			44.6656757469402	-50.7782804434911
			44.622014284822	-50.7782804434911
			44.5783528227037	-50.7782804434911
			44.5346913605855	-50.7782804434911
			44.4910298984673	-50.7782804434911
			44.4473684363491	-50.7782804434911
			44.4037069742309	-50.7782804434911
			44.3600455121126	-50.7782804434911
			44.3163840499944	-50.7782804434911
			44.2727225878762	-50.7782804434911
			44.229061125758	-50.7782804434911
			44.1853996636397	-50.7782804434911
			44.1417382015215	-50.8219419056094
			44.0980767394033	-50.8219419056094
			44.0544152772851	-50.8219419056094
			44.0107538151669	-50.8219419056094
			43.9670923530486	-50.8219419056094
			43.9234308909304	-50.8219419056094
			43.8797694288122	-50.8219419056094
			43.836107966694	-50.8219419056094
			43.7924465045758	-50.8219419056094
			43.7487850424575	-50.8219419056094
			43.7051235803393	-50.8219419056094
			43.6614621182211	-50.8219419056094
			43.6178006561029	-50.8219419056094
			43.5741391939847	-50.8219419056094
			43.5304777318664	-50.8219419056094
			43.4868162697482	-50.8656033677276
			43.44315480763	-50.8656033677276
			43.3994933455118	-50.8656033677276
			43.3558318833935	-50.8656033677276
			43.3121704212753	-50.8656033677276
			43.2685089591571	-50.8656033677276
			43.2248474970389	-50.8656033677276
			43.1811860349207	-50.8656033677276
			43.1375245728024	-50.8656033677276
			43.0938631106842	-50.8656033677276
			43.050201648566	-50.8656033677276
			43.0065401864478	-50.8656033677276
			42.9628787243296	-50.8656033677276
			42.9192172622113	-50.9092648298458
			42.8755558000931	-50.9092648298458
			42.8318943379749	-50.9092648298458
			42.7882328758567	-50.9092648298458
			42.7445714137385	-50.9092648298458
			42.7009099516202	-50.9092648298458
			42.657248489502	-50.9092648298458
			42.6135870273838	-50.9092648298458
			42.5699255652656	-50.9092648298458
			42.5262641031473	-50.9092648298458
			42.4826026410291	-50.952926291964
			42.4389411789109	-50.952926291964
			42.3952797167927	-50.952926291964
			42.3516182546745	-50.952926291964
			42.3079567925562	-50.952926291964
			42.264295330438	-50.952926291964
			42.2206338683198	-50.952926291964
			42.1769724062016	-50.952926291964
			42.1333109440834	-50.952926291964
			42.1333109440834	-50.9965877540822
			42.0896494819651	-50.9965877540822
			42.0459880198469	-50.9965877540822
			42.0023265577287	-50.9965877540822
			41.9586650956105	-50.9965877540822
			41.9150036334923	-50.9965877540822
			41.871342171374	-50.9965877540822
			41.8276807092558	-50.9965877540822
			41.7840192471376	-50.9965877540822
			41.7403577850194	-51.0402492162005
			41.6966963229011	-51.0402492162005
			41.6530348607829	-51.0402492162005
			41.6093733986647	-51.0402492162005
			41.5657119365465	-51.0402492162005
			41.5220504744283	-51.0402492162005
			41.47838901231	-51.0402492162005
			41.4347275501918	-51.0839106783187
			41.3910660880736	-51.0839106783187
			41.3474046259554	-51.0839106783187
			41.3037431638372	-51.0839106783187
			41.2600817017189	-51.0839106783187
			41.2164202396007	-51.0839106783187
			41.1727587774825	-51.1275721404369
			41.1290973153643	-51.1275721404369
			41.0854358532461	-51.1275721404369
			41.0417743911278	-51.1275721404369
			40.9981129290096	-51.1275721404369
			40.9544514668914	-51.1275721404369
			40.9107900047732	-51.1712336025551
			40.8671285426549	-51.1712336025551
			40.8234670805367	-51.1712336025551
			40.7798056184185	-51.1712336025551
			40.7361441563003	-51.1712336025551
			40.6924826941821	-51.1712336025551
			40.6488212320638	-51.2148950646733
			40.6051597699456	-51.2148950646733
			40.5614983078274	-51.2148950646733
			40.5178368457092	-51.2148950646733
			40.474175383591	-51.2148950646733
			40.4305139214727	-51.2148950646733
			40.3868524593545	-51.2585565267916
			40.3431909972363	-51.2585565267916
			40.2995295351181	-51.2585565267916
			40.2558680729999	-51.2585565267916
			40.2122066108816	-51.2585565267916
			40.1685451487634	-51.3022179889098
			40.1248836866452	-51.3022179889098
			40.081222224527	-51.3022179889098
			40.0375607624087	-51.3022179889098
			39.9938993002905	-51.3022179889098
			39.9938993002905	-51.345879451028
			39.9502378381723	-51.345879451028
			39.9065763760541	-51.345879451028
			39.8629149139359	-51.345879451028
			39.8192534518176	-51.345879451028
			39.7755919896994	-51.3895409131462
			39.7319305275812	-51.3895409131462
			39.688269065463	-51.3895409131462
			39.6446076033448	-51.3895409131462
			39.6009461412265	-51.3895409131462
			39.5572846791083	-51.4332023752645
			39.5136232169901	-51.4332023752645
			39.4699617548719	-51.4332023752645
			39.4263002927537	-51.4332023752645
			39.3826388306354	-51.4332023752645
			39.3389773685172	-51.4768638373827
			39.295315906399	-51.4768638373827
			39.2516544442808	-51.4768638373827
			39.2079929821625	-51.5205252995009
			39.1643315200443	-51.5205252995009
			39.1206700579261	-51.5205252995009
			39.0770085958079	-51.5205252995009
			39.0333471336897	-51.5641867616191
			38.9896856715714	-51.5641867616191
			38.9460242094532	-51.5641867616191
			38.902362747335	-51.5641867616191
			38.8587012852168	-51.6078482237373
			38.8150398230986	-51.6078482237373
			38.7713783609803	-51.6078482237373
			38.7277168988621	-51.6078482237373
			38.6840554367439	-51.6515096858556
			38.6403939746257	-51.6515096858556
		</c2>
	</curves.scaled>
	<ruler.points type=matrix rownames=TRUE colnames=FALSE nrow=2 ncol=2 as.numeric=TRUE >
		Ruler point 1	2065	310
		Ruler point 2	2294	306
	</ruler.points>
</shapes>

