<shapes type=list>
	<ruler.pixel type=vector names=FALSE length=1 as.numeric=TRUE >229.034931833552</ruler.pixel>
	<ruler.interval type=vector names=FALSE length=1 as.numeric=TRUE >10</ruler.interval>
	<scaling.units type=vector names=FALSE length=1 as.numeric=FALSE >undefined</scaling.units>
	<scaling type=vector names=FALSE length=1 as.numeric=TRUE >0.0436614621182211</scaling>
	<landmarks.pixel type=matrix rownames=TRUE colnames=FALSE nrow=2 ncol=2 as.numeric=TRUE >
		LM1	1069	1134
		LM2	1998	1133
	</landmarks.pixel>
	<landmarks.scaled type=matrix rownames=TRUE colnames=FALSE nrow=2 ncol=2 as.numeric=TRUE >
		LM1	46.6741030043784	-49.5120980420627
		LM2	87.2356013122058	-49.4684365799445
	</landmarks.scaled>
	<curves.control type=list>
		<c1 type=matrix rownames=FALSE colnames=FALSE nrow=13 ncol=2 as.numeric=TRUE >
			1069	1134
			1096	1042
			1195	970
			1367	780
			1537	762
			1707	775
			1770	811
			1842	838
			1886	962
			1912	976
			1936	1023
			1991	1061
			1998	1133
		</c1>
		<c2 type=matrix rownames=FALSE colnames=FALSE nrow=15 ncol=2 as.numeric=TRUE >
			1998	1133
			1969	1130
			1881	1118
			1795	1119
			1728	1107
			1691	1114
			1647	1106
			1554	1104
			1460	1101
			1378	1101
			1260	1104
			1198	1106
			1125	1114
			1082	1134
			1069	1134
		</c2>
	</curves.control>
	<curves.pixel type=list>
		<c1 type=matrix rownames=FALSE colnames=FALSE nrow=1165 ncol=2 as.numeric=TRUE >
			1069	1134
			1069	1133
			1070	1132
			1070	1131
			1070	1130
			1071	1129
			1071	1128
			1071	1127
			1072	1126
			1072	1125
			1072	1124
			1073	1123
			1073	1122
			1073	1121
			1074	1120
			1074	1119
			1074	1118
			1075	1117
			1075	1116
			1075	1115
			1076	1114
			1076	1113
			1077	1112
			1077	1111
			1078	1110
			1078	1109
			1078	1108
			1079	1107
			1079	1106
			1080	1105
			1080	1104
			1080	1103
			1081	1102
			1081	1101
			1082	1100
			1082	1099
			1083	1098
			1083	1097
			1084	1096
			1084	1095
			1085	1094
			1085	1093
			1086	1092
			1086	1091
			1087	1090
			1087	1089
			1087	1088
			1088	1088
			1088	1087
			1089	1086
			1089	1085
			1090	1084
			1090	1083
			1091	1082
			1091	1081
			1092	1080
			1092	1079
			1093	1078
			1093	1077
			1094	1077
			1095	1076
			1095	1075
			1096	1074
			1096	1073
			1097	1072
			1097	1071
			1098	1070
			1098	1069
			1099	1068
			1100	1068
			1100	1067
			1101	1066
			1101	1065
			1102	1064
			1102	1063
			1103	1062
			1104	1061
			1104	1060
			1105	1060
			1105	1059
			1106	1058
			1107	1057
			1107	1056
			1108	1055
			1109	1054
			1109	1053
			1110	1053
			1110	1052
			1111	1051
			1112	1050
			1112	1049
			1113	1048
			1114	1047
			1114	1046
			1115	1046
			1116	1045
			1116	1044
			1117	1043
			1118	1042
			1118	1041
			1119	1040
			1120	1040
			1121	1039
			1121	1038
			1122	1037
			1123	1036
			1123	1035
			1124	1034
			1125	1034
			1126	1033
			1126	1032
			1127	1031
			1128	1030
			1129	1029
			1130	1028
			1131	1027
			1132	1026
			1133	1025
			1134	1024
			1135	1023
			1136	1022
			1137	1021
			1137	1020
			1138	1019
			1139	1018
			1140	1017
			1141	1016
			1142	1015
			1143	1014
			1144	1013
			1145	1012
			1146	1011
			1147	1010
			1148	1009
			1149	1008
			1150	1007
			1151	1006
			1152	1005
			1153	1004
			1154	1003
			1155	1003
			1155	1002
			1156	1002
			1157	1001
			1157	1000
			1158	1000
			1159	999
			1160	998
			1161	997
			1162	996
			1163	995
			1164	995
			1165	994
			1166	993
			1166	992
			1167	992
			1168	991
			1169	990
			1170	990
			1171	989
			1171	988
			1172	988
			1173	987
			1174	986
			1175	986
			1175	985
			1176	984
			1177	984
			1178	983
			1179	982
			1180	982
			1181	981
			1181	980
			1182	980
			1183	979
			1184	978
			1185	978
			1186	977
			1187	976
			1188	975
			1189	974
			1190	973
			1191	973
			1192	972
			1193	971
			1194	970
			1195	970
			1196	969
			1197	968
			1198	967
			1198	966
			1199	965
			1200	964
			1201	964
			1202	963
			1203	962
			1203	961
			1204	960
			1205	959
			1206	958
			1207	957
			1208	956
			1209	955
			1210	954
			1211	953
			1212	952
			1213	951
			1213	950
			1214	950
			1214	949
			1215	948
			1216	948
			1216	947
			1217	947
			1217	946
			1218	945
			1219	945
			1219	944
			1220	944
			1220	943
			1221	942
			1222	941
			1223	940
			1224	939
			1225	938
			1226	937
			1227	937
			1227	936
			1228	935
			1229	934
			1230	933
			1231	932
			1232	931
			1233	930
			1234	929
			1235	928
			1236	927
			1237	926
			1238	925
			1239	924
			1240	923
			1241	922
			1242	921
			1243	920
			1244	919
			1245	918
			1246	917
			1247	916
			1248	915
			1249	914
			1250	913
			1251	912
			1252	911
			1253	910
			1254	910
			1255	909
			1256	908
			1257	907
			1258	906
			1259	905
			1260	904
			1261	904
			1261	903
			1262	902
			1263	902
			1263	901
			1264	900
			1265	900
			1266	899
			1267	898
			1268	897
			1269	896
			1270	896
			1271	895
			1271	894
			1272	893
			1273	892
			1274	892
			1275	891
			1276	890
			1277	889
			1278	889
			1278	888
			1279	887
			1280	886
			1281	886
			1282	885
			1283	884
			1284	883
			1285	883
			1285	882
			1286	881
			1287	880
			1288	880
			1289	879
			1290	878
			1291	878
			1291	877
			1292	876
			1293	875
			1294	875
			1295	874
			1296	873
			1297	873
			1298	872
			1298	871
			1299	870
			1300	870
			1301	869
			1302	868
			1303	868
			1304	867
			1305	866
			1306	865
			1307	864
			1308	863
			1309	862
			1310	862
			1311	861
			1312	861
			1312	860
			1313	860
			1314	859
			1315	858
			1316	857
			1317	856
			1318	856
			1319	855
			1320	855
			1320	854
			1321	854
			1322	853
			1323	852
			1324	851
			1325	851
			1326	850
			1327	849
			1328	849
			1329	848
			1330	847
			1331	846
			1332	845
			1333	845
			1334	844
			1335	844
			1336	843
			1337	842
			1338	842
			1339	841
			1340	840
			1341	839
			1342	839
			1343	838
			1344	837
			1345	837
			1346	836
			1347	836
			1348	835
			1349	834
			1350	834
			1351	833
			1351	832
			1352	832
			1353	831
			1354	831
			1355	830
			1356	829
			1357	829
			1358	828
			1359	828
			1360	827
			1361	826
			1362	826
			1363	825
			1364	825
			1365	824
			1366	824
			1366	823
			1367	822
			1368	822
			1369	821
			1370	821
			1371	820
			1372	820
			1373	819
			1374	819
			1375	818
			1376	817
			1377	817
			1378	816
			1379	816
			1380	815
			1381	814
			1382	814
			1383	814
			1383	813
			1384	813
			1385	812
			1386	812
			1387	811
			1388	810
			1389	810
			1390	810
			1391	809
			1392	808
			1393	808
			1394	807
			1395	807
			1396	806
			1397	806
			1398	805
			1399	805
			1400	804
			1401	804
			1402	803
			1403	803
			1404	802
			1405	802
			1406	801
			1407	801
			1408	800
			1409	800
			1410	799
			1411	799
			1412	799
			1413	798
			1414	798
			1415	797
			1416	797
			1416	796
			1417	796
			1418	795
			1419	795
			1420	794
			1421	794
			1422	794
			1423	793
			1424	793
			1425	792
			1426	792
			1427	792
			1428	791
			1429	791
			1430	790
			1431	790
			1432	789
			1433	789
			1434	789
			1435	788
			1436	788
			1437	787
			1438	787
			1439	787
			1440	786
			1441	786
			1442	786
			1443	785
			1444	785
			1445	784
			1446	784
			1447	783
			1448	783
			1449	783
			1450	782
			1451	782
			1452	782
			1453	781
			1454	781
			1455	781
			1455	780
			1456	780
			1457	780
			1458	780
			1459	779
			1460	779
			1461	779
			1461	778
			1462	778
			1463	778
			1464	778
			1465	777
			1466	777
			1467	777
			1468	776
			1469	776
			1470	776
			1471	775
			1472	775
			1473	775
			1474	775
			1475	774
			1476	774
			1477	774
			1478	773
			1479	773
			1480	773
			1481	773
			1482	772
			1483	772
			1484	772
			1485	771
			1486	771
			1487	771
			1488	771
			1489	770
			1490	770
			1491	770
			1492	770
			1493	769
			1494	769
			1495	769
			1496	769
			1497	769
			1498	768
			1499	768
			1500	768
			1501	768
			1502	767
			1503	767
			1504	767
			1505	767
			1506	767
			1507	766
			1508	766
			1509	766
			1510	766
			1511	766
			1512	766
			1513	765
			1514	765
			1515	765
			1516	765
			1517	765
			1518	765
			1519	764
			1520	764
			1521	764
			1522	764
			1523	764
			1524	764
			1525	763
			1526	763
			1527	763
			1528	763
			1529	763
			1530	763
			1531	763
			1532	763
			1533	762
			1534	762
			1535	762
			1536	762
			1537	762
			1538	762
			1539	762
			1540	762
			1541	762
			1542	762
			1543	762
			1544	763
			1545	763
			1546	763
			1547	763
			1548	763
			1549	763
			1550	763
			1551	763
			1552	763
			1553	763
			1554	763
			1555	763
			1556	764
			1557	764
			1558	764
			1559	764
			1560	764
			1561	764
			1562	764
			1563	764
			1564	764
			1565	764
			1566	764
			1566	765
			1567	765
			1568	765
			1569	765
			1570	765
			1571	765
			1572	765
			1573	765
			1574	765
			1575	765
			1576	765
			1577	766
			1578	766
			1579	766
			1580	766
			1581	766
			1582	766
			1583	766
			1584	766
			1585	766
			1586	766
			1586	767
			1587	767
			1588	767
			1589	767
			1590	767
			1591	767
			1592	767
			1593	767
			1594	767
			1595	767
			1596	768
			1597	768
			1598	768
			1599	768
			1600	768
			1601	768
			1602	768
			1603	768
			1604	769
			1605	769
			1606	769
			1607	769
			1608	769
			1609	769
			1610	769
			1611	769
			1612	769
			1613	770
			1614	770
			1615	770
			1616	770
			1617	770
			1618	770
			1619	770
			1620	771
			1621	771
			1622	771
			1623	771
			1624	771
			1625	771
			1626	771
			1627	772
			1628	772
			1629	772
			1630	772
			1631	772
			1632	772
			1633	772
			1634	773
			1635	773
			1636	773
			1637	773
			1638	773
			1639	773
			1640	773
			1641	774
			1642	774
			1643	774
			1644	774
			1645	774
			1646	774
			1647	775
			1648	775
			1649	775
			1650	775
			1651	775
			1652	775
			1653	776
			1654	776
			1655	776
			1656	776
			1657	776
			1658	777
			1659	777
			1660	777
			1661	777
			1662	777
			1663	777
			1664	778
			1665	778
			1666	778
			1667	778
			1668	778
			1669	779
			1670	779
			1671	779
			1672	779
			1673	779
			1674	780
			1675	780
			1676	780
			1677	780
			1678	780
			1679	781
			1680	781
			1681	781
			1682	781
			1683	781
			1684	782
			1685	782
			1686	782
			1687	782
			1688	782
			1689	783
			1690	783
			1691	783
			1692	783
			1693	784
			1694	784
			1695	784
			1696	784
			1697	784
			1698	785
			1699	785
			1700	785
			1701	786
			1702	786
			1703	786
			1704	786
			1705	787
			1706	787
			1707	787
			1708	787
			1709	788
			1710	788
			1711	788
			1712	788
			1713	789
			1714	789
			1715	789
			1716	790
			1717	790
			1718	790
			1719	791
			1720	791
			1721	791
			1722	791
			1723	792
			1724	792
			1725	792
			1726	793
			1727	793
			1728	793
			1729	794
			1730	794
			1731	794
			1732	795
			1733	795
			1734	795
			1735	796
			1736	796
			1737	796
			1738	796
			1739	797
			1740	797
			1741	798
			1742	798
			1743	799
			1744	799
			1745	799
			1746	800
			1747	800
			1748	800
			1749	801
			1750	801
			1751	802
			1752	802
			1753	803
			1754	803
			1755	803
			1755	804
			1756	804
			1757	804
			1757	805
			1758	805
			1759	805
			1760	806
			1761	806
			1762	807
			1763	807
			1764	808
			1765	808
			1766	809
			1767	809
			1768	810
			1769	811
			1770	811
			1771	812
			1772	812
			1773	812
			1774	812
			1774	813
			1775	813
			1776	813
			1776	814
			1777	814
			1778	814
			1779	815
			1780	815
			1781	816
			1782	816
			1783	817
			1784	817
			1785	818
			1786	818
			1787	819
			1788	820
			1789	820
			1790	821
			1791	821
			1792	822
			1793	822
			1794	823
			1794	824
			1795	824
			1796	825
			1797	825
			1798	826
			1799	827
			1800	827
			1801	828
			1802	829
			1803	829
			1803	830
			1804	831
			1805	831
			1806	832
			1807	833
			1808	833
			1809	834
			1810	835
			1810	836
			1811	836
			1812	837
			1813	838
			1814	839
			1815	840
			1816	840
			1816	841
			1817	842
			1818	843
			1819	844
			1820	845
			1821	845
			1821	846
			1822	847
			1823	848
			1824	849
			1825	850
			1826	851
			1826	852
			1827	853
			1828	854
			1829	855
			1830	855
			1830	856
			1831	857
			1832	858
			1833	859
			1834	860
			1834	861
			1835	862
			1836	863
			1836	864
			1837	865
			1838	866
			1839	867
			1839	868
			1840	869
			1840	870
			1841	870
			1842	871
			1842	872
			1843	873
			1843	874
			1844	874
			1844	875
			1845	876
			1845	877
			1846	878
			1847	879
			1848	880
			1848	881
			1849	882
			1850	883
			1850	884
			1851	885
			1851	886
			1852	887
			1852	888
			1853	888
			1853	889
			1853	890
			1854	890
			1854	891
			1854	892
			1855	892
			1855	893
			1856	894
			1856	895
			1857	896
			1857	897
			1858	898
			1858	899
			1859	899
			1859	900
			1860	901
			1860	902
			1861	903
			1861	904
			1862	905
			1862	906
			1863	907
			1863	908
			1864	909
			1864	910
			1865	911
			1865	912
			1866	913
			1866	914
			1867	915
			1867	916
			1868	917
			1868	918
			1869	919
			1869	920
			1869	921
			1870	921
			1870	922
			1870	923
			1871	924
			1871	925
			1872	926
			1872	927
			1873	928
			1873	929
			1873	930
			1874	931
			1874	932
			1875	933
			1875	934
			1876	935
			1876	936
			1876	937
			1877	938
			1877	939
			1878	940
			1878	941
			1878	942
			1879	943
			1879	944
			1880	945
			1880	946
			1880	947
			1881	948
			1881	949
			1882	950
			1882	951
			1882	952
			1883	953
			1883	954
			1884	955
			1884	956
			1884	957
			1885	958
			1885	959
			1885	960
			1886	961
			1886	962
			1887	962
			1887	963
			1888	963
			1889	964
			1890	964
			1891	965
			1892	966
			1893	967
			1894	967
			1895	968
			1896	969
			1897	970
			1898	970
			1899	971
			1899	972
			1900	972
			1901	973
			1902	974
			1903	975
			1904	976
			1905	977
			1906	977
			1906	978
			1907	979
			1908	980
			1909	981
			1909	982
			1910	983
			1911	983
			1912	984
			1912	985
			1913	986
			1914	987
			1915	988
			1915	989
			1916	990
			1917	991
			1918	992
			1918	993
			1919	994
			1920	995
			1920	996
			1921	997
			1922	998
			1923	999
			1923	1000
			1924	1001
			1924	1002
			1925	1003
			1925	1004
			1926	1005
			1927	1006
			1927	1007
			1928	1008
			1928	1009
			1929	1010
			1930	1011
			1930	1012
			1931	1013
			1931	1014
			1932	1015
			1932	1016
			1933	1017
			1934	1018
			1934	1019
			1935	1020
			1935	1021
			1936	1022
			1937	1023
			1938	1024
			1939	1025
			1940	1026
			1941	1027
			1942	1027
			1943	1028
			1944	1029
			1945	1030
			1946	1031
			1947	1031
			1948	1032
			1949	1033
			1950	1033
			1950	1034
			1951	1035
			1952	1036
			1953	1036
			1953	1037
			1954	1038
			1955	1038
			1956	1039
			1956	1040
			1957	1041
			1958	1041
			1959	1042
			1959	1043
			1960	1044
			1961	1044
			1961	1045
			1962	1046
			1963	1047
			1964	1048
			1965	1049
			1966	1050
			1966	1051
			1967	1052
			1968	1053
			1969	1054
			1969	1055
			1970	1056
			1971	1057
			1972	1058
			1972	1059
			1973	1060
			1974	1061
			1974	1062
			1975	1063
			1976	1064
			1976	1065
			1977	1066
			1978	1067
			1978	1068
			1979	1069
			1979	1070
			1980	1071
			1981	1072
			1981	1073
			1981	1074
			1982	1074
			1982	1075
			1982	1076
			1983	1076
			1983	1077
			1983	1078
			1984	1078
			1984	1079
			1984	1080
			1985	1080
			1985	1081
			1985	1082
			1985	1083
			1986	1083
			1986	1084
			1986	1085
			1987	1085
			1987	1086
			1987	1087
			1988	1088
			1988	1089
			1988	1090
			1989	1091
			1989	1092
			1990	1093
			1990	1094
			1990	1095
			1991	1096
			1991	1097
			1991	1098
			1991	1099
			1992	1099
			1992	1100
			1992	1101
			1992	1102
			1993	1103
			1993	1104
			1993	1105
			1993	1106
			1994	1107
			1994	1108
			1994	1109
			1994	1110
			1995	1111
			1995	1112
			1995	1113
			1995	1114
			1995	1115
			1996	1116
			1996	1117
			1996	1118
			1996	1119
			1996	1120
			1996	1121
			1997	1122
			1997	1123
			1997	1124
			1997	1125
			1997	1126
			1997	1127
			1997	1128
			1998	1129
			1998	1130
			1998	1131
			1998	1132
			1998	1133
		</c1>
		<c2 type=matrix rownames=FALSE colnames=FALSE nrow=937 ncol=2 as.numeric=TRUE >
			1998	1133
			1997	1133
			1996	1133
			1995	1133
			1994	1133
			1993	1133
			1992	1132
			1991	1132
			1990	1132
			1989	1132
			1988	1132
			1987	1132
			1986	1132
			1985	1132
			1984	1131
			1983	1131
			1982	1131
			1981	1131
			1980	1131
			1979	1131
			1978	1131
			1977	1131
			1976	1130
			1975	1130
			1974	1130
			1973	1130
			1972	1130
			1971	1130
			1970	1130
			1969	1130
			1968	1129
			1967	1129
			1966	1129
			1965	1129
			1964	1129
			1963	1129
			1962	1129
			1961	1129
			1960	1128
			1959	1128
			1958	1128
			1957	1128
			1956	1128
			1955	1128
			1954	1128
			1953	1128
			1952	1127
			1951	1127
			1950	1127
			1949	1127
			1948	1127
			1947	1127
			1946	1127
			1945	1127
			1944	1126
			1943	1126
			1942	1126
			1941	1126
			1940	1126
			1939	1126
			1938	1126
			1937	1125
			1936	1125
			1935	1125
			1934	1125
			1933	1125
			1932	1125
			1931	1125
			1930	1125
			1929	1125
			1929	1124
			1928	1124
			1927	1124
			1926	1124
			1925	1124
			1924	1124
			1923	1124
			1922	1123
			1921	1123
			1920	1123
			1919	1123
			1918	1123
			1917	1123
			1916	1123
			1915	1123
			1914	1122
			1913	1122
			1912	1122
			1911	1122
			1910	1122
			1909	1122
			1908	1122
			1907	1122
			1906	1121
			1905	1121
			1904	1121
			1903	1121
			1902	1121
			1901	1121
			1900	1121
			1899	1120
			1898	1120
			1897	1120
			1896	1120
			1895	1120
			1894	1120
			1893	1120
			1892	1120
			1891	1119
			1890	1119
			1889	1119
			1888	1119
			1887	1119
			1886	1119
			1885	1119
			1884	1118
			1883	1118
			1882	1118
			1881	1118
			1880	1118
			1879	1118
			1878	1118
			1877	1118
			1876	1118
			1875	1118
			1874	1118
			1873	1118
			1872	1118
			1871	1118
			1870	1118
			1869	1118
			1868	1118
			1867	1118
			1866	1118
			1865	1118
			1864	1118
			1863	1118
			1862	1118
			1861	1118
			1860	1118
			1859	1118
			1858	1118
			1857	1118
			1856	1118
			1855	1118
			1854	1118
			1853	1118
			1852	1118
			1851	1118
			1850	1118
			1849	1118
			1848	1118
			1847	1118
			1846	1118
			1845	1118
			1844	1118
			1843	1118
			1842	1118
			1841	1118
			1840	1118
			1839	1118
			1838	1118
			1837	1118
			1836	1118
			1835	1118
			1834	1118
			1833	1117
			1832	1117
			1831	1117
			1830	1117
			1829	1117
			1828	1117
			1827	1117
			1826	1117
			1825	1117
			1824	1117
			1823	1117
			1822	1117
			1821	1117
			1820	1117
			1819	1117
			1818	1117
			1817	1117
			1816	1117
			1815	1117
			1814	1117
			1813	1117
			1812	1117
			1811	1116
			1810	1116
			1809	1116
			1808	1116
			1807	1116
			1806	1116
			1805	1116
			1804	1116
			1803	1116
			1802	1116
			1801	1116
			1800	1116
			1799	1116
			1798	1116
			1797	1116
			1796	1116
			1795	1115
			1794	1115
			1793	1115
			1792	1115
			1791	1115
			1790	1115
			1789	1115
			1788	1115
			1787	1115
			1786	1115
			1785	1115
			1784	1114
			1783	1114
			1782	1114
			1781	1114
			1780	1114
			1779	1114
			1778	1114
			1777	1114
			1776	1114
			1775	1114
			1774	1113
			1773	1113
			1772	1113
			1771	1113
			1770	1113
			1769	1113
			1768	1113
			1767	1113
			1766	1113
			1765	1112
			1764	1112
			1763	1112
			1762	1112
			1761	1112
			1760	1112
			1759	1112
			1758	1112
			1757	1111
			1756	1111
			1755	1111
			1754	1111
			1753	1111
			1752	1111
			1751	1111
			1750	1111
			1749	1110
			1748	1110
			1747	1110
			1746	1110
			1745	1110
			1744	1110
			1743	1109
			1742	1109
			1741	1109
			1740	1109
			1739	1109
			1738	1109
			1737	1109
			1736	1108
			1735	1108
			1734	1108
			1733	1108
			1732	1108
			1731	1108
			1730	1107
			1729	1107
			1728	1107
			1727	1107
			1726	1107
			1725	1108
			1724	1108
			1723	1108
			1722	1108
			1721	1108
			1720	1108
			1719	1108
			1718	1109
			1717	1109
			1716	1109
			1715	1109
			1714	1109
			1713	1109
			1712	1109
			1711	1109
			1710	1109
			1709	1110
			1708	1110
			1707	1110
			1706	1110
			1705	1110
			1704	1110
			1703	1110
			1702	1110
			1701	1110
			1700	1110
			1699	1110
			1698	1110
			1697	1110
			1696	1110
			1695	1110
			1694	1110
			1693	1110
			1692	1110
			1691	1110
			1690	1110
			1689	1110
			1688	1110
			1687	1110
			1686	1110
			1685	1110
			1684	1110
			1683	1110
			1682	1110
			1681	1110
			1680	1110
			1679	1110
			1678	1110
			1677	1110
			1676	1110
			1675	1110
			1674	1110
			1673	1109
			1672	1109
			1671	1109
			1670	1109
			1669	1109
			1668	1109
			1667	1109
			1666	1109
			1665	1109
			1664	1109
			1663	1108
			1662	1108
			1661	1108
			1660	1108
			1659	1108
			1658	1108
			1657	1108
			1656	1108
			1656	1107
			1655	1107
			1654	1107
			1653	1107
			1652	1107
			1651	1107
			1650	1107
			1649	1106
			1648	1106
			1647	1106
			1646	1106
			1645	1106
			1644	1106
			1643	1106
			1642	1106
			1641	1106
			1640	1106
			1639	1106
			1638	1106
			1637	1106
			1636	1106
			1635	1106
			1634	1106
			1633	1106
			1632	1106
			1631	1106
			1630	1106
			1629	1106
			1628	1106
			1627	1106
			1626	1106
			1625	1106
			1624	1105
			1623	1105
			1622	1105
			1621	1105
			1620	1105
			1619	1105
			1618	1105
			1617	1105
			1616	1105
			1615	1105
			1614	1105
			1613	1105
			1612	1105
			1611	1105
			1610	1105
			1609	1105
			1608	1105
			1607	1105
			1606	1105
			1605	1105
			1604	1105
			1603	1105
			1602	1105
			1601	1105
			1600	1105
			1599	1105
			1598	1105
			1597	1105
			1596	1105
			1595	1105
			1594	1105
			1593	1105
			1592	1105
			1591	1105
			1590	1105
			1589	1105
			1588	1105
			1587	1105
			1586	1105
			1585	1105
			1584	1105
			1583	1105
			1582	1104
			1581	1104
			1580	1104
			1579	1104
			1578	1104
			1577	1104
			1576	1104
			1575	1104
			1574	1104
			1573	1104
			1572	1104
			1571	1104
			1570	1104
			1569	1104
			1568	1104
			1567	1104
			1566	1104
			1565	1104
			1564	1104
			1563	1104
			1562	1104
			1561	1104
			1560	1104
			1559	1104
			1558	1104
			1557	1104
			1556	1104
			1555	1104
			1554	1104
			1553	1104
			1552	1104
			1551	1104
			1550	1104
			1549	1104
			1548	1104
			1547	1104
			1546	1104
			1545	1104
			1544	1103
			1543	1103
			1542	1103
			1541	1103
			1540	1103
			1539	1103
			1538	1103
			1537	1103
			1536	1103
			1535	1103
			1534	1103
			1533	1103
			1532	1103
			1531	1103
			1530	1103
			1529	1103
			1528	1103
			1527	1103
			1526	1103
			1525	1103
			1524	1103
			1523	1103
			1522	1103
			1521	1103
			1520	1103
			1519	1103
			1518	1103
			1517	1103
			1516	1103
			1515	1103
			1514	1103
			1513	1103
			1512	1103
			1511	1103
			1510	1103
			1509	1102
			1508	1102
			1507	1102
			1506	1102
			1505	1102
			1504	1102
			1503	1102
			1502	1102
			1501	1102
			1500	1102
			1499	1102
			1498	1102
			1497	1102
			1496	1102
			1495	1102
			1494	1102
			1493	1102
			1492	1102
			1491	1102
			1490	1102
			1489	1102
			1488	1102
			1487	1102
			1486	1102
			1485	1102
			1484	1102
			1483	1102
			1482	1102
			1481	1102
			1480	1102
			1479	1102
			1478	1102
			1477	1102
			1476	1102
			1475	1101
			1474	1101
			1473	1101
			1472	1101
			1471	1101
			1470	1101
			1469	1101
			1468	1101
			1467	1101
			1466	1101
			1465	1101
			1464	1101
			1463	1101
			1462	1101
			1461	1101
			1460	1101
			1459	1101
			1458	1101
			1457	1101
			1456	1101
			1455	1101
			1454	1101
			1453	1101
			1452	1101
			1451	1101
			1450	1101
			1449	1101
			1448	1101
			1447	1101
			1446	1101
			1445	1101
			1444	1101
			1443	1101
			1442	1101
			1441	1101
			1440	1101
			1439	1101
			1438	1101
			1437	1101
			1436	1101
			1435	1101
			1434	1101
			1433	1101
			1432	1101
			1431	1101
			1430	1101
			1429	1101
			1428	1101
			1427	1101
			1426	1101
			1425	1101
			1424	1101
			1423	1101
			1422	1101
			1421	1101
			1420	1101
			1419	1101
			1418	1101
			1417	1101
			1416	1101
			1415	1101
			1414	1101
			1413	1101
			1412	1101
			1411	1101
			1410	1101
			1409	1101
			1408	1101
			1407	1101
			1406	1101
			1405	1101
			1404	1101
			1403	1101
			1402	1101
			1401	1101
			1400	1101
			1399	1101
			1398	1101
			1397	1101
			1396	1101
			1395	1101
			1394	1101
			1393	1101
			1392	1101
			1391	1101
			1390	1101
			1389	1101
			1388	1101
			1387	1102
			1386	1102
			1385	1102
			1384	1102
			1383	1102
			1382	1102
			1381	1102
			1380	1102
			1379	1102
			1378	1102
			1377	1102
			1376	1102
			1375	1102
			1374	1102
			1373	1102
			1372	1102
			1371	1102
			1370	1102
			1369	1102
			1368	1102
			1367	1102
			1366	1102
			1365	1102
			1364	1102
			1363	1102
			1362	1102
			1361	1102
			1360	1102
			1359	1102
			1358	1102
			1357	1102
			1356	1102
			1355	1102
			1354	1102
			1353	1102
			1352	1102
			1351	1102
			1350	1102
			1349	1102
			1348	1102
			1347	1102
			1346	1102
			1345	1102
			1344	1102
			1343	1102
			1342	1102
			1341	1102
			1340	1102
			1339	1102
			1338	1102
			1337	1102
			1336	1102
			1335	1102
			1334	1102
			1333	1102
			1332	1102
			1331	1102
			1330	1102
			1329	1102
			1328	1102
			1327	1102
			1326	1103
			1325	1103
			1324	1103
			1323	1103
			1322	1103
			1321	1103
			1320	1103
			1319	1103
			1318	1103
			1317	1103
			1316	1103
			1315	1103
			1314	1103
			1313	1103
			1312	1103
			1311	1103
			1310	1103
			1309	1103
			1308	1103
			1307	1103
			1306	1103
			1305	1103
			1304	1103
			1303	1103
			1302	1103
			1301	1103
			1300	1103
			1299	1103
			1298	1103
			1297	1103
			1296	1103
			1295	1103
			1294	1103
			1293	1103
			1292	1103
			1291	1103
			1290	1103
			1289	1103
			1288	1103
			1287	1103
			1286	1103
			1285	1103
			1284	1103
			1283	1103
			1282	1103
			1281	1103
			1280	1103
			1279	1104
			1278	1104
			1277	1104
			1276	1104
			1275	1104
			1274	1104
			1273	1104
			1272	1104
			1271	1104
			1270	1104
			1269	1104
			1268	1104
			1267	1104
			1266	1104
			1265	1104
			1264	1104
			1263	1104
			1262	1104
			1261	1104
			1260	1104
			1259	1104
			1258	1104
			1257	1104
			1256	1104
			1255	1104
			1254	1104
			1253	1104
			1252	1104
			1251	1104
			1250	1104
			1249	1104
			1248	1104
			1247	1104
			1246	1105
			1245	1105
			1244	1105
			1243	1105
			1242	1105
			1241	1105
			1240	1105
			1239	1105
			1238	1105
			1237	1105
			1236	1105
			1235	1105
			1234	1105
			1233	1105
			1232	1105
			1231	1105
			1230	1105
			1229	1105
			1228	1105
			1227	1105
			1226	1105
			1226	1106
			1225	1106
			1224	1106
			1223	1106
			1222	1106
			1221	1106
			1220	1106
			1219	1106
			1218	1106
			1217	1106
			1216	1106
			1215	1106
			1214	1106
			1213	1106
			1212	1106
			1211	1106
			1210	1106
			1209	1107
			1208	1107
			1207	1107
			1206	1107
			1205	1107
			1204	1107
			1203	1107
			1202	1107
			1201	1107
			1200	1107
			1199	1107
			1198	1107
			1197	1107
			1196	1107
			1195	1108
			1194	1108
			1193	1108
			1192	1108
			1191	1108
			1190	1108
			1189	1108
			1188	1108
			1187	1108
			1186	1108
			1185	1108
			1184	1108
			1183	1108
			1182	1109
			1181	1109
			1180	1109
			1179	1109
			1178	1109
			1177	1109
			1176	1109
			1175	1109
			1174	1109
			1173	1109
			1172	1109
			1171	1109
			1170	1110
			1169	1110
			1168	1110
			1167	1110
			1166	1110
			1165	1110
			1164	1110
			1163	1110
			1162	1110
			1161	1110
			1160	1110
			1159	1111
			1158	1111
			1157	1111
			1156	1111
			1155	1111
			1154	1111
			1153	1111
			1152	1111
			1151	1111
			1150	1111
			1149	1112
			1148	1112
			1147	1112
			1146	1112
			1145	1112
			1144	1112
			1143	1112
			1142	1112
			1141	1112
			1140	1112
			1139	1112
			1139	1113
			1138	1113
			1137	1113
			1136	1113
			1135	1113
			1134	1113
			1133	1113
			1132	1113
			1131	1113
			1130	1113
			1129	1114
			1128	1114
			1127	1114
			1126	1114
			1125	1114
			1124	1114
			1123	1115
			1122	1115
			1121	1116
			1120	1116
			1119	1117
			1118	1117
			1117	1118
			1116	1118
			1115	1119
			1114	1119
			1113	1119
			1112	1120
			1111	1120
			1110	1121
			1109	1121
			1108	1122
			1107	1122
			1106	1123
			1105	1123
			1104	1123
			1103	1124
			1102	1124
			1101	1125
			1100	1125
			1099	1125
			1098	1126
			1097	1126
			1096	1127
			1095	1127
			1094	1127
			1094	1128
			1093	1128
			1092	1128
			1091	1128
			1091	1129
			1090	1129
			1089	1129
			1088	1129
			1088	1130
			1087	1130
			1086	1130
			1085	1131
			1084	1131
			1083	1131
			1082	1131
			1081	1132
			1080	1132
			1079	1132
			1078	1133
			1077	1133
			1076	1133
			1075	1133
			1074	1134
			1073	1134
			1072	1134
			1071	1134
			1070	1134
			1069	1134
		</c2>
	</curves.pixel>
	<curves.scaled type=list>
		<c1 type=matrix rownames=FALSE colnames=FALSE nrow=1165 ncol=2 as.numeric=TRUE >
			46.6741030043784	-49.5120980420627
			46.6741030043784	-49.4684365799445
			46.7177644664966	-49.4247751178263
			46.7177644664966	-49.3811136557081
			46.7177644664966	-49.3374521935898
			46.7614259286148	-49.2937907314716
			46.7614259286148	-49.2501292693534
			46.7614259286148	-49.2064678072352
			46.805087390733	-49.162806345117
			46.805087390733	-49.1191448829987
			46.805087390733	-49.0754834208805
			46.8487488528512	-49.0318219587623
			46.8487488528512	-48.9881604966441
			46.8487488528512	-48.9444990345258
			46.8924103149695	-48.9008375724076
			46.8924103149695	-48.8571761102894
			46.8924103149695	-48.8135146481712
			46.9360717770877	-48.769853186053
			46.9360717770877	-48.7261917239347
			46.9360717770877	-48.6825302618165
			46.9797332392059	-48.6388687996983
			46.9797332392059	-48.5952073375801
			47.0233947013241	-48.5515458754619
			47.0233947013241	-48.5078844133436
			47.0670561634423	-48.4642229512254
			47.0670561634423	-48.4205614891072
			47.0670561634423	-48.376900026989
			47.1107176255606	-48.3332385648708
			47.1107176255606	-48.2895771027525
			47.1543790876788	-48.2459156406343
			47.1543790876788	-48.2022541785161
			47.1543790876788	-48.1585927163979
			47.198040549797	-48.1149312542796
			47.198040549797	-48.0712697921614
			47.2417020119152	-48.0276083300432
			47.2417020119152	-47.983946867925
			47.2853634740334	-47.9402854058068
			47.2853634740334	-47.8966239436885
			47.3290249361517	-47.8529624815703
			47.3290249361517	-47.8093010194521
			47.3726863982699	-47.7656395573339
			47.3726863982699	-47.7219780952157
			47.4163478603881	-47.6783166330974
			47.4163478603881	-47.6346551709792
			47.4600093225063	-47.590993708861
			47.4600093225063	-47.5473322467428
			47.4600093225063	-47.5036707846246
			47.5036707846246	-47.5036707846246
			47.5036707846246	-47.4600093225063
			47.5473322467428	-47.4163478603881
			47.5473322467428	-47.3726863982699
			47.590993708861	-47.3290249361517
			47.590993708861	-47.2853634740334
			47.6346551709792	-47.2417020119152
			47.6346551709792	-47.198040549797
			47.6783166330974	-47.1543790876788
			47.6783166330974	-47.1107176255606
			47.7219780952157	-47.0670561634423
			47.7219780952157	-47.0233947013241
			47.7656395573339	-47.0233947013241
			47.8093010194521	-46.9797332392059
			47.8093010194521	-46.9360717770877
			47.8529624815703	-46.8924103149695
			47.8529624815703	-46.8487488528512
			47.8966239436885	-46.805087390733
			47.8966239436885	-46.7614259286148
			47.9402854058068	-46.7177644664966
			47.9402854058068	-46.6741030043784
			47.983946867925	-46.6304415422601
			48.0276083300432	-46.6304415422601
			48.0276083300432	-46.5867800801419
			48.0712697921614	-46.5431186180237
			48.0712697921614	-46.4994571559055
			48.1149312542796	-46.4557956937872
			48.1149312542796	-46.412134231669
			48.1585927163979	-46.3684727695508
			48.2022541785161	-46.3248113074326
			48.2022541785161	-46.2811498453144
			48.2459156406343	-46.2811498453144
			48.2459156406343	-46.2374883831961
			48.2895771027525	-46.1938269210779
			48.3332385648708	-46.1501654589597
			48.3332385648708	-46.1065039968415
			48.376900026989	-46.0628425347233
			48.4205614891072	-46.019181072605
			48.4205614891072	-45.9755196104868
			48.4642229512254	-45.9755196104868
			48.4642229512254	-45.9318581483686
			48.5078844133436	-45.8881966862504
			48.5515458754619	-45.8445352241322
			48.5515458754619	-45.8008737620139
			48.5952073375801	-45.7572122998957
			48.6388687996983	-45.7135508377775
			48.6388687996983	-45.6698893756593
			48.6825302618165	-45.6698893756593
			48.7261917239347	-45.626227913541
			48.7261917239347	-45.5825664514228
			48.769853186053	-45.5389049893046
			48.8135146481712	-45.4952435271864
			48.8135146481712	-45.4515820650682
			48.8571761102894	-45.4079206029499
			48.9008375724076	-45.4079206029499
			48.9444990345258	-45.3642591408317
			48.9444990345258	-45.3205976787135
			48.9881604966441	-45.2769362165953
			49.0318219587623	-45.2332747544771
			49.0318219587623	-45.1896132923588
			49.0754834208805	-45.1459518302406
			49.1191448829987	-45.1459518302406
			49.162806345117	-45.1022903681224
			49.162806345117	-45.0586289060042
			49.2064678072352	-45.014967443886
			49.2501292693534	-44.9713059817677
			49.2937907314716	-44.9276445196495
			49.3374521935898	-44.8839830575313
			49.3811136557081	-44.8403215954131
			49.4247751178263	-44.7966601332948
			49.4684365799445	-44.7529986711766
			49.5120980420627	-44.7093372090584
			49.5557595041809	-44.6656757469402
			49.5994209662992	-44.622014284822
			49.6430824284174	-44.5783528227037
			49.6430824284174	-44.5346913605855
			49.6867438905356	-44.4910298984673
			49.7304053526538	-44.4473684363491
			49.774066814772	-44.4037069742309
			49.8177282768903	-44.3600455121126
			49.8613897390085	-44.3163840499944
			49.9050512011267	-44.2727225878762
			49.9487126632449	-44.229061125758
			49.9923741253632	-44.1853996636397
			50.0360355874814	-44.1417382015215
			50.0796970495996	-44.0980767394033
			50.1233585117178	-44.0544152772851
			50.167019973836	-44.0107538151669
			50.2106814359543	-43.9670923530486
			50.2543428980725	-43.9234308909304
			50.2980043601907	-43.8797694288122
			50.3416658223089	-43.836107966694
			50.3853272844271	-43.7924465045758
			50.4289887465454	-43.7924465045758
			50.4289887465454	-43.7487850424575
			50.4726502086636	-43.7487850424575
			50.5163116707818	-43.7051235803393
			50.5163116707818	-43.6614621182211
			50.5599731329	-43.6614621182211
			50.6036345950182	-43.6178006561029
			50.6472960571365	-43.5741391939847
			50.6909575192547	-43.5304777318664
			50.7346189813729	-43.4868162697482
			50.7782804434911	-43.44315480763
			50.8219419056094	-43.44315480763
			50.8656033677276	-43.3994933455118
			50.9092648298458	-43.3558318833935
			50.9092648298458	-43.3121704212753
			50.952926291964	-43.3121704212753
			50.9965877540822	-43.2685089591571
			51.0402492162005	-43.2248474970389
			51.0839106783187	-43.2248474970389
			51.1275721404369	-43.1811860349207
			51.1275721404369	-43.1375245728024
			51.1712336025551	-43.1375245728024
			51.2148950646733	-43.0938631106842
			51.2585565267916	-43.050201648566
			51.3022179889098	-43.050201648566
			51.3022179889098	-43.0065401864478
			51.345879451028	-42.9628787243296
			51.3895409131462	-42.9628787243296
			51.4332023752645	-42.9192172622113
			51.4768638373827	-42.8755558000931
			51.5205252995009	-42.8755558000931
			51.5641867616191	-42.8318943379749
			51.5641867616191	-42.7882328758567
			51.6078482237373	-42.7882328758567
			51.6515096858556	-42.7445714137385
			51.6951711479738	-42.7009099516202
			51.738832610092	-42.7009099516202
			51.7824940722102	-42.657248489502
			51.8261555343284	-42.6135870273838
			51.8698169964467	-42.5699255652656
			51.9134784585649	-42.5262641031473
			51.9571399206831	-42.4826026410291
			52.0008013828013	-42.4826026410291
			52.0444628449196	-42.4389411789109
			52.0881243070378	-42.3952797167927
			52.131785769156	-42.3516182546745
			52.1754472312742	-42.3516182546745
			52.2191086933924	-42.3079567925562
			52.2627701555107	-42.264295330438
			52.3064316176289	-42.2206338683198
			52.3064316176289	-42.1769724062016
			52.3500930797471	-42.1333109440834
			52.3937545418653	-42.0896494819651
			52.4374160039835	-42.0896494819651
			52.4810774661018	-42.0459880198469
			52.52473892822	-42.0023265577287
			52.52473892822	-41.9586650956105
			52.5684003903382	-41.9150036334923
			52.6120618524564	-41.871342171374
			52.6557233145746	-41.8276807092558
			52.6993847766929	-41.7840192471376
			52.7430462388111	-41.7403577850194
			52.7867077009293	-41.6966963229011
			52.8303691630475	-41.6530348607829
			52.8740306251658	-41.6093733986647
			52.917692087284	-41.5657119365465
			52.9613535494022	-41.5220504744283
			52.9613535494022	-41.47838901231
			53.0050150115204	-41.47838901231
			53.0050150115204	-41.4347275501918
			53.0486764736386	-41.3910660880736
			53.0923379357569	-41.3910660880736
			53.0923379357569	-41.3474046259554
			53.1359993978751	-41.3474046259554
			53.1359993978751	-41.3037431638372
			53.1796608599933	-41.2600817017189
			53.2233223221115	-41.2600817017189
			53.2233223221115	-41.2164202396007
			53.2669837842297	-41.2164202396007
			53.2669837842297	-41.1727587774825
			53.310645246348	-41.1290973153643
			53.3543067084662	-41.0854358532461
			53.3979681705844	-41.0417743911278
			53.4416296327026	-40.9981129290096
			53.4852910948208	-40.9544514668914
			53.5289525569391	-40.9107900047732
			53.5726140190573	-40.9107900047732
			53.5726140190573	-40.8671285426549
			53.6162754811755	-40.8234670805367
			53.6599369432937	-40.7798056184185
			53.703598405412	-40.7361441563003
			53.7472598675302	-40.6924826941821
			53.7909213296484	-40.6488212320638
			53.8345827917666	-40.6051597699456
			53.8782442538848	-40.5614983078274
			53.9219057160031	-40.5178368457092
			53.9655671781213	-40.474175383591
			54.0092286402395	-40.4305139214727
			54.0528901023577	-40.3868524593545
			54.0965515644759	-40.3431909972363
			54.1402130265942	-40.2995295351181
			54.1838744887124	-40.2558680729999
			54.2275359508306	-40.2122066108816
			54.2711974129488	-40.1685451487634
			54.314858875067	-40.1248836866452
			54.3585203371853	-40.081222224527
			54.4021817993035	-40.0375607624087
			54.4458432614217	-39.9938993002905
			54.4895047235399	-39.9502378381723
			54.5331661856582	-39.9065763760541
			54.5768276477764	-39.8629149139359
			54.6204891098946	-39.8192534518176
			54.6641505720128	-39.7755919896994
			54.707812034131	-39.7319305275812
			54.7514734962493	-39.7319305275812
			54.7951349583675	-39.688269065463
			54.8387964204857	-39.6446076033448
			54.8824578826039	-39.6009461412265
			54.9261193447221	-39.5572846791083
			54.9697808068404	-39.5136232169901
			55.0134422689586	-39.4699617548719
			55.0571037310768	-39.4699617548719
			55.0571037310768	-39.4263002927537
			55.100765193195	-39.3826388306354
			55.1444266553132	-39.3826388306354
			55.1444266553132	-39.3389773685172
			55.1880881174315	-39.295315906399
			55.2317495795497	-39.295315906399
			55.2754110416679	-39.2516544442808
			55.3190725037861	-39.2079929821625
			55.3627339659044	-39.1643315200443
			55.4063954280226	-39.1206700579261
			55.4500568901408	-39.1206700579261
			55.493718352259	-39.0770085958079
			55.493718352259	-39.0333471336897
			55.5373798143772	-38.9896856715714
			55.5810412764955	-38.9460242094532
			55.6247027386137	-38.9460242094532
			55.6683642007319	-38.902362747335
			55.7120256628501	-38.8587012852168
			55.7556871249683	-38.8150398230986
			55.7993485870866	-38.8150398230986
			55.7993485870866	-38.7713783609803
			55.8430100492048	-38.7277168988621
			55.886671511323	-38.6840554367439
			55.9303329734412	-38.6840554367439
			55.9739944355594	-38.6403939746257
			56.0176558976777	-38.5967325125075
			56.0613173597959	-38.5530710503892
			56.1049788219141	-38.5530710503892
			56.1049788219141	-38.509409588271
			56.1486402840323	-38.4657481261528
			56.1923017461506	-38.4220866640346
			56.2359632082688	-38.4220866640346
			56.279624670387	-38.3784252019163
			56.3232861325052	-38.3347637397981
			56.3669475946234	-38.3347637397981
			56.3669475946234	-38.2911022776799
			56.4106090567417	-38.2474408155617
			56.4542705188599	-38.2037793534435
			56.4979319809781	-38.2037793534435
			56.5415934430963	-38.1601178913252
			56.5852549052145	-38.116456429207
			56.6289163673328	-38.116456429207
			56.672577829451	-38.0727949670888
			56.672577829451	-38.0291335049706
			56.7162392915692	-37.9854720428524
			56.7599007536874	-37.9854720428524
			56.8035622158056	-37.9418105807341
			56.8472236779239	-37.8981491186159
			56.8908851400421	-37.8981491186159
			56.9345466021603	-37.8544876564977
			56.9782080642785	-37.8108261943795
			57.0218695263968	-37.7671647322613
			57.065530988515	-37.723503270143
			57.1091924506332	-37.6798418080248
			57.1528539127514	-37.6361803459066
			57.1965153748696	-37.6361803459066
			57.2401768369879	-37.5925188837884
			57.2838382991061	-37.5925188837884
			57.2838382991061	-37.5488574216701
			57.3274997612243	-37.5488574216701
			57.3711612233425	-37.5051959595519
			57.4148226854607	-37.4615344974337
			57.458484147579	-37.4178730353155
			57.5021456096972	-37.3742115731973
			57.5458070718154	-37.3742115731973
			57.5894685339336	-37.330550111079
			57.6331299960518	-37.330550111079
			57.6331299960518	-37.2868886489608
			57.6767914581701	-37.2868886489608
			57.7204529202883	-37.2432271868426
			57.7641143824065	-37.1995657247244
			57.8077758445247	-37.1559042626062
			57.851437306643	-37.1559042626062
			57.8950987687612	-37.1122428004879
			57.9387602308794	-37.0685813383697
			57.9824216929976	-37.0685813383697
			58.0260831551158	-37.0249198762515
			58.0697446172341	-36.9812584141333
			58.1134060793523	-36.937596952015
			58.1570675414705	-36.8939354898968
			58.2007290035887	-36.8939354898968
			58.2443904657069	-36.8502740277786
			58.2880519278252	-36.8502740277786
			58.3317133899434	-36.8066125656604
			58.3753748520616	-36.7629511035422
			58.4190363141798	-36.7629511035422
			58.4626977762981	-36.7192896414239
			58.5063592384163	-36.6756281793057
			58.5500207005345	-36.6319667171875
			58.5936821626527	-36.6319667171875
			58.6373436247709	-36.5883052550693
			58.6810050868892	-36.5446437929511
			58.7246665490074	-36.5446437929511
			58.7683280111256	-36.5009823308328
			58.8119894732438	-36.5009823308328
			58.855650935362	-36.4573208687146
			58.8993123974803	-36.4136594065964
			58.9429738595985	-36.4136594065964
			58.9866353217167	-36.3699979444782
			58.9866353217167	-36.32633648236
			59.0302967838349	-36.32633648236
			59.0739582459531	-36.2826750202417
			59.1176197080714	-36.2826750202417
			59.1612811701896	-36.2390135581235
			59.2049426323078	-36.1953520960053
			59.248604094426	-36.1953520960053
			59.2922655565443	-36.1516906338871
			59.3359270186625	-36.1516906338871
			59.3795884807807	-36.1080291717688
			59.4232499428989	-36.0643677096506
			59.4669114050171	-36.0643677096506
			59.5105728671354	-36.0207062475324
			59.5542343292536	-36.0207062475324
			59.5978957913718	-35.9770447854142
			59.64155725349	-35.9770447854142
			59.64155725349	-35.933383323296
			59.6852187156082	-35.8897218611777
			59.7288801777265	-35.8897218611777
			59.7725416398447	-35.8460603990595
			59.8162031019629	-35.8460603990595
			59.8598645640811	-35.8023989369413
			59.9035260261993	-35.8023989369413
			59.9471874883176	-35.7587374748231
			59.9908489504358	-35.7587374748231
			60.034510412554	-35.7150760127049
			60.0781718746722	-35.6714145505866
			60.1218333367905	-35.6714145505866
			60.1654947989087	-35.6277530884684
			60.2091562610269	-35.6277530884684
			60.2528177231451	-35.5840916263502
			60.2964791852633	-35.540430164232
			60.3401406473816	-35.540430164232
			60.3838021094998	-35.540430164232
			60.3838021094998	-35.4967687021138
			60.427463571618	-35.4967687021138
			60.4711250337362	-35.4531072399955
			60.5147864958544	-35.4531072399955
			60.5584479579727	-35.4094457778773
			60.6021094200909	-35.3657843157591
			60.6457708822091	-35.3657843157591
			60.6894323443273	-35.3657843157591
			60.7330938064455	-35.3221228536409
			60.7767552685638	-35.2784613915226
			60.820416730682	-35.2784613915226
			60.8640781928002	-35.2347999294044
			60.9077396549184	-35.2347999294044
			60.9514011170367	-35.1911384672862
			60.9950625791549	-35.1911384672862
			61.0387240412731	-35.147477005168
			61.0823855033913	-35.147477005168
			61.1260469655095	-35.1038155430498
			61.1697084276278	-35.1038155430498
			61.213369889746	-35.0601540809315
			61.2570313518642	-35.0601540809315
			61.3006928139824	-35.0164926188133
			61.3443542761006	-35.0164926188133
			61.3880157382189	-34.9728311566951
			61.4316772003371	-34.9728311566951
			61.4753386624553	-34.9291696945769
			61.5190001245735	-34.9291696945769
			61.5626615866917	-34.8855082324587
			61.60632304881	-34.8855082324587
			61.6499845109282	-34.8855082324587
			61.6936459730464	-34.8418467703404
			61.7373074351646	-34.8418467703404
			61.7809688972829	-34.7981853082222
			61.8246303594011	-34.7981853082222
			61.8246303594011	-34.754523846104
			61.8682918215193	-34.754523846104
			61.9119532836375	-34.7108623839858
			61.9556147457557	-34.7108623839858
			61.999276207874	-34.6672009218676
			62.0429376699922	-34.6672009218676
			62.0865991321104	-34.6672009218676
			62.1302605942286	-34.6235394597493
			62.1739220563468	-34.6235394597493
			62.2175835184651	-34.5798779976311
			62.2612449805833	-34.5798779976311
			62.3049064427015	-34.5798779976311
			62.3485679048197	-34.5362165355129
			62.3922293669379	-34.5362165355129
			62.4358908290562	-34.4925550733947
			62.4795522911744	-34.4925550733947
			62.5232137532926	-34.4488936112764
			62.5668752154108	-34.4488936112764
			62.6105366775291	-34.4488936112764
			62.6541981396473	-34.4052321491582
			62.6978596017655	-34.4052321491582
			62.7415210638837	-34.36157068704
			62.7851825260019	-34.36157068704
			62.8288439881202	-34.36157068704
			62.8725054502384	-34.3179092249218
			62.9161669123566	-34.3179092249218
			62.9598283744748	-34.3179092249218
			63.003489836593	-34.2742477628036
			63.0471512987113	-34.2742477628036
			63.0908127608295	-34.2305863006853
			63.1344742229477	-34.2305863006853
			63.1781356850659	-34.1869248385671
			63.2217971471841	-34.1869248385671
			63.2654586093024	-34.1869248385671
			63.3091200714206	-34.1432633764489
			63.3527815335388	-34.1432633764489
			63.396442995657	-34.1432633764489
			63.4401044577753	-34.0996019143307
			63.4837659198935	-34.0996019143307
			63.5274273820117	-34.0996019143307
			63.5274273820117	-34.0559404522125
			63.5710888441299	-34.0559404522125
			63.6147503062481	-34.0559404522125
			63.6584117683664	-34.0559404522125
			63.7020732304846	-34.0122789900942
			63.7457346926028	-34.0122789900942
			63.789396154721	-34.0122789900942
			63.789396154721	-33.968617527976
			63.8330576168392	-33.968617527976
			63.8767190789575	-33.968617527976
			63.9203805410757	-33.968617527976
			63.9640420031939	-33.9249560658578
			64.0077034653121	-33.9249560658578
			64.0513649274304	-33.9249560658578
			64.0950263895486	-33.8812946037396
			64.1386878516668	-33.8812946037396
			64.182349313785	-33.8812946037396
			64.2260107759032	-33.8376331416214
			64.2696722380215	-33.8376331416214
			64.3133337001397	-33.8376331416214
			64.3569951622579	-33.8376331416214
			64.4006566243761	-33.7939716795031
			64.4443180864943	-33.7939716795031
			64.4879795486126	-33.7939716795031
			64.5316410107308	-33.7503102173849
			64.575302472849	-33.7503102173849
			64.6189639349672	-33.7503102173849
			64.6626253970854	-33.7503102173849
			64.7062868592037	-33.7066487552667
			64.7499483213219	-33.7066487552667
			64.7936097834401	-33.7066487552667
			64.8372712455583	-33.6629872931485
			64.8809327076765	-33.6629872931485
			64.9245941697948	-33.6629872931485
			64.968255631913	-33.6629872931485
			65.0119170940312	-33.6193258310302
			65.0555785561494	-33.6193258310302
			65.0992400182677	-33.6193258310302
			65.1429014803859	-33.6193258310302
			65.1865629425041	-33.575664368912
			65.2302244046223	-33.575664368912
			65.2738858667405	-33.575664368912
			65.3175473288588	-33.575664368912
			65.361208790977	-33.575664368912
			65.4048702530952	-33.5320029067938
			65.4485317152134	-33.5320029067938
			65.4921931773316	-33.5320029067938
			65.5358546394499	-33.5320029067938
			65.5795161015681	-33.4883414446756
			65.6231775636863	-33.4883414446756
			65.6668390258045	-33.4883414446756
			65.7105004879228	-33.4883414446756
			65.754161950041	-33.4883414446756
			65.7978234121592	-33.4446799825574
			65.8414848742774	-33.4446799825574
			65.8851463363956	-33.4446799825574
			65.9288077985139	-33.4446799825574
			65.9724692606321	-33.4446799825574
			66.0161307227503	-33.4446799825574
			66.0597921848685	-33.4010185204391
			66.1034536469867	-33.4010185204391
			66.147115109105	-33.4010185204391
			66.1907765712232	-33.4010185204391
			66.2344380333414	-33.4010185204391
			66.2780994954596	-33.4010185204391
			66.3217609575779	-33.3573570583209
			66.3654224196961	-33.3573570583209
			66.4090838818143	-33.3573570583209
			66.4527453439325	-33.3573570583209
			66.4964068060507	-33.3573570583209
			66.540068268169	-33.3573570583209
			66.5837297302872	-33.3136955962027
			66.6273911924054	-33.3136955962027
			66.6710526545236	-33.3136955962027
			66.7147141166418	-33.3136955962027
			66.7583755787601	-33.3136955962027
			66.8020370408783	-33.3136955962027
			66.8456985029965	-33.3136955962027
			66.8893599651147	-33.3136955962027
			66.9330214272329	-33.2700341340845
			66.9766828893512	-33.2700341340845
			67.0203443514694	-33.2700341340845
			67.0640058135876	-33.2700341340845
			67.1076672757058	-33.2700341340845
			67.151328737824	-33.2700341340845
			67.1949901999423	-33.2700341340845
			67.2386516620605	-33.2700341340845
			67.2823131241787	-33.2700341340845
			67.3259745862969	-33.2700341340845
			67.3696360484152	-33.2700341340845
			67.4132975105334	-33.3136955962027
			67.4569589726516	-33.3136955962027
			67.5006204347698	-33.3136955962027
			67.544281896888	-33.3136955962027
			67.5879433590063	-33.3136955962027
			67.6316048211245	-33.3136955962027
			67.6752662832427	-33.3136955962027
			67.7189277453609	-33.3136955962027
			67.7625892074791	-33.3136955962027
			67.8062506695974	-33.3136955962027
			67.8499121317156	-33.3136955962027
			67.8935735938338	-33.3136955962027
			67.937235055952	-33.3573570583209
			67.9808965180703	-33.3573570583209
			68.0245579801885	-33.3573570583209
			68.0682194423067	-33.3573570583209
			68.1118809044249	-33.3573570583209
			68.1555423665431	-33.3573570583209
			68.1992038286614	-33.3573570583209
			68.2428652907796	-33.3573570583209
			68.2865267528978	-33.3573570583209
			68.330188215016	-33.3573570583209
			68.3738496771342	-33.3573570583209
			68.3738496771342	-33.4010185204391
			68.4175111392525	-33.4010185204391
			68.4611726013707	-33.4010185204391
			68.5048340634889	-33.4010185204391
			68.5484955256071	-33.4010185204391
			68.5921569877253	-33.4010185204391
			68.6358184498436	-33.4010185204391
			68.6794799119618	-33.4010185204391
			68.72314137408	-33.4010185204391
			68.7668028361982	-33.4010185204391
			68.8104642983164	-33.4010185204391
			68.8541257604347	-33.4446799825574
			68.8977872225529	-33.4446799825574
			68.9414486846711	-33.4446799825574
			68.9851101467893	-33.4446799825574
			69.0287716089076	-33.4446799825574
			69.0724330710258	-33.4446799825574
			69.116094533144	-33.4446799825574
			69.1597559952622	-33.4446799825574
			69.2034174573804	-33.4446799825574
			69.2470789194987	-33.4446799825574
			69.2470789194987	-33.4883414446756
			69.2907403816169	-33.4883414446756
			69.3344018437351	-33.4883414446756
			69.3780633058533	-33.4883414446756
			69.4217247679715	-33.4883414446756
			69.4653862300898	-33.4883414446756
			69.509047692208	-33.4883414446756
			69.5527091543262	-33.4883414446756
			69.5963706164444	-33.4883414446756
			69.6400320785627	-33.4883414446756
			69.6836935406809	-33.5320029067938
			69.7273550027991	-33.5320029067938
			69.7710164649173	-33.5320029067938
			69.8146779270355	-33.5320029067938
			69.8583393891538	-33.5320029067938
			69.902000851272	-33.5320029067938
			69.9456623133902	-33.5320029067938
			69.9893237755084	-33.5320029067938
			70.0329852376266	-33.575664368912
			70.0766466997449	-33.575664368912
			70.1203081618631	-33.575664368912
			70.1639696239813	-33.575664368912
			70.2076310860995	-33.575664368912
			70.2512925482177	-33.575664368912
			70.294954010336	-33.575664368912
			70.3386154724542	-33.575664368912
			70.3822769345724	-33.575664368912
			70.4259383966906	-33.6193258310302
			70.4695998588088	-33.6193258310302
			70.5132613209271	-33.6193258310302
			70.5569227830453	-33.6193258310302
			70.6005842451635	-33.6193258310302
			70.6442457072817	-33.6193258310302
			70.6879071694	-33.6193258310302
			70.7315686315182	-33.6629872931485
			70.7752300936364	-33.6629872931485
			70.8188915557546	-33.6629872931485
			70.8625530178728	-33.6629872931485
			70.9062144799911	-33.6629872931485
			70.9498759421093	-33.6629872931485
			70.9935374042275	-33.6629872931485
			71.0371988663457	-33.7066487552667
			71.0808603284639	-33.7066487552667
			71.1245217905822	-33.7066487552667
			71.1681832527004	-33.7066487552667
			71.2118447148186	-33.7066487552667
			71.2555061769368	-33.7066487552667
			71.2991676390551	-33.7066487552667
			71.3428291011733	-33.7503102173849
			71.3864905632915	-33.7503102173849
			71.4301520254097	-33.7503102173849
			71.4738134875279	-33.7503102173849
			71.5174749496462	-33.7503102173849
			71.5611364117644	-33.7503102173849
			71.6047978738826	-33.7503102173849
			71.6484593360008	-33.7939716795031
			71.692120798119	-33.7939716795031
			71.7357822602373	-33.7939716795031
			71.7794437223555	-33.7939716795031
			71.8231051844737	-33.7939716795031
			71.8667666465919	-33.7939716795031
			71.9104281087101	-33.8376331416214
			71.9540895708284	-33.8376331416214
			71.9977510329466	-33.8376331416214
			72.0414124950648	-33.8376331416214
			72.085073957183	-33.8376331416214
			72.1287354193013	-33.8376331416214
			72.1723968814195	-33.8812946037396
			72.2160583435377	-33.8812946037396
			72.2597198056559	-33.8812946037396
			72.3033812677741	-33.8812946037396
			72.3470427298924	-33.8812946037396
			72.3907041920106	-33.9249560658578
			72.4343656541288	-33.9249560658578
			72.478027116247	-33.9249560658578
			72.5216885783652	-33.9249560658578
			72.5653500404835	-33.9249560658578
			72.6090115026017	-33.9249560658578
			72.6526729647199	-33.968617527976
			72.6963344268381	-33.968617527976
			72.7399958889563	-33.968617527976
			72.7836573510746	-33.968617527976
			72.8273188131928	-33.968617527976
			72.870980275311	-34.0122789900942
			72.9146417374292	-34.0122789900942
			72.9583031995475	-34.0122789900942
			73.0019646616657	-34.0122789900942
			73.0456261237839	-34.0122789900942
			73.0892875859021	-34.0559404522125
			73.1329490480203	-34.0559404522125
			73.1766105101386	-34.0559404522125
			73.2202719722568	-34.0559404522125
			73.263933434375	-34.0559404522125
			73.3075948964932	-34.0996019143307
			73.3512563586115	-34.0996019143307
			73.3949178207297	-34.0996019143307
			73.4385792828479	-34.0996019143307
			73.4822407449661	-34.0996019143307
			73.5259022070843	-34.1432633764489
			73.5695636692026	-34.1432633764489
			73.6132251313208	-34.1432633764489
			73.656886593439	-34.1432633764489
			73.7005480555572	-34.1432633764489
			73.7442095176754	-34.1869248385671
			73.7878709797937	-34.1869248385671
			73.8315324419119	-34.1869248385671
			73.8751939040301	-34.1869248385671
			73.9188553661483	-34.2305863006853
			73.9625168282665	-34.2305863006853
			74.0061782903848	-34.2305863006853
			74.049839752503	-34.2305863006853
			74.0935012146212	-34.2305863006853
			74.1371626767394	-34.2742477628036
			74.1808241388576	-34.2742477628036
			74.2244856009759	-34.2742477628036
			74.2681470630941	-34.3179092249218
			74.3118085252123	-34.3179092249218
			74.3554699873305	-34.3179092249218
			74.3991314494487	-34.3179092249218
			74.442792911567	-34.36157068704
			74.4864543736852	-34.36157068704
			74.5301158358034	-34.36157068704
			74.5737772979216	-34.36157068704
			74.6174387600399	-34.4052321491582
			74.6611002221581	-34.4052321491582
			74.7047616842763	-34.4052321491582
			74.7484231463945	-34.4052321491582
			74.7920846085127	-34.4488936112764
			74.835746070631	-34.4488936112764
			74.8794075327492	-34.4488936112764
			74.9230689948674	-34.4925550733947
			74.9667304569856	-34.4925550733947
			75.0103919191039	-34.4925550733947
			75.0540533812221	-34.5362165355129
			75.0977148433403	-34.5362165355129
			75.1413763054585	-34.5362165355129
			75.1850377675767	-34.5362165355129
			75.228699229695	-34.5798779976311
			75.2723606918132	-34.5798779976311
			75.3160221539314	-34.5798779976311
			75.3596836160496	-34.6235394597493
			75.4033450781678	-34.6235394597493
			75.4470065402861	-34.6235394597493
			75.4906680024043	-34.6672009218676
			75.5343294645225	-34.6672009218676
			75.5779909266407	-34.6672009218676
			75.6216523887589	-34.7108623839858
			75.6653138508772	-34.7108623839858
			75.7089753129954	-34.7108623839858
			75.7526367751136	-34.754523846104
			75.7962982372318	-34.754523846104
			75.83995969935	-34.754523846104
			75.8836211614683	-34.754523846104
			75.9272826235865	-34.7981853082222
			75.9709440857047	-34.7981853082222
			76.0146055478229	-34.8418467703404
			76.0582670099411	-34.8418467703404
			76.1019284720594	-34.8855082324587
			76.1455899341776	-34.8855082324587
			76.1892513962958	-34.8855082324587
			76.232912858414	-34.9291696945769
			76.2765743205323	-34.9291696945769
			76.3202357826505	-34.9291696945769
			76.3638972447687	-34.9728311566951
			76.4075587068869	-34.9728311566951
			76.4512201690051	-35.0164926188133
			76.4948816311234	-35.0164926188133
			76.5385430932416	-35.0601540809315
			76.5822045553598	-35.0601540809315
			76.625866017478	-35.0601540809315
			76.625866017478	-35.1038155430498
			76.6695274795962	-35.1038155430498
			76.7131889417145	-35.1038155430498
			76.7131889417145	-35.147477005168
			76.7568504038327	-35.147477005168
			76.8005118659509	-35.147477005168
			76.8441733280691	-35.1911384672862
			76.8878347901874	-35.1911384672862
			76.9314962523056	-35.2347999294044
			76.9751577144238	-35.2347999294044
			77.018819176542	-35.2784613915226
			77.0624806386602	-35.2784613915226
			77.1061421007785	-35.3221228536409
			77.1498035628967	-35.3221228536409
			77.1934650250149	-35.3657843157591
			77.2371264871331	-35.4094457778773
			77.2807879492513	-35.4094457778773
			77.3244494113696	-35.4531072399955
			77.3681108734878	-35.4531072399955
			77.411772335606	-35.4531072399955
			77.4554337977242	-35.4531072399955
			77.4554337977242	-35.4967687021138
			77.4990952598424	-35.4967687021138
			77.5427567219607	-35.4967687021138
			77.5427567219607	-35.540430164232
			77.5864181840789	-35.540430164232
			77.6300796461971	-35.540430164232
			77.6737411083153	-35.5840916263502
			77.7174025704335	-35.5840916263502
			77.7610640325518	-35.6277530884684
			77.80472549467	-35.6277530884684
			77.8483869567882	-35.6714145505866
			77.8920484189064	-35.6714145505866
			77.9357098810247	-35.7150760127049
			77.9793713431429	-35.7150760127049
			78.0230328052611	-35.7587374748231
			78.0666942673793	-35.8023989369413
			78.1103557294975	-35.8023989369413
			78.1540171916158	-35.8460603990595
			78.197678653734	-35.8460603990595
			78.2413401158522	-35.8897218611777
			78.2850015779704	-35.8897218611777
			78.3286630400886	-35.933383323296
			78.3286630400886	-35.9770447854142
			78.3723245022069	-35.9770447854142
			78.4159859643251	-36.0207062475324
			78.4596474264433	-36.0207062475324
			78.5033088885615	-36.0643677096506
			78.5469703506798	-36.1080291717688
			78.590631812798	-36.1080291717688
			78.6342932749162	-36.1516906338871
			78.6779547370344	-36.1953520960053
			78.7216161991526	-36.1953520960053
			78.7216161991526	-36.2390135581235
			78.7652776612709	-36.2826750202417
			78.8089391233891	-36.2826750202417
			78.8526005855073	-36.32633648236
			78.8962620476255	-36.3699979444782
			78.9399235097437	-36.3699979444782
			78.983584971862	-36.4136594065964
			79.0272464339802	-36.4573208687146
			79.0272464339802	-36.5009823308328
			79.0709078960984	-36.5009823308328
			79.1145693582166	-36.5446437929511
			79.1582308203349	-36.5883052550693
			79.2018922824531	-36.6319667171875
			79.2455537445713	-36.6756281793057
			79.2892152066895	-36.6756281793057
			79.2892152066895	-36.7192896414239
			79.3328766688077	-36.7629511035422
			79.376538130926	-36.8066125656604
			79.4201995930442	-36.8502740277786
			79.4638610551624	-36.8939354898968
			79.5075225172806	-36.8939354898968
			79.5075225172806	-36.937596952015
			79.5511839793988	-36.9812584141333
			79.5948454415171	-37.0249198762515
			79.6385069036353	-37.0685813383697
			79.6821683657535	-37.1122428004879
			79.7258298278717	-37.1559042626062
			79.7258298278717	-37.1995657247244
			79.7694912899899	-37.2432271868426
			79.8131527521082	-37.2868886489608
			79.8568142142264	-37.330550111079
			79.9004756763446	-37.330550111079
			79.9004756763446	-37.3742115731973
			79.9441371384628	-37.4178730353155
			79.987798600581	-37.4615344974337
			80.0314600626993	-37.5051959595519
			80.0751215248175	-37.5488574216701
			80.0751215248175	-37.5925188837884
			80.1187829869357	-37.6361803459066
			80.1624444490539	-37.6798418080248
			80.1624444490539	-37.723503270143
			80.2061059111722	-37.7671647322613
			80.2497673732904	-37.8108261943795
			80.2934288354086	-37.8544876564977
			80.2934288354086	-37.8981491186159
			80.3370902975268	-37.9418105807341
			80.3370902975268	-37.9854720428524
			80.380751759645	-37.9854720428524
			80.4244132217633	-38.0291335049706
			80.4244132217633	-38.0727949670888
			80.4680746838815	-38.116456429207
			80.4680746838815	-38.1601178913252
			80.5117361459997	-38.1601178913252
			80.5117361459997	-38.2037793534435
			80.5553976081179	-38.2474408155617
			80.5553976081179	-38.2911022776799
			80.5990590702362	-38.3347637397981
			80.6427205323544	-38.3784252019163
			80.6863819944726	-38.4220866640346
			80.6863819944726	-38.4657481261528
			80.7300434565908	-38.509409588271
			80.773704918709	-38.5530710503892
			80.773704918709	-38.5967325125075
			80.8173663808273	-38.6403939746257
			80.8173663808273	-38.6840554367439
			80.8610278429455	-38.7277168988621
			80.8610278429455	-38.7713783609803
			80.9046893050637	-38.7713783609803
			80.9046893050637	-38.8150398230986
			80.9046893050637	-38.8587012852168
			80.9483507671819	-38.8587012852168
			80.9483507671819	-38.902362747335
			80.9483507671819	-38.9460242094532
			80.9920122293001	-38.9460242094532
			80.9920122293001	-38.9896856715714
			81.0356736914184	-39.0333471336897
			81.0356736914184	-39.0770085958079
			81.0793351535366	-39.1206700579261
			81.0793351535366	-39.1643315200443
			81.1229966156548	-39.2079929821625
			81.1229966156548	-39.2516544442808
			81.166658077773	-39.2516544442808
			81.166658077773	-39.295315906399
			81.2103195398912	-39.3389773685172
			81.2103195398912	-39.3826388306354
			81.2539810020095	-39.4263002927537
			81.2539810020095	-39.4699617548719
			81.2976424641277	-39.5136232169901
			81.2976424641277	-39.5572846791083
			81.3413039262459	-39.6009461412265
			81.3413039262459	-39.6446076033448
			81.3849653883641	-39.688269065463
			81.3849653883641	-39.7319305275812
			81.4286268504823	-39.7755919896994
			81.4286268504823	-39.8192534518176
			81.4722883126006	-39.8629149139359
			81.4722883126006	-39.9065763760541
			81.5159497747188	-39.9502378381723
			81.5159497747188	-39.9938993002905
			81.559611236837	-40.0375607624087
			81.559611236837	-40.081222224527
			81.6032726989552	-40.1248836866452
			81.6032726989552	-40.1685451487634
			81.6032726989552	-40.2122066108816
			81.6469341610734	-40.2122066108816
			81.6469341610734	-40.2558680729999
			81.6469341610734	-40.2995295351181
			81.6905956231917	-40.3431909972363
			81.6905956231917	-40.3868524593545
			81.7342570853099	-40.4305139214727
			81.7342570853099	-40.474175383591
			81.7779185474281	-40.5178368457092
			81.7779185474281	-40.5614983078274
			81.7779185474281	-40.6051597699456
			81.8215800095463	-40.6488212320638
			81.8215800095463	-40.6924826941821
			81.8652414716646	-40.7361441563003
			81.8652414716646	-40.7798056184185
			81.9089029337828	-40.8234670805367
			81.9089029337828	-40.8671285426549
			81.9089029337828	-40.9107900047732
			81.952564395901	-40.9544514668914
			81.952564395901	-40.9981129290096
			81.9962258580192	-41.0417743911278
			81.9962258580192	-41.0854358532461
			81.9962258580192	-41.1290973153643
			82.0398873201374	-41.1727587774825
			82.0398873201374	-41.2164202396007
			82.0835487822557	-41.2600817017189
			82.0835487822557	-41.3037431638372
			82.0835487822557	-41.3474046259554
			82.1272102443739	-41.3910660880736
			82.1272102443739	-41.4347275501918
			82.1708717064921	-41.47838901231
			82.1708717064921	-41.5220504744283
			82.1708717064921	-41.5657119365465
			82.2145331686103	-41.6093733986647
			82.2145331686103	-41.6530348607829
			82.2581946307286	-41.6966963229011
			82.2581946307286	-41.7403577850194
			82.2581946307286	-41.7840192471376
			82.3018560928468	-41.8276807092558
			82.3018560928468	-41.871342171374
			82.3018560928468	-41.9150036334923
			82.345517554965	-41.9586650956105
			82.345517554965	-42.0023265577287
			82.3891790170832	-42.0023265577287
			82.3891790170832	-42.0459880198469
			82.4328404792014	-42.0459880198469
			82.4765019413197	-42.0896494819651
			82.5201634034379	-42.0896494819651
			82.5638248655561	-42.1333109440834
			82.6074863276743	-42.1769724062016
			82.6511477897925	-42.2206338683198
			82.6948092519108	-42.2206338683198
			82.738470714029	-42.264295330438
			82.7821321761472	-42.3079567925562
			82.8257936382654	-42.3516182546745
			82.8694551003836	-42.3516182546745
			82.9131165625019	-42.3952797167927
			82.9131165625019	-42.4389411789109
			82.9567780246201	-42.4389411789109
			83.0004394867383	-42.4826026410291
			83.0441009488565	-42.5262641031473
			83.0877624109747	-42.5699255652656
			83.131423873093	-42.6135870273838
			83.1750853352112	-42.657248489502
			83.2187467973294	-42.657248489502
			83.2187467973294	-42.7009099516202
			83.2624082594476	-42.7445714137385
			83.3060697215658	-42.7882328758567
			83.3497311836841	-42.8318943379749
			83.3497311836841	-42.8755558000931
			83.3933926458023	-42.9192172622113
			83.4370541079205	-42.9192172622113
			83.4807155700387	-42.9628787243296
			83.4807155700387	-43.0065401864478
			83.524377032157	-43.050201648566
			83.5680384942752	-43.0938631106842
			83.6116999563934	-43.1375245728024
			83.6116999563934	-43.1811860349207
			83.6553614185116	-43.2248474970389
			83.6990228806298	-43.2685089591571
			83.7426843427481	-43.3121704212753
			83.7426843427481	-43.3558318833935
			83.7863458048663	-43.3994933455118
			83.8300072669845	-43.44315480763
			83.8300072669845	-43.4868162697482
			83.8736687291027	-43.5304777318664
			83.917330191221	-43.5741391939847
			83.9609916533392	-43.6178006561029
			83.9609916533392	-43.6614621182211
			84.0046531154574	-43.7051235803393
			84.0046531154574	-43.7487850424575
			84.0483145775756	-43.7924465045758
			84.0483145775756	-43.836107966694
			84.0919760396938	-43.8797694288122
			84.1356375018121	-43.9234308909304
			84.1356375018121	-43.9670923530486
			84.1792989639303	-44.0107538151669
			84.1792989639303	-44.0544152772851
			84.2229604260485	-44.0980767394033
			84.2666218881667	-44.1417382015215
			84.2666218881667	-44.1853996636397
			84.3102833502849	-44.229061125758
			84.3102833502849	-44.2727225878762
			84.3539448124032	-44.3163840499944
			84.3539448124032	-44.3600455121126
			84.3976062745214	-44.4037069742309
			84.4412677366396	-44.4473684363491
			84.4412677366396	-44.4910298984673
			84.4849291987578	-44.5346913605855
			84.4849291987578	-44.5783528227037
			84.528590660876	-44.622014284822
			84.5722521229943	-44.6656757469402
			84.6159135851125	-44.7093372090584
			84.6595750472307	-44.7529986711766
			84.7032365093489	-44.7966601332948
			84.7468979714671	-44.8403215954131
			84.7905594335854	-44.8403215954131
			84.8342208957036	-44.8839830575313
			84.8778823578218	-44.9276445196495
			84.92154381994	-44.9713059817677
			84.9652052820582	-45.014967443886
			85.0088667441765	-45.014967443886
			85.0525282062947	-45.0586289060042
			85.0961896684129	-45.1022903681224
			85.1398511305311	-45.1022903681224
			85.1398511305311	-45.1459518302406
			85.1835125926494	-45.1896132923588
			85.2271740547676	-45.2332747544771
			85.2708355168858	-45.2332747544771
			85.2708355168858	-45.2769362165953
			85.314496979004	-45.3205976787135
			85.3581584411222	-45.3205976787135
			85.4018199032405	-45.3642591408317
			85.4018199032405	-45.4079206029499
			85.4454813653587	-45.4515820650682
			85.4891428274769	-45.4515820650682
			85.5328042895951	-45.4952435271864
			85.5328042895951	-45.5389049893046
			85.5764657517134	-45.5825664514228
			85.6201272138316	-45.5825664514228
			85.6201272138316	-45.626227913541
			85.6637886759498	-45.6698893756593
			85.707450138068	-45.7135508377775
			85.7511116001862	-45.7572122998957
			85.7947730623045	-45.8008737620139
			85.8384345244227	-45.8445352241322
			85.8384345244227	-45.8881966862504
			85.8820959865409	-45.9318581483686
			85.9257574486591	-45.9755196104868
			85.9694189107773	-46.019181072605
			85.9694189107773	-46.0628425347233
			86.0130803728956	-46.1065039968415
			86.0567418350138	-46.1501654589597
			86.100403297132	-46.1938269210779
			86.100403297132	-46.2374883831961
			86.1440647592502	-46.2811498453144
			86.1877262213685	-46.3248113074326
			86.1877262213685	-46.3684727695508
			86.2313876834867	-46.412134231669
			86.2750491456049	-46.4557956937872
			86.2750491456049	-46.4994571559055
			86.3187106077231	-46.5431186180237
			86.3623720698413	-46.5867800801419
			86.3623720698413	-46.6304415422601
			86.4060335319596	-46.6741030043784
			86.4060335319596	-46.7177644664966
			86.4496949940778	-46.7614259286148
			86.493356456196	-46.805087390733
			86.493356456196	-46.8487488528512
			86.493356456196	-46.8924103149695
			86.5370179183142	-46.8924103149695
			86.5370179183142	-46.9360717770877
			86.5370179183142	-46.9797332392059
			86.5806793804324	-46.9797332392059
			86.5806793804324	-47.0233947013241
			86.5806793804324	-47.0670561634423
			86.6243408425507	-47.0670561634423
			86.6243408425507	-47.1107176255606
			86.6243408425507	-47.1543790876788
			86.6680023046689	-47.1543790876788
			86.6680023046689	-47.198040549797
			86.6680023046689	-47.2417020119152
			86.6680023046689	-47.2853634740334
			86.7116637667871	-47.2853634740334
			86.7116637667871	-47.3290249361517
			86.7116637667871	-47.3726863982699
			86.7553252289053	-47.3726863982699
			86.7553252289053	-47.4163478603881
			86.7553252289053	-47.4600093225063
			86.7989866910235	-47.5036707846246
			86.7989866910235	-47.5473322467428
			86.7989866910235	-47.590993708861
			86.8426481531418	-47.6346551709792
			86.8426481531418	-47.6783166330974
			86.88630961526	-47.7219780952157
			86.88630961526	-47.7656395573339
			86.88630961526	-47.8093010194521
			86.9299710773782	-47.8529624815703
			86.9299710773782	-47.8966239436885
			86.9299710773782	-47.9402854058068
			86.9299710773782	-47.983946867925
			86.9736325394964	-47.983946867925
			86.9736325394964	-48.0276083300432
			86.9736325394964	-48.0712697921614
			86.9736325394964	-48.1149312542796
			87.0172940016146	-48.1585927163979
			87.0172940016146	-48.2022541785161
			87.0172940016146	-48.2459156406343
			87.0172940016146	-48.2895771027525
			87.0609554637329	-48.3332385648708
			87.0609554637329	-48.376900026989
			87.0609554637329	-48.4205614891072
			87.0609554637329	-48.4642229512254
			87.1046169258511	-48.5078844133436
			87.1046169258511	-48.5515458754619
			87.1046169258511	-48.5952073375801
			87.1046169258511	-48.6388687996983
			87.1046169258511	-48.6825302618165
			87.1482783879693	-48.7261917239347
			87.1482783879693	-48.769853186053
			87.1482783879693	-48.8135146481712
			87.1482783879693	-48.8571761102894
			87.1482783879693	-48.9008375724076
			87.1482783879693	-48.9444990345258
			87.1919398500875	-48.9881604966441
			87.1919398500875	-49.0318219587623
			87.1919398500875	-49.0754834208805
			87.1919398500875	-49.1191448829987
			87.1919398500875	-49.162806345117
			87.1919398500875	-49.2064678072352
			87.1919398500875	-49.2501292693534
			87.2356013122058	-49.2937907314716
			87.2356013122058	-49.3374521935898
			87.2356013122058	-49.3811136557081
			87.2356013122058	-49.4247751178263
			87.2356013122058	-49.4684365799445
		</c1>
		<c2 type=matrix rownames=FALSE colnames=FALSE nrow=937 ncol=2 as.numeric=TRUE >
			87.2356013122058	-49.4684365799445
			87.1919398500875	-49.4684365799445
			87.1482783879693	-49.4684365799445
			87.1046169258511	-49.4684365799445
			87.0609554637329	-49.4684365799445
			87.0172940016146	-49.4684365799445
			86.9736325394964	-49.4247751178263
			86.9299710773782	-49.4247751178263
			86.88630961526	-49.4247751178263
			86.8426481531418	-49.4247751178263
			86.7989866910235	-49.4247751178263
			86.7553252289053	-49.4247751178263
			86.7116637667871	-49.4247751178263
			86.6680023046689	-49.4247751178263
			86.6243408425507	-49.3811136557081
			86.5806793804324	-49.3811136557081
			86.5370179183142	-49.3811136557081
			86.493356456196	-49.3811136557081
			86.4496949940778	-49.3811136557081
			86.4060335319596	-49.3811136557081
			86.3623720698413	-49.3811136557081
			86.3187106077231	-49.3811136557081
			86.2750491456049	-49.3374521935898
			86.2313876834867	-49.3374521935898
			86.1877262213685	-49.3374521935898
			86.1440647592502	-49.3374521935898
			86.100403297132	-49.3374521935898
			86.0567418350138	-49.3374521935898
			86.0130803728956	-49.3374521935898
			85.9694189107773	-49.3374521935898
			85.9257574486591	-49.2937907314716
			85.8820959865409	-49.2937907314716
			85.8384345244227	-49.2937907314716
			85.7947730623045	-49.2937907314716
			85.7511116001862	-49.2937907314716
			85.707450138068	-49.2937907314716
			85.6637886759498	-49.2937907314716
			85.6201272138316	-49.2937907314716
			85.5764657517134	-49.2501292693534
			85.5328042895951	-49.2501292693534
			85.4891428274769	-49.2501292693534
			85.4454813653587	-49.2501292693534
			85.4018199032405	-49.2501292693534
			85.3581584411222	-49.2501292693534
			85.314496979004	-49.2501292693534
			85.2708355168858	-49.2501292693534
			85.2271740547676	-49.2064678072352
			85.1835125926494	-49.2064678072352
			85.1398511305311	-49.2064678072352
			85.0961896684129	-49.2064678072352
			85.0525282062947	-49.2064678072352
			85.0088667441765	-49.2064678072352
			84.9652052820582	-49.2064678072352
			84.92154381994	-49.2064678072352
			84.8778823578218	-49.162806345117
			84.8342208957036	-49.162806345117
			84.7905594335854	-49.162806345117
			84.7468979714671	-49.162806345117
			84.7032365093489	-49.162806345117
			84.6595750472307	-49.162806345117
			84.6159135851125	-49.162806345117
			84.5722521229943	-49.1191448829987
			84.528590660876	-49.1191448829987
			84.4849291987578	-49.1191448829987
			84.4412677366396	-49.1191448829987
			84.3976062745214	-49.1191448829987
			84.3539448124032	-49.1191448829987
			84.3102833502849	-49.1191448829987
			84.2666218881667	-49.1191448829987
			84.2229604260485	-49.1191448829987
			84.2229604260485	-49.0754834208805
			84.1792989639303	-49.0754834208805
			84.1356375018121	-49.0754834208805
			84.0919760396938	-49.0754834208805
			84.0483145775756	-49.0754834208805
			84.0046531154574	-49.0754834208805
			83.9609916533392	-49.0754834208805
			83.917330191221	-49.0318219587623
			83.8736687291027	-49.0318219587623
			83.8300072669845	-49.0318219587623
			83.7863458048663	-49.0318219587623
			83.7426843427481	-49.0318219587623
			83.6990228806298	-49.0318219587623
			83.6553614185116	-49.0318219587623
			83.6116999563934	-49.0318219587623
			83.5680384942752	-48.9881604966441
			83.524377032157	-48.9881604966441
			83.4807155700387	-48.9881604966441
			83.4370541079205	-48.9881604966441
			83.3933926458023	-48.9881604966441
			83.3497311836841	-48.9881604966441
			83.3060697215658	-48.9881604966441
			83.2624082594476	-48.9881604966441
			83.2187467973294	-48.9444990345258
			83.1750853352112	-48.9444990345258
			83.131423873093	-48.9444990345258
			83.0877624109747	-48.9444990345258
			83.0441009488565	-48.9444990345258
			83.0004394867383	-48.9444990345258
			82.9567780246201	-48.9444990345258
			82.9131165625019	-48.9008375724076
			82.8694551003836	-48.9008375724076
			82.8257936382654	-48.9008375724076
			82.7821321761472	-48.9008375724076
			82.738470714029	-48.9008375724076
			82.6948092519108	-48.9008375724076
			82.6511477897925	-48.9008375724076
			82.6074863276743	-48.9008375724076
			82.5638248655561	-48.8571761102894
			82.5201634034379	-48.8571761102894
			82.4765019413197	-48.8571761102894
			82.4328404792014	-48.8571761102894
			82.3891790170832	-48.8571761102894
			82.345517554965	-48.8571761102894
			82.3018560928468	-48.8571761102894
			82.2581946307286	-48.8135146481712
			82.2145331686103	-48.8135146481712
			82.1708717064921	-48.8135146481712
			82.1272102443739	-48.8135146481712
			82.0835487822557	-48.8135146481712
			82.0398873201374	-48.8135146481712
			81.9962258580192	-48.8135146481712
			81.952564395901	-48.8135146481712
			81.9089029337828	-48.8135146481712
			81.8652414716646	-48.8135146481712
			81.8215800095463	-48.8135146481712
			81.7779185474281	-48.8135146481712
			81.7342570853099	-48.8135146481712
			81.6905956231917	-48.8135146481712
			81.6469341610734	-48.8135146481712
			81.6032726989552	-48.8135146481712
			81.559611236837	-48.8135146481712
			81.5159497747188	-48.8135146481712
			81.4722883126006	-48.8135146481712
			81.4286268504823	-48.8135146481712
			81.3849653883641	-48.8135146481712
			81.3413039262459	-48.8135146481712
			81.2976424641277	-48.8135146481712
			81.2539810020095	-48.8135146481712
			81.2103195398912	-48.8135146481712
			81.166658077773	-48.8135146481712
			81.1229966156548	-48.8135146481712
			81.0793351535366	-48.8135146481712
			81.0356736914184	-48.8135146481712
			80.9920122293001	-48.8135146481712
			80.9483507671819	-48.8135146481712
			80.9046893050637	-48.8135146481712
			80.8610278429455	-48.8135146481712
			80.8173663808273	-48.8135146481712
			80.773704918709	-48.8135146481712
			80.7300434565908	-48.8135146481712
			80.6863819944726	-48.8135146481712
			80.6427205323544	-48.8135146481712
			80.5990590702362	-48.8135146481712
			80.5553976081179	-48.8135146481712
			80.5117361459997	-48.8135146481712
			80.4680746838815	-48.8135146481712
			80.4244132217633	-48.8135146481712
			80.380751759645	-48.8135146481712
			80.3370902975268	-48.8135146481712
			80.2934288354086	-48.8135146481712
			80.2497673732904	-48.8135146481712
			80.2061059111722	-48.8135146481712
			80.1624444490539	-48.8135146481712
			80.1187829869357	-48.8135146481712
			80.0751215248175	-48.8135146481712
			80.0314600626993	-48.769853186053
			79.987798600581	-48.769853186053
			79.9441371384628	-48.769853186053
			79.9004756763446	-48.769853186053
			79.8568142142264	-48.769853186053
			79.8131527521082	-48.769853186053
			79.7694912899899	-48.769853186053
			79.7258298278717	-48.769853186053
			79.6821683657535	-48.769853186053
			79.6385069036353	-48.769853186053
			79.5948454415171	-48.769853186053
			79.5511839793988	-48.769853186053
			79.5075225172806	-48.769853186053
			79.4638610551624	-48.769853186053
			79.4201995930442	-48.769853186053
			79.376538130926	-48.769853186053
			79.3328766688077	-48.769853186053
			79.2892152066895	-48.769853186053
			79.2455537445713	-48.769853186053
			79.2018922824531	-48.769853186053
			79.1582308203349	-48.769853186053
			79.1145693582166	-48.769853186053
			79.0709078960984	-48.7261917239347
			79.0272464339802	-48.7261917239347
			78.983584971862	-48.7261917239347
			78.9399235097437	-48.7261917239347
			78.8962620476255	-48.7261917239347
			78.8526005855073	-48.7261917239347
			78.8089391233891	-48.7261917239347
			78.7652776612709	-48.7261917239347
			78.7216161991526	-48.7261917239347
			78.6779547370344	-48.7261917239347
			78.6342932749162	-48.7261917239347
			78.590631812798	-48.7261917239347
			78.5469703506798	-48.7261917239347
			78.5033088885615	-48.7261917239347
			78.4596474264433	-48.7261917239347
			78.4159859643251	-48.7261917239347
			78.3723245022069	-48.6825302618165
			78.3286630400886	-48.6825302618165
			78.2850015779704	-48.6825302618165
			78.2413401158522	-48.6825302618165
			78.197678653734	-48.6825302618165
			78.1540171916158	-48.6825302618165
			78.1103557294975	-48.6825302618165
			78.0666942673793	-48.6825302618165
			78.0230328052611	-48.6825302618165
			77.9793713431429	-48.6825302618165
			77.9357098810247	-48.6825302618165
			77.8920484189064	-48.6388687996983
			77.8483869567882	-48.6388687996983
			77.80472549467	-48.6388687996983
			77.7610640325518	-48.6388687996983
			77.7174025704335	-48.6388687996983
			77.6737411083153	-48.6388687996983
			77.6300796461971	-48.6388687996983
			77.5864181840789	-48.6388687996983
			77.5427567219607	-48.6388687996983
			77.4990952598424	-48.6388687996983
			77.4554337977242	-48.5952073375801
			77.411772335606	-48.5952073375801
			77.3681108734878	-48.5952073375801
			77.3244494113696	-48.5952073375801
			77.2807879492513	-48.5952073375801
			77.2371264871331	-48.5952073375801
			77.1934650250149	-48.5952073375801
			77.1498035628967	-48.5952073375801
			77.1061421007785	-48.5952073375801
			77.0624806386602	-48.5515458754619
			77.018819176542	-48.5515458754619
			76.9751577144238	-48.5515458754619
			76.9314962523056	-48.5515458754619
			76.8878347901874	-48.5515458754619
			76.8441733280691	-48.5515458754619
			76.8005118659509	-48.5515458754619
			76.7568504038327	-48.5515458754619
			76.7131889417145	-48.5078844133436
			76.6695274795962	-48.5078844133436
			76.625866017478	-48.5078844133436
			76.5822045553598	-48.5078844133436
			76.5385430932416	-48.5078844133436
			76.4948816311234	-48.5078844133436
			76.4512201690051	-48.5078844133436
			76.4075587068869	-48.5078844133436
			76.3638972447687	-48.4642229512254
			76.3202357826505	-48.4642229512254
			76.2765743205323	-48.4642229512254
			76.232912858414	-48.4642229512254
			76.1892513962958	-48.4642229512254
			76.1455899341776	-48.4642229512254
			76.1019284720594	-48.4205614891072
			76.0582670099411	-48.4205614891072
			76.0146055478229	-48.4205614891072
			75.9709440857047	-48.4205614891072
			75.9272826235865	-48.4205614891072
			75.8836211614683	-48.4205614891072
			75.83995969935	-48.4205614891072
			75.7962982372318	-48.376900026989
			75.7526367751136	-48.376900026989
			75.7089753129954	-48.376900026989
			75.6653138508772	-48.376900026989
			75.6216523887589	-48.376900026989
			75.5779909266407	-48.376900026989
			75.5343294645225	-48.3332385648708
			75.4906680024043	-48.3332385648708
			75.4470065402861	-48.3332385648708
			75.4033450781678	-48.3332385648708
			75.3596836160496	-48.3332385648708
			75.3160221539314	-48.376900026989
			75.2723606918132	-48.376900026989
			75.228699229695	-48.376900026989
			75.1850377675767	-48.376900026989
			75.1413763054585	-48.376900026989
			75.0977148433403	-48.376900026989
			75.0540533812221	-48.376900026989
			75.0103919191039	-48.4205614891072
			74.9667304569856	-48.4205614891072
			74.9230689948674	-48.4205614891072
			74.8794075327492	-48.4205614891072
			74.835746070631	-48.4205614891072
			74.7920846085127	-48.4205614891072
			74.7484231463945	-48.4205614891072
			74.7047616842763	-48.4205614891072
			74.6611002221581	-48.4205614891072
			74.6174387600399	-48.4642229512254
			74.5737772979216	-48.4642229512254
			74.5301158358034	-48.4642229512254
			74.4864543736852	-48.4642229512254
			74.442792911567	-48.4642229512254
			74.3991314494487	-48.4642229512254
			74.3554699873305	-48.4642229512254
			74.3118085252123	-48.4642229512254
			74.2681470630941	-48.4642229512254
			74.2244856009759	-48.4642229512254
			74.1808241388576	-48.4642229512254
			74.1371626767394	-48.4642229512254
			74.0935012146212	-48.4642229512254
			74.049839752503	-48.4642229512254
			74.0061782903848	-48.4642229512254
			73.9625168282665	-48.4642229512254
			73.9188553661483	-48.4642229512254
			73.8751939040301	-48.4642229512254
			73.8315324419119	-48.4642229512254
			73.7878709797937	-48.4642229512254
			73.7442095176754	-48.4642229512254
			73.7005480555572	-48.4642229512254
			73.656886593439	-48.4642229512254
			73.6132251313208	-48.4642229512254
			73.5695636692026	-48.4642229512254
			73.5259022070843	-48.4642229512254
			73.4822407449661	-48.4642229512254
			73.4385792828479	-48.4642229512254
			73.3949178207297	-48.4642229512254
			73.3512563586115	-48.4642229512254
			73.3075948964932	-48.4642229512254
			73.263933434375	-48.4642229512254
			73.2202719722568	-48.4642229512254
			73.1766105101386	-48.4642229512254
			73.1329490480203	-48.4642229512254
			73.0892875859021	-48.4642229512254
			73.0456261237839	-48.4205614891072
			73.0019646616657	-48.4205614891072
			72.9583031995475	-48.4205614891072
			72.9146417374292	-48.4205614891072
			72.870980275311	-48.4205614891072
			72.8273188131928	-48.4205614891072
			72.7836573510746	-48.4205614891072
			72.7399958889563	-48.4205614891072
			72.6963344268381	-48.4205614891072
			72.6526729647199	-48.4205614891072
			72.6090115026017	-48.376900026989
			72.5653500404835	-48.376900026989
			72.5216885783652	-48.376900026989
			72.478027116247	-48.376900026989
			72.4343656541288	-48.376900026989
			72.3907041920106	-48.376900026989
			72.3470427298924	-48.376900026989
			72.3033812677741	-48.376900026989
			72.3033812677741	-48.3332385648708
			72.2597198056559	-48.3332385648708
			72.2160583435377	-48.3332385648708
			72.1723968814195	-48.3332385648708
			72.1287354193013	-48.3332385648708
			72.085073957183	-48.3332385648708
			72.0414124950648	-48.3332385648708
			71.9977510329466	-48.2895771027525
			71.9540895708284	-48.2895771027525
			71.9104281087101	-48.2895771027525
			71.8667666465919	-48.2895771027525
			71.8231051844737	-48.2895771027525
			71.7794437223555	-48.2895771027525
			71.7357822602373	-48.2895771027525
			71.692120798119	-48.2895771027525
			71.6484593360008	-48.2895771027525
			71.6047978738826	-48.2895771027525
			71.5611364117644	-48.2895771027525
			71.5174749496462	-48.2895771027525
			71.4738134875279	-48.2895771027525
			71.4301520254097	-48.2895771027525
			71.3864905632915	-48.2895771027525
			71.3428291011733	-48.2895771027525
			71.2991676390551	-48.2895771027525
			71.2555061769368	-48.2895771027525
			71.2118447148186	-48.2895771027525
			71.1681832527004	-48.2895771027525
			71.1245217905822	-48.2895771027525
			71.0808603284639	-48.2895771027525
			71.0371988663457	-48.2895771027525
			70.9935374042275	-48.2895771027525
			70.9498759421093	-48.2895771027525
			70.9062144799911	-48.2459156406343
			70.8625530178728	-48.2459156406343
			70.8188915557546	-48.2459156406343
			70.7752300936364	-48.2459156406343
			70.7315686315182	-48.2459156406343
			70.6879071694	-48.2459156406343
			70.6442457072817	-48.2459156406343
			70.6005842451635	-48.2459156406343
			70.5569227830453	-48.2459156406343
			70.5132613209271	-48.2459156406343
			70.4695998588088	-48.2459156406343
			70.4259383966906	-48.2459156406343
			70.3822769345724	-48.2459156406343
			70.3386154724542	-48.2459156406343
			70.294954010336	-48.2459156406343
			70.2512925482177	-48.2459156406343
			70.2076310860995	-48.2459156406343
			70.1639696239813	-48.2459156406343
			70.1203081618631	-48.2459156406343
			70.0766466997449	-48.2459156406343
			70.0329852376266	-48.2459156406343
			69.9893237755084	-48.2459156406343
			69.9456623133902	-48.2459156406343
			69.902000851272	-48.2459156406343
			69.8583393891538	-48.2459156406343
			69.8146779270355	-48.2459156406343
			69.7710164649173	-48.2459156406343
			69.7273550027991	-48.2459156406343
			69.6836935406809	-48.2459156406343
			69.6400320785627	-48.2459156406343
			69.5963706164444	-48.2459156406343
			69.5527091543262	-48.2459156406343
			69.509047692208	-48.2459156406343
			69.4653862300898	-48.2459156406343
			69.4217247679715	-48.2459156406343
			69.3780633058533	-48.2459156406343
			69.3344018437351	-48.2459156406343
			69.2907403816169	-48.2459156406343
			69.2470789194987	-48.2459156406343
			69.2034174573804	-48.2459156406343
			69.1597559952622	-48.2459156406343
			69.116094533144	-48.2459156406343
			69.0724330710258	-48.2022541785161
			69.0287716089076	-48.2022541785161
			68.9851101467893	-48.2022541785161
			68.9414486846711	-48.2022541785161
			68.8977872225529	-48.2022541785161
			68.8541257604347	-48.2022541785161
			68.8104642983164	-48.2022541785161
			68.7668028361982	-48.2022541785161
			68.72314137408	-48.2022541785161
			68.6794799119618	-48.2022541785161
			68.6358184498436	-48.2022541785161
			68.5921569877253	-48.2022541785161
			68.5484955256071	-48.2022541785161
			68.5048340634889	-48.2022541785161
			68.4611726013707	-48.2022541785161
			68.4175111392525	-48.2022541785161
			68.3738496771342	-48.2022541785161
			68.330188215016	-48.2022541785161
			68.2865267528978	-48.2022541785161
			68.2428652907796	-48.2022541785161
			68.1992038286614	-48.2022541785161
			68.1555423665431	-48.2022541785161
			68.1118809044249	-48.2022541785161
			68.0682194423067	-48.2022541785161
			68.0245579801885	-48.2022541785161
			67.9808965180703	-48.2022541785161
			67.937235055952	-48.2022541785161
			67.8935735938338	-48.2022541785161
			67.8499121317156	-48.2022541785161
			67.8062506695974	-48.2022541785161
			67.7625892074791	-48.2022541785161
			67.7189277453609	-48.2022541785161
			67.6752662832427	-48.2022541785161
			67.6316048211245	-48.2022541785161
			67.5879433590063	-48.2022541785161
			67.544281896888	-48.2022541785161
			67.5006204347698	-48.2022541785161
			67.4569589726516	-48.2022541785161
			67.4132975105334	-48.1585927163979
			67.3696360484152	-48.1585927163979
			67.3259745862969	-48.1585927163979
			67.2823131241787	-48.1585927163979
			67.2386516620605	-48.1585927163979
			67.1949901999423	-48.1585927163979
			67.151328737824	-48.1585927163979
			67.1076672757058	-48.1585927163979
			67.0640058135876	-48.1585927163979
			67.0203443514694	-48.1585927163979
			66.9766828893512	-48.1585927163979
			66.9330214272329	-48.1585927163979
			66.8893599651147	-48.1585927163979
			66.8456985029965	-48.1585927163979
			66.8020370408783	-48.1585927163979
			66.7583755787601	-48.1585927163979
			66.7147141166418	-48.1585927163979
			66.6710526545236	-48.1585927163979
			66.6273911924054	-48.1585927163979
			66.5837297302872	-48.1585927163979
			66.540068268169	-48.1585927163979
			66.4964068060507	-48.1585927163979
			66.4527453439325	-48.1585927163979
			66.4090838818143	-48.1585927163979
			66.3654224196961	-48.1585927163979
			66.3217609575779	-48.1585927163979
			66.2780994954596	-48.1585927163979
			66.2344380333414	-48.1585927163979
			66.1907765712232	-48.1585927163979
			66.147115109105	-48.1585927163979
			66.1034536469867	-48.1585927163979
			66.0597921848685	-48.1585927163979
			66.0161307227503	-48.1585927163979
			65.9724692606321	-48.1585927163979
			65.9288077985139	-48.1585927163979
			65.8851463363956	-48.1149312542796
			65.8414848742774	-48.1149312542796
			65.7978234121592	-48.1149312542796
			65.754161950041	-48.1149312542796
			65.7105004879228	-48.1149312542796
			65.6668390258045	-48.1149312542796
			65.6231775636863	-48.1149312542796
			65.5795161015681	-48.1149312542796
			65.5358546394499	-48.1149312542796
			65.4921931773316	-48.1149312542796
			65.4485317152134	-48.1149312542796
			65.4048702530952	-48.1149312542796
			65.361208790977	-48.1149312542796
			65.3175473288588	-48.1149312542796
			65.2738858667405	-48.1149312542796
			65.2302244046223	-48.1149312542796
			65.1865629425041	-48.1149312542796
			65.1429014803859	-48.1149312542796
			65.0992400182677	-48.1149312542796
			65.0555785561494	-48.1149312542796
			65.0119170940312	-48.1149312542796
			64.968255631913	-48.1149312542796
			64.9245941697948	-48.1149312542796
			64.8809327076765	-48.1149312542796
			64.8372712455583	-48.1149312542796
			64.7936097834401	-48.1149312542796
			64.7499483213219	-48.1149312542796
			64.7062868592037	-48.1149312542796
			64.6626253970854	-48.1149312542796
			64.6189639349672	-48.1149312542796
			64.575302472849	-48.1149312542796
			64.5316410107308	-48.1149312542796
			64.4879795486126	-48.1149312542796
			64.4443180864943	-48.1149312542796
			64.4006566243761	-48.0712697921614
			64.3569951622579	-48.0712697921614
			64.3133337001397	-48.0712697921614
			64.2696722380215	-48.0712697921614
			64.2260107759032	-48.0712697921614
			64.182349313785	-48.0712697921614
			64.1386878516668	-48.0712697921614
			64.0950263895486	-48.0712697921614
			64.0513649274304	-48.0712697921614
			64.0077034653121	-48.0712697921614
			63.9640420031939	-48.0712697921614
			63.9203805410757	-48.0712697921614
			63.8767190789575	-48.0712697921614
			63.8330576168392	-48.0712697921614
			63.789396154721	-48.0712697921614
			63.7457346926028	-48.0712697921614
			63.7020732304846	-48.0712697921614
			63.6584117683664	-48.0712697921614
			63.6147503062481	-48.0712697921614
			63.5710888441299	-48.0712697921614
			63.5274273820117	-48.0712697921614
			63.4837659198935	-48.0712697921614
			63.4401044577753	-48.0712697921614
			63.396442995657	-48.0712697921614
			63.3527815335388	-48.0712697921614
			63.3091200714206	-48.0712697921614
			63.2654586093024	-48.0712697921614
			63.2217971471841	-48.0712697921614
			63.1781356850659	-48.0712697921614
			63.1344742229477	-48.0712697921614
			63.0908127608295	-48.0712697921614
			63.0471512987113	-48.0712697921614
			63.003489836593	-48.0712697921614
			62.9598283744748	-48.0712697921614
			62.9161669123566	-48.0712697921614
			62.8725054502384	-48.0712697921614
			62.8288439881202	-48.0712697921614
			62.7851825260019	-48.0712697921614
			62.7415210638837	-48.0712697921614
			62.6978596017655	-48.0712697921614
			62.6541981396473	-48.0712697921614
			62.6105366775291	-48.0712697921614
			62.5668752154108	-48.0712697921614
			62.5232137532926	-48.0712697921614
			62.4795522911744	-48.0712697921614
			62.4358908290562	-48.0712697921614
			62.3922293669379	-48.0712697921614
			62.3485679048197	-48.0712697921614
			62.3049064427015	-48.0712697921614
			62.2612449805833	-48.0712697921614
			62.2175835184651	-48.0712697921614
			62.1739220563468	-48.0712697921614
			62.1302605942286	-48.0712697921614
			62.0865991321104	-48.0712697921614
			62.0429376699922	-48.0712697921614
			61.999276207874	-48.0712697921614
			61.9556147457557	-48.0712697921614
			61.9119532836375	-48.0712697921614
			61.8682918215193	-48.0712697921614
			61.8246303594011	-48.0712697921614
			61.7809688972829	-48.0712697921614
			61.7373074351646	-48.0712697921614
			61.6936459730464	-48.0712697921614
			61.6499845109282	-48.0712697921614
			61.60632304881	-48.0712697921614
			61.5626615866917	-48.0712697921614
			61.5190001245735	-48.0712697921614
			61.4753386624553	-48.0712697921614
			61.4316772003371	-48.0712697921614
			61.3880157382189	-48.0712697921614
			61.3443542761006	-48.0712697921614
			61.3006928139824	-48.0712697921614
			61.2570313518642	-48.0712697921614
			61.213369889746	-48.0712697921614
			61.1697084276278	-48.0712697921614
			61.1260469655095	-48.0712697921614
			61.0823855033913	-48.0712697921614
			61.0387240412731	-48.0712697921614
			60.9950625791549	-48.0712697921614
			60.9514011170367	-48.0712697921614
			60.9077396549184	-48.0712697921614
			60.8640781928002	-48.0712697921614
			60.820416730682	-48.0712697921614
			60.7767552685638	-48.0712697921614
			60.7330938064455	-48.0712697921614
			60.6894323443273	-48.0712697921614
			60.6457708822091	-48.0712697921614
			60.6021094200909	-48.0712697921614
			60.5584479579727	-48.1149312542796
			60.5147864958544	-48.1149312542796
			60.4711250337362	-48.1149312542796
			60.427463571618	-48.1149312542796
			60.3838021094998	-48.1149312542796
			60.3401406473816	-48.1149312542796
			60.2964791852633	-48.1149312542796
			60.2528177231451	-48.1149312542796
			60.2091562610269	-48.1149312542796
			60.1654947989087	-48.1149312542796
			60.1218333367905	-48.1149312542796
			60.0781718746722	-48.1149312542796
			60.034510412554	-48.1149312542796
			59.9908489504358	-48.1149312542796
			59.9471874883176	-48.1149312542796
			59.9035260261993	-48.1149312542796
			59.8598645640811	-48.1149312542796
			59.8162031019629	-48.1149312542796
			59.7725416398447	-48.1149312542796
			59.7288801777265	-48.1149312542796
			59.6852187156082	-48.1149312542796
			59.64155725349	-48.1149312542796
			59.5978957913718	-48.1149312542796
			59.5542343292536	-48.1149312542796
			59.5105728671354	-48.1149312542796
			59.4669114050171	-48.1149312542796
			59.4232499428989	-48.1149312542796
			59.3795884807807	-48.1149312542796
			59.3359270186625	-48.1149312542796
			59.2922655565443	-48.1149312542796
			59.248604094426	-48.1149312542796
			59.2049426323078	-48.1149312542796
			59.1612811701896	-48.1149312542796
			59.1176197080714	-48.1149312542796
			59.0739582459531	-48.1149312542796
			59.0302967838349	-48.1149312542796
			58.9866353217167	-48.1149312542796
			58.9429738595985	-48.1149312542796
			58.8993123974803	-48.1149312542796
			58.855650935362	-48.1149312542796
			58.8119894732438	-48.1149312542796
			58.7683280111256	-48.1149312542796
			58.7246665490074	-48.1149312542796
			58.6810050868892	-48.1149312542796
			58.6373436247709	-48.1149312542796
			58.5936821626527	-48.1149312542796
			58.5500207005345	-48.1149312542796
			58.5063592384163	-48.1149312542796
			58.4626977762981	-48.1149312542796
			58.4190363141798	-48.1149312542796
			58.3753748520616	-48.1149312542796
			58.3317133899434	-48.1149312542796
			58.2880519278252	-48.1149312542796
			58.2443904657069	-48.1149312542796
			58.2007290035887	-48.1149312542796
			58.1570675414705	-48.1149312542796
			58.1134060793523	-48.1149312542796
			58.0697446172341	-48.1149312542796
			58.0260831551158	-48.1149312542796
			57.9824216929976	-48.1149312542796
			57.9387602308794	-48.1149312542796
			57.8950987687612	-48.1585927163979
			57.851437306643	-48.1585927163979
			57.8077758445247	-48.1585927163979
			57.7641143824065	-48.1585927163979
			57.7204529202883	-48.1585927163979
			57.6767914581701	-48.1585927163979
			57.6331299960518	-48.1585927163979
			57.5894685339336	-48.1585927163979
			57.5458070718154	-48.1585927163979
			57.5021456096972	-48.1585927163979
			57.458484147579	-48.1585927163979
			57.4148226854607	-48.1585927163979
			57.3711612233425	-48.1585927163979
			57.3274997612243	-48.1585927163979
			57.2838382991061	-48.1585927163979
			57.2401768369879	-48.1585927163979
			57.1965153748696	-48.1585927163979
			57.1528539127514	-48.1585927163979
			57.1091924506332	-48.1585927163979
			57.065530988515	-48.1585927163979
			57.0218695263968	-48.1585927163979
			56.9782080642785	-48.1585927163979
			56.9345466021603	-48.1585927163979
			56.8908851400421	-48.1585927163979
			56.8472236779239	-48.1585927163979
			56.8035622158056	-48.1585927163979
			56.7599007536874	-48.1585927163979
			56.7162392915692	-48.1585927163979
			56.672577829451	-48.1585927163979
			56.6289163673328	-48.1585927163979
			56.5852549052145	-48.1585927163979
			56.5415934430963	-48.1585927163979
			56.4979319809781	-48.1585927163979
			56.4542705188599	-48.1585927163979
			56.4106090567417	-48.1585927163979
			56.3669475946234	-48.1585927163979
			56.3232861325052	-48.1585927163979
			56.279624670387	-48.1585927163979
			56.2359632082688	-48.1585927163979
			56.1923017461506	-48.1585927163979
			56.1486402840323	-48.1585927163979
			56.1049788219141	-48.1585927163979
			56.0613173597959	-48.1585927163979
			56.0176558976777	-48.1585927163979
			55.9739944355594	-48.1585927163979
			55.9303329734412	-48.1585927163979
			55.886671511323	-48.1585927163979
			55.8430100492048	-48.2022541785161
			55.7993485870866	-48.2022541785161
			55.7556871249683	-48.2022541785161
			55.7120256628501	-48.2022541785161
			55.6683642007319	-48.2022541785161
			55.6247027386137	-48.2022541785161
			55.5810412764955	-48.2022541785161
			55.5373798143772	-48.2022541785161
			55.493718352259	-48.2022541785161
			55.4500568901408	-48.2022541785161
			55.4063954280226	-48.2022541785161
			55.3627339659044	-48.2022541785161
			55.3190725037861	-48.2022541785161
			55.2754110416679	-48.2022541785161
			55.2317495795497	-48.2022541785161
			55.1880881174315	-48.2022541785161
			55.1444266553132	-48.2022541785161
			55.100765193195	-48.2022541785161
			55.0571037310768	-48.2022541785161
			55.0134422689586	-48.2022541785161
			54.9697808068404	-48.2022541785161
			54.9261193447221	-48.2022541785161
			54.8824578826039	-48.2022541785161
			54.8387964204857	-48.2022541785161
			54.7951349583675	-48.2022541785161
			54.7514734962493	-48.2022541785161
			54.707812034131	-48.2022541785161
			54.6641505720128	-48.2022541785161
			54.6204891098946	-48.2022541785161
			54.5768276477764	-48.2022541785161
			54.5331661856582	-48.2022541785161
			54.4895047235399	-48.2022541785161
			54.4458432614217	-48.2022541785161
			54.4021817993035	-48.2459156406343
			54.3585203371853	-48.2459156406343
			54.314858875067	-48.2459156406343
			54.2711974129488	-48.2459156406343
			54.2275359508306	-48.2459156406343
			54.1838744887124	-48.2459156406343
			54.1402130265942	-48.2459156406343
			54.0965515644759	-48.2459156406343
			54.0528901023577	-48.2459156406343
			54.0092286402395	-48.2459156406343
			53.9655671781213	-48.2459156406343
			53.9219057160031	-48.2459156406343
			53.8782442538848	-48.2459156406343
			53.8345827917666	-48.2459156406343
			53.7909213296484	-48.2459156406343
			53.7472598675302	-48.2459156406343
			53.703598405412	-48.2459156406343
			53.6599369432937	-48.2459156406343
			53.6162754811755	-48.2459156406343
			53.5726140190573	-48.2459156406343
			53.5289525569391	-48.2459156406343
			53.5289525569391	-48.2895771027525
			53.4852910948208	-48.2895771027525
			53.4416296327026	-48.2895771027525
			53.3979681705844	-48.2895771027525
			53.3543067084662	-48.2895771027525
			53.310645246348	-48.2895771027525
			53.2669837842297	-48.2895771027525
			53.2233223221115	-48.2895771027525
			53.1796608599933	-48.2895771027525
			53.1359993978751	-48.2895771027525
			53.0923379357569	-48.2895771027525
			53.0486764736386	-48.2895771027525
			53.0050150115204	-48.2895771027525
			52.9613535494022	-48.2895771027525
			52.917692087284	-48.2895771027525
			52.8740306251658	-48.2895771027525
			52.8303691630475	-48.2895771027525
			52.7867077009293	-48.3332385648708
			52.7430462388111	-48.3332385648708
			52.6993847766929	-48.3332385648708
			52.6557233145746	-48.3332385648708
			52.6120618524564	-48.3332385648708
			52.5684003903382	-48.3332385648708
			52.52473892822	-48.3332385648708
			52.4810774661018	-48.3332385648708
			52.4374160039835	-48.3332385648708
			52.3937545418653	-48.3332385648708
			52.3500930797471	-48.3332385648708
			52.3064316176289	-48.3332385648708
			52.2627701555107	-48.3332385648708
			52.2191086933924	-48.3332385648708
			52.1754472312742	-48.376900026989
			52.131785769156	-48.376900026989
			52.0881243070378	-48.376900026989
			52.0444628449196	-48.376900026989
			52.0008013828013	-48.376900026989
			51.9571399206831	-48.376900026989
			51.9134784585649	-48.376900026989
			51.8698169964467	-48.376900026989
			51.8261555343284	-48.376900026989
			51.7824940722102	-48.376900026989
			51.738832610092	-48.376900026989
			51.6951711479738	-48.376900026989
			51.6515096858556	-48.376900026989
			51.6078482237373	-48.4205614891072
			51.5641867616191	-48.4205614891072
			51.5205252995009	-48.4205614891072
			51.4768638373827	-48.4205614891072
			51.4332023752645	-48.4205614891072
			51.3895409131462	-48.4205614891072
			51.345879451028	-48.4205614891072
			51.3022179889098	-48.4205614891072
			51.2585565267916	-48.4205614891072
			51.2148950646733	-48.4205614891072
			51.1712336025551	-48.4205614891072
			51.1275721404369	-48.4205614891072
			51.0839106783187	-48.4642229512254
			51.0402492162005	-48.4642229512254
			50.9965877540822	-48.4642229512254
			50.952926291964	-48.4642229512254
			50.9092648298458	-48.4642229512254
			50.8656033677276	-48.4642229512254
			50.8219419056094	-48.4642229512254
			50.7782804434911	-48.4642229512254
			50.7346189813729	-48.4642229512254
			50.6909575192547	-48.4642229512254
			50.6472960571365	-48.4642229512254
			50.6036345950182	-48.5078844133436
			50.5599731329	-48.5078844133436
			50.5163116707818	-48.5078844133436
			50.4726502086636	-48.5078844133436
			50.4289887465454	-48.5078844133436
			50.3853272844271	-48.5078844133436
			50.3416658223089	-48.5078844133436
			50.2980043601907	-48.5078844133436
			50.2543428980725	-48.5078844133436
			50.2106814359543	-48.5078844133436
			50.167019973836	-48.5515458754619
			50.1233585117178	-48.5515458754619
			50.0796970495996	-48.5515458754619
			50.0360355874814	-48.5515458754619
			49.9923741253632	-48.5515458754619
			49.9487126632449	-48.5515458754619
			49.9050512011267	-48.5515458754619
			49.8613897390085	-48.5515458754619
			49.8177282768903	-48.5515458754619
			49.774066814772	-48.5515458754619
			49.7304053526538	-48.5515458754619
			49.7304053526538	-48.5952073375801
			49.6867438905356	-48.5952073375801
			49.6430824284174	-48.5952073375801
			49.5994209662992	-48.5952073375801
			49.5557595041809	-48.5952073375801
			49.5120980420627	-48.5952073375801
			49.4684365799445	-48.5952073375801
			49.4247751178263	-48.5952073375801
			49.3811136557081	-48.5952073375801
			49.3374521935898	-48.5952073375801
			49.2937907314716	-48.6388687996983
			49.2501292693534	-48.6388687996983
			49.2064678072352	-48.6388687996983
			49.162806345117	-48.6388687996983
			49.1191448829987	-48.6388687996983
			49.0754834208805	-48.6388687996983
			49.0318219587623	-48.6825302618165
			48.9881604966441	-48.6825302618165
			48.9444990345258	-48.7261917239347
			48.9008375724076	-48.7261917239347
			48.8571761102894	-48.769853186053
			48.8135146481712	-48.769853186053
			48.769853186053	-48.8135146481712
			48.7261917239347	-48.8135146481712
			48.6825302618165	-48.8571761102894
			48.6388687996983	-48.8571761102894
			48.5952073375801	-48.8571761102894
			48.5515458754619	-48.9008375724076
			48.5078844133436	-48.9008375724076
			48.4642229512254	-48.9444990345258
			48.4205614891072	-48.9444990345258
			48.376900026989	-48.9881604966441
			48.3332385648708	-48.9881604966441
			48.2895771027525	-49.0318219587623
			48.2459156406343	-49.0318219587623
			48.2022541785161	-49.0318219587623
			48.1585927163979	-49.0754834208805
			48.1149312542796	-49.0754834208805
			48.0712697921614	-49.1191448829987
			48.0276083300432	-49.1191448829987
			47.983946867925	-49.1191448829987
			47.9402854058068	-49.162806345117
			47.8966239436885	-49.162806345117
			47.8529624815703	-49.2064678072352
			47.8093010194521	-49.2064678072352
			47.7656395573339	-49.2064678072352
			47.7656395573339	-49.2501292693534
			47.7219780952157	-49.2501292693534
			47.6783166330974	-49.2501292693534
			47.6346551709792	-49.2501292693534
			47.6346551709792	-49.2937907314716
			47.590993708861	-49.2937907314716
			47.5473322467428	-49.2937907314716
			47.5036707846246	-49.2937907314716
			47.5036707846246	-49.3374521935898
			47.4600093225063	-49.3374521935898
			47.4163478603881	-49.3374521935898
			47.3726863982699	-49.3811136557081
			47.3290249361517	-49.3811136557081
			47.2853634740334	-49.3811136557081
			47.2417020119152	-49.3811136557081
			47.198040549797	-49.4247751178263
			47.1543790876788	-49.4247751178263
			47.1107176255606	-49.4247751178263
			47.0670561634423	-49.4684365799445
			47.0233947013241	-49.4684365799445
			46.9797332392059	-49.4684365799445
			46.9360717770877	-49.4684365799445
			46.8924103149695	-49.5120980420627
			46.8487488528512	-49.5120980420627
			46.805087390733	-49.5120980420627
			46.7614259286148	-49.5120980420627
			46.7177644664966	-49.5120980420627
			46.6741030043784	-49.5120980420627
		</c2>
	</curves.scaled>
	<ruler.points type=matrix rownames=TRUE colnames=FALSE nrow=2 ncol=2 as.numeric=TRUE >
		Ruler point 1	2065	310
		Ruler point 2	2294	306
	</ruler.points>
</shapes>

