<shapes type=list>
	<ruler.pixel type=vector names=FALSE length=1 as.numeric=TRUE >229.034931833552</ruler.pixel>
	<ruler.interval type=vector names=FALSE length=1 as.numeric=TRUE >10</ruler.interval>
	<scaling.units type=vector names=FALSE length=1 as.numeric=FALSE >undefined</scaling.units>
	<scaling type=vector names=FALSE length=1 as.numeric=TRUE >0.0436614621182211</scaling>
	<landmarks.pixel type=matrix rownames=TRUE colnames=FALSE nrow=2 ncol=2 as.numeric=TRUE >
		LM1	928	1097
		LM2	2115	1118
	</landmarks.pixel>
	<landmarks.scaled type=matrix rownames=TRUE colnames=FALSE nrow=2 ncol=2 as.numeric=TRUE >
		LM1	40.5178368457092	-47.8966239436885
		LM2	92.3439923800376	-48.8135146481712
	</landmarks.scaled>
	<curves.control type=list>
		<c1 type=matrix rownames=FALSE colnames=FALSE nrow=13 ncol=2 as.numeric=TRUE >
			928	1097
			950	1053
			975	1037
			1254	720
			1421	641
			1509	581
			1589	613
			1793	582
			1898	713
			1950	730
			2030	880
			2108	1016
			2115	1118
		</c1>
		<c2 type=matrix rownames=FALSE colnames=FALSE nrow=15 ncol=2 as.numeric=TRUE >
			2115	1118
			2049	1092
			1975	1087
			1883	1097
			1817	1084
			1712	1073
			1620	1071
			1533	1074
			1451	1079
			1380	1085
			1315	1078
			1181	1083
			1140	1089
			1071	1070
			928	1097
		</c2>
	</curves.control>
	<curves.pixel type=list>
		<c1 type=matrix rownames=FALSE colnames=FALSE nrow=1510 ncol=2 as.numeric=TRUE >
			928	1097
			928	1096
			929	1096
			929	1095
			929	1094
			930	1094
			930	1093
			931	1092
			931	1091
			932	1090
			932	1089
			933	1088
			933	1087
			934	1086
			935	1085
			935	1084
			935	1083
			936	1082
			936	1081
			937	1081
			937	1080
			938	1079
			938	1078
			939	1077
			940	1076
			940	1075
			941	1074
			941	1073
			942	1072
			943	1071
			944	1070
			944	1069
			945	1068
			946	1067
			946	1066
			947	1065
			948	1064
			949	1063
			949	1062
			950	1061
			951	1060
			951	1059
			952	1058
			953	1058
			953	1057
			954	1056
			955	1055
			956	1054
			956	1053
			957	1053
			958	1052
			958	1051
			959	1050
			960	1050
			961	1049
			961	1048
			962	1047
			963	1047
			963	1046
			964	1045
			965	1045
			966	1044
			966	1043
			967	1043
			968	1042
			969	1042
			969	1041
			970	1040
			971	1040
			972	1039
			973	1038
			974	1037
			975	1037
			976	1036
			977	1035
			978	1034
			978	1033
			979	1032
			980	1032
			981	1031
			981	1030
			982	1029
			983	1028
			984	1027
			984	1026
			985	1025
			986	1025
			987	1024
			988	1023
			988	1022
			989	1021
			990	1020
			991	1019
			991	1018
			992	1018
			993	1017
			994	1016
			994	1015
			995	1014
			996	1013
			997	1012
			998	1012
			998	1011
			999	1010
			1000	1009
			1001	1008
			1001	1007
			1002	1006
			1003	1006
			1004	1005
			1004	1004
			1005	1003
			1006	1002
			1007	1001
			1008	1000
			1009	999
			1010	998
			1011	997
			1012	996
			1013	995
			1014	994
			1015	993
			1015	992
			1016	991
			1017	990
			1018	989
			1019	988
			1020	987
			1021	986
			1022	985
			1023	984
			1024	983
			1024	982
			1025	981
			1026	980
			1027	979
			1028	978
			1029	977
			1030	976
			1031	975
			1032	974
			1033	973
			1033	972
			1034	971
			1035	970
			1036	969
			1037	968
			1038	967
			1039	966
			1040	965
			1041	964
			1041	963
			1042	962
			1043	961
			1044	960
			1045	959
			1046	958
			1047	957
			1048	956
			1049	956
			1049	955
			1050	954
			1051	953
			1052	952
			1053	951
			1054	950
			1055	949
			1056	948
			1056	947
			1057	946
			1058	945
			1059	944
			1060	943
			1061	942
			1062	941
			1063	940
			1064	939
			1065	938
			1066	937
			1067	936
			1068	935
			1069	934
			1070	933
			1070	932
			1071	931
			1072	931
			1073	930
			1073	929
			1074	928
			1075	927
			1076	927
			1076	926
			1077	925
			1078	924
			1079	923
			1080	922
			1081	921
			1082	920
			1083	919
			1084	918
			1085	917
			1085	916
			1086	915
			1087	914
			1088	913
			1089	913
			1090	912
			1091	911
			1092	910
			1093	909
			1093	908
			1094	907
			1095	906
			1096	905
			1097	904
			1098	903
			1099	902
			1100	902
			1100	901
			1101	900
			1102	899
			1103	898
			1104	897
			1105	896
			1106	895
			1107	894
			1107	893
			1108	893
			1109	892
			1110	891
			1111	890
			1112	889
			1113	888
			1113	887
			1114	886
			1115	885
			1116	885
			1117	884
			1118	883
			1119	882
			1120	881
			1120	880
			1121	879
			1122	879
			1123	878
			1124	877
			1125	876
			1126	875
			1126	874
			1127	873
			1128	872
			1129	872
			1130	871
			1131	870
			1132	869
			1132	868
			1133	867
			1134	866
			1135	866
			1136	865
			1137	864
			1137	863
			1138	862
			1139	861
			1140	861
			1141	860
			1142	859
			1143	858
			1143	857
			1144	856
			1145	856
			1146	855
			1147	854
			1148	853
			1148	852
			1149	851
			1150	851
			1151	850
			1152	849
			1153	848
			1153	847
			1154	847
			1155	846
			1156	845
			1157	844
			1158	843
			1158	842
			1159	842
			1160	841
			1161	840
			1162	839
			1163	838
			1164	837
			1165	836
			1166	835
			1167	834
			1168	833
			1169	832
			1170	831
			1171	830
			1172	829
			1173	828
			1174	827
			1175	826
			1176	826
			1177	825
			1178	824
			1179	823
			1180	822
			1181	821
			1182	820
			1183	819
			1184	818
			1185	817
			1186	816
			1187	815
			1188	815
			1189	814
			1190	813
			1191	812
			1192	811
			1192	810
			1193	809
			1194	808
			1195	807
			1196	806
			1197	806
			1198	805
			1199	804
			1200	803
			1201	802
			1202	801
			1203	800
			1204	799
			1205	799
			1206	798
			1207	797
			1208	796
			1209	795
			1210	794
			1211	793
			1212	793
			1212	792
			1213	791
			1214	790
			1215	789
			1216	788
			1217	787
			1218	787
			1219	786
			1220	785
			1221	784
			1222	783
			1223	782
			1224	782
			1225	781
			1226	780
			1226	779
			1227	778
			1228	777
			1229	777
			1230	776
			1231	775
			1232	774
			1233	773
			1234	773
			1235	772
			1236	771
			1237	770
			1238	769
			1239	768
			1240	767
			1241	766
			1242	766
			1242	765
			1243	765
			1244	764
			1244	763
			1245	763
			1246	762
			1247	761
			1248	760
			1249	759
			1250	759
			1251	758
			1251	757
			1252	757
			1253	756
			1254	755
			1255	755
			1255	754
			1256	753
			1257	753
			1258	752
			1259	751
			1260	750
			1261	749
			1262	749
			1263	748
			1264	747
			1265	746
			1266	745
			1267	745
			1267	744
			1268	743
			1269	742
			1270	742
			1271	741
			1272	740
			1273	739
			1274	739
			1275	738
			1276	737
			1277	737
			1277	736
			1278	735
			1279	734
			1280	734
			1281	733
			1282	732
			1283	731
			1284	731
			1285	730
			1286	729
			1287	728
			1288	727
			1289	726
			1290	726
			1291	725
			1292	724
			1293	723
			1294	723
			1295	722
			1296	721
			1297	720
			1298	719
			1299	719
			1300	718
			1301	717
			1302	717
			1303	716
			1303	715
			1304	715
			1305	714
			1306	713
			1307	713
			1308	712
			1309	711
			1310	711
			1311	710
			1312	709
			1313	708
			1314	707
			1315	707
			1316	706
			1317	705
			1318	704
			1319	704
			1320	703
			1321	703
			1321	702
			1322	701
			1323	701
			1324	700
			1325	699
			1326	699
			1327	698
			1328	697
			1329	697
			1330	696
			1331	695
			1332	694
			1333	693
			1334	693
			1335	692
			1336	691
			1337	691
			1338	690
			1339	689
			1340	689
			1340	688
			1341	688
			1342	687
			1343	687
			1344	686
			1345	685
			1346	685
			1347	684
			1348	683
			1349	683
			1350	682
			1351	682
			1351	681
			1352	680
			1353	680
			1354	679
			1355	679
			1356	678
			1357	677
			1358	677
			1359	676
			1360	676
			1360	675
			1361	675
			1362	674
			1363	673
			1364	673
			1365	672
			1366	672
			1367	671
			1368	671
			1368	670
			1369	669
			1370	669
			1371	668
			1372	668
			1373	667
			1374	667
			1375	666
			1376	665
			1377	665
			1378	664
			1379	663
			1380	663
			1381	662
			1382	662
			1383	661
			1384	660
			1385	660
			1386	659
			1387	659
			1388	658
			1389	658
			1390	657
			1391	657
			1392	656
			1393	656
			1394	655
			1395	654
			1396	654
			1397	653
			1398	652
			1399	652
			1400	652
			1401	651
			1402	651
			1403	650
			1404	649
			1405	649
			1406	648
			1407	648
			1408	647
			1409	647
			1410	646
			1411	646
			1412	646
			1413	645
			1414	644
			1415	644
			1416	643
			1417	643
			1418	642
			1419	642
			1420	642
			1420	641
			1421	641
			1422	641
			1422	640
			1423	640
			1424	639
			1425	638
			1426	638
			1427	637
			1428	637
			1429	636
			1430	635
			1431	634
			1432	634
			1433	633
			1434	633
			1435	632
			1436	632
			1437	631
			1438	630
			1439	630
			1439	629
			1440	629
			1441	628
			1442	628
			1443	627
			1444	627
			1445	626
			1446	626
			1447	625
			1448	625
			1449	624
			1450	624
			1451	623
			1452	623
			1453	622
			1454	621
			1455	621
			1456	621
			1457	620
			1458	620
			1459	619
			1460	619
			1461	618
			1462	618
			1463	618
			1463	617
			1464	617
			1465	617
			1466	616
			1467	616
			1468	615
			1469	615
			1470	614
			1471	614
			1472	614
			1473	613
			1474	613
			1475	613
			1476	612
			1477	612
			1478	612
			1479	611
			1480	611
			1481	611
			1482	610
			1483	610
			1484	609
			1485	609
			1486	609
			1487	608
			1488	608
			1489	608
			1490	608
			1491	608
			1492	607
			1493	607
			1494	607
			1495	606
			1496	606
			1497	606
			1498	606
			1499	606
			1500	605
			1501	605
			1502	605
			1503	605
			1504	605
			1505	604
			1506	604
			1507	604
			1508	604
			1509	604
			1510	604
			1511	603
			1512	603
			1513	603
			1514	603
			1515	603
			1516	603
			1517	603
			1518	603
			1519	602
			1520	602
			1521	602
			1522	602
			1523	602
			1524	602
			1525	602
			1526	602
			1527	602
			1528	602
			1529	602
			1530	602
			1531	602
			1532	602
			1533	602
			1534	602
			1535	602
			1536	602
			1537	602
			1538	602
			1539	602
			1540	602
			1541	602
			1542	602
			1543	602
			1544	602
			1545	602
			1546	602
			1547	603
			1548	603
			1549	603
			1550	603
			1551	603
			1552	603
			1553	603
			1554	603
			1555	604
			1556	604
			1557	604
			1558	604
			1559	604
			1560	604
			1561	605
			1562	605
			1563	605
			1564	605
			1565	605
			1565	606
			1566	606
			1567	606
			1568	606
			1569	607
			1570	607
			1571	607
			1572	607
			1573	608
			1574	608
			1575	608
			1576	608
			1577	609
			1578	609
			1579	609
			1580	610
			1581	610
			1582	610
			1583	611
			1584	611
			1585	611
			1586	612
			1587	612
			1588	612
			1589	613
			1590	613
			1591	613
			1592	613
			1593	612
			1594	612
			1595	612
			1596	612
			1597	612
			1598	612
			1599	612
			1600	611
			1601	611
			1602	611
			1603	611
			1604	611
			1605	611
			1606	611
			1607	611
			1608	610
			1609	610
			1610	610
			1611	610
			1612	610
			1613	610
			1614	610
			1615	610
			1616	610
			1617	609
			1618	609
			1619	609
			1620	609
			1621	609
			1622	609
			1623	609
			1624	609
			1625	609
			1626	609
			1627	609
			1628	609
			1628	608
			1629	608
			1630	608
			1631	608
			1632	608
			1633	608
			1634	608
			1635	608
			1636	608
			1637	608
			1638	608
			1639	608
			1640	608
			1641	608
			1642	608
			1643	608
			1644	607
			1645	607
			1646	607
			1647	607
			1648	607
			1649	607
			1650	607
			1651	607
			1652	607
			1653	607
			1654	607
			1655	607
			1656	607
			1657	607
			1658	607
			1659	607
			1660	607
			1661	607
			1662	607
			1663	607
			1664	607
			1665	607
			1666	607
			1667	607
			1668	607
			1669	607
			1670	607
			1671	607
			1672	607
			1673	607
			1674	607
			1675	607
			1676	607
			1677	607
			1678	607
			1679	607
			1680	607
			1681	607
			1682	607
			1683	608
			1684	608
			1685	608
			1686	608
			1687	608
			1688	608
			1689	608
			1690	608
			1691	608
			1692	608
			1693	608
			1694	608
			1695	608
			1696	608
			1697	608
			1697	609
			1698	609
			1699	609
			1700	609
			1701	609
			1702	609
			1703	609
			1704	609
			1705	609
			1706	609
			1707	609
			1708	610
			1709	610
			1710	610
			1711	610
			1712	610
			1713	610
			1714	610
			1715	610
			1716	611
			1717	611
			1718	611
			1719	611
			1720	611
			1721	611
			1722	612
			1723	612
			1724	612
			1725	612
			1726	612
			1727	612
			1728	612
			1729	613
			1730	613
			1731	613
			1732	613
			1733	613
			1733	614
			1734	614
			1735	614
			1736	614
			1737	614
			1738	615
			1739	615
			1740	615
			1741	615
			1742	615
			1743	616
			1744	616
			1745	616
			1746	616
			1747	616
			1748	617
			1749	617
			1750	617
			1751	618
			1752	618
			1753	618
			1754	618
			1755	619
			1756	619
			1757	619
			1758	619
			1759	620
			1760	620
			1761	620
			1762	621
			1763	621
			1764	621
			1765	621
			1766	622
			1767	622
			1768	622
			1768	623
			1769	623
			1770	623
			1771	623
			1772	624
			1773	624
			1774	624
			1775	625
			1776	625
			1777	625
			1778	626
			1779	626
			1780	627
			1781	627
			1782	627
			1783	628
			1784	628
			1785	629
			1786	629
			1787	629
			1788	630
			1789	630
			1790	631
			1791	631
			1792	631
			1793	632
			1794	632
			1795	633
			1796	633
			1797	634
			1798	634
			1799	635
			1800	635
			1801	635
			1802	636
			1803	636
			1803	637
			1804	637
			1805	637
			1806	638
			1807	638
			1808	639
			1809	639
			1810	640
			1811	640
			1812	641
			1813	641
			1813	642
			1814	642
			1815	643
			1816	643
			1817	644
			1818	644
			1819	645
			1820	645
			1820	646
			1821	646
			1822	647
			1823	647
			1824	648
			1825	648
			1826	649
			1827	649
			1827	650
			1828	650
			1829	651
			1830	651
			1831	652
			1832	652
			1833	653
			1833	654
			1834	654
			1835	655
			1836	655
			1837	656
			1838	656
			1838	657
			1839	658
			1840	658
			1841	659
			1842	659
			1843	660
			1843	661
			1844	661
			1845	662
			1846	662
			1847	663
			1847	664
			1848	664
			1849	665
			1850	665
			1851	666
			1851	667
			1852	667
			1853	668
			1854	669
			1855	669
			1855	670
			1856	670
			1857	671
			1858	672
			1859	672
			1859	673
			1860	674
			1861	674
			1862	675
			1862	676
			1863	676
			1864	677
			1865	678
			1866	678
			1866	679
			1867	680
			1868	681
			1869	681
			1869	682
			1870	683
			1871	683
			1872	684
			1872	685
			1873	686
			1874	686
			1875	687
			1875	688
			1876	688
			1877	689
			1877	690
			1878	691
			1879	691
			1880	692
			1880	693
			1881	694
			1882	694
			1883	695
			1883	696
			1884	697
			1885	697
			1885	698
			1886	699
			1887	700
			1887	701
			1888	701
			1889	702
			1890	703
			1890	704
			1891	705
			1892	705
			1892	706
			1893	707
			1894	708
			1894	709
			1895	709
			1896	710
			1896	711
			1897	712
			1898	713
			1899	713
			1900	714
			1901	714
			1902	715
			1903	715
			1904	715
			1905	716
			1906	716
			1907	717
			1908	717
			1909	718
			1910	719
			1911	719
			1912	720
			1913	720
			1914	721
			1915	722
			1916	723
			1917	723
			1918	724
			1919	725
			1920	725
			1921	726
			1922	727
			1923	728
			1924	728
			1925	729
			1925	730
			1926	730
			1927	731
			1928	732
			1929	732
			1929	733
			1930	734
			1931	734
			1932	735
			1933	736
			1933	737
			1934	738
			1935	738
			1936	739
			1937	740
			1937	741
			1938	742
			1939	742
			1940	743
			1941	744
			1942	745
			1942	746
			1943	747
			1944	748
			1945	749
			1946	750
			1947	751
			1947	752
			1948	753
			1949	754
			1950	755
			1951	756
			1952	757
			1953	758
			1953	759
			1954	760
			1955	761
			1956	762
			1957	763
			1958	764
			1959	765
			1960	766
			1960	767
			1961	768
			1961	769
			1962	769
			1962	770
			1963	771
			1964	772
			1964	773
			1965	774
			1966	775
			1966	776
			1967	776
			1968	777
			1968	778
			1969	779
			1970	780
			1970	781
			1971	782
			1972	783
			1972	784
			1973	785
			1974	786
			1974	787
			1975	788
			1976	789
			1976	790
			1977	791
			1978	792
			1978	793
			1979	794
			1980	795
			1980	796
			1981	797
			1982	798
			1982	799
			1983	800
			1984	801
			1984	802
			1985	803
			1986	804
			1986	805
			1987	806
			1988	807
			1988	808
			1989	809
			1990	810
			1991	811
			1991	812
			1991	813
			1992	813
			1992	814
			1993	815
			1993	816
			1994	817
			1995	818
			1995	819
			1996	820
			1996	821
			1997	822
			1998	823
			1999	824
			1999	825
			2000	826
			2000	827
			2001	828
			2002	829
			2002	830
			2003	831
			2003	832
			2004	833
			2004	834
			2005	835
			2005	836
			2006	837
			2007	838
			2007	839
			2008	840
			2008	841
			2009	842
			2009	843
			2010	844
			2010	845
			2011	846
			2012	847
			2012	848
			2013	848
			2013	849
			2014	850
			2014	851
			2015	852
			2015	853
			2016	854
			2017	855
			2017	856
			2018	857
			2018	858
			2019	859
			2019	860
			2020	861
			2020	862
			2021	863
			2022	864
			2022	865
			2023	866
			2023	867
			2024	868
			2024	869
			2025	870
			2025	871
			2026	872
			2026	873
			2027	874
			2027	875
			2028	876
			2028	877
			2029	878
			2029	879
			2030	880
			2030	881
			2031	882
			2032	883
			2032	884
			2033	885
			2034	886
			2034	887
			2035	888
			2035	889
			2036	890
			2036	891
			2037	892
			2037	893
			2038	894
			2039	895
			2039	896
			2040	897
			2040	898
			2041	899
			2041	900
			2042	901
			2042	902
			2043	903
			2043	904
			2044	905
			2044	906
			2045	907
			2046	908
			2046	909
			2047	910
			2047	911
			2048	912
			2048	913
			2049	914
			2049	915
			2050	916
			2050	917
			2051	918
			2051	919
			2052	920
			2052	921
			2053	922
			2053	923
			2054	924
			2054	925
			2055	926
			2055	927
			2056	927
			2056	928
			2057	929
			2057	930
			2057	931
			2058	932
			2058	933
			2059	934
			2059	935
			2060	936
			2060	937
			2061	938
			2061	939
			2062	940
			2062	941
			2063	942
			2063	943
			2064	944
			2064	945
			2064	946
			2065	946
			2065	947
			2066	948
			2066	949
			2067	950
			2067	951
			2067	952
			2068	953
			2068	954
			2069	955
			2069	956
			2070	957
			2070	958
			2070	959
			2071	960
			2071	961
			2072	961
			2072	962
			2073	963
			2073	964
			2073	965
			2074	966
			2074	967
			2075	968
			2075	969
			2075	970
			2076	971
			2076	972
			2077	972
			2077	973
			2077	974
			2078	975
			2078	976
			2078	977
			2079	978
			2079	979
			2080	980
			2080	981
			2080	982
			2081	982
			2081	983
			2081	984
			2082	985
			2082	986
			2083	987
			2083	988
			2083	989
			2084	990
			2084	991
			2084	992
			2085	992
			2085	993
			2085	994
			2086	995
			2086	996
			2086	997
			2087	998
			2087	999
			2087	1000
			2088	1000
			2088	1001
			2088	1002
			2089	1003
			2089	1004
			2089	1005
			2090	1006
			2090	1007
			2091	1008
			2091	1009
			2091	1010
			2092	1011
			2092	1012
			2092	1013
			2093	1014
			2093	1015
			2093	1016
			2094	1017
			2094	1018
			2094	1019
			2095	1020
			2095	1021
			2095	1022
			2096	1023
			2096	1024
			2096	1025
			2096	1026
			2097	1027
			2097	1028
			2097	1029
			2098	1030
			2098	1031
			2098	1032
			2099	1033
			2099	1034
			2099	1035
			2099	1036
			2100	1036
			2100	1037
			2100	1038
			2100	1039
			2101	1040
			2101	1041
			2101	1042
			2102	1043
			2102	1044
			2102	1045
			2102	1046
			2103	1047
			2103	1048
			2103	1049
			2103	1050
			2104	1051
			2104	1052
			2104	1053
			2104	1054
			2105	1055
			2105	1056
			2105	1057
			2105	1058
			2106	1059
			2106	1060
			2106	1061
			2106	1062
			2107	1063
			2107	1064
			2107	1065
			2107	1066
			2107	1067
			2108	1067
			2108	1068
			2108	1069
			2108	1070
			2108	1071
			2109	1072
			2109	1073
			2109	1074
			2109	1075
			2109	1076
			2110	1077
			2110	1078
			2110	1079
			2110	1080
			2110	1081
			2111	1082
			2111	1083
			2111	1084
			2111	1085
			2111	1086
			2111	1087
			2112	1088
			2112	1089
			2112	1090
			2112	1091
			2112	1092
			2112	1093
			2113	1094
			2113	1095
			2113	1096
			2113	1097
			2113	1098
			2113	1099
			2113	1100
			2113	1101
			2114	1102
			2114	1103
			2114	1104
			2114	1105
			2114	1106
			2114	1107
			2114	1108
			2114	1109
			2114	1110
			2114	1111
			2115	1112
			2115	1113
			2115	1114
			2115	1115
			2115	1116
			2115	1117
			2115	1118
		</c1>
		<c2 type=matrix rownames=FALSE colnames=FALSE nrow=1198 ncol=2 as.numeric=TRUE >
			2115	1118
			2114	1118
			2113	1117
			2112	1117
			2111	1116
			2110	1116
			2109	1116
			2108	1115
			2107	1115
			2106	1115
			2105	1114
			2104	1114
			2103	1114
			2103	1113
			2102	1113
			2101	1113
			2100	1112
			2099	1112
			2098	1112
			2097	1111
			2096	1111
			2095	1111
			2094	1110
			2093	1110
			2092	1110
			2091	1109
			2090	1109
			2089	1109
			2088	1108
			2087	1108
			2086	1108
			2085	1107
			2084	1107
			2083	1107
			2082	1106
			2081	1106
			2080	1106
			2079	1106
			2079	1105
			2078	1105
			2077	1105
			2076	1105
			2075	1104
			2074	1104
			2073	1104
			2072	1103
			2071	1103
			2070	1103
			2069	1103
			2068	1102
			2067	1102
			2066	1102
			2065	1102
			2064	1101
			2063	1101
			2062	1101
			2061	1100
			2060	1100
			2059	1100
			2058	1100
			2057	1099
			2056	1099
			2055	1099
			2054	1099
			2053	1099
			2052	1098
			2051	1098
			2050	1098
			2049	1098
			2048	1097
			2047	1097
			2046	1097
			2045	1097
			2044	1097
			2043	1096
			2042	1096
			2041	1096
			2040	1096
			2039	1096
			2038	1095
			2037	1095
			2036	1095
			2035	1095
			2034	1095
			2034	1094
			2033	1094
			2032	1094
			2031	1094
			2030	1094
			2029	1094
			2028	1093
			2027	1093
			2026	1093
			2025	1093
			2024	1093
			2023	1093
			2022	1092
			2021	1092
			2020	1092
			2019	1092
			2018	1092
			2017	1092
			2016	1091
			2015	1091
			2014	1091
			2013	1091
			2012	1091
			2011	1091
			2010	1091
			2009	1090
			2008	1090
			2007	1090
			2006	1090
			2005	1090
			2004	1090
			2003	1090
			2002	1090
			2001	1089
			2000	1089
			1999	1089
			1998	1089
			1997	1089
			1996	1089
			1995	1089
			1994	1089
			1993	1089
			1992	1088
			1991	1088
			1990	1088
			1989	1088
			1988	1088
			1987	1088
			1986	1088
			1985	1088
			1984	1088
			1983	1088
			1982	1088
			1981	1087
			1980	1087
			1979	1087
			1978	1087
			1977	1087
			1976	1087
			1975	1087
			1974	1087
			1973	1087
			1972	1087
			1971	1087
			1970	1087
			1970	1088
			1969	1088
			1968	1088
			1967	1088
			1966	1088
			1965	1088
			1964	1088
			1963	1088
			1962	1088
			1961	1088
			1960	1088
			1959	1089
			1958	1089
			1957	1089
			1956	1089
			1955	1089
			1954	1089
			1953	1089
			1952	1089
			1951	1089
			1950	1089
			1949	1089
			1948	1089
			1947	1090
			1946	1090
			1945	1090
			1944	1090
			1943	1090
			1942	1090
			1941	1090
			1940	1090
			1939	1090
			1938	1090
			1937	1090
			1936	1090
			1935	1090
			1934	1090
			1933	1090
			1932	1091
			1931	1091
			1930	1091
			1929	1091
			1928	1091
			1927	1091
			1926	1091
			1925	1091
			1924	1091
			1923	1091
			1922	1091
			1921	1091
			1920	1091
			1919	1091
			1918	1091
			1917	1091
			1916	1091
			1915	1091
			1914	1091
			1913	1091
			1912	1091
			1911	1091
			1910	1091
			1909	1091
			1908	1091
			1907	1091
			1906	1091
			1905	1091
			1904	1091
			1903	1091
			1902	1091
			1901	1091
			1900	1091
			1899	1091
			1898	1091
			1897	1091
			1896	1091
			1895	1091
			1894	1091
			1893	1091
			1892	1091
			1891	1091
			1890	1091
			1889	1091
			1888	1091
			1887	1091
			1886	1091
			1885	1091
			1884	1091
			1883	1091
			1882	1091
			1881	1091
			1880	1091
			1879	1091
			1878	1091
			1877	1091
			1876	1091
			1875	1091
			1874	1091
			1873	1091
			1872	1091
			1871	1091
			1870	1090
			1869	1090
			1868	1090
			1867	1090
			1866	1090
			1865	1090
			1864	1090
			1863	1090
			1862	1090
			1861	1090
			1860	1090
			1859	1090
			1858	1090
			1857	1090
			1856	1090
			1856	1089
			1855	1089
			1854	1089
			1853	1089
			1852	1089
			1851	1089
			1850	1089
			1849	1089
			1848	1089
			1847	1089
			1846	1088
			1845	1088
			1844	1088
			1843	1088
			1842	1088
			1841	1088
			1840	1088
			1839	1088
			1838	1087
			1837	1087
			1836	1087
			1835	1087
			1834	1087
			1833	1087
			1832	1087
			1831	1086
			1830	1086
			1829	1086
			1828	1086
			1827	1086
			1826	1086
			1825	1085
			1824	1085
			1823	1085
			1822	1085
			1821	1085
			1820	1085
			1819	1084
			1818	1084
			1817	1084
			1816	1084
			1815	1084
			1814	1084
			1813	1084
			1812	1084
			1811	1083
			1810	1083
			1809	1083
			1808	1083
			1807	1083
			1806	1083
			1805	1083
			1804	1083
			1803	1083
			1802	1082
			1801	1082
			1800	1082
			1799	1082
			1798	1082
			1797	1082
			1796	1082
			1795	1082
			1794	1082
			1793	1082
			1792	1082
			1791	1081
			1790	1081
			1789	1081
			1788	1081
			1787	1081
			1786	1081
			1785	1081
			1784	1081
			1783	1081
			1782	1081
			1781	1080
			1780	1080
			1779	1080
			1778	1080
			1777	1080
			1776	1080
			1775	1080
			1774	1080
			1773	1080
			1772	1080
			1771	1080
			1770	1079
			1769	1079
			1768	1079
			1767	1079
			1766	1079
			1765	1079
			1764	1079
			1763	1079
			1762	1079
			1761	1079
			1760	1079
			1759	1079
			1758	1078
			1757	1078
			1756	1078
			1755	1078
			1754	1078
			1753	1078
			1752	1078
			1751	1078
			1750	1078
			1749	1078
			1748	1078
			1747	1078
			1746	1077
			1745	1077
			1744	1077
			1743	1077
			1742	1077
			1741	1077
			1740	1077
			1739	1077
			1738	1077
			1737	1077
			1736	1077
			1735	1077
			1734	1077
			1733	1077
			1732	1076
			1731	1076
			1730	1076
			1729	1076
			1728	1076
			1727	1076
			1726	1076
			1725	1076
			1724	1076
			1723	1076
			1722	1076
			1721	1076
			1720	1076
			1719	1076
			1718	1075
			1717	1075
			1716	1075
			1715	1075
			1714	1075
			1713	1075
			1712	1075
			1711	1075
			1710	1075
			1709	1075
			1708	1075
			1707	1075
			1706	1075
			1705	1075
			1704	1075
			1703	1074
			1702	1074
			1701	1074
			1700	1074
			1699	1074
			1698	1074
			1697	1074
			1696	1074
			1695	1074
			1694	1074
			1693	1074
			1692	1074
			1691	1074
			1690	1074
			1689	1074
			1688	1074
			1687	1074
			1686	1074
			1685	1073
			1684	1073
			1683	1073
			1682	1073
			1681	1073
			1680	1073
			1679	1073
			1678	1073
			1677	1073
			1676	1073
			1675	1073
			1674	1073
			1673	1073
			1672	1073
			1671	1073
			1670	1073
			1669	1073
			1668	1073
			1667	1073
			1666	1073
			1665	1072
			1664	1072
			1663	1072
			1662	1072
			1661	1072
			1660	1072
			1659	1072
			1658	1072
			1657	1072
			1656	1072
			1655	1072
			1654	1072
			1653	1072
			1652	1072
			1651	1072
			1650	1072
			1649	1072
			1648	1072
			1647	1072
			1646	1072
			1645	1072
			1644	1072
			1643	1072
			1642	1072
			1641	1072
			1640	1072
			1639	1072
			1638	1071
			1637	1071
			1636	1071
			1635	1071
			1634	1071
			1633	1071
			1632	1071
			1631	1071
			1630	1071
			1629	1071
			1628	1071
			1627	1071
			1626	1071
			1625	1071
			1624	1071
			1623	1071
			1622	1071
			1621	1071
			1620	1071
			1619	1071
			1618	1071
			1617	1071
			1616	1071
			1615	1071
			1614	1071
			1613	1071
			1612	1071
			1611	1071
			1610	1071
			1609	1071
			1608	1071
			1607	1071
			1606	1071
			1605	1072
			1604	1072
			1603	1072
			1602	1072
			1601	1072
			1600	1072
			1599	1072
			1598	1072
			1597	1072
			1596	1072
			1595	1072
			1594	1072
			1593	1072
			1592	1072
			1591	1072
			1590	1072
			1589	1072
			1588	1072
			1587	1072
			1586	1072
			1585	1072
			1584	1072
			1583	1072
			1582	1072
			1581	1072
			1580	1072
			1579	1073
			1578	1073
			1577	1073
			1576	1073
			1575	1073
			1574	1073
			1573	1073
			1572	1073
			1571	1073
			1570	1073
			1569	1073
			1568	1073
			1567	1073
			1566	1073
			1565	1073
			1564	1073
			1563	1073
			1562	1073
			1561	1073
			1560	1073
			1559	1073
			1558	1073
			1557	1073
			1556	1074
			1555	1074
			1554	1074
			1553	1074
			1552	1074
			1551	1074
			1550	1074
			1549	1074
			1548	1074
			1547	1074
			1546	1074
			1545	1074
			1544	1074
			1543	1074
			1542	1074
			1541	1074
			1540	1074
			1539	1074
			1538	1074
			1537	1074
			1536	1074
			1535	1074
			1534	1075
			1533	1075
			1532	1075
			1531	1075
			1530	1075
			1529	1075
			1528	1075
			1527	1075
			1526	1075
			1525	1075
			1524	1075
			1523	1075
			1522	1075
			1521	1075
			1520	1075
			1519	1075
			1518	1075
			1517	1075
			1516	1075
			1515	1075
			1514	1075
			1513	1076
			1512	1076
			1511	1076
			1510	1076
			1509	1076
			1508	1076
			1507	1076
			1506	1076
			1505	1076
			1504	1076
			1503	1076
			1502	1076
			1501	1076
			1500	1076
			1499	1076
			1498	1076
			1497	1076
			1496	1076
			1495	1076
			1494	1077
			1493	1077
			1492	1077
			1491	1077
			1490	1077
			1489	1077
			1488	1077
			1487	1077
			1486	1077
			1485	1077
			1484	1077
			1483	1077
			1482	1077
			1481	1077
			1480	1077
			1479	1077
			1478	1077
			1477	1077
			1476	1078
			1475	1078
			1474	1078
			1473	1078
			1472	1078
			1471	1078
			1470	1078
			1469	1078
			1468	1078
			1467	1078
			1466	1078
			1465	1078
			1464	1078
			1463	1078
			1462	1078
			1461	1078
			1460	1078
			1459	1079
			1458	1079
			1457	1079
			1456	1079
			1455	1079
			1454	1079
			1453	1079
			1452	1079
			1451	1079
			1450	1079
			1449	1079
			1448	1079
			1447	1079
			1446	1079
			1445	1080
			1444	1080
			1443	1080
			1442	1080
			1441	1080
			1440	1080
			1439	1080
			1438	1080
			1437	1080
			1436	1080
			1435	1080
			1434	1080
			1433	1080
			1432	1080
			1431	1080
			1430	1080
			1430	1081
			1429	1081
			1428	1081
			1427	1081
			1426	1081
			1425	1081
			1424	1081
			1423	1081
			1422	1081
			1421	1081
			1420	1081
			1419	1081
			1418	1081
			1417	1081
			1416	1081
			1415	1081
			1414	1081
			1413	1081
			1412	1081
			1411	1081
			1410	1081
			1409	1081
			1408	1081
			1407	1081
			1406	1082
			1405	1082
			1404	1082
			1403	1082
			1402	1082
			1401	1082
			1400	1082
			1399	1082
			1398	1082
			1397	1082
			1396	1082
			1395	1082
			1394	1082
			1393	1082
			1392	1082
			1391	1082
			1390	1082
			1389	1082
			1388	1082
			1387	1082
			1386	1082
			1385	1082
			1384	1082
			1383	1082
			1382	1082
			1381	1082
			1380	1082
			1379	1082
			1378	1082
			1377	1082
			1376	1082
			1375	1082
			1374	1082
			1373	1082
			1372	1082
			1371	1082
			1370	1082
			1369	1082
			1368	1082
			1367	1081
			1366	1081
			1365	1081
			1364	1081
			1363	1081
			1362	1081
			1361	1081
			1360	1081
			1359	1081
			1358	1081
			1357	1081
			1356	1081
			1355	1081
			1354	1081
			1353	1081
			1352	1081
			1351	1081
			1350	1081
			1349	1081
			1348	1081
			1347	1081
			1346	1081
			1345	1081
			1344	1080
			1343	1080
			1342	1080
			1341	1080
			1340	1080
			1339	1080
			1338	1080
			1337	1080
			1336	1080
			1335	1080
			1334	1080
			1333	1080
			1332	1080
			1331	1080
			1331	1079
			1330	1079
			1329	1079
			1328	1079
			1327	1079
			1326	1079
			1325	1079
			1324	1079
			1323	1079
			1322	1079
			1321	1079
			1320	1079
			1319	1078
			1318	1078
			1317	1078
			1316	1078
			1315	1078
			1314	1078
			1313	1078
			1312	1078
			1311	1078
			1310	1078
			1309	1078
			1308	1078
			1307	1078
			1306	1078
			1305	1078
			1304	1078
			1303	1078
			1302	1078
			1302	1079
			1301	1079
			1300	1079
			1299	1079
			1298	1079
			1297	1079
			1296	1079
			1295	1079
			1294	1079
			1293	1079
			1292	1079
			1291	1079
			1290	1079
			1289	1079
			1288	1079
			1287	1079
			1286	1079
			1285	1079
			1284	1079
			1283	1079
			1282	1079
			1281	1079
			1280	1079
			1279	1079
			1278	1079
			1277	1080
			1276	1080
			1275	1080
			1274	1080
			1273	1080
			1272	1080
			1271	1080
			1270	1080
			1269	1080
			1268	1080
			1267	1080
			1266	1080
			1265	1080
			1264	1080
			1263	1080
			1262	1080
			1261	1080
			1260	1080
			1259	1080
			1258	1080
			1257	1080
			1256	1080
			1255	1080
			1255	1081
			1254	1081
			1253	1081
			1252	1081
			1251	1081
			1250	1081
			1249	1081
			1248	1081
			1247	1081
			1246	1081
			1245	1081
			1244	1081
			1243	1081
			1242	1081
			1241	1081
			1240	1081
			1239	1081
			1238	1081
			1237	1081
			1236	1081
			1235	1082
			1234	1082
			1233	1082
			1232	1082
			1231	1082
			1230	1082
			1229	1082
			1228	1082
			1227	1082
			1226	1082
			1225	1082
			1224	1082
			1223	1082
			1222	1082
			1221	1082
			1220	1082
			1219	1082
			1218	1082
			1217	1082
			1216	1083
			1215	1083
			1214	1083
			1213	1083
			1212	1083
			1211	1083
			1210	1083
			1209	1083
			1208	1083
			1207	1083
			1206	1083
			1205	1083
			1204	1083
			1203	1083
			1202	1083
			1201	1083
			1200	1084
			1199	1084
			1198	1084
			1197	1084
			1196	1084
			1195	1084
			1194	1084
			1193	1084
			1192	1084
			1191	1084
			1190	1084
			1189	1084
			1188	1084
			1187	1084
			1186	1085
			1185	1085
			1184	1085
			1183	1085
			1182	1085
			1181	1085
			1180	1085
			1179	1085
			1178	1085
			1177	1085
			1176	1085
			1175	1085
			1174	1085
			1173	1085
			1172	1086
			1171	1086
			1170	1086
			1169	1086
			1168	1086
			1167	1086
			1166	1086
			1165	1086
			1164	1086
			1163	1086
			1162	1086
			1161	1087
			1160	1087
			1159	1087
			1158	1087
			1157	1087
			1156	1087
			1155	1087
			1154	1087
			1153	1087
			1152	1088
			1151	1088
			1150	1088
			1149	1088
			1148	1088
			1147	1088
			1146	1088
			1145	1088
			1144	1088
			1144	1089
			1143	1089
			1142	1089
			1141	1089
			1140	1089
			1139	1089
			1138	1088
			1137	1088
			1136	1088
			1135	1088
			1134	1088
			1133	1087
			1132	1087
			1131	1087
			1130	1087
			1129	1086
			1128	1086
			1127	1086
			1126	1086
			1125	1086
			1124	1085
			1123	1085
			1122	1085
			1121	1085
			1120	1085
			1119	1085
			1118	1084
			1117	1084
			1116	1084
			1115	1084
			1114	1084
			1113	1084
			1112	1084
			1111	1083
			1110	1083
			1109	1083
			1108	1083
			1107	1083
			1106	1083
			1105	1083
			1104	1083
			1103	1083
			1102	1082
			1101	1082
			1100	1082
			1099	1082
			1098	1082
			1097	1082
			1096	1082
			1095	1082
			1094	1082
			1093	1082
			1092	1082
			1091	1082
			1090	1082
			1089	1082
			1088	1082
			1087	1081
			1086	1081
			1085	1081
			1084	1081
			1083	1081
			1082	1081
			1081	1081
			1080	1081
			1079	1081
			1078	1081
			1077	1081
			1076	1081
			1075	1081
			1074	1081
			1073	1081
			1072	1081
			1071	1081
			1070	1081
			1069	1081
			1068	1081
			1067	1081
			1066	1081
			1065	1081
			1064	1081
			1063	1081
			1062	1081
			1061	1081
			1060	1081
			1059	1081
			1058	1081
			1057	1081
			1056	1081
			1055	1081
			1054	1081
			1053	1081
			1052	1082
			1051	1082
			1050	1082
			1049	1082
			1048	1082
			1047	1082
			1046	1082
			1045	1082
			1044	1082
			1043	1082
			1042	1082
			1041	1082
			1040	1082
			1039	1082
			1038	1082
			1037	1082
			1036	1082
			1035	1082
			1034	1082
			1033	1083
			1032	1083
			1031	1083
			1030	1083
			1029	1083
			1028	1083
			1027	1083
			1026	1083
			1025	1083
			1024	1083
			1023	1083
			1022	1083
			1021	1084
			1020	1084
			1019	1084
			1018	1084
			1017	1084
			1016	1084
			1015	1084
			1014	1084
			1013	1084
			1012	1084
			1011	1084
			1010	1085
			1009	1085
			1008	1085
			1007	1085
			1006	1085
			1005	1085
			1004	1085
			1003	1085
			1002	1086
			1001	1086
			1000	1086
			999	1086
			998	1086
			997	1086
			996	1086
			995	1086
			994	1086
			993	1087
			992	1087
			991	1087
			990	1087
			989	1087
			988	1087
			987	1087
			986	1088
			985	1088
			984	1088
			983	1088
			982	1088
			981	1088
			980	1088
			979	1088
			978	1089
			977	1089
			976	1089
			975	1089
			974	1089
			973	1089
			972	1089
			971	1090
			970	1090
			969	1090
			968	1090
			967	1090
			966	1090
			965	1091
			964	1091
			963	1091
			962	1091
			961	1091
			960	1091
			959	1091
			958	1092
			957	1092
			956	1092
			955	1092
			954	1092
			953	1092
			952	1093
			951	1093
			950	1093
			949	1093
			948	1093
			947	1094
			946	1094
			945	1094
			944	1094
			943	1094
			942	1094
			941	1095
			940	1095
			939	1095
			938	1095
			937	1095
			936	1096
			935	1096
			934	1096
			933	1096
			932	1096
			931	1097
			930	1097
			929	1097
			928	1097
		</c2>
	</curves.pixel>
	<curves.scaled type=list>
		<c1 type=matrix rownames=FALSE colnames=FALSE nrow=1510 ncol=2 as.numeric=TRUE >
			40.5178368457092	-47.8966239436885
			40.5178368457092	-47.8529624815703
			40.5614983078274	-47.8529624815703
			40.5614983078274	-47.8093010194521
			40.5614983078274	-47.7656395573339
			40.6051597699456	-47.7656395573339
			40.6051597699456	-47.7219780952157
			40.6488212320638	-47.6783166330974
			40.6488212320638	-47.6346551709792
			40.6924826941821	-47.590993708861
			40.6924826941821	-47.5473322467428
			40.7361441563003	-47.5036707846246
			40.7361441563003	-47.4600093225063
			40.7798056184185	-47.4163478603881
			40.8234670805367	-47.3726863982699
			40.8234670805367	-47.3290249361517
			40.8234670805367	-47.2853634740334
			40.8671285426549	-47.2417020119152
			40.8671285426549	-47.198040549797
			40.9107900047732	-47.198040549797
			40.9107900047732	-47.1543790876788
			40.9544514668914	-47.1107176255606
			40.9544514668914	-47.0670561634423
			40.9981129290096	-47.0233947013241
			41.0417743911278	-46.9797332392059
			41.0417743911278	-46.9360717770877
			41.0854358532461	-46.8924103149695
			41.0854358532461	-46.8487488528512
			41.1290973153643	-46.805087390733
			41.1727587774825	-46.7614259286148
			41.2164202396007	-46.7177644664966
			41.2164202396007	-46.6741030043784
			41.2600817017189	-46.6304415422601
			41.3037431638372	-46.5867800801419
			41.3037431638372	-46.5431186180237
			41.3474046259554	-46.4994571559055
			41.3910660880736	-46.4557956937872
			41.4347275501918	-46.412134231669
			41.4347275501918	-46.3684727695508
			41.47838901231	-46.3248113074326
			41.5220504744283	-46.2811498453144
			41.5220504744283	-46.2374883831961
			41.5657119365465	-46.1938269210779
			41.6093733986647	-46.1938269210779
			41.6093733986647	-46.1501654589597
			41.6530348607829	-46.1065039968415
			41.6966963229011	-46.0628425347233
			41.7403577850194	-46.019181072605
			41.7403577850194	-45.9755196104868
			41.7840192471376	-45.9755196104868
			41.8276807092558	-45.9318581483686
			41.8276807092558	-45.8881966862504
			41.871342171374	-45.8445352241322
			41.9150036334923	-45.8445352241322
			41.9586650956105	-45.8008737620139
			41.9586650956105	-45.7572122998957
			42.0023265577287	-45.7135508377775
			42.0459880198469	-45.7135508377775
			42.0459880198469	-45.6698893756593
			42.0896494819651	-45.626227913541
			42.1333109440834	-45.626227913541
			42.1769724062016	-45.5825664514228
			42.1769724062016	-45.5389049893046
			42.2206338683198	-45.5389049893046
			42.264295330438	-45.4952435271864
			42.3079567925562	-45.4952435271864
			42.3079567925562	-45.4515820650682
			42.3516182546745	-45.4079206029499
			42.3952797167927	-45.4079206029499
			42.4389411789109	-45.3642591408317
			42.4826026410291	-45.3205976787135
			42.5262641031473	-45.2769362165953
			42.5699255652656	-45.2769362165953
			42.6135870273838	-45.2332747544771
			42.657248489502	-45.1896132923588
			42.7009099516202	-45.1459518302406
			42.7009099516202	-45.1022903681224
			42.7445714137385	-45.0586289060042
			42.7882328758567	-45.0586289060042
			42.8318943379749	-45.014967443886
			42.8318943379749	-44.9713059817677
			42.8755558000931	-44.9276445196495
			42.9192172622113	-44.8839830575313
			42.9628787243296	-44.8403215954131
			42.9628787243296	-44.7966601332948
			43.0065401864478	-44.7529986711766
			43.050201648566	-44.7529986711766
			43.0938631106842	-44.7093372090584
			43.1375245728024	-44.6656757469402
			43.1375245728024	-44.622014284822
			43.1811860349207	-44.5783528227037
			43.2248474970389	-44.5346913605855
			43.2685089591571	-44.4910298984673
			43.2685089591571	-44.4473684363491
			43.3121704212753	-44.4473684363491
			43.3558318833935	-44.4037069742309
			43.3994933455118	-44.3600455121126
			43.3994933455118	-44.3163840499944
			43.44315480763	-44.2727225878762
			43.4868162697482	-44.229061125758
			43.5304777318664	-44.1853996636397
			43.5741391939847	-44.1853996636397
			43.5741391939847	-44.1417382015215
			43.6178006561029	-44.0980767394033
			43.6614621182211	-44.0544152772851
			43.7051235803393	-44.0107538151669
			43.7051235803393	-43.9670923530486
			43.7487850424575	-43.9234308909304
			43.7924465045758	-43.9234308909304
			43.836107966694	-43.8797694288122
			43.836107966694	-43.836107966694
			43.8797694288122	-43.7924465045758
			43.9234308909304	-43.7487850424575
			43.9670923530486	-43.7051235803393
			44.0107538151669	-43.6614621182211
			44.0544152772851	-43.6178006561029
			44.0980767394033	-43.5741391939847
			44.1417382015215	-43.5304777318664
			44.1853996636397	-43.4868162697482
			44.229061125758	-43.44315480763
			44.2727225878762	-43.3994933455118
			44.3163840499944	-43.3558318833935
			44.3163840499944	-43.3121704212753
			44.3600455121126	-43.2685089591571
			44.4037069742309	-43.2248474970389
			44.4473684363491	-43.1811860349207
			44.4910298984673	-43.1375245728024
			44.5346913605855	-43.0938631106842
			44.5783528227037	-43.050201648566
			44.622014284822	-43.0065401864478
			44.6656757469402	-42.9628787243296
			44.7093372090584	-42.9192172622113
			44.7093372090584	-42.8755558000931
			44.7529986711766	-42.8318943379749
			44.7966601332948	-42.7882328758567
			44.8403215954131	-42.7445714137385
			44.8839830575313	-42.7009099516202
			44.9276445196495	-42.657248489502
			44.9713059817677	-42.6135870273838
			45.014967443886	-42.5699255652656
			45.0586289060042	-42.5262641031473
			45.1022903681224	-42.4826026410291
			45.1022903681224	-42.4389411789109
			45.1459518302406	-42.3952797167927
			45.1896132923588	-42.3516182546745
			45.2332747544771	-42.3079567925562
			45.2769362165953	-42.264295330438
			45.3205976787135	-42.2206338683198
			45.3642591408317	-42.1769724062016
			45.4079206029499	-42.1333109440834
			45.4515820650682	-42.0896494819651
			45.4515820650682	-42.0459880198469
			45.4952435271864	-42.0023265577287
			45.5389049893046	-41.9586650956105
			45.5825664514228	-41.9150036334923
			45.626227913541	-41.871342171374
			45.6698893756593	-41.8276807092558
			45.7135508377775	-41.7840192471376
			45.7572122998957	-41.7403577850194
			45.8008737620139	-41.7403577850194
			45.8008737620139	-41.6966963229011
			45.8445352241322	-41.6530348607829
			45.8881966862504	-41.6093733986647
			45.9318581483686	-41.5657119365465
			45.9755196104868	-41.5220504744283
			46.019181072605	-41.47838901231
			46.0628425347233	-41.4347275501918
			46.1065039968415	-41.3910660880736
			46.1065039968415	-41.3474046259554
			46.1501654589597	-41.3037431638372
			46.1938269210779	-41.2600817017189
			46.2374883831961	-41.2164202396007
			46.2811498453144	-41.1727587774825
			46.3248113074326	-41.1290973153643
			46.3684727695508	-41.0854358532461
			46.412134231669	-41.0417743911278
			46.4557956937872	-40.9981129290096
			46.4994571559055	-40.9544514668914
			46.5431186180237	-40.9107900047732
			46.5867800801419	-40.8671285426549
			46.6304415422601	-40.8234670805367
			46.6741030043784	-40.7798056184185
			46.7177644664966	-40.7361441563003
			46.7177644664966	-40.6924826941821
			46.7614259286148	-40.6488212320638
			46.805087390733	-40.6488212320638
			46.8487488528512	-40.6051597699456
			46.8487488528512	-40.5614983078274
			46.8924103149695	-40.5178368457092
			46.9360717770877	-40.474175383591
			46.9797332392059	-40.474175383591
			46.9797332392059	-40.4305139214727
			47.0233947013241	-40.3868524593545
			47.0670561634423	-40.3431909972363
			47.1107176255606	-40.2995295351181
			47.1543790876788	-40.2558680729999
			47.198040549797	-40.2122066108816
			47.2417020119152	-40.1685451487634
			47.2853634740334	-40.1248836866452
			47.3290249361517	-40.081222224527
			47.3726863982699	-40.0375607624087
			47.3726863982699	-39.9938993002905
			47.4163478603881	-39.9502378381723
			47.4600093225063	-39.9065763760541
			47.5036707846246	-39.8629149139359
			47.5473322467428	-39.8629149139359
			47.590993708861	-39.8192534518176
			47.6346551709792	-39.7755919896994
			47.6783166330974	-39.7319305275812
			47.7219780952157	-39.688269065463
			47.7219780952157	-39.6446076033448
			47.7656395573339	-39.6009461412265
			47.8093010194521	-39.5572846791083
			47.8529624815703	-39.5136232169901
			47.8966239436885	-39.4699617548719
			47.9402854058068	-39.4263002927537
			47.983946867925	-39.3826388306354
			48.0276083300432	-39.3826388306354
			48.0276083300432	-39.3389773685172
			48.0712697921614	-39.295315906399
			48.1149312542796	-39.2516544442808
			48.1585927163979	-39.2079929821625
			48.2022541785161	-39.1643315200443
			48.2459156406343	-39.1206700579261
			48.2895771027525	-39.0770085958079
			48.3332385648708	-39.0333471336897
			48.3332385648708	-38.9896856715714
			48.376900026989	-38.9896856715714
			48.4205614891072	-38.9460242094532
			48.4642229512254	-38.902362747335
			48.5078844133436	-38.8587012852168
			48.5515458754619	-38.8150398230986
			48.5952073375801	-38.7713783609803
			48.5952073375801	-38.7277168988621
			48.6388687996983	-38.6840554367439
			48.6825302618165	-38.6403939746257
			48.7261917239347	-38.6403939746257
			48.769853186053	-38.5967325125075
			48.8135146481712	-38.5530710503892
			48.8571761102894	-38.509409588271
			48.9008375724076	-38.4657481261528
			48.9008375724076	-38.4220866640346
			48.9444990345258	-38.3784252019163
			48.9881604966441	-38.3784252019163
			49.0318219587623	-38.3347637397981
			49.0754834208805	-38.2911022776799
			49.1191448829987	-38.2474408155617
			49.162806345117	-38.2037793534435
			49.162806345117	-38.1601178913252
			49.2064678072352	-38.116456429207
			49.2501292693534	-38.0727949670888
			49.2937907314716	-38.0727949670888
			49.3374521935898	-38.0291335049706
			49.3811136557081	-37.9854720428524
			49.4247751178263	-37.9418105807341
			49.4247751178263	-37.8981491186159
			49.4684365799445	-37.8544876564977
			49.5120980420627	-37.8108261943795
			49.5557595041809	-37.8108261943795
			49.5994209662992	-37.7671647322613
			49.6430824284174	-37.723503270143
			49.6430824284174	-37.6798418080248
			49.6867438905356	-37.6361803459066
			49.7304053526538	-37.5925188837884
			49.774066814772	-37.5925188837884
			49.8177282768903	-37.5488574216701
			49.8613897390085	-37.5051959595519
			49.9050512011267	-37.4615344974337
			49.9050512011267	-37.4178730353155
			49.9487126632449	-37.3742115731973
			49.9923741253632	-37.3742115731973
			50.0360355874814	-37.330550111079
			50.0796970495996	-37.2868886489608
			50.1233585117178	-37.2432271868426
			50.1233585117178	-37.1995657247244
			50.167019973836	-37.1559042626062
			50.2106814359543	-37.1559042626062
			50.2543428980725	-37.1122428004879
			50.2980043601907	-37.0685813383697
			50.3416658223089	-37.0249198762515
			50.3416658223089	-36.9812584141333
			50.3853272844271	-36.9812584141333
			50.4289887465454	-36.937596952015
			50.4726502086636	-36.8939354898968
			50.5163116707818	-36.8502740277786
			50.5599731329	-36.8066125656604
			50.5599731329	-36.7629511035422
			50.6036345950182	-36.7629511035422
			50.6472960571365	-36.7192896414239
			50.6909575192547	-36.6756281793057
			50.7346189813729	-36.6319667171875
			50.7782804434911	-36.5883052550693
			50.8219419056094	-36.5446437929511
			50.8656033677276	-36.5009823308328
			50.9092648298458	-36.4573208687146
			50.952926291964	-36.4136594065964
			50.9965877540822	-36.3699979444782
			51.0402492162005	-36.32633648236
			51.0839106783187	-36.2826750202417
			51.1275721404369	-36.2390135581235
			51.1712336025551	-36.1953520960053
			51.2148950646733	-36.1516906338871
			51.2585565267916	-36.1080291717688
			51.3022179889098	-36.0643677096506
			51.345879451028	-36.0643677096506
			51.3895409131462	-36.0207062475324
			51.4332023752645	-35.9770447854142
			51.4768638373827	-35.933383323296
			51.5205252995009	-35.8897218611777
			51.5641867616191	-35.8460603990595
			51.6078482237373	-35.8023989369413
			51.6515096858556	-35.7587374748231
			51.6951711479738	-35.7150760127049
			51.738832610092	-35.6714145505866
			51.7824940722102	-35.6277530884684
			51.8261555343284	-35.5840916263502
			51.8698169964467	-35.5840916263502
			51.9134784585649	-35.540430164232
			51.9571399206831	-35.4967687021138
			52.0008013828013	-35.4531072399955
			52.0444628449196	-35.4094457778773
			52.0444628449196	-35.3657843157591
			52.0881243070378	-35.3221228536409
			52.131785769156	-35.2784613915226
			52.1754472312742	-35.2347999294044
			52.2191086933924	-35.1911384672862
			52.2627701555107	-35.1911384672862
			52.3064316176289	-35.147477005168
			52.3500930797471	-35.1038155430498
			52.3937545418653	-35.0601540809315
			52.4374160039835	-35.0164926188133
			52.4810774661018	-34.9728311566951
			52.52473892822	-34.9291696945769
			52.5684003903382	-34.8855082324587
			52.6120618524564	-34.8855082324587
			52.6557233145746	-34.8418467703404
			52.6993847766929	-34.7981853082222
			52.7430462388111	-34.754523846104
			52.7867077009293	-34.7108623839858
			52.8303691630475	-34.6672009218676
			52.8740306251658	-34.6235394597493
			52.917692087284	-34.6235394597493
			52.917692087284	-34.5798779976311
			52.9613535494022	-34.5362165355129
			53.0050150115204	-34.4925550733947
			53.0486764736386	-34.4488936112764
			53.0923379357569	-34.4052321491582
			53.1359993978751	-34.36157068704
			53.1796608599933	-34.36157068704
			53.2233223221115	-34.3179092249218
			53.2669837842297	-34.2742477628036
			53.310645246348	-34.2305863006853
			53.3543067084662	-34.1869248385671
			53.3979681705844	-34.1432633764489
			53.4416296327026	-34.1432633764489
			53.4852910948208	-34.0996019143307
			53.5289525569391	-34.0559404522125
			53.5289525569391	-34.0122789900942
			53.5726140190573	-33.968617527976
			53.6162754811755	-33.9249560658578
			53.6599369432937	-33.9249560658578
			53.703598405412	-33.8812946037396
			53.7472598675302	-33.8376331416214
			53.7909213296484	-33.7939716795031
			53.8345827917666	-33.7503102173849
			53.8782442538848	-33.7503102173849
			53.9219057160031	-33.7066487552667
			53.9655671781213	-33.6629872931485
			54.0092286402395	-33.6193258310302
			54.0528901023577	-33.575664368912
			54.0965515644759	-33.5320029067938
			54.1402130265942	-33.4883414446756
			54.1838744887124	-33.4446799825574
			54.2275359508306	-33.4446799825574
			54.2275359508306	-33.4010185204391
			54.2711974129488	-33.4010185204391
			54.314858875067	-33.3573570583209
			54.314858875067	-33.3136955962027
			54.3585203371853	-33.3136955962027
			54.4021817993035	-33.2700341340845
			54.4458432614217	-33.2263726719663
			54.4895047235399	-33.182711209848
			54.5331661856582	-33.1390497477298
			54.5768276477764	-33.1390497477298
			54.6204891098946	-33.0953882856116
			54.6204891098946	-33.0517268234934
			54.6641505720128	-33.0517268234934
			54.707812034131	-33.0080653613752
			54.7514734962493	-32.9644038992569
			54.7951349583675	-32.9644038992569
			54.7951349583675	-32.9207424371387
			54.8387964204857	-32.8770809750205
			54.8824578826039	-32.8770809750205
			54.9261193447221	-32.8334195129023
			54.9697808068404	-32.789758050784
			55.0134422689586	-32.7460965886658
			55.0571037310768	-32.7024351265476
			55.100765193195	-32.7024351265476
			55.1444266553132	-32.6587736644294
			55.1880881174315	-32.6151122023112
			55.2317495795497	-32.5714507401929
			55.2754110416679	-32.5277892780747
			55.3190725037861	-32.5277892780747
			55.3190725037861	-32.4841278159565
			55.3627339659044	-32.4404663538383
			55.4063954280226	-32.3968048917201
			55.4500568901408	-32.3968048917201
			55.493718352259	-32.3531434296018
			55.5373798143772	-32.3094819674836
			55.5810412764955	-32.2658205053654
			55.6247027386137	-32.2658205053654
			55.6683642007319	-32.2221590432472
			55.7120256628501	-32.178497581129
			55.7556871249683	-32.178497581129
			55.7556871249683	-32.1348361190107
			55.7993485870866	-32.0911746568925
			55.8430100492048	-32.0475131947743
			55.886671511323	-32.0475131947743
			55.9303329734412	-32.0038517326561
			55.9739944355594	-31.9601902705378
			56.0176558976777	-31.9165288084196
			56.0613173597959	-31.9165288084196
			56.1049788219141	-31.8728673463014
			56.1486402840323	-31.8292058841832
			56.1923017461506	-31.785544422065
			56.2359632082688	-31.7418829599467
			56.279624670387	-31.6982214978285
			56.3232861325052	-31.6982214978285
			56.3669475946234	-31.6545600357103
			56.4106090567417	-31.6108985735921
			56.4542705188599	-31.5672371114739
			56.4979319809781	-31.5672371114739
			56.5415934430963	-31.5235756493556
			56.5852549052145	-31.4799141872374
			56.6289163673328	-31.4362527251192
			56.672577829451	-31.392591263001
			56.7162392915692	-31.392591263001
			56.7599007536874	-31.3489298008827
			56.8035622158056	-31.3052683387645
			56.8472236779239	-31.3052683387645
			56.8908851400421	-31.2616068766463
			56.8908851400421	-31.2179454145281
			56.9345466021603	-31.2179454145281
			56.9782080642785	-31.1742839524099
			57.0218695263968	-31.1306224902916
			57.065530988515	-31.1306224902916
			57.1091924506332	-31.0869610281734
			57.1528539127514	-31.0432995660552
			57.1965153748696	-31.0432995660552
			57.2401768369879	-30.999638103937
			57.2838382991061	-30.9559766418188
			57.3274997612243	-30.9123151797005
			57.3711612233425	-30.8686537175823
			57.4148226854607	-30.8686537175823
			57.458484147579	-30.8249922554641
			57.5021456096972	-30.7813307933459
			57.5458070718154	-30.7376693312277
			57.5894685339336	-30.7376693312277
			57.6331299960518	-30.6940078691094
			57.6767914581701	-30.6940078691094
			57.6767914581701	-30.6503464069912
			57.7204529202883	-30.606684944873
			57.7641143824065	-30.606684944873
			57.8077758445247	-30.5630234827548
			57.851437306643	-30.5193620206365
			57.8950987687612	-30.5193620206365
			57.9387602308794	-30.4757005585183
			57.9824216929976	-30.4320390964001
			58.0260831551158	-30.4320390964001
			58.0697446172341	-30.3883776342819
			58.1134060793523	-30.3447161721637
			58.1570675414705	-30.3010547100454
			58.2007290035887	-30.2573932479272
			58.2443904657069	-30.2573932479272
			58.2880519278252	-30.213731785809
			58.3317133899434	-30.1700703236908
			58.3753748520616	-30.1700703236908
			58.4190363141798	-30.1264088615726
			58.4626977762981	-30.0827473994543
			58.5063592384163	-30.0827473994543
			58.5063592384163	-30.0390859373361
			58.5500207005345	-30.0390859373361
			58.5936821626527	-29.9954244752179
			58.6373436247709	-29.9954244752179
			58.6810050868892	-29.9517630130997
			58.7246665490074	-29.9081015509815
			58.7683280111256	-29.9081015509815
			58.8119894732438	-29.8644400888632
			58.855650935362	-29.820778626745
			58.8993123974803	-29.820778626745
			58.9429738595985	-29.7771171646268
			58.9866353217167	-29.7771171646268
			58.9866353217167	-29.7334557025086
			59.0302967838349	-29.6897942403903
			59.0739582459531	-29.6897942403903
			59.1176197080714	-29.6461327782721
			59.1612811701896	-29.6461327782721
			59.2049426323078	-29.6024713161539
			59.248604094426	-29.5588098540357
			59.2922655565443	-29.5588098540357
			59.3359270186625	-29.5151483919175
			59.3795884807807	-29.5151483919175
			59.3795884807807	-29.4714869297992
			59.4232499428989	-29.4714869297992
			59.4669114050171	-29.427825467681
			59.5105728671354	-29.3841640055628
			59.5542343292536	-29.3841640055628
			59.5978957913718	-29.3405025434446
			59.64155725349	-29.3405025434446
			59.6852187156082	-29.2968410813264
			59.7288801777265	-29.2968410813264
			59.7288801777265	-29.2531796192081
			59.7725416398447	-29.2095181570899
			59.8162031019629	-29.2095181570899
			59.8598645640811	-29.1658566949717
			59.9035260261993	-29.1658566949717
			59.9471874883176	-29.1221952328535
			59.9908489504358	-29.1221952328535
			60.034510412554	-29.0785337707353
			60.0781718746722	-29.034872308617
			60.1218333367905	-29.034872308617
			60.1654947989087	-28.9912108464988
			60.2091562610269	-28.9475493843806
			60.2528177231451	-28.9475493843806
			60.2964791852633	-28.9038879222624
			60.3401406473816	-28.9038879222624
			60.3838021094998	-28.8602264601441
			60.427463571618	-28.8165649980259
			60.4711250337362	-28.8165649980259
			60.5147864958544	-28.7729035359077
			60.5584479579727	-28.7729035359077
			60.6021094200909	-28.7292420737895
			60.6457708822091	-28.7292420737895
			60.6894323443273	-28.6855806116713
			60.7330938064455	-28.6855806116713
			60.7767552685638	-28.641919149553
			60.820416730682	-28.641919149553
			60.8640781928002	-28.5982576874348
			60.9077396549184	-28.5545962253166
			60.9514011170367	-28.5545962253166
			60.9950625791549	-28.5109347631984
			61.0387240412731	-28.4672733010802
			61.0823855033913	-28.4672733010802
			61.1260469655095	-28.4672733010802
			61.1697084276278	-28.4236118389619
			61.213369889746	-28.4236118389619
			61.2570313518642	-28.3799503768437
			61.3006928139824	-28.3362889147255
			61.3443542761006	-28.3362889147255
			61.3880157382189	-28.2926274526073
			61.4316772003371	-28.2926274526073
			61.4753386624553	-28.2489659904891
			61.5190001245735	-28.2489659904891
			61.5626615866917	-28.2053045283708
			61.60632304881	-28.2053045283708
			61.6499845109282	-28.2053045283708
			61.6936459730464	-28.1616430662526
			61.7373074351646	-28.1179816041344
			61.7809688972829	-28.1179816041344
			61.8246303594011	-28.0743201420162
			61.8682918215193	-28.0743201420162
			61.9119532836375	-28.0306586798979
			61.9556147457557	-28.0306586798979
			61.999276207874	-28.0306586798979
			61.999276207874	-27.9869972177797
			62.0429376699922	-27.9869972177797
			62.0865991321104	-27.9869972177797
			62.0865991321104	-27.9433357556615
			62.1302605942286	-27.9433357556615
			62.1739220563468	-27.8996742935433
			62.2175835184651	-27.8560128314251
			62.2612449805833	-27.8560128314251
			62.3049064427015	-27.8123513693068
			62.3485679048197	-27.8123513693068
			62.3922293669379	-27.7686899071886
			62.4358908290562	-27.7250284450704
			62.4795522911744	-27.6813669829522
			62.5232137532926	-27.6813669829522
			62.5668752154108	-27.637705520834
			62.6105366775291	-27.637705520834
			62.6541981396473	-27.5940440587157
			62.6978596017655	-27.5940440587157
			62.7415210638837	-27.5503825965975
			62.7851825260019	-27.5067211344793
			62.8288439881202	-27.5067211344793
			62.8288439881202	-27.4630596723611
			62.8725054502384	-27.4630596723611
			62.9161669123566	-27.4193982102428
			62.9598283744748	-27.4193982102428
			63.003489836593	-27.3757367481246
			63.0471512987113	-27.3757367481246
			63.0908127608295	-27.3320752860064
			63.1344742229477	-27.3320752860064
			63.1781356850659	-27.2884138238882
			63.2217971471841	-27.2884138238882
			63.2654586093024	-27.24475236177
			63.3091200714206	-27.24475236177
			63.3527815335388	-27.2010908996517
			63.396442995657	-27.2010908996517
			63.4401044577753	-27.1574294375335
			63.4837659198935	-27.1137679754153
			63.5274273820117	-27.1137679754153
			63.5710888441299	-27.1137679754153
			63.6147503062481	-27.0701065132971
			63.6584117683664	-27.0701065132971
			63.7020732304846	-27.0264450511789
			63.7457346926028	-27.0264450511789
			63.789396154721	-26.9827835890606
			63.8330576168392	-26.9827835890606
			63.8767190789575	-26.9827835890606
			63.8767190789575	-26.9391221269424
			63.9203805410757	-26.9391221269424
			63.9640420031939	-26.9391221269424
			64.0077034653121	-26.8954606648242
			64.0513649274304	-26.8954606648242
			64.0950263895486	-26.851799202706
			64.1386878516668	-26.851799202706
			64.182349313785	-26.8081377405878
			64.2260107759032	-26.8081377405878
			64.2696722380215	-26.8081377405878
			64.3133337001397	-26.7644762784695
			64.3569951622579	-26.7644762784695
			64.4006566243761	-26.7644762784695
			64.4443180864943	-26.7208148163513
			64.4879795486126	-26.7208148163513
			64.5316410107308	-26.7208148163513
			64.575302472849	-26.6771533542331
			64.6189639349672	-26.6771533542331
			64.6626253970854	-26.6771533542331
			64.7062868592037	-26.6334918921149
			64.7499483213219	-26.6334918921149
			64.7936097834401	-26.5898304299966
			64.8372712455583	-26.5898304299966
			64.8809327076765	-26.5898304299966
			64.9245941697948	-26.5461689678784
			64.968255631913	-26.5461689678784
			65.0119170940312	-26.5461689678784
			65.0555785561494	-26.5461689678784
			65.0992400182677	-26.5461689678784
			65.1429014803859	-26.5025075057602
			65.1865629425041	-26.5025075057602
			65.2302244046223	-26.5025075057602
			65.2738858667405	-26.458846043642
			65.3175473288588	-26.458846043642
			65.361208790977	-26.458846043642
			65.4048702530952	-26.458846043642
			65.4485317152134	-26.458846043642
			65.4921931773316	-26.4151845815238
			65.5358546394499	-26.4151845815238
			65.5795161015681	-26.4151845815238
			65.6231775636863	-26.4151845815238
			65.6668390258045	-26.4151845815238
			65.7105004879228	-26.3715231194055
			65.754161950041	-26.3715231194055
			65.7978234121592	-26.3715231194055
			65.8414848742774	-26.3715231194055
			65.8851463363956	-26.3715231194055
			65.9288077985139	-26.3715231194055
			65.9724692606321	-26.3278616572873
			66.0161307227503	-26.3278616572873
			66.0597921848685	-26.3278616572873
			66.1034536469867	-26.3278616572873
			66.147115109105	-26.3278616572873
			66.1907765712232	-26.3278616572873
			66.2344380333414	-26.3278616572873
			66.2780994954596	-26.3278616572873
			66.3217609575779	-26.2842001951691
			66.3654224196961	-26.2842001951691
			66.4090838818143	-26.2842001951691
			66.4527453439325	-26.2842001951691
			66.4964068060507	-26.2842001951691
			66.540068268169	-26.2842001951691
			66.5837297302872	-26.2842001951691
			66.6273911924054	-26.2842001951691
			66.6710526545236	-26.2842001951691
			66.7147141166418	-26.2842001951691
			66.7583755787601	-26.2842001951691
			66.8020370408783	-26.2842001951691
			66.8456985029965	-26.2842001951691
			66.8893599651147	-26.2842001951691
			66.9330214272329	-26.2842001951691
			66.9766828893512	-26.2842001951691
			67.0203443514694	-26.2842001951691
			67.0640058135876	-26.2842001951691
			67.1076672757058	-26.2842001951691
			67.151328737824	-26.2842001951691
			67.1949901999423	-26.2842001951691
			67.2386516620605	-26.2842001951691
			67.2823131241787	-26.2842001951691
			67.3259745862969	-26.2842001951691
			67.3696360484152	-26.2842001951691
			67.4132975105334	-26.2842001951691
			67.4569589726516	-26.2842001951691
			67.5006204347698	-26.2842001951691
			67.544281896888	-26.3278616572873
			67.5879433590063	-26.3278616572873
			67.6316048211245	-26.3278616572873
			67.6752662832427	-26.3278616572873
			67.7189277453609	-26.3278616572873
			67.7625892074791	-26.3278616572873
			67.8062506695974	-26.3278616572873
			67.8499121317156	-26.3278616572873
			67.8935735938338	-26.3715231194055
			67.937235055952	-26.3715231194055
			67.9808965180703	-26.3715231194055
			68.0245579801885	-26.3715231194055
			68.0682194423067	-26.3715231194055
			68.1118809044249	-26.3715231194055
			68.1555423665431	-26.4151845815238
			68.1992038286614	-26.4151845815238
			68.2428652907796	-26.4151845815238
			68.2865267528978	-26.4151845815238
			68.330188215016	-26.4151845815238
			68.330188215016	-26.458846043642
			68.3738496771342	-26.458846043642
			68.4175111392525	-26.458846043642
			68.4611726013707	-26.458846043642
			68.5048340634889	-26.5025075057602
			68.5484955256071	-26.5025075057602
			68.5921569877253	-26.5025075057602
			68.6358184498436	-26.5025075057602
			68.6794799119618	-26.5461689678784
			68.72314137408	-26.5461689678784
			68.7668028361982	-26.5461689678784
			68.8104642983164	-26.5461689678784
			68.8541257604347	-26.5898304299966
			68.8977872225529	-26.5898304299966
			68.9414486846711	-26.5898304299966
			68.9851101467893	-26.6334918921149
			69.0287716089076	-26.6334918921149
			69.0724330710258	-26.6334918921149
			69.116094533144	-26.6771533542331
			69.1597559952622	-26.6771533542331
			69.2034174573804	-26.6771533542331
			69.2470789194987	-26.7208148163513
			69.2907403816169	-26.7208148163513
			69.3344018437351	-26.7208148163513
			69.3780633058533	-26.7644762784695
			69.4217247679715	-26.7644762784695
			69.4653862300898	-26.7644762784695
			69.509047692208	-26.7644762784695
			69.5527091543262	-26.7208148163513
			69.5963706164444	-26.7208148163513
			69.6400320785627	-26.7208148163513
			69.6836935406809	-26.7208148163513
			69.7273550027991	-26.7208148163513
			69.7710164649173	-26.7208148163513
			69.8146779270355	-26.7208148163513
			69.8583393891538	-26.6771533542331
			69.902000851272	-26.6771533542331
			69.9456623133902	-26.6771533542331
			69.9893237755084	-26.6771533542331
			70.0329852376266	-26.6771533542331
			70.0766466997449	-26.6771533542331
			70.1203081618631	-26.6771533542331
			70.1639696239813	-26.6771533542331
			70.2076310860995	-26.6334918921149
			70.2512925482177	-26.6334918921149
			70.294954010336	-26.6334918921149
			70.3386154724542	-26.6334918921149
			70.3822769345724	-26.6334918921149
			70.4259383966906	-26.6334918921149
			70.4695998588088	-26.6334918921149
			70.5132613209271	-26.6334918921149
			70.5569227830453	-26.6334918921149
			70.6005842451635	-26.5898304299966
			70.6442457072817	-26.5898304299966
			70.6879071694	-26.5898304299966
			70.7315686315182	-26.5898304299966
			70.7752300936364	-26.5898304299966
			70.8188915557546	-26.5898304299966
			70.8625530178728	-26.5898304299966
			70.9062144799911	-26.5898304299966
			70.9498759421093	-26.5898304299966
			70.9935374042275	-26.5898304299966
			71.0371988663457	-26.5898304299966
			71.0808603284639	-26.5898304299966
			71.0808603284639	-26.5461689678784
			71.1245217905822	-26.5461689678784
			71.1681832527004	-26.5461689678784
			71.2118447148186	-26.5461689678784
			71.2555061769368	-26.5461689678784
			71.2991676390551	-26.5461689678784
			71.3428291011733	-26.5461689678784
			71.3864905632915	-26.5461689678784
			71.4301520254097	-26.5461689678784
			71.4738134875279	-26.5461689678784
			71.5174749496462	-26.5461689678784
			71.5611364117644	-26.5461689678784
			71.6047978738826	-26.5461689678784
			71.6484593360008	-26.5461689678784
			71.692120798119	-26.5461689678784
			71.7357822602373	-26.5461689678784
			71.7794437223555	-26.5025075057602
			71.8231051844737	-26.5025075057602
			71.8667666465919	-26.5025075057602
			71.9104281087101	-26.5025075057602
			71.9540895708284	-26.5025075057602
			71.9977510329466	-26.5025075057602
			72.0414124950648	-26.5025075057602
			72.085073957183	-26.5025075057602
			72.1287354193013	-26.5025075057602
			72.1723968814195	-26.5025075057602
			72.2160583435377	-26.5025075057602
			72.2597198056559	-26.5025075057602
			72.3033812677741	-26.5025075057602
			72.3470427298924	-26.5025075057602
			72.3907041920106	-26.5025075057602
			72.4343656541288	-26.5025075057602
			72.478027116247	-26.5025075057602
			72.5216885783652	-26.5025075057602
			72.5653500404835	-26.5025075057602
			72.6090115026017	-26.5025075057602
			72.6526729647199	-26.5025075057602
			72.6963344268381	-26.5025075057602
			72.7399958889563	-26.5025075057602
			72.7836573510746	-26.5025075057602
			72.8273188131928	-26.5025075057602
			72.870980275311	-26.5025075057602
			72.9146417374292	-26.5025075057602
			72.9583031995475	-26.5025075057602
			73.0019646616657	-26.5025075057602
			73.0456261237839	-26.5025075057602
			73.0892875859021	-26.5025075057602
			73.1329490480203	-26.5025075057602
			73.1766105101386	-26.5025075057602
			73.2202719722568	-26.5025075057602
			73.263933434375	-26.5025075057602
			73.3075948964932	-26.5025075057602
			73.3512563586115	-26.5025075057602
			73.3949178207297	-26.5025075057602
			73.4385792828479	-26.5025075057602
			73.4822407449661	-26.5461689678784
			73.5259022070843	-26.5461689678784
			73.5695636692026	-26.5461689678784
			73.6132251313208	-26.5461689678784
			73.656886593439	-26.5461689678784
			73.7005480555572	-26.5461689678784
			73.7442095176754	-26.5461689678784
			73.7878709797937	-26.5461689678784
			73.8315324419119	-26.5461689678784
			73.8751939040301	-26.5461689678784
			73.9188553661483	-26.5461689678784
			73.9625168282665	-26.5461689678784
			74.0061782903848	-26.5461689678784
			74.049839752503	-26.5461689678784
			74.0935012146212	-26.5461689678784
			74.0935012146212	-26.5898304299966
			74.1371626767394	-26.5898304299966
			74.1808241388576	-26.5898304299966
			74.2244856009759	-26.5898304299966
			74.2681470630941	-26.5898304299966
			74.3118085252123	-26.5898304299966
			74.3554699873305	-26.5898304299966
			74.3991314494487	-26.5898304299966
			74.442792911567	-26.5898304299966
			74.4864543736852	-26.5898304299966
			74.5301158358034	-26.5898304299966
			74.5737772979216	-26.6334918921149
			74.6174387600399	-26.6334918921149
			74.6611002221581	-26.6334918921149
			74.7047616842763	-26.6334918921149
			74.7484231463945	-26.6334918921149
			74.7920846085127	-26.6334918921149
			74.835746070631	-26.6334918921149
			74.8794075327492	-26.6334918921149
			74.9230689948674	-26.6771533542331
			74.9667304569856	-26.6771533542331
			75.0103919191039	-26.6771533542331
			75.0540533812221	-26.6771533542331
			75.0977148433403	-26.6771533542331
			75.1413763054585	-26.6771533542331
			75.1850377675767	-26.7208148163513
			75.228699229695	-26.7208148163513
			75.2723606918132	-26.7208148163513
			75.3160221539314	-26.7208148163513
			75.3596836160496	-26.7208148163513
			75.4033450781678	-26.7208148163513
			75.4470065402861	-26.7208148163513
			75.4906680024043	-26.7644762784695
			75.5343294645225	-26.7644762784695
			75.5779909266407	-26.7644762784695
			75.6216523887589	-26.7644762784695
			75.6653138508772	-26.7644762784695
			75.6653138508772	-26.8081377405878
			75.7089753129954	-26.8081377405878
			75.7526367751136	-26.8081377405878
			75.7962982372318	-26.8081377405878
			75.83995969935	-26.8081377405878
			75.8836211614683	-26.851799202706
			75.9272826235865	-26.851799202706
			75.9709440857047	-26.851799202706
			76.0146055478229	-26.851799202706
			76.0582670099411	-26.851799202706
			76.1019284720594	-26.8954606648242
			76.1455899341776	-26.8954606648242
			76.1892513962958	-26.8954606648242
			76.232912858414	-26.8954606648242
			76.2765743205323	-26.8954606648242
			76.3202357826505	-26.9391221269424
			76.3638972447687	-26.9391221269424
			76.4075587068869	-26.9391221269424
			76.4512201690051	-26.9827835890606
			76.4948816311234	-26.9827835890606
			76.5385430932416	-26.9827835890606
			76.5822045553598	-26.9827835890606
			76.625866017478	-27.0264450511789
			76.6695274795962	-27.0264450511789
			76.7131889417145	-27.0264450511789
			76.7568504038327	-27.0264450511789
			76.8005118659509	-27.0701065132971
			76.8441733280691	-27.0701065132971
			76.8878347901874	-27.0701065132971
			76.9314962523056	-27.1137679754153
			76.9751577144238	-27.1137679754153
			77.018819176542	-27.1137679754153
			77.0624806386602	-27.1137679754153
			77.1061421007785	-27.1574294375335
			77.1498035628967	-27.1574294375335
			77.1934650250149	-27.1574294375335
			77.1934650250149	-27.2010908996517
			77.2371264871331	-27.2010908996517
			77.2807879492513	-27.2010908996517
			77.3244494113696	-27.2010908996517
			77.3681108734878	-27.24475236177
			77.411772335606	-27.24475236177
			77.4554337977242	-27.24475236177
			77.4990952598424	-27.2884138238882
			77.5427567219607	-27.2884138238882
			77.5864181840789	-27.2884138238882
			77.6300796461971	-27.3320752860064
			77.6737411083153	-27.3320752860064
			77.7174025704335	-27.3757367481246
			77.7610640325518	-27.3757367481246
			77.80472549467	-27.3757367481246
			77.8483869567882	-27.4193982102428
			77.8920484189064	-27.4193982102428
			77.9357098810247	-27.4630596723611
			77.9793713431429	-27.4630596723611
			78.0230328052611	-27.4630596723611
			78.0666942673793	-27.5067211344793
			78.1103557294975	-27.5067211344793
			78.1540171916158	-27.5503825965975
			78.197678653734	-27.5503825965975
			78.2413401158522	-27.5503825965975
			78.2850015779704	-27.5940440587157
			78.3286630400886	-27.5940440587157
			78.3723245022069	-27.637705520834
			78.4159859643251	-27.637705520834
			78.4596474264433	-27.6813669829522
			78.5033088885615	-27.6813669829522
			78.5469703506798	-27.7250284450704
			78.590631812798	-27.7250284450704
			78.6342932749162	-27.7250284450704
			78.6779547370344	-27.7686899071886
			78.7216161991526	-27.7686899071886
			78.7216161991526	-27.8123513693068
			78.7652776612709	-27.8123513693068
			78.8089391233891	-27.8123513693068
			78.8526005855073	-27.8560128314251
			78.8962620476255	-27.8560128314251
			78.9399235097437	-27.8996742935433
			78.983584971862	-27.8996742935433
			79.0272464339802	-27.9433357556615
			79.0709078960984	-27.9433357556615
			79.1145693582166	-27.9869972177797
			79.1582308203349	-27.9869972177797
			79.1582308203349	-28.0306586798979
			79.2018922824531	-28.0306586798979
			79.2455537445713	-28.0743201420162
			79.2892152066895	-28.0743201420162
			79.3328766688077	-28.1179816041344
			79.376538130926	-28.1179816041344
			79.4201995930442	-28.1616430662526
			79.4638610551624	-28.1616430662526
			79.4638610551624	-28.2053045283708
			79.5075225172806	-28.2053045283708
			79.5511839793988	-28.2489659904891
			79.5948454415171	-28.2489659904891
			79.6385069036353	-28.2926274526073
			79.6821683657535	-28.2926274526073
			79.7258298278717	-28.3362889147255
			79.7694912899899	-28.3362889147255
			79.7694912899899	-28.3799503768437
			79.8131527521082	-28.3799503768437
			79.8568142142264	-28.4236118389619
			79.9004756763446	-28.4236118389619
			79.9441371384628	-28.4672733010802
			79.987798600581	-28.4672733010802
			80.0314600626993	-28.5109347631984
			80.0314600626993	-28.5545962253166
			80.0751215248175	-28.5545962253166
			80.1187829869357	-28.5982576874348
			80.1624444490539	-28.5982576874348
			80.2061059111722	-28.641919149553
			80.2497673732904	-28.641919149553
			80.2497673732904	-28.6855806116713
			80.2934288354086	-28.7292420737895
			80.3370902975268	-28.7292420737895
			80.380751759645	-28.7729035359077
			80.4244132217633	-28.7729035359077
			80.4680746838815	-28.8165649980259
			80.4680746838815	-28.8602264601441
			80.5117361459997	-28.8602264601441
			80.5553976081179	-28.9038879222624
			80.5990590702362	-28.9038879222624
			80.6427205323544	-28.9475493843806
			80.6427205323544	-28.9912108464988
			80.6863819944726	-28.9912108464988
			80.7300434565908	-29.034872308617
			80.773704918709	-29.034872308617
			80.8173663808273	-29.0785337707353
			80.8173663808273	-29.1221952328535
			80.8610278429455	-29.1221952328535
			80.9046893050637	-29.1658566949717
			80.9483507671819	-29.2095181570899
			80.9920122293001	-29.2095181570899
			80.9920122293001	-29.2531796192081
			81.0356736914184	-29.2531796192081
			81.0793351535366	-29.2968410813264
			81.1229966156548	-29.3405025434446
			81.166658077773	-29.3405025434446
			81.166658077773	-29.3841640055628
			81.2103195398912	-29.427825467681
			81.2539810020095	-29.427825467681
			81.2976424641277	-29.4714869297992
			81.2976424641277	-29.5151483919175
			81.3413039262459	-29.5151483919175
			81.3849653883641	-29.5588098540357
			81.4286268504823	-29.6024713161539
			81.4722883126006	-29.6024713161539
			81.4722883126006	-29.6461327782721
			81.5159497747188	-29.6897942403903
			81.559611236837	-29.7334557025086
			81.6032726989552	-29.7334557025086
			81.6032726989552	-29.7771171646268
			81.6469341610734	-29.820778626745
			81.6905956231917	-29.820778626745
			81.7342570853099	-29.8644400888632
			81.7342570853099	-29.9081015509815
			81.7779185474281	-29.9517630130997
			81.8215800095463	-29.9517630130997
			81.8652414716646	-29.9954244752179
			81.8652414716646	-30.0390859373361
			81.9089029337828	-30.0390859373361
			81.952564395901	-30.0827473994543
			81.952564395901	-30.1264088615726
			81.9962258580192	-30.1700703236908
			82.0398873201374	-30.1700703236908
			82.0835487822557	-30.213731785809
			82.0835487822557	-30.2573932479272
			82.1272102443739	-30.3010547100454
			82.1708717064921	-30.3010547100454
			82.2145331686103	-30.3447161721637
			82.2145331686103	-30.3883776342819
			82.2581946307286	-30.4320390964001
			82.3018560928468	-30.4320390964001
			82.3018560928468	-30.4757005585183
			82.345517554965	-30.5193620206365
			82.3891790170832	-30.5630234827548
			82.3891790170832	-30.606684944873
			82.4328404792014	-30.606684944873
			82.4765019413197	-30.6503464069912
			82.5201634034379	-30.6940078691094
			82.5201634034379	-30.7376693312277
			82.5638248655561	-30.7813307933459
			82.6074863276743	-30.7813307933459
			82.6074863276743	-30.8249922554641
			82.6511477897925	-30.8686537175823
			82.6948092519108	-30.9123151797005
			82.6948092519108	-30.9559766418188
			82.738470714029	-30.9559766418188
			82.7821321761472	-30.999638103937
			82.7821321761472	-31.0432995660552
			82.8257936382654	-31.0869610281734
			82.8694551003836	-31.1306224902916
			82.9131165625019	-31.1306224902916
			82.9567780246201	-31.1742839524099
			83.0004394867383	-31.1742839524099
			83.0441009488565	-31.2179454145281
			83.0877624109747	-31.2179454145281
			83.131423873093	-31.2179454145281
			83.1750853352112	-31.2616068766463
			83.2187467973294	-31.2616068766463
			83.2624082594476	-31.3052683387645
			83.3060697215658	-31.3052683387645
			83.3497311836841	-31.3489298008827
			83.3933926458023	-31.392591263001
			83.4370541079205	-31.392591263001
			83.4807155700387	-31.4362527251192
			83.524377032157	-31.4362527251192
			83.5680384942752	-31.4799141872374
			83.6116999563934	-31.5235756493556
			83.6553614185116	-31.5672371114739
			83.6990228806298	-31.5672371114739
			83.7426843427481	-31.6108985735921
			83.7863458048663	-31.6545600357103
			83.8300072669845	-31.6545600357103
			83.8736687291027	-31.6982214978285
			83.917330191221	-31.7418829599467
			83.9609916533392	-31.785544422065
			84.0046531154574	-31.785544422065
			84.0483145775756	-31.8292058841832
			84.0483145775756	-31.8728673463014
			84.0919760396938	-31.8728673463014
			84.1356375018121	-31.9165288084196
			84.1792989639303	-31.9601902705378
			84.2229604260485	-31.9601902705378
			84.2229604260485	-32.0038517326561
			84.2666218881667	-32.0475131947743
			84.3102833502849	-32.0475131947743
			84.3539448124032	-32.0911746568925
			84.3976062745214	-32.1348361190107
			84.3976062745214	-32.178497581129
			84.4412677366396	-32.2221590432472
			84.4849291987578	-32.2221590432472
			84.528590660876	-32.2658205053654
			84.5722521229943	-32.3094819674836
			84.5722521229943	-32.3531434296018
			84.6159135851125	-32.3968048917201
			84.6595750472307	-32.3968048917201
			84.7032365093489	-32.4404663538383
			84.7468979714671	-32.4841278159565
			84.7905594335854	-32.5277892780747
			84.7905594335854	-32.5714507401929
			84.8342208957036	-32.6151122023112
			84.8778823578218	-32.6587736644294
			84.92154381994	-32.7024351265476
			84.9652052820582	-32.7460965886658
			85.0088667441765	-32.789758050784
			85.0088667441765	-32.8334195129023
			85.0525282062947	-32.8770809750205
			85.0961896684129	-32.9207424371387
			85.1398511305311	-32.9644038992569
			85.1835125926494	-33.0080653613752
			85.2271740547676	-33.0517268234934
			85.2708355168858	-33.0953882856116
			85.2708355168858	-33.1390497477298
			85.314496979004	-33.182711209848
			85.3581584411222	-33.2263726719663
			85.4018199032405	-33.2700341340845
			85.4454813653587	-33.3136955962027
			85.4891428274769	-33.3573570583209
			85.5328042895951	-33.4010185204391
			85.5764657517134	-33.4446799825574
			85.5764657517134	-33.4883414446756
			85.6201272138316	-33.5320029067938
			85.6201272138316	-33.575664368912
			85.6637886759498	-33.575664368912
			85.6637886759498	-33.6193258310302
			85.707450138068	-33.6629872931485
			85.7511116001862	-33.7066487552667
			85.7511116001862	-33.7503102173849
			85.7947730623045	-33.7939716795031
			85.8384345244227	-33.8376331416214
			85.8384345244227	-33.8812946037396
			85.8820959865409	-33.8812946037396
			85.9257574486591	-33.9249560658578
			85.9257574486591	-33.968617527976
			85.9694189107773	-34.0122789900942
			86.0130803728956	-34.0559404522125
			86.0130803728956	-34.0996019143307
			86.0567418350138	-34.1432633764489
			86.100403297132	-34.1869248385671
			86.100403297132	-34.2305863006853
			86.1440647592502	-34.2742477628036
			86.1877262213685	-34.3179092249218
			86.1877262213685	-34.36157068704
			86.2313876834867	-34.4052321491582
			86.2750491456049	-34.4488936112764
			86.2750491456049	-34.4925550733947
			86.3187106077231	-34.5362165355129
			86.3623720698413	-34.5798779976311
			86.3623720698413	-34.6235394597493
			86.4060335319596	-34.6672009218676
			86.4496949940778	-34.7108623839858
			86.4496949940778	-34.754523846104
			86.493356456196	-34.7981853082222
			86.5370179183142	-34.8418467703404
			86.5370179183142	-34.8855082324587
			86.5806793804324	-34.9291696945769
			86.6243408425507	-34.9728311566951
			86.6243408425507	-35.0164926188133
			86.6680023046689	-35.0601540809315
			86.7116637667871	-35.1038155430498
			86.7116637667871	-35.147477005168
			86.7553252289053	-35.1911384672862
			86.7989866910235	-35.2347999294044
			86.7989866910235	-35.2784613915226
			86.8426481531418	-35.3221228536409
			86.88630961526	-35.3657843157591
			86.9299710773782	-35.4094457778773
			86.9299710773782	-35.4531072399955
			86.9299710773782	-35.4967687021138
			86.9736325394964	-35.4967687021138
			86.9736325394964	-35.540430164232
			87.0172940016146	-35.5840916263502
			87.0172940016146	-35.6277530884684
			87.0609554637329	-35.6714145505866
			87.1046169258511	-35.7150760127049
			87.1046169258511	-35.7587374748231
			87.1482783879693	-35.8023989369413
			87.1482783879693	-35.8460603990595
			87.1919398500875	-35.8897218611777
			87.2356013122058	-35.933383323296
			87.279262774324	-35.9770447854142
			87.279262774324	-36.0207062475324
			87.3229242364422	-36.0643677096506
			87.3229242364422	-36.1080291717688
			87.3665856985604	-36.1516906338871
			87.4102471606786	-36.1953520960053
			87.4102471606786	-36.2390135581235
			87.4539086227969	-36.2826750202417
			87.4539086227969	-36.32633648236
			87.4975700849151	-36.3699979444782
			87.4975700849151	-36.4136594065964
			87.5412315470333	-36.4573208687146
			87.5412315470333	-36.5009823308328
			87.5848930091515	-36.5446437929511
			87.6285544712697	-36.5883052550693
			87.6285544712697	-36.6319667171875
			87.672215933388	-36.6756281793057
			87.672215933388	-36.7192896414239
			87.7158773955062	-36.7629511035422
			87.7158773955062	-36.8066125656604
			87.7595388576244	-36.8502740277786
			87.7595388576244	-36.8939354898968
			87.8032003197426	-36.937596952015
			87.8468617818609	-36.9812584141333
			87.8468617818609	-37.0249198762515
			87.8905232439791	-37.0249198762515
			87.8905232439791	-37.0685813383697
			87.9341847060973	-37.1122428004879
			87.9341847060973	-37.1559042626062
			87.9778461682155	-37.1995657247244
			87.9778461682155	-37.2432271868426
			88.0215076303337	-37.2868886489608
			88.065169092452	-37.330550111079
			88.065169092452	-37.3742115731973
			88.1088305545702	-37.4178730353155
			88.1088305545702	-37.4615344974337
			88.1524920166884	-37.5051959595519
			88.1524920166884	-37.5488574216701
			88.1961534788066	-37.5925188837884
			88.1961534788066	-37.6361803459066
			88.2398149409248	-37.6798418080248
			88.2834764030431	-37.723503270143
			88.2834764030431	-37.7671647322613
			88.3271378651613	-37.8108261943795
			88.3271378651613	-37.8544876564977
			88.3707993272795	-37.8981491186159
			88.3707993272795	-37.9418105807341
			88.4144607893977	-37.9854720428524
			88.4144607893977	-38.0291335049706
			88.4581222515159	-38.0727949670888
			88.4581222515159	-38.116456429207
			88.5017837136342	-38.1601178913252
			88.5017837136342	-38.2037793534435
			88.5454451757524	-38.2474408155617
			88.5454451757524	-38.2911022776799
			88.5891066378706	-38.3347637397981
			88.5891066378706	-38.3784252019163
			88.6327680999888	-38.4220866640346
			88.6327680999888	-38.4657481261528
			88.676429562107	-38.509409588271
			88.7200910242253	-38.5530710503892
			88.7200910242253	-38.5967325125075
			88.7637524863435	-38.6403939746257
			88.8074139484617	-38.6840554367439
			88.8074139484617	-38.7277168988621
			88.8510754105799	-38.7713783609803
			88.8510754105799	-38.8150398230986
			88.8947368726982	-38.8587012852168
			88.8947368726982	-38.902362747335
			88.9383983348164	-38.9460242094532
			88.9383983348164	-38.9896856715714
			88.9820597969346	-39.0333471336897
			89.0257212590528	-39.0770085958079
			89.0257212590528	-39.1206700579261
			89.069382721171	-39.1643315200443
			89.069382721171	-39.2079929821625
			89.1130441832893	-39.2516544442808
			89.1130441832893	-39.295315906399
			89.1567056454075	-39.3389773685172
			89.1567056454075	-39.3826388306354
			89.2003671075257	-39.4263002927537
			89.2003671075257	-39.4699617548719
			89.2440285696439	-39.5136232169901
			89.2440285696439	-39.5572846791083
			89.2876900317621	-39.6009461412265
			89.3313514938804	-39.6446076033448
			89.3313514938804	-39.688269065463
			89.3750129559986	-39.7319305275812
			89.3750129559986	-39.7755919896994
			89.4186744181168	-39.8192534518176
			89.4186744181168	-39.8629149139359
			89.462335880235	-39.9065763760541
			89.462335880235	-39.9502378381723
			89.5059973423533	-39.9938993002905
			89.5059973423533	-40.0375607624087
			89.5496588044715	-40.081222224527
			89.5496588044715	-40.1248836866452
			89.5933202665897	-40.1685451487634
			89.5933202665897	-40.2122066108816
			89.6369817287079	-40.2558680729999
			89.6369817287079	-40.2995295351181
			89.6806431908261	-40.3431909972363
			89.6806431908261	-40.3868524593545
			89.7243046529444	-40.4305139214727
			89.7243046529444	-40.474175383591
			89.7679661150626	-40.474175383591
			89.7679661150626	-40.5178368457092
			89.8116275771808	-40.5614983078274
			89.8116275771808	-40.6051597699456
			89.8116275771808	-40.6488212320638
			89.855289039299	-40.6924826941821
			89.855289039299	-40.7361441563003
			89.8989505014172	-40.7798056184185
			89.8989505014172	-40.8234670805367
			89.9426119635355	-40.8671285426549
			89.9426119635355	-40.9107900047732
			89.9862734256537	-40.9544514668914
			89.9862734256537	-40.9981129290096
			90.0299348877719	-41.0417743911278
			90.0299348877719	-41.0854358532461
			90.0735963498901	-41.1290973153643
			90.0735963498901	-41.1727587774825
			90.1172578120083	-41.2164202396007
			90.1172578120083	-41.2600817017189
			90.1172578120083	-41.3037431638372
			90.1609192741266	-41.3037431638372
			90.1609192741266	-41.3474046259554
			90.2045807362448	-41.3910660880736
			90.2045807362448	-41.4347275501918
			90.248242198363	-41.47838901231
			90.248242198363	-41.5220504744283
			90.248242198363	-41.5657119365465
			90.2919036604812	-41.6093733986647
			90.2919036604812	-41.6530348607829
			90.3355651225994	-41.6966963229011
			90.3355651225994	-41.7403577850194
			90.3792265847177	-41.7840192471376
			90.3792265847177	-41.8276807092558
			90.3792265847177	-41.871342171374
			90.4228880468359	-41.9150036334923
			90.4228880468359	-41.9586650956105
			90.4665495089541	-41.9586650956105
			90.4665495089541	-42.0023265577287
			90.5102109710723	-42.0459880198469
			90.5102109710723	-42.0896494819651
			90.5102109710723	-42.1333109440834
			90.5538724331906	-42.1769724062016
			90.5538724331906	-42.2206338683198
			90.5975338953088	-42.264295330438
			90.5975338953088	-42.3079567925562
			90.5975338953088	-42.3516182546745
			90.641195357427	-42.3952797167927
			90.641195357427	-42.4389411789109
			90.6848568195452	-42.4389411789109
			90.6848568195452	-42.4826026410291
			90.6848568195452	-42.5262641031473
			90.7285182816634	-42.5699255652656
			90.7285182816634	-42.6135870273838
			90.7285182816634	-42.657248489502
			90.7721797437817	-42.7009099516202
			90.7721797437817	-42.7445714137385
			90.8158412058999	-42.7882328758567
			90.8158412058999	-42.8318943379749
			90.8158412058999	-42.8755558000931
			90.8595026680181	-42.8755558000931
			90.8595026680181	-42.9192172622113
			90.8595026680181	-42.9628787243296
			90.9031641301363	-43.0065401864478
			90.9031641301363	-43.050201648566
			90.9468255922545	-43.0938631106842
			90.9468255922545	-43.1375245728024
			90.9468255922545	-43.1811860349207
			90.9904870543728	-43.2248474970389
			90.9904870543728	-43.2685089591571
			90.9904870543728	-43.3121704212753
			91.034148516491	-43.3121704212753
			91.034148516491	-43.3558318833935
			91.034148516491	-43.3994933455118
			91.0778099786092	-43.44315480763
			91.0778099786092	-43.4868162697482
			91.0778099786092	-43.5304777318664
			91.1214714407274	-43.5741391939847
			91.1214714407274	-43.6178006561029
			91.1214714407274	-43.6614621182211
			91.1651329028457	-43.6614621182211
			91.1651329028457	-43.7051235803393
			91.1651329028457	-43.7487850424575
			91.2087943649639	-43.7924465045758
			91.2087943649639	-43.836107966694
			91.2087943649639	-43.8797694288122
			91.2524558270821	-43.9234308909304
			91.2524558270821	-43.9670923530486
			91.2961172892003	-44.0107538151669
			91.2961172892003	-44.0544152772851
			91.2961172892003	-44.0980767394033
			91.3397787513185	-44.1417382015215
			91.3397787513185	-44.1853996636397
			91.3397787513185	-44.229061125758
			91.3834402134368	-44.2727225878762
			91.3834402134368	-44.3163840499944
			91.3834402134368	-44.3600455121126
			91.427101675555	-44.4037069742309
			91.427101675555	-44.4473684363491
			91.427101675555	-44.4910298984673
			91.4707631376732	-44.5346913605855
			91.4707631376732	-44.5783528227037
			91.4707631376732	-44.622014284822
			91.5144245997914	-44.6656757469402
			91.5144245997914	-44.7093372090584
			91.5144245997914	-44.7529986711766
			91.5144245997914	-44.7966601332948
			91.5580860619096	-44.8403215954131
			91.5580860619096	-44.8839830575313
			91.5580860619096	-44.9276445196495
			91.6017475240279	-44.9713059817677
			91.6017475240279	-45.014967443886
			91.6017475240279	-45.0586289060042
			91.6454089861461	-45.1022903681224
			91.6454089861461	-45.1459518302406
			91.6454089861461	-45.1896132923588
			91.6454089861461	-45.2332747544771
			91.6890704482643	-45.2332747544771
			91.6890704482643	-45.2769362165953
			91.6890704482643	-45.3205976787135
			91.6890704482643	-45.3642591408317
			91.7327319103825	-45.4079206029499
			91.7327319103825	-45.4515820650682
			91.7327319103825	-45.4952435271864
			91.7763933725007	-45.5389049893046
			91.7763933725007	-45.5825664514228
			91.7763933725007	-45.626227913541
			91.7763933725007	-45.6698893756593
			91.820054834619	-45.7135508377775
			91.820054834619	-45.7572122998957
			91.820054834619	-45.8008737620139
			91.820054834619	-45.8445352241322
			91.8637162967372	-45.8881966862504
			91.8637162967372	-45.9318581483686
			91.8637162967372	-45.9755196104868
			91.8637162967372	-46.019181072605
			91.9073777588554	-46.0628425347233
			91.9073777588554	-46.1065039968415
			91.9073777588554	-46.1501654589597
			91.9073777588554	-46.1938269210779
			91.9510392209736	-46.2374883831961
			91.9510392209736	-46.2811498453144
			91.9510392209736	-46.3248113074326
			91.9510392209736	-46.3684727695508
			91.9947006830918	-46.412134231669
			91.9947006830918	-46.4557956937872
			91.9947006830918	-46.4994571559055
			91.9947006830918	-46.5431186180237
			91.9947006830918	-46.5867800801419
			92.0383621452101	-46.5867800801419
			92.0383621452101	-46.6304415422601
			92.0383621452101	-46.6741030043784
			92.0383621452101	-46.7177644664966
			92.0383621452101	-46.7614259286148
			92.0820236073283	-46.805087390733
			92.0820236073283	-46.8487488528512
			92.0820236073283	-46.8924103149695
			92.0820236073283	-46.9360717770877
			92.0820236073283	-46.9797332392059
			92.1256850694465	-47.0233947013241
			92.1256850694465	-47.0670561634423
			92.1256850694465	-47.1107176255606
			92.1256850694465	-47.1543790876788
			92.1256850694465	-47.198040549797
			92.1693465315647	-47.2417020119152
			92.1693465315647	-47.2853634740334
			92.1693465315647	-47.3290249361517
			92.1693465315647	-47.3726863982699
			92.1693465315647	-47.4163478603881
			92.1693465315647	-47.4600093225063
			92.213007993683	-47.5036707846246
			92.213007993683	-47.5473322467428
			92.213007993683	-47.590993708861
			92.213007993683	-47.6346551709792
			92.213007993683	-47.6783166330974
			92.213007993683	-47.7219780952157
			92.2566694558012	-47.7656395573339
			92.2566694558012	-47.8093010194521
			92.2566694558012	-47.8529624815703
			92.2566694558012	-47.8966239436885
			92.2566694558012	-47.9402854058068
			92.2566694558012	-47.983946867925
			92.2566694558012	-48.0276083300432
			92.2566694558012	-48.0712697921614
			92.3003309179194	-48.1149312542796
			92.3003309179194	-48.1585927163979
			92.3003309179194	-48.2022541785161
			92.3003309179194	-48.2459156406343
			92.3003309179194	-48.2895771027525
			92.3003309179194	-48.3332385648708
			92.3003309179194	-48.376900026989
			92.3003309179194	-48.4205614891072
			92.3003309179194	-48.4642229512254
			92.3003309179194	-48.5078844133436
			92.3439923800376	-48.5515458754619
			92.3439923800376	-48.5952073375801
			92.3439923800376	-48.6388687996983
			92.3439923800376	-48.6825302618165
			92.3439923800376	-48.7261917239347
			92.3439923800376	-48.769853186053
			92.3439923800376	-48.8135146481712
		</c1>
		<c2 type=matrix rownames=FALSE colnames=FALSE nrow=1198 ncol=2 as.numeric=TRUE >
			92.3439923800376	-48.8135146481712
			92.3003309179194	-48.8135146481712
			92.2566694558012	-48.769853186053
			92.213007993683	-48.769853186053
			92.1693465315647	-48.7261917239347
			92.1256850694465	-48.7261917239347
			92.0820236073283	-48.7261917239347
			92.0383621452101	-48.6825302618165
			91.9947006830918	-48.6825302618165
			91.9510392209736	-48.6825302618165
			91.9073777588554	-48.6388687996983
			91.8637162967372	-48.6388687996983
			91.820054834619	-48.6388687996983
			91.820054834619	-48.5952073375801
			91.7763933725007	-48.5952073375801
			91.7327319103825	-48.5952073375801
			91.6890704482643	-48.5515458754619
			91.6454089861461	-48.5515458754619
			91.6017475240279	-48.5515458754619
			91.5580860619096	-48.5078844133436
			91.5144245997914	-48.5078844133436
			91.4707631376732	-48.5078844133436
			91.427101675555	-48.4642229512254
			91.3834402134368	-48.4642229512254
			91.3397787513185	-48.4642229512254
			91.2961172892003	-48.4205614891072
			91.2524558270821	-48.4205614891072
			91.2087943649639	-48.4205614891072
			91.1651329028457	-48.376900026989
			91.1214714407274	-48.376900026989
			91.0778099786092	-48.376900026989
			91.034148516491	-48.3332385648708
			90.9904870543728	-48.3332385648708
			90.9468255922545	-48.3332385648708
			90.9031641301363	-48.2895771027525
			90.8595026680181	-48.2895771027525
			90.8158412058999	-48.2895771027525
			90.7721797437817	-48.2895771027525
			90.7721797437817	-48.2459156406343
			90.7285182816634	-48.2459156406343
			90.6848568195452	-48.2459156406343
			90.641195357427	-48.2459156406343
			90.5975338953088	-48.2022541785161
			90.5538724331906	-48.2022541785161
			90.5102109710723	-48.2022541785161
			90.4665495089541	-48.1585927163979
			90.4228880468359	-48.1585927163979
			90.3792265847177	-48.1585927163979
			90.3355651225994	-48.1585927163979
			90.2919036604812	-48.1149312542796
			90.248242198363	-48.1149312542796
			90.2045807362448	-48.1149312542796
			90.1609192741266	-48.1149312542796
			90.1172578120083	-48.0712697921614
			90.0735963498901	-48.0712697921614
			90.0299348877719	-48.0712697921614
			89.9862734256537	-48.0276083300432
			89.9426119635355	-48.0276083300432
			89.8989505014172	-48.0276083300432
			89.855289039299	-48.0276083300432
			89.8116275771808	-47.983946867925
			89.7679661150626	-47.983946867925
			89.7243046529444	-47.983946867925
			89.6806431908261	-47.983946867925
			89.6369817287079	-47.983946867925
			89.5933202665897	-47.9402854058068
			89.5496588044715	-47.9402854058068
			89.5059973423533	-47.9402854058068
			89.462335880235	-47.9402854058068
			89.4186744181168	-47.8966239436885
			89.3750129559986	-47.8966239436885
			89.3313514938804	-47.8966239436885
			89.2876900317621	-47.8966239436885
			89.2440285696439	-47.8966239436885
			89.2003671075257	-47.8529624815703
			89.1567056454075	-47.8529624815703
			89.1130441832893	-47.8529624815703
			89.069382721171	-47.8529624815703
			89.0257212590528	-47.8529624815703
			88.9820597969346	-47.8093010194521
			88.9383983348164	-47.8093010194521
			88.8947368726982	-47.8093010194521
			88.8510754105799	-47.8093010194521
			88.8074139484617	-47.8093010194521
			88.8074139484617	-47.7656395573339
			88.7637524863435	-47.7656395573339
			88.7200910242253	-47.7656395573339
			88.676429562107	-47.7656395573339
			88.6327680999888	-47.7656395573339
			88.5891066378706	-47.7656395573339
			88.5454451757524	-47.7219780952157
			88.5017837136342	-47.7219780952157
			88.4581222515159	-47.7219780952157
			88.4144607893977	-47.7219780952157
			88.3707993272795	-47.7219780952157
			88.3271378651613	-47.7219780952157
			88.2834764030431	-47.6783166330974
			88.2398149409248	-47.6783166330974
			88.1961534788066	-47.6783166330974
			88.1524920166884	-47.6783166330974
			88.1088305545702	-47.6783166330974
			88.065169092452	-47.6783166330974
			88.0215076303337	-47.6346551709792
			87.9778461682155	-47.6346551709792
			87.9341847060973	-47.6346551709792
			87.8905232439791	-47.6346551709792
			87.8468617818609	-47.6346551709792
			87.8032003197426	-47.6346551709792
			87.7595388576244	-47.6346551709792
			87.7158773955062	-47.590993708861
			87.672215933388	-47.590993708861
			87.6285544712697	-47.590993708861
			87.5848930091515	-47.590993708861
			87.5412315470333	-47.590993708861
			87.4975700849151	-47.590993708861
			87.4539086227969	-47.590993708861
			87.4102471606786	-47.590993708861
			87.3665856985604	-47.5473322467428
			87.3229242364422	-47.5473322467428
			87.279262774324	-47.5473322467428
			87.2356013122058	-47.5473322467428
			87.1919398500875	-47.5473322467428
			87.1482783879693	-47.5473322467428
			87.1046169258511	-47.5473322467428
			87.0609554637329	-47.5473322467428
			87.0172940016146	-47.5473322467428
			86.9736325394964	-47.5036707846246
			86.9299710773782	-47.5036707846246
			86.88630961526	-47.5036707846246
			86.8426481531418	-47.5036707846246
			86.7989866910235	-47.5036707846246
			86.7553252289053	-47.5036707846246
			86.7116637667871	-47.5036707846246
			86.6680023046689	-47.5036707846246
			86.6243408425507	-47.5036707846246
			86.5806793804324	-47.5036707846246
			86.5370179183142	-47.5036707846246
			86.493356456196	-47.4600093225063
			86.4496949940778	-47.4600093225063
			86.4060335319596	-47.4600093225063
			86.3623720698413	-47.4600093225063
			86.3187106077231	-47.4600093225063
			86.2750491456049	-47.4600093225063
			86.2313876834867	-47.4600093225063
			86.1877262213685	-47.4600093225063
			86.1440647592502	-47.4600093225063
			86.100403297132	-47.4600093225063
			86.0567418350138	-47.4600093225063
			86.0130803728956	-47.4600093225063
			86.0130803728956	-47.5036707846246
			85.9694189107773	-47.5036707846246
			85.9257574486591	-47.5036707846246
			85.8820959865409	-47.5036707846246
			85.8384345244227	-47.5036707846246
			85.7947730623045	-47.5036707846246
			85.7511116001862	-47.5036707846246
			85.707450138068	-47.5036707846246
			85.6637886759498	-47.5036707846246
			85.6201272138316	-47.5036707846246
			85.5764657517134	-47.5036707846246
			85.5328042895951	-47.5473322467428
			85.4891428274769	-47.5473322467428
			85.4454813653587	-47.5473322467428
			85.4018199032405	-47.5473322467428
			85.3581584411222	-47.5473322467428
			85.314496979004	-47.5473322467428
			85.2708355168858	-47.5473322467428
			85.2271740547676	-47.5473322467428
			85.1835125926494	-47.5473322467428
			85.1398511305311	-47.5473322467428
			85.0961896684129	-47.5473322467428
			85.0525282062947	-47.5473322467428
			85.0088667441765	-47.590993708861
			84.9652052820582	-47.590993708861
			84.92154381994	-47.590993708861
			84.8778823578218	-47.590993708861
			84.8342208957036	-47.590993708861
			84.7905594335854	-47.590993708861
			84.7468979714671	-47.590993708861
			84.7032365093489	-47.590993708861
			84.6595750472307	-47.590993708861
			84.6159135851125	-47.590993708861
			84.5722521229943	-47.590993708861
			84.528590660876	-47.590993708861
			84.4849291987578	-47.590993708861
			84.4412677366396	-47.590993708861
			84.3976062745214	-47.590993708861
			84.3539448124032	-47.6346551709792
			84.3102833502849	-47.6346551709792
			84.2666218881667	-47.6346551709792
			84.2229604260485	-47.6346551709792
			84.1792989639303	-47.6346551709792
			84.1356375018121	-47.6346551709792
			84.0919760396938	-47.6346551709792
			84.0483145775756	-47.6346551709792
			84.0046531154574	-47.6346551709792
			83.9609916533392	-47.6346551709792
			83.917330191221	-47.6346551709792
			83.8736687291027	-47.6346551709792
			83.8300072669845	-47.6346551709792
			83.7863458048663	-47.6346551709792
			83.7426843427481	-47.6346551709792
			83.6990228806298	-47.6346551709792
			83.6553614185116	-47.6346551709792
			83.6116999563934	-47.6346551709792
			83.5680384942752	-47.6346551709792
			83.524377032157	-47.6346551709792
			83.4807155700387	-47.6346551709792
			83.4370541079205	-47.6346551709792
			83.3933926458023	-47.6346551709792
			83.3497311836841	-47.6346551709792
			83.3060697215658	-47.6346551709792
			83.2624082594476	-47.6346551709792
			83.2187467973294	-47.6346551709792
			83.1750853352112	-47.6346551709792
			83.131423873093	-47.6346551709792
			83.0877624109747	-47.6346551709792
			83.0441009488565	-47.6346551709792
			83.0004394867383	-47.6346551709792
			82.9567780246201	-47.6346551709792
			82.9131165625019	-47.6346551709792
			82.8694551003836	-47.6346551709792
			82.8257936382654	-47.6346551709792
			82.7821321761472	-47.6346551709792
			82.738470714029	-47.6346551709792
			82.6948092519108	-47.6346551709792
			82.6511477897925	-47.6346551709792
			82.6074863276743	-47.6346551709792
			82.5638248655561	-47.6346551709792
			82.5201634034379	-47.6346551709792
			82.4765019413197	-47.6346551709792
			82.4328404792014	-47.6346551709792
			82.3891790170832	-47.6346551709792
			82.345517554965	-47.6346551709792
			82.3018560928468	-47.6346551709792
			82.2581946307286	-47.6346551709792
			82.2145331686103	-47.6346551709792
			82.1708717064921	-47.6346551709792
			82.1272102443739	-47.6346551709792
			82.0835487822557	-47.6346551709792
			82.0398873201374	-47.6346551709792
			81.9962258580192	-47.6346551709792
			81.952564395901	-47.6346551709792
			81.9089029337828	-47.6346551709792
			81.8652414716646	-47.6346551709792
			81.8215800095463	-47.6346551709792
			81.7779185474281	-47.6346551709792
			81.7342570853099	-47.6346551709792
			81.6905956231917	-47.6346551709792
			81.6469341610734	-47.590993708861
			81.6032726989552	-47.590993708861
			81.559611236837	-47.590993708861
			81.5159497747188	-47.590993708861
			81.4722883126006	-47.590993708861
			81.4286268504823	-47.590993708861
			81.3849653883641	-47.590993708861
			81.3413039262459	-47.590993708861
			81.2976424641277	-47.590993708861
			81.2539810020095	-47.590993708861
			81.2103195398912	-47.590993708861
			81.166658077773	-47.590993708861
			81.1229966156548	-47.590993708861
			81.0793351535366	-47.590993708861
			81.0356736914184	-47.590993708861
			81.0356736914184	-47.5473322467428
			80.9920122293001	-47.5473322467428
			80.9483507671819	-47.5473322467428
			80.9046893050637	-47.5473322467428
			80.8610278429455	-47.5473322467428
			80.8173663808273	-47.5473322467428
			80.773704918709	-47.5473322467428
			80.7300434565908	-47.5473322467428
			80.6863819944726	-47.5473322467428
			80.6427205323544	-47.5473322467428
			80.5990590702362	-47.5036707846246
			80.5553976081179	-47.5036707846246
			80.5117361459997	-47.5036707846246
			80.4680746838815	-47.5036707846246
			80.4244132217633	-47.5036707846246
			80.380751759645	-47.5036707846246
			80.3370902975268	-47.5036707846246
			80.2934288354086	-47.5036707846246
			80.2497673732904	-47.4600093225063
			80.2061059111722	-47.4600093225063
			80.1624444490539	-47.4600093225063
			80.1187829869357	-47.4600093225063
			80.0751215248175	-47.4600093225063
			80.0314600626993	-47.4600093225063
			79.987798600581	-47.4600093225063
			79.9441371384628	-47.4163478603881
			79.9004756763446	-47.4163478603881
			79.8568142142264	-47.4163478603881
			79.8131527521082	-47.4163478603881
			79.7694912899899	-47.4163478603881
			79.7258298278717	-47.4163478603881
			79.6821683657535	-47.3726863982699
			79.6385069036353	-47.3726863982699
			79.5948454415171	-47.3726863982699
			79.5511839793988	-47.3726863982699
			79.5075225172806	-47.3726863982699
			79.4638610551624	-47.3726863982699
			79.4201995930442	-47.3290249361517
			79.376538130926	-47.3290249361517
			79.3328766688077	-47.3290249361517
			79.2892152066895	-47.3290249361517
			79.2455537445713	-47.3290249361517
			79.2018922824531	-47.3290249361517
			79.1582308203349	-47.3290249361517
			79.1145693582166	-47.3290249361517
			79.0709078960984	-47.2853634740334
			79.0272464339802	-47.2853634740334
			78.983584971862	-47.2853634740334
			78.9399235097437	-47.2853634740334
			78.8962620476255	-47.2853634740334
			78.8526005855073	-47.2853634740334
			78.8089391233891	-47.2853634740334
			78.7652776612709	-47.2853634740334
			78.7216161991526	-47.2853634740334
			78.6779547370344	-47.2417020119152
			78.6342932749162	-47.2417020119152
			78.590631812798	-47.2417020119152
			78.5469703506798	-47.2417020119152
			78.5033088885615	-47.2417020119152
			78.4596474264433	-47.2417020119152
			78.4159859643251	-47.2417020119152
			78.3723245022069	-47.2417020119152
			78.3286630400886	-47.2417020119152
			78.2850015779704	-47.2417020119152
			78.2413401158522	-47.2417020119152
			78.197678653734	-47.198040549797
			78.1540171916158	-47.198040549797
			78.1103557294975	-47.198040549797
			78.0666942673793	-47.198040549797
			78.0230328052611	-47.198040549797
			77.9793713431429	-47.198040549797
			77.9357098810247	-47.198040549797
			77.8920484189064	-47.198040549797
			77.8483869567882	-47.198040549797
			77.80472549467	-47.198040549797
			77.7610640325518	-47.1543790876788
			77.7174025704335	-47.1543790876788
			77.6737411083153	-47.1543790876788
			77.6300796461971	-47.1543790876788
			77.5864181840789	-47.1543790876788
			77.5427567219607	-47.1543790876788
			77.4990952598424	-47.1543790876788
			77.4554337977242	-47.1543790876788
			77.411772335606	-47.1543790876788
			77.3681108734878	-47.1543790876788
			77.3244494113696	-47.1543790876788
			77.2807879492513	-47.1107176255606
			77.2371264871331	-47.1107176255606
			77.1934650250149	-47.1107176255606
			77.1498035628967	-47.1107176255606
			77.1061421007785	-47.1107176255606
			77.0624806386602	-47.1107176255606
			77.018819176542	-47.1107176255606
			76.9751577144238	-47.1107176255606
			76.9314962523056	-47.1107176255606
			76.8878347901874	-47.1107176255606
			76.8441733280691	-47.1107176255606
			76.8005118659509	-47.1107176255606
			76.7568504038327	-47.0670561634423
			76.7131889417145	-47.0670561634423
			76.6695274795962	-47.0670561634423
			76.625866017478	-47.0670561634423
			76.5822045553598	-47.0670561634423
			76.5385430932416	-47.0670561634423
			76.4948816311234	-47.0670561634423
			76.4512201690051	-47.0670561634423
			76.4075587068869	-47.0670561634423
			76.3638972447687	-47.0670561634423
			76.3202357826505	-47.0670561634423
			76.2765743205323	-47.0670561634423
			76.232912858414	-47.0233947013241
			76.1892513962958	-47.0233947013241
			76.1455899341776	-47.0233947013241
			76.1019284720594	-47.0233947013241
			76.0582670099411	-47.0233947013241
			76.0146055478229	-47.0233947013241
			75.9709440857047	-47.0233947013241
			75.9272826235865	-47.0233947013241
			75.8836211614683	-47.0233947013241
			75.83995969935	-47.0233947013241
			75.7962982372318	-47.0233947013241
			75.7526367751136	-47.0233947013241
			75.7089753129954	-47.0233947013241
			75.6653138508772	-47.0233947013241
			75.6216523887589	-46.9797332392059
			75.5779909266407	-46.9797332392059
			75.5343294645225	-46.9797332392059
			75.4906680024043	-46.9797332392059
			75.4470065402861	-46.9797332392059
			75.4033450781678	-46.9797332392059
			75.3596836160496	-46.9797332392059
			75.3160221539314	-46.9797332392059
			75.2723606918132	-46.9797332392059
			75.228699229695	-46.9797332392059
			75.1850377675767	-46.9797332392059
			75.1413763054585	-46.9797332392059
			75.0977148433403	-46.9797332392059
			75.0540533812221	-46.9797332392059
			75.0103919191039	-46.9360717770877
			74.9667304569856	-46.9360717770877
			74.9230689948674	-46.9360717770877
			74.8794075327492	-46.9360717770877
			74.835746070631	-46.9360717770877
			74.7920846085127	-46.9360717770877
			74.7484231463945	-46.9360717770877
			74.7047616842763	-46.9360717770877
			74.6611002221581	-46.9360717770877
			74.6174387600399	-46.9360717770877
			74.5737772979216	-46.9360717770877
			74.5301158358034	-46.9360717770877
			74.4864543736852	-46.9360717770877
			74.442792911567	-46.9360717770877
			74.3991314494487	-46.9360717770877
			74.3554699873305	-46.8924103149695
			74.3118085252123	-46.8924103149695
			74.2681470630941	-46.8924103149695
			74.2244856009759	-46.8924103149695
			74.1808241388576	-46.8924103149695
			74.1371626767394	-46.8924103149695
			74.0935012146212	-46.8924103149695
			74.049839752503	-46.8924103149695
			74.0061782903848	-46.8924103149695
			73.9625168282665	-46.8924103149695
			73.9188553661483	-46.8924103149695
			73.8751939040301	-46.8924103149695
			73.8315324419119	-46.8924103149695
			73.7878709797937	-46.8924103149695
			73.7442095176754	-46.8924103149695
			73.7005480555572	-46.8924103149695
			73.656886593439	-46.8924103149695
			73.6132251313208	-46.8924103149695
			73.5695636692026	-46.8487488528512
			73.5259022070843	-46.8487488528512
			73.4822407449661	-46.8487488528512
			73.4385792828479	-46.8487488528512
			73.3949178207297	-46.8487488528512
			73.3512563586115	-46.8487488528512
			73.3075948964932	-46.8487488528512
			73.263933434375	-46.8487488528512
			73.2202719722568	-46.8487488528512
			73.1766105101386	-46.8487488528512
			73.1329490480203	-46.8487488528512
			73.0892875859021	-46.8487488528512
			73.0456261237839	-46.8487488528512
			73.0019646616657	-46.8487488528512
			72.9583031995475	-46.8487488528512
			72.9146417374292	-46.8487488528512
			72.870980275311	-46.8487488528512
			72.8273188131928	-46.8487488528512
			72.7836573510746	-46.8487488528512
			72.7399958889563	-46.8487488528512
			72.6963344268381	-46.805087390733
			72.6526729647199	-46.805087390733
			72.6090115026017	-46.805087390733
			72.5653500404835	-46.805087390733
			72.5216885783652	-46.805087390733
			72.478027116247	-46.805087390733
			72.4343656541288	-46.805087390733
			72.3907041920106	-46.805087390733
			72.3470427298924	-46.805087390733
			72.3033812677741	-46.805087390733
			72.2597198056559	-46.805087390733
			72.2160583435377	-46.805087390733
			72.1723968814195	-46.805087390733
			72.1287354193013	-46.805087390733
			72.085073957183	-46.805087390733
			72.0414124950648	-46.805087390733
			71.9977510329466	-46.805087390733
			71.9540895708284	-46.805087390733
			71.9104281087101	-46.805087390733
			71.8667666465919	-46.805087390733
			71.8231051844737	-46.805087390733
			71.7794437223555	-46.805087390733
			71.7357822602373	-46.805087390733
			71.692120798119	-46.805087390733
			71.6484593360008	-46.805087390733
			71.6047978738826	-46.805087390733
			71.5611364117644	-46.805087390733
			71.5174749496462	-46.7614259286148
			71.4738134875279	-46.7614259286148
			71.4301520254097	-46.7614259286148
			71.3864905632915	-46.7614259286148
			71.3428291011733	-46.7614259286148
			71.2991676390551	-46.7614259286148
			71.2555061769368	-46.7614259286148
			71.2118447148186	-46.7614259286148
			71.1681832527004	-46.7614259286148
			71.1245217905822	-46.7614259286148
			71.0808603284639	-46.7614259286148
			71.0371988663457	-46.7614259286148
			70.9935374042275	-46.7614259286148
			70.9498759421093	-46.7614259286148
			70.9062144799911	-46.7614259286148
			70.8625530178728	-46.7614259286148
			70.8188915557546	-46.7614259286148
			70.7752300936364	-46.7614259286148
			70.7315686315182	-46.7614259286148
			70.6879071694	-46.7614259286148
			70.6442457072817	-46.7614259286148
			70.6005842451635	-46.7614259286148
			70.5569227830453	-46.7614259286148
			70.5132613209271	-46.7614259286148
			70.4695998588088	-46.7614259286148
			70.4259383966906	-46.7614259286148
			70.3822769345724	-46.7614259286148
			70.3386154724542	-46.7614259286148
			70.294954010336	-46.7614259286148
			70.2512925482177	-46.7614259286148
			70.2076310860995	-46.7614259286148
			70.1639696239813	-46.7614259286148
			70.1203081618631	-46.7614259286148
			70.0766466997449	-46.805087390733
			70.0329852376266	-46.805087390733
			69.9893237755084	-46.805087390733
			69.9456623133902	-46.805087390733
			69.902000851272	-46.805087390733
			69.8583393891538	-46.805087390733
			69.8146779270355	-46.805087390733
			69.7710164649173	-46.805087390733
			69.7273550027991	-46.805087390733
			69.6836935406809	-46.805087390733
			69.6400320785627	-46.805087390733
			69.5963706164444	-46.805087390733
			69.5527091543262	-46.805087390733
			69.509047692208	-46.805087390733
			69.4653862300898	-46.805087390733
			69.4217247679715	-46.805087390733
			69.3780633058533	-46.805087390733
			69.3344018437351	-46.805087390733
			69.2907403816169	-46.805087390733
			69.2470789194987	-46.805087390733
			69.2034174573804	-46.805087390733
			69.1597559952622	-46.805087390733
			69.116094533144	-46.805087390733
			69.0724330710258	-46.805087390733
			69.0287716089076	-46.805087390733
			68.9851101467893	-46.805087390733
			68.9414486846711	-46.8487488528512
			68.8977872225529	-46.8487488528512
			68.8541257604347	-46.8487488528512
			68.8104642983164	-46.8487488528512
			68.7668028361982	-46.8487488528512
			68.72314137408	-46.8487488528512
			68.6794799119618	-46.8487488528512
			68.6358184498436	-46.8487488528512
			68.5921569877253	-46.8487488528512
			68.5484955256071	-46.8487488528512
			68.5048340634889	-46.8487488528512
			68.4611726013707	-46.8487488528512
			68.4175111392525	-46.8487488528512
			68.3738496771342	-46.8487488528512
			68.330188215016	-46.8487488528512
			68.2865267528978	-46.8487488528512
			68.2428652907796	-46.8487488528512
			68.1992038286614	-46.8487488528512
			68.1555423665431	-46.8487488528512
			68.1118809044249	-46.8487488528512
			68.0682194423067	-46.8487488528512
			68.0245579801885	-46.8487488528512
			67.9808965180703	-46.8487488528512
			67.937235055952	-46.8924103149695
			67.8935735938338	-46.8924103149695
			67.8499121317156	-46.8924103149695
			67.8062506695974	-46.8924103149695
			67.7625892074791	-46.8924103149695
			67.7189277453609	-46.8924103149695
			67.6752662832427	-46.8924103149695
			67.6316048211245	-46.8924103149695
			67.5879433590063	-46.8924103149695
			67.544281896888	-46.8924103149695
			67.5006204347698	-46.8924103149695
			67.4569589726516	-46.8924103149695
			67.4132975105334	-46.8924103149695
			67.3696360484152	-46.8924103149695
			67.3259745862969	-46.8924103149695
			67.2823131241787	-46.8924103149695
			67.2386516620605	-46.8924103149695
			67.1949901999423	-46.8924103149695
			67.151328737824	-46.8924103149695
			67.1076672757058	-46.8924103149695
			67.0640058135876	-46.8924103149695
			67.0203443514694	-46.8924103149695
			66.9766828893512	-46.9360717770877
			66.9330214272329	-46.9360717770877
			66.8893599651147	-46.9360717770877
			66.8456985029965	-46.9360717770877
			66.8020370408783	-46.9360717770877
			66.7583755787601	-46.9360717770877
			66.7147141166418	-46.9360717770877
			66.6710526545236	-46.9360717770877
			66.6273911924054	-46.9360717770877
			66.5837297302872	-46.9360717770877
			66.540068268169	-46.9360717770877
			66.4964068060507	-46.9360717770877
			66.4527453439325	-46.9360717770877
			66.4090838818143	-46.9360717770877
			66.3654224196961	-46.9360717770877
			66.3217609575779	-46.9360717770877
			66.2780994954596	-46.9360717770877
			66.2344380333414	-46.9360717770877
			66.1907765712232	-46.9360717770877
			66.147115109105	-46.9360717770877
			66.1034536469867	-46.9360717770877
			66.0597921848685	-46.9797332392059
			66.0161307227503	-46.9797332392059
			65.9724692606321	-46.9797332392059
			65.9288077985139	-46.9797332392059
			65.8851463363956	-46.9797332392059
			65.8414848742774	-46.9797332392059
			65.7978234121592	-46.9797332392059
			65.754161950041	-46.9797332392059
			65.7105004879228	-46.9797332392059
			65.6668390258045	-46.9797332392059
			65.6231775636863	-46.9797332392059
			65.5795161015681	-46.9797332392059
			65.5358546394499	-46.9797332392059
			65.4921931773316	-46.9797332392059
			65.4485317152134	-46.9797332392059
			65.4048702530952	-46.9797332392059
			65.361208790977	-46.9797332392059
			65.3175473288588	-46.9797332392059
			65.2738858667405	-46.9797332392059
			65.2302244046223	-47.0233947013241
			65.1865629425041	-47.0233947013241
			65.1429014803859	-47.0233947013241
			65.0992400182677	-47.0233947013241
			65.0555785561494	-47.0233947013241
			65.0119170940312	-47.0233947013241
			64.968255631913	-47.0233947013241
			64.9245941697948	-47.0233947013241
			64.8809327076765	-47.0233947013241
			64.8372712455583	-47.0233947013241
			64.7936097834401	-47.0233947013241
			64.7499483213219	-47.0233947013241
			64.7062868592037	-47.0233947013241
			64.6626253970854	-47.0233947013241
			64.6189639349672	-47.0233947013241
			64.575302472849	-47.0233947013241
			64.5316410107308	-47.0233947013241
			64.4879795486126	-47.0233947013241
			64.4443180864943	-47.0670561634423
			64.4006566243761	-47.0670561634423
			64.3569951622579	-47.0670561634423
			64.3133337001397	-47.0670561634423
			64.2696722380215	-47.0670561634423
			64.2260107759032	-47.0670561634423
			64.182349313785	-47.0670561634423
			64.1386878516668	-47.0670561634423
			64.0950263895486	-47.0670561634423
			64.0513649274304	-47.0670561634423
			64.0077034653121	-47.0670561634423
			63.9640420031939	-47.0670561634423
			63.9203805410757	-47.0670561634423
			63.8767190789575	-47.0670561634423
			63.8330576168392	-47.0670561634423
			63.789396154721	-47.0670561634423
			63.7457346926028	-47.0670561634423
			63.7020732304846	-47.1107176255606
			63.6584117683664	-47.1107176255606
			63.6147503062481	-47.1107176255606
			63.5710888441299	-47.1107176255606
			63.5274273820117	-47.1107176255606
			63.4837659198935	-47.1107176255606
			63.4401044577753	-47.1107176255606
			63.396442995657	-47.1107176255606
			63.3527815335388	-47.1107176255606
			63.3091200714206	-47.1107176255606
			63.2654586093024	-47.1107176255606
			63.2217971471841	-47.1107176255606
			63.1781356850659	-47.1107176255606
			63.1344742229477	-47.1107176255606
			63.0908127608295	-47.1543790876788
			63.0471512987113	-47.1543790876788
			63.003489836593	-47.1543790876788
			62.9598283744748	-47.1543790876788
			62.9161669123566	-47.1543790876788
			62.8725054502384	-47.1543790876788
			62.8288439881202	-47.1543790876788
			62.7851825260019	-47.1543790876788
			62.7415210638837	-47.1543790876788
			62.6978596017655	-47.1543790876788
			62.6541981396473	-47.1543790876788
			62.6105366775291	-47.1543790876788
			62.5668752154108	-47.1543790876788
			62.5232137532926	-47.1543790876788
			62.4795522911744	-47.1543790876788
			62.4358908290562	-47.1543790876788
			62.4358908290562	-47.198040549797
			62.3922293669379	-47.198040549797
			62.3485679048197	-47.198040549797
			62.3049064427015	-47.198040549797
			62.2612449805833	-47.198040549797
			62.2175835184651	-47.198040549797
			62.1739220563468	-47.198040549797
			62.1302605942286	-47.198040549797
			62.0865991321104	-47.198040549797
			62.0429376699922	-47.198040549797
			61.999276207874	-47.198040549797
			61.9556147457557	-47.198040549797
			61.9119532836375	-47.198040549797
			61.8682918215193	-47.198040549797
			61.8246303594011	-47.198040549797
			61.7809688972829	-47.198040549797
			61.7373074351646	-47.198040549797
			61.6936459730464	-47.198040549797
			61.6499845109282	-47.198040549797
			61.60632304881	-47.198040549797
			61.5626615866917	-47.198040549797
			61.5190001245735	-47.198040549797
			61.4753386624553	-47.198040549797
			61.4316772003371	-47.198040549797
			61.3880157382189	-47.2417020119152
			61.3443542761006	-47.2417020119152
			61.3006928139824	-47.2417020119152
			61.2570313518642	-47.2417020119152
			61.213369889746	-47.2417020119152
			61.1697084276278	-47.2417020119152
			61.1260469655095	-47.2417020119152
			61.0823855033913	-47.2417020119152
			61.0387240412731	-47.2417020119152
			60.9950625791549	-47.2417020119152
			60.9514011170367	-47.2417020119152
			60.9077396549184	-47.2417020119152
			60.8640781928002	-47.2417020119152
			60.820416730682	-47.2417020119152
			60.7767552685638	-47.2417020119152
			60.7330938064455	-47.2417020119152
			60.6894323443273	-47.2417020119152
			60.6457708822091	-47.2417020119152
			60.6021094200909	-47.2417020119152
			60.5584479579727	-47.2417020119152
			60.5147864958544	-47.2417020119152
			60.4711250337362	-47.2417020119152
			60.427463571618	-47.2417020119152
			60.3838021094998	-47.2417020119152
			60.3401406473816	-47.2417020119152
			60.2964791852633	-47.2417020119152
			60.2528177231451	-47.2417020119152
			60.2091562610269	-47.2417020119152
			60.1654947989087	-47.2417020119152
			60.1218333367905	-47.2417020119152
			60.0781718746722	-47.2417020119152
			60.034510412554	-47.2417020119152
			59.9908489504358	-47.2417020119152
			59.9471874883176	-47.2417020119152
			59.9035260261993	-47.2417020119152
			59.8598645640811	-47.2417020119152
			59.8162031019629	-47.2417020119152
			59.7725416398447	-47.2417020119152
			59.7288801777265	-47.2417020119152
			59.6852187156082	-47.198040549797
			59.64155725349	-47.198040549797
			59.5978957913718	-47.198040549797
			59.5542343292536	-47.198040549797
			59.5105728671354	-47.198040549797
			59.4669114050171	-47.198040549797
			59.4232499428989	-47.198040549797
			59.3795884807807	-47.198040549797
			59.3359270186625	-47.198040549797
			59.2922655565443	-47.198040549797
			59.248604094426	-47.198040549797
			59.2049426323078	-47.198040549797
			59.1612811701896	-47.198040549797
			59.1176197080714	-47.198040549797
			59.0739582459531	-47.198040549797
			59.0302967838349	-47.198040549797
			58.9866353217167	-47.198040549797
			58.9429738595985	-47.198040549797
			58.8993123974803	-47.198040549797
			58.855650935362	-47.198040549797
			58.8119894732438	-47.198040549797
			58.7683280111256	-47.198040549797
			58.7246665490074	-47.198040549797
			58.6810050868892	-47.1543790876788
			58.6373436247709	-47.1543790876788
			58.5936821626527	-47.1543790876788
			58.5500207005345	-47.1543790876788
			58.5063592384163	-47.1543790876788
			58.4626977762981	-47.1543790876788
			58.4190363141798	-47.1543790876788
			58.3753748520616	-47.1543790876788
			58.3317133899434	-47.1543790876788
			58.2880519278252	-47.1543790876788
			58.2443904657069	-47.1543790876788
			58.2007290035887	-47.1543790876788
			58.1570675414705	-47.1543790876788
			58.1134060793523	-47.1543790876788
			58.1134060793523	-47.1107176255606
			58.0697446172341	-47.1107176255606
			58.0260831551158	-47.1107176255606
			57.9824216929976	-47.1107176255606
			57.9387602308794	-47.1107176255606
			57.8950987687612	-47.1107176255606
			57.851437306643	-47.1107176255606
			57.8077758445247	-47.1107176255606
			57.7641143824065	-47.1107176255606
			57.7204529202883	-47.1107176255606
			57.6767914581701	-47.1107176255606
			57.6331299960518	-47.1107176255606
			57.5894685339336	-47.0670561634423
			57.5458070718154	-47.0670561634423
			57.5021456096972	-47.0670561634423
			57.458484147579	-47.0670561634423
			57.4148226854607	-47.0670561634423
			57.3711612233425	-47.0670561634423
			57.3274997612243	-47.0670561634423
			57.2838382991061	-47.0670561634423
			57.2401768369879	-47.0670561634423
			57.1965153748696	-47.0670561634423
			57.1528539127514	-47.0670561634423
			57.1091924506332	-47.0670561634423
			57.065530988515	-47.0670561634423
			57.0218695263968	-47.0670561634423
			56.9782080642785	-47.0670561634423
			56.9345466021603	-47.0670561634423
			56.8908851400421	-47.0670561634423
			56.8472236779239	-47.0670561634423
			56.8472236779239	-47.1107176255606
			56.8035622158056	-47.1107176255606
			56.7599007536874	-47.1107176255606
			56.7162392915692	-47.1107176255606
			56.672577829451	-47.1107176255606
			56.6289163673328	-47.1107176255606
			56.5852549052145	-47.1107176255606
			56.5415934430963	-47.1107176255606
			56.4979319809781	-47.1107176255606
			56.4542705188599	-47.1107176255606
			56.4106090567417	-47.1107176255606
			56.3669475946234	-47.1107176255606
			56.3232861325052	-47.1107176255606
			56.279624670387	-47.1107176255606
			56.2359632082688	-47.1107176255606
			56.1923017461506	-47.1107176255606
			56.1486402840323	-47.1107176255606
			56.1049788219141	-47.1107176255606
			56.0613173597959	-47.1107176255606
			56.0176558976777	-47.1107176255606
			55.9739944355594	-47.1107176255606
			55.9303329734412	-47.1107176255606
			55.886671511323	-47.1107176255606
			55.8430100492048	-47.1107176255606
			55.7993485870866	-47.1107176255606
			55.7556871249683	-47.1543790876788
			55.7120256628501	-47.1543790876788
			55.6683642007319	-47.1543790876788
			55.6247027386137	-47.1543790876788
			55.5810412764955	-47.1543790876788
			55.5373798143772	-47.1543790876788
			55.493718352259	-47.1543790876788
			55.4500568901408	-47.1543790876788
			55.4063954280226	-47.1543790876788
			55.3627339659044	-47.1543790876788
			55.3190725037861	-47.1543790876788
			55.2754110416679	-47.1543790876788
			55.2317495795497	-47.1543790876788
			55.1880881174315	-47.1543790876788
			55.1444266553132	-47.1543790876788
			55.100765193195	-47.1543790876788
			55.0571037310768	-47.1543790876788
			55.0134422689586	-47.1543790876788
			54.9697808068404	-47.1543790876788
			54.9261193447221	-47.1543790876788
			54.8824578826039	-47.1543790876788
			54.8387964204857	-47.1543790876788
			54.7951349583675	-47.1543790876788
			54.7951349583675	-47.198040549797
			54.7514734962493	-47.198040549797
			54.707812034131	-47.198040549797
			54.6641505720128	-47.198040549797
			54.6204891098946	-47.198040549797
			54.5768276477764	-47.198040549797
			54.5331661856582	-47.198040549797
			54.4895047235399	-47.198040549797
			54.4458432614217	-47.198040549797
			54.4021817993035	-47.198040549797
			54.3585203371853	-47.198040549797
			54.314858875067	-47.198040549797
			54.2711974129488	-47.198040549797
			54.2275359508306	-47.198040549797
			54.1838744887124	-47.198040549797
			54.1402130265942	-47.198040549797
			54.0965515644759	-47.198040549797
			54.0528901023577	-47.198040549797
			54.0092286402395	-47.198040549797
			53.9655671781213	-47.198040549797
			53.9219057160031	-47.2417020119152
			53.8782442538848	-47.2417020119152
			53.8345827917666	-47.2417020119152
			53.7909213296484	-47.2417020119152
			53.7472598675302	-47.2417020119152
			53.703598405412	-47.2417020119152
			53.6599369432937	-47.2417020119152
			53.6162754811755	-47.2417020119152
			53.5726140190573	-47.2417020119152
			53.5289525569391	-47.2417020119152
			53.4852910948208	-47.2417020119152
			53.4416296327026	-47.2417020119152
			53.3979681705844	-47.2417020119152
			53.3543067084662	-47.2417020119152
			53.310645246348	-47.2417020119152
			53.2669837842297	-47.2417020119152
			53.2233223221115	-47.2417020119152
			53.1796608599933	-47.2417020119152
			53.1359993978751	-47.2417020119152
			53.0923379357569	-47.2853634740334
			53.0486764736386	-47.2853634740334
			53.0050150115204	-47.2853634740334
			52.9613535494022	-47.2853634740334
			52.917692087284	-47.2853634740334
			52.8740306251658	-47.2853634740334
			52.8303691630475	-47.2853634740334
			52.7867077009293	-47.2853634740334
			52.7430462388111	-47.2853634740334
			52.6993847766929	-47.2853634740334
			52.6557233145746	-47.2853634740334
			52.6120618524564	-47.2853634740334
			52.5684003903382	-47.2853634740334
			52.52473892822	-47.2853634740334
			52.4810774661018	-47.2853634740334
			52.4374160039835	-47.2853634740334
			52.3937545418653	-47.3290249361517
			52.3500930797471	-47.3290249361517
			52.3064316176289	-47.3290249361517
			52.2627701555107	-47.3290249361517
			52.2191086933924	-47.3290249361517
			52.1754472312742	-47.3290249361517
			52.131785769156	-47.3290249361517
			52.0881243070378	-47.3290249361517
			52.0444628449196	-47.3290249361517
			52.0008013828013	-47.3290249361517
			51.9571399206831	-47.3290249361517
			51.9134784585649	-47.3290249361517
			51.8698169964467	-47.3290249361517
			51.8261555343284	-47.3290249361517
			51.7824940722102	-47.3726863982699
			51.738832610092	-47.3726863982699
			51.6951711479738	-47.3726863982699
			51.6515096858556	-47.3726863982699
			51.6078482237373	-47.3726863982699
			51.5641867616191	-47.3726863982699
			51.5205252995009	-47.3726863982699
			51.4768638373827	-47.3726863982699
			51.4332023752645	-47.3726863982699
			51.3895409131462	-47.3726863982699
			51.345879451028	-47.3726863982699
			51.3022179889098	-47.3726863982699
			51.2585565267916	-47.3726863982699
			51.2148950646733	-47.3726863982699
			51.1712336025551	-47.4163478603881
			51.1275721404369	-47.4163478603881
			51.0839106783187	-47.4163478603881
			51.0402492162005	-47.4163478603881
			50.9965877540822	-47.4163478603881
			50.952926291964	-47.4163478603881
			50.9092648298458	-47.4163478603881
			50.8656033677276	-47.4163478603881
			50.8219419056094	-47.4163478603881
			50.7782804434911	-47.4163478603881
			50.7346189813729	-47.4163478603881
			50.6909575192547	-47.4600093225063
			50.6472960571365	-47.4600093225063
			50.6036345950182	-47.4600093225063
			50.5599731329	-47.4600093225063
			50.5163116707818	-47.4600093225063
			50.4726502086636	-47.4600093225063
			50.4289887465454	-47.4600093225063
			50.3853272844271	-47.4600093225063
			50.3416658223089	-47.4600093225063
			50.2980043601907	-47.5036707846246
			50.2543428980725	-47.5036707846246
			50.2106814359543	-47.5036707846246
			50.167019973836	-47.5036707846246
			50.1233585117178	-47.5036707846246
			50.0796970495996	-47.5036707846246
			50.0360355874814	-47.5036707846246
			49.9923741253632	-47.5036707846246
			49.9487126632449	-47.5036707846246
			49.9487126632449	-47.5473322467428
			49.9050512011267	-47.5473322467428
			49.8613897390085	-47.5473322467428
			49.8177282768903	-47.5473322467428
			49.774066814772	-47.5473322467428
			49.7304053526538	-47.5473322467428
			49.6867438905356	-47.5036707846246
			49.6430824284174	-47.5036707846246
			49.5994209662992	-47.5036707846246
			49.5557595041809	-47.5036707846246
			49.5120980420627	-47.5036707846246
			49.4684365799445	-47.4600093225063
			49.4247751178263	-47.4600093225063
			49.3811136557081	-47.4600093225063
			49.3374521935898	-47.4600093225063
			49.2937907314716	-47.4163478603881
			49.2501292693534	-47.4163478603881
			49.2064678072352	-47.4163478603881
			49.162806345117	-47.4163478603881
			49.1191448829987	-47.4163478603881
			49.0754834208805	-47.3726863982699
			49.0318219587623	-47.3726863982699
			48.9881604966441	-47.3726863982699
			48.9444990345258	-47.3726863982699
			48.9008375724076	-47.3726863982699
			48.8571761102894	-47.3726863982699
			48.8135146481712	-47.3290249361517
			48.769853186053	-47.3290249361517
			48.7261917239347	-47.3290249361517
			48.6825302618165	-47.3290249361517
			48.6388687996983	-47.3290249361517
			48.5952073375801	-47.3290249361517
			48.5515458754619	-47.3290249361517
			48.5078844133436	-47.2853634740334
			48.4642229512254	-47.2853634740334
			48.4205614891072	-47.2853634740334
			48.376900026989	-47.2853634740334
			48.3332385648708	-47.2853634740334
			48.2895771027525	-47.2853634740334
			48.2459156406343	-47.2853634740334
			48.2022541785161	-47.2853634740334
			48.1585927163979	-47.2853634740334
			48.1149312542796	-47.2417020119152
			48.0712697921614	-47.2417020119152
			48.0276083300432	-47.2417020119152
			47.983946867925	-47.2417020119152
			47.9402854058068	-47.2417020119152
			47.8966239436885	-47.2417020119152
			47.8529624815703	-47.2417020119152
			47.8093010194521	-47.2417020119152
			47.7656395573339	-47.2417020119152
			47.7219780952157	-47.2417020119152
			47.6783166330974	-47.2417020119152
			47.6346551709792	-47.2417020119152
			47.590993708861	-47.2417020119152
			47.5473322467428	-47.2417020119152
			47.5036707846246	-47.2417020119152
			47.4600093225063	-47.198040549797
			47.4163478603881	-47.198040549797
			47.3726863982699	-47.198040549797
			47.3290249361517	-47.198040549797
			47.2853634740334	-47.198040549797
			47.2417020119152	-47.198040549797
			47.198040549797	-47.198040549797
			47.1543790876788	-47.198040549797
			47.1107176255606	-47.198040549797
			47.0670561634423	-47.198040549797
			47.0233947013241	-47.198040549797
			46.9797332392059	-47.198040549797
			46.9360717770877	-47.198040549797
			46.8924103149695	-47.198040549797
			46.8487488528512	-47.198040549797
			46.805087390733	-47.198040549797
			46.7614259286148	-47.198040549797
			46.7177644664966	-47.198040549797
			46.6741030043784	-47.198040549797
			46.6304415422601	-47.198040549797
			46.5867800801419	-47.198040549797
			46.5431186180237	-47.198040549797
			46.4994571559055	-47.198040549797
			46.4557956937872	-47.198040549797
			46.412134231669	-47.198040549797
			46.3684727695508	-47.198040549797
			46.3248113074326	-47.198040549797
			46.2811498453144	-47.198040549797
			46.2374883831961	-47.198040549797
			46.1938269210779	-47.198040549797
			46.1501654589597	-47.198040549797
			46.1065039968415	-47.198040549797
			46.0628425347233	-47.198040549797
			46.019181072605	-47.198040549797
			45.9755196104868	-47.198040549797
			45.9318581483686	-47.2417020119152
			45.8881966862504	-47.2417020119152
			45.8445352241322	-47.2417020119152
			45.8008737620139	-47.2417020119152
			45.7572122998957	-47.2417020119152
			45.7135508377775	-47.2417020119152
			45.6698893756593	-47.2417020119152
			45.626227913541	-47.2417020119152
			45.5825664514228	-47.2417020119152
			45.5389049893046	-47.2417020119152
			45.4952435271864	-47.2417020119152
			45.4515820650682	-47.2417020119152
			45.4079206029499	-47.2417020119152
			45.3642591408317	-47.2417020119152
			45.3205976787135	-47.2417020119152
			45.2769362165953	-47.2417020119152
			45.2332747544771	-47.2417020119152
			45.1896132923588	-47.2417020119152
			45.1459518302406	-47.2417020119152
			45.1022903681224	-47.2853634740334
			45.0586289060042	-47.2853634740334
			45.014967443886	-47.2853634740334
			44.9713059817677	-47.2853634740334
			44.9276445196495	-47.2853634740334
			44.8839830575313	-47.2853634740334
			44.8403215954131	-47.2853634740334
			44.7966601332948	-47.2853634740334
			44.7529986711766	-47.2853634740334
			44.7093372090584	-47.2853634740334
			44.6656757469402	-47.2853634740334
			44.622014284822	-47.2853634740334
			44.5783528227037	-47.3290249361517
			44.5346913605855	-47.3290249361517
			44.4910298984673	-47.3290249361517
			44.4473684363491	-47.3290249361517
			44.4037069742309	-47.3290249361517
			44.3600455121126	-47.3290249361517
			44.3163840499944	-47.3290249361517
			44.2727225878762	-47.3290249361517
			44.229061125758	-47.3290249361517
			44.1853996636397	-47.3290249361517
			44.1417382015215	-47.3290249361517
			44.0980767394033	-47.3726863982699
			44.0544152772851	-47.3726863982699
			44.0107538151669	-47.3726863982699
			43.9670923530486	-47.3726863982699
			43.9234308909304	-47.3726863982699
			43.8797694288122	-47.3726863982699
			43.836107966694	-47.3726863982699
			43.7924465045758	-47.3726863982699
			43.7487850424575	-47.4163478603881
			43.7051235803393	-47.4163478603881
			43.6614621182211	-47.4163478603881
			43.6178006561029	-47.4163478603881
			43.5741391939847	-47.4163478603881
			43.5304777318664	-47.4163478603881
			43.4868162697482	-47.4163478603881
			43.44315480763	-47.4163478603881
			43.3994933455118	-47.4163478603881
			43.3558318833935	-47.4600093225063
			43.3121704212753	-47.4600093225063
			43.2685089591571	-47.4600093225063
			43.2248474970389	-47.4600093225063
			43.1811860349207	-47.4600093225063
			43.1375245728024	-47.4600093225063
			43.0938631106842	-47.4600093225063
			43.050201648566	-47.5036707846246
			43.0065401864478	-47.5036707846246
			42.9628787243296	-47.5036707846246
			42.9192172622113	-47.5036707846246
			42.8755558000931	-47.5036707846246
			42.8318943379749	-47.5036707846246
			42.7882328758567	-47.5036707846246
			42.7445714137385	-47.5036707846246
			42.7009099516202	-47.5473322467428
			42.657248489502	-47.5473322467428
			42.6135870273838	-47.5473322467428
			42.5699255652656	-47.5473322467428
			42.5262641031473	-47.5473322467428
			42.4826026410291	-47.5473322467428
			42.4389411789109	-47.5473322467428
			42.3952797167927	-47.590993708861
			42.3516182546745	-47.590993708861
			42.3079567925562	-47.590993708861
			42.264295330438	-47.590993708861
			42.2206338683198	-47.590993708861
			42.1769724062016	-47.590993708861
			42.1333109440834	-47.6346551709792
			42.0896494819651	-47.6346551709792
			42.0459880198469	-47.6346551709792
			42.0023265577287	-47.6346551709792
			41.9586650956105	-47.6346551709792
			41.9150036334923	-47.6346551709792
			41.871342171374	-47.6346551709792
			41.8276807092558	-47.6783166330974
			41.7840192471376	-47.6783166330974
			41.7403577850194	-47.6783166330974
			41.6966963229011	-47.6783166330974
			41.6530348607829	-47.6783166330974
			41.6093733986647	-47.6783166330974
			41.5657119365465	-47.7219780952157
			41.5220504744283	-47.7219780952157
			41.47838901231	-47.7219780952157
			41.4347275501918	-47.7219780952157
			41.3910660880736	-47.7219780952157
			41.3474046259554	-47.7656395573339
			41.3037431638372	-47.7656395573339
			41.2600817017189	-47.7656395573339
			41.2164202396007	-47.7656395573339
			41.1727587774825	-47.7656395573339
			41.1290973153643	-47.7656395573339
			41.0854358532461	-47.8093010194521
			41.0417743911278	-47.8093010194521
			40.9981129290096	-47.8093010194521
			40.9544514668914	-47.8093010194521
			40.9107900047732	-47.8093010194521
			40.8671285426549	-47.8529624815703
			40.8234670805367	-47.8529624815703
			40.7798056184185	-47.8529624815703
			40.7361441563003	-47.8529624815703
			40.6924826941821	-47.8529624815703
			40.6488212320638	-47.8966239436885
			40.6051597699456	-47.8966239436885
			40.5614983078274	-47.8966239436885
			40.5178368457092	-47.8966239436885
		</c2>
	</curves.scaled>
	<ruler.points type=matrix rownames=TRUE colnames=FALSE nrow=2 ncol=2 as.numeric=TRUE >
		Ruler point 1	2065	310
		Ruler point 2	2294	306
	</ruler.points>
</shapes>

