<shapes type=list>
	<ruler.pixel type=vector names=FALSE length=1 as.numeric=TRUE >230.008695487801</ruler.pixel>
	<ruler.interval type=vector names=FALSE length=1 as.numeric=TRUE >10</ruler.interval>
	<scaling.units type=vector names=FALSE length=1 as.numeric=FALSE >undefined</scaling.units>
	<scaling type=vector names=FALSE length=1 as.numeric=TRUE >0.0434766171721989</scaling>
	<landmarks.pixel type=matrix rownames=TRUE colnames=FALSE nrow=2 ncol=2 as.numeric=TRUE >
		LM1	1033	997
		LM2	2066	1046
	</landmarks.pixel>
	<landmarks.scaled type=matrix rownames=TRUE colnames=FALSE nrow=2 ncol=2 as.numeric=TRUE >
		LM1	44.9113455388815	-43.3461873206823
		LM2	89.8226910777629	-45.4765415621201
	</landmarks.scaled>
	<curves.control type=list>
		<c1 type=matrix rownames=FALSE colnames=FALSE nrow=13 ncol=2 as.numeric=TRUE >
			1033	997
			1085	928
			1218	831
			1372	732
			1536	696
			1582	686
			1669	681
			1765	678
			1826	764
			1905	822
			1964	896
			2041	994
			2066	1046
		</c1>
		<c2 type=matrix rownames=FALSE colnames=FALSE nrow=15 ncol=2 as.numeric=TRUE >
			2066	1046
			2030	1034
			1983	1022
			1905	1021
			1853	1004
			1754	1005
			1702	991
			1596	999
			1532	984
			1426	991
			1316	988
			1223	993
			1146	991
			1085	1001
			1033	997
		</c2>
	</curves.control>
	<curves.pixel type=list>
		<c1 type=matrix rownames=FALSE colnames=FALSE nrow=1152 ncol=2 as.numeric=TRUE >
			1033	997
			1033	996
			1034	996
			1034	995
			1035	994
			1036	993
			1037	992
			1038	991
			1039	990
			1039	989
			1040	988
			1041	987
			1042	986
			1043	985
			1043	984
			1044	983
			1045	982
			1046	981
			1047	980
			1048	979
			1048	978
			1049	977
			1050	976
			1051	975
			1052	974
			1053	973
			1054	972
			1054	971
			1055	970
			1056	969
			1057	968
			1058	967
			1059	966
			1060	965
			1061	964
			1062	963
			1063	962
			1064	961
			1065	960
			1066	959
			1067	958
			1068	957
			1069	956
			1070	955
			1071	954
			1072	953
			1073	952
			1074	951
			1075	950
			1076	949
			1077	948
			1078	947
			1079	946
			1080	945
			1081	944
			1081	943
			1082	943
			1083	942
			1083	941
			1084	941
			1085	940
			1085	939
			1086	939
			1087	938
			1087	937
			1088	937
			1089	936
			1090	935
			1091	934
			1092	933
			1093	932
			1094	931
			1095	930
			1096	930
			1097	929
			1097	928
			1098	927
			1099	927
			1100	926
			1101	925
			1102	924
			1103	923
			1104	923
			1104	922
			1105	921
			1106	920
			1107	919
			1108	919
			1109	918
			1110	917
			1111	916
			1112	915
			1113	915
			1113	914
			1114	913
			1115	912
			1116	911
			1117	910
			1118	910
			1119	909
			1120	908
			1121	907
			1122	906
			1123	906
			1124	905
			1125	904
			1126	903
			1127	902
			1128	901
			1129	901
			1130	900
			1131	899
			1132	898
			1133	897
			1134	896
			1135	896
			1136	895
			1137	894
			1138	893
			1139	892
			1140	891
			1141	890
			1142	890
			1143	889
			1144	888
			1145	887
			1146	886
			1147	885
			1148	884
			1149	884
			1150	883
			1151	882
			1152	881
			1153	880
			1154	880
			1154	879
			1155	879
			1156	878
			1157	877
			1158	876
			1159	876
			1160	875
			1161	874
			1162	874
			1162	873
			1163	873
			1164	872
			1165	871
			1166	871
			1166	870
			1167	869
			1168	869
			1169	868
			1170	867
			1171	866
			1172	865
			1173	865
			1174	864
			1175	863
			1176	862
			1177	862
			1178	861
			1179	860
			1180	859
			1181	859
			1182	858
			1183	857
			1184	856
			1185	855
			1186	855
			1187	854
			1188	853
			1189	852
			1190	852
			1191	851
			1192	850
			1193	849
			1194	849
			1195	848
			1196	847
			1197	846
			1198	846
			1199	845
			1200	845
			1200	844
			1201	843
			1202	843
			1203	842
			1204	841
			1205	840
			1206	840
			1207	839
			1208	838
			1209	838
			1210	837
			1211	836
			1212	836
			1213	835
			1214	834
			1215	833
			1216	832
			1217	832
			1218	831
			1219	830
			1220	830
			1221	829
			1222	829
			1223	828
			1224	827
			1225	827
			1226	826
			1227	825
			1228	825
			1229	824
			1230	824
			1231	823
			1232	822
			1233	821
			1234	821
			1235	820
			1236	820
			1237	819
			1238	818
			1239	818
			1240	817
			1241	817
			1242	816
			1243	815
			1244	815
			1245	814
			1246	813
			1247	813
			1248	812
			1249	812
			1250	811
			1251	810
			1252	810
			1253	809
			1254	809
			1255	808
			1256	807
			1257	807
			1258	806
			1259	806
			1260	805
			1261	805
			1262	804
			1263	803
			1264	803
			1265	802
			1266	802
			1267	801
			1268	800
			1269	800
			1270	799
			1271	799
			1272	798
			1273	798
			1274	797
			1275	797
			1276	796
			1277	795
			1278	795
			1279	794
			1280	794
			1281	793
			1282	793
			1283	792
			1284	792
			1285	791
			1286	790
			1287	790
			1288	789
			1289	789
			1290	788
			1291	788
			1292	787
			1293	787
			1294	786
			1295	786
			1296	785
			1297	785
			1298	784
			1299	784
			1300	783
			1301	782
			1302	782
			1303	782
			1304	781
			1305	781
			1306	780
			1307	779
			1308	779
			1309	778
			1310	778
			1311	778
			1312	777
			1313	777
			1313	776
			1314	776
			1315	775
			1316	775
			1317	774
			1318	774
			1319	774
			1320	773
			1321	772
			1322	772
			1323	771
			1324	771
			1325	770
			1326	770
			1327	769
			1328	769
			1329	768
			1330	768
			1331	768
			1331	767
			1332	767
			1333	767
			1334	766
			1335	766
			1336	765
			1337	765
			1338	764
			1339	764
			1340	763
			1341	763
			1342	762
			1343	762
			1344	761
			1345	761
			1346	761
			1346	760
			1347	760
			1348	760
			1348	759
			1349	759
			1350	759
			1350	758
			1351	758
			1352	758
			1352	757
			1353	757
			1354	757
			1355	756
			1356	756
			1357	755
			1358	755
			1359	755
			1359	754
			1360	754
			1361	754
			1362	753
			1363	753
			1364	752
			1365	752
			1366	751
			1367	751
			1368	751
			1369	750
			1370	750
			1371	749
			1372	749
			1373	748
			1374	748
			1375	748
			1376	747
			1377	747
			1378	746
			1379	746
			1380	745
			1381	745
			1382	745
			1383	744
			1384	744
			1385	744
			1385	743
			1386	743
			1387	742
			1388	742
			1389	742
			1390	741
			1391	741
			1392	740
			1393	740
			1394	740
			1395	739
			1396	739
			1397	738
			1398	738
			1399	738
			1400	737
			1401	737
			1402	737
			1403	736
			1404	736
			1405	735
			1406	735
			1407	735
			1408	734
			1409	734
			1410	733
			1411	733
			1412	733
			1413	732
			1414	732
			1415	732
			1416	731
			1417	731
			1418	731
			1419	730
			1420	730
			1421	729
			1422	729
			1423	729
			1424	728
			1425	728
			1426	728
			1427	727
			1428	727
			1429	727
			1430	726
			1431	726
			1432	725
			1433	725
			1434	725
			1435	724
			1436	724
			1437	724
			1438	723
			1439	723
			1440	723
			1441	722
			1442	722
			1443	722
			1444	721
			1445	721
			1446	721
			1447	720
			1448	720
			1449	720
			1450	719
			1451	719
			1452	719
			1453	718
			1454	718
			1455	718
			1456	717
			1457	717
			1458	717
			1459	717
			1460	716
			1461	716
			1462	716
			1463	715
			1464	715
			1465	715
			1466	714
			1467	714
			1468	714
			1469	713
			1470	713
			1471	713
			1472	713
			1473	712
			1474	712
			1475	712
			1476	711
			1477	711
			1478	711
			1479	710
			1480	710
			1481	710
			1482	710
			1483	709
			1484	709
			1485	709
			1486	708
			1487	708
			1488	708
			1489	708
			1490	707
			1491	707
			1492	707
			1493	706
			1494	706
			1495	706
			1496	706
			1497	705
			1498	705
			1499	705
			1500	705
			1501	704
			1502	704
			1503	704
			1504	704
			1505	703
			1506	703
			1507	703
			1508	703
			1509	702
			1510	702
			1511	702
			1512	702
			1513	701
			1514	701
			1515	701
			1516	701
			1517	700
			1518	700
			1519	700
			1520	700
			1521	699
			1522	699
			1523	699
			1524	699
			1525	698
			1526	698
			1527	698
			1528	698
			1529	698
			1530	697
			1531	697
			1532	697
			1533	697
			1534	696
			1535	696
			1536	696
			1537	696
			1538	696
			1539	695
			1540	695
			1541	695
			1542	695
			1543	694
			1544	694
			1545	694
			1546	694
			1547	694
			1548	694
			1549	693
			1550	693
			1551	693
			1552	693
			1553	693
			1554	692
			1555	692
			1556	692
			1557	692
			1558	692
			1559	692
			1560	692
			1561	691
			1562	691
			1563	691
			1564	691
			1565	691
			1566	691
			1567	690
			1568	690
			1569	690
			1570	690
			1571	690
			1572	690
			1573	690
			1574	689
			1575	689
			1576	689
			1577	689
			1578	689
			1579	689
			1580	689
			1581	689
			1582	688
			1583	688
			1584	688
			1585	688
			1586	688
			1587	688
			1588	688
			1589	688
			1590	687
			1591	687
			1592	687
			1593	687
			1594	687
			1595	687
			1596	687
			1597	687
			1598	687
			1599	687
			1600	686
			1601	686
			1602	686
			1603	686
			1604	686
			1605	686
			1606	686
			1607	686
			1608	686
			1609	685
			1610	685
			1611	685
			1612	685
			1613	685
			1614	685
			1615	685
			1616	685
			1617	685
			1618	685
			1619	685
			1620	685
			1620	684
			1621	684
			1622	684
			1623	684
			1624	684
			1625	684
			1626	684
			1627	684
			1628	684
			1629	684
			1630	684
			1631	684
			1632	683
			1633	683
			1634	683
			1635	683
			1636	683
			1637	683
			1638	683
			1639	683
			1640	683
			1641	683
			1642	683
			1643	683
			1644	683
			1645	683
			1646	682
			1647	682
			1648	682
			1649	682
			1650	682
			1651	682
			1652	682
			1653	682
			1654	682
			1655	682
			1656	682
			1657	682
			1658	682
			1659	682
			1660	682
			1661	681
			1662	681
			1663	681
			1664	681
			1665	681
			1666	681
			1667	681
			1668	681
			1669	681
			1670	681
			1671	681
			1672	681
			1673	681
			1674	681
			1675	681
			1676	681
			1677	681
			1678	681
			1679	681
			1680	681
			1681	681
			1682	681
			1683	681
			1684	681
			1685	681
			1686	681
			1687	681
			1688	681
			1689	681
			1690	681
			1691	682
			1692	682
			1693	682
			1694	682
			1695	682
			1696	682
			1697	682
			1698	682
			1699	682
			1700	682
			1701	683
			1702	683
			1703	683
			1704	683
			1705	683
			1706	683
			1707	684
			1708	684
			1709	684
			1710	684
			1711	684
			1712	684
			1713	685
			1714	685
			1715	685
			1716	685
			1717	686
			1718	686
			1719	686
			1720	686
			1721	687
			1722	687
			1723	687
			1724	687
			1725	688
			1726	688
			1727	688
			1728	689
			1729	689
			1730	689
			1731	689
			1732	690
			1733	690
			1734	690
			1734	691
			1735	691
			1736	691
			1737	692
			1738	692
			1739	692
			1740	693
			1741	693
			1742	693
			1743	694
			1744	694
			1745	695
			1746	695
			1747	696
			1748	696
			1749	697
			1750	697
			1751	698
			1752	698
			1753	699
			1754	699
			1755	699
			1755	700
			1756	700
			1757	701
			1758	701
			1759	702
			1760	702
			1761	703
			1762	703
			1763	704
			1764	704
			1764	705
			1765	705
			1766	706
			1767	706
			1768	707
			1769	708
			1770	708
			1771	709
			1772	710
			1773	711
			1774	711
			1775	712
			1776	713
			1777	714
			1778	714
			1779	715
			1780	716
			1781	717
			1782	717
			1783	718
			1784	719
			1785	720
			1786	721
			1787	721
			1788	722
			1789	723
			1790	724
			1791	725
			1792	726
			1793	727
			1794	727
			1795	728
			1796	729
			1797	730
			1798	731
			1799	732
			1800	733
			1801	734
			1802	735
			1803	736
			1804	737
			1805	738
			1806	739
			1806	740
			1807	741
			1808	742
			1809	743
			1810	744
			1811	745
			1812	746
			1813	747
			1814	748
			1815	749
			1815	750
			1816	751
			1817	752
			1818	753
			1819	754
			1819	755
			1820	755
			1820	756
			1821	757
			1822	758
			1822	759
			1823	760
			1824	761
			1825	762
			1826	763
			1826	764
			1827	765
			1828	766
			1829	766
			1830	767
			1831	768
			1832	768
			1833	769
			1834	770
			1835	771
			1836	771
			1837	772
			1838	773
			1839	774
			1840	775
			1841	775
			1841	776
			1842	776
			1843	777
			1844	778
			1845	779
			1846	779
			1847	780
			1848	781
			1849	781
			1849	782
			1850	782
			1851	783
			1852	784
			1853	785
			1854	786
			1855	786
			1856	787
			1857	788
			1858	789
			1859	789
			1860	790
			1861	791
			1862	792
			1862	793
			1863	793
			1864	794
			1865	795
			1866	796
			1867	796
			1868	797
			1869	798
			1870	799
			1871	799
			1872	800
			1873	801
			1873	802
			1874	803
			1875	803
			1876	804
			1877	805
			1878	806
			1879	807
			1880	807
			1881	808
			1881	809
			1882	810
			1883	810
			1884	811
			1885	812
			1886	813
			1887	814
			1888	814
			1889	815
			1889	816
			1890	817
			1891	818
			1892	818
			1893	819
			1894	820
			1895	821
			1895	822
			1896	823
			1897	823
			1898	824
			1899	825
			1900	826
			1901	827
			1902	828
			1903	829
			1904	830
			1905	831
			1906	832
			1907	833
			1908	834
			1909	835
			1910	836
			1911	837
			1912	838
			1913	839
			1914	840
			1915	841
			1916	842
			1917	843
			1918	844
			1919	845
			1920	846
			1921	847
			1922	848
			1923	849
			1924	850
			1925	851
			1926	852
			1927	853
			1928	854
			1929	855
			1930	856
			1931	857
			1931	858
			1932	858
			1932	859
			1933	860
			1934	861
			1935	862
			1936	863
			1937	864
			1938	865
			1938	866
			1939	866
			1940	867
			1940	868
			1941	869
			1942	869
			1942	870
			1943	871
			1944	872
			1945	873
			1946	874
			1947	875
			1947	876
			1948	877
			1949	878
			1950	879
			1951	880
			1951	881
			1952	882
			1953	882
			1954	883
			1954	884
			1955	885
			1956	886
			1957	887
			1958	888
			1958	889
			1959	890
			1960	891
			1961	892
			1961	893
			1962	894
			1963	895
			1964	896
			1965	897
			1966	898
			1967	899
			1967	900
			1968	901
			1968	902
			1969	902
			1969	903
			1970	904
			1971	904
			1971	905
			1972	906
			1972	907
			1973	907
			1973	908
			1974	909
			1975	910
			1976	911
			1976	912
			1977	913
			1978	914
			1978	915
			1979	915
			1980	916
			1980	917
			1981	918
			1982	919
			1982	920
			1983	921
			1984	921
			1984	922
			1985	923
			1986	924
			1986	925
			1987	926
			1988	926
			1988	927
			1989	928
			1989	929
			1990	930
			1991	931
			1992	932
			1993	933
			1993	934
			1994	935
			1995	936
			1996	937
			1996	938
			1997	939
			1998	940
			1998	941
			1999	942
			2000	943
			2001	944
			2001	945
			2002	946
			2003	947
			2003	948
			2004	949
			2005	950
			2005	951
			2006	951
			2007	952
			2007	953
			2008	954
			2009	955
			2009	956
			2010	957
			2011	958
			2011	959
			2012	960
			2013	961
			2013	962
			2014	962
			2015	963
			2015	964
			2016	965
			2017	966
			2017	967
			2018	968
			2018	969
			2019	970
			2020	970
			2020	971
			2021	972
			2021	973
			2022	974
			2023	975
			2023	976
			2024	976
			2024	977
			2025	978
			2026	979
			2026	980
			2027	981
			2027	982
			2028	982
			2028	983
			2029	984
			2030	985
			2030	986
			2031	986
			2031	987
			2032	988
			2032	989
			2033	990
			2033	991
			2034	991
			2034	992
			2035	993
			2036	994
			2036	995
			2037	995
			2037	996
			2038	997
			2038	998
			2039	998
			2039	999
			2040	1000
			2040	1001
			2041	1002
			2042	1003
			2042	1004
			2043	1005
			2043	1006
			2044	1007
			2044	1008
			2045	1008
			2045	1009
			2046	1010
			2047	1011
			2047	1012
			2048	1013
			2048	1014
			2049	1015
			2050	1016
			2050	1017
			2051	1018
			2052	1019
			2052	1020
			2053	1021
			2053	1022
			2054	1023
			2054	1024
			2055	1025
			2056	1026
			2056	1027
			2057	1028
			2057	1029
			2058	1030
			2058	1031
			2059	1032
			2059	1033
			2060	1034
			2060	1035
			2061	1035
			2061	1036
			2062	1037
			2062	1038
			2063	1039
			2063	1040
			2063	1041
			2064	1042
			2064	1043
			2065	1043
			2065	1044
			2066	1045
			2066	1046
		</c1>
		<c2 type=matrix rownames=FALSE colnames=FALSE nrow=1042 ncol=2 as.numeric=TRUE >
			2066	1046
			2065	1046
			2064	1045
			2063	1045
			2062	1045
			2061	1044
			2060	1044
			2059	1044
			2058	1043
			2057	1043
			2056	1043
			2055	1042
			2054	1042
			2053	1042
			2052	1041
			2051	1041
			2050	1041
			2049	1041
			2048	1040
			2047	1040
			2046	1040
			2045	1039
			2044	1039
			2043	1039
			2042	1038
			2041	1038
			2040	1038
			2039	1038
			2039	1037
			2038	1037
			2037	1037
			2036	1037
			2035	1036
			2034	1036
			2033	1036
			2032	1035
			2031	1035
			2030	1035
			2029	1034
			2028	1034
			2027	1034
			2026	1034
			2025	1033
			2024	1033
			2023	1033
			2022	1033
			2021	1032
			2020	1032
			2019	1032
			2018	1031
			2017	1031
			2016	1031
			2015	1031
			2014	1030
			2013	1030
			2012	1030
			2011	1029
			2010	1029
			2009	1029
			2008	1029
			2007	1028
			2006	1028
			2005	1028
			2004	1027
			2003	1027
			2002	1027
			2001	1027
			2000	1026
			1999	1026
			1998	1026
			1997	1026
			1996	1025
			1995	1025
			1994	1025
			1993	1025
			1992	1024
			1991	1024
			1990	1024
			1989	1024
			1989	1023
			1988	1023
			1987	1023
			1986	1023
			1985	1022
			1984	1022
			1983	1022
			1982	1022
			1981	1022
			1980	1022
			1979	1022
			1978	1022
			1977	1022
			1976	1022
			1975	1022
			1974	1022
			1973	1022
			1972	1022
			1971	1022
			1970	1022
			1969	1022
			1968	1022
			1967	1022
			1966	1022
			1965	1022
			1964	1022
			1963	1021
			1962	1021
			1961	1021
			1960	1021
			1959	1021
			1958	1021
			1957	1021
			1956	1021
			1955	1021
			1954	1021
			1953	1021
			1952	1021
			1951	1021
			1950	1021
			1949	1021
			1948	1021
			1947	1021
			1946	1021
			1946	1020
			1945	1020
			1944	1020
			1943	1020
			1942	1020
			1941	1020
			1940	1020
			1939	1020
			1938	1020
			1937	1020
			1936	1020
			1935	1020
			1934	1020
			1933	1019
			1932	1019
			1931	1019
			1930	1019
			1929	1019
			1928	1019
			1927	1019
			1926	1019
			1925	1019
			1924	1019
			1923	1018
			1922	1018
			1921	1018
			1920	1018
			1919	1018
			1918	1018
			1917	1018
			1916	1018
			1915	1017
			1914	1017
			1913	1017
			1912	1017
			1911	1017
			1910	1017
			1909	1017
			1908	1016
			1907	1016
			1906	1016
			1905	1016
			1904	1016
			1903	1016
			1902	1016
			1901	1015
			1900	1015
			1899	1015
			1898	1015
			1897	1015
			1896	1014
			1895	1014
			1894	1014
			1893	1014
			1892	1014
			1891	1014
			1890	1013
			1889	1013
			1888	1013
			1887	1013
			1886	1013
			1885	1012
			1884	1012
			1883	1012
			1882	1012
			1881	1012
			1880	1011
			1879	1011
			1878	1011
			1877	1011
			1876	1010
			1875	1010
			1874	1010
			1873	1010
			1872	1009
			1871	1009
			1870	1009
			1869	1009
			1868	1008
			1867	1008
			1866	1008
			1865	1008
			1864	1007
			1863	1007
			1862	1007
			1861	1007
			1860	1006
			1859	1006
			1858	1005
			1857	1005
			1856	1005
			1855	1005
			1854	1004
			1853	1004
			1852	1004
			1851	1004
			1850	1004
			1849	1004
			1848	1004
			1847	1004
			1846	1004
			1845	1004
			1844	1004
			1843	1004
			1842	1004
			1841	1004
			1840	1004
			1839	1004
			1838	1004
			1837	1004
			1836	1004
			1835	1004
			1834	1004
			1833	1004
			1832	1004
			1831	1004
			1830	1004
			1829	1004
			1828	1004
			1827	1004
			1826	1004
			1825	1004
			1824	1004
			1823	1004
			1822	1004
			1821	1004
			1820	1004
			1819	1004
			1818	1004
			1817	1004
			1816	1004
			1815	1004
			1814	1004
			1813	1004
			1812	1004
			1811	1004
			1810	1004
			1809	1004
			1808	1004
			1807	1004
			1806	1004
			1805	1004
			1804	1003
			1803	1003
			1802	1003
			1801	1003
			1800	1003
			1799	1003
			1798	1003
			1797	1003
			1796	1003
			1795	1003
			1794	1003
			1793	1003
			1792	1003
			1791	1003
			1790	1003
			1789	1003
			1788	1003
			1787	1003
			1786	1003
			1785	1003
			1784	1003
			1783	1003
			1782	1002
			1781	1002
			1780	1002
			1779	1002
			1778	1002
			1777	1002
			1776	1002
			1775	1002
			1774	1002
			1773	1002
			1772	1002
			1771	1002
			1770	1002
			1769	1002
			1768	1001
			1767	1001
			1766	1001
			1765	1001
			1764	1001
			1763	1001
			1762	1001
			1761	1001
			1760	1001
			1759	1001
			1758	1001
			1758	1000
			1757	1000
			1756	1000
			1755	1000
			1754	1000
			1753	1000
			1752	1000
			1751	1000
			1750	1000
			1749	1000
			1748	999
			1747	999
			1746	999
			1745	999
			1744	999
			1743	999
			1742	999
			1741	999
			1740	998
			1739	998
			1738	998
			1737	998
			1736	998
			1735	998
			1734	998
			1733	997
			1732	997
			1731	997
			1730	997
			1729	997
			1728	997
			1727	996
			1726	996
			1725	996
			1724	996
			1723	996
			1722	996
			1721	995
			1720	995
			1719	995
			1718	995
			1717	995
			1716	994
			1715	994
			1714	994
			1713	994
			1712	993
			1711	993
			1710	993
			1709	993
			1708	992
			1707	992
			1706	992
			1705	992
			1704	991
			1703	991
			1702	991
			1701	991
			1700	991
			1699	991
			1698	991
			1697	991
			1696	991
			1695	992
			1694	992
			1693	992
			1692	992
			1691	992
			1690	992
			1689	992
			1688	992
			1687	992
			1686	992
			1685	992
			1684	992
			1683	992
			1682	992
			1681	992
			1680	992
			1679	992
			1678	993
			1677	993
			1676	993
			1675	993
			1674	993
			1673	993
			1672	993
			1671	993
			1670	993
			1669	993
			1668	993
			1667	993
			1666	993
			1665	993
			1664	993
			1663	993
			1662	993
			1661	993
			1660	993
			1659	993
			1658	993
			1657	993
			1656	993
			1655	993
			1654	994
			1653	994
			1652	994
			1651	994
			1650	994
			1649	994
			1648	994
			1647	994
			1646	994
			1645	994
			1644	994
			1643	994
			1642	994
			1641	994
			1640	994
			1639	994
			1638	994
			1637	994
			1636	994
			1635	994
			1634	994
			1633	994
			1632	994
			1631	994
			1630	994
			1629	994
			1628	994
			1627	994
			1626	994
			1625	994
			1624	994
			1623	994
			1622	994
			1621	994
			1620	994
			1619	994
			1618	994
			1617	994
			1616	994
			1615	994
			1614	994
			1613	993
			1612	993
			1611	993
			1610	993
			1609	993
			1608	993
			1607	993
			1606	993
			1605	993
			1604	993
			1603	993
			1602	993
			1601	993
			1600	993
			1599	993
			1598	993
			1597	993
			1596	993
			1595	993
			1594	993
			1593	993
			1592	992
			1591	992
			1590	992
			1589	992
			1588	992
			1587	992
			1586	992
			1585	992
			1584	992
			1583	992
			1582	992
			1581	992
			1580	991
			1579	991
			1578	991
			1577	991
			1576	991
			1575	991
			1574	991
			1573	991
			1572	991
			1571	991
			1570	991
			1570	990
			1569	990
			1568	990
			1567	990
			1566	990
			1565	990
			1564	990
			1563	990
			1562	989
			1561	989
			1560	989
			1559	989
			1558	989
			1557	989
			1556	989
			1555	988
			1554	988
			1553	988
			1552	988
			1551	988
			1550	988
			1549	987
			1548	987
			1547	987
			1546	987
			1545	987
			1544	987
			1543	986
			1542	986
			1541	986
			1540	986
			1539	986
			1539	985
			1538	985
			1537	985
			1536	985
			1535	985
			1534	984
			1533	984
			1532	984
			1531	984
			1530	984
			1529	984
			1528	984
			1527	984
			1526	984
			1525	984
			1524	985
			1523	985
			1522	985
			1521	985
			1520	985
			1519	985
			1518	985
			1517	985
			1516	985
			1515	985
			1514	985
			1513	985
			1512	985
			1511	985
			1510	985
			1509	985
			1508	985
			1507	986
			1506	986
			1505	986
			1504	986
			1503	986
			1502	986
			1501	986
			1500	986
			1499	986
			1498	986
			1497	986
			1496	986
			1495	986
			1494	986
			1493	986
			1492	986
			1491	986
			1490	986
			1489	986
			1488	986
			1487	986
			1486	987
			1485	987
			1484	987
			1483	987
			1482	987
			1481	987
			1480	987
			1479	987
			1478	987
			1477	987
			1476	987
			1475	987
			1474	987
			1473	987
			1472	987
			1471	987
			1470	987
			1469	987
			1468	987
			1467	987
			1466	987
			1465	987
			1464	987
			1463	987
			1462	988
			1461	988
			1460	988
			1459	988
			1458	988
			1457	988
			1456	988
			1455	988
			1454	988
			1453	988
			1452	988
			1451	988
			1450	988
			1449	988
			1448	988
			1447	988
			1446	988
			1445	988
			1444	988
			1443	988
			1442	988
			1441	988
			1440	988
			1439	988
			1438	988
			1437	988
			1436	988
			1435	988
			1434	988
			1433	988
			1432	988
			1431	988
			1430	988
			1429	988
			1428	988
			1427	988
			1426	988
			1425	989
			1424	989
			1423	989
			1422	989
			1421	989
			1420	989
			1419	989
			1418	989
			1417	989
			1416	989
			1415	989
			1414	989
			1413	989
			1412	989
			1411	989
			1410	989
			1409	989
			1408	989
			1407	989
			1406	989
			1405	989
			1404	989
			1403	989
			1402	989
			1401	989
			1400	989
			1399	989
			1398	989
			1397	989
			1396	989
			1395	989
			1394	989
			1393	989
			1392	989
			1391	989
			1390	989
			1389	989
			1388	989
			1387	989
			1386	989
			1385	989
			1384	989
			1383	989
			1382	989
			1381	989
			1380	989
			1379	989
			1378	989
			1377	989
			1376	989
			1375	989
			1374	989
			1373	989
			1372	989
			1371	989
			1370	989
			1369	989
			1368	989
			1367	989
			1366	989
			1365	989
			1364	989
			1363	989
			1362	989
			1361	989
			1360	989
			1359	989
			1358	989
			1357	989
			1356	989
			1355	989
			1354	989
			1353	989
			1352	989
			1351	989
			1350	989
			1349	989
			1348	989
			1347	989
			1346	989
			1345	989
			1344	989
			1343	989
			1342	989
			1341	989
			1340	989
			1339	989
			1338	989
			1337	988
			1336	988
			1335	988
			1334	988
			1333	988
			1332	988
			1331	988
			1330	988
			1329	988
			1328	988
			1327	988
			1326	988
			1325	988
			1324	988
			1323	988
			1322	988
			1321	988
			1320	988
			1319	988
			1318	988
			1317	988
			1316	988
			1315	988
			1314	988
			1313	988
			1312	988
			1311	988
			1310	988
			1309	988
			1308	988
			1307	988
			1306	989
			1305	989
			1304	989
			1303	989
			1302	989
			1301	989
			1300	989
			1299	989
			1298	989
			1297	989
			1296	989
			1295	989
			1294	989
			1293	989
			1292	989
			1291	989
			1290	989
			1289	989
			1288	989
			1287	989
			1286	989
			1285	989
			1284	990
			1283	990
			1282	990
			1281	990
			1280	990
			1279	990
			1278	990
			1277	990
			1276	990
			1275	990
			1274	990
			1273	990
			1272	990
			1271	990
			1270	990
			1269	990
			1268	990
			1267	990
			1266	990
			1265	990
			1264	990
			1263	990
			1262	990
			1261	990
			1260	990
			1259	990
			1258	990
			1257	991
			1256	991
			1255	991
			1254	991
			1253	991
			1252	991
			1251	991
			1250	991
			1249	991
			1248	991
			1247	991
			1246	991
			1245	991
			1244	991
			1243	991
			1242	991
			1241	991
			1240	991
			1239	991
			1238	991
			1237	991
			1236	991
			1235	991
			1234	991
			1233	991
			1232	991
			1231	991
			1230	991
			1229	991
			1228	991
			1227	991
			1226	991
			1225	991
			1224	991
			1223	991
			1222	991
			1221	991
			1220	991
			1219	991
			1218	991
			1217	991
			1216	991
			1215	991
			1214	991
			1213	991
			1212	991
			1211	991
			1210	991
			1209	991
			1208	991
			1207	992
			1206	992
			1205	992
			1204	992
			1203	992
			1202	992
			1201	992
			1200	992
			1199	992
			1198	992
			1197	992
			1196	992
			1195	992
			1194	992
			1193	992
			1192	992
			1191	992
			1190	992
			1189	992
			1188	992
			1187	992
			1186	992
			1185	992
			1184	992
			1183	992
			1182	992
			1181	992
			1180	992
			1179	992
			1178	992
			1177	992
			1176	992
			1175	992
			1175	991
			1174	991
			1173	991
			1172	991
			1171	991
			1170	991
			1169	991
			1168	991
			1167	991
			1166	991
			1165	991
			1164	991
			1163	991
			1162	991
			1161	991
			1160	991
			1159	991
			1158	991
			1157	991
			1156	991
			1155	991
			1154	991
			1153	991
			1152	991
			1151	991
			1150	991
			1149	991
			1148	991
			1147	991
			1146	991
			1145	991
			1144	991
			1143	992
			1142	992
			1141	992
			1140	992
			1139	992
			1138	992
			1137	992
			1136	993
			1135	993
			1134	993
			1133	993
			1132	993
			1131	993
			1130	993
			1129	994
			1128	994
			1127	994
			1126	994
			1125	994
			1124	994
			1123	994
			1122	994
			1121	995
			1120	995
			1119	995
			1118	995
			1117	995
			1116	995
			1115	995
			1114	995
			1113	995
			1112	996
			1111	996
			1110	996
			1109	996
			1108	996
			1107	996
			1106	996
			1105	996
			1104	996
			1103	996
			1102	996
			1102	997
			1101	997
			1100	997
			1099	997
			1098	997
			1097	997
			1096	997
			1095	997
			1094	997
			1093	997
			1092	997
			1091	997
			1090	997
			1089	997
			1088	997
			1087	998
			1086	998
			1085	998
			1084	998
			1083	998
			1082	998
			1081	998
			1080	998
			1079	998
			1078	998
			1077	998
			1076	998
			1075	998
			1074	998
			1073	998
			1072	998
			1071	998
			1070	998
			1069	998
			1068	998
			1067	998
			1066	998
			1065	998
			1064	998
			1063	998
			1062	998
			1061	998
			1060	998
			1059	998
			1058	998
			1057	998
			1056	998
			1055	998
			1054	998
			1053	998
			1052	998
			1051	998
			1050	998
			1049	998
			1048	998
			1047	998
			1046	998
			1045	998
			1044	998
			1043	998
			1042	998
			1041	998
			1040	997
			1039	997
			1038	997
			1037	997
			1036	997
			1035	997
			1034	997
			1033	997
		</c2>
	</curves.pixel>
	<curves.scaled type=list>
		<c1 type=matrix rownames=FALSE colnames=FALSE nrow=1152 ncol=2 as.numeric=TRUE >
			44.9113455388815	-43.3461873206823
			44.9113455388815	-43.3027107035101
			44.9548221560537	-43.3027107035101
			44.9548221560537	-43.2592340863379
			44.9982987732259	-43.2157574691657
			45.0417753903981	-43.1722808519935
			45.0852520075703	-43.1288042348213
			45.1287286247425	-43.0853276176491
			45.1722052419147	-43.0418510004769
			45.1722052419147	-42.9983743833047
			45.2156818590869	-42.9548977661325
			45.2591584762591	-42.9114211489603
			45.3026350934313	-42.8679445317881
			45.3461117106035	-42.8244679146159
			45.3461117106035	-42.7809912974437
			45.3895883277757	-42.7375146802715
			45.4330649449479	-42.6940380630993
			45.4765415621201	-42.6505614459271
			45.5200181792923	-42.6070848287549
			45.5634947964645	-42.5636082115827
			45.5634947964645	-42.5201315944105
			45.6069714136366	-42.4766549772383
			45.6504480308088	-42.4331783600661
			45.693924647981	-42.3897017428939
			45.7374012651532	-42.3462251257217
			45.7808778823254	-42.3027485085495
			45.8243544994976	-42.2592718913773
			45.8243544994976	-42.2157952742051
			45.8678311166698	-42.1723186570329
			45.911307733842	-42.1288420398607
			45.9547843510142	-42.0853654226885
			45.9982609681864	-42.0418888055163
			46.0417375853586	-41.9984121883441
			46.0852142025308	-41.9549355711719
			46.128690819703	-41.9114589539997
			46.1721674368752	-41.8679823368275
			46.2156440540474	-41.8245057196553
			46.2591206712196	-41.7810291024831
			46.3025972883918	-41.7375524853109
			46.346073905564	-41.6940758681387
			46.3895505227362	-41.6505992509666
			46.4330271399084	-41.6071226337943
			46.4765037570806	-41.5636460166222
			46.5199803742528	-41.52016939945
			46.563456991425	-41.4766927822778
			46.6069336085972	-41.4332161651056
			46.6504102257694	-41.3897395479334
			46.6938868429416	-41.3462629307612
			46.7373634601138	-41.302786313589
			46.780840077286	-41.2593096964168
			46.8243166944582	-41.2158330792446
			46.8677933116304	-41.1723564620724
			46.9112699288026	-41.1288798449002
			46.9547465459748	-41.085403227728
			46.998223163147	-41.0419266105558
			46.998223163147	-40.9984499933836
			47.0416997803192	-40.9984499933836
			47.0851763974914	-40.9549733762114
			47.0851763974914	-40.9114967590392
			47.1286530146636	-40.9114967590392
			47.1721296318358	-40.868020141867
			47.1721296318358	-40.8245435246948
			47.215606249008	-40.8245435246948
			47.2590828661802	-40.7810669075226
			47.2590828661802	-40.7375902903504
			47.3025594833524	-40.7375902903504
			47.3460361005246	-40.6941136731782
			47.3895127176968	-40.650637056006
			47.432989334869	-40.6071604388338
			47.4764659520412	-40.5636838216616
			47.5199425692134	-40.5202072044894
			47.5634191863856	-40.4767305873172
			47.6068958035578	-40.433253970145
			47.65037242073	-40.433253970145
			47.6938490379022	-40.3897773529728
			47.6938490379022	-40.3463007358006
			47.7373256550744	-40.3028241186284
			47.7808022722466	-40.3028241186284
			47.8242788894188	-40.2593475014562
			47.867755506591	-40.215870884284
			47.9112321237632	-40.1723942671118
			47.9547087409354	-40.1289176499396
			47.9981853581076	-40.1289176499396
			47.9981853581076	-40.0854410327674
			48.0416619752798	-40.0419644155952
			48.085138592452	-39.998487798423
			48.1286152096242	-39.9550111812508
			48.1720918267964	-39.9550111812508
			48.2155684439686	-39.9115345640786
			48.2590450611408	-39.8680579469064
			48.302521678313	-39.8245813297342
			48.3459982954852	-39.781104712562
			48.3894749126574	-39.781104712562
			48.3894749126574	-39.7376280953898
			48.4329515298296	-39.6941514782176
			48.4764281470018	-39.6506748610454
			48.519904764174	-39.6071982438732
			48.5633813813462	-39.563721626701
			48.6068579985184	-39.563721626701
			48.6503346156906	-39.5202450095288
			48.6938112328628	-39.4767683923566
			48.737287850035	-39.4332917751844
			48.7807644672072	-39.3898151580122
			48.8242410843794	-39.3898151580122
			48.8677177015516	-39.34633854084
			48.9111943187238	-39.3028619236678
			48.954670935896	-39.2593853064956
			48.9981475530682	-39.2159086893234
			49.0416241702404	-39.1724320721512
			49.0851007874126	-39.1724320721512
			49.1285774045848	-39.128955454979
			49.172054021757	-39.0854788378068
			49.2155306389292	-39.0420022206346
			49.2590072561014	-38.9985256034624
			49.3024838732736	-38.9550489862902
			49.3459604904458	-38.9550489862902
			49.389437107618	-38.911572369118
			49.4329137247902	-38.8680957519458
			49.4763903419624	-38.8246191347736
			49.5198669591346	-38.7811425176014
			49.5633435763067	-38.7376659004292
			49.6068201934789	-38.694189283257
			49.6502968106511	-38.694189283257
			49.6937734278233	-38.6507126660848
			49.7372500449955	-38.6072360489126
			49.7807266621677	-38.5637594317404
			49.8242032793399	-38.5202828145682
			49.8676798965121	-38.476806197396
			49.9111565136843	-38.4333295802238
			49.9546331308565	-38.4333295802238
			49.9981097480287	-38.3898529630516
			50.0415863652009	-38.3463763458794
			50.0850629823731	-38.3028997287072
			50.1285395995453	-38.259423111535
			50.1720162167175	-38.259423111535
			50.1720162167175	-38.2159464943628
			50.2154928338897	-38.2159464943628
			50.2589694510619	-38.1724698771906
			50.3024460682341	-38.1289932600184
			50.3459226854063	-38.0855166428462
			50.3893993025785	-38.0855166428462
			50.4328759197507	-38.042040025674
			50.4763525369229	-37.9985634085018
			50.5198291540951	-37.9985634085018
			50.5198291540951	-37.9550867913296
			50.5633057712673	-37.9550867913296
			50.6067823884395	-37.9116101741574
			50.6502590056117	-37.8681335569852
			50.6937356227839	-37.8681335569852
			50.6937356227839	-37.824656939813
			50.7372122399561	-37.7811803226409
			50.7806888571283	-37.7811803226409
			50.8241654743005	-37.7377037054686
			50.8676420914727	-37.6942270882965
			50.9111187086449	-37.6507504711242
			50.9545953258171	-37.6072738539521
			50.9980719429893	-37.6072738539521
			51.0415485601615	-37.5637972367799
			51.0850251773337	-37.5203206196077
			51.1285017945059	-37.4768440024355
			51.1719784116781	-37.4768440024355
			51.2154550288503	-37.4333673852633
			51.2589316460225	-37.3898907680911
			51.3024082631947	-37.3464141509189
			51.3458848803669	-37.3464141509189
			51.3893614975391	-37.3029375337467
			51.4328381147113	-37.2594609165745
			51.4763147318835	-37.2159842994023
			51.5197913490557	-37.1725076822301
			51.5632679662279	-37.1725076822301
			51.6067445834001	-37.1290310650579
			51.6502212005723	-37.0855544478857
			51.6936978177445	-37.0420778307135
			51.7371744349167	-37.0420778307135
			51.7806510520889	-36.9986012135413
			51.8241276692611	-36.9551245963691
			51.8676042864333	-36.9116479791969
			51.9110809036055	-36.9116479791969
			51.9545575207777	-36.8681713620247
			51.9980341379499	-36.8246947448525
			52.0415107551221	-36.7812181276803
			52.0849873722943	-36.7812181276803
			52.1284639894665	-36.7377415105081
			52.1719406066387	-36.7377415105081
			52.1719406066387	-36.6942648933359
			52.2154172238109	-36.6507882761637
			52.2588938409831	-36.6507882761637
			52.3023704581553	-36.6073116589915
			52.3458470753275	-36.5638350418193
			52.3893236924997	-36.5203584246471
			52.4328003096719	-36.5203584246471
			52.4762769268441	-36.4768818074749
			52.5197535440163	-36.4334051903027
			52.5632301611885	-36.4334051903027
			52.6067067783607	-36.3899285731305
			52.6501833955329	-36.3464519559583
			52.6936600127051	-36.3464519559583
			52.7371366298773	-36.3029753387861
			52.7806132470495	-36.2594987216139
			52.8240898642217	-36.2160221044417
			52.8675664813939	-36.1725454872695
			52.9110430985661	-36.1725454872695
			52.9545197157383	-36.1290688700973
			52.9979963329105	-36.0855922529251
			53.0414729500827	-36.0855922529251
			53.0849495672549	-36.0421156357529
			53.1284261844271	-36.0421156357529
			53.1719028015993	-35.9986390185807
			53.2153794187715	-35.9551624014085
			53.2588560359437	-35.9551624014085
			53.3023326531159	-35.9116857842363
			53.3458092702881	-35.8682091670641
			53.3892858874603	-35.8682091670641
			53.4327625046324	-35.8247325498919
			53.4762391218047	-35.8247325498919
			53.5197157389768	-35.7812559327197
			53.563192356149	-35.7377793155475
			53.6066689733212	-35.6943026983753
			53.6501455904934	-35.6943026983753
			53.6936222076656	-35.6508260812031
			53.7370988248378	-35.6508260812031
			53.78057544201	-35.6073494640309
			53.8240520591822	-35.5638728468587
			53.8675286763544	-35.5638728468587
			53.9110052935266	-35.5203962296865
			53.9544819106988	-35.5203962296865
			53.997958527871	-35.4769196125143
			54.0414351450432	-35.4334429953421
			54.0849117622154	-35.4334429953421
			54.1283883793876	-35.3899663781699
			54.1718649965598	-35.3464897609977
			54.215341613732	-35.3464897609977
			54.2588182309042	-35.3030131438255
			54.3022948480764	-35.3030131438255
			54.3457714652486	-35.2595365266533
			54.3892480824208	-35.2160599094811
			54.432724699593	-35.2160599094811
			54.4762013167652	-35.1725832923089
			54.5196779339374	-35.1725832923089
			54.5631545511096	-35.1291066751367
			54.6066311682818	-35.0856300579645
			54.650107785454	-35.0856300579645
			54.6935844026262	-35.0421534407923
			54.7370610197984	-35.0421534407923
			54.7805376369706	-34.9986768236201
			54.8240142541428	-34.9986768236201
			54.867490871315	-34.9552002064479
			54.9109674884872	-34.9117235892757
			54.9544441056594	-34.9117235892757
			54.9979207228316	-34.8682469721035
			55.0413973400038	-34.8682469721035
			55.084873957176	-34.8247703549313
			55.1283505743482	-34.7812937377591
			55.1718271915204	-34.7812937377591
			55.2153038086926	-34.7378171205869
			55.2587804258648	-34.7378171205869
			55.302257043037	-34.6943405034147
			55.3457336602092	-34.6943405034147
			55.3892102773814	-34.6508638862425
			55.4326868945536	-34.6508638862425
			55.4761635117258	-34.6073872690703
			55.519640128898	-34.5639106518981
			55.5631167460702	-34.5639106518981
			55.6065933632424	-34.5204340347259
			55.6500699804146	-34.5204340347259
			55.6935465975868	-34.4769574175537
			55.737023214759	-34.4769574175537
			55.7804998319312	-34.4334808003815
			55.8239764491034	-34.4334808003815
			55.8674530662756	-34.3900041832093
			55.9109296834478	-34.3465275660371
			55.95440630062	-34.3465275660371
			55.9978829177922	-34.3030509488649
			56.0413595349644	-34.3030509488649
			56.0848361521366	-34.2595743316927
			56.1283127693088	-34.2595743316927
			56.171789386481	-34.2160977145205
			56.2152660036532	-34.2160977145205
			56.2587426208254	-34.1726210973483
			56.3022192379976	-34.1726210973483
			56.3456958551698	-34.1291444801761
			56.389172472342	-34.1291444801761
			56.4326490895142	-34.0856678630039
			56.4761257066864	-34.0856678630039
			56.5196023238586	-34.0421912458317
			56.5630789410308	-33.9987146286595
			56.606555558203	-33.9987146286595
			56.6500321753752	-33.9987146286595
			56.6935087925474	-33.9552380114873
			56.7369854097196	-33.9552380114873
			56.7804620268918	-33.9117613943151
			56.823938644064	-33.8682847771429
			56.8674152612362	-33.8682847771429
			56.9108918784084	-33.8248081599707
			56.9543684955806	-33.8248081599707
			56.9978451127528	-33.8248081599707
			57.041321729925	-33.7813315427985
			57.0847983470972	-33.7813315427985
			57.0847983470972	-33.7378549256264
			57.1282749642694	-33.7378549256264
			57.1717515814416	-33.6943783084541
			57.2152281986138	-33.6943783084541
			57.258704815786	-33.650901691282
			57.3021814329582	-33.650901691282
			57.3456580501304	-33.650901691282
			57.3891346673025	-33.6074250741097
			57.4326112844748	-33.5639484569376
			57.4760879016469	-33.5639484569376
			57.5195645188192	-33.5204718397654
			57.5630411359913	-33.5204718397654
			57.6065177531635	-33.4769952225932
			57.6499943703357	-33.4769952225932
			57.6934709875079	-33.433518605421
			57.7369476046801	-33.433518605421
			57.7804242218523	-33.3900419882488
			57.8239008390245	-33.3900419882488
			57.8673774561967	-33.3900419882488
			57.8673774561967	-33.3465653710766
			57.9108540733689	-33.3465653710766
			57.9543306905411	-33.3465653710766
			57.9978073077133	-33.3030887539044
			58.0412839248855	-33.3030887539044
			58.0847605420577	-33.2596121367322
			58.1282371592299	-33.2596121367322
			58.1717137764021	-33.21613551956
			58.2151903935743	-33.21613551956
			58.2586670107465	-33.1726589023878
			58.3021436279187	-33.1726589023878
			58.3456202450909	-33.1291822852156
			58.3890968622631	-33.1291822852156
			58.4325734794353	-33.0857056680434
			58.4760500966075	-33.0857056680434
			58.5195267137797	-33.0857056680434
			58.5195267137797	-33.0422290508712
			58.5630033309519	-33.0422290508712
			58.6064799481241	-33.0422290508712
			58.6064799481241	-32.998752433699
			58.6499565652963	-32.998752433699
			58.6934331824685	-32.998752433699
			58.6934331824685	-32.9552758165268
			58.7369097996407	-32.9552758165268
			58.7803864168129	-32.9552758165268
			58.7803864168129	-32.9117991993546
			58.8238630339851	-32.9117991993546
			58.8673396511573	-32.9117991993546
			58.9108162683295	-32.8683225821824
			58.9542928855017	-32.8683225821824
			58.9977695026739	-32.8248459650102
			59.0412461198461	-32.8248459650102
			59.0847227370183	-32.8248459650102
			59.0847227370183	-32.781369347838
			59.1281993541905	-32.781369347838
			59.1716759713627	-32.781369347838
			59.2151525885349	-32.7378927306658
			59.2586292057071	-32.7378927306658
			59.3021058228793	-32.6944161134936
			59.3455824400515	-32.6944161134936
			59.3890590572237	-32.6509394963214
			59.4325356743959	-32.6509394963214
			59.4760122915681	-32.6509394963214
			59.5194889087403	-32.6074628791492
			59.5629655259125	-32.6074628791492
			59.6064421430847	-32.563986261977
			59.6499187602569	-32.563986261977
			59.6933953774291	-32.5205096448048
			59.7368719946013	-32.5205096448048
			59.7803486117735	-32.5205096448048
			59.8238252289457	-32.4770330276326
			59.8673018461179	-32.4770330276326
			59.9107784632901	-32.4335564104604
			59.9542550804623	-32.4335564104604
			59.9977316976345	-32.3900797932882
			60.0412083148067	-32.3900797932882
			60.0846849319789	-32.3900797932882
			60.1281615491511	-32.346603176116
			60.1716381663233	-32.346603176116
			60.2151147834955	-32.346603176116
			60.2151147834955	-32.3031265589438
			60.2585914006677	-32.3031265589438
			60.3020680178399	-32.2596499417716
			60.3455446350121	-32.2596499417716
			60.3890212521843	-32.2596499417716
			60.4324978693565	-32.2161733245994
			60.4759744865287	-32.2161733245994
			60.5194511037009	-32.1726967074272
			60.5629277208731	-32.1726967074272
			60.6064043380453	-32.1726967074272
			60.6498809552175	-32.129220090255
			60.6933575723897	-32.129220090255
			60.7368341895619	-32.0857434730828
			60.7803108067341	-32.0857434730828
			60.8237874239063	-32.0857434730828
			60.8672640410785	-32.0422668559106
			60.9107406582507	-32.0422668559106
			60.9542172754229	-32.0422668559106
			60.9976938925951	-31.9987902387384
			61.0411705097673	-31.9987902387384
			61.0846471269395	-31.9553136215662
			61.1281237441117	-31.9553136215662
			61.1716003612839	-31.9553136215662
			61.2150769784561	-31.911837004394
			61.2585535956283	-31.911837004394
			61.3020302128005	-31.8683603872218
			61.3455068299726	-31.8683603872218
			61.3889834471449	-31.8683603872218
			61.432460064317	-31.8248837700496
			61.4759366814893	-31.8248837700496
			61.5194132986614	-31.8248837700496
			61.5628899158336	-31.7814071528774
			61.6063665330058	-31.7814071528774
			61.649843150178	-31.7814071528774
			61.6933197673502	-31.7379305357052
			61.7367963845224	-31.7379305357052
			61.7802730016946	-31.694453918533
			61.8237496188668	-31.694453918533
			61.867226236039	-31.694453918533
			61.9107028532112	-31.6509773013608
			61.9541794703834	-31.6509773013608
			61.9976560875556	-31.6509773013608
			62.0411327047278	-31.6075006841886
			62.0846093219	-31.6075006841886
			62.1280859390722	-31.6075006841886
			62.1715625562444	-31.5640240670164
			62.2150391734166	-31.5640240670164
			62.2585157905888	-31.5205474498442
			62.301992407761	-31.5205474498442
			62.3454690249332	-31.5205474498442
			62.3889456421054	-31.477070832672
			62.4324222592776	-31.477070832672
			62.4758988764498	-31.477070832672
			62.519375493622	-31.4335942154998
			62.5628521107942	-31.4335942154998
			62.6063287279664	-31.4335942154998
			62.6498053451386	-31.3901175983276
			62.6932819623108	-31.3901175983276
			62.736758579483	-31.3901175983276
			62.7802351966552	-31.3466409811554
			62.8237118138274	-31.3466409811554
			62.8671884309996	-31.3466409811554
			62.9106650481718	-31.3031643639832
			62.954141665344	-31.3031643639832
			62.9976182825162	-31.3031643639832
			63.0410948996884	-31.259687746811
			63.0845715168606	-31.259687746811
			63.1280481340328	-31.259687746811
			63.171524751205	-31.2162111296388
			63.2150013683772	-31.2162111296388
			63.2584779855494	-31.2162111296388
			63.3019546027216	-31.1727345124666
			63.3454312198938	-31.1727345124666
			63.388907837066	-31.1727345124666
			63.4323844542382	-31.1727345124666
			63.4758610714104	-31.1292578952944
			63.5193376885826	-31.1292578952944
			63.5628143057548	-31.1292578952944
			63.606290922927	-31.0857812781222
			63.6497675400992	-31.0857812781222
			63.6932441572714	-31.0857812781222
			63.7367207744436	-31.04230466095
			63.7801973916158	-31.04230466095
			63.823674008788	-31.04230466095
			63.8671506259602	-30.9988280437778
			63.9106272431324	-30.9988280437778
			63.9541038603046	-30.9988280437778
			63.9975804774768	-30.9988280437778
			64.041057094649	-30.9553514266056
			64.0845337118212	-30.9553514266056
			64.1280103289934	-30.9553514266056
			64.1714869461656	-30.9118748094334
			64.2149635633378	-30.9118748094334
			64.25844018051	-30.9118748094334
			64.3019167976822	-30.8683981922612
			64.3453934148544	-30.8683981922612
			64.3888700320266	-30.8683981922612
			64.4323466491988	-30.8683981922612
			64.475823266371	-30.824921575089
			64.5192998835432	-30.824921575089
			64.5627765007154	-30.824921575089
			64.6062531178876	-30.7814449579168
			64.6497297350598	-30.7814449579168
			64.693206352232	-30.7814449579168
			64.7366829694042	-30.7814449579168
			64.7801595865764	-30.7379683407446
			64.8236362037486	-30.7379683407446
			64.8671128209208	-30.7379683407446
			64.910589438093	-30.6944917235724
			64.9540660552652	-30.6944917235724
			64.9975426724374	-30.6944917235724
			65.0410192896096	-30.6944917235724
			65.0844959067818	-30.6510151064002
			65.127972523954	-30.6510151064002
			65.1714491411262	-30.6510151064002
			65.2149257582983	-30.6510151064002
			65.2584023754706	-30.607538489228
			65.3018789926428	-30.607538489228
			65.3453556098149	-30.607538489228
			65.3888322269871	-30.607538489228
			65.4323088441594	-30.5640618720558
			65.4757854613316	-30.5640618720558
			65.5192620785037	-30.5640618720558
			65.5627386956759	-30.5640618720558
			65.6062153128481	-30.5205852548836
			65.6496919300203	-30.5205852548836
			65.6931685471925	-30.5205852548836
			65.7366451643647	-30.5205852548836
			65.7801217815369	-30.4771086377114
			65.8235983987091	-30.4771086377114
			65.8670750158813	-30.4771086377114
			65.9105516330535	-30.4771086377114
			65.9540282502257	-30.4336320205392
			65.9975048673979	-30.4336320205392
			66.0409814845701	-30.4336320205392
			66.0844581017423	-30.4336320205392
			66.1279347189145	-30.390155403367
			66.1714113360867	-30.390155403367
			66.2148879532589	-30.390155403367
			66.2583645704311	-30.390155403367
			66.3018411876033	-30.3466787861948
			66.3453178047755	-30.3466787861948
			66.3887944219477	-30.3466787861948
			66.4322710391199	-30.3466787861948
			66.4757476562921	-30.3466787861948
			66.5192242734643	-30.3032021690226
			66.5627008906365	-30.3032021690226
			66.6061775078087	-30.3032021690226
			66.6496541249809	-30.3032021690226
			66.6931307421531	-30.2597255518504
			66.7366073593253	-30.2597255518504
			66.7800839764975	-30.2597255518504
			66.8235605936697	-30.2597255518504
			66.8670372108419	-30.2597255518504
			66.9105138280141	-30.2162489346782
			66.9539904451863	-30.2162489346782
			66.9974670623585	-30.2162489346782
			67.0409436795307	-30.2162489346782
			67.0844202967029	-30.172772317506
			67.1278969138751	-30.172772317506
			67.1713735310473	-30.172772317506
			67.2148501482195	-30.172772317506
			67.2583267653917	-30.172772317506
			67.3018033825639	-30.172772317506
			67.3452799997361	-30.1292957003338
			67.3887566169083	-30.1292957003338
			67.4322332340805	-30.1292957003338
			67.4757098512527	-30.1292957003338
			67.5191864684249	-30.1292957003338
			67.5626630855971	-30.0858190831616
			67.6061397027693	-30.0858190831616
			67.6496163199415	-30.0858190831616
			67.6930929371137	-30.0858190831616
			67.7365695542859	-30.0858190831616
			67.7800461714581	-30.0858190831616
			67.8235227886303	-30.0858190831616
			67.8669994058025	-30.0423424659894
			67.9104760229747	-30.0423424659894
			67.9539526401469	-30.0423424659894
			67.9974292573191	-30.0423424659894
			68.0409058744913	-30.0423424659894
			68.0843824916635	-30.0423424659894
			68.1278591088357	-29.9988658488172
			68.1713357260079	-29.9988658488172
			68.2148123431801	-29.9988658488172
			68.2582889603523	-29.9988658488172
			68.3017655775245	-29.9988658488172
			68.3452421946967	-29.9988658488172
			68.3887188118689	-29.9988658488172
			68.4321954290411	-29.955389231645
			68.4756720462133	-29.955389231645
			68.5191486633855	-29.955389231645
			68.5626252805577	-29.955389231645
			68.6061018977299	-29.955389231645
			68.6495785149021	-29.955389231645
			68.6930551320743	-29.955389231645
			68.7365317492465	-29.955389231645
			68.7800083664187	-29.9119126144728
			68.8234849835909	-29.9119126144728
			68.8669616007631	-29.9119126144728
			68.9104382179353	-29.9119126144728
			68.9539148351075	-29.9119126144728
			68.9973914522797	-29.9119126144728
			69.0408680694519	-29.9119126144728
			69.0843446866241	-29.9119126144728
			69.1278213037963	-29.8684359973006
			69.1712979209685	-29.8684359973006
			69.2147745381407	-29.8684359973006
			69.2582511553128	-29.8684359973006
			69.3017277724851	-29.8684359973006
			69.3452043896573	-29.8684359973006
			69.3886810068294	-29.8684359973006
			69.4321576240016	-29.8684359973006
			69.4756342411739	-29.8684359973006
			69.519110858346	-29.8684359973006
			69.5625874755182	-29.8249593801284
			69.6060640926904	-29.8249593801284
			69.6495407098626	-29.8249593801284
			69.6930173270348	-29.8249593801284
			69.736493944207	-29.8249593801284
			69.7799705613792	-29.8249593801284
			69.8234471785514	-29.8249593801284
			69.8669237957236	-29.8249593801284
			69.9104004128958	-29.8249593801284
			69.953877030068	-29.7814827629562
			69.9973536472402	-29.7814827629562
			70.0408302644124	-29.7814827629562
			70.0843068815846	-29.7814827629562
			70.1277834987568	-29.7814827629562
			70.171260115929	-29.7814827629562
			70.2147367331012	-29.7814827629562
			70.2582133502734	-29.7814827629562
			70.3016899674456	-29.7814827629562
			70.3451665846178	-29.7814827629562
			70.38864320179	-29.7814827629562
			70.4321198189622	-29.7814827629562
			70.4321198189622	-29.738006145784
			70.4755964361344	-29.738006145784
			70.5190730533066	-29.738006145784
			70.5625496704788	-29.738006145784
			70.606026287651	-29.738006145784
			70.6495029048232	-29.738006145784
			70.6929795219954	-29.738006145784
			70.7364561391676	-29.738006145784
			70.7799327563398	-29.738006145784
			70.823409373512	-29.738006145784
			70.8668859906842	-29.738006145784
			70.9103626078564	-29.738006145784
			70.9538392250286	-29.6945295286119
			70.9973158422008	-29.6945295286119
			71.040792459373	-29.6945295286119
			71.0842690765452	-29.6945295286119
			71.1277456937174	-29.6945295286119
			71.1712223108896	-29.6945295286119
			71.2146989280618	-29.6945295286119
			71.258175545234	-29.6945295286119
			71.3016521624062	-29.6945295286119
			71.3451287795784	-29.6945295286119
			71.3886053967506	-29.6945295286119
			71.4320820139228	-29.6945295286119
			71.475558631095	-29.6945295286119
			71.5190352482672	-29.6945295286119
			71.5625118654394	-29.6510529114397
			71.6059884826116	-29.6510529114397
			71.6494650997838	-29.6510529114397
			71.692941716956	-29.6510529114397
			71.7364183341282	-29.6510529114397
			71.7798949513004	-29.6510529114397
			71.8233715684726	-29.6510529114397
			71.8668481856448	-29.6510529114397
			71.910324802817	-29.6510529114397
			71.9538014199892	-29.6510529114397
			71.9972780371614	-29.6510529114397
			72.0407546543336	-29.6510529114397
			72.0842312715058	-29.6510529114397
			72.127707888678	-29.6510529114397
			72.1711845058502	-29.6510529114397
			72.2146611230224	-29.6075762942675
			72.2581377401946	-29.6075762942675
			72.3016143573668	-29.6075762942675
			72.345090974539	-29.6075762942675
			72.3885675917112	-29.6075762942675
			72.4320442088834	-29.6075762942675
			72.4755208260556	-29.6075762942675
			72.5189974432278	-29.6075762942675
			72.5624740604	-29.6075762942675
			72.6059506775722	-29.6075762942675
			72.6494272947444	-29.6075762942675
			72.6929039119166	-29.6075762942675
			72.7363805290888	-29.6075762942675
			72.779857146261	-29.6075762942675
			72.8233337634332	-29.6075762942675
			72.8668103806054	-29.6075762942675
			72.9102869977776	-29.6075762942675
			72.9537636149498	-29.6075762942675
			72.997240232122	-29.6075762942675
			73.0407168492942	-29.6075762942675
			73.0841934664664	-29.6075762942675
			73.1276700836385	-29.6075762942675
			73.1711467008108	-29.6075762942675
			73.214623317983	-29.6075762942675
			73.2580999351552	-29.6075762942675
			73.3015765523273	-29.6075762942675
			73.3450531694996	-29.6075762942675
			73.3885297866718	-29.6075762942675
			73.4320064038439	-29.6075762942675
			73.4754830210161	-29.6075762942675
			73.5189596381883	-29.6510529114397
			73.5624362553605	-29.6510529114397
			73.6059128725327	-29.6510529114397
			73.6493894897049	-29.6510529114397
			73.6928661068771	-29.6510529114397
			73.7363427240493	-29.6510529114397
			73.7798193412215	-29.6510529114397
			73.8232959583937	-29.6510529114397
			73.8667725755659	-29.6510529114397
			73.9102491927381	-29.6510529114397
			73.9537258099103	-29.6945295286119
			73.9972024270825	-29.6945295286119
			74.0406790442547	-29.6945295286119
			74.0841556614269	-29.6945295286119
			74.1276322785991	-29.6945295286119
			74.1711088957713	-29.6945295286119
			74.2145855129435	-29.738006145784
			74.2580621301157	-29.738006145784
			74.3015387472879	-29.738006145784
			74.3450153644601	-29.738006145784
			74.3884919816323	-29.738006145784
			74.4319685988045	-29.738006145784
			74.4754452159767	-29.7814827629562
			74.5189218331489	-29.7814827629562
			74.5623984503211	-29.7814827629562
			74.6058750674933	-29.7814827629562
			74.6493516846655	-29.8249593801284
			74.6928283018377	-29.8249593801284
			74.7363049190099	-29.8249593801284
			74.7797815361821	-29.8249593801284
			74.8232581533543	-29.8684359973006
			74.8667347705265	-29.8684359973006
			74.9102113876987	-29.8684359973006
			74.9536880048709	-29.8684359973006
			74.9971646220431	-29.9119126144728
			75.0406412392153	-29.9119126144728
			75.0841178563875	-29.9119126144728
			75.1275944735597	-29.955389231645
			75.1710710907319	-29.955389231645
			75.2145477079041	-29.955389231645
			75.2580243250763	-29.955389231645
			75.3015009422485	-29.9988658488172
			75.3449775594207	-29.9988658488172
			75.3884541765929	-29.9988658488172
			75.3884541765929	-30.0423424659894
			75.4319307937651	-30.0423424659894
			75.4754074109373	-30.0423424659894
			75.5188840281095	-30.0858190831616
			75.5623606452817	-30.0858190831616
			75.6058372624539	-30.0858190831616
			75.6493138796261	-30.1292957003338
			75.6927904967983	-30.1292957003338
			75.7362671139705	-30.1292957003338
			75.7797437311427	-30.172772317506
			75.8232203483149	-30.172772317506
			75.8666969654871	-30.2162489346782
			75.9101735826593	-30.2162489346782
			75.9536501998315	-30.2597255518504
			75.9971268170037	-30.2597255518504
			76.0406034341759	-30.3032021690226
			76.0840800513481	-30.3032021690226
			76.1275566685203	-30.3466787861948
			76.1710332856925	-30.3466787861948
			76.2145099028647	-30.390155403367
			76.2579865200369	-30.390155403367
			76.3014631372091	-30.390155403367
			76.3014631372091	-30.4336320205392
			76.3449397543813	-30.4336320205392
			76.3884163715535	-30.4771086377114
			76.4318929887257	-30.4771086377114
			76.4753696058979	-30.5205852548836
			76.5188462230701	-30.5205852548836
			76.5623228402423	-30.5640618720558
			76.6057994574145	-30.5640618720558
			76.6492760745867	-30.607538489228
			76.6927526917589	-30.607538489228
			76.6927526917589	-30.6510151064002
			76.7362293089311	-30.6510151064002
			76.7797059261033	-30.6944917235724
			76.8231825432755	-30.6944917235724
			76.8666591604477	-30.7379683407446
			76.9101357776199	-30.7814449579168
			76.9536123947921	-30.7814449579168
			76.9970890119643	-30.824921575089
			77.0405656291365	-30.8683981922612
			77.0840422463087	-30.9118748094334
			77.1275188634809	-30.9118748094334
			77.170995480653	-30.9553514266056
			77.2144720978253	-30.9988280437778
			77.2579487149975	-31.04230466095
			77.3014253321696	-31.04230466095
			77.3449019493418	-31.0857812781222
			77.388378566514	-31.1292578952944
			77.4318551836863	-31.1727345124666
			77.4753318008584	-31.1727345124666
			77.5188084180306	-31.2162111296388
			77.5622850352028	-31.259687746811
			77.605761652375	-31.3031643639832
			77.6492382695472	-31.3466409811554
			77.6927148867194	-31.3466409811554
			77.7361915038916	-31.3901175983276
			77.7796681210638	-31.4335942154998
			77.823144738236	-31.477070832672
			77.8666213554082	-31.5205474498442
			77.9100979725804	-31.5640240670164
			77.9535745897526	-31.6075006841886
			77.9970512069248	-31.6075006841886
			78.040527824097	-31.6509773013608
			78.0840044412692	-31.694453918533
			78.1274810584414	-31.7379305357052
			78.1709576756136	-31.7814071528774
			78.2144342927858	-31.8248837700496
			78.257910909958	-31.8683603872218
			78.3013875271302	-31.911837004394
			78.3448641443024	-31.9553136215662
			78.3883407614746	-31.9987902387384
			78.4318173786468	-32.0422668559106
			78.475293995819	-32.0857434730828
			78.5187706129912	-32.129220090255
			78.5187706129912	-32.1726967074272
			78.5622472301634	-32.2161733245994
			78.6057238473356	-32.2596499417716
			78.6492004645078	-32.3031265589438
			78.69267708168	-32.346603176116
			78.7361536988522	-32.3900797932882
			78.7796303160244	-32.4335564104604
			78.8231069331966	-32.4770330276326
			78.8665835503688	-32.5205096448048
			78.910060167541	-32.563986261977
			78.910060167541	-32.6074628791492
			78.9535367847132	-32.6509394963214
			78.9970134018854	-32.6944161134936
			79.0404900190576	-32.7378927306658
			79.0839666362298	-32.781369347838
			79.0839666362298	-32.8248459650102
			79.127443253402	-32.8248459650102
			79.127443253402	-32.8683225821824
			79.1709198705742	-32.9117991993546
			79.2143964877464	-32.9552758165268
			79.2143964877464	-32.998752433699
			79.2578731049186	-33.0422290508712
			79.3013497220908	-33.0857056680434
			79.344826339263	-33.1291822852156
			79.3883029564352	-33.1726589023878
			79.3883029564352	-33.21613551956
			79.4317795736074	-33.2596121367322
			79.4752561907796	-33.3030887539044
			79.5187328079518	-33.3030887539044
			79.562209425124	-33.3465653710766
			79.6056860422962	-33.3900419882488
			79.6491626594684	-33.3900419882488
			79.6926392766406	-33.433518605421
			79.7361158938128	-33.4769952225932
			79.779592510985	-33.5204718397654
			79.8230691281572	-33.5204718397654
			79.8665457453294	-33.5639484569376
			79.9100223625016	-33.6074250741097
			79.9534989796738	-33.650901691282
			79.996975596846	-33.6943783084541
			80.0404522140182	-33.6943783084541
			80.0404522140182	-33.7378549256264
			80.0839288311904	-33.7378549256264
			80.1274054483626	-33.7813315427985
			80.1708820655348	-33.8248081599707
			80.214358682707	-33.8682847771429
			80.2578352998792	-33.8682847771429
			80.3013119170514	-33.9117613943151
			80.3447885342236	-33.9552380114873
			80.3882651513958	-33.9552380114873
			80.3882651513958	-33.9987146286595
			80.431741768568	-33.9987146286595
			80.4752183857402	-34.0421912458317
			80.5186950029124	-34.0856678630039
			80.5621716200846	-34.1291444801761
			80.6056482372568	-34.1726210973483
			80.649124854429	-34.1726210973483
			80.6926014716012	-34.2160977145205
			80.7360780887734	-34.2595743316927
			80.7795547059456	-34.3030509488649
			80.8230313231178	-34.3030509488649
			80.86650794029	-34.3465275660371
			80.9099845574622	-34.3900041832093
			80.9534611746344	-34.4334808003815
			80.9534611746344	-34.4769574175537
			80.9969377918066	-34.4769574175537
			81.0404144089788	-34.5204340347259
			81.083891026151	-34.5639106518981
			81.1273676433232	-34.6073872690703
			81.1708442604954	-34.6073872690703
			81.2143208776675	-34.6508638862425
			81.2577974948397	-34.6943405034147
			81.301274112012	-34.7378171205869
			81.3447507291841	-34.7378171205869
			81.3882273463563	-34.7812937377591
			81.4317039635285	-34.8247703549313
			81.4317039635285	-34.8682469721035
			81.4751805807008	-34.9117235892757
			81.5186571978729	-34.9117235892757
			81.5621338150451	-34.9552002064479
			81.6056104322173	-34.9986768236201
			81.6490870493895	-35.0421534407923
			81.6925636665617	-35.0856300579645
			81.7360402837339	-35.0856300579645
			81.7795169009061	-35.1291066751367
			81.7795169009061	-35.1725832923089
			81.8229935180783	-35.2160599094811
			81.8664701352505	-35.2160599094811
			81.9099467524227	-35.2595365266533
			81.9534233695949	-35.3030131438255
			81.9968999867671	-35.3464897609977
			82.0403766039393	-35.3899663781699
			82.0838532211115	-35.3899663781699
			82.1273298382837	-35.4334429953421
			82.1273298382837	-35.4769196125143
			82.1708064554559	-35.5203962296865
			82.2142830726281	-35.5638728468587
			82.2577596898003	-35.5638728468587
			82.3012363069725	-35.6073494640309
			82.3447129241447	-35.6508260812031
			82.3881895413169	-35.6943026983753
			82.3881895413169	-35.7377793155475
			82.4316661584891	-35.7812559327197
			82.4751427756613	-35.7812559327197
			82.5186193928335	-35.8247325498919
			82.5620960100057	-35.8682091670641
			82.6055726271779	-35.9116857842363
			82.6490492443501	-35.9551624014085
			82.6925258615223	-35.9986390185807
			82.7360024786945	-36.0421156357529
			82.7794790958667	-36.0855922529251
			82.8229557130389	-36.1290688700973
			82.8664323302111	-36.1725454872695
			82.9099089473833	-36.2160221044417
			82.9533855645555	-36.2594987216139
			82.9968621817277	-36.3029753387861
			83.0403387988999	-36.3464519559583
			83.0838154160721	-36.3899285731305
			83.1272920332443	-36.4334051903027
			83.1707686504165	-36.4768818074749
			83.2142452675887	-36.5203584246471
			83.2577218847609	-36.5638350418193
			83.3011985019331	-36.6073116589915
			83.3446751191053	-36.6507882761637
			83.3881517362775	-36.6942648933359
			83.4316283534497	-36.7377415105081
			83.4751049706219	-36.7812181276803
			83.5185815877941	-36.8246947448525
			83.5620582049663	-36.8681713620247
			83.6055348221385	-36.9116479791969
			83.6490114393107	-36.9551245963691
			83.6924880564829	-36.9986012135413
			83.7359646736551	-37.0420778307135
			83.7794412908273	-37.0855544478857
			83.8229179079995	-37.1290310650579
			83.8663945251717	-37.1725076822301
			83.9098711423439	-37.2159842994023
			83.9533477595161	-37.2594609165745
			83.9533477595161	-37.3029375337467
			83.9968243766883	-37.3029375337467
			83.9968243766883	-37.3464141509189
			84.0403009938605	-37.3898907680911
			84.0837776110327	-37.4333673852633
			84.1272542282049	-37.4768440024355
			84.1707308453771	-37.5203206196077
			84.2142074625493	-37.5637972367799
			84.2576840797215	-37.6072738539521
			84.2576840797215	-37.6507504711242
			84.3011606968937	-37.6507504711242
			84.3446373140659	-37.6942270882965
			84.3446373140659	-37.7377037054686
			84.3881139312381	-37.7811803226409
			84.4315905484103	-37.7811803226409
			84.4315905484103	-37.824656939813
			84.4750671655825	-37.8681335569852
			84.5185437827547	-37.9116101741574
			84.5620203999269	-37.9550867913296
			84.6054970170991	-37.9985634085018
			84.6489736342713	-38.042040025674
			84.6489736342713	-38.0855166428462
			84.6924502514435	-38.1289932600184
			84.7359268686157	-38.1724698771906
			84.7794034857879	-38.2159464943628
			84.8228801029601	-38.259423111535
			84.8228801029601	-38.3028997287072
			84.8663567201323	-38.3463763458794
			84.9098333373045	-38.3463763458794
			84.9533099544767	-38.3898529630516
			84.9533099544767	-38.4333295802238
			84.9967865716489	-38.476806197396
			85.0402631888211	-38.5202828145682
			85.0837398059932	-38.5637594317404
			85.1272164231655	-38.6072360489126
			85.1272164231655	-38.6507126660848
			85.1706930403377	-38.694189283257
			85.2141696575099	-38.7376659004292
			85.257646274682	-38.7811425176014
			85.257646274682	-38.8246191347736
			85.3011228918542	-38.8680957519458
			85.3445995090265	-38.911572369118
			85.3880761261986	-38.9550489862902
			85.4315527433708	-38.9985256034624
			85.475029360543	-39.0420022206346
			85.5185059777152	-39.0854788378068
			85.5185059777152	-39.128955454979
			85.5619825948874	-39.1724320721512
			85.5619825948874	-39.2159086893234
			85.6054592120596	-39.2159086893234
			85.6054592120596	-39.2593853064956
			85.6489358292318	-39.3028619236678
			85.692412446404	-39.3028619236678
			85.692412446404	-39.34633854084
			85.7358890635762	-39.3898151580122
			85.7358890635762	-39.4332917751844
			85.7793656807484	-39.4332917751844
			85.7793656807484	-39.4767683923566
			85.8228422979206	-39.5202450095288
			85.8663189150928	-39.563721626701
			85.909795532265	-39.6071982438732
			85.909795532265	-39.6506748610454
			85.9532721494372	-39.6941514782176
			85.9967487666094	-39.7376280953898
			85.9967487666094	-39.781104712562
			86.0402253837816	-39.781104712562
			86.0837020009538	-39.8245813297342
			86.0837020009538	-39.8680579469064
			86.127178618126	-39.9115345640786
			86.1706552352982	-39.9550111812508
			86.1706552352982	-39.998487798423
			86.2141318524704	-40.0419644155952
			86.2576084696426	-40.0419644155952
			86.2576084696426	-40.0854410327674
			86.3010850868148	-40.1289176499396
			86.344561703987	-40.1723942671118
			86.344561703987	-40.215870884284
			86.3880383211592	-40.2593475014562
			86.4315149383314	-40.2593475014562
			86.4315149383314	-40.3028241186284
			86.4749915555036	-40.3463007358006
			86.4749915555036	-40.3897773529728
			86.5184681726758	-40.433253970145
			86.561944789848	-40.4767305873172
			86.6054214070202	-40.5202072044894
			86.6488980241924	-40.5636838216616
			86.6488980241924	-40.6071604388338
			86.6923746413646	-40.650637056006
			86.7358512585368	-40.6941136731782
			86.779327875709	-40.7375902903504
			86.779327875709	-40.7810669075226
			86.8228044928812	-40.8245435246948
			86.8662811100534	-40.868020141867
			86.8662811100534	-40.9114967590392
			86.9097577272256	-40.9549733762114
			86.9532343443978	-40.9984499933836
			86.99671096157	-41.0419266105558
			86.99671096157	-41.085403227728
			87.0401875787422	-41.1288798449002
			87.0836641959144	-41.1723564620724
			87.0836641959144	-41.2158330792446
			87.1271408130866	-41.2593096964168
			87.1706174302588	-41.302786313589
			87.1706174302588	-41.3462629307612
			87.214094047431	-41.3462629307612
			87.2575706646032	-41.3897395479334
			87.2575706646032	-41.4332161651056
			87.3010472817754	-41.4766927822778
			87.3445238989476	-41.52016939945
			87.3445238989476	-41.5636460166222
			87.3880005161198	-41.6071226337943
			87.431477133292	-41.6505992509666
			87.431477133292	-41.6940758681387
			87.4749537504642	-41.7375524853109
			87.5184303676364	-41.7810291024831
			87.5184303676364	-41.8245057196553
			87.5619069848086	-41.8245057196553
			87.6053836019808	-41.8679823368275
			87.6053836019808	-41.9114589539997
			87.648860219153	-41.9549355711719
			87.6923368363252	-41.9984121883441
			87.6923368363252	-42.0418888055163
			87.7358134534974	-42.0853654226885
			87.7358134534974	-42.1288420398607
			87.7792900706696	-42.1723186570329
			87.8227666878418	-42.1723186570329
			87.8227666878418	-42.2157952742051
			87.866243305014	-42.2592718913773
			87.866243305014	-42.3027485085495
			87.9097199221862	-42.3462251257217
			87.9531965393584	-42.3897017428939
			87.9531965393584	-42.4331783600661
			87.9966731565306	-42.4331783600661
			87.9966731565306	-42.4766549772383
			88.0401497737028	-42.5201315944105
			88.083626390875	-42.5636082115827
			88.083626390875	-42.6070848287549
			88.1271030080472	-42.6505614459271
			88.1271030080472	-42.6940380630993
			88.1705796252194	-42.6940380630993
			88.1705796252194	-42.7375146802715
			88.2140562423916	-42.7809912974437
			88.2575328595638	-42.8244679146159
			88.2575328595638	-42.8679445317881
			88.301009476736	-42.8679445317881
			88.301009476736	-42.9114211489603
			88.3444860939082	-42.9548977661325
			88.3444860939082	-42.9983743833047
			88.3879627110804	-43.0418510004769
			88.3879627110804	-43.0853276176491
			88.4314393282526	-43.0853276176491
			88.4314393282526	-43.1288042348213
			88.4749159454248	-43.1722808519935
			88.518392562597	-43.2157574691657
			88.518392562597	-43.2592340863379
			88.5618691797692	-43.2592340863379
			88.5618691797692	-43.3027107035101
			88.6053457969414	-43.3461873206823
			88.6053457969414	-43.3896639378545
			88.6488224141136	-43.3896639378545
			88.6488224141136	-43.4331405550267
			88.6922990312858	-43.4766171721989
			88.6922990312858	-43.5200937893711
			88.735775648458	-43.5635704065433
			88.7792522656302	-43.6070470237155
			88.7792522656302	-43.6505236408877
			88.8227288828024	-43.6940002580599
			88.8227288828024	-43.7374768752321
			88.8662054999746	-43.7809534924043
			88.8662054999746	-43.8244301095765
			88.9096821171468	-43.8244301095765
			88.9096821171468	-43.8679067267487
			88.953158734319	-43.9113833439209
			88.9966353514912	-43.9548599610931
			88.9966353514912	-43.9983365782653
			89.0401119686634	-44.0418131954375
			89.0401119686634	-44.0852898126097
			89.0835885858356	-44.1287664297819
			89.1270652030077	-44.1722430469541
			89.1270652030077	-44.2157196641263
			89.1705418201799	-44.2591962812985
			89.2140184373522	-44.3026728984707
			89.2140184373522	-44.3461495156429
			89.2574950545243	-44.3896261328151
			89.2574950545243	-44.4331027499873
			89.3009716716965	-44.4765793671595
			89.3009716716965	-44.5200559843317
			89.3444482888687	-44.5635326015039
			89.387924906041	-44.6070092186761
			89.387924906041	-44.6504858358483
			89.4314015232131	-44.6939624530205
			89.4314015232131	-44.7374390701927
			89.4748781403853	-44.7809156873649
			89.4748781403853	-44.8243923045371
			89.5183547575575	-44.8678689217093
			89.5183547575575	-44.9113455388815
			89.5618313747297	-44.9548221560537
			89.5618313747297	-44.9982987732259
			89.6053079919019	-44.9982987732259
			89.6053079919019	-45.0417753903981
			89.6487846090741	-45.0852520075703
			89.6487846090741	-45.1287286247425
			89.6922612262463	-45.1722052419147
			89.6922612262463	-45.2156818590869
			89.6922612262463	-45.2591584762591
			89.7357378434185	-45.3026350934313
			89.7357378434185	-45.3461117106035
			89.7792144605907	-45.3461117106035
			89.7792144605907	-45.3895883277757
			89.8226910777629	-45.4330649449479
			89.8226910777629	-45.4765415621201
		</c1>
		<c2 type=matrix rownames=FALSE colnames=FALSE nrow=1042 ncol=2 as.numeric=TRUE >
			89.8226910777629	-45.4765415621201
			89.7792144605907	-45.4765415621201
			89.7357378434185	-45.4330649449479
			89.6922612262463	-45.4330649449479
			89.6487846090741	-45.4330649449479
			89.6053079919019	-45.3895883277757
			89.5618313747297	-45.3895883277757
			89.5183547575575	-45.3895883277757
			89.4748781403853	-45.3461117106035
			89.4314015232131	-45.3461117106035
			89.387924906041	-45.3461117106035
			89.3444482888687	-45.3026350934313
			89.3009716716965	-45.3026350934313
			89.2574950545243	-45.3026350934313
			89.2140184373522	-45.2591584762591
			89.1705418201799	-45.2591584762591
			89.1270652030077	-45.2591584762591
			89.0835885858356	-45.2591584762591
			89.0401119686634	-45.2156818590869
			88.9966353514912	-45.2156818590869
			88.953158734319	-45.2156818590869
			88.9096821171468	-45.1722052419147
			88.8662054999746	-45.1722052419147
			88.8227288828024	-45.1722052419147
			88.7792522656302	-45.1287286247425
			88.735775648458	-45.1287286247425
			88.6922990312858	-45.1287286247425
			88.6488224141136	-45.1287286247425
			88.6488224141136	-45.0852520075703
			88.6053457969414	-45.0852520075703
			88.5618691797692	-45.0852520075703
			88.518392562597	-45.0852520075703
			88.4749159454248	-45.0417753903981
			88.4314393282526	-45.0417753903981
			88.3879627110804	-45.0417753903981
			88.3444860939082	-44.9982987732259
			88.301009476736	-44.9982987732259
			88.2575328595638	-44.9982987732259
			88.2140562423916	-44.9548221560537
			88.1705796252194	-44.9548221560537
			88.1271030080472	-44.9548221560537
			88.083626390875	-44.9548221560537
			88.0401497737028	-44.9113455388815
			87.9966731565306	-44.9113455388815
			87.9531965393584	-44.9113455388815
			87.9097199221862	-44.9113455388815
			87.866243305014	-44.8678689217093
			87.8227666878418	-44.8678689217093
			87.7792900706696	-44.8678689217093
			87.7358134534974	-44.8243923045371
			87.6923368363252	-44.8243923045371
			87.648860219153	-44.8243923045371
			87.6053836019808	-44.8243923045371
			87.5619069848086	-44.7809156873649
			87.5184303676364	-44.7809156873649
			87.4749537504642	-44.7809156873649
			87.431477133292	-44.7374390701927
			87.3880005161198	-44.7374390701927
			87.3445238989476	-44.7374390701927
			87.3010472817754	-44.7374390701927
			87.2575706646032	-44.6939624530205
			87.214094047431	-44.6939624530205
			87.1706174302588	-44.6939624530205
			87.1271408130866	-44.6504858358483
			87.0836641959144	-44.6504858358483
			87.0401875787422	-44.6504858358483
			86.99671096157	-44.6504858358483
			86.9532343443978	-44.6070092186761
			86.9097577272256	-44.6070092186761
			86.8662811100534	-44.6070092186761
			86.8228044928812	-44.6070092186761
			86.779327875709	-44.5635326015039
			86.7358512585368	-44.5635326015039
			86.6923746413646	-44.5635326015039
			86.6488980241924	-44.5635326015039
			86.6054214070202	-44.5200559843317
			86.561944789848	-44.5200559843317
			86.5184681726758	-44.5200559843317
			86.4749915555036	-44.5200559843317
			86.4749915555036	-44.4765793671595
			86.4315149383314	-44.4765793671595
			86.3880383211592	-44.4765793671595
			86.344561703987	-44.4765793671595
			86.3010850868148	-44.4331027499873
			86.2576084696426	-44.4331027499873
			86.2141318524704	-44.4331027499873
			86.1706552352982	-44.4331027499873
			86.127178618126	-44.4331027499873
			86.0837020009538	-44.4331027499873
			86.0402253837816	-44.4331027499873
			85.9967487666094	-44.4331027499873
			85.9532721494372	-44.4331027499873
			85.909795532265	-44.4331027499873
			85.8663189150928	-44.4331027499873
			85.8228422979206	-44.4331027499873
			85.7793656807484	-44.4331027499873
			85.7358890635762	-44.4331027499873
			85.692412446404	-44.4331027499873
			85.6489358292318	-44.4331027499873
			85.6054592120596	-44.4331027499873
			85.5619825948874	-44.4331027499873
			85.5185059777152	-44.4331027499873
			85.475029360543	-44.4331027499873
			85.4315527433708	-44.4331027499873
			85.3880761261986	-44.4331027499873
			85.3445995090265	-44.3896261328151
			85.3011228918542	-44.3896261328151
			85.257646274682	-44.3896261328151
			85.2141696575099	-44.3896261328151
			85.1706930403377	-44.3896261328151
			85.1272164231655	-44.3896261328151
			85.0837398059932	-44.3896261328151
			85.0402631888211	-44.3896261328151
			84.9967865716489	-44.3896261328151
			84.9533099544767	-44.3896261328151
			84.9098333373045	-44.3896261328151
			84.8663567201323	-44.3896261328151
			84.8228801029601	-44.3896261328151
			84.7794034857879	-44.3896261328151
			84.7359268686157	-44.3896261328151
			84.6924502514435	-44.3896261328151
			84.6489736342713	-44.3896261328151
			84.6054970170991	-44.3896261328151
			84.6054970170991	-44.3461495156429
			84.5620203999269	-44.3461495156429
			84.5185437827547	-44.3461495156429
			84.4750671655825	-44.3461495156429
			84.4315905484103	-44.3461495156429
			84.3881139312381	-44.3461495156429
			84.3446373140659	-44.3461495156429
			84.3011606968937	-44.3461495156429
			84.2576840797215	-44.3461495156429
			84.2142074625493	-44.3461495156429
			84.1707308453771	-44.3461495156429
			84.1272542282049	-44.3461495156429
			84.0837776110327	-44.3461495156429
			84.0403009938605	-44.3026728984707
			83.9968243766883	-44.3026728984707
			83.9533477595161	-44.3026728984707
			83.9098711423439	-44.3026728984707
			83.8663945251717	-44.3026728984707
			83.8229179079995	-44.3026728984707
			83.7794412908273	-44.3026728984707
			83.7359646736551	-44.3026728984707
			83.6924880564829	-44.3026728984707
			83.6490114393107	-44.3026728984707
			83.6055348221385	-44.2591962812985
			83.5620582049663	-44.2591962812985
			83.5185815877941	-44.2591962812985
			83.4751049706219	-44.2591962812985
			83.4316283534497	-44.2591962812985
			83.3881517362775	-44.2591962812985
			83.3446751191053	-44.2591962812985
			83.3011985019331	-44.2591962812985
			83.2577218847609	-44.2157196641263
			83.2142452675887	-44.2157196641263
			83.1707686504165	-44.2157196641263
			83.1272920332443	-44.2157196641263
			83.0838154160721	-44.2157196641263
			83.0403387988999	-44.2157196641263
			82.9968621817277	-44.2157196641263
			82.9533855645555	-44.1722430469541
			82.9099089473833	-44.1722430469541
			82.8664323302111	-44.1722430469541
			82.8229557130389	-44.1722430469541
			82.7794790958667	-44.1722430469541
			82.7360024786945	-44.1722430469541
			82.6925258615223	-44.1722430469541
			82.6490492443501	-44.1287664297819
			82.6055726271779	-44.1287664297819
			82.5620960100057	-44.1287664297819
			82.5186193928335	-44.1287664297819
			82.4751427756613	-44.1287664297819
			82.4316661584891	-44.0852898126097
			82.3881895413169	-44.0852898126097
			82.3447129241447	-44.0852898126097
			82.3012363069725	-44.0852898126097
			82.2577596898003	-44.0852898126097
			82.2142830726281	-44.0852898126097
			82.1708064554559	-44.0418131954375
			82.1273298382837	-44.0418131954375
			82.0838532211115	-44.0418131954375
			82.0403766039393	-44.0418131954375
			81.9968999867671	-44.0418131954375
			81.9534233695949	-43.9983365782653
			81.9099467524227	-43.9983365782653
			81.8664701352505	-43.9983365782653
			81.8229935180783	-43.9983365782653
			81.7795169009061	-43.9983365782653
			81.7360402837339	-43.9548599610931
			81.6925636665617	-43.9548599610931
			81.6490870493895	-43.9548599610931
			81.6056104322173	-43.9548599610931
			81.5621338150451	-43.9113833439209
			81.5186571978729	-43.9113833439209
			81.4751805807008	-43.9113833439209
			81.4317039635285	-43.9113833439209
			81.3882273463563	-43.8679067267487
			81.3447507291841	-43.8679067267487
			81.301274112012	-43.8679067267487
			81.2577974948397	-43.8679067267487
			81.2143208776675	-43.8244301095765
			81.1708442604954	-43.8244301095765
			81.1273676433232	-43.8244301095765
			81.083891026151	-43.8244301095765
			81.0404144089788	-43.7809534924043
			80.9969377918066	-43.7809534924043
			80.9534611746344	-43.7809534924043
			80.9099845574622	-43.7809534924043
			80.86650794029	-43.7374768752321
			80.8230313231178	-43.7374768752321
			80.7795547059456	-43.6940002580599
			80.7360780887734	-43.6940002580599
			80.6926014716012	-43.6940002580599
			80.649124854429	-43.6940002580599
			80.6056482372568	-43.6505236408877
			80.5621716200846	-43.6505236408877
			80.5186950029124	-43.6505236408877
			80.4752183857402	-43.6505236408877
			80.431741768568	-43.6505236408877
			80.3882651513958	-43.6505236408877
			80.3447885342236	-43.6505236408877
			80.3013119170514	-43.6505236408877
			80.2578352998792	-43.6505236408877
			80.214358682707	-43.6505236408877
			80.1708820655348	-43.6505236408877
			80.1274054483626	-43.6505236408877
			80.0839288311904	-43.6505236408877
			80.0404522140182	-43.6505236408877
			79.996975596846	-43.6505236408877
			79.9534989796738	-43.6505236408877
			79.9100223625016	-43.6505236408877
			79.8665457453294	-43.6505236408877
			79.8230691281572	-43.6505236408877
			79.779592510985	-43.6505236408877
			79.7361158938128	-43.6505236408877
			79.6926392766406	-43.6505236408877
			79.6491626594684	-43.6505236408877
			79.6056860422962	-43.6505236408877
			79.562209425124	-43.6505236408877
			79.5187328079518	-43.6505236408877
			79.4752561907796	-43.6505236408877
			79.4317795736074	-43.6505236408877
			79.3883029564352	-43.6505236408877
			79.344826339263	-43.6505236408877
			79.3013497220908	-43.6505236408877
			79.2578731049186	-43.6505236408877
			79.2143964877464	-43.6505236408877
			79.1709198705742	-43.6505236408877
			79.127443253402	-43.6505236408877
			79.0839666362298	-43.6505236408877
			79.0404900190576	-43.6505236408877
			78.9970134018854	-43.6505236408877
			78.9535367847132	-43.6505236408877
			78.910060167541	-43.6505236408877
			78.8665835503688	-43.6505236408877
			78.8231069331966	-43.6505236408877
			78.7796303160244	-43.6505236408877
			78.7361536988522	-43.6505236408877
			78.69267708168	-43.6505236408877
			78.6492004645078	-43.6505236408877
			78.6057238473356	-43.6505236408877
			78.5622472301634	-43.6505236408877
			78.5187706129912	-43.6505236408877
			78.475293995819	-43.6505236408877
			78.4318173786468	-43.6070470237155
			78.3883407614746	-43.6070470237155
			78.3448641443024	-43.6070470237155
			78.3013875271302	-43.6070470237155
			78.257910909958	-43.6070470237155
			78.2144342927858	-43.6070470237155
			78.1709576756136	-43.6070470237155
			78.1274810584414	-43.6070470237155
			78.0840044412692	-43.6070470237155
			78.040527824097	-43.6070470237155
			77.9970512069248	-43.6070470237155
			77.9535745897526	-43.6070470237155
			77.9100979725804	-43.6070470237155
			77.8666213554082	-43.6070470237155
			77.823144738236	-43.6070470237155
			77.7796681210638	-43.6070470237155
			77.7361915038916	-43.6070470237155
			77.6927148867194	-43.6070470237155
			77.6492382695472	-43.6070470237155
			77.605761652375	-43.6070470237155
			77.5622850352028	-43.6070470237155
			77.5188084180306	-43.6070470237155
			77.4753318008584	-43.5635704065433
			77.4318551836863	-43.5635704065433
			77.388378566514	-43.5635704065433
			77.3449019493418	-43.5635704065433
			77.3014253321696	-43.5635704065433
			77.2579487149975	-43.5635704065433
			77.2144720978253	-43.5635704065433
			77.170995480653	-43.5635704065433
			77.1275188634809	-43.5635704065433
			77.0840422463087	-43.5635704065433
			77.0405656291365	-43.5635704065433
			76.9970890119643	-43.5635704065433
			76.9536123947921	-43.5635704065433
			76.9101357776199	-43.5635704065433
			76.8666591604477	-43.5200937893711
			76.8231825432755	-43.5200937893711
			76.7797059261033	-43.5200937893711
			76.7362293089311	-43.5200937893711
			76.6927526917589	-43.5200937893711
			76.6492760745867	-43.5200937893711
			76.6057994574145	-43.5200937893711
			76.5623228402423	-43.5200937893711
			76.5188462230701	-43.5200937893711
			76.4753696058979	-43.5200937893711
			76.4318929887257	-43.5200937893711
			76.4318929887257	-43.4766171721989
			76.3884163715535	-43.4766171721989
			76.3449397543813	-43.4766171721989
			76.3014631372091	-43.4766171721989
			76.2579865200369	-43.4766171721989
			76.2145099028647	-43.4766171721989
			76.1710332856925	-43.4766171721989
			76.1275566685203	-43.4766171721989
			76.0840800513481	-43.4766171721989
			76.0406034341759	-43.4766171721989
			75.9971268170037	-43.4331405550267
			75.9536501998315	-43.4331405550267
			75.9101735826593	-43.4331405550267
			75.8666969654871	-43.4331405550267
			75.8232203483149	-43.4331405550267
			75.7797437311427	-43.4331405550267
			75.7362671139705	-43.4331405550267
			75.6927904967983	-43.4331405550267
			75.6493138796261	-43.3896639378545
			75.6058372624539	-43.3896639378545
			75.5623606452817	-43.3896639378545
			75.5188840281095	-43.3896639378545
			75.4754074109373	-43.3896639378545
			75.4319307937651	-43.3896639378545
			75.3884541765929	-43.3896639378545
			75.3449775594207	-43.3461873206823
			75.3015009422485	-43.3461873206823
			75.2580243250763	-43.3461873206823
			75.2145477079041	-43.3461873206823
			75.1710710907319	-43.3461873206823
			75.1275944735597	-43.3461873206823
			75.0841178563875	-43.3027107035101
			75.0406412392153	-43.3027107035101
			74.9971646220431	-43.3027107035101
			74.9536880048709	-43.3027107035101
			74.9102113876987	-43.3027107035101
			74.8667347705265	-43.3027107035101
			74.8232581533543	-43.2592340863379
			74.7797815361821	-43.2592340863379
			74.7363049190099	-43.2592340863379
			74.6928283018377	-43.2592340863379
			74.6493516846655	-43.2592340863379
			74.6058750674933	-43.2157574691657
			74.5623984503211	-43.2157574691657
			74.5189218331489	-43.2157574691657
			74.4754452159767	-43.2157574691657
			74.4319685988045	-43.1722808519935
			74.3884919816323	-43.1722808519935
			74.3450153644601	-43.1722808519935
			74.3015387472879	-43.1722808519935
			74.2580621301157	-43.1288042348213
			74.2145855129435	-43.1288042348213
			74.1711088957713	-43.1288042348213
			74.1276322785991	-43.1288042348213
			74.0841556614269	-43.0853276176491
			74.0406790442547	-43.0853276176491
			73.9972024270825	-43.0853276176491
			73.9537258099103	-43.0853276176491
			73.9102491927381	-43.0853276176491
			73.8667725755659	-43.0853276176491
			73.8232959583937	-43.0853276176491
			73.7798193412215	-43.0853276176491
			73.7363427240493	-43.0853276176491
			73.6928661068771	-43.1288042348213
			73.6493894897049	-43.1288042348213
			73.6059128725327	-43.1288042348213
			73.5624362553605	-43.1288042348213
			73.5189596381883	-43.1288042348213
			73.4754830210161	-43.1288042348213
			73.4320064038439	-43.1288042348213
			73.3885297866718	-43.1288042348213
			73.3450531694996	-43.1288042348213
			73.3015765523273	-43.1288042348213
			73.2580999351552	-43.1288042348213
			73.214623317983	-43.1288042348213
			73.1711467008108	-43.1288042348213
			73.1276700836385	-43.1288042348213
			73.0841934664664	-43.1288042348213
			73.0407168492942	-43.1288042348213
			72.997240232122	-43.1288042348213
			72.9537636149498	-43.1722808519935
			72.9102869977776	-43.1722808519935
			72.8668103806054	-43.1722808519935
			72.8233337634332	-43.1722808519935
			72.779857146261	-43.1722808519935
			72.7363805290888	-43.1722808519935
			72.6929039119166	-43.1722808519935
			72.6494272947444	-43.1722808519935
			72.6059506775722	-43.1722808519935
			72.5624740604	-43.1722808519935
			72.5189974432278	-43.1722808519935
			72.4755208260556	-43.1722808519935
			72.4320442088834	-43.1722808519935
			72.3885675917112	-43.1722808519935
			72.345090974539	-43.1722808519935
			72.3016143573668	-43.1722808519935
			72.2581377401946	-43.1722808519935
			72.2146611230224	-43.1722808519935
			72.1711845058502	-43.1722808519935
			72.127707888678	-43.1722808519935
			72.0842312715058	-43.1722808519935
			72.0407546543336	-43.1722808519935
			71.9972780371614	-43.1722808519935
			71.9538014199892	-43.1722808519935
			71.910324802817	-43.2157574691657
			71.8668481856448	-43.2157574691657
			71.8233715684726	-43.2157574691657
			71.7798949513004	-43.2157574691657
			71.7364183341282	-43.2157574691657
			71.692941716956	-43.2157574691657
			71.6494650997838	-43.2157574691657
			71.6059884826116	-43.2157574691657
			71.5625118654394	-43.2157574691657
			71.5190352482672	-43.2157574691657
			71.475558631095	-43.2157574691657
			71.4320820139228	-43.2157574691657
			71.3886053967506	-43.2157574691657
			71.3451287795784	-43.2157574691657
			71.3016521624062	-43.2157574691657
			71.258175545234	-43.2157574691657
			71.2146989280618	-43.2157574691657
			71.1712223108896	-43.2157574691657
			71.1277456937174	-43.2157574691657
			71.0842690765452	-43.2157574691657
			71.040792459373	-43.2157574691657
			70.9973158422008	-43.2157574691657
			70.9538392250286	-43.2157574691657
			70.9103626078564	-43.2157574691657
			70.8668859906842	-43.2157574691657
			70.823409373512	-43.2157574691657
			70.7799327563398	-43.2157574691657
			70.7364561391676	-43.2157574691657
			70.6929795219954	-43.2157574691657
			70.6495029048232	-43.2157574691657
			70.606026287651	-43.2157574691657
			70.5625496704788	-43.2157574691657
			70.5190730533066	-43.2157574691657
			70.4755964361344	-43.2157574691657
			70.4321198189622	-43.2157574691657
			70.38864320179	-43.2157574691657
			70.3451665846178	-43.2157574691657
			70.3016899674456	-43.2157574691657
			70.2582133502734	-43.2157574691657
			70.2147367331012	-43.2157574691657
			70.171260115929	-43.2157574691657
			70.1277834987568	-43.1722808519935
			70.0843068815846	-43.1722808519935
			70.0408302644124	-43.1722808519935
			69.9973536472402	-43.1722808519935
			69.953877030068	-43.1722808519935
			69.9104004128958	-43.1722808519935
			69.8669237957236	-43.1722808519935
			69.8234471785514	-43.1722808519935
			69.7799705613792	-43.1722808519935
			69.736493944207	-43.1722808519935
			69.6930173270348	-43.1722808519935
			69.6495407098626	-43.1722808519935
			69.6060640926904	-43.1722808519935
			69.5625874755182	-43.1722808519935
			69.519110858346	-43.1722808519935
			69.4756342411739	-43.1722808519935
			69.4321576240016	-43.1722808519935
			69.3886810068294	-43.1722808519935
			69.3452043896573	-43.1722808519935
			69.3017277724851	-43.1722808519935
			69.2582511553128	-43.1722808519935
			69.2147745381407	-43.1288042348213
			69.1712979209685	-43.1288042348213
			69.1278213037963	-43.1288042348213
			69.0843446866241	-43.1288042348213
			69.0408680694519	-43.1288042348213
			68.9973914522797	-43.1288042348213
			68.9539148351075	-43.1288042348213
			68.9104382179353	-43.1288042348213
			68.8669616007631	-43.1288042348213
			68.8234849835909	-43.1288042348213
			68.7800083664187	-43.1288042348213
			68.7365317492465	-43.1288042348213
			68.6930551320743	-43.0853276176491
			68.6495785149021	-43.0853276176491
			68.6061018977299	-43.0853276176491
			68.5626252805577	-43.0853276176491
			68.5191486633855	-43.0853276176491
			68.4756720462133	-43.0853276176491
			68.4321954290411	-43.0853276176491
			68.3887188118689	-43.0853276176491
			68.3452421946967	-43.0853276176491
			68.3017655775245	-43.0853276176491
			68.2582889603523	-43.0853276176491
			68.2582889603523	-43.0418510004769
			68.2148123431801	-43.0418510004769
			68.1713357260079	-43.0418510004769
			68.1278591088357	-43.0418510004769
			68.0843824916635	-43.0418510004769
			68.0409058744913	-43.0418510004769
			67.9974292573191	-43.0418510004769
			67.9539526401469	-43.0418510004769
			67.9104760229747	-42.9983743833047
			67.8669994058025	-42.9983743833047
			67.8235227886303	-42.9983743833047
			67.7800461714581	-42.9983743833047
			67.7365695542859	-42.9983743833047
			67.6930929371137	-42.9983743833047
			67.6496163199415	-42.9983743833047
			67.6061397027693	-42.9548977661325
			67.5626630855971	-42.9548977661325
			67.5191864684249	-42.9548977661325
			67.4757098512527	-42.9548977661325
			67.4322332340805	-42.9548977661325
			67.3887566169083	-42.9548977661325
			67.3452799997361	-42.9114211489603
			67.3018033825639	-42.9114211489603
			67.2583267653917	-42.9114211489603
			67.2148501482195	-42.9114211489603
			67.1713735310473	-42.9114211489603
			67.1278969138751	-42.9114211489603
			67.0844202967029	-42.8679445317881
			67.0409436795307	-42.8679445317881
			66.9974670623585	-42.8679445317881
			66.9539904451863	-42.8679445317881
			66.9105138280141	-42.8679445317881
			66.9105138280141	-42.8244679146159
			66.8670372108419	-42.8244679146159
			66.8235605936697	-42.8244679146159
			66.7800839764975	-42.8244679146159
			66.7366073593253	-42.8244679146159
			66.6931307421531	-42.7809912974437
			66.6496541249809	-42.7809912974437
			66.6061775078087	-42.7809912974437
			66.5627008906365	-42.7809912974437
			66.5192242734643	-42.7809912974437
			66.4757476562921	-42.7809912974437
			66.4322710391199	-42.7809912974437
			66.3887944219477	-42.7809912974437
			66.3453178047755	-42.7809912974437
			66.3018411876033	-42.7809912974437
			66.2583645704311	-42.8244679146159
			66.2148879532589	-42.8244679146159
			66.1714113360867	-42.8244679146159
			66.1279347189145	-42.8244679146159
			66.0844581017423	-42.8244679146159
			66.0409814845701	-42.8244679146159
			65.9975048673979	-42.8244679146159
			65.9540282502257	-42.8244679146159
			65.9105516330535	-42.8244679146159
			65.8670750158813	-42.8244679146159
			65.8235983987091	-42.8244679146159
			65.7801217815369	-42.8244679146159
			65.7366451643647	-42.8244679146159
			65.6931685471925	-42.8244679146159
			65.6496919300203	-42.8244679146159
			65.6062153128481	-42.8244679146159
			65.5627386956759	-42.8244679146159
			65.5192620785037	-42.8679445317881
			65.4757854613316	-42.8679445317881
			65.4323088441594	-42.8679445317881
			65.3888322269871	-42.8679445317881
			65.3453556098149	-42.8679445317881
			65.3018789926428	-42.8679445317881
			65.2584023754706	-42.8679445317881
			65.2149257582983	-42.8679445317881
			65.1714491411262	-42.8679445317881
			65.127972523954	-42.8679445317881
			65.0844959067818	-42.8679445317881
			65.0410192896096	-42.8679445317881
			64.9975426724374	-42.8679445317881
			64.9540660552652	-42.8679445317881
			64.910589438093	-42.8679445317881
			64.8671128209208	-42.8679445317881
			64.8236362037486	-42.8679445317881
			64.7801595865764	-42.8679445317881
			64.7366829694042	-42.8679445317881
			64.693206352232	-42.8679445317881
			64.6497297350598	-42.8679445317881
			64.6062531178876	-42.9114211489603
			64.5627765007154	-42.9114211489603
			64.5192998835432	-42.9114211489603
			64.475823266371	-42.9114211489603
			64.4323466491988	-42.9114211489603
			64.3888700320266	-42.9114211489603
			64.3453934148544	-42.9114211489603
			64.3019167976822	-42.9114211489603
			64.25844018051	-42.9114211489603
			64.2149635633378	-42.9114211489603
			64.1714869461656	-42.9114211489603
			64.1280103289934	-42.9114211489603
			64.0845337118212	-42.9114211489603
			64.041057094649	-42.9114211489603
			63.9975804774768	-42.9114211489603
			63.9541038603046	-42.9114211489603
			63.9106272431324	-42.9114211489603
			63.8671506259602	-42.9114211489603
			63.823674008788	-42.9114211489603
			63.7801973916158	-42.9114211489603
			63.7367207744436	-42.9114211489603
			63.6932441572714	-42.9114211489603
			63.6497675400992	-42.9114211489603
			63.606290922927	-42.9114211489603
			63.5628143057548	-42.9548977661325
			63.5193376885826	-42.9548977661325
			63.4758610714104	-42.9548977661325
			63.4323844542382	-42.9548977661325
			63.388907837066	-42.9548977661325
			63.3454312198938	-42.9548977661325
			63.3019546027216	-42.9548977661325
			63.2584779855494	-42.9548977661325
			63.2150013683772	-42.9548977661325
			63.171524751205	-42.9548977661325
			63.1280481340328	-42.9548977661325
			63.0845715168606	-42.9548977661325
			63.0410948996884	-42.9548977661325
			62.9976182825162	-42.9548977661325
			62.954141665344	-42.9548977661325
			62.9106650481718	-42.9548977661325
			62.8671884309996	-42.9548977661325
			62.8237118138274	-42.9548977661325
			62.7802351966552	-42.9548977661325
			62.736758579483	-42.9548977661325
			62.6932819623108	-42.9548977661325
			62.6498053451386	-42.9548977661325
			62.6063287279664	-42.9548977661325
			62.5628521107942	-42.9548977661325
			62.519375493622	-42.9548977661325
			62.4758988764498	-42.9548977661325
			62.4324222592776	-42.9548977661325
			62.3889456421054	-42.9548977661325
			62.3454690249332	-42.9548977661325
			62.301992407761	-42.9548977661325
			62.2585157905888	-42.9548977661325
			62.2150391734166	-42.9548977661325
			62.1715625562444	-42.9548977661325
			62.1280859390722	-42.9548977661325
			62.0846093219	-42.9548977661325
			62.0411327047278	-42.9548977661325
			61.9976560875556	-42.9548977661325
			61.9541794703834	-42.9983743833047
			61.9107028532112	-42.9983743833047
			61.867226236039	-42.9983743833047
			61.8237496188668	-42.9983743833047
			61.7802730016946	-42.9983743833047
			61.7367963845224	-42.9983743833047
			61.6933197673502	-42.9983743833047
			61.649843150178	-42.9983743833047
			61.6063665330058	-42.9983743833047
			61.5628899158336	-42.9983743833047
			61.5194132986614	-42.9983743833047
			61.4759366814893	-42.9983743833047
			61.432460064317	-42.9983743833047
			61.3889834471449	-42.9983743833047
			61.3455068299726	-42.9983743833047
			61.3020302128005	-42.9983743833047
			61.2585535956283	-42.9983743833047
			61.2150769784561	-42.9983743833047
			61.1716003612839	-42.9983743833047
			61.1281237441117	-42.9983743833047
			61.0846471269395	-42.9983743833047
			61.0411705097673	-42.9983743833047
			60.9976938925951	-42.9983743833047
			60.9542172754229	-42.9983743833047
			60.9107406582507	-42.9983743833047
			60.8672640410785	-42.9983743833047
			60.8237874239063	-42.9983743833047
			60.7803108067341	-42.9983743833047
			60.7368341895619	-42.9983743833047
			60.6933575723897	-42.9983743833047
			60.6498809552175	-42.9983743833047
			60.6064043380453	-42.9983743833047
			60.5629277208731	-42.9983743833047
			60.5194511037009	-42.9983743833047
			60.4759744865287	-42.9983743833047
			60.4324978693565	-42.9983743833047
			60.3890212521843	-42.9983743833047
			60.3455446350121	-42.9983743833047
			60.3020680178399	-42.9983743833047
			60.2585914006677	-42.9983743833047
			60.2151147834955	-42.9983743833047
			60.1716381663233	-42.9983743833047
			60.1281615491511	-42.9983743833047
			60.0846849319789	-42.9983743833047
			60.0412083148067	-42.9983743833047
			59.9977316976345	-42.9983743833047
			59.9542550804623	-42.9983743833047
			59.9107784632901	-42.9983743833047
			59.8673018461179	-42.9983743833047
			59.8238252289457	-42.9983743833047
			59.7803486117735	-42.9983743833047
			59.7368719946013	-42.9983743833047
			59.6933953774291	-42.9983743833047
			59.6499187602569	-42.9983743833047
			59.6064421430847	-42.9983743833047
			59.5629655259125	-42.9983743833047
			59.5194889087403	-42.9983743833047
			59.4760122915681	-42.9983743833047
			59.4325356743959	-42.9983743833047
			59.3890590572237	-42.9983743833047
			59.3455824400515	-42.9983743833047
			59.3021058228793	-42.9983743833047
			59.2586292057071	-42.9983743833047
			59.2151525885349	-42.9983743833047
			59.1716759713627	-42.9983743833047
			59.1281993541905	-42.9983743833047
			59.0847227370183	-42.9983743833047
			59.0412461198461	-42.9983743833047
			58.9977695026739	-42.9983743833047
			58.9542928855017	-42.9983743833047
			58.9108162683295	-42.9983743833047
			58.8673396511573	-42.9983743833047
			58.8238630339851	-42.9983743833047
			58.7803864168129	-42.9983743833047
			58.7369097996407	-42.9983743833047
			58.6934331824685	-42.9983743833047
			58.6499565652963	-42.9983743833047
			58.6064799481241	-42.9983743833047
			58.5630033309519	-42.9983743833047
			58.5195267137797	-42.9983743833047
			58.4760500966075	-42.9983743833047
			58.4325734794353	-42.9983743833047
			58.3890968622631	-42.9983743833047
			58.3456202450909	-42.9983743833047
			58.3021436279187	-42.9983743833047
			58.2586670107465	-42.9983743833047
			58.2151903935743	-42.9983743833047
			58.1717137764021	-42.9983743833047
			58.1282371592299	-42.9548977661325
			58.0847605420577	-42.9548977661325
			58.0412839248855	-42.9548977661325
			57.9978073077133	-42.9548977661325
			57.9543306905411	-42.9548977661325
			57.9108540733689	-42.9548977661325
			57.8673774561967	-42.9548977661325
			57.8239008390245	-42.9548977661325
			57.7804242218523	-42.9548977661325
			57.7369476046801	-42.9548977661325
			57.6934709875079	-42.9548977661325
			57.6499943703357	-42.9548977661325
			57.6065177531635	-42.9548977661325
			57.5630411359913	-42.9548977661325
			57.5195645188192	-42.9548977661325
			57.4760879016469	-42.9548977661325
			57.4326112844748	-42.9548977661325
			57.3891346673025	-42.9548977661325
			57.3456580501304	-42.9548977661325
			57.3021814329582	-42.9548977661325
			57.258704815786	-42.9548977661325
			57.2152281986138	-42.9548977661325
			57.1717515814416	-42.9548977661325
			57.1282749642694	-42.9548977661325
			57.0847983470972	-42.9548977661325
			57.041321729925	-42.9548977661325
			56.9978451127528	-42.9548977661325
			56.9543684955806	-42.9548977661325
			56.9108918784084	-42.9548977661325
			56.8674152612362	-42.9548977661325
			56.823938644064	-42.9548977661325
			56.7804620268918	-42.9983743833047
			56.7369854097196	-42.9983743833047
			56.6935087925474	-42.9983743833047
			56.6500321753752	-42.9983743833047
			56.606555558203	-42.9983743833047
			56.5630789410308	-42.9983743833047
			56.5196023238586	-42.9983743833047
			56.4761257066864	-42.9983743833047
			56.4326490895142	-42.9983743833047
			56.389172472342	-42.9983743833047
			56.3456958551698	-42.9983743833047
			56.3022192379976	-42.9983743833047
			56.2587426208254	-42.9983743833047
			56.2152660036532	-42.9983743833047
			56.171789386481	-42.9983743833047
			56.1283127693088	-42.9983743833047
			56.0848361521366	-42.9983743833047
			56.0413595349644	-42.9983743833047
			55.9978829177922	-42.9983743833047
			55.95440630062	-42.9983743833047
			55.9109296834478	-42.9983743833047
			55.8674530662756	-42.9983743833047
			55.8239764491034	-43.0418510004769
			55.7804998319312	-43.0418510004769
			55.737023214759	-43.0418510004769
			55.6935465975868	-43.0418510004769
			55.6500699804146	-43.0418510004769
			55.6065933632424	-43.0418510004769
			55.5631167460702	-43.0418510004769
			55.519640128898	-43.0418510004769
			55.4761635117258	-43.0418510004769
			55.4326868945536	-43.0418510004769
			55.3892102773814	-43.0418510004769
			55.3457336602092	-43.0418510004769
			55.302257043037	-43.0418510004769
			55.2587804258648	-43.0418510004769
			55.2153038086926	-43.0418510004769
			55.1718271915204	-43.0418510004769
			55.1283505743482	-43.0418510004769
			55.084873957176	-43.0418510004769
			55.0413973400038	-43.0418510004769
			54.9979207228316	-43.0418510004769
			54.9544441056594	-43.0418510004769
			54.9109674884872	-43.0418510004769
			54.867490871315	-43.0418510004769
			54.8240142541428	-43.0418510004769
			54.7805376369706	-43.0418510004769
			54.7370610197984	-43.0418510004769
			54.6935844026262	-43.0418510004769
			54.650107785454	-43.0853276176491
			54.6066311682818	-43.0853276176491
			54.5631545511096	-43.0853276176491
			54.5196779339374	-43.0853276176491
			54.4762013167652	-43.0853276176491
			54.432724699593	-43.0853276176491
			54.3892480824208	-43.0853276176491
			54.3457714652486	-43.0853276176491
			54.3022948480764	-43.0853276176491
			54.2588182309042	-43.0853276176491
			54.215341613732	-43.0853276176491
			54.1718649965598	-43.0853276176491
			54.1283883793876	-43.0853276176491
			54.0849117622154	-43.0853276176491
			54.0414351450432	-43.0853276176491
			53.997958527871	-43.0853276176491
			53.9544819106988	-43.0853276176491
			53.9110052935266	-43.0853276176491
			53.8675286763544	-43.0853276176491
			53.8240520591822	-43.0853276176491
			53.78057544201	-43.0853276176491
			53.7370988248378	-43.0853276176491
			53.6936222076656	-43.0853276176491
			53.6501455904934	-43.0853276176491
			53.6066689733212	-43.0853276176491
			53.563192356149	-43.0853276176491
			53.5197157389768	-43.0853276176491
			53.4762391218047	-43.0853276176491
			53.4327625046324	-43.0853276176491
			53.3892858874603	-43.0853276176491
			53.3458092702881	-43.0853276176491
			53.3023326531159	-43.0853276176491
			53.2588560359437	-43.0853276176491
			53.2153794187715	-43.0853276176491
			53.1719028015993	-43.0853276176491
			53.1284261844271	-43.0853276176491
			53.0849495672549	-43.0853276176491
			53.0414729500827	-43.0853276176491
			52.9979963329105	-43.0853276176491
			52.9545197157383	-43.0853276176491
			52.9110430985661	-43.0853276176491
			52.8675664813939	-43.0853276176491
			52.8240898642217	-43.0853276176491
			52.7806132470495	-43.0853276176491
			52.7371366298773	-43.0853276176491
			52.6936600127051	-43.0853276176491
			52.6501833955329	-43.0853276176491
			52.6067067783607	-43.0853276176491
			52.5632301611885	-43.0853276176491
			52.5197535440163	-43.0853276176491
			52.4762769268441	-43.1288042348213
			52.4328003096719	-43.1288042348213
			52.3893236924997	-43.1288042348213
			52.3458470753275	-43.1288042348213
			52.3023704581553	-43.1288042348213
			52.2588938409831	-43.1288042348213
			52.2154172238109	-43.1288042348213
			52.1719406066387	-43.1288042348213
			52.1284639894665	-43.1288042348213
			52.0849873722943	-43.1288042348213
			52.0415107551221	-43.1288042348213
			51.9980341379499	-43.1288042348213
			51.9545575207777	-43.1288042348213
			51.9110809036055	-43.1288042348213
			51.8676042864333	-43.1288042348213
			51.8241276692611	-43.1288042348213
			51.7806510520889	-43.1288042348213
			51.7371744349167	-43.1288042348213
			51.6936978177445	-43.1288042348213
			51.6502212005723	-43.1288042348213
			51.6067445834001	-43.1288042348213
			51.5632679662279	-43.1288042348213
			51.5197913490557	-43.1288042348213
			51.4763147318835	-43.1288042348213
			51.4328381147113	-43.1288042348213
			51.3893614975391	-43.1288042348213
			51.3458848803669	-43.1288042348213
			51.3024082631947	-43.1288042348213
			51.2589316460225	-43.1288042348213
			51.2154550288503	-43.1288042348213
			51.1719784116781	-43.1288042348213
			51.1285017945059	-43.1288042348213
			51.0850251773337	-43.1288042348213
			51.0850251773337	-43.0853276176491
			51.0415485601615	-43.0853276176491
			50.9980719429893	-43.0853276176491
			50.9545953258171	-43.0853276176491
			50.9111187086449	-43.0853276176491
			50.8676420914727	-43.0853276176491
			50.8241654743005	-43.0853276176491
			50.7806888571283	-43.0853276176491
			50.7372122399561	-43.0853276176491
			50.6937356227839	-43.0853276176491
			50.6502590056117	-43.0853276176491
			50.6067823884395	-43.0853276176491
			50.5633057712673	-43.0853276176491
			50.5198291540951	-43.0853276176491
			50.4763525369229	-43.0853276176491
			50.4328759197507	-43.0853276176491
			50.3893993025785	-43.0853276176491
			50.3459226854063	-43.0853276176491
			50.3024460682341	-43.0853276176491
			50.2589694510619	-43.0853276176491
			50.2154928338897	-43.0853276176491
			50.1720162167175	-43.0853276176491
			50.1285395995453	-43.0853276176491
			50.0850629823731	-43.0853276176491
			50.0415863652009	-43.0853276176491
			49.9981097480287	-43.0853276176491
			49.9546331308565	-43.0853276176491
			49.9111565136843	-43.0853276176491
			49.8676798965121	-43.0853276176491
			49.8242032793399	-43.0853276176491
			49.7807266621677	-43.0853276176491
			49.7372500449955	-43.0853276176491
			49.6937734278233	-43.1288042348213
			49.6502968106511	-43.1288042348213
			49.6068201934789	-43.1288042348213
			49.5633435763067	-43.1288042348213
			49.5198669591346	-43.1288042348213
			49.4763903419624	-43.1288042348213
			49.4329137247902	-43.1288042348213
			49.389437107618	-43.1722808519935
			49.3459604904458	-43.1722808519935
			49.3024838732736	-43.1722808519935
			49.2590072561014	-43.1722808519935
			49.2155306389292	-43.1722808519935
			49.172054021757	-43.1722808519935
			49.1285774045848	-43.1722808519935
			49.0851007874126	-43.2157574691657
			49.0416241702404	-43.2157574691657
			48.9981475530682	-43.2157574691657
			48.954670935896	-43.2157574691657
			48.9111943187238	-43.2157574691657
			48.8677177015516	-43.2157574691657
			48.8242410843794	-43.2157574691657
			48.7807644672072	-43.2157574691657
			48.737287850035	-43.2592340863379
			48.6938112328628	-43.2592340863379
			48.6503346156906	-43.2592340863379
			48.6068579985184	-43.2592340863379
			48.5633813813462	-43.2592340863379
			48.519904764174	-43.2592340863379
			48.4764281470018	-43.2592340863379
			48.4329515298296	-43.2592340863379
			48.3894749126574	-43.2592340863379
			48.3459982954852	-43.3027107035101
			48.302521678313	-43.3027107035101
			48.2590450611408	-43.3027107035101
			48.2155684439686	-43.3027107035101
			48.1720918267964	-43.3027107035101
			48.1286152096242	-43.3027107035101
			48.085138592452	-43.3027107035101
			48.0416619752798	-43.3027107035101
			47.9981853581076	-43.3027107035101
			47.9547087409354	-43.3027107035101
			47.9112321237632	-43.3027107035101
			47.9112321237632	-43.3461873206823
			47.867755506591	-43.3461873206823
			47.8242788894188	-43.3461873206823
			47.7808022722466	-43.3461873206823
			47.7373256550744	-43.3461873206823
			47.6938490379022	-43.3461873206823
			47.65037242073	-43.3461873206823
			47.6068958035578	-43.3461873206823
			47.5634191863856	-43.3461873206823
			47.5199425692134	-43.3461873206823
			47.4764659520412	-43.3461873206823
			47.432989334869	-43.3461873206823
			47.3895127176968	-43.3461873206823
			47.3460361005246	-43.3461873206823
			47.3025594833524	-43.3461873206823
			47.2590828661802	-43.3896639378545
			47.215606249008	-43.3896639378545
			47.1721296318358	-43.3896639378545
			47.1286530146636	-43.3896639378545
			47.0851763974914	-43.3896639378545
			47.0416997803192	-43.3896639378545
			46.998223163147	-43.3896639378545
			46.9547465459748	-43.3896639378545
			46.9112699288026	-43.3896639378545
			46.8677933116304	-43.3896639378545
			46.8243166944582	-43.3896639378545
			46.780840077286	-43.3896639378545
			46.7373634601138	-43.3896639378545
			46.6938868429416	-43.3896639378545
			46.6504102257694	-43.3896639378545
			46.6069336085972	-43.3896639378545
			46.563456991425	-43.3896639378545
			46.5199803742528	-43.3896639378545
			46.4765037570806	-43.3896639378545
			46.4330271399084	-43.3896639378545
			46.3895505227362	-43.3896639378545
			46.346073905564	-43.3896639378545
			46.3025972883918	-43.3896639378545
			46.2591206712196	-43.3896639378545
			46.2156440540474	-43.3896639378545
			46.1721674368752	-43.3896639378545
			46.128690819703	-43.3896639378545
			46.0852142025308	-43.3896639378545
			46.0417375853586	-43.3896639378545
			45.9982609681864	-43.3896639378545
			45.9547843510142	-43.3896639378545
			45.911307733842	-43.3896639378545
			45.8678311166698	-43.3896639378545
			45.8243544994976	-43.3896639378545
			45.7808778823254	-43.3896639378545
			45.7374012651532	-43.3896639378545
			45.693924647981	-43.3896639378545
			45.6504480308088	-43.3896639378545
			45.6069714136366	-43.3896639378545
			45.5634947964645	-43.3896639378545
			45.5200181792923	-43.3896639378545
			45.4765415621201	-43.3896639378545
			45.4330649449479	-43.3896639378545
			45.3895883277757	-43.3896639378545
			45.3461117106035	-43.3896639378545
			45.3026350934313	-43.3896639378545
			45.2591584762591	-43.3896639378545
			45.2156818590869	-43.3461873206823
			45.1722052419147	-43.3461873206823
			45.1287286247425	-43.3461873206823
			45.0852520075703	-43.3461873206823
			45.0417753903981	-43.3461873206823
			44.9982987732259	-43.3461873206823
			44.9548221560537	-43.3461873206823
			44.9113455388815	-43.3461873206823
		</c2>
	</curves.scaled>
	<ruler.points type=matrix rownames=TRUE colnames=FALSE nrow=2 ncol=2 as.numeric=TRUE >
		Ruler point 1	2047	295
		Ruler point 2	2277	293
	</ruler.points>
</shapes>

