<shapes type=list>
	<ruler.pixel type=vector names=FALSE length=1 as.numeric=TRUE >231.008657846411</ruler.pixel>
	<ruler.interval type=vector names=FALSE length=1 as.numeric=TRUE >10</ruler.interval>
	<scaling.units type=vector names=FALSE length=1 as.numeric=FALSE >undefined</scaling.units>
	<scaling type=vector names=FALSE length=1 as.numeric=TRUE >0.0432884208463245</scaling>
	<landmarks.pixel type=matrix rownames=TRUE colnames=FALSE nrow=2 ncol=2 as.numeric=TRUE >
		LM1	968	1066
		LM2	2046	1090
	</landmarks.pixel>
	<landmarks.scaled type=matrix rownames=TRUE colnames=FALSE nrow=2 ncol=2 as.numeric=TRUE >
		LM1	41.9031913792421	-46.1454566221819
		LM2	88.5681090515799	-47.1843787224937
	</landmarks.scaled>
	<curves.control type=list>
		<c1 type=matrix rownames=FALSE colnames=FALSE nrow=13 ncol=2 as.numeric=TRUE >
			968	1066
			1024	996
			1105	917
			1233	766
			1322	763
			1561	628
			1717	678
			1885	795
			1953	906
			1998	944
			2013	1004
			2041	1072
			2046	1090
		</c1>
		<c2 type=matrix rownames=FALSE colnames=FALSE nrow=15 ncol=2 as.numeric=TRUE >
			2046	1090
			2022	1085
			2005	1079
			1989	1072
			1952	1066
			1861	1073
			1787	1051
			1696	1036
			1516	1050
			1350	1056
			1247	1062
			1135	1066
			1050	1057
			1010	1054
			968	1066
		</c2>
	</curves.control>
	<curves.pixel type=list>
		<c1 type=matrix rownames=FALSE colnames=FALSE nrow=1292 ncol=2 as.numeric=TRUE >
			968	1066
			968	1065
			969	1065
			969	1064
			970	1064
			970	1063
			971	1062
			972	1061
			973	1060
			974	1059
			975	1058
			976	1057
			976	1056
			977	1055
			977	1054
			978	1054
			979	1053
			979	1052
			980	1052
			980	1051
			981	1050
			982	1049
			983	1048
			984	1047
			985	1046
			985	1045
			986	1044
			987	1043
			988	1042
			988	1041
			989	1041
			990	1040
			990	1039
			991	1038
			992	1037
			993	1036
			993	1035
			994	1034
			995	1034
			996	1033
			996	1032
			997	1031
			998	1030
			999	1029
			999	1028
			1000	1027
			1001	1027
			1002	1026
			1002	1025
			1003	1024
			1004	1023
			1005	1022
			1005	1021
			1006	1020
			1007	1020
			1008	1019
			1009	1018
			1009	1017
			1010	1016
			1011	1015
			1012	1014
			1013	1013
			1013	1012
			1014	1012
			1015	1011
			1016	1010
			1016	1009
			1017	1008
			1018	1007
			1019	1006
			1020	1005
			1020	1004
			1021	1004
			1022	1003
			1023	1002
			1024	1001
			1025	1000
			1025	999
			1026	998
			1027	997
			1028	996
			1029	996
			1029	995
			1030	994
			1031	993
			1032	992
			1033	991
			1034	990
			1034	989
			1035	988
			1036	987
			1037	986
			1038	986
			1039	985
			1039	984
			1040	983
			1041	982
			1042	981
			1043	980
			1044	979
			1045	978
			1045	977
			1046	976
			1047	976
			1048	975
			1049	974
			1050	973
			1051	972
			1052	971
			1052	970
			1053	969
			1054	968
			1055	967
			1056	966
			1057	965
			1058	965
			1059	964
			1059	963
			1060	962
			1061	961
			1062	960
			1063	959
			1064	958
			1065	957
			1066	956
			1067	955
			1068	954
			1068	953
			1069	953
			1070	952
			1071	951
			1072	950
			1073	949
			1074	948
			1075	947
			1076	946
			1077	945
			1078	944
			1079	943
			1080	942
			1080	941
			1081	940
			1082	939
			1083	939
			1084	938
			1085	937
			1086	936
			1087	935
			1088	934
			1089	933
			1090	932
			1091	931
			1092	930
			1093	929
			1094	928
			1095	927
			1096	926
			1097	925
			1098	924
			1098	923
			1099	922
			1100	921
			1101	921
			1102	920
			1103	919
			1104	918
			1105	917
			1106	916
			1107	915
			1108	914
			1109	913
			1109	912
			1110	911
			1111	910
			1112	909
			1113	908
			1113	907
			1114	907
			1114	906
			1115	905
			1116	905
			1116	904
			1117	903
			1118	902
			1119	901
			1120	900
			1121	899
			1122	898
			1122	897
			1123	896
			1124	896
			1124	895
			1125	894
			1126	893
			1127	892
			1128	891
			1129	890
			1130	889
			1131	888
			1131	887
			1132	886
			1133	885
			1134	885
			1134	884
			1135	883
			1136	882
			1137	881
			1137	880
			1138	880
			1139	879
			1140	878
			1141	877
			1141	876
			1142	875
			1143	875
			1144	874
			1144	873
			1145	872
			1146	871
			1147	871
			1147	870
			1148	869
			1149	868
			1150	868
			1150	867
			1151	866
			1152	865
			1153	864
			1154	863
			1155	862
			1156	861
			1157	860
			1158	859
			1159	858
			1160	858
			1161	857
			1161	856
			1162	855
			1163	854
			1164	853
			1165	852
			1166	851
			1167	851
			1168	850
			1169	849
			1169	848
			1170	847
			1171	846
			1172	845
			1173	845
			1174	844
			1175	843
			1176	842
			1177	841
			1178	840
			1179	839
			1180	838
			1181	837
			1182	836
			1183	835
			1184	834
			1185	834
			1185	833
			1186	833
			1187	832
			1188	831
			1189	830
			1190	829
			1191	828
			1192	828
			1193	827
			1193	826
			1194	826
			1195	825
			1196	825
			1196	824
			1197	823
			1198	823
			1198	822
			1199	822
			1200	821
			1201	820
			1202	819
			1203	818
			1204	818
			1205	817
			1206	816
			1207	815
			1208	814
			1209	813
			1210	813
			1211	812
			1212	811
			1213	811
			1213	810
			1214	810
			1215	809
			1216	808
			1217	808
			1218	807
			1219	806
			1220	805
			1221	805
			1222	804
			1223	803
			1224	802
			1225	802
			1226	801
			1227	801
			1228	800
			1228	799
			1229	799
			1230	798
			1231	798
			1232	797
			1233	797
			1234	796
			1234	795
			1235	795
			1236	794
			1237	794
			1238	793
			1239	793
			1240	792
			1241	791
			1242	790
			1243	790
			1244	789
			1245	789
			1246	788
			1247	787
			1248	787
			1249	786
			1250	786
			1251	785
			1252	785
			1253	784
			1254	784
			1255	783
			1256	782
			1257	782
			1258	781
			1259	781
			1260	780
			1261	780
			1262	779
			1263	779
			1264	779
			1265	778
			1266	778
			1267	777
			1268	777
			1269	776
			1270	776
			1271	775
			1272	775
			1273	775
			1274	774
			1275	774
			1276	773
			1277	773
			1278	773
			1279	772
			1280	772
			1281	772
			1282	771
			1283	771
			1284	770
			1285	770
			1286	770
			1287	769
			1288	769
			1289	769
			1290	768
			1291	768
			1292	768
			1293	768
			1294	767
			1295	767
			1296	767
			1297	767
			1298	766
			1299	766
			1300	766
			1301	766
			1302	765
			1303	765
			1304	765
			1305	765
			1306	765
			1307	764
			1308	764
			1309	764
			1310	764
			1311	764
			1312	764
			1313	764
			1314	764
			1315	763
			1316	763
			1317	763
			1318	763
			1319	763
			1320	763
			1321	763
			1322	763
			1323	762
			1324	762
			1325	761
			1326	761
			1327	760
			1328	760
			1328	759
			1329	759
			1330	758
			1331	758
			1332	757
			1333	757
			1334	756
			1335	756
			1336	755
			1337	754
			1338	754
			1339	753
			1340	753
			1341	753
			1341	752
			1342	752
			1343	752
			1343	751
			1344	751
			1345	751
			1345	750
			1346	750
			1347	749
			1348	749
			1349	748
			1350	748
			1351	747
			1352	747
			1353	746
			1354	746
			1355	745
			1356	745
			1357	744
			1358	744
			1359	743
			1360	742
			1361	742
			1362	741
			1363	741
			1364	740
			1365	740
			1366	739
			1367	739
			1368	739
			1368	738
			1369	738
			1370	737
			1371	737
			1372	737
			1372	736
			1373	736
			1374	735
			1375	735
			1376	734
			1377	734
			1378	733
			1379	733
			1380	732
			1381	732
			1382	732
			1383	731
			1384	731
			1384	730
			1385	730
			1386	729
			1387	729
			1388	728
			1389	728
			1390	728
			1391	727
			1392	727
			1393	726
			1394	726
			1395	725
			1396	725
			1397	724
			1398	724
			1399	723
			1400	723
			1401	722
			1402	722
			1403	721
			1404	721
			1405	721
			1405	720
			1406	720
			1407	720
			1408	719
			1409	719
			1410	718
			1411	718
			1412	717
			1413	717
			1414	717
			1415	716
			1416	716
			1417	715
			1418	715
			1419	714
			1420	714
			1421	714
			1421	713
			1422	713
			1423	713
			1423	712
			1424	712
			1425	712
			1426	711
			1427	711
			1428	710
			1429	710
			1430	710
			1431	709
			1432	709
			1433	708
			1434	708
			1435	708
			1436	707
			1437	707
			1438	706
			1439	706
			1440	706
			1441	705
			1442	705
			1443	705
			1443	704
			1444	704
			1445	703
			1446	703
			1447	703
			1448	702
			1449	702
			1450	702
			1451	701
			1452	701
			1453	701
			1454	700
			1455	700
			1456	700
			1457	699
			1458	699
			1458	698
			1459	698
			1460	698
			1461	697
			1462	697
			1463	697
			1464	696
			1465	696
			1466	696
			1467	695
			1468	695
			1469	695
			1470	694
			1471	694
			1472	693
			1473	693
			1474	693
			1475	693
			1476	692
			1477	692
			1478	692
			1479	691
			1480	691
			1481	690
			1482	690
			1483	690
			1484	690
			1485	689
			1486	689
			1487	689
			1488	688
			1489	688
			1490	688
			1491	687
			1492	687
			1493	687
			1494	686
			1495	686
			1496	686
			1497	686
			1498	685
			1499	685
			1500	685
			1501	684
			1502	684
			1503	684
			1504	683
			1505	683
			1506	683
			1507	683
			1508	682
			1509	682
			1510	682
			1511	682
			1512	681
			1513	681
			1514	681
			1515	680
			1516	680
			1517	680
			1518	680
			1518	679
			1519	679
			1520	679
			1521	679
			1522	679
			1523	678
			1524	678
			1525	678
			1526	677
			1527	677
			1528	677
			1529	677
			1530	677
			1531	676
			1532	676
			1533	676
			1534	676
			1535	675
			1536	675
			1537	675
			1538	675
			1539	675
			1540	674
			1541	674
			1542	674
			1543	674
			1544	673
			1545	673
			1546	673
			1547	673
			1548	673
			1549	672
			1550	672
			1551	672
			1552	672
			1553	672
			1554	671
			1555	671
			1556	671
			1557	671
			1558	671
			1559	671
			1560	670
			1561	670
			1562	670
			1563	670
			1564	670
			1565	670
			1566	669
			1567	669
			1568	669
			1569	669
			1570	669
			1571	669
			1572	669
			1573	668
			1574	668
			1575	668
			1576	668
			1577	668
			1578	668
			1579	668
			1580	668
			1580	667
			1581	667
			1582	667
			1583	667
			1584	667
			1585	667
			1586	667
			1587	667
			1588	667
			1589	666
			1590	666
			1591	666
			1592	666
			1593	666
			1594	666
			1595	666
			1596	666
			1597	666
			1598	666
			1599	666
			1600	666
			1601	665
			1602	665
			1603	665
			1604	665
			1605	665
			1606	665
			1607	665
			1608	665
			1609	665
			1610	665
			1611	665
			1612	665
			1613	665
			1614	665
			1615	665
			1616	665
			1617	665
			1618	665
			1619	665
			1620	665
			1621	665
			1622	665
			1623	665
			1624	664
			1625	664
			1626	664
			1627	664
			1628	664
			1629	664
			1630	665
			1631	665
			1632	665
			1633	665
			1634	665
			1635	665
			1636	665
			1637	665
			1638	665
			1639	665
			1640	665
			1641	665
			1642	665
			1643	665
			1644	665
			1645	665
			1646	665
			1647	665
			1648	665
			1649	665
			1650	665
			1651	665
			1652	665
			1653	666
			1654	666
			1655	666
			1656	666
			1657	666
			1658	666
			1659	666
			1660	666
			1661	666
			1662	666
			1663	667
			1664	667
			1665	667
			1666	667
			1667	667
			1668	667
			1669	667
			1670	667
			1671	668
			1672	668
			1673	668
			1674	668
			1675	668
			1676	668
			1677	668
			1678	669
			1679	669
			1680	669
			1681	669
			1682	669
			1683	669
			1684	670
			1685	670
			1686	670
			1687	670
			1688	671
			1689	671
			1690	671
			1691	671
			1692	671
			1693	671
			1694	672
			1695	672
			1696	672
			1697	672
			1698	673
			1699	673
			1700	673
			1701	673
			1702	674
			1703	674
			1704	674
			1705	674
			1706	675
			1707	675
			1708	675
			1709	675
			1710	676
			1711	676
			1712	676
			1712	677
			1713	677
			1714	677
			1715	677
			1716	678
			1717	678
			1718	679
			1719	680
			1720	680
			1721	681
			1722	682
			1723	682
			1724	683
			1725	684
			1726	684
			1727	685
			1728	686
			1729	687
			1730	687
			1731	688
			1732	689
			1733	689
			1734	690
			1735	691
			1736	691
			1737	692
			1738	693
			1739	694
			1740	694
			1741	695
			1742	696
			1743	696
			1744	697
			1745	698
			1746	698
			1747	699
			1748	700
			1749	701
			1750	702
			1751	702
			1752	703
			1753	704
			1754	705
			1755	706
			1756	706
			1757	707
			1758	707
			1759	708
			1759	709
			1760	709
			1761	710
			1762	710
			1763	711
			1763	712
			1764	712
			1765	713
			1766	713
			1766	714
			1767	715
			1768	715
			1769	716
			1770	716
			1770	717
			1771	718
			1772	718
			1773	719
			1774	719
			1774	720
			1775	721
			1776	721
			1777	722
			1778	723
			1779	724
			1780	724
			1781	725
			1782	726
			1783	727
			1784	727
			1785	728
			1786	729
			1787	730
			1788	731
			1789	732
			1790	732
			1790	733
			1791	733
			1792	734
			1793	735
			1794	736
			1795	736
			1796	737
			1797	738
			1798	739
			1799	740
			1800	740
			1801	741
			1802	742
			1803	743
			1804	743
			1804	744
			1805	745
			1806	746
			1807	746
			1808	747
			1809	748
			1810	749
			1811	749
			1812	750
			1812	751
			1813	751
			1814	752
			1815	753
			1816	754
			1817	754
			1818	755
			1819	756
			1819	757
			1820	757
			1821	758
			1822	759
			1823	760
			1824	760
			1825	761
			1825	762
			1826	763
			1827	763
			1828	764
			1829	765
			1830	766
			1831	766
			1831	767
			1832	768
			1833	769
			1834	769
			1835	770
			1836	771
			1836	772
			1837	772
			1838	773
			1839	774
			1840	774
			1840	775
			1841	776
			1842	777
			1843	777
			1844	778
			1844	779
			1845	780
			1846	780
			1847	781
			1848	782
			1848	783
			1849	783
			1850	784
			1851	785
			1852	786
			1853	787
			1854	788
			1855	789
			1856	790
			1857	791
			1858	791
			1859	792
			1860	793
			1861	794
			1862	795
			1862	796
			1863	797
			1864	798
			1865	798
			1866	799
			1867	800
			1868	801
			1869	802
			1870	803
			1870	804
			1871	805
			1872	806
			1873	806
			1874	807
			1875	808
			1876	809
			1877	810
			1877	811
			1878	812
			1879	813
			1880	813
			1881	814
			1882	815
			1882	816
			1883	817
			1884	818
			1885	819
			1886	820
			1887	820
			1887	821
			1888	822
			1889	823
			1890	824
			1891	825
			1891	826
			1892	827
			1893	827
			1894	828
			1895	829
			1895	830
			1896	831
			1897	832
			1898	833
			1899	834
			1900	835
			1901	836
			1902	837
			1903	838
			1903	839
			1904	839
			1904	840
			1905	841
			1906	842
			1907	843
			1908	844
			1909	845
			1909	846
			1910	847
			1911	848
			1912	849
			1913	850
			1913	851
			1914	852
			1915	853
			1916	854
			1917	855
			1918	856
			1918	857
			1919	858
			1920	859
			1921	860
			1922	861
			1922	862
			1923	863
			1924	864
			1925	865
			1925	866
			1926	867
			1927	868
			1928	869
			1928	870
			1929	871
			1930	872
			1930	873
			1931	874
			1932	874
			1932	875
			1933	876
			1934	877
			1934	878
			1935	879
			1936	880
			1936	881
			1937	882
			1938	883
			1938	884
			1939	885
			1940	886
			1940	887
			1941	888
			1942	888
			1942	889
			1943	890
			1944	891
			1944	892
			1945	893
			1945	894
			1946	895
			1947	896
			1947	897
			1948	898
			1948	899
			1949	900
			1950	900
			1950	901
			1951	902
			1951	903
			1952	904
			1952	905
			1953	906
			1954	907
			1955	907
			1955	908
			1956	909
			1957	909
			1957	910
			1958	911
			1959	911
			1960	912
			1961	913
			1962	914
			1963	915
			1964	916
			1965	917
			1966	918
			1966	919
			1967	919
			1968	920
			1969	921
			1970	922
			1970	923
			1971	924
			1972	924
			1973	925
			1973	926
			1974	927
			1975	928
			1976	929
			1976	930
			1977	931
			1978	932
			1979	932
			1979	933
			1980	934
			1981	935
			1981	936
			1982	937
			1983	938
			1983	939
			1984	940
			1985	941
			1985	942
			1986	943
			1987	944
			1988	945
			1988	946
			1989	947
			1989	948
			1990	948
			1990	949
			1991	950
			1991	951
			1992	952
			1993	953
			1993	954
			1994	955
			1994	956
			1995	957
			1995	958
			1996	959
			1997	960
			1997	961
			1998	962
			1998	963
			1998	964
			1999	964
			1999	965
			1999	966
			2000	966
			2000	967
			2000	968
			2001	968
			2001	969
			2001	970
			2002	971
			2002	972
			2003	973
			2003	974
			2003	975
			2004	976
			2004	977
			2005	978
			2005	979
			2006	980
			2006	981
			2006	982
			2007	983
			2007	984
			2007	985
			2008	986
			2008	987
			2008	988
			2009	989
			2009	990
			2009	991
			2010	992
			2010	993
			2010	994
			2011	995
			2011	996
			2011	997
			2011	998
			2012	999
			2012	1000
			2012	1001
			2013	1002
			2013	1003
			2013	1004
			2014	1005
			2014	1006
			2014	1007
			2015	1008
			2015	1009
			2016	1010
			2016	1011
			2016	1012
			2017	1013
			2017	1014
			2018	1015
			2018	1016
			2018	1017
			2019	1018
			2019	1019
			2020	1020
			2020	1021
			2020	1022
			2021	1023
			2021	1024
			2022	1025
			2022	1026
			2022	1027
			2023	1028
			2023	1029
			2023	1030
			2024	1030
			2024	1031
			2024	1032
			2025	1033
			2025	1034
			2026	1035
			2026	1036
			2026	1037
			2027	1037
			2027	1038
			2027	1039
			2028	1040
			2028	1041
			2029	1042
			2029	1043
			2029	1044
			2030	1045
			2030	1046
			2030	1047
			2031	1048
			2031	1049
			2031	1050
			2032	1051
			2032	1052
			2033	1053
			2033	1054
			2034	1055
			2034	1056
			2034	1057
			2035	1058
			2035	1059
			2036	1060
			2036	1061
			2036	1062
			2037	1063
			2037	1064
			2037	1065
			2038	1066
			2038	1067
			2039	1068
			2039	1069
			2039	1070
			2040	1071
			2040	1072
			2040	1073
			2041	1074
			2041	1075
			2041	1076
			2042	1077
			2042	1078
			2043	1079
			2043	1080
			2043	1081
			2043	1082
			2044	1083
			2044	1084
			2045	1085
			2045	1086
			2045	1087
			2045	1088
			2046	1089
			2046	1090
		</c1>
		<c2 type=matrix rownames=FALSE colnames=FALSE nrow=1082 ncol=2 as.numeric=TRUE >
			2046	1090
			2045	1090
			2044	1090
			2043	1089
			2042	1089
			2041	1089
			2040	1089
			2039	1089
			2038	1088
			2037	1088
			2036	1088
			2035	1088
			2034	1087
			2033	1087
			2032	1087
			2031	1087
			2030	1086
			2029	1086
			2028	1086
			2027	1086
			2026	1085
			2025	1085
			2024	1085
			2023	1085
			2022	1084
			2021	1084
			2020	1084
			2019	1083
			2018	1083
			2017	1083
			2016	1083
			2015	1082
			2014	1082
			2013	1082
			2012	1081
			2011	1081
			2010	1081
			2009	1080
			2008	1080
			2007	1080
			2006	1079
			2005	1079
			2004	1079
			2003	1078
			2002	1078
			2001	1077
			2000	1077
			1999	1077
			1998	1076
			1997	1076
			1996	1076
			1995	1075
			1994	1075
			1993	1075
			1992	1074
			1991	1074
			1990	1074
			1989	1074
			1988	1073
			1987	1073
			1986	1073
			1985	1073
			1984	1072
			1983	1072
			1982	1072
			1981	1072
			1980	1071
			1979	1071
			1978	1071
			1977	1071
			1976	1071
			1975	1070
			1974	1070
			1973	1070
			1972	1070
			1971	1069
			1970	1069
			1969	1069
			1968	1069
			1967	1069
			1966	1068
			1965	1068
			1964	1068
			1963	1068
			1962	1068
			1961	1068
			1960	1067
			1959	1067
			1958	1067
			1957	1067
			1956	1067
			1955	1067
			1954	1066
			1953	1066
			1952	1066
			1951	1066
			1950	1066
			1949	1066
			1948	1066
			1947	1066
			1946	1066
			1945	1066
			1944	1067
			1943	1067
			1942	1067
			1941	1067
			1940	1067
			1939	1067
			1938	1067
			1937	1067
			1936	1067
			1935	1067
			1934	1067
			1933	1067
			1932	1067
			1931	1067
			1930	1067
			1929	1067
			1928	1067
			1927	1067
			1926	1067
			1925	1067
			1924	1067
			1923	1067
			1922	1068
			1921	1068
			1920	1068
			1919	1068
			1918	1068
			1917	1068
			1916	1068
			1915	1068
			1914	1068
			1913	1068
			1912	1068
			1911	1068
			1910	1068
			1909	1068
			1908	1068
			1907	1068
			1906	1068
			1905	1068
			1904	1068
			1903	1068
			1902	1068
			1901	1068
			1900	1068
			1899	1068
			1898	1068
			1897	1068
			1896	1068
			1895	1068
			1894	1067
			1893	1067
			1892	1067
			1891	1067
			1890	1067
			1889	1067
			1888	1067
			1887	1067
			1886	1067
			1885	1067
			1884	1067
			1883	1067
			1882	1067
			1881	1067
			1880	1067
			1879	1067
			1878	1067
			1877	1067
			1876	1067
			1875	1067
			1874	1066
			1873	1066
			1872	1066
			1871	1066
			1870	1066
			1869	1066
			1868	1066
			1867	1066
			1866	1066
			1865	1066
			1864	1066
			1863	1066
			1863	1065
			1862	1065
			1861	1065
			1860	1065
			1859	1065
			1858	1065
			1857	1065
			1856	1065
			1855	1065
			1854	1065
			1853	1064
			1852	1064
			1851	1064
			1850	1064
			1849	1064
			1848	1064
			1847	1064
			1846	1064
			1845	1063
			1844	1063
			1843	1063
			1842	1063
			1841	1063
			1840	1063
			1839	1063
			1838	1062
			1837	1062
			1836	1062
			1835	1062
			1834	1062
			1833	1062
			1832	1061
			1831	1061
			1830	1061
			1829	1061
			1828	1061
			1827	1061
			1826	1060
			1825	1060
			1824	1060
			1823	1060
			1822	1060
			1821	1059
			1820	1059
			1819	1059
			1818	1059
			1817	1059
			1816	1058
			1815	1058
			1814	1058
			1813	1058
			1812	1058
			1811	1057
			1810	1057
			1809	1057
			1808	1057
			1807	1056
			1806	1056
			1805	1056
			1804	1056
			1803	1055
			1802	1055
			1801	1055
			1800	1055
			1799	1054
			1798	1054
			1797	1054
			1796	1054
			1795	1053
			1794	1053
			1793	1053
			1792	1052
			1791	1052
			1790	1052
			1789	1052
			1788	1051
			1787	1051
			1786	1051
			1785	1051
			1784	1050
			1783	1050
			1782	1050
			1781	1050
			1780	1050
			1779	1050
			1778	1050
			1777	1049
			1776	1049
			1775	1049
			1774	1049
			1773	1049
			1772	1049
			1771	1049
			1770	1049
			1769	1048
			1768	1048
			1767	1048
			1766	1048
			1765	1048
			1764	1048
			1763	1048
			1762	1048
			1761	1048
			1760	1047
			1759	1047
			1758	1047
			1757	1047
			1756	1047
			1755	1047
			1754	1047
			1753	1047
			1752	1047
			1751	1046
			1750	1046
			1749	1046
			1748	1046
			1747	1046
			1746	1046
			1745	1046
			1744	1046
			1743	1046
			1742	1046
			1741	1046
			1740	1046
			1739	1046
			1738	1045
			1737	1045
			1736	1045
			1735	1045
			1734	1045
			1733	1045
			1732	1045
			1731	1045
			1730	1045
			1729	1045
			1728	1045
			1727	1045
			1726	1045
			1725	1045
			1724	1045
			1723	1045
			1722	1044
			1721	1044
			1720	1044
			1719	1044
			1718	1044
			1717	1044
			1716	1044
			1715	1044
			1714	1044
			1713	1044
			1712	1044
			1711	1044
			1710	1044
			1709	1044
			1708	1044
			1707	1044
			1706	1044
			1705	1044
			1704	1044
			1703	1044
			1702	1044
			1701	1044
			1700	1044
			1699	1044
			1698	1044
			1697	1044
			1696	1044
			1695	1044
			1694	1044
			1693	1043
			1692	1043
			1691	1043
			1690	1043
			1689	1043
			1688	1043
			1687	1043
			1686	1043
			1685	1043
			1684	1043
			1683	1043
			1682	1043
			1681	1043
			1680	1043
			1679	1043
			1678	1043
			1677	1043
			1676	1043
			1675	1043
			1674	1043
			1673	1043
			1672	1043
			1671	1043
			1670	1043
			1669	1043
			1668	1043
			1667	1043
			1666	1043
			1665	1043
			1664	1043
			1663	1043
			1662	1043
			1661	1043
			1660	1043
			1659	1043
			1658	1043
			1657	1043
			1656	1043
			1655	1043
			1654	1043
			1653	1043
			1652	1043
			1651	1043
			1650	1043
			1649	1043
			1648	1043
			1647	1043
			1646	1043
			1645	1043
			1644	1043
			1643	1043
			1642	1044
			1641	1044
			1640	1044
			1639	1044
			1638	1044
			1637	1044
			1636	1044
			1635	1044
			1634	1044
			1633	1044
			1632	1044
			1631	1044
			1630	1044
			1629	1044
			1628	1044
			1627	1044
			1626	1044
			1625	1044
			1624	1044
			1623	1044
			1622	1044
			1621	1044
			1620	1044
			1619	1044
			1618	1044
			1617	1044
			1616	1044
			1615	1044
			1614	1044
			1613	1044
			1612	1044
			1611	1044
			1610	1044
			1609	1044
			1608	1045
			1607	1045
			1606	1045
			1605	1045
			1604	1045
			1603	1045
			1602	1045
			1601	1045
			1600	1045
			1599	1045
			1598	1045
			1597	1045
			1596	1045
			1595	1045
			1594	1045
			1593	1045
			1592	1045
			1591	1045
			1590	1045
			1589	1045
			1588	1045
			1587	1045
			1586	1045
			1585	1046
			1584	1046
			1583	1046
			1582	1046
			1581	1046
			1580	1046
			1579	1046
			1578	1046
			1577	1046
			1576	1046
			1575	1046
			1574	1046
			1573	1046
			1572	1046
			1571	1046
			1570	1046
			1569	1046
			1568	1046
			1567	1047
			1566	1047
			1565	1047
			1564	1047
			1563	1047
			1562	1047
			1561	1047
			1560	1047
			1559	1047
			1558	1047
			1557	1047
			1556	1047
			1555	1047
			1554	1047
			1553	1047
			1552	1047
			1551	1047
			1550	1048
			1549	1048
			1548	1048
			1547	1048
			1546	1048
			1545	1048
			1544	1048
			1543	1048
			1542	1048
			1541	1048
			1540	1048
			1539	1048
			1538	1048
			1537	1048
			1536	1048
			1536	1049
			1535	1049
			1534	1049
			1533	1049
			1532	1049
			1531	1049
			1530	1049
			1529	1049
			1528	1049
			1527	1049
			1526	1049
			1525	1049
			1524	1049
			1523	1049
			1522	1050
			1521	1050
			1520	1050
			1519	1050
			1518	1050
			1517	1050
			1516	1050
			1515	1050
			1514	1050
			1513	1050
			1512	1050
			1511	1050
			1510	1050
			1509	1050
			1508	1050
			1507	1050
			1506	1050
			1505	1050
			1504	1050
			1503	1050
			1502	1051
			1501	1051
			1500	1051
			1499	1051
			1498	1051
			1497	1051
			1496	1051
			1495	1051
			1494	1051
			1493	1051
			1492	1051
			1491	1051
			1490	1051
			1489	1051
			1488	1051
			1487	1051
			1486	1051
			1485	1051
			1484	1051
			1483	1051
			1482	1051
			1481	1051
			1480	1051
			1479	1051
			1478	1051
			1477	1051
			1476	1051
			1475	1052
			1474	1052
			1473	1052
			1472	1052
			1471	1052
			1470	1052
			1469	1052
			1468	1052
			1467	1052
			1466	1052
			1465	1052
			1464	1052
			1463	1052
			1462	1052
			1461	1052
			1460	1052
			1459	1052
			1458	1052
			1457	1052
			1456	1052
			1455	1052
			1454	1052
			1453	1052
			1452	1052
			1451	1052
			1450	1052
			1449	1053
			1448	1053
			1447	1053
			1446	1053
			1445	1053
			1444	1053
			1443	1053
			1442	1053
			1441	1053
			1440	1053
			1439	1053
			1438	1053
			1437	1053
			1436	1053
			1435	1053
			1434	1053
			1433	1053
			1432	1053
			1431	1053
			1430	1053
			1429	1053
			1428	1053
			1427	1053
			1426	1053
			1425	1053
			1424	1054
			1423	1054
			1422	1054
			1421	1054
			1420	1054
			1419	1054
			1418	1054
			1417	1054
			1416	1054
			1415	1054
			1414	1054
			1413	1054
			1412	1054
			1411	1054
			1410	1054
			1409	1054
			1408	1054
			1407	1054
			1406	1054
			1405	1054
			1404	1054
			1403	1054
			1402	1054
			1401	1054
			1400	1054
			1399	1055
			1398	1055
			1397	1055
			1396	1055
			1395	1055
			1394	1055
			1393	1055
			1392	1055
			1391	1055
			1390	1055
			1389	1055
			1388	1055
			1387	1055
			1386	1055
			1385	1055
			1384	1055
			1383	1055
			1382	1055
			1381	1055
			1380	1055
			1379	1055
			1378	1055
			1377	1055
			1376	1056
			1375	1056
			1374	1056
			1373	1056
			1372	1056
			1371	1056
			1370	1056
			1369	1056
			1368	1056
			1367	1056
			1366	1056
			1365	1056
			1364	1056
			1363	1056
			1362	1056
			1361	1056
			1360	1056
			1359	1056
			1358	1056
			1357	1056
			1356	1056
			1355	1056
			1354	1057
			1353	1057
			1352	1057
			1351	1057
			1350	1057
			1349	1057
			1348	1057
			1347	1057
			1346	1057
			1345	1057
			1344	1057
			1343	1057
			1342	1057
			1341	1057
			1340	1057
			1339	1057
			1338	1057
			1337	1057
			1336	1057
			1335	1057
			1334	1057
			1333	1057
			1332	1058
			1331	1058
			1330	1058
			1329	1058
			1328	1058
			1327	1058
			1326	1058
			1325	1058
			1324	1058
			1323	1058
			1322	1058
			1321	1058
			1320	1058
			1319	1058
			1318	1058
			1317	1058
			1316	1058
			1315	1058
			1314	1058
			1313	1058
			1312	1059
			1311	1059
			1310	1059
			1309	1059
			1308	1059
			1307	1059
			1306	1059
			1305	1059
			1304	1059
			1303	1059
			1302	1059
			1301	1059
			1300	1059
			1299	1059
			1298	1059
			1297	1059
			1296	1059
			1295	1059
			1294	1059
			1293	1059
			1292	1060
			1291	1060
			1290	1060
			1289	1060
			1288	1060
			1287	1060
			1286	1060
			1285	1060
			1284	1060
			1283	1060
			1282	1060
			1281	1060
			1280	1060
			1279	1060
			1278	1060
			1277	1060
			1276	1060
			1275	1060
			1274	1060
			1273	1061
			1272	1061
			1271	1061
			1270	1061
			1269	1061
			1268	1061
			1267	1061
			1266	1061
			1265	1061
			1264	1061
			1263	1061
			1262	1061
			1261	1061
			1260	1061
			1259	1061
			1258	1061
			1257	1061
			1256	1061
			1255	1062
			1254	1062
			1253	1062
			1252	1062
			1251	1062
			1250	1062
			1249	1062
			1248	1062
			1247	1062
			1246	1062
			1245	1062
			1244	1062
			1243	1062
			1242	1062
			1241	1062
			1240	1062
			1239	1062
			1238	1062
			1237	1062
			1236	1062
			1235	1062
			1234	1062
			1233	1062
			1232	1062
			1231	1063
			1230	1063
			1229	1063
			1228	1063
			1227	1063
			1226	1063
			1225	1063
			1224	1063
			1223	1063
			1222	1063
			1221	1063
			1220	1063
			1219	1063
			1218	1063
			1217	1063
			1216	1063
			1215	1063
			1214	1063
			1213	1063
			1212	1063
			1211	1063
			1210	1063
			1209	1063
			1208	1063
			1207	1063
			1206	1063
			1205	1063
			1204	1063
			1203	1063
			1202	1063
			1201	1063
			1200	1063
			1199	1063
			1198	1063
			1197	1063
			1196	1063
			1195	1063
			1194	1063
			1193	1063
			1192	1063
			1191	1063
			1190	1063
			1189	1063
			1188	1063
			1187	1063
			1186	1063
			1185	1063
			1184	1063
			1183	1063
			1182	1063
			1181	1063
			1180	1063
			1179	1063
			1178	1063
			1177	1063
			1176	1063
			1175	1063
			1174	1063
			1173	1063
			1172	1063
			1171	1063
			1170	1063
			1169	1063
			1168	1063
			1167	1063
			1166	1063
			1165	1063
			1164	1063
			1163	1063
			1162	1063
			1161	1063
			1160	1063
			1159	1063
			1158	1063
			1157	1063
			1156	1063
			1155	1063
			1154	1063
			1153	1063
			1152	1063
			1151	1063
			1150	1063
			1149	1063
			1148	1063
			1147	1063
			1146	1063
			1145	1063
			1144	1063
			1143	1063
			1142	1063
			1141	1063
			1140	1063
			1139	1063
			1138	1063
			1137	1063
			1136	1063
			1135	1063
			1134	1063
			1133	1063
			1132	1062
			1131	1062
			1130	1062
			1129	1062
			1128	1062
			1127	1062
			1126	1062
			1125	1062
			1124	1062
			1123	1062
			1122	1062
			1121	1062
			1120	1062
			1119	1062
			1118	1062
			1117	1062
			1116	1062
			1115	1062
			1114	1062
			1113	1062
			1112	1062
			1111	1062
			1110	1062
			1109	1062
			1108	1061
			1107	1061
			1106	1061
			1105	1061
			1104	1061
			1103	1061
			1102	1061
			1101	1061
			1100	1061
			1099	1061
			1098	1061
			1097	1061
			1096	1061
			1095	1061
			1094	1061
			1093	1061
			1092	1061
			1091	1060
			1090	1060
			1089	1060
			1088	1060
			1087	1060
			1086	1060
			1085	1060
			1084	1060
			1083	1060
			1082	1060
			1081	1060
			1080	1060
			1079	1060
			1078	1060
			1077	1060
			1076	1059
			1075	1059
			1074	1059
			1073	1059
			1072	1059
			1071	1059
			1070	1059
			1069	1059
			1068	1059
			1067	1059
			1066	1059
			1065	1058
			1064	1058
			1063	1058
			1062	1058
			1061	1058
			1060	1058
			1059	1058
			1058	1058
			1057	1058
			1056	1058
			1055	1058
			1054	1057
			1053	1057
			1052	1057
			1051	1057
			1050	1057
			1049	1057
			1048	1057
			1047	1057
			1046	1057
			1045	1057
			1044	1057
			1043	1057
			1042	1057
			1041	1057
			1040	1056
			1039	1056
			1038	1056
			1037	1056
			1036	1056
			1035	1056
			1034	1056
			1033	1056
			1032	1056
			1031	1056
			1030	1056
			1029	1056
			1028	1056
			1027	1057
			1026	1057
			1025	1057
			1024	1057
			1023	1057
			1022	1057
			1021	1057
			1020	1057
			1019	1057
			1018	1057
			1017	1057
			1016	1057
			1015	1057
			1014	1057
			1013	1057
			1012	1057
			1011	1058
			1010	1058
			1009	1058
			1008	1058
			1007	1058
			1006	1058
			1005	1058
			1004	1058
			1003	1059
			1002	1059
			1001	1059
			1000	1059
			999	1059
			998	1059
			997	1059
			996	1060
			995	1060
			994	1060
			993	1060
			992	1060
			991	1060
			991	1061
			990	1061
			989	1061
			988	1061
			987	1061
			986	1062
			985	1062
			984	1062
			983	1062
			982	1062
			981	1063
			980	1063
			979	1063
			978	1063
			977	1064
			976	1064
			975	1064
			974	1064
			973	1065
			972	1065
			971	1065
			970	1065
			969	1066
			968	1066
		</c2>
	</curves.pixel>
	<curves.scaled type=list>
		<c1 type=matrix rownames=FALSE colnames=FALSE nrow=1292 ncol=2 as.numeric=TRUE >
			41.9031913792421	-46.1454566221819
			41.9031913792421	-46.1021682013356
			41.9464798000884	-46.1021682013356
			41.9464798000884	-46.0588797804892
			41.9897682209347	-46.0588797804892
			41.9897682209347	-46.0155913596429
			42.0330566417811	-45.9723029387966
			42.0763450626274	-45.9290145179503
			42.1196334834737	-45.885726097104
			42.1629219043201	-45.8424376762576
			42.2062103251664	-45.7991492554113
			42.2494987460127	-45.755860834565
			42.2494987460127	-45.7125724137187
			42.292787166859	-45.6692839928723
			42.292787166859	-45.625995572026
			42.3360755877053	-45.625995572026
			42.3793640085517	-45.5827071511797
			42.3793640085517	-45.5394187303334
			42.422652429398	-45.5394187303334
			42.422652429398	-45.496130309487
			42.4659408502443	-45.4528418886407
			42.5092292710906	-45.4095534677944
			42.552517691937	-45.3662650469481
			42.5958061127833	-45.3229766261017
			42.6390945336296	-45.2796882052554
			42.6390945336296	-45.2363997844091
			42.6823829544759	-45.1931113635628
			42.7256713753223	-45.1498229427164
			42.7689597961686	-45.1065345218701
			42.7689597961686	-45.0632461010238
			42.8122482170149	-45.0632461010238
			42.8555366378612	-45.0199576801775
			42.8555366378612	-44.9766692593311
			42.8988250587076	-44.9333808384848
			42.9421134795539	-44.8900924176385
			42.9854019004002	-44.8468039967922
			42.9854019004002	-44.8035155759458
			43.0286903212465	-44.7602271550995
			43.0719787420929	-44.7602271550995
			43.1152671629392	-44.7169387342532
			43.1152671629392	-44.6736503134069
			43.1585555837855	-44.6303618925605
			43.2018440046318	-44.5870734717142
			43.2451324254782	-44.5437850508679
			43.2451324254782	-44.5004966300216
			43.2884208463245	-44.4572082091752
			43.3317092671708	-44.4572082091752
			43.3749976880171	-44.4139197883289
			43.3749976880171	-44.3706313674826
			43.4182861088635	-44.3273429466363
			43.4615745297098	-44.2840545257899
			43.5048629505561	-44.2407661049436
			43.5048629505561	-44.1974776840973
			43.5481513714024	-44.154189263251
			43.5914397922488	-44.154189263251
			43.6347282130951	-44.1109008424046
			43.6780166339414	-44.0676124215583
			43.6780166339414	-44.024324000712
			43.7213050547877	-43.9810355798657
			43.7645934756341	-43.9377471590194
			43.8078818964804	-43.894458738173
			43.8511703173267	-43.8511703173267
			43.8511703173267	-43.8078818964804
			43.894458738173	-43.8078818964804
			43.9377471590194	-43.7645934756341
			43.9810355798657	-43.7213050547877
			43.9810355798657	-43.6780166339414
			44.024324000712	-43.6347282130951
			44.0676124215583	-43.5914397922488
			44.1109008424046	-43.5481513714024
			44.154189263251	-43.5048629505561
			44.154189263251	-43.4615745297098
			44.1974776840973	-43.4615745297098
			44.2407661049436	-43.4182861088635
			44.2840545257899	-43.3749976880171
			44.3273429466363	-43.3317092671708
			44.3706313674826	-43.2884208463245
			44.3706313674826	-43.2451324254782
			44.4139197883289	-43.2018440046318
			44.4572082091752	-43.1585555837855
			44.5004966300216	-43.1152671629392
			44.5437850508679	-43.1152671629392
			44.5437850508679	-43.0719787420929
			44.5870734717142	-43.0286903212465
			44.6303618925605	-42.9854019004002
			44.6736503134069	-42.9421134795539
			44.7169387342532	-42.8988250587076
			44.7602271550995	-42.8555366378612
			44.7602271550995	-42.8122482170149
			44.8035155759458	-42.7689597961686
			44.8468039967922	-42.7256713753223
			44.8900924176385	-42.6823829544759
			44.9333808384848	-42.6823829544759
			44.9766692593311	-42.6390945336296
			44.9766692593311	-42.5958061127833
			45.0199576801775	-42.552517691937
			45.0632461010238	-42.5092292710906
			45.1065345218701	-42.4659408502443
			45.1498229427164	-42.422652429398
			45.1931113635628	-42.3793640085517
			45.2363997844091	-42.3360755877053
			45.2363997844091	-42.292787166859
			45.2796882052554	-42.2494987460127
			45.3229766261017	-42.2494987460127
			45.3662650469481	-42.2062103251664
			45.4095534677944	-42.1629219043201
			45.4528418886407	-42.1196334834737
			45.496130309487	-42.0763450626274
			45.5394187303334	-42.0330566417811
			45.5394187303334	-41.9897682209347
			45.5827071511797	-41.9464798000884
			45.625995572026	-41.9031913792421
			45.6692839928723	-41.8599029583958
			45.7125724137187	-41.8166145375494
			45.755860834565	-41.7733261167031
			45.7991492554113	-41.7733261167031
			45.8424376762576	-41.7300376958568
			45.8424376762576	-41.6867492750105
			45.885726097104	-41.6434608541642
			45.9290145179503	-41.6001724333178
			45.9723029387966	-41.5568840124715
			46.0155913596429	-41.5135955916252
			46.0588797804892	-41.4703071707789
			46.1021682013356	-41.4270187499325
			46.1454566221819	-41.3837303290862
			46.1887450430282	-41.3404419082399
			46.2320334638746	-41.2971534873936
			46.2320334638746	-41.2538650665472
			46.2753218847209	-41.2538650665472
			46.3186103055672	-41.2105766457009
			46.3618987264135	-41.1672882248546
			46.4051871472598	-41.1239998040083
			46.4484755681062	-41.0807113831619
			46.4917639889525	-41.0374229623156
			46.5350524097988	-40.9941345414693
			46.5783408306451	-40.950846120623
			46.6216292514915	-40.9075576997766
			46.6649176723378	-40.8642692789303
			46.7082060931841	-40.820980858084
			46.7514945140304	-40.7776924372377
			46.7514945140304	-40.7344040163913
			46.7947829348768	-40.691115595545
			46.8380713557231	-40.6478271746987
			46.8813597765694	-40.6478271746987
			46.9246481974157	-40.6045387538524
			46.9679366182621	-40.561250333006
			47.0112250391084	-40.5179619121597
			47.0545134599547	-40.4746734913134
			47.097801880801	-40.4313850704671
			47.1410903016474	-40.3880966496207
			47.1843787224937	-40.3448082287744
			47.22766714334	-40.3015198079281
			47.2709555641863	-40.2582313870818
			47.3142439850327	-40.2149429662354
			47.357532405879	-40.1716545453891
			47.4008208267253	-40.1283661245428
			47.4441092475716	-40.0850777036965
			47.487397668418	-40.0417892828501
			47.5306860892643	-39.9985008620038
			47.5306860892643	-39.9552124411575
			47.5739745101106	-39.9119240203112
			47.6172629309569	-39.8686355994649
			47.6605513518033	-39.8686355994649
			47.7038397726496	-39.8253471786185
			47.7471281934959	-39.7820587577722
			47.7904166143422	-39.7387703369259
			47.8337050351886	-39.6954819160796
			47.8769934560349	-39.6521934952332
			47.9202818768812	-39.6089050743869
			47.9635702977275	-39.5656166535406
			48.0068587185739	-39.5223282326943
			48.0068587185739	-39.4790398118479
			48.0501471394202	-39.4357513910016
			48.0934355602665	-39.3924629701553
			48.1367239811128	-39.349174549309
			48.1800124019592	-39.3058861284626
			48.1800124019592	-39.2625977076163
			48.2233008228055	-39.2625977076163
			48.2233008228055	-39.21930928677
			48.2665892436518	-39.1760208659237
			48.3098776644981	-39.1760208659237
			48.3098776644981	-39.1327324450773
			48.3531660853444	-39.089444024231
			48.3964545061908	-39.0461556033847
			48.4397429270371	-39.0028671825384
			48.4830313478834	-38.959578761692
			48.5263197687297	-38.9162903408457
			48.5696081895761	-38.8730019199994
			48.5696081895761	-38.8297134991531
			48.6128966104224	-38.7864250783067
			48.6561850312687	-38.7864250783067
			48.6561850312687	-38.7431366574604
			48.699473452115	-38.6998482366141
			48.7427618729614	-38.6565598157678
			48.7860502938077	-38.6132713949214
			48.829338714654	-38.5699829740751
			48.8726271355003	-38.5266945532288
			48.9159155563467	-38.4834061323825
			48.959203977193	-38.4401177115361
			48.959203977193	-38.3968292906898
			49.0024923980393	-38.3535408698435
			49.0457808188856	-38.3102524489972
			49.089069239732	-38.3102524489972
			49.089069239732	-38.2669640281508
			49.1323576605783	-38.2236756073045
			49.1756460814246	-38.1803871864582
			49.2189345022709	-38.1370987656119
			49.2189345022709	-38.0938103447655
			49.2622229231173	-38.0938103447655
			49.3055113439636	-38.0505219239192
			49.3487997648099	-38.0072335030729
			49.3920881856562	-37.9639450822266
			49.3920881856562	-37.9206566613802
			49.4353766065026	-37.8773682405339
			49.4786650273489	-37.8773682405339
			49.5219534481952	-37.8340798196876
			49.5219534481952	-37.7907913988413
			49.5652418690415	-37.7475029779949
			49.6085302898879	-37.7042145571486
			49.6518187107342	-37.7042145571486
			49.6518187107342	-37.6609261363023
			49.6951071315805	-37.617637715456
			49.7383955524268	-37.5743492946097
			49.7816839732732	-37.5743492946097
			49.7816839732732	-37.5310608737633
			49.8249723941195	-37.487772452917
			49.8682608149658	-37.4444840320707
			49.9115492358121	-37.4011956112244
			49.9548376566585	-37.357907190378
			49.9981260775048	-37.3146187695317
			50.0414144983511	-37.2713303486854
			50.0847029191974	-37.2280419278391
			50.1279913400437	-37.1847535069927
			50.1712797608901	-37.1414650861464
			50.2145681817364	-37.1414650861464
			50.2578566025827	-37.0981766653001
			50.2578566025827	-37.0548882444538
			50.3011450234291	-37.0115998236074
			50.3444334442754	-36.9683114027611
			50.3877218651217	-36.9250229819148
			50.431010285968	-36.8817345610685
			50.4742987068143	-36.8384461402221
			50.5175871276607	-36.8384461402221
			50.560875548507	-36.7951577193758
			50.6041639693533	-36.7518692985295
			50.6041639693533	-36.7085808776832
			50.6474523901996	-36.6652924568368
			50.690740811046	-36.6220040359905
			50.7340292318923	-36.5787156151442
			50.7773176527386	-36.5787156151442
			50.8206060735849	-36.5354271942979
			50.8638944944313	-36.4921387734515
			50.9071829152776	-36.4488503526052
			50.9504713361239	-36.4055619317589
			50.9937597569702	-36.3622735109126
			51.0370481778166	-36.3189850900662
			51.0803365986629	-36.2756966692199
			51.1236250195092	-36.2324082483736
			51.1669134403555	-36.1891198275273
			51.2102018612019	-36.1458314066809
			51.2534902820482	-36.1025429858346
			51.2967787028945	-36.1025429858346
			51.2967787028945	-36.0592545649883
			51.3400671237408	-36.0592545649883
			51.3833555445872	-36.015966144142
			51.4266439654335	-35.9726777232956
			51.4699323862798	-35.9293893024493
			51.5132208071261	-35.886100881603
			51.5565092279725	-35.8428124607567
			51.5997976488188	-35.8428124607567
			51.6430860696651	-35.7995240399103
			51.6430860696651	-35.756235619064
			51.6863744905114	-35.756235619064
			51.7296629113578	-35.7129471982177
			51.7729513322041	-35.7129471982177
			51.7729513322041	-35.6696587773714
			51.8162397530504	-35.6263703565251
			51.8595281738967	-35.6263703565251
			51.8595281738967	-35.5830819356787
			51.9028165947431	-35.5830819356787
			51.9461050155894	-35.5397935148324
			51.9893934364357	-35.4965050939861
			52.032681857282	-35.4532166731397
			52.0759702781284	-35.4099282522934
			52.1192586989747	-35.4099282522934
			52.162547119821	-35.3666398314471
			52.2058355406673	-35.3233514106008
			52.2491239615137	-35.2800629897545
			52.29241238236	-35.2367745689081
			52.3357008032063	-35.1934861480618
			52.3789892240526	-35.1934861480618
			52.4222776448989	-35.1501977272155
			52.4655660657453	-35.1069093063692
			52.5088544865916	-35.1069093063692
			52.5088544865916	-35.0636208855228
			52.5521429074379	-35.0636208855228
			52.5954313282842	-35.0203324646765
			52.6387197491306	-34.9770440438302
			52.6820081699769	-34.9770440438302
			52.7252965908232	-34.9337556229839
			52.7685850116695	-34.8904672021375
			52.8118734325159	-34.8471787812912
			52.8551618533622	-34.8471787812912
			52.8984502742085	-34.8038903604449
			52.9417386950548	-34.7606019395986
			52.9850271159012	-34.7173135187522
			53.0283155367475	-34.7173135187522
			53.0716039575938	-34.6740250979059
			53.1148923784401	-34.6740250979059
			53.1581807992865	-34.6307366770596
			53.1581807992865	-34.5874482562133
			53.2014692201328	-34.5874482562133
			53.2447576409791	-34.5441598353669
			53.2880460618254	-34.5441598353669
			53.3313344826718	-34.5008714145206
			53.3746229035181	-34.5008714145206
			53.4179113243644	-34.4575829936743
			53.4179113243644	-34.414294572828
			53.4611997452107	-34.414294572828
			53.5044881660571	-34.3710061519816
			53.5477765869034	-34.3710061519816
			53.5910650077497	-34.3277177311353
			53.634353428596	-34.3277177311353
			53.6776418494424	-34.284429310289
			53.7209302702887	-34.2411408894427
			53.764218691135	-34.1978524685963
			53.8075071119813	-34.1978524685963
			53.8507955328277	-34.15456404775
			53.894083953674	-34.15456404775
			53.9373723745203	-34.1112756269037
			53.9806607953666	-34.0679872060574
			54.023949216213	-34.0679872060574
			54.0672376370593	-34.024698785211
			54.1105260579056	-34.024698785211
			54.1538144787519	-33.9814103643647
			54.1971028995983	-33.9814103643647
			54.2403913204446	-33.9381219435184
			54.2836797412909	-33.9381219435184
			54.3269681621372	-33.8948335226721
			54.3702565829836	-33.8515451018257
			54.4135450038299	-33.8515451018257
			54.4568334246762	-33.8082566809794
			54.5001218455225	-33.8082566809794
			54.5434102663689	-33.7649682601331
			54.5866986872152	-33.7649682601331
			54.6299871080615	-33.7216798392868
			54.6732755289078	-33.7216798392868
			54.7165639497541	-33.7216798392868
			54.7598523706005	-33.6783914184404
			54.8031407914468	-33.6783914184404
			54.8464292122931	-33.6351029975941
			54.8897176331394	-33.6351029975941
			54.9330060539858	-33.5918145767478
			54.9762944748321	-33.5918145767478
			55.0195828956784	-33.5485261559015
			55.0628713165247	-33.5485261559015
			55.1061597373711	-33.5485261559015
			55.1494481582174	-33.5052377350552
			55.1927365790637	-33.5052377350552
			55.23602499991	-33.4619493142088
			55.2793134207564	-33.4619493142088
			55.3226018416027	-33.4619493142088
			55.365890262449	-33.4186608933625
			55.4091786832953	-33.4186608933625
			55.4524671041417	-33.4186608933625
			55.495755524988	-33.3753724725162
			55.5390439458343	-33.3753724725162
			55.5823323666806	-33.3320840516699
			55.625620787527	-33.3320840516699
			55.6689092083733	-33.3320840516699
			55.7121976292196	-33.2887956308235
			55.7554860500659	-33.2887956308235
			55.7987744709123	-33.2887956308235
			55.8420628917586	-33.2455072099772
			55.8853513126049	-33.2455072099772
			55.9286397334512	-33.2455072099772
			55.9719281542976	-33.2455072099772
			56.0152165751439	-33.2022187891309
			56.0585049959902	-33.2022187891309
			56.1017934168365	-33.2022187891309
			56.1450818376829	-33.2022187891309
			56.1883702585292	-33.1589303682846
			56.2316586793755	-33.1589303682846
			56.2749471002218	-33.1589303682846
			56.3182355210682	-33.1589303682846
			56.3615239419145	-33.1156419474382
			56.4048123627608	-33.1156419474382
			56.4481007836071	-33.1156419474382
			56.4913892044534	-33.1156419474382
			56.5346776252998	-33.1156419474382
			56.5779660461461	-33.0723535265919
			56.6212544669924	-33.0723535265919
			56.6645428878387	-33.0723535265919
			56.7078313086851	-33.0723535265919
			56.7511197295314	-33.0723535265919
			56.7944081503777	-33.0723535265919
			56.8376965712241	-33.0723535265919
			56.8809849920704	-33.0723535265919
			56.9242734129167	-33.0290651057456
			56.967561833763	-33.0290651057456
			57.0108502546093	-33.0290651057456
			57.0541386754557	-33.0290651057456
			57.097427096302	-33.0290651057456
			57.1407155171483	-33.0290651057456
			57.1840039379946	-33.0290651057456
			57.227292358841	-33.0290651057456
			57.2705807796873	-32.9857766848993
			57.3138692005336	-32.9857766848993
			57.3571576213799	-32.9424882640529
			57.4004460422263	-32.9424882640529
			57.4437344630726	-32.8991998432066
			57.4870228839189	-32.8991998432066
			57.4870228839189	-32.8559114223603
			57.5303113047652	-32.8559114223603
			57.5735997256116	-32.812623001514
			57.6168881464579	-32.812623001514
			57.6601765673042	-32.7693345806676
			57.7034649881505	-32.7693345806676
			57.7467534089969	-32.7260461598213
			57.7900418298432	-32.7260461598213
			57.8333302506895	-32.682757738975
			57.8766186715358	-32.6394693181287
			57.9199070923822	-32.6394693181287
			57.9631955132285	-32.5961808972823
			58.0064839340748	-32.5961808972823
			58.0497723549211	-32.5961808972823
			58.0497723549211	-32.552892476436
			58.0930607757675	-32.552892476436
			58.1363491966138	-32.552892476436
			58.1363491966138	-32.5096040555897
			58.1796376174601	-32.5096040555897
			58.2229260383064	-32.5096040555897
			58.2229260383064	-32.4663156347434
			58.2662144591528	-32.4663156347434
			58.3095028799991	-32.423027213897
			58.3527913008454	-32.423027213897
			58.3960797216917	-32.3797387930507
			58.4393681425381	-32.3797387930507
			58.4826565633844	-32.3364503722044
			58.5259449842307	-32.3364503722044
			58.569233405077	-32.2931619513581
			58.6125218259234	-32.2931619513581
			58.6558102467697	-32.2498735305117
			58.699098667616	-32.2498735305117
			58.7423870884623	-32.2065851096654
			58.7856755093086	-32.2065851096654
			58.828963930155	-32.1632966888191
			58.8722523510013	-32.1200082679728
			58.9155407718476	-32.1200082679728
			58.9588291926939	-32.0767198471264
			59.0021176135403	-32.0767198471264
			59.0454060343866	-32.0334314262801
			59.0886944552329	-32.0334314262801
			59.1319828760792	-31.9901430054338
			59.1752712969256	-31.9901430054338
			59.2185597177719	-31.9901430054338
			59.2185597177719	-31.9468545845875
			59.2618481386182	-31.9468545845875
			59.3051365594645	-31.9035661637411
			59.3484249803109	-31.9035661637411
			59.3917134011572	-31.9035661637411
			59.3917134011572	-31.8602777428948
			59.4350018220035	-31.8602777428948
			59.4782902428498	-31.8169893220485
			59.5215786636962	-31.8169893220485
			59.5648670845425	-31.7737009012022
			59.6081555053888	-31.7737009012022
			59.6514439262351	-31.7304124803558
			59.6947323470815	-31.7304124803558
			59.7380207679278	-31.6871240595095
			59.7813091887741	-31.6871240595095
			59.8245976096204	-31.6871240595095
			59.8678860304668	-31.6438356386632
			59.9111744513131	-31.6438356386632
			59.9111744513131	-31.6005472178169
			59.9544628721594	-31.6005472178169
			59.9977512930057	-31.5572587969705
			60.0410397138521	-31.5572587969705
			60.0843281346984	-31.5139703761242
			60.1276165555447	-31.5139703761242
			60.170904976391	-31.5139703761242
			60.2141933972374	-31.4706819552779
			60.2574818180837	-31.4706819552779
			60.30077023893	-31.4273935344316
			60.3440586597763	-31.4273935344316
			60.3873470806227	-31.3841051135852
			60.430635501469	-31.3841051135852
			60.4739239223153	-31.3408166927389
			60.5172123431616	-31.3408166927389
			60.560500764008	-31.2975282718926
			60.6037891848543	-31.2975282718926
			60.6470776057006	-31.2542398510463
			60.6903660265469	-31.2542398510463
			60.7336544473932	-31.2109514302
			60.7769428682396	-31.2109514302
			60.8202312890859	-31.2109514302
			60.8202312890859	-31.1676630093536
			60.8635197099322	-31.1676630093536
			60.9068081307786	-31.1676630093536
			60.9500965516249	-31.1243745885073
			60.9933849724712	-31.1243745885073
			61.0366733933175	-31.081086167661
			61.0799618141638	-31.081086167661
			61.1232502350102	-31.0377977468147
			61.1665386558565	-31.0377977468147
			61.2098270767028	-31.0377977468147
			61.2531154975491	-30.9945093259683
			61.2964039183955	-30.9945093259683
			61.3396923392418	-30.951220905122
			61.3829807600881	-30.951220905122
			61.4262691809344	-30.9079324842757
			61.4695576017808	-30.9079324842757
			61.5128460226271	-30.9079324842757
			61.5128460226271	-30.8646440634294
			61.5561344434734	-30.8646440634294
			61.5994228643197	-30.8646440634294
			61.5994228643197	-30.821355642583
			61.6427112851661	-30.821355642583
			61.6859997060124	-30.821355642583
			61.7292881268587	-30.7780672217367
			61.772576547705	-30.7780672217367
			61.8158649685514	-30.7347788008904
			61.8591533893977	-30.7347788008904
			61.902441810244	-30.7347788008904
			61.9457302310903	-30.6914903800441
			61.9890186519367	-30.6914903800441
			62.032307072783	-30.6482019591977
			62.0755954936293	-30.6482019591977
			62.1188839144756	-30.6482019591977
			62.162172335322	-30.6049135383514
			62.2054607561683	-30.6049135383514
			62.2487491770146	-30.5616251175051
			62.2920375978609	-30.5616251175051
			62.3353260187073	-30.5616251175051
			62.3786144395536	-30.5183366966588
			62.4219028603999	-30.5183366966588
			62.4651912812462	-30.5183366966588
			62.4651912812462	-30.4750482758124
			62.5084797020926	-30.4750482758124
			62.5517681229389	-30.4317598549661
			62.5950565437852	-30.4317598549661
			62.6383449646315	-30.4317598549661
			62.6816333854779	-30.3884714341198
			62.7249218063242	-30.3884714341198
			62.7682102271705	-30.3884714341198
			62.8114986480168	-30.3451830132735
			62.8547870688632	-30.3451830132735
			62.8980754897095	-30.3451830132735
			62.9413639105558	-30.3018945924271
			62.9846523314021	-30.3018945924271
			63.0279407522484	-30.3018945924271
			63.0712291730948	-30.2586061715808
			63.1145175939411	-30.2586061715808
			63.1145175939411	-30.2153177507345
			63.1578060147874	-30.2153177507345
			63.2010944356337	-30.2153177507345
			63.2443828564801	-30.1720293298882
			63.2876712773264	-30.1720293298882
			63.3309596981727	-30.1720293298882
			63.374248119019	-30.1287409090418
			63.4175365398654	-30.1287409090418
			63.4608249607117	-30.1287409090418
			63.504113381558	-30.0854524881955
			63.5474018024043	-30.0854524881955
			63.5906902232507	-30.0854524881955
			63.633978644097	-30.0421640673492
			63.6772670649433	-30.0421640673492
			63.7205554857896	-29.9988756465029
			63.763843906636	-29.9988756465029
			63.8071323274823	-29.9988756465029
			63.8504207483286	-29.9988756465029
			63.8937091691749	-29.9555872256565
			63.9369975900213	-29.9555872256565
			63.9802860108676	-29.9555872256565
			64.0235744317139	-29.9122988048102
			64.0668628525602	-29.9122988048102
			64.1101512734066	-29.8690103839639
			64.1534396942529	-29.8690103839639
			64.1967281150992	-29.8690103839639
			64.2400165359455	-29.8690103839639
			64.2833049567919	-29.8257219631176
			64.3265933776382	-29.8257219631176
			64.3698817984845	-29.8257219631176
			64.4131702193308	-29.7824335422712
			64.4564586401772	-29.7824335422712
			64.4997470610235	-29.7824335422712
			64.5430354818698	-29.7391451214249
			64.5863239027161	-29.7391451214249
			64.6296123235625	-29.7391451214249
			64.6729007444088	-29.6958567005786
			64.7161891652551	-29.6958567005786
			64.7594775861014	-29.6958567005786
			64.8027660069477	-29.6958567005786
			64.8460544277941	-29.6525682797323
			64.8893428486404	-29.6525682797323
			64.9326312694867	-29.6525682797323
			64.975919690333	-29.6092798588859
			65.0192081111794	-29.6092798588859
			65.0624965320257	-29.6092798588859
			65.105784952872	-29.5659914380396
			65.1490733737184	-29.5659914380396
			65.1923617945647	-29.5659914380396
			65.235650215411	-29.5659914380396
			65.2789386362573	-29.5227030171933
			65.3222270571036	-29.5227030171933
			65.36551547795	-29.5227030171933
			65.4088038987963	-29.5227030171933
			65.4520923196426	-29.479414596347
			65.4953807404889	-29.479414596347
			65.5386691613353	-29.479414596347
			65.5819575821816	-29.4361261755007
			65.6252460030279	-29.4361261755007
			65.6685344238742	-29.4361261755007
			65.7118228447206	-29.4361261755007
			65.7118228447206	-29.3928377546543
			65.7551112655669	-29.3928377546543
			65.7983996864132	-29.3928377546543
			65.8416881072595	-29.3928377546543
			65.8849765281059	-29.3928377546543
			65.9282649489522	-29.349549333808
			65.9715533697985	-29.349549333808
			66.0148417906448	-29.349549333808
			66.0581302114912	-29.3062609129617
			66.1014186323375	-29.3062609129617
			66.1447070531838	-29.3062609129617
			66.1879954740301	-29.3062609129617
			66.2312838948765	-29.3062609129617
			66.2745723157228	-29.2629724921154
			66.3178607365691	-29.2629724921154
			66.3611491574154	-29.2629724921154
			66.4044375782618	-29.2629724921154
			66.4477259991081	-29.219684071269
			66.4910144199544	-29.219684071269
			66.5343028408007	-29.219684071269
			66.5775912616471	-29.219684071269
			66.6208796824934	-29.219684071269
			66.6641681033397	-29.1763956504227
			66.707456524186	-29.1763956504227
			66.7507449450324	-29.1763956504227
			66.7940333658787	-29.1763956504227
			66.837321786725	-29.1331072295764
			66.8806102075713	-29.1331072295764
			66.9238986284176	-29.1331072295764
			66.967187049264	-29.1331072295764
			67.0104754701103	-29.1331072295764
			67.0537638909566	-29.0898188087301
			67.097052311803	-29.0898188087301
			67.1403407326493	-29.0898188087301
			67.1836291534956	-29.0898188087301
			67.2269175743419	-29.0898188087301
			67.2702059951882	-29.0465303878837
			67.3134944160346	-29.0465303878837
			67.3567828368809	-29.0465303878837
			67.4000712577272	-29.0465303878837
			67.4433596785735	-29.0465303878837
			67.4866480994199	-29.0465303878837
			67.5299365202662	-29.0032419670374
			67.5732249411125	-29.0032419670374
			67.6165133619588	-29.0032419670374
			67.6598017828052	-29.0032419670374
			67.7030902036515	-29.0032419670374
			67.7463786244978	-29.0032419670374
			67.7896670453441	-28.9599535461911
			67.8329554661905	-28.9599535461911
			67.8762438870368	-28.9599535461911
			67.9195323078831	-28.9599535461911
			67.9628207287294	-28.9599535461911
			68.0061091495758	-28.9599535461911
			68.0493975704221	-28.9599535461911
			68.0926859912684	-28.9166651253448
			68.1359744121147	-28.9166651253448
			68.1792628329611	-28.9166651253448
			68.2225512538074	-28.9166651253448
			68.2658396746537	-28.9166651253448
			68.3091280955	-28.9166651253448
			68.3524165163464	-28.9166651253448
			68.3957049371927	-28.9166651253448
			68.3957049371927	-28.8733767044984
			68.438993358039	-28.8733767044984
			68.4822817788853	-28.8733767044984
			68.5255701997317	-28.8733767044984
			68.568858620578	-28.8733767044984
			68.6121470414243	-28.8733767044984
			68.6554354622706	-28.8733767044984
			68.698723883117	-28.8733767044984
			68.7420123039633	-28.8733767044984
			68.7853007248096	-28.8300882836521
			68.8285891456559	-28.8300882836521
			68.8718775665022	-28.8300882836521
			68.9151659873486	-28.8300882836521
			68.9584544081949	-28.8300882836521
			69.0017428290412	-28.8300882836521
			69.0450312498876	-28.8300882836521
			69.0883196707339	-28.8300882836521
			69.1316080915802	-28.8300882836521
			69.1748965124265	-28.8300882836521
			69.2181849332729	-28.8300882836521
			69.2614733541192	-28.8300882836521
			69.3047617749655	-28.7867998628058
			69.3480501958118	-28.7867998628058
			69.3913386166581	-28.7867998628058
			69.4346270375045	-28.7867998628058
			69.4779154583508	-28.7867998628058
			69.5212038791971	-28.7867998628058
			69.5644923000434	-28.7867998628058
			69.6077807208898	-28.7867998628058
			69.6510691417361	-28.7867998628058
			69.6943575625824	-28.7867998628058
			69.7376459834287	-28.7867998628058
			69.7809344042751	-28.7867998628058
			69.8242228251214	-28.7867998628058
			69.8675112459677	-28.7867998628058
			69.910799666814	-28.7867998628058
			69.9540880876604	-28.7867998628058
			69.9973765085067	-28.7867998628058
			70.040664929353	-28.7867998628058
			70.0839533501993	-28.7867998628058
			70.1272417710457	-28.7867998628058
			70.170530191892	-28.7867998628058
			70.2138186127383	-28.7867998628058
			70.2571070335846	-28.7867998628058
			70.300395454431	-28.7435114419595
			70.3436838752773	-28.7435114419595
			70.3869722961236	-28.7435114419595
			70.4302607169699	-28.7435114419595
			70.4735491378163	-28.7435114419595
			70.5168375586626	-28.7435114419595
			70.5601259795089	-28.7867998628058
			70.6034144003552	-28.7867998628058
			70.6467028212016	-28.7867998628058
			70.6899912420479	-28.7867998628058
			70.7332796628942	-28.7867998628058
			70.7765680837405	-28.7867998628058
			70.8198565045869	-28.7867998628058
			70.8631449254332	-28.7867998628058
			70.9064333462795	-28.7867998628058
			70.9497217671258	-28.7867998628058
			70.9930101879722	-28.7867998628058
			71.0362986088185	-28.7867998628058
			71.0795870296648	-28.7867998628058
			71.1228754505111	-28.7867998628058
			71.1661638713575	-28.7867998628058
			71.2094522922038	-28.7867998628058
			71.2527407130501	-28.7867998628058
			71.2960291338964	-28.7867998628058
			71.3393175547427	-28.7867998628058
			71.3826059755891	-28.7867998628058
			71.4258943964354	-28.7867998628058
			71.4691828172817	-28.7867998628058
			71.512471238128	-28.7867998628058
			71.5557596589744	-28.8300882836521
			71.5990480798207	-28.8300882836521
			71.642336500667	-28.8300882836521
			71.6856249215134	-28.8300882836521
			71.7289133423597	-28.8300882836521
			71.772201763206	-28.8300882836521
			71.8154901840523	-28.8300882836521
			71.8587786048986	-28.8300882836521
			71.902067025745	-28.8300882836521
			71.9453554465913	-28.8300882836521
			71.9886438674376	-28.8733767044984
			72.0319322882839	-28.8733767044984
			72.0752207091303	-28.8733767044984
			72.1185091299766	-28.8733767044984
			72.1617975508229	-28.8733767044984
			72.2050859716692	-28.8733767044984
			72.2483743925156	-28.8733767044984
			72.2916628133619	-28.8733767044984
			72.3349512342082	-28.9166651253448
			72.3782396550545	-28.9166651253448
			72.4215280759009	-28.9166651253448
			72.4648164967472	-28.9166651253448
			72.5081049175935	-28.9166651253448
			72.5513933384398	-28.9166651253448
			72.5946817592862	-28.9166651253448
			72.6379701801325	-28.9599535461911
			72.6812586009788	-28.9599535461911
			72.7245470218251	-28.9599535461911
			72.7678354426715	-28.9599535461911
			72.8111238635178	-28.9599535461911
			72.8544122843641	-28.9599535461911
			72.8977007052104	-29.0032419670374
			72.9409891260567	-29.0032419670374
			72.9842775469031	-29.0032419670374
			73.0275659677494	-29.0032419670374
			73.0708543885957	-29.0465303878837
			73.1141428094421	-29.0465303878837
			73.1574312302884	-29.0465303878837
			73.2007196511347	-29.0465303878837
			73.244008071981	-29.0465303878837
			73.2872964928274	-29.0465303878837
			73.3305849136737	-29.0898188087301
			73.37387333452	-29.0898188087301
			73.4171617553663	-29.0898188087301
			73.4604501762126	-29.0898188087301
			73.503738597059	-29.1331072295764
			73.5470270179053	-29.1331072295764
			73.5903154387516	-29.1331072295764
			73.6336038595979	-29.1331072295764
			73.6768922804443	-29.1763956504227
			73.7201807012906	-29.1763956504227
			73.7634691221369	-29.1763956504227
			73.8067575429832	-29.1763956504227
			73.8500459638296	-29.219684071269
			73.8933343846759	-29.219684071269
			73.9366228055222	-29.219684071269
			73.9799112263685	-29.219684071269
			74.0231996472149	-29.2629724921154
			74.0664880680612	-29.2629724921154
			74.1097764889075	-29.2629724921154
			74.1097764889075	-29.3062609129617
			74.1530649097538	-29.3062609129617
			74.1963533306002	-29.3062609129617
			74.2396417514465	-29.3062609129617
			74.2829301722928	-29.349549333808
			74.3262185931391	-29.349549333808
			74.3695070139855	-29.3928377546543
			74.4127954348318	-29.4361261755007
			74.4560838556781	-29.4361261755007
			74.4993722765244	-29.479414596347
			74.5426606973708	-29.5227030171933
			74.5859491182171	-29.5227030171933
			74.6292375390634	-29.5659914380396
			74.6725259599097	-29.6092798588859
			74.7158143807561	-29.6092798588859
			74.7591028016024	-29.6525682797323
			74.8023912224487	-29.6958567005786
			74.845679643295	-29.7391451214249
			74.8889680641414	-29.7391451214249
			74.9322564849877	-29.7824335422712
			74.975544905834	-29.8257219631176
			75.0188333266803	-29.8257219631176
			75.0621217475267	-29.8690103839639
			75.105410168373	-29.9122988048102
			75.1486985892193	-29.9122988048102
			75.1919870100656	-29.9555872256565
			75.235275430912	-29.9988756465029
			75.2785638517583	-30.0421640673492
			75.3218522726046	-30.0421640673492
			75.3651406934509	-30.0854524881955
			75.4084291142972	-30.1287409090418
			75.4517175351436	-30.1287409090418
			75.4950059559899	-30.1720293298882
			75.5382943768362	-30.2153177507345
			75.5815827976825	-30.2153177507345
			75.6248712185289	-30.2586061715808
			75.6681596393752	-30.3018945924271
			75.7114480602215	-30.3451830132735
			75.7547364810679	-30.3884714341198
			75.7980249019142	-30.3884714341198
			75.8413133227605	-30.4317598549661
			75.8846017436068	-30.4750482758124
			75.9278901644531	-30.5183366966588
			75.9711785852995	-30.5616251175051
			76.0144670061458	-30.5616251175051
			76.0577554269921	-30.6049135383514
			76.1010438478384	-30.6049135383514
			76.1443322686848	-30.6482019591977
			76.1443322686848	-30.6914903800441
			76.1876206895311	-30.6914903800441
			76.2309091103774	-30.7347788008904
			76.2741975312237	-30.7347788008904
			76.3174859520701	-30.7780672217367
			76.3174859520701	-30.821355642583
			76.3607743729164	-30.821355642583
			76.4040627937627	-30.8646440634294
			76.447351214609	-30.8646440634294
			76.447351214609	-30.9079324842757
			76.4906396354554	-30.951220905122
			76.5339280563017	-30.951220905122
			76.577216477148	-30.9945093259683
			76.6205048979943	-30.9945093259683
			76.6205048979943	-31.0377977468147
			76.6637933188407	-31.081086167661
			76.707081739687	-31.081086167661
			76.7503701605333	-31.1243745885073
			76.7936585813796	-31.1243745885073
			76.7936585813796	-31.1676630093536
			76.836947002226	-31.2109514302
			76.8802354230723	-31.2109514302
			76.9235238439186	-31.2542398510463
			76.9668122647649	-31.2975282718926
			77.0101006856113	-31.3408166927389
			77.0533891064576	-31.3408166927389
			77.0966775273039	-31.3841051135852
			77.1399659481502	-31.4273935344316
			77.1832543689966	-31.4706819552779
			77.2265427898429	-31.4706819552779
			77.2698312106892	-31.5139703761242
			77.3131196315355	-31.5572587969705
			77.3564080523819	-31.6005472178169
			77.3996964732282	-31.6438356386632
			77.4429848940745	-31.6871240595095
			77.4862733149208	-31.6871240595095
			77.4862733149208	-31.7304124803558
			77.5295617357671	-31.7304124803558
			77.5728501566135	-31.7737009012022
			77.6161385774598	-31.8169893220485
			77.6594269983061	-31.8602777428948
			77.7027154191525	-31.8602777428948
			77.7460038399988	-31.9035661637411
			77.7892922608451	-31.9468545845875
			77.8325806816914	-31.9901430054338
			77.8758691025377	-32.0334314262801
			77.9191575233841	-32.0334314262801
			77.9624459442304	-32.0767198471264
			78.0057343650767	-32.1200082679728
			78.049022785923	-32.1632966888191
			78.0923112067694	-32.1632966888191
			78.0923112067694	-32.2065851096654
			78.1355996276157	-32.2498735305117
			78.178888048462	-32.2931619513581
			78.2221764693083	-32.2931619513581
			78.2654648901547	-32.3364503722044
			78.308753311001	-32.3797387930507
			78.3520417318473	-32.423027213897
			78.3953301526936	-32.423027213897
			78.43861857354	-32.4663156347434
			78.43861857354	-32.5096040555897
			78.4819069943863	-32.5096040555897
			78.5251954152326	-32.552892476436
			78.5684838360789	-32.5961808972823
			78.6117722569253	-32.6394693181287
			78.6550606777716	-32.6394693181287
			78.6983490986179	-32.682757738975
			78.7416375194642	-32.7260461598213
			78.7416375194642	-32.7693345806676
			78.7849259403106	-32.7693345806676
			78.8282143611569	-32.812623001514
			78.8715027820032	-32.8559114223603
			78.9147912028495	-32.8991998432066
			78.9580796236959	-32.8991998432066
			79.0013680445422	-32.9424882640529
			79.0013680445422	-32.9857766848993
			79.0446564653885	-33.0290651057456
			79.0879448862348	-33.0290651057456
			79.1312333070812	-33.0723535265919
			79.1745217279275	-33.1156419474382
			79.2178101487738	-33.1589303682846
			79.2610985696201	-33.1589303682846
			79.2610985696201	-33.2022187891309
			79.3043869904665	-33.2455072099772
			79.3476754113128	-33.2887956308235
			79.3909638321591	-33.2887956308235
			79.4342522530054	-33.3320840516699
			79.4775406738517	-33.3753724725162
			79.4775406738517	-33.4186608933625
			79.5208290946981	-33.4186608933625
			79.5641175155444	-33.4619493142088
			79.6074059363907	-33.5052377350552
			79.650694357237	-33.5052377350552
			79.650694357237	-33.5485261559015
			79.6939827780834	-33.5918145767478
			79.7372711989297	-33.6351029975941
			79.780559619776	-33.6351029975941
			79.8238480406224	-33.6783914184404
			79.8238480406224	-33.7216798392868
			79.8671364614687	-33.7649682601331
			79.910424882315	-33.7649682601331
			79.9537133031613	-33.8082566809794
			79.9970017240076	-33.8515451018257
			79.9970017240076	-33.8948335226721
			80.040290144854	-33.8948335226721
			80.0835785657003	-33.9381219435184
			80.1268669865466	-33.9814103643647
			80.1701554073929	-34.024698785211
			80.2134438282393	-34.0679872060574
			80.2567322490856	-34.1112756269037
			80.3000206699319	-34.15456404775
			80.3433090907782	-34.1978524685963
			80.3865975116246	-34.2411408894427
			80.4298859324709	-34.2411408894427
			80.4731743533172	-34.284429310289
			80.5164627741635	-34.3277177311353
			80.5597511950099	-34.3710061519816
			80.6030396158562	-34.414294572828
			80.6030396158562	-34.4575829936743
			80.6463280367025	-34.5008714145206
			80.6896164575488	-34.5441598353669
			80.7329048783952	-34.5441598353669
			80.7761932992415	-34.5874482562133
			80.8194817200878	-34.6307366770596
			80.8627701409341	-34.6740250979059
			80.9060585617805	-34.7173135187522
			80.9493469826268	-34.7606019395986
			80.9493469826268	-34.8038903604449
			80.9926354034731	-34.8471787812912
			81.0359238243194	-34.8904672021375
			81.0792122451658	-34.8904672021375
			81.1225006660121	-34.9337556229839
			81.1657890868584	-34.9770440438302
			81.2090775077047	-35.0203324646765
			81.2523659285511	-35.0636208855228
			81.2523659285511	-35.1069093063692
			81.2956543493974	-35.1501977272155
			81.3389427702437	-35.1934861480618
			81.38223119109	-35.1934861480618
			81.4255196119364	-35.2367745689081
			81.4688080327827	-35.2800629897545
			81.4688080327827	-35.3233514106008
			81.512096453629	-35.3666398314471
			81.5553848744753	-35.4099282522934
			81.5986732953216	-35.4532166731397
			81.641961716168	-35.4965050939861
			81.6852501370143	-35.4965050939861
			81.6852501370143	-35.5397935148324
			81.7285385578606	-35.5830819356787
			81.771826978707	-35.6263703565251
			81.8151153995533	-35.6696587773714
			81.8584038203996	-35.7129471982177
			81.8584038203996	-35.756235619064
			81.9016922412459	-35.7995240399103
			81.9449806620922	-35.7995240399103
			81.9882690829386	-35.8428124607567
			82.0315575037849	-35.886100881603
			82.0315575037849	-35.9293893024493
			82.0748459246312	-35.9726777232956
			82.1181343454775	-36.015966144142
			82.1614227663239	-36.0592545649883
			82.2047111871702	-36.1025429858346
			82.2479996080165	-36.1458314066809
			82.2912880288628	-36.1891198275273
			82.3345764497092	-36.2324082483736
			82.3778648705555	-36.2756966692199
			82.3778648705555	-36.3189850900662
			82.4211532914018	-36.3189850900662
			82.4211532914018	-36.3622735109126
			82.4644417122481	-36.4055619317589
			82.5077301330945	-36.4488503526052
			82.5510185539408	-36.4921387734515
			82.5943069747871	-36.5354271942979
			82.6375953956334	-36.5787156151442
			82.6375953956334	-36.6220040359905
			82.6808838164798	-36.6652924568368
			82.7241722373261	-36.7085808776832
			82.7674606581724	-36.7518692985295
			82.8107490790187	-36.7951577193758
			82.8107490790187	-36.8384461402221
			82.8540374998651	-36.8817345610685
			82.8973259207114	-36.9250229819148
			82.9406143415577	-36.9683114027611
			82.983902762404	-37.0115998236074
			83.0271911832504	-37.0548882444538
			83.0271911832504	-37.0981766653001
			83.0704796040967	-37.1414650861464
			83.113768024943	-37.1847535069927
			83.1570564457893	-37.2280419278391
			83.2003448666357	-37.2713303486854
			83.2003448666357	-37.3146187695317
			83.243633287482	-37.357907190378
			83.2869217083283	-37.4011956112244
			83.3302101291746	-37.4444840320707
			83.3302101291746	-37.487772452917
			83.373498550021	-37.5310608737633
			83.4167869708673	-37.5743492946097
			83.4600753917136	-37.617637715456
			83.4600753917136	-37.6609261363023
			83.5033638125599	-37.7042145571486
			83.5466522334062	-37.7475029779949
			83.5466522334062	-37.7907913988413
			83.5899406542526	-37.8340798196876
			83.6332290750989	-37.8340798196876
			83.6332290750989	-37.8773682405339
			83.6765174959452	-37.9206566613802
			83.7198059167916	-37.9639450822266
			83.7198059167916	-38.0072335030729
			83.7630943376379	-38.0505219239192
			83.8063827584842	-38.0938103447655
			83.8063827584842	-38.1370987656119
			83.8496711793305	-38.1803871864582
			83.8929596001769	-38.2236756073045
			83.8929596001769	-38.2669640281508
			83.9362480210232	-38.3102524489972
			83.9795364418695	-38.3535408698435
			83.9795364418695	-38.3968292906898
			84.0228248627158	-38.4401177115361
			84.0661132835621	-38.4401177115361
			84.0661132835621	-38.4834061323825
			84.1094017044085	-38.5266945532288
			84.1526901252548	-38.5699829740751
			84.1526901252548	-38.6132713949214
			84.1959785461011	-38.6565598157678
			84.1959785461011	-38.6998482366141
			84.2392669669474	-38.7431366574604
			84.2825553877938	-38.7864250783067
			84.2825553877938	-38.8297134991531
			84.3258438086401	-38.8730019199994
			84.3258438086401	-38.9162903408457
			84.3691322294864	-38.959578761692
			84.4124206503327	-38.959578761692
			84.4124206503327	-39.0028671825384
			84.4557090711791	-39.0461556033847
			84.4557090711791	-39.089444024231
			84.4989974920254	-39.1327324450773
			84.4989974920254	-39.1760208659237
			84.5422859128717	-39.21930928677
			84.585574333718	-39.2625977076163
			84.6288627545644	-39.2625977076163
			84.6288627545644	-39.3058861284626
			84.6721511754107	-39.349174549309
			84.715439596257	-39.349174549309
			84.715439596257	-39.3924629701553
			84.7587280171033	-39.4357513910016
			84.8020164379497	-39.4357513910016
			84.845304858796	-39.4790398118479
			84.8885932796423	-39.5223282326943
			84.9318817004886	-39.5656166535406
			84.975170121335	-39.6089050743869
			85.0184585421813	-39.6521934952332
			85.0617469630276	-39.6954819160796
			85.1050353838739	-39.7387703369259
			85.1050353838739	-39.7820587577722
			85.1483238047203	-39.7820587577722
			85.1916122255666	-39.8253471786185
			85.2349006464129	-39.8686355994649
			85.2781890672592	-39.9119240203112
			85.2781890672592	-39.9552124411575
			85.3214774881056	-39.9985008620038
			85.3647659089519	-39.9985008620038
			85.4080543297982	-40.0417892828501
			85.4080543297982	-40.0850777036965
			85.4513427506445	-40.1283661245428
			85.4946311714909	-40.1716545453891
			85.5379195923372	-40.2149429662354
			85.5379195923372	-40.2582313870818
			85.5812080131835	-40.3015198079281
			85.6244964340298	-40.3448082287744
			85.6677848548762	-40.3448082287744
			85.6677848548762	-40.3880966496207
			85.7110732757225	-40.4313850704671
			85.7543616965688	-40.4746734913134
			85.7543616965688	-40.5179619121597
			85.7976501174151	-40.561250333006
			85.8409385382615	-40.6045387538524
			85.8409385382615	-40.6478271746987
			85.8842269591078	-40.691115595545
			85.9275153799541	-40.7344040163913
			85.9275153799541	-40.7776924372377
			85.9708038008004	-40.820980858084
			86.0140922216467	-40.8642692789303
			86.0573806424931	-40.9075576997766
			86.0573806424931	-40.950846120623
			86.1006690633394	-40.9941345414693
			86.1006690633394	-41.0374229623156
			86.1439574841857	-41.0374229623156
			86.1439574841857	-41.0807113831619
			86.187245905032	-41.1239998040083
			86.187245905032	-41.1672882248546
			86.2305343258784	-41.2105766457009
			86.2738227467247	-41.2538650665472
			86.2738227467247	-41.2971534873936
			86.317111167571	-41.3404419082399
			86.317111167571	-41.3837303290862
			86.3603995884174	-41.4270187499325
			86.3603995884174	-41.4703071707789
			86.4036880092637	-41.5135955916252
			86.44697643011	-41.5568840124715
			86.44697643011	-41.6001724333178
			86.4902648509563	-41.6434608541642
			86.4902648509563	-41.6867492750105
			86.4902648509563	-41.7300376958568
			86.5335532718026	-41.7300376958568
			86.5335532718026	-41.7733261167031
			86.5335532718026	-41.8166145375494
			86.576841692649	-41.8166145375494
			86.576841692649	-41.8599029583958
			86.576841692649	-41.9031913792421
			86.6201301134953	-41.9031913792421
			86.6201301134953	-41.9464798000884
			86.6201301134953	-41.9897682209347
			86.6634185343416	-42.0330566417811
			86.6634185343416	-42.0763450626274
			86.7067069551879	-42.1196334834737
			86.7067069551879	-42.1629219043201
			86.7067069551879	-42.2062103251664
			86.7499953760343	-42.2494987460127
			86.7499953760343	-42.292787166859
			86.7932837968806	-42.3360755877053
			86.7932837968806	-42.3793640085517
			86.8365722177269	-42.422652429398
			86.8365722177269	-42.4659408502443
			86.8365722177269	-42.5092292710906
			86.8798606385732	-42.552517691937
			86.8798606385732	-42.5958061127833
			86.8798606385732	-42.6390945336296
			86.9231490594196	-42.6823829544759
			86.9231490594196	-42.7256713753223
			86.9231490594196	-42.7689597961686
			86.9664374802659	-42.8122482170149
			86.9664374802659	-42.8555366378612
			86.9664374802659	-42.8988250587076
			87.0097259011122	-42.9421134795539
			87.0097259011122	-42.9854019004002
			87.0097259011122	-43.0286903212465
			87.0530143219585	-43.0719787420929
			87.0530143219585	-43.1152671629392
			87.0530143219585	-43.1585555837855
			87.0530143219585	-43.2018440046318
			87.0963027428049	-43.2451324254782
			87.0963027428049	-43.2884208463245
			87.0963027428049	-43.3317092671708
			87.1395911636512	-43.3749976880171
			87.1395911636512	-43.4182861088635
			87.1395911636512	-43.4615745297098
			87.1828795844975	-43.5048629505561
			87.1828795844975	-43.5481513714024
			87.1828795844975	-43.5914397922488
			87.2261680053438	-43.6347282130951
			87.2261680053438	-43.6780166339414
			87.2694564261902	-43.7213050547877
			87.2694564261902	-43.7645934756341
			87.2694564261902	-43.8078818964804
			87.3127448470365	-43.8511703173267
			87.3127448470365	-43.894458738173
			87.3560332678828	-43.9377471590194
			87.3560332678828	-43.9810355798657
			87.3560332678828	-44.024324000712
			87.3993216887291	-44.0676124215583
			87.3993216887291	-44.1109008424046
			87.4426101095755	-44.154189263251
			87.4426101095755	-44.1974776840973
			87.4426101095755	-44.2407661049436
			87.4858985304218	-44.2840545257899
			87.4858985304218	-44.3273429466363
			87.5291869512681	-44.3706313674826
			87.5291869512681	-44.4139197883289
			87.5291869512681	-44.4572082091752
			87.5724753721144	-44.5004966300216
			87.5724753721144	-44.5437850508679
			87.5724753721144	-44.5870734717142
			87.6157637929607	-44.5870734717142
			87.6157637929607	-44.6303618925605
			87.6157637929607	-44.6736503134069
			87.6590522138071	-44.7169387342532
			87.6590522138071	-44.7602271550995
			87.7023406346534	-44.8035155759458
			87.7023406346534	-44.8468039967922
			87.7023406346534	-44.8900924176385
			87.7456290554997	-44.8900924176385
			87.7456290554997	-44.9333808384848
			87.7456290554997	-44.9766692593311
			87.7889174763461	-45.0199576801775
			87.7889174763461	-45.0632461010238
			87.8322058971924	-45.1065345218701
			87.8322058971924	-45.1498229427164
			87.8322058971924	-45.1931113635628
			87.8754943180387	-45.2363997844091
			87.8754943180387	-45.2796882052554
			87.8754943180387	-45.3229766261017
			87.918782738885	-45.3662650469481
			87.918782738885	-45.4095534677944
			87.918782738885	-45.4528418886407
			87.9620711597314	-45.496130309487
			87.9620711597314	-45.5394187303334
			88.0053595805777	-45.5827071511797
			88.0053595805777	-45.625995572026
			88.048648001424	-45.6692839928723
			88.048648001424	-45.7125724137187
			88.048648001424	-45.755860834565
			88.0919364222703	-45.7991492554113
			88.0919364222703	-45.8424376762576
			88.1352248431166	-45.885726097104
			88.1352248431166	-45.9290145179503
			88.1352248431166	-45.9723029387966
			88.178513263963	-46.0155913596429
			88.178513263963	-46.0588797804892
			88.178513263963	-46.1021682013356
			88.2218016848093	-46.1454566221819
			88.2218016848093	-46.1887450430282
			88.2650901056556	-46.2320334638746
			88.2650901056556	-46.2753218847209
			88.2650901056556	-46.3186103055672
			88.3083785265019	-46.3618987264135
			88.3083785265019	-46.4051871472598
			88.3083785265019	-46.4484755681062
			88.3516669473483	-46.4917639889525
			88.3516669473483	-46.5350524097988
			88.3516669473483	-46.5783408306451
			88.3949553681946	-46.6216292514915
			88.3949553681946	-46.6649176723378
			88.4382437890409	-46.7082060931841
			88.4382437890409	-46.7514945140304
			88.4382437890409	-46.7947829348768
			88.4382437890409	-46.8380713557231
			88.4815322098872	-46.8813597765694
			88.4815322098872	-46.9246481974157
			88.5248206307336	-46.9679366182621
			88.5248206307336	-47.0112250391084
			88.5248206307336	-47.0545134599547
			88.5248206307336	-47.097801880801
			88.5681090515799	-47.1410903016474
			88.5681090515799	-47.1843787224937
		</c1>
		<c2 type=matrix rownames=FALSE colnames=FALSE nrow=1082 ncol=2 as.numeric=TRUE >
			88.5681090515799	-47.1843787224937
			88.5248206307336	-47.1843787224937
			88.4815322098872	-47.1843787224937
			88.4382437890409	-47.1410903016474
			88.3949553681946	-47.1410903016474
			88.3516669473483	-47.1410903016474
			88.3083785265019	-47.1410903016474
			88.2650901056556	-47.1410903016474
			88.2218016848093	-47.097801880801
			88.178513263963	-47.097801880801
			88.1352248431166	-47.097801880801
			88.0919364222703	-47.097801880801
			88.048648001424	-47.0545134599547
			88.0053595805777	-47.0545134599547
			87.9620711597314	-47.0545134599547
			87.918782738885	-47.0545134599547
			87.8754943180387	-47.0112250391084
			87.8322058971924	-47.0112250391084
			87.7889174763461	-47.0112250391084
			87.7456290554997	-47.0112250391084
			87.7023406346534	-46.9679366182621
			87.6590522138071	-46.9679366182621
			87.6157637929607	-46.9679366182621
			87.5724753721144	-46.9679366182621
			87.5291869512681	-46.9246481974157
			87.4858985304218	-46.9246481974157
			87.4426101095755	-46.9246481974157
			87.3993216887291	-46.8813597765694
			87.3560332678828	-46.8813597765694
			87.3127448470365	-46.8813597765694
			87.2694564261902	-46.8813597765694
			87.2261680053438	-46.8380713557231
			87.1828795844975	-46.8380713557231
			87.1395911636512	-46.8380713557231
			87.0963027428049	-46.7947829348768
			87.0530143219585	-46.7947829348768
			87.0097259011122	-46.7947829348768
			86.9664374802659	-46.7514945140304
			86.9231490594196	-46.7514945140304
			86.8798606385732	-46.7514945140304
			86.8365722177269	-46.7082060931841
			86.7932837968806	-46.7082060931841
			86.7499953760343	-46.7082060931841
			86.7067069551879	-46.6649176723378
			86.6634185343416	-46.6649176723378
			86.6201301134953	-46.6216292514915
			86.576841692649	-46.6216292514915
			86.5335532718026	-46.6216292514915
			86.4902648509563	-46.5783408306451
			86.44697643011	-46.5783408306451
			86.4036880092637	-46.5783408306451
			86.3603995884174	-46.5350524097988
			86.317111167571	-46.5350524097988
			86.2738227467247	-46.5350524097988
			86.2305343258784	-46.4917639889525
			86.187245905032	-46.4917639889525
			86.1439574841857	-46.4917639889525
			86.1006690633394	-46.4917639889525
			86.0573806424931	-46.4484755681062
			86.0140922216467	-46.4484755681062
			85.9708038008004	-46.4484755681062
			85.9275153799541	-46.4484755681062
			85.8842269591078	-46.4051871472598
			85.8409385382615	-46.4051871472598
			85.7976501174151	-46.4051871472598
			85.7543616965688	-46.4051871472598
			85.7110732757225	-46.3618987264135
			85.6677848548762	-46.3618987264135
			85.6244964340298	-46.3618987264135
			85.5812080131835	-46.3618987264135
			85.5379195923372	-46.3618987264135
			85.4946311714909	-46.3186103055672
			85.4513427506445	-46.3186103055672
			85.4080543297982	-46.3186103055672
			85.3647659089519	-46.3186103055672
			85.3214774881056	-46.2753218847209
			85.2781890672592	-46.2753218847209
			85.2349006464129	-46.2753218847209
			85.1916122255666	-46.2753218847209
			85.1483238047203	-46.2753218847209
			85.1050353838739	-46.2320334638746
			85.0617469630276	-46.2320334638746
			85.0184585421813	-46.2320334638746
			84.975170121335	-46.2320334638746
			84.9318817004886	-46.2320334638746
			84.8885932796423	-46.2320334638746
			84.845304858796	-46.1887450430282
			84.8020164379497	-46.1887450430282
			84.7587280171033	-46.1887450430282
			84.715439596257	-46.1887450430282
			84.6721511754107	-46.1887450430282
			84.6288627545644	-46.1887450430282
			84.585574333718	-46.1454566221819
			84.5422859128717	-46.1454566221819
			84.4989974920254	-46.1454566221819
			84.4557090711791	-46.1454566221819
			84.4124206503327	-46.1454566221819
			84.3691322294864	-46.1454566221819
			84.3258438086401	-46.1454566221819
			84.2825553877938	-46.1454566221819
			84.2392669669474	-46.1454566221819
			84.1959785461011	-46.1454566221819
			84.1526901252548	-46.1887450430282
			84.1094017044085	-46.1887450430282
			84.0661132835621	-46.1887450430282
			84.0228248627158	-46.1887450430282
			83.9795364418695	-46.1887450430282
			83.9362480210232	-46.1887450430282
			83.8929596001769	-46.1887450430282
			83.8496711793305	-46.1887450430282
			83.8063827584842	-46.1887450430282
			83.7630943376379	-46.1887450430282
			83.7198059167916	-46.1887450430282
			83.6765174959452	-46.1887450430282
			83.6332290750989	-46.1887450430282
			83.5899406542526	-46.1887450430282
			83.5466522334062	-46.1887450430282
			83.5033638125599	-46.1887450430282
			83.4600753917136	-46.1887450430282
			83.4167869708673	-46.1887450430282
			83.373498550021	-46.1887450430282
			83.3302101291746	-46.1887450430282
			83.2869217083283	-46.1887450430282
			83.243633287482	-46.1887450430282
			83.2003448666357	-46.2320334638746
			83.1570564457893	-46.2320334638746
			83.113768024943	-46.2320334638746
			83.0704796040967	-46.2320334638746
			83.0271911832504	-46.2320334638746
			82.983902762404	-46.2320334638746
			82.9406143415577	-46.2320334638746
			82.8973259207114	-46.2320334638746
			82.8540374998651	-46.2320334638746
			82.8107490790187	-46.2320334638746
			82.7674606581724	-46.2320334638746
			82.7241722373261	-46.2320334638746
			82.6808838164798	-46.2320334638746
			82.6375953956334	-46.2320334638746
			82.5943069747871	-46.2320334638746
			82.5510185539408	-46.2320334638746
			82.5077301330945	-46.2320334638746
			82.4644417122481	-46.2320334638746
			82.4211532914018	-46.2320334638746
			82.3778648705555	-46.2320334638746
			82.3345764497092	-46.2320334638746
			82.2912880288628	-46.2320334638746
			82.2479996080165	-46.2320334638746
			82.2047111871702	-46.2320334638746
			82.1614227663239	-46.2320334638746
			82.1181343454775	-46.2320334638746
			82.0748459246312	-46.2320334638746
			82.0315575037849	-46.2320334638746
			81.9882690829386	-46.1887450430282
			81.9449806620922	-46.1887450430282
			81.9016922412459	-46.1887450430282
			81.8584038203996	-46.1887450430282
			81.8151153995533	-46.1887450430282
			81.771826978707	-46.1887450430282
			81.7285385578606	-46.1887450430282
			81.6852501370143	-46.1887450430282
			81.641961716168	-46.1887450430282
			81.5986732953216	-46.1887450430282
			81.5553848744753	-46.1887450430282
			81.512096453629	-46.1887450430282
			81.4688080327827	-46.1887450430282
			81.4255196119364	-46.1887450430282
			81.38223119109	-46.1887450430282
			81.3389427702437	-46.1887450430282
			81.2956543493974	-46.1887450430282
			81.2523659285511	-46.1887450430282
			81.2090775077047	-46.1887450430282
			81.1657890868584	-46.1887450430282
			81.1225006660121	-46.1454566221819
			81.0792122451658	-46.1454566221819
			81.0359238243194	-46.1454566221819
			80.9926354034731	-46.1454566221819
			80.9493469826268	-46.1454566221819
			80.9060585617805	-46.1454566221819
			80.8627701409341	-46.1454566221819
			80.8194817200878	-46.1454566221819
			80.7761932992415	-46.1454566221819
			80.7329048783952	-46.1454566221819
			80.6896164575488	-46.1454566221819
			80.6463280367025	-46.1454566221819
			80.6463280367025	-46.1021682013356
			80.6030396158562	-46.1021682013356
			80.5597511950099	-46.1021682013356
			80.5164627741635	-46.1021682013356
			80.4731743533172	-46.1021682013356
			80.4298859324709	-46.1021682013356
			80.3865975116246	-46.1021682013356
			80.3433090907782	-46.1021682013356
			80.3000206699319	-46.1021682013356
			80.2567322490856	-46.1021682013356
			80.2134438282393	-46.0588797804892
			80.1701554073929	-46.0588797804892
			80.1268669865466	-46.0588797804892
			80.0835785657003	-46.0588797804892
			80.040290144854	-46.0588797804892
			79.9970017240076	-46.0588797804892
			79.9537133031613	-46.0588797804892
			79.910424882315	-46.0588797804892
			79.8671364614687	-46.0155913596429
			79.8238480406224	-46.0155913596429
			79.780559619776	-46.0155913596429
			79.7372711989297	-46.0155913596429
			79.6939827780834	-46.0155913596429
			79.650694357237	-46.0155913596429
			79.6074059363907	-46.0155913596429
			79.5641175155444	-45.9723029387966
			79.5208290946981	-45.9723029387966
			79.4775406738517	-45.9723029387966
			79.4342522530054	-45.9723029387966
			79.3909638321591	-45.9723029387966
			79.3476754113128	-45.9723029387966
			79.3043869904665	-45.9290145179503
			79.2610985696201	-45.9290145179503
			79.2178101487738	-45.9290145179503
			79.1745217279275	-45.9290145179503
			79.1312333070812	-45.9290145179503
			79.0879448862348	-45.9290145179503
			79.0446564653885	-45.885726097104
			79.0013680445422	-45.885726097104
			78.9580796236959	-45.885726097104
			78.9147912028495	-45.885726097104
			78.8715027820032	-45.885726097104
			78.8282143611569	-45.8424376762576
			78.7849259403106	-45.8424376762576
			78.7416375194642	-45.8424376762576
			78.6983490986179	-45.8424376762576
			78.6550606777716	-45.8424376762576
			78.6117722569253	-45.7991492554113
			78.5684838360789	-45.7991492554113
			78.5251954152326	-45.7991492554113
			78.4819069943863	-45.7991492554113
			78.43861857354	-45.7991492554113
			78.3953301526936	-45.755860834565
			78.3520417318473	-45.755860834565
			78.308753311001	-45.755860834565
			78.2654648901547	-45.755860834565
			78.2221764693083	-45.7125724137187
			78.178888048462	-45.7125724137187
			78.1355996276157	-45.7125724137187
			78.0923112067694	-45.7125724137187
			78.049022785923	-45.6692839928723
			78.0057343650767	-45.6692839928723
			77.9624459442304	-45.6692839928723
			77.9191575233841	-45.6692839928723
			77.8758691025377	-45.625995572026
			77.8325806816914	-45.625995572026
			77.7892922608451	-45.625995572026
			77.7460038399988	-45.625995572026
			77.7027154191525	-45.5827071511797
			77.6594269983061	-45.5827071511797
			77.6161385774598	-45.5827071511797
			77.5728501566135	-45.5394187303334
			77.5295617357671	-45.5394187303334
			77.4862733149208	-45.5394187303334
			77.4429848940745	-45.5394187303334
			77.3996964732282	-45.496130309487
			77.3564080523819	-45.496130309487
			77.3131196315355	-45.496130309487
			77.2698312106892	-45.496130309487
			77.2265427898429	-45.4528418886407
			77.1832543689966	-45.4528418886407
			77.1399659481502	-45.4528418886407
			77.0966775273039	-45.4528418886407
			77.0533891064576	-45.4528418886407
			77.0101006856113	-45.4528418886407
			76.9668122647649	-45.4528418886407
			76.9235238439186	-45.4095534677944
			76.8802354230723	-45.4095534677944
			76.836947002226	-45.4095534677944
			76.7936585813796	-45.4095534677944
			76.7503701605333	-45.4095534677944
			76.707081739687	-45.4095534677944
			76.6637933188407	-45.4095534677944
			76.6205048979943	-45.4095534677944
			76.577216477148	-45.3662650469481
			76.5339280563017	-45.3662650469481
			76.4906396354554	-45.3662650469481
			76.447351214609	-45.3662650469481
			76.4040627937627	-45.3662650469481
			76.3607743729164	-45.3662650469481
			76.3174859520701	-45.3662650469481
			76.2741975312237	-45.3662650469481
			76.2309091103774	-45.3662650469481
			76.1876206895311	-45.3229766261017
			76.1443322686848	-45.3229766261017
			76.1010438478384	-45.3229766261017
			76.0577554269921	-45.3229766261017
			76.0144670061458	-45.3229766261017
			75.9711785852995	-45.3229766261017
			75.9278901644531	-45.3229766261017
			75.8846017436068	-45.3229766261017
			75.8413133227605	-45.3229766261017
			75.7980249019142	-45.2796882052554
			75.7547364810679	-45.2796882052554
			75.7114480602215	-45.2796882052554
			75.6681596393752	-45.2796882052554
			75.6248712185289	-45.2796882052554
			75.5815827976825	-45.2796882052554
			75.5382943768362	-45.2796882052554
			75.4950059559899	-45.2796882052554
			75.4517175351436	-45.2796882052554
			75.4084291142972	-45.2796882052554
			75.3651406934509	-45.2796882052554
			75.3218522726046	-45.2796882052554
			75.2785638517583	-45.2796882052554
			75.235275430912	-45.2363997844091
			75.1919870100656	-45.2363997844091
			75.1486985892193	-45.2363997844091
			75.105410168373	-45.2363997844091
			75.0621217475267	-45.2363997844091
			75.0188333266803	-45.2363997844091
			74.975544905834	-45.2363997844091
			74.9322564849877	-45.2363997844091
			74.8889680641414	-45.2363997844091
			74.845679643295	-45.2363997844091
			74.8023912224487	-45.2363997844091
			74.7591028016024	-45.2363997844091
			74.7158143807561	-45.2363997844091
			74.6725259599097	-45.2363997844091
			74.6292375390634	-45.2363997844091
			74.5859491182171	-45.2363997844091
			74.5426606973708	-45.1931113635628
			74.4993722765244	-45.1931113635628
			74.4560838556781	-45.1931113635628
			74.4127954348318	-45.1931113635628
			74.3695070139855	-45.1931113635628
			74.3262185931391	-45.1931113635628
			74.2829301722928	-45.1931113635628
			74.2396417514465	-45.1931113635628
			74.1963533306002	-45.1931113635628
			74.1530649097538	-45.1931113635628
			74.1097764889075	-45.1931113635628
			74.0664880680612	-45.1931113635628
			74.0231996472149	-45.1931113635628
			73.9799112263685	-45.1931113635628
			73.9366228055222	-45.1931113635628
			73.8933343846759	-45.1931113635628
			73.8500459638296	-45.1931113635628
			73.8067575429832	-45.1931113635628
			73.7634691221369	-45.1931113635628
			73.7201807012906	-45.1931113635628
			73.6768922804443	-45.1931113635628
			73.6336038595979	-45.1931113635628
			73.5903154387516	-45.1931113635628
			73.5470270179053	-45.1931113635628
			73.503738597059	-45.1931113635628
			73.4604501762126	-45.1931113635628
			73.4171617553663	-45.1931113635628
			73.37387333452	-45.1931113635628
			73.3305849136737	-45.1931113635628
			73.2872964928274	-45.1498229427164
			73.244008071981	-45.1498229427164
			73.2007196511347	-45.1498229427164
			73.1574312302884	-45.1498229427164
			73.1141428094421	-45.1498229427164
			73.0708543885957	-45.1498229427164
			73.0275659677494	-45.1498229427164
			72.9842775469031	-45.1498229427164
			72.9409891260567	-45.1498229427164
			72.8977007052104	-45.1498229427164
			72.8544122843641	-45.1498229427164
			72.8111238635178	-45.1498229427164
			72.7678354426715	-45.1498229427164
			72.7245470218251	-45.1498229427164
			72.6812586009788	-45.1498229427164
			72.6379701801325	-45.1498229427164
			72.5946817592862	-45.1498229427164
			72.5513933384398	-45.1498229427164
			72.5081049175935	-45.1498229427164
			72.4648164967472	-45.1498229427164
			72.4215280759009	-45.1498229427164
			72.3782396550545	-45.1498229427164
			72.3349512342082	-45.1498229427164
			72.2916628133619	-45.1498229427164
			72.2483743925156	-45.1498229427164
			72.2050859716692	-45.1498229427164
			72.1617975508229	-45.1498229427164
			72.1185091299766	-45.1498229427164
			72.0752207091303	-45.1498229427164
			72.0319322882839	-45.1498229427164
			71.9886438674376	-45.1498229427164
			71.9453554465913	-45.1498229427164
			71.902067025745	-45.1498229427164
			71.8587786048986	-45.1498229427164
			71.8154901840523	-45.1498229427164
			71.772201763206	-45.1498229427164
			71.7289133423597	-45.1498229427164
			71.6856249215134	-45.1498229427164
			71.642336500667	-45.1498229427164
			71.5990480798207	-45.1498229427164
			71.5557596589744	-45.1498229427164
			71.512471238128	-45.1498229427164
			71.4691828172817	-45.1498229427164
			71.4258943964354	-45.1498229427164
			71.3826059755891	-45.1498229427164
			71.3393175547427	-45.1498229427164
			71.2960291338964	-45.1498229427164
			71.2527407130501	-45.1498229427164
			71.2094522922038	-45.1498229427164
			71.1661638713575	-45.1498229427164
			71.1228754505111	-45.1498229427164
			71.0795870296648	-45.1931113635628
			71.0362986088185	-45.1931113635628
			70.9930101879722	-45.1931113635628
			70.9497217671258	-45.1931113635628
			70.9064333462795	-45.1931113635628
			70.8631449254332	-45.1931113635628
			70.8198565045869	-45.1931113635628
			70.7765680837405	-45.1931113635628
			70.7332796628942	-45.1931113635628
			70.6899912420479	-45.1931113635628
			70.6467028212016	-45.1931113635628
			70.6034144003552	-45.1931113635628
			70.5601259795089	-45.1931113635628
			70.5168375586626	-45.1931113635628
			70.4735491378163	-45.1931113635628
			70.4302607169699	-45.1931113635628
			70.3869722961236	-45.1931113635628
			70.3436838752773	-45.1931113635628
			70.300395454431	-45.1931113635628
			70.2571070335846	-45.1931113635628
			70.2138186127383	-45.1931113635628
			70.170530191892	-45.1931113635628
			70.1272417710457	-45.1931113635628
			70.0839533501993	-45.1931113635628
			70.040664929353	-45.1931113635628
			69.9973765085067	-45.1931113635628
			69.9540880876604	-45.1931113635628
			69.910799666814	-45.1931113635628
			69.8675112459677	-45.1931113635628
			69.8242228251214	-45.1931113635628
			69.7809344042751	-45.1931113635628
			69.7376459834287	-45.1931113635628
			69.6943575625824	-45.1931113635628
			69.6510691417361	-45.1931113635628
			69.6077807208898	-45.2363997844091
			69.5644923000434	-45.2363997844091
			69.5212038791971	-45.2363997844091
			69.4779154583508	-45.2363997844091
			69.4346270375045	-45.2363997844091
			69.3913386166581	-45.2363997844091
			69.3480501958118	-45.2363997844091
			69.3047617749655	-45.2363997844091
			69.2614733541192	-45.2363997844091
			69.2181849332729	-45.2363997844091
			69.1748965124265	-45.2363997844091
			69.1316080915802	-45.2363997844091
			69.0883196707339	-45.2363997844091
			69.0450312498876	-45.2363997844091
			69.0017428290412	-45.2363997844091
			68.9584544081949	-45.2363997844091
			68.9151659873486	-45.2363997844091
			68.8718775665022	-45.2363997844091
			68.8285891456559	-45.2363997844091
			68.7853007248096	-45.2363997844091
			68.7420123039633	-45.2363997844091
			68.698723883117	-45.2363997844091
			68.6554354622706	-45.2363997844091
			68.6121470414243	-45.2796882052554
			68.568858620578	-45.2796882052554
			68.5255701997317	-45.2796882052554
			68.4822817788853	-45.2796882052554
			68.438993358039	-45.2796882052554
			68.3957049371927	-45.2796882052554
			68.3524165163464	-45.2796882052554
			68.3091280955	-45.2796882052554
			68.2658396746537	-45.2796882052554
			68.2225512538074	-45.2796882052554
			68.1792628329611	-45.2796882052554
			68.1359744121147	-45.2796882052554
			68.0926859912684	-45.2796882052554
			68.0493975704221	-45.2796882052554
			68.0061091495758	-45.2796882052554
			67.9628207287294	-45.2796882052554
			67.9195323078831	-45.2796882052554
			67.8762438870368	-45.2796882052554
			67.8329554661905	-45.3229766261017
			67.7896670453441	-45.3229766261017
			67.7463786244978	-45.3229766261017
			67.7030902036515	-45.3229766261017
			67.6598017828052	-45.3229766261017
			67.6165133619588	-45.3229766261017
			67.5732249411125	-45.3229766261017
			67.5299365202662	-45.3229766261017
			67.4866480994199	-45.3229766261017
			67.4433596785735	-45.3229766261017
			67.4000712577272	-45.3229766261017
			67.3567828368809	-45.3229766261017
			67.3134944160346	-45.3229766261017
			67.2702059951882	-45.3229766261017
			67.2269175743419	-45.3229766261017
			67.1836291534956	-45.3229766261017
			67.1403407326493	-45.3229766261017
			67.097052311803	-45.3662650469481
			67.0537638909566	-45.3662650469481
			67.0104754701103	-45.3662650469481
			66.967187049264	-45.3662650469481
			66.9238986284176	-45.3662650469481
			66.8806102075713	-45.3662650469481
			66.837321786725	-45.3662650469481
			66.7940333658787	-45.3662650469481
			66.7507449450324	-45.3662650469481
			66.707456524186	-45.3662650469481
			66.6641681033397	-45.3662650469481
			66.6208796824934	-45.3662650469481
			66.5775912616471	-45.3662650469481
			66.5343028408007	-45.3662650469481
			66.4910144199544	-45.3662650469481
			66.4910144199544	-45.4095534677944
			66.4477259991081	-45.4095534677944
			66.4044375782618	-45.4095534677944
			66.3611491574154	-45.4095534677944
			66.3178607365691	-45.4095534677944
			66.2745723157228	-45.4095534677944
			66.2312838948765	-45.4095534677944
			66.1879954740301	-45.4095534677944
			66.1447070531838	-45.4095534677944
			66.1014186323375	-45.4095534677944
			66.0581302114912	-45.4095534677944
			66.0148417906448	-45.4095534677944
			65.9715533697985	-45.4095534677944
			65.9282649489522	-45.4095534677944
			65.8849765281059	-45.4528418886407
			65.8416881072595	-45.4528418886407
			65.7983996864132	-45.4528418886407
			65.7551112655669	-45.4528418886407
			65.7118228447206	-45.4528418886407
			65.6685344238742	-45.4528418886407
			65.6252460030279	-45.4528418886407
			65.5819575821816	-45.4528418886407
			65.5386691613353	-45.4528418886407
			65.4953807404889	-45.4528418886407
			65.4520923196426	-45.4528418886407
			65.4088038987963	-45.4528418886407
			65.36551547795	-45.4528418886407
			65.3222270571036	-45.4528418886407
			65.2789386362573	-45.4528418886407
			65.235650215411	-45.4528418886407
			65.1923617945647	-45.4528418886407
			65.1490733737184	-45.4528418886407
			65.105784952872	-45.4528418886407
			65.0624965320257	-45.4528418886407
			65.0192081111794	-45.496130309487
			64.975919690333	-45.496130309487
			64.9326312694867	-45.496130309487
			64.8893428486404	-45.496130309487
			64.8460544277941	-45.496130309487
			64.8027660069477	-45.496130309487
			64.7594775861014	-45.496130309487
			64.7161891652551	-45.496130309487
			64.6729007444088	-45.496130309487
			64.6296123235625	-45.496130309487
			64.5863239027161	-45.496130309487
			64.5430354818698	-45.496130309487
			64.4997470610235	-45.496130309487
			64.4564586401772	-45.496130309487
			64.4131702193308	-45.496130309487
			64.3698817984845	-45.496130309487
			64.3265933776382	-45.496130309487
			64.2833049567919	-45.496130309487
			64.2400165359455	-45.496130309487
			64.1967281150992	-45.496130309487
			64.1534396942529	-45.496130309487
			64.1101512734066	-45.496130309487
			64.0668628525602	-45.496130309487
			64.0235744317139	-45.496130309487
			63.9802860108676	-45.496130309487
			63.9369975900213	-45.496130309487
			63.8937091691749	-45.496130309487
			63.8504207483286	-45.5394187303334
			63.8071323274823	-45.5394187303334
			63.763843906636	-45.5394187303334
			63.7205554857896	-45.5394187303334
			63.6772670649433	-45.5394187303334
			63.633978644097	-45.5394187303334
			63.5906902232507	-45.5394187303334
			63.5474018024043	-45.5394187303334
			63.504113381558	-45.5394187303334
			63.4608249607117	-45.5394187303334
			63.4175365398654	-45.5394187303334
			63.374248119019	-45.5394187303334
			63.3309596981727	-45.5394187303334
			63.2876712773264	-45.5394187303334
			63.2443828564801	-45.5394187303334
			63.2010944356337	-45.5394187303334
			63.1578060147874	-45.5394187303334
			63.1145175939411	-45.5394187303334
			63.0712291730948	-45.5394187303334
			63.0279407522484	-45.5394187303334
			62.9846523314021	-45.5394187303334
			62.9413639105558	-45.5394187303334
			62.8980754897095	-45.5394187303334
			62.8547870688632	-45.5394187303334
			62.8114986480168	-45.5394187303334
			62.7682102271705	-45.5394187303334
			62.7249218063242	-45.5827071511797
			62.6816333854779	-45.5827071511797
			62.6383449646315	-45.5827071511797
			62.5950565437852	-45.5827071511797
			62.5517681229389	-45.5827071511797
			62.5084797020926	-45.5827071511797
			62.4651912812462	-45.5827071511797
			62.4219028603999	-45.5827071511797
			62.3786144395536	-45.5827071511797
			62.3353260187073	-45.5827071511797
			62.2920375978609	-45.5827071511797
			62.2487491770146	-45.5827071511797
			62.2054607561683	-45.5827071511797
			62.162172335322	-45.5827071511797
			62.1188839144756	-45.5827071511797
			62.0755954936293	-45.5827071511797
			62.032307072783	-45.5827071511797
			61.9890186519367	-45.5827071511797
			61.9457302310903	-45.5827071511797
			61.902441810244	-45.5827071511797
			61.8591533893977	-45.5827071511797
			61.8158649685514	-45.5827071511797
			61.772576547705	-45.5827071511797
			61.7292881268587	-45.5827071511797
			61.6859997060124	-45.5827071511797
			61.6427112851661	-45.625995572026
			61.5994228643197	-45.625995572026
			61.5561344434734	-45.625995572026
			61.5128460226271	-45.625995572026
			61.4695576017808	-45.625995572026
			61.4262691809344	-45.625995572026
			61.3829807600881	-45.625995572026
			61.3396923392418	-45.625995572026
			61.2964039183955	-45.625995572026
			61.2531154975491	-45.625995572026
			61.2098270767028	-45.625995572026
			61.1665386558565	-45.625995572026
			61.1232502350102	-45.625995572026
			61.0799618141638	-45.625995572026
			61.0366733933175	-45.625995572026
			60.9933849724712	-45.625995572026
			60.9500965516249	-45.625995572026
			60.9068081307786	-45.625995572026
			60.8635197099322	-45.625995572026
			60.8202312890859	-45.625995572026
			60.7769428682396	-45.625995572026
			60.7336544473932	-45.625995572026
			60.6903660265469	-45.625995572026
			60.6470776057006	-45.625995572026
			60.6037891848543	-45.625995572026
			60.560500764008	-45.6692839928723
			60.5172123431616	-45.6692839928723
			60.4739239223153	-45.6692839928723
			60.430635501469	-45.6692839928723
			60.3873470806227	-45.6692839928723
			60.3440586597763	-45.6692839928723
			60.30077023893	-45.6692839928723
			60.2574818180837	-45.6692839928723
			60.2141933972374	-45.6692839928723
			60.170904976391	-45.6692839928723
			60.1276165555447	-45.6692839928723
			60.0843281346984	-45.6692839928723
			60.0410397138521	-45.6692839928723
			59.9977512930057	-45.6692839928723
			59.9544628721594	-45.6692839928723
			59.9111744513131	-45.6692839928723
			59.8678860304668	-45.6692839928723
			59.8245976096204	-45.6692839928723
			59.7813091887741	-45.6692839928723
			59.7380207679278	-45.6692839928723
			59.6947323470815	-45.6692839928723
			59.6514439262351	-45.6692839928723
			59.6081555053888	-45.6692839928723
			59.5648670845425	-45.7125724137187
			59.5215786636962	-45.7125724137187
			59.4782902428498	-45.7125724137187
			59.4350018220035	-45.7125724137187
			59.3917134011572	-45.7125724137187
			59.3484249803109	-45.7125724137187
			59.3051365594645	-45.7125724137187
			59.2618481386182	-45.7125724137187
			59.2185597177719	-45.7125724137187
			59.1752712969256	-45.7125724137187
			59.1319828760792	-45.7125724137187
			59.0886944552329	-45.7125724137187
			59.0454060343866	-45.7125724137187
			59.0021176135403	-45.7125724137187
			58.9588291926939	-45.7125724137187
			58.9155407718476	-45.7125724137187
			58.8722523510013	-45.7125724137187
			58.828963930155	-45.7125724137187
			58.7856755093086	-45.7125724137187
			58.7423870884623	-45.7125724137187
			58.699098667616	-45.7125724137187
			58.6558102467697	-45.7125724137187
			58.6125218259234	-45.755860834565
			58.569233405077	-45.755860834565
			58.5259449842307	-45.755860834565
			58.4826565633844	-45.755860834565
			58.4393681425381	-45.755860834565
			58.3960797216917	-45.755860834565
			58.3527913008454	-45.755860834565
			58.3095028799991	-45.755860834565
			58.2662144591528	-45.755860834565
			58.2229260383064	-45.755860834565
			58.1796376174601	-45.755860834565
			58.1363491966138	-45.755860834565
			58.0930607757675	-45.755860834565
			58.0497723549211	-45.755860834565
			58.0064839340748	-45.755860834565
			57.9631955132285	-45.755860834565
			57.9199070923822	-45.755860834565
			57.8766186715358	-45.755860834565
			57.8333302506895	-45.755860834565
			57.7900418298432	-45.755860834565
			57.7467534089969	-45.755860834565
			57.7034649881505	-45.755860834565
			57.6601765673042	-45.7991492554113
			57.6168881464579	-45.7991492554113
			57.5735997256116	-45.7991492554113
			57.5303113047652	-45.7991492554113
			57.4870228839189	-45.7991492554113
			57.4437344630726	-45.7991492554113
			57.4004460422263	-45.7991492554113
			57.3571576213799	-45.7991492554113
			57.3138692005336	-45.7991492554113
			57.2705807796873	-45.7991492554113
			57.227292358841	-45.7991492554113
			57.1840039379946	-45.7991492554113
			57.1407155171483	-45.7991492554113
			57.097427096302	-45.7991492554113
			57.0541386754557	-45.7991492554113
			57.0108502546093	-45.7991492554113
			56.967561833763	-45.7991492554113
			56.9242734129167	-45.7991492554113
			56.8809849920704	-45.7991492554113
			56.8376965712241	-45.7991492554113
			56.7944081503777	-45.8424376762576
			56.7511197295314	-45.8424376762576
			56.7078313086851	-45.8424376762576
			56.6645428878387	-45.8424376762576
			56.6212544669924	-45.8424376762576
			56.5779660461461	-45.8424376762576
			56.5346776252998	-45.8424376762576
			56.4913892044534	-45.8424376762576
			56.4481007836071	-45.8424376762576
			56.4048123627608	-45.8424376762576
			56.3615239419145	-45.8424376762576
			56.3182355210682	-45.8424376762576
			56.2749471002218	-45.8424376762576
			56.2316586793755	-45.8424376762576
			56.1883702585292	-45.8424376762576
			56.1450818376829	-45.8424376762576
			56.1017934168365	-45.8424376762576
			56.0585049959902	-45.8424376762576
			56.0152165751439	-45.8424376762576
			55.9719281542976	-45.8424376762576
			55.9286397334512	-45.885726097104
			55.8853513126049	-45.885726097104
			55.8420628917586	-45.885726097104
			55.7987744709123	-45.885726097104
			55.7554860500659	-45.885726097104
			55.7121976292196	-45.885726097104
			55.6689092083733	-45.885726097104
			55.625620787527	-45.885726097104
			55.5823323666806	-45.885726097104
			55.5390439458343	-45.885726097104
			55.495755524988	-45.885726097104
			55.4524671041417	-45.885726097104
			55.4091786832953	-45.885726097104
			55.365890262449	-45.885726097104
			55.3226018416027	-45.885726097104
			55.2793134207564	-45.885726097104
			55.23602499991	-45.885726097104
			55.1927365790637	-45.885726097104
			55.1494481582174	-45.885726097104
			55.1061597373711	-45.9290145179503
			55.0628713165247	-45.9290145179503
			55.0195828956784	-45.9290145179503
			54.9762944748321	-45.9290145179503
			54.9330060539858	-45.9290145179503
			54.8897176331394	-45.9290145179503
			54.8464292122931	-45.9290145179503
			54.8031407914468	-45.9290145179503
			54.7598523706005	-45.9290145179503
			54.7165639497541	-45.9290145179503
			54.6732755289078	-45.9290145179503
			54.6299871080615	-45.9290145179503
			54.5866986872152	-45.9290145179503
			54.5434102663689	-45.9290145179503
			54.5001218455225	-45.9290145179503
			54.4568334246762	-45.9290145179503
			54.4135450038299	-45.9290145179503
			54.3702565829836	-45.9290145179503
			54.3269681621372	-45.9723029387966
			54.2836797412909	-45.9723029387966
			54.2403913204446	-45.9723029387966
			54.1971028995983	-45.9723029387966
			54.1538144787519	-45.9723029387966
			54.1105260579056	-45.9723029387966
			54.0672376370593	-45.9723029387966
			54.023949216213	-45.9723029387966
			53.9806607953666	-45.9723029387966
			53.9373723745203	-45.9723029387966
			53.894083953674	-45.9723029387966
			53.8507955328277	-45.9723029387966
			53.8075071119813	-45.9723029387966
			53.764218691135	-45.9723029387966
			53.7209302702887	-45.9723029387966
			53.6776418494424	-45.9723029387966
			53.634353428596	-45.9723029387966
			53.5910650077497	-45.9723029387966
			53.5477765869034	-45.9723029387966
			53.5044881660571	-45.9723029387966
			53.4611997452107	-45.9723029387966
			53.4179113243644	-45.9723029387966
			53.3746229035181	-45.9723029387966
			53.3313344826718	-45.9723029387966
			53.2880460618254	-46.0155913596429
			53.2447576409791	-46.0155913596429
			53.2014692201328	-46.0155913596429
			53.1581807992865	-46.0155913596429
			53.1148923784401	-46.0155913596429
			53.0716039575938	-46.0155913596429
			53.0283155367475	-46.0155913596429
			52.9850271159012	-46.0155913596429
			52.9417386950548	-46.0155913596429
			52.8984502742085	-46.0155913596429
			52.8551618533622	-46.0155913596429
			52.8118734325159	-46.0155913596429
			52.7685850116695	-46.0155913596429
			52.7252965908232	-46.0155913596429
			52.6820081699769	-46.0155913596429
			52.6387197491306	-46.0155913596429
			52.5954313282842	-46.0155913596429
			52.5521429074379	-46.0155913596429
			52.5088544865916	-46.0155913596429
			52.4655660657453	-46.0155913596429
			52.4222776448989	-46.0155913596429
			52.3789892240526	-46.0155913596429
			52.3357008032063	-46.0155913596429
			52.29241238236	-46.0155913596429
			52.2491239615137	-46.0155913596429
			52.2058355406673	-46.0155913596429
			52.162547119821	-46.0155913596429
			52.1192586989747	-46.0155913596429
			52.0759702781284	-46.0155913596429
			52.032681857282	-46.0155913596429
			51.9893934364357	-46.0155913596429
			51.9461050155894	-46.0155913596429
			51.9028165947431	-46.0155913596429
			51.8595281738967	-46.0155913596429
			51.8162397530504	-46.0155913596429
			51.7729513322041	-46.0155913596429
			51.7296629113578	-46.0155913596429
			51.6863744905114	-46.0155913596429
			51.6430860696651	-46.0155913596429
			51.5997976488188	-46.0155913596429
			51.5565092279725	-46.0155913596429
			51.5132208071261	-46.0155913596429
			51.4699323862798	-46.0155913596429
			51.4266439654335	-46.0155913596429
			51.3833555445872	-46.0155913596429
			51.3400671237408	-46.0155913596429
			51.2967787028945	-46.0155913596429
			51.2534902820482	-46.0155913596429
			51.2102018612019	-46.0155913596429
			51.1669134403555	-46.0155913596429
			51.1236250195092	-46.0155913596429
			51.0803365986629	-46.0155913596429
			51.0370481778166	-46.0155913596429
			50.9937597569702	-46.0155913596429
			50.9504713361239	-46.0155913596429
			50.9071829152776	-46.0155913596429
			50.8638944944313	-46.0155913596429
			50.8206060735849	-46.0155913596429
			50.7773176527386	-46.0155913596429
			50.7340292318923	-46.0155913596429
			50.690740811046	-46.0155913596429
			50.6474523901996	-46.0155913596429
			50.6041639693533	-46.0155913596429
			50.560875548507	-46.0155913596429
			50.5175871276607	-46.0155913596429
			50.4742987068143	-46.0155913596429
			50.431010285968	-46.0155913596429
			50.3877218651217	-46.0155913596429
			50.3444334442754	-46.0155913596429
			50.3011450234291	-46.0155913596429
			50.2578566025827	-46.0155913596429
			50.2145681817364	-46.0155913596429
			50.1712797608901	-46.0155913596429
			50.1279913400437	-46.0155913596429
			50.0847029191974	-46.0155913596429
			50.0414144983511	-46.0155913596429
			49.9981260775048	-46.0155913596429
			49.9548376566585	-46.0155913596429
			49.9115492358121	-46.0155913596429
			49.8682608149658	-46.0155913596429
			49.8249723941195	-46.0155913596429
			49.7816839732732	-46.0155913596429
			49.7383955524268	-46.0155913596429
			49.6951071315805	-46.0155913596429
			49.6518187107342	-46.0155913596429
			49.6085302898879	-46.0155913596429
			49.5652418690415	-46.0155913596429
			49.5219534481952	-46.0155913596429
			49.4786650273489	-46.0155913596429
			49.4353766065026	-46.0155913596429
			49.3920881856562	-46.0155913596429
			49.3487997648099	-46.0155913596429
			49.3055113439636	-46.0155913596429
			49.2622229231173	-46.0155913596429
			49.2189345022709	-46.0155913596429
			49.1756460814246	-46.0155913596429
			49.1323576605783	-46.0155913596429
			49.089069239732	-46.0155913596429
			49.0457808188856	-46.0155913596429
			49.0024923980393	-45.9723029387966
			48.959203977193	-45.9723029387966
			48.9159155563467	-45.9723029387966
			48.8726271355003	-45.9723029387966
			48.829338714654	-45.9723029387966
			48.7860502938077	-45.9723029387966
			48.7427618729614	-45.9723029387966
			48.699473452115	-45.9723029387966
			48.6561850312687	-45.9723029387966
			48.6128966104224	-45.9723029387966
			48.5696081895761	-45.9723029387966
			48.5263197687297	-45.9723029387966
			48.4830313478834	-45.9723029387966
			48.4397429270371	-45.9723029387966
			48.3964545061908	-45.9723029387966
			48.3531660853444	-45.9723029387966
			48.3098776644981	-45.9723029387966
			48.2665892436518	-45.9723029387966
			48.2233008228055	-45.9723029387966
			48.1800124019592	-45.9723029387966
			48.1367239811128	-45.9723029387966
			48.0934355602665	-45.9723029387966
			48.0501471394202	-45.9723029387966
			48.0068587185739	-45.9723029387966
			47.9635702977275	-45.9290145179503
			47.9202818768812	-45.9290145179503
			47.8769934560349	-45.9290145179503
			47.8337050351886	-45.9290145179503
			47.7904166143422	-45.9290145179503
			47.7471281934959	-45.9290145179503
			47.7038397726496	-45.9290145179503
			47.6605513518033	-45.9290145179503
			47.6172629309569	-45.9290145179503
			47.5739745101106	-45.9290145179503
			47.5306860892643	-45.9290145179503
			47.487397668418	-45.9290145179503
			47.4441092475716	-45.9290145179503
			47.4008208267253	-45.9290145179503
			47.357532405879	-45.9290145179503
			47.3142439850327	-45.9290145179503
			47.2709555641863	-45.9290145179503
			47.22766714334	-45.885726097104
			47.1843787224937	-45.885726097104
			47.1410903016474	-45.885726097104
			47.097801880801	-45.885726097104
			47.0545134599547	-45.885726097104
			47.0112250391084	-45.885726097104
			46.9679366182621	-45.885726097104
			46.9246481974157	-45.885726097104
			46.8813597765694	-45.885726097104
			46.8380713557231	-45.885726097104
			46.7947829348768	-45.885726097104
			46.7514945140304	-45.885726097104
			46.7082060931841	-45.885726097104
			46.6649176723378	-45.885726097104
			46.6216292514915	-45.885726097104
			46.5783408306451	-45.8424376762576
			46.5350524097988	-45.8424376762576
			46.4917639889525	-45.8424376762576
			46.4484755681062	-45.8424376762576
			46.4051871472598	-45.8424376762576
			46.3618987264135	-45.8424376762576
			46.3186103055672	-45.8424376762576
			46.2753218847209	-45.8424376762576
			46.2320334638746	-45.8424376762576
			46.1887450430282	-45.8424376762576
			46.1454566221819	-45.8424376762576
			46.1021682013356	-45.7991492554113
			46.0588797804892	-45.7991492554113
			46.0155913596429	-45.7991492554113
			45.9723029387966	-45.7991492554113
			45.9290145179503	-45.7991492554113
			45.885726097104	-45.7991492554113
			45.8424376762576	-45.7991492554113
			45.7991492554113	-45.7991492554113
			45.755860834565	-45.7991492554113
			45.7125724137187	-45.7991492554113
			45.6692839928723	-45.7991492554113
			45.625995572026	-45.755860834565
			45.5827071511797	-45.755860834565
			45.5394187303334	-45.755860834565
			45.496130309487	-45.755860834565
			45.4528418886407	-45.755860834565
			45.4095534677944	-45.755860834565
			45.3662650469481	-45.755860834565
			45.3229766261017	-45.755860834565
			45.2796882052554	-45.755860834565
			45.2363997844091	-45.755860834565
			45.1931113635628	-45.755860834565
			45.1498229427164	-45.755860834565
			45.1065345218701	-45.755860834565
			45.0632461010238	-45.755860834565
			45.0199576801775	-45.7125724137187
			44.9766692593311	-45.7125724137187
			44.9333808384848	-45.7125724137187
			44.8900924176385	-45.7125724137187
			44.8468039967922	-45.7125724137187
			44.8035155759458	-45.7125724137187
			44.7602271550995	-45.7125724137187
			44.7169387342532	-45.7125724137187
			44.6736503134069	-45.7125724137187
			44.6303618925605	-45.7125724137187
			44.5870734717142	-45.7125724137187
			44.5437850508679	-45.7125724137187
			44.5004966300216	-45.7125724137187
			44.4572082091752	-45.755860834565
			44.4139197883289	-45.755860834565
			44.3706313674826	-45.755860834565
			44.3273429466363	-45.755860834565
			44.2840545257899	-45.755860834565
			44.2407661049436	-45.755860834565
			44.1974776840973	-45.755860834565
			44.154189263251	-45.755860834565
			44.1109008424046	-45.755860834565
			44.0676124215583	-45.755860834565
			44.024324000712	-45.755860834565
			43.9810355798657	-45.755860834565
			43.9377471590194	-45.755860834565
			43.894458738173	-45.755860834565
			43.8511703173267	-45.755860834565
			43.8078818964804	-45.755860834565
			43.7645934756341	-45.7991492554113
			43.7213050547877	-45.7991492554113
			43.6780166339414	-45.7991492554113
			43.6347282130951	-45.7991492554113
			43.5914397922488	-45.7991492554113
			43.5481513714024	-45.7991492554113
			43.5048629505561	-45.7991492554113
			43.4615745297098	-45.7991492554113
			43.4182861088635	-45.8424376762576
			43.3749976880171	-45.8424376762576
			43.3317092671708	-45.8424376762576
			43.2884208463245	-45.8424376762576
			43.2451324254782	-45.8424376762576
			43.2018440046318	-45.8424376762576
			43.1585555837855	-45.8424376762576
			43.1152671629392	-45.885726097104
			43.0719787420929	-45.885726097104
			43.0286903212465	-45.885726097104
			42.9854019004002	-45.885726097104
			42.9421134795539	-45.885726097104
			42.8988250587076	-45.885726097104
			42.8988250587076	-45.9290145179503
			42.8555366378612	-45.9290145179503
			42.8122482170149	-45.9290145179503
			42.7689597961686	-45.9290145179503
			42.7256713753223	-45.9290145179503
			42.6823829544759	-45.9723029387966
			42.6390945336296	-45.9723029387966
			42.5958061127833	-45.9723029387966
			42.552517691937	-45.9723029387966
			42.5092292710906	-45.9723029387966
			42.4659408502443	-46.0155913596429
			42.422652429398	-46.0155913596429
			42.3793640085517	-46.0155913596429
			42.3360755877053	-46.0155913596429
			42.292787166859	-46.0588797804892
			42.2494987460127	-46.0588797804892
			42.2062103251664	-46.0588797804892
			42.1629219043201	-46.0588797804892
			42.1196334834737	-46.1021682013356
			42.0763450626274	-46.1021682013356
			42.0330566417811	-46.1021682013356
			41.9897682209347	-46.1021682013356
			41.9464798000884	-46.1454566221819
			41.9031913792421	-46.1454566221819
		</c2>
	</curves.scaled>
	<ruler.points type=matrix rownames=TRUE colnames=FALSE nrow=2 ncol=2 as.numeric=TRUE >
		Ruler point 1	2025	278
		Ruler point 2	2256	280
	</ruler.points>
</shapes>

