<shapes type=list>
	<ruler.pixel type=vector names=FALSE length=1 as.numeric=TRUE >229.002183395705</ruler.pixel>
	<ruler.interval type=vector names=FALSE length=1 as.numeric=TRUE >10</ruler.interval>
	<scaling.units type=vector names=FALSE length=1 as.numeric=FALSE >undefined</scaling.units>
	<scaling type=vector names=FALSE length=1 as.numeric=TRUE >0.0436677059219146</scaling>
	<landmarks.pixel type=matrix rownames=TRUE colnames=FALSE nrow=2 ncol=2 as.numeric=TRUE >
		LM1	901	983
		LM2	1981	1005
	</landmarks.pixel>
	<landmarks.scaled type=matrix rownames=TRUE colnames=FALSE nrow=2 ncol=2 as.numeric=TRUE >
		LM1	39.3446030356451	-42.9253549212421
		LM2	86.5057254313129	-43.8860444515242
	</landmarks.scaled>
	<curves.control type=list>
		<c1 type=matrix rownames=FALSE colnames=FALSE nrow=15 ncol=2 as.numeric=TRUE >
			901	983
			934	933
			971	900
			1023	820
			1051	803
			1134	712
			1216	680
			1365	582
			1509	566
			1611	546
			1703	594
			1734	602
			1792	692
			1917	812
			1981	1005
		</c1>
		<c2 type=matrix rownames=FALSE colnames=FALSE nrow=15 ncol=2 as.numeric=TRUE >
			1981	1005
			1938	983
			1829	961
			1762	952
			1720	936
			1665	940
			1626	937
			1575	950
			1485	932
			1342	944
			1191	941
			1168	951
			989	961
			925	964
			901	983
		</c2>
	</curves.control>
	<curves.pixel type=list>
		<c1 type=matrix rownames=FALSE colnames=FALSE nrow=1309 ncol=2 as.numeric=TRUE >
			901	983
			902	982
			902	981
			903	980
			904	979
			904	978
			905	977
			905	976
			906	975
			907	975
			907	974
			908	973
			909	972
			909	971
			910	970
			911	969
			911	968
			912	967
			912	966
			913	965
			914	964
			915	963
			916	962
			917	961
			917	960
			918	959
			918	958
			919	958
			919	957
			920	956
			921	955
			922	954
			923	953
			923	952
			924	951
			924	950
			925	950
			925	949
			926	948
			927	948
			927	947
			928	946
			928	945
			929	945
			929	944
			930	943
			931	943
			931	942
			932	941
			933	940
			934	939
			934	938
			935	937
			936	937
			936	936
			937	935
			938	934
			938	933
			939	932
			940	932
			941	931
			941	930
			942	929
			943	928
			944	927
			945	926
			946	925
			947	924
			947	923
			948	922
			949	921
			950	920
			951	920
			952	919
			953	918
			953	917
			954	916
			955	915
			956	914
			957	913
			958	913
			959	912
			959	911
			960	910
			961	909
			962	908
			963	907
			964	907
			965	906
			966	905
			966	904
			967	903
			968	903
			969	902
			970	901
			971	900
			972	899
			972	898
			973	897
			974	896
			975	895
			975	894
			976	893
			976	892
			977	891
			978	890
			978	889
			979	888
			980	887
			980	886
			981	885
			981	884
			982	883
			983	882
			984	881
			985	880
			985	879
			986	878
			986	877
			987	876
			988	875
			989	874
			989	873
			990	872
			990	871
			991	870
			992	869
			993	868
			994	867
			994	866
			995	865
			995	864
			996	863
			997	862
			998	861
			998	860
			999	859
			1000	858
			1001	857
			1001	856
			1002	855
			1003	854
			1003	853
			1004	852
			1005	852
			1005	851
			1006	850
			1007	849
			1007	848
			1008	847
			1009	846
			1010	845
			1011	844
			1011	843
			1012	842
			1013	841
			1014	840
			1014	839
			1015	838
			1016	837
			1017	836
			1017	835
			1018	834
			1019	834
			1020	833
			1020	832
			1021	831
			1022	830
			1022	829
			1023	829
			1024	828
			1025	827
			1025	826
			1026	825
			1027	825
			1027	824
			1028	823
			1029	822
			1030	821
			1031	820
			1032	819
			1033	818
			1034	817
			1035	816
			1036	815
			1037	814
			1038	813
			1039	812
			1040	812
			1040	811
			1041	810
			1042	810
			1043	809
			1044	808
			1045	807
			1046	806
			1047	806
			1048	805
			1049	804
			1050	804
			1051	803
			1052	802
			1053	801
			1054	800
			1055	799
			1056	798
			1057	797
			1058	796
			1059	795
			1060	794
			1061	793
			1061	792
			1062	791
			1063	790
			1064	789
			1065	788
			1066	787
			1067	786
			1068	785
			1069	784
			1070	783
			1071	782
			1072	781
			1073	780
			1074	779
			1075	778
			1076	777
			1077	776
			1078	775
			1079	774
			1080	773
			1081	772
			1082	771
			1083	770
			1084	769
			1085	768
			1086	767
			1087	767
			1087	766
			1088	765
			1089	764
			1090	764
			1091	763
			1092	762
			1092	761
			1093	761
			1094	760
			1095	759
			1096	758
			1097	757
			1098	756
			1099	755
			1100	754
			1101	753
			1102	752
			1103	752
			1104	751
			1105	750
			1106	749
			1107	748
			1108	747
			1109	746
			1110	746
			1111	745
			1112	744
			1113	743
			1114	742
			1115	742
			1116	741
			1117	740
			1118	739
			1119	738
			1120	738
			1121	737
			1122	736
			1123	735
			1124	734
			1125	734
			1126	733
			1127	732
			1128	731
			1129	731
			1130	730
			1131	729
			1132	728
			1133	728
			1134	727
			1135	726
			1136	725
			1137	725
			1137	724
			1138	723
			1139	723
			1140	722
			1141	721
			1142	720
			1143	720
			1144	719
			1145	718
			1146	718
			1147	717
			1148	716
			1149	716
			1150	715
			1151	714
			1152	714
			1153	713
			1154	712
			1155	712
			1156	711
			1157	711
			1158	710
			1159	709
			1160	709
			1161	708
			1162	707
			1163	707
			1164	706
			1165	706
			1166	705
			1167	704
			1168	704
			1169	703
			1170	703
			1171	702
			1172	702
			1173	701
			1174	700
			1175	700
			1176	699
			1177	699
			1178	698
			1179	698
			1180	697
			1181	697
			1182	696
			1183	695
			1184	695
			1185	694
			1186	694
			1187	693
			1188	692
			1189	692
			1190	692
			1191	691
			1192	691
			1193	690
			1194	690
			1195	689
			1196	689
			1197	688
			1198	688
			1199	687
			1200	687
			1201	686
			1202	686
			1203	685
			1204	685
			1205	684
			1206	684
			1207	684
			1208	683
			1209	683
			1210	682
			1211	682
			1212	681
			1213	681
			1214	681
			1215	680
			1216	680
			1217	680
			1218	679
			1219	678
			1220	677
			1221	677
			1222	676
			1223	675
			1224	675
			1225	674
			1226	673
			1227	673
			1228	672
			1229	672
			1230	671
			1231	670
			1232	670
			1233	669
			1234	669
			1234	668
			1235	668
			1236	667
			1237	667
			1238	666
			1239	665
			1240	665
			1241	664
			1242	664
			1243	663
			1244	662
			1245	662
			1246	661
			1247	661
			1248	660
			1249	659
			1250	659
			1251	658
			1252	657
			1253	657
			1254	656
			1255	656
			1256	655
			1257	655
			1258	654
			1259	653
			1260	653
			1261	652
			1262	652
			1263	651
			1264	650
			1265	650
			1266	649
			1267	649
			1268	648
			1269	648
			1270	647
			1271	647
			1272	646
			1273	645
			1274	645
			1275	644
			1276	644
			1277	643
			1278	643
			1279	642
			1280	642
			1281	641
			1282	641
			1283	640
			1284	640
			1285	639
			1286	638
			1287	638
			1288	637
			1289	637
			1290	636
			1291	636
			1292	635
			1293	635
			1294	634
			1295	634
			1295	633
			1296	633
			1297	632
			1298	632
			1299	631
			1300	631
			1301	630
			1302	630
			1303	629
			1304	629
			1305	628
			1306	628
			1307	627
			1308	627
			1309	627
			1310	626
			1311	626
			1312	625
			1313	625
			1314	624
			1315	624
			1316	623
			1317	623
			1318	622
			1319	622
			1320	621
			1321	621
			1322	620
			1323	620
			1324	620
			1325	619
			1326	619
			1327	618
			1328	618
			1329	617
			1330	617
			1331	616
			1332	616
			1333	616
			1334	615
			1335	614
			1336	614
			1337	614
			1338	613
			1339	613
			1340	612
			1341	612
			1342	611
			1343	611
			1344	611
			1345	610
			1346	610
			1347	609
			1348	609
			1349	608
			1350	608
			1351	607
			1352	607
			1353	607
			1354	606
			1355	606
			1356	605
			1357	605
			1358	605
			1359	604
			1360	604
			1361	603
			1362	603
			1363	603
			1364	602
			1365	602
			1366	601
			1367	601
			1368	601
			1369	600
			1370	600
			1371	600
			1372	599
			1373	599
			1374	598
			1375	598
			1376	598
			1377	597
			1378	597
			1379	597
			1380	596
			1381	596
			1382	596
			1383	595
			1384	595
			1385	594
			1386	594
			1387	594
			1388	593
			1389	593
			1390	593
			1391	592
			1392	592
			1393	592
			1394	591
			1395	591
			1396	591
			1397	590
			1398	590
			1399	590
			1400	589
			1401	589
			1402	589
			1403	589
			1404	588
			1405	588
			1406	588
			1407	587
			1408	587
			1409	587
			1410	586
			1411	586
			1412	586
			1413	585
			1414	585
			1415	585
			1416	585
			1417	584
			1418	584
			1419	584
			1420	583
			1421	583
			1422	583
			1423	583
			1424	582
			1425	582
			1426	582
			1427	582
			1428	581
			1429	581
			1430	581
			1431	580
			1432	580
			1433	580
			1434	580
			1435	579
			1436	579
			1437	579
			1438	579
			1439	578
			1440	578
			1441	578
			1442	578
			1443	577
			1444	577
			1445	577
			1446	577
			1447	577
			1448	576
			1449	576
			1450	576
			1451	576
			1452	575
			1453	575
			1454	575
			1455	575
			1456	575
			1457	574
			1458	574
			1459	574
			1460	574
			1461	574
			1462	573
			1463	573
			1464	573
			1465	573
			1466	573
			1467	572
			1468	572
			1469	572
			1470	572
			1471	572
			1472	571
			1473	571
			1474	571
			1475	571
			1476	571
			1477	571
			1478	570
			1479	570
			1480	570
			1481	570
			1482	570
			1483	570
			1484	569
			1485	569
			1486	569
			1487	569
			1488	569
			1489	569
			1490	568
			1491	568
			1492	568
			1493	568
			1494	568
			1495	568
			1496	568
			1497	567
			1498	567
			1499	567
			1500	567
			1501	567
			1502	567
			1503	567
			1504	567
			1505	566
			1506	566
			1507	566
			1508	566
			1509	566
			1510	566
			1511	566
			1512	565
			1513	565
			1514	565
			1515	565
			1516	565
			1517	565
			1517	564
			1518	564
			1519	564
			1520	564
			1521	564
			1522	564
			1523	564
			1524	563
			1525	563
			1526	563
			1527	563
			1528	563
			1529	563
			1530	563
			1531	562
			1532	562
			1533	562
			1534	562
			1535	562
			1536	562
			1537	562
			1538	562
			1539	562
			1540	561
			1541	561
			1542	561
			1543	561
			1544	561
			1545	561
			1546	561
			1547	561
			1548	561
			1549	561
			1550	561
			1551	561
			1552	561
			1553	561
			1554	560
			1555	560
			1556	560
			1557	560
			1558	560
			1559	560
			1560	560
			1561	560
			1562	560
			1563	560
			1564	560
			1565	560
			1566	560
			1567	560
			1568	560
			1569	560
			1570	560
			1571	560
			1572	560
			1573	560
			1574	560
			1575	560
			1576	560
			1577	560
			1578	560
			1579	560
			1580	560
			1581	560
			1582	560
			1583	560
			1583	561
			1584	561
			1585	561
			1586	561
			1587	561
			1588	561
			1589	561
			1590	561
			1591	561
			1592	561
			1593	561
			1594	561
			1595	561
			1596	561
			1597	562
			1598	562
			1599	562
			1600	562
			1601	562
			1602	562
			1603	562
			1604	562
			1605	562
			1606	563
			1607	563
			1608	563
			1609	563
			1610	563
			1611	563
			1612	564
			1613	564
			1614	564
			1615	564
			1616	564
			1617	564
			1618	565
			1619	565
			1620	565
			1621	565
			1622	565
			1623	566
			1624	566
			1625	566
			1626	566
			1627	566
			1628	567
			1629	567
			1630	567
			1631	567
			1632	567
			1633	568
			1634	568
			1635	568
			1636	568
			1637	569
			1638	569
			1639	569
			1640	569
			1641	570
			1642	570
			1643	570
			1644	570
			1645	571
			1646	571
			1647	571
			1648	572
			1649	572
			1650	572
			1651	572
			1652	573
			1653	573
			1654	573
			1654	574
			1655	574
			1656	574
			1657	575
			1658	575
			1659	575
			1660	576
			1661	576
			1662	576
			1663	577
			1664	577
			1665	577
			1666	578
			1667	578
			1668	578
			1669	579
			1670	579
			1671	579
			1672	580
			1673	580
			1674	581
			1675	581
			1676	581
			1677	582
			1678	582
			1679	583
			1680	583
			1681	584
			1682	584
			1683	584
			1683	585
			1684	585
			1685	585
			1686	586
			1687	586
			1688	587
			1689	587
			1690	588
			1691	588
			1692	588
			1692	589
			1693	589
			1694	589
			1695	590
			1696	590
			1696	591
			1697	591
			1698	592
			1699	592
			1700	592
			1701	593
			1702	594
			1703	594
			1704	594
			1705	595
			1706	595
			1707	595
			1708	596
			1709	596
			1710	597
			1711	597
			1712	598
			1713	598
			1714	599
			1715	599
			1716	600
			1717	601
			1718	602
			1719	602
			1720	603
			1721	604
			1722	605
			1723	605
			1724	606
			1725	607
			1726	608
			1727	609
			1728	610
			1729	611
			1730	611
			1730	612
			1731	613
			1732	613
			1732	614
			1733	614
			1734	615
			1734	616
			1735	616
			1736	617
			1736	618
			1737	619
			1738	619
			1739	620
			1739	621
			1740	622
			1741	622
			1741	623
			1742	624
			1743	625
			1743	626
			1744	626
			1745	627
			1746	628
			1746	629
			1747	630
			1748	631
			1749	632
			1750	633
			1751	634
			1752	635
			1752	636
			1753	636
			1753	637
			1754	638
			1755	639
			1755	640
			1756	641
			1757	642
			1758	643
			1759	644
			1760	645
			1760	646
			1761	647
			1762	648
			1763	649
			1763	650
			1764	651
			1764	652
			1765	653
			1766	653
			1766	654
			1767	655
			1768	656
			1768	657
			1769	658
			1769	659
			1770	659
			1771	660
			1771	661
			1772	662
			1773	663
			1773	664
			1774	665
			1774	666
			1775	667
			1776	668
			1777	669
			1777	670
			1778	671
			1779	672
			1780	673
			1780	674
			1781	675
			1781	676
			1782	677
			1783	678
			1783	679
			1784	679
			1784	680
			1785	681
			1785	682
			1786	683
			1787	684
			1787	685
			1788	686
			1789	687
			1790	688
			1790	689
			1791	690
			1791	691
			1792	691
			1792	692
			1793	693
			1794	694
			1795	695
			1796	696
			1797	697
			1798	698
			1799	698
			1799	699
			1800	700
			1801	701
			1802	702
			1803	703
			1804	704
			1805	705
			1806	706
			1807	707
			1808	707
			1808	708
			1809	709
			1810	710
			1811	711
			1812	712
			1813	713
			1814	714
			1815	715
			1816	716
			1816	717
			1817	718
			1818	719
			1819	720
			1820	721
			1821	721
			1822	722
			1823	723
			1823	724
			1824	725
			1825	726
			1826	727
			1827	728
			1828	729
			1829	730
			1829	731
			1830	732
			1831	733
			1832	734
			1833	735
			1834	736
			1834	737
			1835	738
			1836	739
			1837	740
			1838	741
			1839	742
			1839	743
			1840	744
			1841	745
			1842	746
			1843	747
			1844	748
			1844	749
			1845	750
			1846	751
			1847	752
			1848	753
			1849	754
			1849	755
			1850	756
			1851	757
			1852	758
			1853	759
			1853	760
			1854	761
			1855	762
			1856	763
			1857	764
			1857	765
			1858	766
			1859	767
			1860	768
			1861	769
			1861	770
			1862	771
			1863	772
			1864	773
			1864	774
			1865	775
			1865	776
			1866	776
			1866	777
			1867	778
			1868	779
			1869	780
			1870	781
			1870	782
			1871	783
			1871	784
			1872	785
			1873	786
			1874	787
			1874	788
			1875	789
			1875	790
			1876	791
			1877	792
			1877	793
			1878	794
			1879	795
			1880	796
			1880	797
			1881	798
			1882	799
			1882	800
			1883	801
			1884	802
			1885	803
			1885	804
			1886	805
			1887	806
			1887	807
			1888	808
			1889	809
			1889	810
			1890	811
			1891	812
			1891	813
			1892	814
			1892	815
			1893	816
			1894	817
			1894	818
			1895	819
			1896	820
			1896	821
			1897	822
			1898	823
			1898	824
			1899	825
			1899	826
			1900	827
			1900	828
			1901	829
			1902	830
			1902	831
			1903	832
			1904	833
			1904	834
			1904	835
			1905	835
			1905	836
			1906	837
			1906	838
			1907	838
			1907	839
			1907	840
			1908	841
			1909	842
			1909	843
			1910	844
			1910	845
			1911	846
			1911	847
			1912	848
			1912	849
			1913	849
			1914	850
			1914	851
			1915	852
			1915	853
			1916	854
			1916	855
			1917	856
			1917	857
			1918	858
			1918	859
			1919	860
			1919	861
			1920	862
			1921	863
			1921	864
			1921	865
			1922	865
			1922	866
			1922	867
			1923	867
			1923	868
			1924	869
			1924	870
			1925	871
			1925	872
			1926	873
			1926	874
			1927	875
			1927	876
			1928	877
			1928	878
			1929	879
			1929	880
			1930	881
			1930	882
			1931	883
			1931	884
			1932	885
			1932	886
			1933	887
			1933	888
			1934	889
			1934	890
			1935	891
			1935	892
			1936	893
			1936	894
			1937	895
			1937	896
			1938	897
			1938	898
			1939	899
			1939	900
			1940	901
			1940	902
			1941	903
			1941	904
			1942	905
			1942	906
			1943	907
			1943	908
			1944	909
			1944	910
			1944	911
			1945	912
			1945	913
			1946	914
			1946	915
			1947	916
			1947	917
			1947	918
			1948	918
			1948	919
			1948	920
			1949	921
			1949	922
			1950	923
			1950	924
			1950	925
			1951	926
			1951	927
			1952	928
			1952	929
			1953	930
			1953	931
			1954	932
			1954	933
			1954	934
			1955	935
			1955	936
			1956	937
			1956	938
			1956	939
			1957	939
			1957	940
			1957	941
			1958	942
			1958	943
			1959	944
			1959	945
			1959	946
			1960	947
			1960	948
			1961	949
			1961	950
			1961	951
			1962	952
			1962	953
			1962	954
			1963	955
			1963	956
			1964	957
			1964	958
			1964	959
			1965	960
			1965	961
			1965	962
			1966	963
			1966	964
			1967	965
			1967	966
			1968	967
			1968	968
			1968	969
			1969	970
			1969	971
			1970	972
			1970	973
			1970	974
			1970	975
			1971	976
			1971	977
			1972	978
			1972	979
			1972	980
			1973	981
			1973	982
			1974	983
			1974	984
			1974	985
			1974	986
			1975	986
			1975	987
			1975	988
			1975	989
			1976	990
			1976	991
			1977	992
			1977	993
			1977	994
			1978	995
			1978	996
			1978	997
			1979	998
			1979	999
			1979	1000
			1980	1001
			1980	1002
			1980	1003
			1981	1004
			1981	1005
		</c1>
		<c2 type=matrix rownames=FALSE colnames=FALSE nrow=1090 ncol=2 as.numeric=TRUE >
			1981	1005
			1980	1005
			1980	1004
			1979	1004
			1978	1004
			1977	1003
			1976	1002
			1975	1002
			1974	1002
			1973	1001
			1972	1001
			1971	1000
			1970	1000
			1969	999
			1968	999
			1967	999
			1966	998
			1965	998
			1964	997
			1963	997
			1962	997
			1961	996
			1960	996
			1959	995
			1958	995
			1957	995
			1956	994
			1955	994
			1954	993
			1953	993
			1952	993
			1951	992
			1950	992
			1949	992
			1948	991
			1947	991
			1946	991
			1945	990
			1944	990
			1943	990
			1942	989
			1941	989
			1940	989
			1939	988
			1938	988
			1937	988
			1936	987
			1935	987
			1934	987
			1933	987
			1932	986
			1931	986
			1930	985
			1929	985
			1928	985
			1927	985
			1926	984
			1925	984
			1924	984
			1923	983
			1922	983
			1921	983
			1920	983
			1919	982
			1918	982
			1917	982
			1916	981
			1915	981
			1914	981
			1913	981
			1912	980
			1911	980
			1910	980
			1909	980
			1908	979
			1907	979
			1906	979
			1905	978
			1904	978
			1903	978
			1902	978
			1901	977
			1900	977
			1899	977
			1898	977
			1897	976
			1896	976
			1895	976
			1894	976
			1893	975
			1892	975
			1891	975
			1890	975
			1889	974
			1888	974
			1887	974
			1886	974
			1885	973
			1884	973
			1883	973
			1882	973
			1881	972
			1880	972
			1879	972
			1878	972
			1877	971
			1876	971
			1875	971
			1874	971
			1873	970
			1872	970
			1871	970
			1870	970
			1869	970
			1868	969
			1867	969
			1866	969
			1865	969
			1864	968
			1863	968
			1862	968
			1861	968
			1860	968
			1859	967
			1858	967
			1857	967
			1856	967
			1855	966
			1854	966
			1853	966
			1852	966
			1851	966
			1850	965
			1849	965
			1848	965
			1847	965
			1846	965
			1845	964
			1844	964
			1843	964
			1842	964
			1841	963
			1840	963
			1839	963
			1838	963
			1837	963
			1836	962
			1835	962
			1834	962
			1833	962
			1832	962
			1831	961
			1830	961
			1829	961
			1828	961
			1827	961
			1826	961
			1825	960
			1824	960
			1823	960
			1822	960
			1821	960
			1820	960
			1819	960
			1818	959
			1817	959
			1816	959
			1815	959
			1814	959
			1813	959
			1812	959
			1811	958
			1810	958
			1809	958
			1808	958
			1807	958
			1806	958
			1805	957
			1804	957
			1803	957
			1802	957
			1801	957
			1800	957
			1799	956
			1798	956
			1797	956
			1796	956
			1795	956
			1794	955
			1793	955
			1792	955
			1791	955
			1790	955
			1789	955
			1788	954
			1787	954
			1786	954
			1785	954
			1784	954
			1783	953
			1782	953
			1781	953
			1780	953
			1779	953
			1778	952
			1777	952
			1776	952
			1775	952
			1774	952
			1773	951
			1772	951
			1771	951
			1770	951
			1769	950
			1768	950
			1767	950
			1766	950
			1765	949
			1764	949
			1763	949
			1762	949
			1761	949
			1761	948
			1760	948
			1759	948
			1758	948
			1757	948
			1756	947
			1755	947
			1754	947
			1753	946
			1752	946
			1751	946
			1750	946
			1749	945
			1748	945
			1747	945
			1746	945
			1745	944
			1744	944
			1743	944
			1742	943
			1741	943
			1740	943
			1739	942
			1738	942
			1737	942
			1736	942
			1735	941
			1734	941
			1733	941
			1732	940
			1731	940
			1730	940
			1729	939
			1728	939
			1727	938
			1726	938
			1725	938
			1724	938
			1724	937
			1723	937
			1722	937
			1721	936
			1720	936
			1719	936
			1718	936
			1717	936
			1716	936
			1715	936
			1714	936
			1713	936
			1712	937
			1711	937
			1710	937
			1709	937
			1708	937
			1707	937
			1706	937
			1705	937
			1704	937
			1703	937
			1702	937
			1701	937
			1700	937
			1699	937
			1698	937
			1697	937
			1696	937
			1695	937
			1695	938
			1694	938
			1693	938
			1692	938
			1691	938
			1690	938
			1689	938
			1688	938
			1687	938
			1686	938
			1685	938
			1684	938
			1683	938
			1682	938
			1681	938
			1680	938
			1679	938
			1678	938
			1677	938
			1676	938
			1675	938
			1674	938
			1673	938
			1672	938
			1671	938
			1670	938
			1669	938
			1668	938
			1667	938
			1666	938
			1665	938
			1664	938
			1663	938
			1662	938
			1661	938
			1660	938
			1659	938
			1658	938
			1657	938
			1656	938
			1655	938
			1654	938
			1653	938
			1652	938
			1651	938
			1650	938
			1649	938
			1648	938
			1647	938
			1646	938
			1645	938
			1644	938
			1643	938
			1642	938
			1641	938
			1640	938
			1639	938
			1638	938
			1637	938
			1636	938
			1635	938
			1634	938
			1633	937
			1632	937
			1631	937
			1630	937
			1629	937
			1628	937
			1627	937
			1626	937
			1625	937
			1624	938
			1623	938
			1622	938
			1621	938
			1620	938
			1619	939
			1618	939
			1617	939
			1616	939
			1615	939
			1614	939
			1613	940
			1612	940
			1611	940
			1610	940
			1609	940
			1608	940
			1608	941
			1607	941
			1606	941
			1605	941
			1604	941
			1603	941
			1602	941
			1601	941
			1600	941
			1599	941
			1598	942
			1597	942
			1596	942
			1595	942
			1594	942
			1593	942
			1592	942
			1591	942
			1590	942
			1589	942
			1588	942
			1587	942
			1586	942
			1585	942
			1584	942
			1583	942
			1582	942
			1581	942
			1580	942
			1579	942
			1578	942
			1577	942
			1576	942
			1575	942
			1574	942
			1573	942
			1572	942
			1571	942
			1570	942
			1569	942
			1568	942
			1567	942
			1566	942
			1565	942
			1564	942
			1563	942
			1562	942
			1561	942
			1560	942
			1559	942
			1558	942
			1557	942
			1556	942
			1555	942
			1554	942
			1553	942
			1552	942
			1551	941
			1550	941
			1549	941
			1548	941
			1547	941
			1546	941
			1545	941
			1544	941
			1543	941
			1542	941
			1541	941
			1540	940
			1539	940
			1538	940
			1537	940
			1536	940
			1535	940
			1534	940
			1533	940
			1532	940
			1531	939
			1530	939
			1529	939
			1528	939
			1527	939
			1526	939
			1525	939
			1524	939
			1523	938
			1522	938
			1521	938
			1520	938
			1519	938
			1518	938
			1517	938
			1516	937
			1515	937
			1514	937
			1513	937
			1512	937
			1511	937
			1510	937
			1509	936
			1508	936
			1507	936
			1506	936
			1505	936
			1504	936
			1503	935
			1502	935
			1501	935
			1500	935
			1499	935
			1498	934
			1497	934
			1496	934
			1495	934
			1494	934
			1493	933
			1492	933
			1491	933
			1490	933
			1489	933
			1488	933
			1487	932
			1486	932
			1485	932
			1484	932
			1483	932
			1482	932
			1481	932
			1480	932
			1479	932
			1478	933
			1477	933
			1476	933
			1475	933
			1474	933
			1473	933
			1472	933
			1471	933
			1470	933
			1469	933
			1468	933
			1467	933
			1466	934
			1465	934
			1464	934
			1463	934
			1462	934
			1461	934
			1460	934
			1459	934
			1458	934
			1457	934
			1456	934
			1455	934
			1454	934
			1453	935
			1452	935
			1451	935
			1450	935
			1449	935
			1448	935
			1447	935
			1446	935
			1445	935
			1444	935
			1443	935
			1442	935
			1441	935
			1440	935
			1439	935
			1438	935
			1438	936
			1437	936
			1436	936
			1435	936
			1434	936
			1433	936
			1432	936
			1431	936
			1430	936
			1429	936
			1428	936
			1427	936
			1426	936
			1425	936
			1424	936
			1423	936
			1422	937
			1421	937
			1420	937
			1419	937
			1418	937
			1417	937
			1416	937
			1415	937
			1414	937
			1413	937
			1412	937
			1411	937
			1410	937
			1409	937
			1408	937
			1407	937
			1406	937
			1405	938
			1404	938
			1403	938
			1402	938
			1401	938
			1400	938
			1399	938
			1398	938
			1397	938
			1396	938
			1395	938
			1394	938
			1393	938
			1392	938
			1391	938
			1390	938
			1389	938
			1388	938
			1387	938
			1386	938
			1385	939
			1384	939
			1383	939
			1382	939
			1381	939
			1380	939
			1379	939
			1378	939
			1377	939
			1376	939
			1375	939
			1374	939
			1373	939
			1372	939
			1371	939
			1370	939
			1369	939
			1368	939
			1367	939
			1366	939
			1365	939
			1364	939
			1363	939
			1362	939
			1361	940
			1360	940
			1359	940
			1358	940
			1357	940
			1356	940
			1355	940
			1354	940
			1353	940
			1352	940
			1351	940
			1350	940
			1349	940
			1348	940
			1347	940
			1346	940
			1345	940
			1344	940
			1343	940
			1342	940
			1341	940
			1340	940
			1339	940
			1338	940
			1337	940
			1336	940
			1335	940
			1334	940
			1333	940
			1332	940
			1331	941
			1330	941
			1329	941
			1328	941
			1327	941
			1326	941
			1325	941
			1324	941
			1323	941
			1322	941
			1321	941
			1320	941
			1319	941
			1318	941
			1317	941
			1316	941
			1315	941
			1314	941
			1313	941
			1312	941
			1311	941
			1310	941
			1309	941
			1308	941
			1307	941
			1306	941
			1305	941
			1304	941
			1303	941
			1302	941
			1301	941
			1300	941
			1299	941
			1298	941
			1297	941
			1296	941
			1295	941
			1294	941
			1293	941
			1292	941
			1291	941
			1290	941
			1289	941
			1288	941
			1287	941
			1286	941
			1285	941
			1284	941
			1283	941
			1282	941
			1281	941
			1280	941
			1279	941
			1278	941
			1277	941
			1276	941
			1275	942
			1274	942
			1273	942
			1272	942
			1271	942
			1270	942
			1269	942
			1268	942
			1267	942
			1266	942
			1265	942
			1264	942
			1263	942
			1262	942
			1261	942
			1260	942
			1259	942
			1258	942
			1257	942
			1256	942
			1255	942
			1254	942
			1253	942
			1252	942
			1251	942
			1250	942
			1249	942
			1248	942
			1247	942
			1246	942
			1245	942
			1244	942
			1243	942
			1242	942
			1241	942
			1240	942
			1239	942
			1238	942
			1237	942
			1236	942
			1235	942
			1234	942
			1233	942
			1232	942
			1231	942
			1230	942
			1229	942
			1228	942
			1227	942
			1226	941
			1225	941
			1224	941
			1223	941
			1222	941
			1221	941
			1220	941
			1219	941
			1218	941
			1217	941
			1216	941
			1215	941
			1214	941
			1213	941
			1212	941
			1211	941
			1210	941
			1209	941
			1208	941
			1207	941
			1206	941
			1205	941
			1204	941
			1203	941
			1202	941
			1201	941
			1200	941
			1199	941
			1198	941
			1197	941
			1196	941
			1195	941
			1194	941
			1193	941
			1192	941
			1191	941
			1190	941
			1190	942
			1189	942
			1188	942
			1187	942
			1186	943
			1185	943
			1184	943
			1183	943
			1182	944
			1181	944
			1180	944
			1179	944
			1178	945
			1177	945
			1176	945
			1175	945
			1174	945
			1173	945
			1173	946
			1172	946
			1171	946
			1170	946
			1169	946
			1168	946
			1167	946
			1166	947
			1165	947
			1164	947
			1163	947
			1162	947
			1161	947
			1160	947
			1159	948
			1158	948
			1157	948
			1156	948
			1155	948
			1154	948
			1153	948
			1152	948
			1151	949
			1150	949
			1149	949
			1148	949
			1147	949
			1146	949
			1145	949
			1144	949
			1143	950
			1142	950
			1141	950
			1140	950
			1139	950
			1138	950
			1137	950
			1136	950
			1135	950
			1134	951
			1133	951
			1132	951
			1131	951
			1130	951
			1129	951
			1128	951
			1127	951
			1126	951
			1125	951
			1124	952
			1123	952
			1122	952
			1121	952
			1120	952
			1119	952
			1118	952
			1117	952
			1116	952
			1115	952
			1114	952
			1113	953
			1112	953
			1111	953
			1110	953
			1109	953
			1108	953
			1107	953
			1106	953
			1105	953
			1104	953
			1103	953
			1102	953
			1101	954
			1100	954
			1099	954
			1098	954
			1097	954
			1096	954
			1095	954
			1094	954
			1093	954
			1092	954
			1091	954
			1090	954
			1089	955
			1088	955
			1087	955
			1086	955
			1085	955
			1084	955
			1083	955
			1082	955
			1081	955
			1080	955
			1079	955
			1078	955
			1077	955
			1076	955
			1075	956
			1074	956
			1073	956
			1072	956
			1071	956
			1070	956
			1069	956
			1068	956
			1067	956
			1066	956
			1065	956
			1064	956
			1063	956
			1062	956
			1061	957
			1060	957
			1059	957
			1058	957
			1057	957
			1056	957
			1055	957
			1054	957
			1053	957
			1052	957
			1051	957
			1050	957
			1049	957
			1048	957
			1047	957
			1046	958
			1045	958
			1044	958
			1043	958
			1042	958
			1041	958
			1040	958
			1039	958
			1038	958
			1037	958
			1036	958
			1035	958
			1034	958
			1033	958
			1032	958
			1031	959
			1030	959
			1029	959
			1028	959
			1027	959
			1026	959
			1025	959
			1024	959
			1023	959
			1022	959
			1021	959
			1020	959
			1019	959
			1018	959
			1017	959
			1016	959
			1015	959
			1015	960
			1014	960
			1013	960
			1012	960
			1011	960
			1010	960
			1009	960
			1008	960
			1007	960
			1006	960
			1005	960
			1004	960
			1003	960
			1002	960
			1001	960
			1000	960
			999	960
			998	960
			997	961
			996	961
			995	961
			994	961
			993	961
			992	961
			991	961
			990	961
			989	961
			988	961
			987	961
			986	961
			985	961
			984	961
			983	961
			982	961
			981	961
			980	962
			979	962
			978	962
			977	962
			976	962
			975	962
			974	962
			973	962
			972	962
			971	962
			970	962
			969	962
			968	963
			967	963
			966	963
			965	963
			964	963
			963	963
			962	963
			961	963
			960	963
			959	964
			958	964
			957	964
			956	964
			955	964
			954	964
			953	964
			952	965
			951	965
			950	965
			949	965
			948	965
			947	965
			946	966
			945	966
			944	966
			943	966
			942	966
			941	967
			940	967
			939	967
			938	967
			937	967
			936	968
			935	968
			934	968
			933	969
			932	969
			931	969
			930	969
			929	970
			928	970
			927	970
			926	971
			925	971
			924	971
			923	972
			922	972
			921	972
			920	973
			919	973
			918	973
			917	974
			916	974
			915	975
			914	975
			913	976
			912	976
			911	977
			910	977
			909	978
			908	978
			907	979
			906	980
			905	980
			904	981
			903	982
			902	982
			901	983
		</c2>
	</curves.pixel>
	<curves.scaled type=list>
		<c1 type=matrix rownames=FALSE colnames=FALSE nrow=1309 ncol=2 as.numeric=TRUE >
			39.3446030356451	-42.9253549212421
			39.388270741567	-42.8816872153202
			39.388270741567	-42.8380195093983
			39.4319384474889	-42.7943518034764
			39.4756061534108	-42.7506840975544
			39.4756061534108	-42.7070163916325
			39.5192738593327	-42.6633486857106
			39.5192738593327	-42.6196809797887
			39.5629415652547	-42.5760132738668
			39.6066092711766	-42.5760132738668
			39.6066092711766	-42.5323455679449
			39.6502769770985	-42.4886778620229
			39.6939446830204	-42.445010156101
			39.6939446830204	-42.4013424501791
			39.7376123889423	-42.3576747442572
			39.7812800948642	-42.3140070383353
			39.7812800948642	-42.2703393324134
			39.8249478007862	-42.2266716264915
			39.8249478007862	-42.1830039205695
			39.8686155067081	-42.1393362146476
			39.91228321263	-42.0956685087257
			39.9559509185519	-42.0520008028038
			39.9996186244738	-42.0083330968819
			40.0432863303957	-41.96466539096
			40.0432863303957	-41.9209976850381
			40.0869540363176	-41.8773299791161
			40.0869540363176	-41.8336622731942
			40.1306217422396	-41.8336622731942
			40.1306217422396	-41.7899945672723
			40.1742894481615	-41.7463268613504
			40.2179571540834	-41.7026591554285
			40.2616248600053	-41.6589914495066
			40.3052925659272	-41.6153237435847
			40.3052925659272	-41.5716560376627
			40.3489602718491	-41.5279883317408
			40.3489602718491	-41.4843206258189
			40.392627977771	-41.4843206258189
			40.392627977771	-41.440652919897
			40.436295683693	-41.3969852139751
			40.4799633896149	-41.3969852139751
			40.4799633896149	-41.3533175080532
			40.5236310955368	-41.3096498021313
			40.5236310955368	-41.2659820962093
			40.5672988014587	-41.2659820962093
			40.5672988014587	-41.2223143902874
			40.6109665073806	-41.1786466843655
			40.6546342133025	-41.1786466843655
			40.6546342133025	-41.1349789784436
			40.6983019192244	-41.0913112725217
			40.7419696251464	-41.0476435665998
			40.7856373310683	-41.0039758606778
			40.7856373310683	-40.9603081547559
			40.8293050369902	-40.916640448834
			40.8729727429121	-40.916640448834
			40.8729727429121	-40.8729727429121
			40.916640448834	-40.8293050369902
			40.9603081547559	-40.7856373310683
			40.9603081547559	-40.7419696251464
			41.0039758606778	-40.6983019192244
			41.0476435665998	-40.6983019192244
			41.0913112725217	-40.6546342133025
			41.0913112725217	-40.6109665073806
			41.1349789784436	-40.5672988014587
			41.1786466843655	-40.5236310955368
			41.2223143902874	-40.4799633896149
			41.2659820962093	-40.436295683693
			41.3096498021313	-40.392627977771
			41.3533175080532	-40.3489602718491
			41.3533175080532	-40.3052925659272
			41.3969852139751	-40.2616248600053
			41.440652919897	-40.2179571540834
			41.4843206258189	-40.1742894481615
			41.5279883317408	-40.1742894481615
			41.5716560376627	-40.1306217422396
			41.6153237435847	-40.0869540363176
			41.6153237435847	-40.0432863303957
			41.6589914495066	-39.9996186244738
			41.7026591554285	-39.9559509185519
			41.7463268613504	-39.91228321263
			41.7899945672723	-39.8686155067081
			41.8336622731942	-39.8686155067081
			41.8773299791161	-39.8249478007862
			41.8773299791161	-39.7812800948642
			41.9209976850381	-39.7376123889423
			41.96466539096	-39.6939446830204
			42.0083330968819	-39.6502769770985
			42.0520008028038	-39.6066092711766
			42.0956685087257	-39.6066092711766
			42.1393362146476	-39.5629415652547
			42.1830039205695	-39.5192738593327
			42.1830039205695	-39.4756061534108
			42.2266716264915	-39.4319384474889
			42.2703393324134	-39.4319384474889
			42.3140070383353	-39.388270741567
			42.3576747442572	-39.3446030356451
			42.4013424501791	-39.3009353297232
			42.445010156101	-39.2572676238013
			42.445010156101	-39.2135999178793
			42.4886778620229	-39.1699322119574
			42.5323455679449	-39.1262645060355
			42.5760132738668	-39.0825968001136
			42.5760132738668	-39.0389290941917
			42.6196809797887	-38.9952613882698
			42.6196809797887	-38.9515936823479
			42.6633486857106	-38.907925976426
			42.7070163916325	-38.864258270504
			42.7070163916325	-38.8205905645821
			42.7506840975544	-38.7769228586602
			42.7943518034764	-38.7332551527383
			42.7943518034764	-38.6895874468164
			42.8380195093983	-38.6459197408945
			42.8380195093983	-38.6022520349725
			42.8816872153202	-38.5585843290506
			42.9253549212421	-38.5149166231287
			42.969022627164	-38.4712489172068
			43.0126903330859	-38.4275812112849
			43.0126903330859	-38.383913505363
			43.0563580390078	-38.3402457994411
			43.0563580390078	-38.2965780935191
			43.1000257449298	-38.2529103875972
			43.1436934508517	-38.2092426816753
			43.1873611567736	-38.1655749757534
			43.1873611567736	-38.1219072698315
			43.2310288626955	-38.0782395639096
			43.2310288626955	-38.0345718579877
			43.2746965686174	-37.9909041520657
			43.3183642745393	-37.9472364461438
			43.3620319804612	-37.9035687402219
			43.4056996863832	-37.8599010343
			43.4056996863832	-37.8162333283781
			43.4493673923051	-37.7725656224562
			43.4493673923051	-37.7288979165343
			43.493035098227	-37.6852302106123
			43.5367028041489	-37.6415625046904
			43.5803705100708	-37.5978947987685
			43.5803705100708	-37.5542270928466
			43.6240382159927	-37.5105593869247
			43.6677059219146	-37.4668916810028
			43.7113736278366	-37.4232239750809
			43.7113736278366	-37.3795562691589
			43.7550413337585	-37.335888563237
			43.7987090396804	-37.2922208573151
			43.7987090396804	-37.2485531513932
			43.8423767456023	-37.2048854454713
			43.8860444515242	-37.2048854454713
			43.8860444515242	-37.1612177395494
			43.9297121574461	-37.1175500336274
			43.973379863368	-37.0738823277055
			43.973379863368	-37.0302146217836
			44.01704756929	-36.9865469158617
			44.0607152752119	-36.9428792099398
			44.1043829811338	-36.8992115040179
			44.1480506870557	-36.855543798096
			44.1480506870557	-36.811876092174
			44.1917183929776	-36.7682083862521
			44.2353860988995	-36.7245406803302
			44.2790538048215	-36.6808729744083
			44.2790538048215	-36.6372052684864
			44.3227215107434	-36.5935375625645
			44.3663892166653	-36.5498698566426
			44.4100569225872	-36.5062021507206
			44.4100569225872	-36.4625344447987
			44.4537246285091	-36.4188667388768
			44.497392334431	-36.4188667388768
			44.5410600403529	-36.3751990329549
			44.5410600403529	-36.331531327033
			44.5847277462749	-36.2878636211111
			44.6283954521968	-36.2441959151892
			44.6283954521968	-36.2005282092672
			44.6720631581187	-36.2005282092672
			44.7157308640406	-36.1568605033453
			44.7593985699625	-36.1131927974234
			44.7593985699625	-36.0695250915015
			44.8030662758844	-36.0258573855796
			44.8467339818063	-36.0258573855796
			44.8467339818063	-35.9821896796577
			44.8904016877283	-35.9385219737358
			44.9340693936502	-35.8948542678138
			44.9777370995721	-35.8511865618919
			45.021404805494	-35.80751885597
			45.0650725114159	-35.7638511500481
			45.1087402173378	-35.7201834441262
			45.1524079232597	-35.6765157382043
			45.1960756291817	-35.6328480322823
			45.2397433351036	-35.5891803263604
			45.2834110410255	-35.5455126204385
			45.3270787469474	-35.5018449145166
			45.3707464528693	-35.4581772085947
			45.4144141587912	-35.4581772085947
			45.4144141587912	-35.4145095026728
			45.4580818647131	-35.3708417967509
			45.5017495706351	-35.3708417967509
			45.545417276557	-35.3271740908289
			45.5890849824789	-35.283506384907
			45.6327526884008	-35.2398386789851
			45.6764203943227	-35.1961709730632
			45.7200881002446	-35.1961709730632
			45.7637558061665	-35.1525032671413
			45.8074235120885	-35.1088355612194
			45.8510912180104	-35.1088355612194
			45.8947589239323	-35.0651678552975
			45.9384266298542	-35.0215001493755
			45.9820943357761	-34.9778324434536
			46.025762041698	-34.9341647375317
			46.0694297476199	-34.8904970316098
			46.1130974535419	-34.8468293256879
			46.1567651594638	-34.803161619766
			46.2004328653857	-34.7594939138441
			46.2441005713076	-34.7158262079221
			46.2877682772295	-34.6721585020002
			46.3314359831514	-34.6284907960783
			46.3314359831514	-34.5848230901564
			46.3751036890733	-34.5411553842345
			46.4187713949953	-34.4974876783126
			46.4624391009172	-34.4538199723907
			46.5061068068391	-34.4101522664687
			46.549774512761	-34.3664845605468
			46.5934422186829	-34.3228168546249
			46.6371099246048	-34.279149148703
			46.6807776305268	-34.2354814427811
			46.7244453364487	-34.1918137368592
			46.7681130423706	-34.1481460309372
			46.8117807482925	-34.1044783250153
			46.8554484542144	-34.0608106190934
			46.8991161601363	-34.0171429131715
			46.9427838660582	-33.9734752072496
			46.9864515719802	-33.9298075013277
			47.0301192779021	-33.8861397954058
			47.073786983824	-33.8424720894838
			47.1174546897459	-33.7988043835619
			47.1611223956678	-33.75513667764
			47.2047901015897	-33.7114689717181
			47.2484578075116	-33.6678012657962
			47.2921255134336	-33.6241335598743
			47.3357932193555	-33.5804658539524
			47.3794609252774	-33.5367981480304
			47.4231286311993	-33.4931304421085
			47.4667963371212	-33.4931304421085
			47.4667963371212	-33.4494627361866
			47.5104640430431	-33.4057950302647
			47.554131748965	-33.3621273243428
			47.597799454887	-33.3621273243428
			47.6414671608089	-33.3184596184209
			47.6851348667308	-33.274791912499
			47.6851348667308	-33.231124206577
			47.7288025726527	-33.231124206577
			47.7724702785746	-33.1874565006551
			47.8161379844965	-33.1437887947332
			47.8598056904184	-33.1001210888113
			47.9034733963404	-33.0564533828894
			47.9471411022623	-33.0127856769675
			47.9908088081842	-32.9691179710456
			48.0344765141061	-32.9254502651236
			48.078144220028	-32.8817825592017
			48.1218119259499	-32.8381148532798
			48.1654796318719	-32.8381148532798
			48.2091473377938	-32.7944471473579
			48.2528150437157	-32.750779441436
			48.2964827496376	-32.7071117355141
			48.3401504555595	-32.6634440295922
			48.3838181614814	-32.6197763236702
			48.4274858674033	-32.5761086177483
			48.4711535733253	-32.5761086177483
			48.5148212792472	-32.5324409118264
			48.5584889851691	-32.4887732059045
			48.602156691091	-32.4451054999826
			48.6458243970129	-32.4014377940607
			48.6894921029348	-32.4014377940607
			48.7331598088567	-32.3577700881387
			48.7768275147787	-32.3141023822168
			48.8204952207006	-32.2704346762949
			48.8641629266225	-32.226766970373
			48.9078306325444	-32.226766970373
			48.9514983384663	-32.1830992644511
			48.9951660443882	-32.1394315585292
			49.0388337503101	-32.0957638526073
			49.0825014562321	-32.0520961466854
			49.126169162154	-32.0520961466854
			49.1698368680759	-32.0084284407634
			49.2135045739978	-31.9647607348415
			49.2571722799197	-31.9210930289196
			49.3008399858416	-31.9210930289196
			49.3445076917635	-31.8774253229977
			49.3881753976855	-31.8337576170758
			49.4318431036074	-31.7900899111539
			49.4755108095293	-31.7900899111539
			49.5191785154512	-31.7464222052319
			49.5628462213731	-31.70275449931
			49.606513927295	-31.6590867933881
			49.650181633217	-31.6590867933881
			49.650181633217	-31.6154190874662
			49.6938493391389	-31.5717513815443
			49.7375170450608	-31.5717513815443
			49.7811847509827	-31.5280836756224
			49.8248524569046	-31.4844159697005
			49.8685201628265	-31.4407482637785
			49.9121878687484	-31.4407482637785
			49.9558555746704	-31.3970805578566
			49.9995232805923	-31.3534128519347
			50.0431909865142	-31.3534128519347
			50.0868586924361	-31.3097451460128
			50.130526398358	-31.2660774400909
			50.1741941042799	-31.2660774400909
			50.2178618102018	-31.222409734169
			50.2615295161238	-31.1787420282471
			50.3051972220457	-31.1787420282471
			50.3488649279676	-31.1350743223251
			50.3925326338895	-31.0914066164032
			50.4362003398114	-31.0914066164032
			50.4798680457333	-31.0477389104813
			50.5235357516552	-31.0477389104813
			50.5672034575772	-31.0040712045594
			50.6108711634991	-30.9604034986375
			50.654538869421	-30.9604034986375
			50.6982065753429	-30.9167357927156
			50.7418742812648	-30.8730680867937
			50.7855419871867	-30.8730680867937
			50.8292096931086	-30.8294003808717
			50.8728773990306	-30.8294003808717
			50.9165451049525	-30.7857326749498
			50.9602128108744	-30.7420649690279
			51.0038805167963	-30.7420649690279
			51.0475482227182	-30.698397263106
			51.0912159286401	-30.698397263106
			51.134883634562	-30.6547295571841
			51.178551340484	-30.6547295571841
			51.2222190464059	-30.6110618512622
			51.2658867523278	-30.5673941453402
			51.3095544582497	-30.5673941453402
			51.3532221641716	-30.5237264394183
			51.3968898700935	-30.5237264394183
			51.4405575760155	-30.4800587334964
			51.4842252819374	-30.4800587334964
			51.5278929878593	-30.4363910275745
			51.5715606937812	-30.4363910275745
			51.6152283997031	-30.3927233216526
			51.658896105625	-30.3490556157307
			51.7025638115469	-30.3490556157307
			51.7462315174688	-30.3053879098088
			51.7898992233908	-30.3053879098088
			51.8335669293127	-30.2617202038868
			51.8772346352346	-30.2180524979649
			51.9209023411565	-30.2180524979649
			51.9645700470784	-30.2180524979649
			52.0082377530003	-30.174384792043
			52.0519054589223	-30.174384792043
			52.0955731648442	-30.1307170861211
			52.1392408707661	-30.1307170861211
			52.182908576688	-30.0870493801992
			52.2265762826099	-30.0870493801992
			52.2702439885318	-30.0433816742773
			52.3139116944537	-30.0433816742773
			52.3575794003757	-29.9997139683554
			52.4012471062976	-29.9997139683554
			52.4449148122195	-29.9560462624334
			52.4885825181414	-29.9560462624334
			52.5322502240633	-29.9123785565115
			52.5759179299852	-29.9123785565115
			52.6195856359071	-29.8687108505896
			52.6632533418291	-29.8687108505896
			52.706921047751	-29.8687108505896
			52.7505887536729	-29.8250431446677
			52.7942564595948	-29.8250431446677
			52.8379241655167	-29.7813754387458
			52.8815918714386	-29.7813754387458
			52.9252595773605	-29.7377077328239
			52.9689272832825	-29.7377077328239
			53.0125949892044	-29.7377077328239
			53.0562626951263	-29.694040026902
			53.0999304010482	-29.694040026902
			53.1435981069701	-29.694040026902
			53.187265812892	-29.65037232098
			53.2309335188139	-29.6067046150581
			53.2746012247359	-29.5630369091362
			53.3182689306578	-29.5630369091362
			53.3619366365797	-29.5193692032143
			53.4056043425016	-29.4757014972924
			53.4492720484235	-29.4757014972924
			53.4929397543454	-29.4320337913705
			53.5366074602674	-29.3883660854486
			53.5802751661893	-29.3883660854486
			53.6239428721112	-29.3446983795266
			53.6676105780331	-29.3446983795266
			53.711278283955	-29.3010306736047
			53.7549459898769	-29.2573629676828
			53.7986136957988	-29.2573629676828
			53.8422814017208	-29.2136952617609
			53.8859491076427	-29.2136952617609
			53.8859491076427	-29.170027555839
			53.9296168135646	-29.170027555839
			53.9732845194865	-29.1263598499171
			54.0169522254084	-29.1263598499171
			54.0606199313303	-29.0826921439952
			54.1042876372522	-29.0390244380732
			54.1479553431742	-29.0390244380732
			54.1916230490961	-28.9953567321513
			54.235290755018	-28.9953567321513
			54.2789584609399	-28.9516890262294
			54.3226261668618	-28.9080213203075
			54.3662938727837	-28.9080213203075
			54.4099615787056	-28.8643536143856
			54.4536292846276	-28.8643536143856
			54.4972969905495	-28.8206859084637
			54.5409646964714	-28.7770182025418
			54.5846324023933	-28.7770182025418
			54.6283001083152	-28.7333504966198
			54.6719678142371	-28.6896827906979
			54.715635520159	-28.6896827906979
			54.759303226081	-28.646015084776
			54.8029709320029	-28.646015084776
			54.8466386379248	-28.6023473788541
			54.8903063438467	-28.6023473788541
			54.9339740497686	-28.5586796729322
			54.9776417556905	-28.5150119670103
			55.0213094616125	-28.5150119670103
			55.0649771675344	-28.4713442610883
			55.1086448734563	-28.4713442610883
			55.1523125793782	-28.4276765551664
			55.1959802853001	-28.3840088492445
			55.239647991222	-28.3840088492445
			55.2833156971439	-28.3403411433226
			55.3269834030659	-28.3403411433226
			55.3706511089878	-28.2966734374007
			55.4143188149097	-28.2966734374007
			55.4579865208316	-28.2530057314788
			55.5016542267535	-28.2530057314788
			55.5453219326754	-28.2093380255569
			55.5889896385973	-28.1656703196349
			55.6326573445193	-28.1656703196349
			55.6763250504412	-28.122002613713
			55.7199927563631	-28.122002613713
			55.763660462285	-28.0783349077911
			55.8073281682069	-28.0783349077911
			55.8509958741288	-28.0346672018692
			55.8946635800507	-28.0346672018692
			55.9383312859727	-27.9909994959473
			55.9819989918946	-27.9909994959473
			56.0256666978165	-27.9473317900254
			56.0693344037384	-27.9473317900254
			56.1130021096603	-27.9036640841035
			56.1566698155822	-27.8599963781815
			56.2003375215041	-27.8599963781815
			56.2440052274261	-27.8163286722596
			56.287672933348	-27.8163286722596
			56.3313406392699	-27.7726609663377
			56.3750083451918	-27.7726609663377
			56.4186760511137	-27.7289932604158
			56.4623437570356	-27.7289932604158
			56.5060114629575	-27.6853255544939
			56.5496791688795	-27.6853255544939
			56.5496791688795	-27.641657848572
			56.5933468748014	-27.641657848572
			56.6370145807233	-27.5979901426501
			56.6806822866452	-27.5979901426501
			56.7243499925671	-27.5543224367281
			56.768017698489	-27.5543224367281
			56.811685404411	-27.5106547308062
			56.8553531103329	-27.5106547308062
			56.8990208162548	-27.4669870248843
			56.9426885221767	-27.4669870248843
			56.9863562280986	-27.4233193189624
			57.0300239340205	-27.4233193189624
			57.0736916399424	-27.3796516130405
			57.1173593458644	-27.3796516130405
			57.1610270517863	-27.3796516130405
			57.2046947577082	-27.3359839071186
			57.2483624636301	-27.3359839071186
			57.292030169552	-27.2923162011967
			57.3356978754739	-27.2923162011967
			57.3793655813958	-27.2486484952747
			57.4230332873178	-27.2486484952747
			57.4667009932397	-27.2049807893528
			57.5103686991616	-27.2049807893528
			57.5540364050835	-27.1613130834309
			57.5977041110054	-27.1613130834309
			57.6413718169273	-27.117645377509
			57.6850395228492	-27.117645377509
			57.7287072287712	-27.0739776715871
			57.7723749346931	-27.0739776715871
			57.816042640615	-27.0739776715871
			57.8597103465369	-27.0303099656652
			57.9033780524588	-27.0303099656652
			57.9470457583807	-26.9866422597432
			57.9907134643026	-26.9866422597432
			58.0343811702246	-26.9429745538213
			58.0780488761465	-26.9429745538213
			58.1217165820684	-26.8993068478994
			58.1653842879903	-26.8993068478994
			58.2090519939122	-26.8993068478994
			58.2527196998341	-26.8556391419775
			58.2963874057561	-26.8119714360556
			58.340055111678	-26.8119714360556
			58.3837228175999	-26.8119714360556
			58.4273905235218	-26.7683037301337
			58.4710582294437	-26.7683037301337
			58.5147259353656	-26.7246360242118
			58.5583936412875	-26.7246360242118
			58.6020613472094	-26.6809683182898
			58.6457290531314	-26.6809683182898
			58.6893967590533	-26.6809683182898
			58.7330644649752	-26.6373006123679
			58.7767321708971	-26.6373006123679
			58.820399876819	-26.593632906446
			58.8640675827409	-26.593632906446
			58.9077352886629	-26.5499652005241
			58.9514029945848	-26.5499652005241
			58.9950707005067	-26.5062974946022
			59.0387384064286	-26.5062974946022
			59.0824061123505	-26.5062974946022
			59.1260738182724	-26.4626297886803
			59.1697415241943	-26.4626297886803
			59.2134092301163	-26.4189620827584
			59.2570769360382	-26.4189620827584
			59.3007446419601	-26.4189620827584
			59.344412347882	-26.3752943768364
			59.3880800538039	-26.3752943768364
			59.4317477597258	-26.3316266709145
			59.4754154656477	-26.3316266709145
			59.5190831715697	-26.3316266709145
			59.5627508774916	-26.2879589649926
			59.6064185834135	-26.2879589649926
			59.6500862893354	-26.2442912590707
			59.6937539952573	-26.2442912590707
			59.7374217011792	-26.2442912590707
			59.7810894071011	-26.2006235531488
			59.8247571130231	-26.2006235531488
			59.868424818945	-26.2006235531488
			59.9120925248669	-26.1569558472269
			59.9557602307888	-26.1569558472269
			59.9994279367107	-26.113288141305
			60.0430956426326	-26.113288141305
			60.0867633485545	-26.113288141305
			60.1304310544765	-26.069620435383
			60.1740987603984	-26.069620435383
			60.2177664663203	-26.069620435383
			60.2614341722422	-26.0259527294611
			60.3051018781641	-26.0259527294611
			60.348769584086	-26.0259527294611
			60.392437290008	-25.9822850235392
			60.4361049959299	-25.9822850235392
			60.4797727018518	-25.9386173176173
			60.5234404077737	-25.9386173176173
			60.5671081136956	-25.9386173176173
			60.6107758196175	-25.8949496116954
			60.6544435255394	-25.8949496116954
			60.6981112314614	-25.8949496116954
			60.7417789373833	-25.8512819057735
			60.7854466433052	-25.8512819057735
			60.8291143492271	-25.8512819057735
			60.872782055149	-25.8076141998516
			60.9164497610709	-25.8076141998516
			60.9601174669928	-25.8076141998516
			61.0037851729148	-25.7639464939296
			61.0474528788367	-25.7639464939296
			61.0911205847586	-25.7639464939296
			61.1347882906805	-25.7202787880077
			61.1784559966024	-25.7202787880077
			61.2221237025243	-25.7202787880077
			61.2657914084462	-25.7202787880077
			61.3094591143682	-25.6766110820858
			61.3531268202901	-25.6766110820858
			61.396794526212	-25.6766110820858
			61.4404622321339	-25.6329433761639
			61.4841299380558	-25.6329433761639
			61.5277976439777	-25.6329433761639
			61.5714653498996	-25.589275670242
			61.6151330558216	-25.589275670242
			61.6588007617435	-25.589275670242
			61.7024684676654	-25.5456079643201
			61.7461361735873	-25.5456079643201
			61.7898038795092	-25.5456079643201
			61.8334715854311	-25.5456079643201
			61.877139291353	-25.5019402583982
			61.920806997275	-25.5019402583982
			61.9644747031969	-25.5019402583982
			62.0081424091188	-25.4582725524762
			62.0518101150407	-25.4582725524762
			62.0954778209626	-25.4582725524762
			62.1391455268845	-25.4582725524762
			62.1828132328065	-25.4146048465543
			62.2264809387284	-25.4146048465543
			62.2701486446503	-25.4146048465543
			62.3138163505722	-25.4146048465543
			62.3574840564941	-25.3709371406324
			62.401151762416	-25.3709371406324
			62.4448194683379	-25.3709371406324
			62.4884871742599	-25.3272694347105
			62.5321548801818	-25.3272694347105
			62.5758225861037	-25.3272694347105
			62.6194902920256	-25.3272694347105
			62.6631579979475	-25.2836017287886
			62.7068257038694	-25.2836017287886
			62.7504934097913	-25.2836017287886
			62.7941611157133	-25.2836017287886
			62.8378288216352	-25.2399340228667
			62.8814965275571	-25.2399340228667
			62.925164233479	-25.2399340228667
			62.9688319394009	-25.2399340228667
			63.0124996453228	-25.1962663169447
			63.0561673512447	-25.1962663169447
			63.0998350571667	-25.1962663169447
			63.1435027630886	-25.1962663169447
			63.1871704690105	-25.1962663169447
			63.2308381749324	-25.1525986110228
			63.2745058808543	-25.1525986110228
			63.3181735867762	-25.1525986110228
			63.3618412926981	-25.1525986110228
			63.4055089986201	-25.1089309051009
			63.449176704542	-25.1089309051009
			63.4928444104639	-25.1089309051009
			63.5365121163858	-25.1089309051009
			63.5801798223077	-25.1089309051009
			63.6238475282296	-25.065263199179
			63.6675152341516	-25.065263199179
			63.7111829400735	-25.065263199179
			63.7548506459954	-25.065263199179
			63.7985183519173	-25.065263199179
			63.8421860578392	-25.0215954932571
			63.8858537637611	-25.0215954932571
			63.929521469683	-25.0215954932571
			63.973189175605	-25.0215954932571
			64.0168568815269	-25.0215954932571
			64.0605245874488	-24.9779277873352
			64.1041922933707	-24.9779277873352
			64.1478599992926	-24.9779277873352
			64.1915277052145	-24.9779277873352
			64.2351954111364	-24.9779277873352
			64.2788631170583	-24.9342600814133
			64.3225308229803	-24.9342600814133
			64.3661985289022	-24.9342600814133
			64.4098662348241	-24.9342600814133
			64.453533940746	-24.9342600814133
			64.4972016466679	-24.9342600814133
			64.5408693525898	-24.8905923754913
			64.5845370585118	-24.8905923754913
			64.6282047644337	-24.8905923754913
			64.6718724703556	-24.8905923754913
			64.7155401762775	-24.8905923754913
			64.7592078821994	-24.8905923754913
			64.8028755881213	-24.8469246695694
			64.8465432940432	-24.8469246695694
			64.8902109999652	-24.8469246695694
			64.9338787058871	-24.8469246695694
			64.977546411809	-24.8469246695694
			65.0212141177309	-24.8469246695694
			65.0648818236528	-24.8032569636475
			65.1085495295747	-24.8032569636475
			65.1522172354967	-24.8032569636475
			65.1958849414186	-24.8032569636475
			65.2395526473405	-24.8032569636475
			65.2832203532624	-24.8032569636475
			65.3268880591843	-24.8032569636475
			65.3705557651062	-24.7595892577256
			65.4142234710281	-24.7595892577256
			65.4578911769501	-24.7595892577256
			65.501558882872	-24.7595892577256
			65.5452265887939	-24.7595892577256
			65.5888942947158	-24.7595892577256
			65.6325620006377	-24.7595892577256
			65.6762297065596	-24.7595892577256
			65.7198974124815	-24.7159215518037
			65.7635651184034	-24.7159215518037
			65.8072328243254	-24.7159215518037
			65.8509005302473	-24.7159215518037
			65.8945682361692	-24.7159215518037
			65.9382359420911	-24.7159215518037
			65.981903648013	-24.7159215518037
			66.0255713539349	-24.6722538458818
			66.0692390598569	-24.6722538458818
			66.1129067657788	-24.6722538458818
			66.1565744717007	-24.6722538458818
			66.2002421776226	-24.6722538458818
			66.2439098835445	-24.6722538458818
			66.2439098835445	-24.6285861399599
			66.2875775894664	-24.6285861399599
			66.3312452953883	-24.6285861399599
			66.3749130013103	-24.6285861399599
			66.4185807072322	-24.6285861399599
			66.4622484131541	-24.6285861399599
			66.505916119076	-24.6285861399599
			66.5495838249979	-24.5849184340379
			66.5932515309198	-24.5849184340379
			66.6369192368417	-24.5849184340379
			66.6805869427637	-24.5849184340379
			66.7242546486856	-24.5849184340379
			66.7679223546075	-24.5849184340379
			66.8115900605294	-24.5849184340379
			66.8552577664513	-24.541250728116
			66.8989254723732	-24.541250728116
			66.9425931782951	-24.541250728116
			66.9862608842171	-24.541250728116
			67.029928590139	-24.541250728116
			67.0735962960609	-24.541250728116
			67.1172640019828	-24.541250728116
			67.1609317079047	-24.541250728116
			67.2045994138266	-24.541250728116
			67.2482671197485	-24.4975830221941
			67.2919348256705	-24.4975830221941
			67.3356025315924	-24.4975830221941
			67.3792702375143	-24.4975830221941
			67.4229379434362	-24.4975830221941
			67.4666056493581	-24.4975830221941
			67.51027335528	-24.4975830221941
			67.553941061202	-24.4975830221941
			67.5976087671239	-24.4975830221941
			67.6412764730458	-24.4975830221941
			67.6849441789677	-24.4975830221941
			67.7286118848896	-24.4975830221941
			67.7722795908115	-24.4975830221941
			67.8159472967334	-24.4975830221941
			67.8596150026554	-24.4539153162722
			67.9032827085773	-24.4539153162722
			67.9469504144992	-24.4539153162722
			67.9906181204211	-24.4539153162722
			68.034285826343	-24.4539153162722
			68.0779535322649	-24.4539153162722
			68.1216212381868	-24.4539153162722
			68.1652889441088	-24.4539153162722
			68.2089566500307	-24.4539153162722
			68.2526243559526	-24.4539153162722
			68.2962920618745	-24.4539153162722
			68.3399597677964	-24.4539153162722
			68.3836274737183	-24.4539153162722
			68.4272951796402	-24.4539153162722
			68.4709628855622	-24.4539153162722
			68.5146305914841	-24.4539153162722
			68.558298297406	-24.4539153162722
			68.6019660033279	-24.4539153162722
			68.6456337092498	-24.4539153162722
			68.6893014151717	-24.4539153162722
			68.7329691210936	-24.4539153162722
			68.7766368270156	-24.4539153162722
			68.8203045329375	-24.4539153162722
			68.8639722388594	-24.4539153162722
			68.9076399447813	-24.4539153162722
			68.9513076507032	-24.4539153162722
			68.9949753566251	-24.4539153162722
			69.0386430625471	-24.4539153162722
			69.082310768469	-24.4539153162722
			69.1259784743909	-24.4539153162722
			69.1259784743909	-24.4975830221941
			69.1696461803128	-24.4975830221941
			69.2133138862347	-24.4975830221941
			69.2569815921566	-24.4975830221941
			69.3006492980785	-24.4975830221941
			69.3443170040005	-24.4975830221941
			69.3879847099224	-24.4975830221941
			69.4316524158443	-24.4975830221941
			69.4753201217662	-24.4975830221941
			69.5189878276881	-24.4975830221941
			69.56265553361	-24.4975830221941
			69.6063232395319	-24.4975830221941
			69.6499909454539	-24.4975830221941
			69.6936586513758	-24.4975830221941
			69.7373263572977	-24.541250728116
			69.7809940632196	-24.541250728116
			69.8246617691415	-24.541250728116
			69.8683294750634	-24.541250728116
			69.9119971809853	-24.541250728116
			69.9556648869073	-24.541250728116
			69.9993325928292	-24.541250728116
			70.0430002987511	-24.541250728116
			70.086668004673	-24.541250728116
			70.1303357105949	-24.5849184340379
			70.1740034165168	-24.5849184340379
			70.2176711224387	-24.5849184340379
			70.2613388283607	-24.5849184340379
			70.3050065342826	-24.5849184340379
			70.3486742402045	-24.5849184340379
			70.3923419461264	-24.6285861399599
			70.4360096520483	-24.6285861399599
			70.4796773579702	-24.6285861399599
			70.5233450638922	-24.6285861399599
			70.5670127698141	-24.6285861399599
			70.610680475736	-24.6285861399599
			70.6543481816579	-24.6722538458818
			70.6980158875798	-24.6722538458818
			70.7416835935017	-24.6722538458818
			70.7853512994236	-24.6722538458818
			70.8290190053456	-24.6722538458818
			70.8726867112675	-24.7159215518037
			70.9163544171894	-24.7159215518037
			70.9600221231113	-24.7159215518037
			71.0036898290332	-24.7159215518037
			71.0473575349551	-24.7159215518037
			71.091025240877	-24.7595892577256
			71.1346929467989	-24.7595892577256
			71.1783606527209	-24.7595892577256
			71.2220283586428	-24.7595892577256
			71.2656960645647	-24.7595892577256
			71.3093637704866	-24.8032569636475
			71.3530314764085	-24.8032569636475
			71.3966991823304	-24.8032569636475
			71.4403668882524	-24.8032569636475
			71.4840345941743	-24.8469246695694
			71.5277023000962	-24.8469246695694
			71.5713700060181	-24.8469246695694
			71.61503771194	-24.8469246695694
			71.6587054178619	-24.8905923754913
			71.7023731237838	-24.8905923754913
			71.7460408297058	-24.8905923754913
			71.7897085356277	-24.8905923754913
			71.8333762415496	-24.9342600814133
			71.8770439474715	-24.9342600814133
			71.9207116533934	-24.9342600814133
			71.9643793593153	-24.9779277873352
			72.0080470652372	-24.9779277873352
			72.0517147711592	-24.9779277873352
			72.0953824770811	-24.9779277873352
			72.139050183003	-25.0215954932571
			72.1827178889249	-25.0215954932571
			72.2263855948468	-25.0215954932571
			72.2263855948468	-25.065263199179
			72.2700533007687	-25.065263199179
			72.3137210066906	-25.065263199179
			72.3573887126126	-25.1089309051009
			72.4010564185345	-25.1089309051009
			72.4447241244564	-25.1089309051009
			72.4883918303783	-25.1525986110228
			72.5320595363002	-25.1525986110228
			72.5757272422221	-25.1525986110228
			72.619394948144	-25.1962663169447
			72.663062654066	-25.1962663169447
			72.7067303599879	-25.1962663169447
			72.7503980659098	-25.2399340228667
			72.7940657718317	-25.2399340228667
			72.8377334777536	-25.2399340228667
			72.8814011836755	-25.2836017287886
			72.9250688895975	-25.2836017287886
			72.9687365955194	-25.2836017287886
			73.0124043014413	-25.3272694347105
			73.0560720073632	-25.3272694347105
			73.0997397132851	-25.3709371406324
			73.143407419207	-25.3709371406324
			73.1870751251289	-25.3709371406324
			73.2307428310509	-25.4146048465543
			73.2744105369728	-25.4146048465543
			73.3180782428947	-25.4582725524762
			73.3617459488166	-25.4582725524762
			73.4054136547385	-25.5019402583982
			73.4490813606604	-25.5019402583982
			73.4927490665823	-25.5019402583982
			73.4927490665823	-25.5456079643201
			73.5364167725043	-25.5456079643201
			73.5800844784262	-25.5456079643201
			73.6237521843481	-25.589275670242
			73.66741989027	-25.589275670242
			73.7110875961919	-25.6329433761639
			73.7547553021138	-25.6329433761639
			73.7984230080357	-25.6766110820858
			73.8420907139577	-25.6766110820858
			73.8857584198796	-25.6766110820858
			73.8857584198796	-25.7202787880077
			73.9294261258015	-25.7202787880077
			73.9730938317234	-25.7202787880077
			74.0167615376453	-25.7639464939296
			74.0604292435672	-25.7639464939296
			74.0604292435672	-25.8076141998516
			74.1040969494891	-25.8076141998516
			74.1477646554111	-25.8512819057735
			74.191432361333	-25.8512819057735
			74.2351000672549	-25.8512819057735
			74.2787677731768	-25.8949496116954
			74.3224354790987	-25.9386173176173
			74.3661031850206	-25.9386173176173
			74.4097708909426	-25.9386173176173
			74.4534385968645	-25.9822850235392
			74.4971063027864	-25.9822850235392
			74.5407740087083	-25.9822850235392
			74.5844417146302	-26.0259527294611
			74.6281094205521	-26.0259527294611
			74.671777126474	-26.069620435383
			74.715444832396	-26.069620435383
			74.7591125383179	-26.113288141305
			74.8027802442398	-26.113288141305
			74.8464479501617	-26.1569558472269
			74.8901156560836	-26.1569558472269
			74.9337833620055	-26.2006235531488
			74.9774510679274	-26.2442912590707
			75.0211187738494	-26.2879589649926
			75.0647864797713	-26.2879589649926
			75.1084541856932	-26.3316266709145
			75.1521218916151	-26.3752943768364
			75.195789597537	-26.4189620827584
			75.2394573034589	-26.4189620827584
			75.2831250093808	-26.4626297886803
			75.3267927153028	-26.5062974946022
			75.3704604212247	-26.5499652005241
			75.4141281271466	-26.593632906446
			75.4577958330685	-26.6373006123679
			75.5014635389904	-26.6809683182898
			75.5451312449123	-26.6809683182898
			75.5451312449123	-26.7246360242118
			75.5887989508342	-26.7683037301337
			75.6324666567562	-26.7683037301337
			75.6324666567562	-26.8119714360556
			75.6761343626781	-26.8119714360556
			75.7198020686	-26.8556391419775
			75.7198020686	-26.8993068478994
			75.7634697745219	-26.8993068478994
			75.8071374804438	-26.9429745538213
			75.8071374804438	-26.9866422597432
			75.8508051863657	-27.0303099656652
			75.8944728922877	-27.0303099656652
			75.9381405982096	-27.0739776715871
			75.9381405982096	-27.117645377509
			75.9818083041315	-27.1613130834309
			76.0254760100534	-27.1613130834309
			76.0254760100534	-27.2049807893528
			76.0691437159753	-27.2486484952747
			76.1128114218972	-27.2923162011967
			76.1128114218972	-27.3359839071186
			76.1564791278191	-27.3359839071186
			76.2001468337411	-27.3796516130405
			76.243814539663	-27.4233193189624
			76.243814539663	-27.4669870248843
			76.2874822455849	-27.5106547308062
			76.3311499515068	-27.5543224367281
			76.3748176574287	-27.5979901426501
			76.4184853633506	-27.641657848572
			76.4621530692725	-27.6853255544939
			76.5058207751945	-27.7289932604158
			76.5058207751945	-27.7726609663377
			76.5494884811164	-27.7726609663377
			76.5494884811164	-27.8163286722596
			76.5931561870383	-27.8599963781815
			76.6368238929602	-27.9036640841035
			76.6368238929602	-27.9473317900254
			76.6804915988821	-27.9909994959473
			76.724159304804	-28.0346672018692
			76.7678270107259	-28.0783349077911
			76.8114947166479	-28.122002613713
			76.8551624225698	-28.1656703196349
			76.8551624225698	-28.2093380255569
			76.8988301284917	-28.2530057314788
			76.9424978344136	-28.2966734374007
			76.9861655403355	-28.3403411433226
			76.9861655403355	-28.3840088492445
			77.0298332462574	-28.4276765551664
			77.0298332462574	-28.4713442610883
			77.0735009521793	-28.5150119670103
			77.1171686581013	-28.5150119670103
			77.1171686581013	-28.5586796729322
			77.1608363640232	-28.6023473788541
			77.2045040699451	-28.646015084776
			77.2045040699451	-28.6896827906979
			77.248171775867	-28.7333504966198
			77.248171775867	-28.7770182025418
			77.2918394817889	-28.7770182025418
			77.3355071877108	-28.8206859084637
			77.3355071877108	-28.8643536143856
			77.3791748936328	-28.9080213203075
			77.4228425995547	-28.9516890262294
			77.4228425995547	-28.9953567321513
			77.4665103054766	-29.0390244380732
			77.4665103054766	-29.0826921439952
			77.5101780113985	-29.1263598499171
			77.5538457173204	-29.170027555839
			77.5975134232423	-29.2136952617609
			77.5975134232423	-29.2573629676828
			77.6411811291642	-29.3010306736047
			77.6848488350861	-29.3446983795266
			77.7285165410081	-29.3883660854486
			77.7285165410081	-29.4320337913705
			77.77218424693	-29.4757014972924
			77.77218424693	-29.5193692032143
			77.8158519528519	-29.5630369091362
			77.8595196587738	-29.6067046150581
			77.8595196587738	-29.65037232098
			77.9031873646957	-29.65037232098
			77.9031873646957	-29.694040026902
			77.9468550706176	-29.7377077328239
			77.9468550706176	-29.7813754387458
			77.9905227765395	-29.8250431446677
			78.0341904824615	-29.8687108505896
			78.0341904824615	-29.9123785565115
			78.0778581883834	-29.9560462624334
			78.1215258943053	-29.9997139683554
			78.1651936002272	-30.0433816742773
			78.1651936002272	-30.0870493801992
			78.2088613061491	-30.1307170861211
			78.2088613061491	-30.174384792043
			78.252529012071	-30.174384792043
			78.252529012071	-30.2180524979649
			78.296196717993	-30.2617202038868
			78.3398644239149	-30.3053879098088
			78.3835321298368	-30.3490556157307
			78.4271998357587	-30.3927233216526
			78.4708675416806	-30.4363910275745
			78.5145352476025	-30.4800587334964
			78.5582029535244	-30.4800587334964
			78.5582029535244	-30.5237264394183
			78.6018706594464	-30.5673941453402
			78.6455383653683	-30.6110618512622
			78.6892060712902	-30.6547295571841
			78.7328737772121	-30.698397263106
			78.776541483134	-30.7420649690279
			78.8202091890559	-30.7857326749498
			78.8638768949778	-30.8294003808717
			78.9075446008998	-30.8730680867937
			78.9512123068217	-30.8730680867937
			78.9512123068217	-30.9167357927156
			78.9948800127436	-30.9604034986375
			79.0385477186655	-31.0040712045594
			79.0822154245874	-31.0477389104813
			79.1258831305093	-31.0914066164032
			79.1695508364312	-31.1350743223251
			79.2132185423532	-31.1787420282471
			79.2568862482751	-31.222409734169
			79.300553954197	-31.2660774400909
			79.300553954197	-31.3097451460128
			79.3442216601189	-31.3534128519347
			79.3878893660408	-31.3970805578566
			79.4315570719627	-31.4407482637785
			79.4752247778846	-31.4844159697005
			79.5188924838066	-31.4844159697005
			79.5625601897285	-31.5280836756224
			79.6062278956504	-31.5717513815443
			79.6062278956504	-31.6154190874662
			79.6498956015723	-31.6590867933881
			79.6935633074942	-31.70275449931
			79.7372310134161	-31.7464222052319
			79.7808987193381	-31.7900899111539
			79.82456642526	-31.8337576170758
			79.8682341311819	-31.8774253229977
			79.8682341311819	-31.9210930289196
			79.9119018371038	-31.9647607348415
			79.9555695430257	-32.0084284407634
			79.9992372489476	-32.0520961466854
			80.0429049548695	-32.0957638526073
			80.0865726607915	-32.1394315585292
			80.0865726607915	-32.1830992644511
			80.1302403667134	-32.226766970373
			80.1739080726353	-32.2704346762949
			80.2175757785572	-32.3141023822168
			80.2612434844791	-32.3577700881387
			80.304911190401	-32.4014377940607
			80.304911190401	-32.4451054999826
			80.3485788963229	-32.4887732059045
			80.3922466022449	-32.5324409118264
			80.4359143081668	-32.5761086177483
			80.4795820140887	-32.6197763236702
			80.5232497200106	-32.6634440295922
			80.5232497200106	-32.7071117355141
			80.5669174259325	-32.750779441436
			80.6105851318544	-32.7944471473579
			80.6542528377763	-32.8381148532798
			80.6979205436983	-32.8817825592017
			80.7415882496202	-32.9254502651236
			80.7415882496202	-32.9691179710456
			80.7852559555421	-33.0127856769675
			80.828923661464	-33.0564533828894
			80.8725913673859	-33.1001210888113
			80.9162590733078	-33.1437887947332
			80.9162590733078	-33.1874565006551
			80.9599267792297	-33.231124206577
			81.0035944851517	-33.274791912499
			81.0472621910736	-33.3184596184209
			81.0909298969955	-33.3621273243428
			81.0909298969955	-33.4057950302647
			81.1345976029174	-33.4494627361866
			81.1782653088393	-33.4931304421085
			81.2219330147612	-33.5367981480304
			81.2656007206832	-33.5804658539524
			81.2656007206832	-33.6241335598743
			81.3092684266051	-33.6678012657962
			81.352936132527	-33.7114689717181
			81.3966038384489	-33.75513667764
			81.3966038384489	-33.7988043835619
			81.4402715443708	-33.8424720894838
			81.4402715443708	-33.8861397954058
			81.4839392502927	-33.8861397954058
			81.4839392502927	-33.9298075013277
			81.5276069562146	-33.9734752072496
			81.5712746621366	-34.0171429131715
			81.6149423680585	-34.0608106190934
			81.6586100739804	-34.1044783250153
			81.6586100739804	-34.1481460309372
			81.7022777799023	-34.1918137368592
			81.7022777799023	-34.2354814427811
			81.7459454858242	-34.279149148703
			81.7896131917461	-34.3228168546249
			81.833280897668	-34.3664845605468
			81.833280897668	-34.4101522664687
			81.87694860359	-34.4538199723907
			81.87694860359	-34.4974876783126
			81.9206163095119	-34.5411553842345
			81.9642840154338	-34.5848230901564
			81.9642840154338	-34.6284907960783
			82.0079517213557	-34.6721585020002
			82.0516194272776	-34.7158262079221
			82.0952871331995	-34.7594939138441
			82.0952871331995	-34.803161619766
			82.1389548391214	-34.8468293256879
			82.1826225450434	-34.8904970316098
			82.1826225450434	-34.9341647375317
			82.2262902509653	-34.9778324434536
			82.2699579568872	-35.0215001493755
			82.3136256628091	-35.0651678552975
			82.3136256628091	-35.1088355612194
			82.357293368731	-35.1525032671413
			82.4009610746529	-35.1961709730632
			82.4009610746529	-35.2398386789851
			82.4446287805748	-35.283506384907
			82.4882964864968	-35.3271740908289
			82.4882964864968	-35.3708417967509
			82.5319641924187	-35.4145095026728
			82.5756318983406	-35.4581772085947
			82.5756318983406	-35.5018449145166
			82.6192996042625	-35.5455126204385
			82.6192996042625	-35.5891803263604
			82.6629673101844	-35.6328480322823
			82.7066350161063	-35.6765157382043
			82.7066350161063	-35.7201834441262
			82.7503027220283	-35.7638511500481
			82.7939704279502	-35.80751885597
			82.7939704279502	-35.8511865618919
			82.8376381338721	-35.8948542678138
			82.881305839794	-35.9385219737358
			82.881305839794	-35.9821896796577
			82.9249735457159	-36.0258573855796
			82.9249735457159	-36.0695250915015
			82.9686412516378	-36.1131927974234
			82.9686412516378	-36.1568605033453
			83.0123089575597	-36.2005282092672
			83.0559766634816	-36.2441959151892
			83.0559766634816	-36.2878636211111
			83.0996443694036	-36.331531327033
			83.1433120753255	-36.3751990329549
			83.1433120753255	-36.4188667388768
			83.1433120753255	-36.4625344447987
			83.1869797812474	-36.4625344447987
			83.1869797812474	-36.5062021507206
			83.2306474871693	-36.5498698566426
			83.2306474871693	-36.5935375625645
			83.2743151930912	-36.5935375625645
			83.2743151930912	-36.6372052684864
			83.2743151930912	-36.6808729744083
			83.3179828990131	-36.7245406803302
			83.3616506049351	-36.7682083862521
			83.3616506049351	-36.811876092174
			83.405318310857	-36.855543798096
			83.405318310857	-36.8992115040179
			83.4489860167789	-36.9428792099398
			83.4489860167789	-36.9865469158617
			83.4926537227008	-37.0302146217836
			83.4926537227008	-37.0738823277055
			83.5363214286227	-37.0738823277055
			83.5799891345446	-37.1175500336274
			83.5799891345446	-37.1612177395494
			83.6236568404665	-37.2048854454713
			83.6236568404665	-37.2485531513932
			83.6673245463885	-37.2922208573151
			83.6673245463885	-37.335888563237
			83.7109922523104	-37.3795562691589
			83.7109922523104	-37.4232239750809
			83.7546599582323	-37.4668916810028
			83.7546599582323	-37.5105593869247
			83.7983276641542	-37.5542270928466
			83.7983276641542	-37.5978947987685
			83.8419953700761	-37.6415625046904
			83.885663075998	-37.6852302106123
			83.885663075998	-37.7288979165343
			83.885663075998	-37.7725656224562
			83.9293307819199	-37.7725656224562
			83.9293307819199	-37.8162333283781
			83.9293307819199	-37.8599010343
			83.9729984878419	-37.8599010343
			83.9729984878419	-37.9035687402219
			84.0166661937638	-37.9472364461438
			84.0166661937638	-37.9909041520657
			84.0603338996857	-38.0345718579877
			84.0603338996857	-38.0782395639096
			84.1040016056076	-38.1219072698315
			84.1040016056076	-38.1655749757534
			84.1476693115295	-38.2092426816753
			84.1476693115295	-38.2529103875972
			84.1913370174514	-38.2965780935191
			84.1913370174514	-38.3402457994411
			84.2350047233734	-38.383913505363
			84.2350047233734	-38.4275812112849
			84.2786724292953	-38.4712489172068
			84.2786724292953	-38.5149166231287
			84.3223401352172	-38.5585843290506
			84.3223401352172	-38.6022520349725
			84.3660078411391	-38.6459197408945
			84.3660078411391	-38.6895874468164
			84.409675547061	-38.7332551527383
			84.409675547061	-38.7769228586602
			84.4533432529829	-38.8205905645821
			84.4533432529829	-38.864258270504
			84.4970109589048	-38.907925976426
			84.4970109589048	-38.9515936823479
			84.5406786648267	-38.9952613882698
			84.5406786648267	-39.0389290941917
			84.5843463707487	-39.0825968001136
			84.5843463707487	-39.1262645060355
			84.6280140766706	-39.1699322119574
			84.6280140766706	-39.2135999178793
			84.6716817825925	-39.2572676238013
			84.6716817825925	-39.3009353297232
			84.7153494885144	-39.3446030356451
			84.7153494885144	-39.388270741567
			84.7590171944363	-39.4319384474889
			84.7590171944363	-39.4756061534108
			84.8026849003582	-39.5192738593327
			84.8026849003582	-39.5629415652547
			84.8463526062801	-39.6066092711766
			84.8463526062801	-39.6502769770985
			84.8900203122021	-39.6939446830204
			84.8900203122021	-39.7376123889423
			84.8900203122021	-39.7812800948642
			84.933688018124	-39.8249478007862
			84.933688018124	-39.8686155067081
			84.9773557240459	-39.91228321263
			84.9773557240459	-39.9559509185519
			85.0210234299678	-39.9996186244738
			85.0210234299678	-40.0432863303957
			85.0210234299678	-40.0869540363176
			85.0646911358897	-40.0869540363176
			85.0646911358897	-40.1306217422396
			85.0646911358897	-40.1742894481615
			85.1083588418116	-40.2179571540834
			85.1083588418116	-40.2616248600053
			85.1520265477336	-40.3052925659272
			85.1520265477336	-40.3489602718491
			85.1520265477336	-40.392627977771
			85.1956942536555	-40.436295683693
			85.1956942536555	-40.4799633896149
			85.2393619595774	-40.5236310955368
			85.2393619595774	-40.5672988014587
			85.2830296654993	-40.6109665073806
			85.2830296654993	-40.6546342133025
			85.3266973714212	-40.6983019192244
			85.3266973714212	-40.7419696251464
			85.3266973714212	-40.7856373310683
			85.3703650773431	-40.8293050369902
			85.3703650773431	-40.8729727429121
			85.414032783265	-40.916640448834
			85.414032783265	-40.9603081547559
			85.414032783265	-41.0039758606778
			85.457700489187	-41.0039758606778
			85.457700489187	-41.0476435665998
			85.457700489187	-41.0913112725217
			85.5013681951089	-41.1349789784436
			85.5013681951089	-41.1786466843655
			85.5450359010308	-41.2223143902874
			85.5450359010308	-41.2659820962093
			85.5450359010308	-41.3096498021313
			85.5887036069527	-41.3533175080532
			85.5887036069527	-41.3969852139751
			85.6323713128746	-41.440652919897
			85.6323713128746	-41.4843206258189
			85.6323713128746	-41.5279883317408
			85.6760390187965	-41.5716560376627
			85.6760390187965	-41.6153237435847
			85.6760390187965	-41.6589914495066
			85.7197067247184	-41.7026591554285
			85.7197067247184	-41.7463268613504
			85.7633744306404	-41.7899945672723
			85.7633744306404	-41.8336622731942
			85.7633744306404	-41.8773299791161
			85.8070421365623	-41.9209976850381
			85.8070421365623	-41.96466539096
			85.8070421365623	-42.0083330968819
			85.8507098424842	-42.0520008028038
			85.8507098424842	-42.0956685087257
			85.8943775484061	-42.1393362146476
			85.8943775484061	-42.1830039205695
			85.938045254328	-42.2266716264915
			85.938045254328	-42.2703393324134
			85.938045254328	-42.3140070383353
			85.9817129602499	-42.3576747442572
			85.9817129602499	-42.4013424501791
			86.0253806661718	-42.445010156101
			86.0253806661718	-42.4886778620229
			86.0253806661718	-42.5323455679449
			86.0253806661718	-42.5760132738668
			86.0690483720938	-42.6196809797887
			86.0690483720938	-42.6633486857106
			86.1127160780157	-42.7070163916325
			86.1127160780157	-42.7506840975544
			86.1127160780157	-42.7943518034764
			86.1563837839376	-42.8380195093983
			86.1563837839376	-42.8816872153202
			86.2000514898595	-42.9253549212421
			86.2000514898595	-42.969022627164
			86.2000514898595	-43.0126903330859
			86.2000514898595	-43.0563580390078
			86.2437191957814	-43.0563580390078
			86.2437191957814	-43.1000257449298
			86.2437191957814	-43.1436934508517
			86.2437191957814	-43.1873611567736
			86.2873869017033	-43.2310288626955
			86.2873869017033	-43.2746965686174
			86.3310546076252	-43.3183642745393
			86.3310546076252	-43.3620319804612
			86.3310546076252	-43.4056996863832
			86.3747223135472	-43.4493673923051
			86.3747223135472	-43.493035098227
			86.3747223135472	-43.5367028041489
			86.4183900194691	-43.5803705100708
			86.4183900194691	-43.6240382159927
			86.4183900194691	-43.6677059219146
			86.462057725391	-43.7113736278366
			86.462057725391	-43.7550413337585
			86.462057725391	-43.7987090396804
			86.5057254313129	-43.8423767456023
			86.5057254313129	-43.8860444515242
		</c1>
		<c2 type=matrix rownames=FALSE colnames=FALSE nrow=1090 ncol=2 as.numeric=TRUE >
			86.5057254313129	-43.8860444515242
			86.462057725391	-43.8860444515242
			86.462057725391	-43.8423767456023
			86.4183900194691	-43.8423767456023
			86.3747223135472	-43.8423767456023
			86.3310546076252	-43.7987090396804
			86.2873869017033	-43.7550413337585
			86.2437191957814	-43.7550413337585
			86.2000514898595	-43.7550413337585
			86.1563837839376	-43.7113736278366
			86.1127160780157	-43.7113736278366
			86.0690483720938	-43.6677059219146
			86.0253806661718	-43.6677059219146
			85.9817129602499	-43.6240382159927
			85.938045254328	-43.6240382159927
			85.8943775484061	-43.6240382159927
			85.8507098424842	-43.5803705100708
			85.8070421365623	-43.5803705100708
			85.7633744306404	-43.5367028041489
			85.7197067247184	-43.5367028041489
			85.6760390187965	-43.5367028041489
			85.6323713128746	-43.493035098227
			85.5887036069527	-43.493035098227
			85.5450359010308	-43.4493673923051
			85.5013681951089	-43.4493673923051
			85.457700489187	-43.4493673923051
			85.414032783265	-43.4056996863832
			85.3703650773431	-43.4056996863832
			85.3266973714212	-43.3620319804612
			85.2830296654993	-43.3620319804612
			85.2393619595774	-43.3620319804612
			85.1956942536555	-43.3183642745393
			85.1520265477336	-43.3183642745393
			85.1083588418116	-43.3183642745393
			85.0646911358897	-43.2746965686174
			85.0210234299678	-43.2746965686174
			84.9773557240459	-43.2746965686174
			84.933688018124	-43.2310288626955
			84.8900203122021	-43.2310288626955
			84.8463526062801	-43.2310288626955
			84.8026849003582	-43.1873611567736
			84.7590171944363	-43.1873611567736
			84.7153494885144	-43.1873611567736
			84.6716817825925	-43.1436934508517
			84.6280140766706	-43.1436934508517
			84.5843463707487	-43.1436934508517
			84.5406786648267	-43.1000257449298
			84.4970109589048	-43.1000257449298
			84.4533432529829	-43.1000257449298
			84.409675547061	-43.1000257449298
			84.3660078411391	-43.0563580390078
			84.3223401352172	-43.0563580390078
			84.2786724292953	-43.0126903330859
			84.2350047233734	-43.0126903330859
			84.1913370174514	-43.0126903330859
			84.1476693115295	-43.0126903330859
			84.1040016056076	-42.969022627164
			84.0603338996857	-42.969022627164
			84.0166661937638	-42.969022627164
			83.9729984878419	-42.9253549212421
			83.9293307819199	-42.9253549212421
			83.885663075998	-42.9253549212421
			83.8419953700761	-42.9253549212421
			83.7983276641542	-42.8816872153202
			83.7546599582323	-42.8816872153202
			83.7109922523104	-42.8816872153202
			83.6673245463885	-42.8380195093983
			83.6236568404665	-42.8380195093983
			83.5799891345446	-42.8380195093983
			83.5363214286227	-42.8380195093983
			83.4926537227008	-42.7943518034764
			83.4489860167789	-42.7943518034764
			83.405318310857	-42.7943518034764
			83.3616506049351	-42.7943518034764
			83.3179828990131	-42.7506840975544
			83.2743151930912	-42.7506840975544
			83.2306474871693	-42.7506840975544
			83.1869797812474	-42.7070163916325
			83.1433120753255	-42.7070163916325
			83.0996443694036	-42.7070163916325
			83.0559766634816	-42.7070163916325
			83.0123089575597	-42.6633486857106
			82.9686412516378	-42.6633486857106
			82.9249735457159	-42.6633486857106
			82.881305839794	-42.6633486857106
			82.8376381338721	-42.6196809797887
			82.7939704279502	-42.6196809797887
			82.7503027220283	-42.6196809797887
			82.7066350161063	-42.6196809797887
			82.6629673101844	-42.5760132738668
			82.6192996042625	-42.5760132738668
			82.5756318983406	-42.5760132738668
			82.5319641924187	-42.5760132738668
			82.4882964864968	-42.5323455679449
			82.4446287805748	-42.5323455679449
			82.4009610746529	-42.5323455679449
			82.357293368731	-42.5323455679449
			82.3136256628091	-42.4886778620229
			82.2699579568872	-42.4886778620229
			82.2262902509653	-42.4886778620229
			82.1826225450434	-42.4886778620229
			82.1389548391214	-42.445010156101
			82.0952871331995	-42.445010156101
			82.0516194272776	-42.445010156101
			82.0079517213557	-42.445010156101
			81.9642840154338	-42.4013424501791
			81.9206163095119	-42.4013424501791
			81.87694860359	-42.4013424501791
			81.833280897668	-42.4013424501791
			81.7896131917461	-42.3576747442572
			81.7459454858242	-42.3576747442572
			81.7022777799023	-42.3576747442572
			81.6586100739804	-42.3576747442572
			81.6149423680585	-42.3576747442572
			81.5712746621366	-42.3140070383353
			81.5276069562146	-42.3140070383353
			81.4839392502927	-42.3140070383353
			81.4402715443708	-42.3140070383353
			81.3966038384489	-42.2703393324134
			81.352936132527	-42.2703393324134
			81.3092684266051	-42.2703393324134
			81.2656007206832	-42.2703393324134
			81.2219330147612	-42.2703393324134
			81.1782653088393	-42.2266716264915
			81.1345976029174	-42.2266716264915
			81.0909298969955	-42.2266716264915
			81.0472621910736	-42.2266716264915
			81.0035944851517	-42.1830039205695
			80.9599267792297	-42.1830039205695
			80.9162590733078	-42.1830039205695
			80.8725913673859	-42.1830039205695
			80.828923661464	-42.1830039205695
			80.7852559555421	-42.1393362146476
			80.7415882496202	-42.1393362146476
			80.6979205436983	-42.1393362146476
			80.6542528377763	-42.1393362146476
			80.6105851318544	-42.1393362146476
			80.5669174259325	-42.0956685087257
			80.5232497200106	-42.0956685087257
			80.4795820140887	-42.0956685087257
			80.4359143081668	-42.0956685087257
			80.3922466022449	-42.0520008028038
			80.3485788963229	-42.0520008028038
			80.304911190401	-42.0520008028038
			80.2612434844791	-42.0520008028038
			80.2175757785572	-42.0520008028038
			80.1739080726353	-42.0083330968819
			80.1302403667134	-42.0083330968819
			80.0865726607915	-42.0083330968819
			80.0429049548695	-42.0083330968819
			79.9992372489476	-42.0083330968819
			79.9555695430257	-41.96466539096
			79.9119018371038	-41.96466539096
			79.8682341311819	-41.96466539096
			79.82456642526	-41.96466539096
			79.7808987193381	-41.96466539096
			79.7372310134161	-41.96466539096
			79.6935633074942	-41.9209976850381
			79.6498956015723	-41.9209976850381
			79.6062278956504	-41.9209976850381
			79.5625601897285	-41.9209976850381
			79.5188924838066	-41.9209976850381
			79.4752247778846	-41.9209976850381
			79.4315570719627	-41.9209976850381
			79.3878893660408	-41.8773299791161
			79.3442216601189	-41.8773299791161
			79.300553954197	-41.8773299791161
			79.2568862482751	-41.8773299791161
			79.2132185423532	-41.8773299791161
			79.1695508364312	-41.8773299791161
			79.1258831305093	-41.8773299791161
			79.0822154245874	-41.8336622731942
			79.0385477186655	-41.8336622731942
			78.9948800127436	-41.8336622731942
			78.9512123068217	-41.8336622731942
			78.9075446008998	-41.8336622731942
			78.8638768949778	-41.8336622731942
			78.8202091890559	-41.7899945672723
			78.776541483134	-41.7899945672723
			78.7328737772121	-41.7899945672723
			78.6892060712902	-41.7899945672723
			78.6455383653683	-41.7899945672723
			78.6018706594464	-41.7899945672723
			78.5582029535244	-41.7463268613504
			78.5145352476025	-41.7463268613504
			78.4708675416806	-41.7463268613504
			78.4271998357587	-41.7463268613504
			78.3835321298368	-41.7463268613504
			78.3398644239149	-41.7026591554285
			78.296196717993	-41.7026591554285
			78.252529012071	-41.7026591554285
			78.2088613061491	-41.7026591554285
			78.1651936002272	-41.7026591554285
			78.1215258943053	-41.7026591554285
			78.0778581883834	-41.6589914495066
			78.0341904824615	-41.6589914495066
			77.9905227765395	-41.6589914495066
			77.9468550706176	-41.6589914495066
			77.9031873646957	-41.6589914495066
			77.8595196587738	-41.6153237435847
			77.8158519528519	-41.6153237435847
			77.77218424693	-41.6153237435847
			77.7285165410081	-41.6153237435847
			77.6848488350861	-41.6153237435847
			77.6411811291642	-41.5716560376627
			77.5975134232423	-41.5716560376627
			77.5538457173204	-41.5716560376627
			77.5101780113985	-41.5716560376627
			77.4665103054766	-41.5716560376627
			77.4228425995547	-41.5279883317408
			77.3791748936328	-41.5279883317408
			77.3355071877108	-41.5279883317408
			77.2918394817889	-41.5279883317408
			77.248171775867	-41.4843206258189
			77.2045040699451	-41.4843206258189
			77.1608363640232	-41.4843206258189
			77.1171686581013	-41.4843206258189
			77.0735009521793	-41.440652919897
			77.0298332462574	-41.440652919897
			76.9861655403355	-41.440652919897
			76.9424978344136	-41.440652919897
			76.8988301284917	-41.440652919897
			76.8988301284917	-41.3969852139751
			76.8551624225698	-41.3969852139751
			76.8114947166479	-41.3969852139751
			76.7678270107259	-41.3969852139751
			76.724159304804	-41.3969852139751
			76.6804915988821	-41.3533175080532
			76.6368238929602	-41.3533175080532
			76.5931561870383	-41.3533175080532
			76.5494884811164	-41.3096498021313
			76.5058207751945	-41.3096498021313
			76.4621530692725	-41.3096498021313
			76.4184853633506	-41.3096498021313
			76.3748176574287	-41.2659820962093
			76.3311499515068	-41.2659820962093
			76.2874822455849	-41.2659820962093
			76.243814539663	-41.2659820962093
			76.2001468337411	-41.2223143902874
			76.1564791278191	-41.2223143902874
			76.1128114218972	-41.2223143902874
			76.0691437159753	-41.1786466843655
			76.0254760100534	-41.1786466843655
			75.9818083041315	-41.1786466843655
			75.9381405982096	-41.1349789784436
			75.8944728922877	-41.1349789784436
			75.8508051863657	-41.1349789784436
			75.8071374804438	-41.1349789784436
			75.7634697745219	-41.0913112725217
			75.7198020686	-41.0913112725217
			75.6761343626781	-41.0913112725217
			75.6324666567562	-41.0476435665998
			75.5887989508342	-41.0476435665998
			75.5451312449123	-41.0476435665998
			75.5014635389904	-41.0039758606778
			75.4577958330685	-41.0039758606778
			75.4141281271466	-40.9603081547559
			75.3704604212247	-40.9603081547559
			75.3267927153028	-40.9603081547559
			75.2831250093808	-40.9603081547559
			75.2831250093808	-40.916640448834
			75.2394573034589	-40.916640448834
			75.195789597537	-40.916640448834
			75.1521218916151	-40.8729727429121
			75.1084541856932	-40.8729727429121
			75.0647864797713	-40.8729727429121
			75.0211187738494	-40.8729727429121
			74.9774510679274	-40.8729727429121
			74.9337833620055	-40.8729727429121
			74.8901156560836	-40.8729727429121
			74.8464479501617	-40.8729727429121
			74.8027802442398	-40.8729727429121
			74.7591125383179	-40.916640448834
			74.715444832396	-40.916640448834
			74.671777126474	-40.916640448834
			74.6281094205521	-40.916640448834
			74.5844417146302	-40.916640448834
			74.5407740087083	-40.916640448834
			74.4971063027864	-40.916640448834
			74.4534385968645	-40.916640448834
			74.4097708909426	-40.916640448834
			74.3661031850206	-40.916640448834
			74.3224354790987	-40.916640448834
			74.2787677731768	-40.916640448834
			74.2351000672549	-40.916640448834
			74.191432361333	-40.916640448834
			74.1477646554111	-40.916640448834
			74.1040969494891	-40.916640448834
			74.0604292435672	-40.916640448834
			74.0167615376453	-40.916640448834
			74.0167615376453	-40.9603081547559
			73.9730938317234	-40.9603081547559
			73.9294261258015	-40.9603081547559
			73.8857584198796	-40.9603081547559
			73.8420907139577	-40.9603081547559
			73.7984230080357	-40.9603081547559
			73.7547553021138	-40.9603081547559
			73.7110875961919	-40.9603081547559
			73.66741989027	-40.9603081547559
			73.6237521843481	-40.9603081547559
			73.5800844784262	-40.9603081547559
			73.5364167725043	-40.9603081547559
			73.4927490665823	-40.9603081547559
			73.4490813606604	-40.9603081547559
			73.4054136547385	-40.9603081547559
			73.3617459488166	-40.9603081547559
			73.3180782428947	-40.9603081547559
			73.2744105369728	-40.9603081547559
			73.2307428310509	-40.9603081547559
			73.1870751251289	-40.9603081547559
			73.143407419207	-40.9603081547559
			73.0997397132851	-40.9603081547559
			73.0560720073632	-40.9603081547559
			73.0124043014413	-40.9603081547559
			72.9687365955194	-40.9603081547559
			72.9250688895975	-40.9603081547559
			72.8814011836755	-40.9603081547559
			72.8377334777536	-40.9603081547559
			72.7940657718317	-40.9603081547559
			72.7503980659098	-40.9603081547559
			72.7067303599879	-40.9603081547559
			72.663062654066	-40.9603081547559
			72.619394948144	-40.9603081547559
			72.5757272422221	-40.9603081547559
			72.5320595363002	-40.9603081547559
			72.4883918303783	-40.9603081547559
			72.4447241244564	-40.9603081547559
			72.4010564185345	-40.9603081547559
			72.3573887126126	-40.9603081547559
			72.3137210066906	-40.9603081547559
			72.2700533007687	-40.9603081547559
			72.2263855948468	-40.9603081547559
			72.1827178889249	-40.9603081547559
			72.139050183003	-40.9603081547559
			72.0953824770811	-40.9603081547559
			72.0517147711592	-40.9603081547559
			72.0080470652372	-40.9603081547559
			71.9643793593153	-40.9603081547559
			71.9207116533934	-40.9603081547559
			71.8770439474715	-40.9603081547559
			71.8333762415496	-40.9603081547559
			71.7897085356277	-40.9603081547559
			71.7460408297058	-40.9603081547559
			71.7023731237838	-40.9603081547559
			71.6587054178619	-40.9603081547559
			71.61503771194	-40.9603081547559
			71.5713700060181	-40.9603081547559
			71.5277023000962	-40.9603081547559
			71.4840345941743	-40.9603081547559
			71.4403668882524	-40.9603081547559
			71.3966991823304	-40.9603081547559
			71.3530314764085	-40.9603081547559
			71.3093637704866	-40.916640448834
			71.2656960645647	-40.916640448834
			71.2220283586428	-40.916640448834
			71.1783606527209	-40.916640448834
			71.1346929467989	-40.916640448834
			71.091025240877	-40.916640448834
			71.0473575349551	-40.916640448834
			71.0036898290332	-40.916640448834
			70.9600221231113	-40.916640448834
			70.9163544171894	-40.9603081547559
			70.8726867112675	-40.9603081547559
			70.8290190053456	-40.9603081547559
			70.7853512994236	-40.9603081547559
			70.7416835935017	-40.9603081547559
			70.6980158875798	-41.0039758606778
			70.6543481816579	-41.0039758606778
			70.610680475736	-41.0039758606778
			70.5670127698141	-41.0039758606778
			70.5233450638922	-41.0039758606778
			70.4796773579702	-41.0039758606778
			70.4360096520483	-41.0476435665998
			70.3923419461264	-41.0476435665998
			70.3486742402045	-41.0476435665998
			70.3050065342826	-41.0476435665998
			70.2613388283607	-41.0476435665998
			70.2176711224387	-41.0476435665998
			70.2176711224387	-41.0913112725217
			70.1740034165168	-41.0913112725217
			70.1303357105949	-41.0913112725217
			70.086668004673	-41.0913112725217
			70.0430002987511	-41.0913112725217
			69.9993325928292	-41.0913112725217
			69.9556648869073	-41.0913112725217
			69.9119971809853	-41.0913112725217
			69.8683294750634	-41.0913112725217
			69.8246617691415	-41.0913112725217
			69.7809940632196	-41.1349789784436
			69.7373263572977	-41.1349789784436
			69.6936586513758	-41.1349789784436
			69.6499909454539	-41.1349789784436
			69.6063232395319	-41.1349789784436
			69.56265553361	-41.1349789784436
			69.5189878276881	-41.1349789784436
			69.4753201217662	-41.1349789784436
			69.4316524158443	-41.1349789784436
			69.3879847099224	-41.1349789784436
			69.3443170040005	-41.1349789784436
			69.3006492980785	-41.1349789784436
			69.2569815921566	-41.1349789784436
			69.2133138862347	-41.1349789784436
			69.1696461803128	-41.1349789784436
			69.1259784743909	-41.1349789784436
			69.082310768469	-41.1349789784436
			69.0386430625471	-41.1349789784436
			68.9949753566251	-41.1349789784436
			68.9513076507032	-41.1349789784436
			68.9076399447813	-41.1349789784436
			68.8639722388594	-41.1349789784436
			68.8203045329375	-41.1349789784436
			68.7766368270156	-41.1349789784436
			68.7329691210936	-41.1349789784436
			68.6893014151717	-41.1349789784436
			68.6456337092498	-41.1349789784436
			68.6019660033279	-41.1349789784436
			68.558298297406	-41.1349789784436
			68.5146305914841	-41.1349789784436
			68.4709628855622	-41.1349789784436
			68.4272951796402	-41.1349789784436
			68.3836274737183	-41.1349789784436
			68.3399597677964	-41.1349789784436
			68.2962920618745	-41.1349789784436
			68.2526243559526	-41.1349789784436
			68.2089566500307	-41.1349789784436
			68.1652889441088	-41.1349789784436
			68.1216212381868	-41.1349789784436
			68.0779535322649	-41.1349789784436
			68.034285826343	-41.1349789784436
			67.9906181204211	-41.1349789784436
			67.9469504144992	-41.1349789784436
			67.9032827085773	-41.1349789784436
			67.8596150026554	-41.1349789784436
			67.8159472967334	-41.1349789784436
			67.7722795908115	-41.1349789784436
			67.7286118848896	-41.0913112725217
			67.6849441789677	-41.0913112725217
			67.6412764730458	-41.0913112725217
			67.5976087671239	-41.0913112725217
			67.553941061202	-41.0913112725217
			67.51027335528	-41.0913112725217
			67.4666056493581	-41.0913112725217
			67.4229379434362	-41.0913112725217
			67.3792702375143	-41.0913112725217
			67.3356025315924	-41.0913112725217
			67.2919348256705	-41.0913112725217
			67.2482671197485	-41.0476435665998
			67.2045994138266	-41.0476435665998
			67.1609317079047	-41.0476435665998
			67.1172640019828	-41.0476435665998
			67.0735962960609	-41.0476435665998
			67.029928590139	-41.0476435665998
			66.9862608842171	-41.0476435665998
			66.9425931782951	-41.0476435665998
			66.8989254723732	-41.0476435665998
			66.8552577664513	-41.0039758606778
			66.8115900605294	-41.0039758606778
			66.7679223546075	-41.0039758606778
			66.7242546486856	-41.0039758606778
			66.6805869427637	-41.0039758606778
			66.6369192368417	-41.0039758606778
			66.5932515309198	-41.0039758606778
			66.5495838249979	-41.0039758606778
			66.505916119076	-40.9603081547559
			66.4622484131541	-40.9603081547559
			66.4185807072322	-40.9603081547559
			66.3749130013103	-40.9603081547559
			66.3312452953883	-40.9603081547559
			66.2875775894664	-40.9603081547559
			66.2439098835445	-40.9603081547559
			66.2002421776226	-40.916640448834
			66.1565744717007	-40.916640448834
			66.1129067657788	-40.916640448834
			66.0692390598569	-40.916640448834
			66.0255713539349	-40.916640448834
			65.981903648013	-40.916640448834
			65.9382359420911	-40.916640448834
			65.8945682361692	-40.8729727429121
			65.8509005302473	-40.8729727429121
			65.8072328243254	-40.8729727429121
			65.7635651184034	-40.8729727429121
			65.7198974124815	-40.8729727429121
			65.6762297065596	-40.8729727429121
			65.6325620006377	-40.8293050369902
			65.5888942947158	-40.8293050369902
			65.5452265887939	-40.8293050369902
			65.501558882872	-40.8293050369902
			65.4578911769501	-40.8293050369902
			65.4142234710281	-40.7856373310683
			65.3705557651062	-40.7856373310683
			65.3268880591843	-40.7856373310683
			65.2832203532624	-40.7856373310683
			65.2395526473405	-40.7856373310683
			65.1958849414186	-40.7419696251464
			65.1522172354967	-40.7419696251464
			65.1085495295747	-40.7419696251464
			65.0648818236528	-40.7419696251464
			65.0212141177309	-40.7419696251464
			64.977546411809	-40.7419696251464
			64.9338787058871	-40.6983019192244
			64.8902109999652	-40.6983019192244
			64.8465432940432	-40.6983019192244
			64.8028755881213	-40.6983019192244
			64.7592078821994	-40.6983019192244
			64.7155401762775	-40.6983019192244
			64.6718724703556	-40.6983019192244
			64.6282047644337	-40.6983019192244
			64.5845370585118	-40.6983019192244
			64.5408693525898	-40.7419696251464
			64.4972016466679	-40.7419696251464
			64.453533940746	-40.7419696251464
			64.4098662348241	-40.7419696251464
			64.3661985289022	-40.7419696251464
			64.3225308229803	-40.7419696251464
			64.2788631170583	-40.7419696251464
			64.2351954111364	-40.7419696251464
			64.1915277052145	-40.7419696251464
			64.1478599992926	-40.7419696251464
			64.1041922933707	-40.7419696251464
			64.0605245874488	-40.7419696251464
			64.0168568815269	-40.7856373310683
			63.973189175605	-40.7856373310683
			63.929521469683	-40.7856373310683
			63.8858537637611	-40.7856373310683
			63.8421860578392	-40.7856373310683
			63.7985183519173	-40.7856373310683
			63.7548506459954	-40.7856373310683
			63.7111829400735	-40.7856373310683
			63.6675152341516	-40.7856373310683
			63.6238475282296	-40.7856373310683
			63.5801798223077	-40.7856373310683
			63.5365121163858	-40.7856373310683
			63.4928444104639	-40.7856373310683
			63.449176704542	-40.8293050369902
			63.4055089986201	-40.8293050369902
			63.3618412926981	-40.8293050369902
			63.3181735867762	-40.8293050369902
			63.2745058808543	-40.8293050369902
			63.2308381749324	-40.8293050369902
			63.1871704690105	-40.8293050369902
			63.1435027630886	-40.8293050369902
			63.0998350571667	-40.8293050369902
			63.0561673512447	-40.8293050369902
			63.0124996453228	-40.8293050369902
			62.9688319394009	-40.8293050369902
			62.925164233479	-40.8293050369902
			62.8814965275571	-40.8293050369902
			62.8378288216352	-40.8293050369902
			62.7941611157133	-40.8293050369902
			62.7941611157133	-40.8729727429121
			62.7504934097913	-40.8729727429121
			62.7068257038694	-40.8729727429121
			62.6631579979475	-40.8729727429121
			62.6194902920256	-40.8729727429121
			62.5758225861037	-40.8729727429121
			62.5321548801818	-40.8729727429121
			62.4884871742599	-40.8729727429121
			62.4448194683379	-40.8729727429121
			62.401151762416	-40.8729727429121
			62.3574840564941	-40.8729727429121
			62.3138163505722	-40.8729727429121
			62.2701486446503	-40.8729727429121
			62.2264809387284	-40.8729727429121
			62.1828132328065	-40.8729727429121
			62.1391455268845	-40.8729727429121
			62.0954778209626	-40.916640448834
			62.0518101150407	-40.916640448834
			62.0081424091188	-40.916640448834
			61.9644747031969	-40.916640448834
			61.920806997275	-40.916640448834
			61.877139291353	-40.916640448834
			61.8334715854311	-40.916640448834
			61.7898038795092	-40.916640448834
			61.7461361735873	-40.916640448834
			61.7024684676654	-40.916640448834
			61.6588007617435	-40.916640448834
			61.6151330558216	-40.916640448834
			61.5714653498996	-40.916640448834
			61.5277976439777	-40.916640448834
			61.4841299380558	-40.916640448834
			61.4404622321339	-40.916640448834
			61.396794526212	-40.916640448834
			61.3531268202901	-40.9603081547559
			61.3094591143682	-40.9603081547559
			61.2657914084462	-40.9603081547559
			61.2221237025243	-40.9603081547559
			61.1784559966024	-40.9603081547559
			61.1347882906805	-40.9603081547559
			61.0911205847586	-40.9603081547559
			61.0474528788367	-40.9603081547559
			61.0037851729148	-40.9603081547559
			60.9601174669928	-40.9603081547559
			60.9164497610709	-40.9603081547559
			60.872782055149	-40.9603081547559
			60.8291143492271	-40.9603081547559
			60.7854466433052	-40.9603081547559
			60.7417789373833	-40.9603081547559
			60.6981112314614	-40.9603081547559
			60.6544435255394	-40.9603081547559
			60.6107758196175	-40.9603081547559
			60.5671081136956	-40.9603081547559
			60.5234404077737	-40.9603081547559
			60.4797727018518	-41.0039758606778
			60.4361049959299	-41.0039758606778
			60.392437290008	-41.0039758606778
			60.348769584086	-41.0039758606778
			60.3051018781641	-41.0039758606778
			60.2614341722422	-41.0039758606778
			60.2177664663203	-41.0039758606778
			60.1740987603984	-41.0039758606778
			60.1304310544765	-41.0039758606778
			60.0867633485545	-41.0039758606778
			60.0430956426326	-41.0039758606778
			59.9994279367107	-41.0039758606778
			59.9557602307888	-41.0039758606778
			59.9120925248669	-41.0039758606778
			59.868424818945	-41.0039758606778
			59.8247571130231	-41.0039758606778
			59.7810894071011	-41.0039758606778
			59.7374217011792	-41.0039758606778
			59.6937539952573	-41.0039758606778
			59.6500862893354	-41.0039758606778
			59.6064185834135	-41.0039758606778
			59.5627508774916	-41.0039758606778
			59.5190831715697	-41.0039758606778
			59.4754154656477	-41.0039758606778
			59.4317477597258	-41.0476435665998
			59.3880800538039	-41.0476435665998
			59.344412347882	-41.0476435665998
			59.3007446419601	-41.0476435665998
			59.2570769360382	-41.0476435665998
			59.2134092301163	-41.0476435665998
			59.1697415241943	-41.0476435665998
			59.1260738182724	-41.0476435665998
			59.0824061123505	-41.0476435665998
			59.0387384064286	-41.0476435665998
			58.9950707005067	-41.0476435665998
			58.9514029945848	-41.0476435665998
			58.9077352886629	-41.0476435665998
			58.8640675827409	-41.0476435665998
			58.820399876819	-41.0476435665998
			58.7767321708971	-41.0476435665998
			58.7330644649752	-41.0476435665998
			58.6893967590533	-41.0476435665998
			58.6457290531314	-41.0476435665998
			58.6020613472094	-41.0476435665998
			58.5583936412875	-41.0476435665998
			58.5147259353656	-41.0476435665998
			58.4710582294437	-41.0476435665998
			58.4273905235218	-41.0476435665998
			58.3837228175999	-41.0476435665998
			58.340055111678	-41.0476435665998
			58.2963874057561	-41.0476435665998
			58.2527196998341	-41.0476435665998
			58.2090519939122	-41.0476435665998
			58.1653842879903	-41.0476435665998
			58.1217165820684	-41.0913112725217
			58.0780488761465	-41.0913112725217
			58.0343811702246	-41.0913112725217
			57.9907134643026	-41.0913112725217
			57.9470457583807	-41.0913112725217
			57.9033780524588	-41.0913112725217
			57.8597103465369	-41.0913112725217
			57.816042640615	-41.0913112725217
			57.7723749346931	-41.0913112725217
			57.7287072287712	-41.0913112725217
			57.6850395228492	-41.0913112725217
			57.6413718169273	-41.0913112725217
			57.5977041110054	-41.0913112725217
			57.5540364050835	-41.0913112725217
			57.5103686991616	-41.0913112725217
			57.4667009932397	-41.0913112725217
			57.4230332873178	-41.0913112725217
			57.3793655813958	-41.0913112725217
			57.3356978754739	-41.0913112725217
			57.292030169552	-41.0913112725217
			57.2483624636301	-41.0913112725217
			57.2046947577082	-41.0913112725217
			57.1610270517863	-41.0913112725217
			57.1173593458644	-41.0913112725217
			57.0736916399424	-41.0913112725217
			57.0300239340205	-41.0913112725217
			56.9863562280986	-41.0913112725217
			56.9426885221767	-41.0913112725217
			56.8990208162548	-41.0913112725217
			56.8553531103329	-41.0913112725217
			56.811685404411	-41.0913112725217
			56.768017698489	-41.0913112725217
			56.7243499925671	-41.0913112725217
			56.6806822866452	-41.0913112725217
			56.6370145807233	-41.0913112725217
			56.5933468748014	-41.0913112725217
			56.5496791688795	-41.0913112725217
			56.5060114629575	-41.0913112725217
			56.4623437570356	-41.0913112725217
			56.4186760511137	-41.0913112725217
			56.3750083451918	-41.0913112725217
			56.3313406392699	-41.0913112725217
			56.287672933348	-41.0913112725217
			56.2440052274261	-41.0913112725217
			56.2003375215041	-41.0913112725217
			56.1566698155822	-41.0913112725217
			56.1130021096603	-41.0913112725217
			56.0693344037384	-41.0913112725217
			56.0256666978165	-41.0913112725217
			55.9819989918946	-41.0913112725217
			55.9383312859727	-41.0913112725217
			55.8946635800507	-41.0913112725217
			55.8509958741288	-41.0913112725217
			55.8073281682069	-41.0913112725217
			55.763660462285	-41.0913112725217
			55.7199927563631	-41.0913112725217
			55.6763250504412	-41.1349789784436
			55.6326573445193	-41.1349789784436
			55.5889896385973	-41.1349789784436
			55.5453219326754	-41.1349789784436
			55.5016542267535	-41.1349789784436
			55.4579865208316	-41.1349789784436
			55.4143188149097	-41.1349789784436
			55.3706511089878	-41.1349789784436
			55.3269834030659	-41.1349789784436
			55.2833156971439	-41.1349789784436
			55.239647991222	-41.1349789784436
			55.1959802853001	-41.1349789784436
			55.1523125793782	-41.1349789784436
			55.1086448734563	-41.1349789784436
			55.0649771675344	-41.1349789784436
			55.0213094616125	-41.1349789784436
			54.9776417556905	-41.1349789784436
			54.9339740497686	-41.1349789784436
			54.8903063438467	-41.1349789784436
			54.8466386379248	-41.1349789784436
			54.8029709320029	-41.1349789784436
			54.759303226081	-41.1349789784436
			54.715635520159	-41.1349789784436
			54.6719678142371	-41.1349789784436
			54.6283001083152	-41.1349789784436
			54.5846324023933	-41.1349789784436
			54.5409646964714	-41.1349789784436
			54.4972969905495	-41.1349789784436
			54.4536292846276	-41.1349789784436
			54.4099615787056	-41.1349789784436
			54.3662938727837	-41.1349789784436
			54.3226261668618	-41.1349789784436
			54.2789584609399	-41.1349789784436
			54.235290755018	-41.1349789784436
			54.1916230490961	-41.1349789784436
			54.1479553431742	-41.1349789784436
			54.1042876372522	-41.1349789784436
			54.0606199313303	-41.1349789784436
			54.0169522254084	-41.1349789784436
			53.9732845194865	-41.1349789784436
			53.9296168135646	-41.1349789784436
			53.8859491076427	-41.1349789784436
			53.8422814017208	-41.1349789784436
			53.7986136957988	-41.1349789784436
			53.7549459898769	-41.1349789784436
			53.711278283955	-41.1349789784436
			53.6676105780331	-41.1349789784436
			53.6239428721112	-41.1349789784436
			53.5802751661893	-41.1349789784436
			53.5366074602674	-41.0913112725217
			53.4929397543454	-41.0913112725217
			53.4492720484235	-41.0913112725217
			53.4056043425016	-41.0913112725217
			53.3619366365797	-41.0913112725217
			53.3182689306578	-41.0913112725217
			53.2746012247359	-41.0913112725217
			53.2309335188139	-41.0913112725217
			53.187265812892	-41.0913112725217
			53.1435981069701	-41.0913112725217
			53.0999304010482	-41.0913112725217
			53.0562626951263	-41.0913112725217
			53.0125949892044	-41.0913112725217
			52.9689272832825	-41.0913112725217
			52.9252595773605	-41.0913112725217
			52.8815918714386	-41.0913112725217
			52.8379241655167	-41.0913112725217
			52.7942564595948	-41.0913112725217
			52.7505887536729	-41.0913112725217
			52.706921047751	-41.0913112725217
			52.6632533418291	-41.0913112725217
			52.6195856359071	-41.0913112725217
			52.5759179299852	-41.0913112725217
			52.5322502240633	-41.0913112725217
			52.4885825181414	-41.0913112725217
			52.4449148122195	-41.0913112725217
			52.4012471062976	-41.0913112725217
			52.3575794003757	-41.0913112725217
			52.3139116944537	-41.0913112725217
			52.2702439885318	-41.0913112725217
			52.2265762826099	-41.0913112725217
			52.182908576688	-41.0913112725217
			52.1392408707661	-41.0913112725217
			52.0955731648442	-41.0913112725217
			52.0519054589223	-41.0913112725217
			52.0082377530003	-41.0913112725217
			51.9645700470784	-41.0913112725217
			51.9645700470784	-41.1349789784436
			51.9209023411565	-41.1349789784436
			51.8772346352346	-41.1349789784436
			51.8335669293127	-41.1349789784436
			51.7898992233908	-41.1786466843655
			51.7462315174688	-41.1786466843655
			51.7025638115469	-41.1786466843655
			51.658896105625	-41.1786466843655
			51.6152283997031	-41.2223143902874
			51.5715606937812	-41.2223143902874
			51.5278929878593	-41.2223143902874
			51.4842252819374	-41.2223143902874
			51.4405575760155	-41.2659820962093
			51.3968898700935	-41.2659820962093
			51.3532221641716	-41.2659820962093
			51.3095544582497	-41.2659820962093
			51.2658867523278	-41.2659820962093
			51.2222190464059	-41.2659820962093
			51.2222190464059	-41.3096498021313
			51.178551340484	-41.3096498021313
			51.134883634562	-41.3096498021313
			51.0912159286401	-41.3096498021313
			51.0475482227182	-41.3096498021313
			51.0038805167963	-41.3096498021313
			50.9602128108744	-41.3096498021313
			50.9165451049525	-41.3533175080532
			50.8728773990306	-41.3533175080532
			50.8292096931086	-41.3533175080532
			50.7855419871867	-41.3533175080532
			50.7418742812648	-41.3533175080532
			50.6982065753429	-41.3533175080532
			50.654538869421	-41.3533175080532
			50.6108711634991	-41.3969852139751
			50.5672034575772	-41.3969852139751
			50.5235357516552	-41.3969852139751
			50.4798680457333	-41.3969852139751
			50.4362003398114	-41.3969852139751
			50.3925326338895	-41.3969852139751
			50.3488649279676	-41.3969852139751
			50.3051972220457	-41.3969852139751
			50.2615295161238	-41.440652919897
			50.2178618102018	-41.440652919897
			50.1741941042799	-41.440652919897
			50.130526398358	-41.440652919897
			50.0868586924361	-41.440652919897
			50.0431909865142	-41.440652919897
			49.9995232805923	-41.440652919897
			49.9558555746704	-41.440652919897
			49.9121878687484	-41.4843206258189
			49.8685201628265	-41.4843206258189
			49.8248524569046	-41.4843206258189
			49.7811847509827	-41.4843206258189
			49.7375170450608	-41.4843206258189
			49.6938493391389	-41.4843206258189
			49.650181633217	-41.4843206258189
			49.606513927295	-41.4843206258189
			49.5628462213731	-41.4843206258189
			49.5191785154512	-41.5279883317408
			49.4755108095293	-41.5279883317408
			49.4318431036074	-41.5279883317408
			49.3881753976855	-41.5279883317408
			49.3445076917635	-41.5279883317408
			49.3008399858416	-41.5279883317408
			49.2571722799197	-41.5279883317408
			49.2135045739978	-41.5279883317408
			49.1698368680759	-41.5279883317408
			49.126169162154	-41.5279883317408
			49.0825014562321	-41.5716560376627
			49.0388337503101	-41.5716560376627
			48.9951660443882	-41.5716560376627
			48.9514983384663	-41.5716560376627
			48.9078306325444	-41.5716560376627
			48.8641629266225	-41.5716560376627
			48.8204952207006	-41.5716560376627
			48.7768275147787	-41.5716560376627
			48.7331598088567	-41.5716560376627
			48.6894921029348	-41.5716560376627
			48.6458243970129	-41.5716560376627
			48.602156691091	-41.6153237435847
			48.5584889851691	-41.6153237435847
			48.5148212792472	-41.6153237435847
			48.4711535733253	-41.6153237435847
			48.4274858674033	-41.6153237435847
			48.3838181614814	-41.6153237435847
			48.3401504555595	-41.6153237435847
			48.2964827496376	-41.6153237435847
			48.2528150437157	-41.6153237435847
			48.2091473377938	-41.6153237435847
			48.1654796318719	-41.6153237435847
			48.1218119259499	-41.6153237435847
			48.078144220028	-41.6589914495066
			48.0344765141061	-41.6589914495066
			47.9908088081842	-41.6589914495066
			47.9471411022623	-41.6589914495066
			47.9034733963404	-41.6589914495066
			47.8598056904184	-41.6589914495066
			47.8161379844965	-41.6589914495066
			47.7724702785746	-41.6589914495066
			47.7288025726527	-41.6589914495066
			47.6851348667308	-41.6589914495066
			47.6414671608089	-41.6589914495066
			47.597799454887	-41.6589914495066
			47.554131748965	-41.7026591554285
			47.5104640430431	-41.7026591554285
			47.4667963371212	-41.7026591554285
			47.4231286311993	-41.7026591554285
			47.3794609252774	-41.7026591554285
			47.3357932193555	-41.7026591554285
			47.2921255134336	-41.7026591554285
			47.2484578075116	-41.7026591554285
			47.2047901015897	-41.7026591554285
			47.1611223956678	-41.7026591554285
			47.1174546897459	-41.7026591554285
			47.073786983824	-41.7026591554285
			47.0301192779021	-41.7026591554285
			46.9864515719802	-41.7026591554285
			46.9427838660582	-41.7463268613504
			46.8991161601363	-41.7463268613504
			46.8554484542144	-41.7463268613504
			46.8117807482925	-41.7463268613504
			46.7681130423706	-41.7463268613504
			46.7244453364487	-41.7463268613504
			46.6807776305268	-41.7463268613504
			46.6371099246048	-41.7463268613504
			46.5934422186829	-41.7463268613504
			46.549774512761	-41.7463268613504
			46.5061068068391	-41.7463268613504
			46.4624391009172	-41.7463268613504
			46.4187713949953	-41.7463268613504
			46.3751036890733	-41.7463268613504
			46.3314359831514	-41.7899945672723
			46.2877682772295	-41.7899945672723
			46.2441005713076	-41.7899945672723
			46.2004328653857	-41.7899945672723
			46.1567651594638	-41.7899945672723
			46.1130974535419	-41.7899945672723
			46.0694297476199	-41.7899945672723
			46.025762041698	-41.7899945672723
			45.9820943357761	-41.7899945672723
			45.9384266298542	-41.7899945672723
			45.8947589239323	-41.7899945672723
			45.8510912180104	-41.7899945672723
			45.8074235120885	-41.7899945672723
			45.7637558061665	-41.7899945672723
			45.7200881002446	-41.7899945672723
			45.6764203943227	-41.8336622731942
			45.6327526884008	-41.8336622731942
			45.5890849824789	-41.8336622731942
			45.545417276557	-41.8336622731942
			45.5017495706351	-41.8336622731942
			45.4580818647131	-41.8336622731942
			45.4144141587912	-41.8336622731942
			45.3707464528693	-41.8336622731942
			45.3270787469474	-41.8336622731942
			45.2834110410255	-41.8336622731942
			45.2397433351036	-41.8336622731942
			45.1960756291817	-41.8336622731942
			45.1524079232597	-41.8336622731942
			45.1087402173378	-41.8336622731942
			45.0650725114159	-41.8336622731942
			45.021404805494	-41.8773299791161
			44.9777370995721	-41.8773299791161
			44.9340693936502	-41.8773299791161
			44.8904016877283	-41.8773299791161
			44.8467339818063	-41.8773299791161
			44.8030662758844	-41.8773299791161
			44.7593985699625	-41.8773299791161
			44.7157308640406	-41.8773299791161
			44.6720631581187	-41.8773299791161
			44.6283954521968	-41.8773299791161
			44.5847277462749	-41.8773299791161
			44.5410600403529	-41.8773299791161
			44.497392334431	-41.8773299791161
			44.4537246285091	-41.8773299791161
			44.4100569225872	-41.8773299791161
			44.3663892166653	-41.8773299791161
			44.3227215107434	-41.8773299791161
			44.3227215107434	-41.9209976850381
			44.2790538048215	-41.9209976850381
			44.2353860988995	-41.9209976850381
			44.1917183929776	-41.9209976850381
			44.1480506870557	-41.9209976850381
			44.1043829811338	-41.9209976850381
			44.0607152752119	-41.9209976850381
			44.01704756929	-41.9209976850381
			43.973379863368	-41.9209976850381
			43.9297121574461	-41.9209976850381
			43.8860444515242	-41.9209976850381
			43.8423767456023	-41.9209976850381
			43.7987090396804	-41.9209976850381
			43.7550413337585	-41.9209976850381
			43.7113736278366	-41.9209976850381
			43.6677059219146	-41.9209976850381
			43.6240382159927	-41.9209976850381
			43.5803705100708	-41.9209976850381
			43.5367028041489	-41.96466539096
			43.493035098227	-41.96466539096
			43.4493673923051	-41.96466539096
			43.4056996863832	-41.96466539096
			43.3620319804612	-41.96466539096
			43.3183642745393	-41.96466539096
			43.2746965686174	-41.96466539096
			43.2310288626955	-41.96466539096
			43.1873611567736	-41.96466539096
			43.1436934508517	-41.96466539096
			43.1000257449298	-41.96466539096
			43.0563580390078	-41.96466539096
			43.0126903330859	-41.96466539096
			42.969022627164	-41.96466539096
			42.9253549212421	-41.96466539096
			42.8816872153202	-41.96466539096
			42.8380195093983	-41.96466539096
			42.7943518034764	-42.0083330968819
			42.7506840975544	-42.0083330968819
			42.7070163916325	-42.0083330968819
			42.6633486857106	-42.0083330968819
			42.6196809797887	-42.0083330968819
			42.5760132738668	-42.0083330968819
			42.5323455679449	-42.0083330968819
			42.4886778620229	-42.0083330968819
			42.445010156101	-42.0083330968819
			42.4013424501791	-42.0083330968819
			42.3576747442572	-42.0083330968819
			42.3140070383353	-42.0083330968819
			42.2703393324134	-42.0520008028038
			42.2266716264915	-42.0520008028038
			42.1830039205695	-42.0520008028038
			42.1393362146476	-42.0520008028038
			42.0956685087257	-42.0520008028038
			42.0520008028038	-42.0520008028038
			42.0083330968819	-42.0520008028038
			41.96466539096	-42.0520008028038
			41.9209976850381	-42.0520008028038
			41.8773299791161	-42.0956685087257
			41.8336622731942	-42.0956685087257
			41.7899945672723	-42.0956685087257
			41.7463268613504	-42.0956685087257
			41.7026591554285	-42.0956685087257
			41.6589914495066	-42.0956685087257
			41.6153237435847	-42.0956685087257
			41.5716560376627	-42.1393362146476
			41.5279883317408	-42.1393362146476
			41.4843206258189	-42.1393362146476
			41.440652919897	-42.1393362146476
			41.3969852139751	-42.1393362146476
			41.3533175080532	-42.1393362146476
			41.3096498021313	-42.1830039205695
			41.2659820962093	-42.1830039205695
			41.2223143902874	-42.1830039205695
			41.1786466843655	-42.1830039205695
			41.1349789784436	-42.1830039205695
			41.0913112725217	-42.2266716264915
			41.0476435665998	-42.2266716264915
			41.0039758606778	-42.2266716264915
			40.9603081547559	-42.2266716264915
			40.916640448834	-42.2266716264915
			40.8729727429121	-42.2703393324134
			40.8293050369902	-42.2703393324134
			40.7856373310683	-42.2703393324134
			40.7419696251464	-42.3140070383353
			40.6983019192244	-42.3140070383353
			40.6546342133025	-42.3140070383353
			40.6109665073806	-42.3140070383353
			40.5672988014587	-42.3576747442572
			40.5236310955368	-42.3576747442572
			40.4799633896149	-42.3576747442572
			40.436295683693	-42.4013424501791
			40.392627977771	-42.4013424501791
			40.3489602718491	-42.4013424501791
			40.3052925659272	-42.445010156101
			40.2616248600053	-42.445010156101
			40.2179571540834	-42.445010156101
			40.1742894481615	-42.4886778620229
			40.1306217422396	-42.4886778620229
			40.0869540363176	-42.4886778620229
			40.0432863303957	-42.5323455679449
			39.9996186244738	-42.5323455679449
			39.9559509185519	-42.5760132738668
			39.91228321263	-42.5760132738668
			39.8686155067081	-42.6196809797887
			39.8249478007862	-42.6196809797887
			39.7812800948642	-42.6633486857106
			39.7376123889423	-42.6633486857106
			39.6939446830204	-42.7070163916325
			39.6502769770985	-42.7070163916325
			39.6066092711766	-42.7506840975544
			39.5629415652547	-42.7943518034764
			39.5192738593327	-42.7943518034764
			39.4756061534108	-42.8380195093983
			39.4319384474889	-42.8816872153202
			39.388270741567	-42.8816872153202
			39.3446030356451	-42.9253549212421
		</c2>
	</curves.scaled>
	<ruler.points type=matrix rownames=TRUE colnames=FALSE nrow=2 ncol=2 as.numeric=TRUE >
		Ruler point 1	2026	286
		Ruler point 2	2255	285
	</ruler.points>
</shapes>

