<shapes type=list>
	<ruler.pixel type=vector names=FALSE length=1 as.numeric=TRUE >351.647550823264</ruler.pixel>
	<ruler.interval type=vector names=FALSE length=1 as.numeric=TRUE >10</ruler.interval>
	<scaling.units type=vector names=FALSE length=1 as.numeric=FALSE >undefined</scaling.units>
	<scaling type=vector names=FALSE length=1 as.numeric=TRUE >0.0403196307280631</scaling>
	<landmarks.pixel type=matrix rownames=TRUE colnames=FALSE nrow=2 ncol=2 as.numeric=TRUE >
		LM1	981	1237
		LM2	2086	1261
	</landmarks.pixel>
	<landmarks.scaled type=matrix rownames=TRUE colnames=FALSE nrow=2 ncol=2 as.numeric=TRUE >
		LM1	39.5535577442299	-49.8753832106141
		LM2	84.1067496987397	-50.8430543480876
	</landmarks.scaled>
	<curves.control type=list>
		<c1 type=matrix rownames=FALSE colnames=FALSE nrow=15 ncol=2 as.numeric=TRUE >
			981	1237
			1005	1190
			1074	1109
			1126	1032
			1255	943
			1320	887
			1400	837
			1463	780
			1614	769
			1808	784
			1903	945
			1930	1001
			1966	1074
			2067	1191
			2086	1261
		</c1>
		<c2 type=matrix rownames=FALSE colnames=FALSE nrow=21 ncol=2 as.numeric=TRUE >
			2086	1261
			2025	1256
			1985	1237
			1952	1252
			1918	1237
			1874	1252
			1825	1226
			1731	1240
			1671	1219
			1587	1228
			1525	1221
			1498	1229
			1451	1227
			1406	1235
			1374	1220
			1310	1239
			1246	1220
			1160	1249
			1126	1225
			1080	1240
			981	1237
		</c2>
	</curves.control>
	<curves.pixel type=list>
		<c1 type=matrix rownames=FALSE colnames=FALSE nrow=1382 ncol=2 as.numeric=TRUE >
			981	1237
			981	1236
			982	1235
			982	1234
			983	1234
			983	1233
			984	1232
			984	1231
			985	1230
			985	1229
			986	1228
			986	1227
			987	1226
			987	1225
			988	1224
			988	1223
			989	1223
			990	1222
			990	1221
			991	1220
			991	1219
			992	1218
			992	1217
			993	1216
			994	1215
			994	1214
			995	1213
			996	1212
			996	1211
			997	1210
			998	1209
			998	1208
			999	1207
			1000	1206
			1000	1205
			1001	1204
			1001	1203
			1002	1202
			1003	1201
			1003	1200
			1004	1199
			1005	1198
			1005	1197
			1006	1197
			1006	1196
			1007	1195
			1007	1194
			1008	1193
			1009	1192
			1010	1191
			1010	1190
			1011	1189
			1012	1188
			1012	1187
			1013	1186
			1014	1185
			1015	1184
			1015	1183
			1016	1182
			1017	1181
			1017	1180
			1018	1179
			1019	1178
			1020	1177
			1020	1176
			1021	1175
			1022	1174
			1023	1173
			1024	1172
			1024	1171
			1025	1170
			1026	1169
			1026	1168
			1027	1168
			1027	1167
			1028	1166
			1029	1165
			1030	1164
			1030	1163
			1031	1162
			1031	1161
			1032	1161
			1033	1160
			1033	1159
			1034	1158
			1034	1157
			1035	1157
			1036	1156
			1036	1155
			1037	1154
			1038	1153
			1039	1152
			1040	1151
			1040	1150
			1041	1149
			1042	1148
			1043	1147
			1043	1146
			1044	1145
			1045	1144
			1046	1143
			1047	1142
			1048	1141
			1048	1140
			1049	1139
			1050	1138
			1051	1137
			1052	1136
			1052	1135
			1053	1134
			1054	1133
			1055	1132
			1056	1131
			1057	1130
			1058	1129
			1058	1128
			1059	1127
			1059	1126
			1060	1126
			1061	1125
			1061	1124
			1062	1124
			1062	1123
			1063	1122
			1064	1121
			1065	1120
			1066	1119
			1067	1118
			1067	1117
			1068	1116
			1069	1115
			1070	1114
			1071	1113
			1071	1112
			1072	1111
			1073	1110
			1074	1109
			1074	1108
			1075	1107
			1076	1106
			1077	1105
			1078	1104
			1078	1103
			1079	1102
			1080	1101
			1081	1100
			1081	1099
			1082	1098
			1082	1097
			1083	1096
			1084	1096
			1084	1095
			1085	1094
			1085	1093
			1086	1092
			1087	1092
			1087	1091
			1088	1090
			1088	1089
			1089	1088
			1090	1088
			1090	1087
			1091	1086
			1092	1085
			1092	1084
			1093	1084
			1094	1083
			1094	1082
			1095	1081
			1096	1080
			1097	1079
			1098	1078
			1099	1077
			1099	1076
			1100	1075
			1101	1074
			1102	1073
			1103	1072
			1104	1071
			1105	1070
			1105	1069
			1106	1068
			1107	1067
			1108	1066
			1109	1065
			1110	1064
			1111	1063
			1112	1062
			1113	1061
			1113	1060
			1114	1059
			1115	1058
			1116	1057
			1117	1056
			1118	1055
			1119	1054
			1120	1053
			1121	1052
			1122	1051
			1123	1050
			1124	1049
			1125	1048
			1126	1047
			1127	1046
			1128	1045
			1129	1044
			1130	1043
			1131	1042
			1132	1041
			1133	1040
			1134	1039
			1135	1038
			1136	1037
			1137	1036
			1138	1035
			1139	1034
			1140	1034
			1141	1033
			1142	1032
			1143	1031
			1144	1030
			1145	1029
			1146	1029
			1147	1028
			1147	1027
			1148	1026
			1149	1026
			1150	1025
			1151	1024
			1151	1023
			1152	1023
			1153	1022
			1154	1021
			1155	1020
			1156	1020
			1156	1019
			1157	1018
			1158	1018
			1159	1017
			1160	1016
			1161	1015
			1162	1014
			1163	1013
			1164	1012
			1165	1011
			1166	1010
			1167	1010
			1168	1009
			1169	1008
			1170	1007
			1171	1006
			1172	1006
			1173	1005
			1174	1004
			1175	1003
			1176	1002
			1177	1002
			1178	1001
			1179	1000
			1180	999
			1181	998
			1182	998
			1183	997
			1184	996
			1185	995
			1186	994
			1187	993
			1188	993
			1189	992
			1190	991
			1191	990
			1192	989
			1193	988
			1194	988
			1195	987
			1196	986
			1197	986
			1197	985
			1198	984
			1199	984
			1200	983
			1201	982
			1202	982
			1203	981
			1204	980
			1205	979
			1206	978
			1207	977
			1208	977
			1209	976
			1210	975
			1211	974
			1212	974
			1213	973
			1214	973
			1215	972
			1215	971
			1216	971
			1217	970
			1218	970
			1219	969
			1219	968
			1220	968
			1221	967
			1222	967
			1223	966
			1224	965
			1225	964
			1226	963
			1227	963
			1228	962
			1229	961
			1230	961
			1231	960
			1232	959
			1233	958
			1234	958
			1235	957
			1236	956
			1237	956
			1238	955
			1239	954
			1240	953
			1241	953
			1242	952
			1243	951
			1244	951
			1245	950
			1246	949
			1247	948
			1248	948
			1249	947
			1250	946
			1251	945
			1252	945
			1253	944
			1254	944
			1254	943
			1255	943
			1256	942
			1257	941
			1258	940
			1259	939
			1260	939
			1261	938
			1262	937
			1263	937
			1263	936
			1264	935
			1265	935
			1266	934
			1266	933
			1267	933
			1268	932
			1269	931
			1270	931
			1270	930
			1271	929
			1272	929
			1273	928
			1273	927
			1274	927
			1275	926
			1276	925
			1277	925
			1277	924
			1278	924
			1279	923
			1280	922
			1281	922
			1281	921
			1282	920
			1283	920
			1284	919
			1285	918
			1286	917
			1287	916
			1288	916
			1289	915
			1290	914
			1291	913
			1292	913
			1293	912
			1294	911
			1295	910
			1296	909
			1297	909
			1298	908
			1299	907
			1300	906
			1301	906
			1302	905
			1303	904
			1304	903
			1305	903
			1306	902
			1307	901
			1308	900
			1309	900
			1310	899
			1311	898
			1312	897
			1313	897
			1314	896
			1315	895
			1316	894
			1317	894
			1318	893
			1319	892
			1320	891
			1321	891
			1322	890
			1323	889
			1324	888
			1325	888
			1326	887
			1327	886
			1328	885
			1329	885
			1330	884
			1331	883
			1332	882
			1333	882
			1334	881
			1335	880
			1336	879
			1337	879
			1338	878
			1339	878
			1339	877
			1340	877
			1341	876
			1342	876
			1343	875
			1344	874
			1345	873
			1346	873
			1347	872
			1348	871
			1349	870
			1350	870
			1351	869
			1352	869
			1353	868
			1354	867
			1355	867
			1356	866
			1356	865
			1357	865
			1358	864
			1359	864
			1360	863
			1361	862
			1362	862
			1363	861
			1364	860
			1365	860
			1366	859
			1367	859
			1368	858
			1369	857
			1370	856
			1371	856
			1372	855
			1373	854
			1374	854
			1375	853
			1376	853
			1376	852
			1377	852
			1378	851
			1379	850
			1380	850
			1381	849
			1382	848
			1383	848
			1384	847
			1385	846
			1386	846
			1387	845
			1388	845
			1389	844
			1390	843
			1391	843
			1392	842
			1393	841
			1394	841
			1395	840
			1396	839
			1397	839
			1398	838
			1399	838
			1400	837
			1401	836
			1402	835
			1403	835
			1403	834
			1404	833
			1405	833
			1406	832
			1407	831
			1408	831
			1408	830
			1409	829
			1410	829
			1411	828
			1412	827
			1413	826
			1414	826
			1415	825
			1416	825
			1417	824
			1417	823
			1418	823
			1419	822
			1420	821
			1421	821
			1422	820
			1423	819
			1424	819
			1425	818
			1426	818
			1427	817
			1428	816
			1429	816
			1430	815
			1431	815
			1432	814
			1433	813
			1434	813
			1435	812
			1436	812
			1437	811
			1438	811
			1439	810
			1440	810
			1441	809
			1442	809
			1443	809
			1443	808
			1444	808
			1445	807
			1446	807
			1447	807
			1447	806
			1448	806
			1449	805
			1450	805
			1451	805
			1452	804
			1453	803
			1454	803
			1455	803
			1456	802
			1457	802
			1458	801
			1459	801
			1460	800
			1461	800
			1462	800
			1463	799
			1464	799
			1465	799
			1466	798
			1467	798
			1468	797
			1469	797
			1470	797
			1471	796
			1472	796
			1473	796
			1474	795
			1475	795
			1476	795
			1477	794
			1478	794
			1479	794
			1480	793
			1481	793
			1482	793
			1483	792
			1484	792
			1485	792
			1486	791
			1487	791
			1488	791
			1489	790
			1490	790
			1491	790
			1492	789
			1493	789
			1494	789
			1495	788
			1496	788
			1497	788
			1498	788
			1499	787
			1500	787
			1501	787
			1502	786
			1503	786
			1504	786
			1505	786
			1506	785
			1507	785
			1508	785
			1509	785
			1510	785
			1510	784
			1511	784
			1512	784
			1513	784
			1514	784
			1514	783
			1515	783
			1516	783
			1517	783
			1518	783
			1518	782
			1519	782
			1520	782
			1521	782
			1522	782
			1523	781
			1524	781
			1525	781
			1526	781
			1527	781
			1528	780
			1529	780
			1530	780
			1531	780
			1532	780
			1533	779
			1534	779
			1535	779
			1536	779
			1537	779
			1538	778
			1539	778
			1540	778
			1541	778
			1542	778
			1543	777
			1544	777
			1545	777
			1546	777
			1547	777
			1548	777
			1549	777
			1550	776
			1551	776
			1552	776
			1553	776
			1554	776
			1555	776
			1555	775
			1556	775
			1557	775
			1558	775
			1559	775
			1560	775
			1561	775
			1562	775
			1563	774
			1564	774
			1565	774
			1566	774
			1567	774
			1568	774
			1569	774
			1570	773
			1571	773
			1572	773
			1573	773
			1574	773
			1575	773
			1576	773
			1577	773
			1578	772
			1579	772
			1580	772
			1581	772
			1582	772
			1583	772
			1584	772
			1585	772
			1586	772
			1587	771
			1588	771
			1589	771
			1590	771
			1591	771
			1592	771
			1593	771
			1594	771
			1595	771
			1596	771
			1597	770
			1598	770
			1599	770
			1600	770
			1601	770
			1602	770
			1603	770
			1604	770
			1605	770
			1606	770
			1607	770
			1608	769
			1609	769
			1610	769
			1611	769
			1612	769
			1613	769
			1614	769
			1615	769
			1616	769
			1617	769
			1618	769
			1619	769
			1620	770
			1621	770
			1622	770
			1623	770
			1624	770
			1625	770
			1626	770
			1627	770
			1628	770
			1629	770
			1630	770
			1631	771
			1632	771
			1633	771
			1634	771
			1635	771
			1636	771
			1637	771
			1638	771
			1639	772
			1640	772
			1641	772
			1642	772
			1643	772
			1644	772
			1645	772
			1646	773
			1647	773
			1648	773
			1649	773
			1650	773
			1651	773
			1652	774
			1653	774
			1654	774
			1655	774
			1656	774
			1657	774
			1658	774
			1659	775
			1660	775
			1661	775
			1662	775
			1663	775
			1664	776
			1665	776
			1666	776
			1667	776
			1668	776
			1669	777
			1670	777
			1671	777
			1672	777
			1673	777
			1674	778
			1675	778
			1676	778
			1677	778
			1678	779
			1679	779
			1680	779
			1681	779
			1682	779
			1683	780
			1684	780
			1685	780
			1686	780
			1687	781
			1688	781
			1689	781
			1690	781
			1690	782
			1691	782
			1692	782
			1693	782
			1694	783
			1695	783
			1696	783
			1697	783
			1698	784
			1699	784
			1700	784
			1701	784
			1702	785
			1703	785
			1704	785
			1705	786
			1706	786
			1707	786
			1708	787
			1709	787
			1710	787
			1711	788
			1712	788
			1713	788
			1714	788
			1715	789
			1716	789
			1717	790
			1718	790
			1719	790
			1720	791
			1721	791
			1722	791
			1723	792
			1724	792
			1725	793
			1726	793
			1727	793
			1728	794
			1729	794
			1730	794
			1731	795
			1732	795
			1733	795
			1733	796
			1734	796
			1735	796
			1736	797
			1737	797
			1738	798
			1739	798
			1740	798
			1741	799
			1742	799
			1743	800
			1744	800
			1745	800
			1746	801
			1747	802
			1748	802
			1749	802
			1750	803
			1751	803
			1752	804
			1753	804
			1754	805
			1755	805
			1756	805
			1756	806
			1757	806
			1758	807
			1759	807
			1760	808
			1761	808
			1762	809
			1763	809
			1764	810
			1765	810
			1766	811
			1767	811
			1768	812
			1769	812
			1770	813
			1771	813
			1772	814
			1773	815
			1774	815
			1775	816
			1776	816
			1777	817
			1778	817
			1779	818
			1780	819
			1781	819
			1782	820
			1783	820
			1784	821
			1785	821
			1785	822
			1786	822
			1787	823
			1788	824
			1789	824
			1790	825
			1791	825
			1792	826
			1793	826
			1794	827
			1794	828
			1795	828
			1796	829
			1797	829
			1798	830
			1799	831
			1800	831
			1801	832
			1802	833
			1803	834
			1804	835
			1805	835
			1806	836
			1807	837
			1808	837
			1809	838
			1810	839
			1811	840
			1812	840
			1813	841
			1814	842
			1815	842
			1815	843
			1816	843
			1817	844
			1818	845
			1819	846
			1820	846
			1821	847
			1822	848
			1822	849
			1823	849
			1824	850
			1825	851
			1826	851
			1827	852
			1828	853
			1828	854
			1829	854
			1830	855
			1831	856
			1832	857
			1833	857
			1833	858
			1834	859
			1835	860
			1836	860
			1837	861
			1837	862
			1838	863
			1839	863
			1840	864
			1841	865
			1841	866
			1842	867
			1843	867
			1844	868
			1845	869
			1845	870
			1846	870
			1847	871
			1848	872
			1849	873
			1849	874
			1850	875
			1851	875
			1852	876
			1853	877
			1853	878
			1854	879
			1855	879
			1856	880
			1856	881
			1857	882
			1858	883
			1859	884
			1859	885
			1860	885
			1861	886
			1862	887
			1862	888
			1863	889
			1864	890
			1865	891
			1866	892
			1867	893
			1868	894
			1868	895
			1869	896
			1870	897
			1871	898
			1872	899
			1872	900
			1873	901
			1874	902
			1875	903
			1876	904
			1876	905
			1877	906
			1878	907
			1878	908
			1879	909
			1880	910
			1881	911
			1881	912
			1882	913
			1883	914
			1883	915
			1884	916
			1885	917
			1886	918
			1886	919
			1887	920
			1888	921
			1888	922
			1889	923
			1890	924
			1890	925
			1891	926
			1892	927
			1892	928
			1893	929
			1894	930
			1895	931
			1895	932
			1896	933
			1897	934
			1897	935
			1898	936
			1898	937
			1899	938
			1900	939
			1900	940
			1901	941
			1901	942
			1902	943
			1902	944
			1903	945
			1903	946
			1904	946
			1904	947
			1904	948
			1905	948
			1905	949
			1905	950
			1906	950
			1906	951
			1906	952
			1907	952
			1907	953
			1907	954
			1908	955
			1908	956
			1909	957
			1909	958
			1910	959
			1910	960
			1911	961
			1911	962
			1912	963
			1912	964
			1913	965
			1913	966
			1914	967
			1914	968
			1915	969
			1915	970
			1916	971
			1916	972
			1917	973
			1917	974
			1918	975
			1918	976
			1919	977
			1919	978
			1920	979
			1920	980
			1921	981
			1921	982
			1922	983
			1922	984
			1922	985
			1923	986
			1923	987
			1924	988
			1925	989
			1925	990
			1925	991
			1926	992
			1926	993
			1927	994
			1927	995
			1928	996
			1928	997
			1929	998
			1929	999
			1929	1000
			1930	1001
			1931	1002
			1931	1003
			1932	1004
			1932	1005
			1932	1006
			1933	1006
			1933	1007
			1933	1008
			1934	1008
			1934	1009
			1934	1010
			1935	1010
			1935	1011
			1935	1012
			1936	1012
			1936	1013
			1936	1014
			1937	1014
			1937	1015
			1937	1016
			1938	1016
			1938	1017
			1938	1018
			1939	1019
			1939	1020
			1940	1021
			1941	1022
			1941	1023
			1941	1024
			1942	1025
			1942	1026
			1943	1026
			1943	1027
			1943	1028
			1944	1029
			1944	1030
			1945	1031
			1945	1032
			1946	1033
			1947	1034
			1947	1035
			1948	1036
			1948	1037
			1948	1038
			1949	1039
			1949	1040
			1950	1041
			1950	1042
			1951	1043
			1951	1044
			1952	1045
			1952	1046
			1953	1047
			1953	1048
			1954	1049
			1954	1050
			1955	1051
			1955	1052
			1955	1053
			1956	1054
			1957	1055
			1957	1056
			1957	1057
			1958	1057
			1958	1058
			1958	1059
			1959	1059
			1959	1060
			1959	1061
			1960	1061
			1960	1062
			1960	1063
			1961	1063
			1961	1064
			1961	1065
			1962	1065
			1962	1066
			1962	1067
			1963	1067
			1963	1068
			1963	1069
			1964	1070
			1964	1071
			1965	1072
			1966	1073
			1966	1074
			1967	1075
			1968	1076
			1969	1077
			1969	1078
			1970	1079
			1971	1080
			1972	1081
			1973	1082
			1974	1083
			1975	1084
			1975	1085
			1976	1086
			1977	1087
			1978	1088
			1978	1089
			1979	1090
			1980	1090
			1981	1091
			1982	1092
			1982	1093
			1983	1094
			1984	1095
			1985	1096
			1985	1097
			1986	1098
			1987	1099
			1988	1100
			1989	1101
			1990	1102
			1990	1103
			1991	1104
			1992	1104
			1992	1105
			1993	1106
			1994	1107
			1995	1108
			1995	1109
			1996	1110
			1997	1111
			1998	1112
			1998	1113
			1999	1114
			2000	1115
			2001	1116
			2001	1117
			2002	1118
			2003	1118
			2004	1119
			2004	1120
			2005	1121
			2006	1122
			2006	1123
			2007	1124
			2008	1125
			2008	1126
			2009	1127
			2010	1127
			2010	1128
			2011	1129
			2012	1130
			2012	1131
			2013	1132
			2014	1133
			2014	1134
			2015	1135
			2016	1135
			2016	1136
			2017	1137
			2018	1138
			2018	1139
			2019	1140
			2020	1141
			2021	1142
			2022	1143
			2022	1144
			2023	1145
			2024	1146
			2025	1147
			2025	1148
			2026	1149
			2026	1150
			2027	1150
			2027	1151
			2028	1152
			2029	1153
			2029	1154
			2030	1155
			2031	1156
			2032	1157
			2032	1158
			2033	1159
			2034	1160
			2035	1161
			2035	1162
			2036	1163
			2036	1164
			2037	1165
			2037	1166
			2038	1166
			2039	1167
			2039	1168
			2040	1169
			2040	1170
			2041	1171
			2042	1172
			2043	1173
			2043	1174
			2044	1175
			2045	1176
			2045	1177
			2046	1178
			2046	1179
			2047	1180
			2048	1181
			2048	1182
			2049	1183
			2050	1184
			2050	1185
			2051	1186
			2051	1187
			2052	1188
			2053	1189
			2053	1190
			2054	1191
			2054	1192
			2055	1193
			2055	1194
			2056	1195
			2057	1195
			2057	1196
			2058	1197
			2058	1198
			2059	1199
			2059	1200
			2060	1201
			2060	1202
			2061	1203
			2061	1204
			2062	1205
			2062	1206
			2063	1207
			2064	1208
			2064	1209
			2065	1210
			2065	1211
			2066	1212
			2066	1213
			2067	1214
			2067	1215
			2068	1216
			2068	1217
			2069	1217
			2069	1218
			2069	1219
			2070	1220
			2070	1221
			2071	1222
			2071	1223
			2072	1224
			2072	1225
			2073	1225
			2073	1226
			2073	1227
			2074	1228
			2074	1229
			2075	1230
			2075	1231
			2075	1232
			2076	1232
			2076	1233
			2076	1234
			2077	1235
			2077	1236
			2078	1237
			2078	1238
			2079	1239
			2079	1240
			2079	1241
			2080	1242
			2080	1243
			2081	1244
			2081	1245
			2081	1246
			2082	1247
			2082	1248
			2082	1249
			2083	1250
			2083	1251
			2083	1252
			2084	1253
			2084	1254
			2084	1255
			2084	1256
			2085	1257
			2085	1258
			2086	1259
			2086	1260
			2086	1261
		</c1>
		<c2 type=matrix rownames=FALSE colnames=FALSE nrow=1131 ncol=2 as.numeric=TRUE >
			2086	1261
			2085	1261
			2084	1261
			2083	1261
			2082	1261
			2081	1261
			2080	1260
			2079	1260
			2078	1260
			2077	1260
			2076	1260
			2075	1260
			2074	1260
			2073	1260
			2072	1260
			2071	1260
			2070	1259
			2069	1259
			2068	1259
			2067	1259
			2066	1259
			2065	1259
			2064	1259
			2063	1259
			2063	1258
			2062	1258
			2061	1258
			2060	1258
			2059	1258
			2058	1258
			2057	1258
			2056	1258
			2055	1257
			2054	1257
			2053	1257
			2052	1257
			2051	1257
			2050	1257
			2050	1256
			2049	1256
			2048	1256
			2047	1256
			2046	1256
			2045	1256
			2044	1256
			2044	1255
			2043	1255
			2042	1255
			2041	1255
			2040	1255
			2039	1255
			2039	1254
			2038	1254
			2037	1254
			2036	1254
			2035	1254
			2034	1253
			2033	1253
			2032	1253
			2031	1253
			2030	1252
			2029	1252
			2028	1252
			2027	1252
			2026	1251
			2025	1251
			2024	1251
			2023	1251
			2022	1250
			2021	1250
			2020	1250
			2019	1249
			2018	1249
			2017	1249
			2016	1249
			2015	1248
			2014	1248
			2013	1248
			2012	1248
			2012	1247
			2011	1247
			2010	1247
			2009	1247
			2009	1246
			2008	1246
			2007	1246
			2006	1246
			2006	1245
			2005	1245
			2004	1245
			2003	1245
			2003	1244
			2002	1244
			2001	1244
			2000	1244
			2000	1243
			1999	1243
			1998	1243
			1998	1242
			1997	1242
			1996	1242
			1995	1242
			1995	1241
			1994	1241
			1993	1241
			1993	1240
			1992	1240
			1991	1240
			1990	1239
			1989	1239
			1988	1238
			1987	1238
			1986	1237
			1985	1237
			1984	1237
			1983	1238
			1982	1238
			1981	1239
			1980	1239
			1979	1240
			1978	1240
			1977	1240
			1976	1241
			1975	1241
			1974	1241
			1973	1241
			1972	1242
			1971	1242
			1970	1242
			1969	1242
			1969	1243
			1968	1243
			1967	1243
			1966	1243
			1965	1243
			1964	1244
			1963	1244
			1962	1244
			1961	1244
			1960	1244
			1959	1244
			1958	1244
			1957	1244
			1956	1244
			1955	1244
			1954	1244
			1953	1244
			1952	1244
			1951	1244
			1950	1244
			1949	1244
			1948	1244
			1947	1244
			1946	1244
			1945	1244
			1944	1244
			1943	1244
			1942	1244
			1941	1244
			1940	1244
			1939	1243
			1938	1243
			1937	1243
			1936	1243
			1935	1243
			1934	1242
			1933	1242
			1932	1242
			1931	1242
			1930	1241
			1929	1241
			1928	1241
			1927	1240
			1926	1240
			1925	1240
			1924	1239
			1923	1239
			1922	1239
			1921	1238
			1920	1238
			1919	1237
			1918	1237
			1917	1237
			1916	1238
			1915	1238
			1914	1238
			1913	1239
			1912	1239
			1911	1239
			1910	1239
			1909	1240
			1908	1240
			1907	1240
			1906	1240
			1905	1240
			1904	1241
			1903	1241
			1902	1241
			1901	1241
			1900	1241
			1899	1242
			1898	1242
			1897	1242
			1896	1242
			1895	1242
			1894	1242
			1893	1242
			1892	1242
			1891	1242
			1890	1242
			1889	1242
			1888	1242
			1887	1242
			1886	1242
			1885	1242
			1884	1242
			1883	1242
			1882	1242
			1881	1242
			1880	1242
			1879	1242
			1878	1242
			1877	1242
			1876	1242
			1875	1242
			1874	1242
			1873	1242
			1872	1242
			1871	1242
			1871	1241
			1870	1241
			1869	1241
			1868	1241
			1867	1241
			1866	1241
			1865	1241
			1864	1240
			1863	1240
			1862	1240
			1861	1240
			1860	1240
			1859	1239
			1858	1239
			1857	1239
			1856	1238
			1855	1238
			1854	1238
			1853	1238
			1852	1237
			1851	1237
			1850	1237
			1849	1236
			1848	1236
			1847	1236
			1846	1235
			1845	1235
			1844	1235
			1843	1234
			1842	1234
			1841	1233
			1840	1233
			1839	1233
			1838	1232
			1837	1232
			1836	1231
			1835	1231
			1834	1231
			1833	1230
			1832	1230
			1831	1229
			1830	1229
			1830	1228
			1829	1228
			1828	1227
			1827	1227
			1826	1226
			1825	1226
			1824	1226
			1823	1226
			1822	1226
			1821	1227
			1820	1227
			1819	1227
			1818	1227
			1817	1227
			1816	1227
			1815	1227
			1814	1228
			1813	1228
			1812	1228
			1811	1228
			1810	1228
			1809	1228
			1808	1228
			1807	1228
			1806	1228
			1805	1229
			1804	1229
			1803	1229
			1802	1229
			1801	1229
			1800	1229
			1799	1229
			1798	1229
			1797	1230
			1796	1230
			1795	1230
			1794	1230
			1793	1230
			1792	1230
			1791	1230
			1790	1230
			1789	1230
			1788	1230
			1787	1230
			1786	1230
			1785	1230
			1784	1231
			1783	1231
			1782	1231
			1781	1231
			1780	1231
			1779	1231
			1778	1231
			1777	1231
			1776	1231
			1775	1231
			1774	1231
			1773	1231
			1772	1231
			1771	1231
			1770	1231
			1769	1231
			1768	1231
			1767	1231
			1766	1231
			1765	1231
			1764	1232
			1763	1232
			1762	1232
			1761	1232
			1760	1232
			1759	1232
			1758	1232
			1757	1232
			1756	1232
			1755	1232
			1754	1232
			1753	1232
			1752	1232
			1751	1232
			1750	1232
			1749	1232
			1748	1232
			1747	1231
			1746	1231
			1745	1231
			1744	1231
			1743	1231
			1742	1231
			1741	1231
			1740	1231
			1739	1231
			1738	1231
			1737	1231
			1736	1231
			1735	1231
			1734	1231
			1733	1231
			1732	1231
			1731	1231
			1730	1231
			1729	1231
			1728	1231
			1728	1230
			1727	1230
			1726	1230
			1725	1230
			1724	1230
			1723	1230
			1722	1230
			1721	1230
			1720	1230
			1719	1230
			1718	1230
			1717	1229
			1716	1229
			1715	1229
			1714	1229
			1713	1229
			1712	1229
			1711	1229
			1710	1228
			1709	1228
			1708	1228
			1707	1228
			1706	1228
			1705	1228
			1704	1227
			1703	1227
			1702	1227
			1701	1227
			1700	1227
			1699	1227
			1699	1226
			1698	1226
			1697	1226
			1696	1226
			1695	1226
			1694	1225
			1693	1225
			1692	1225
			1691	1225
			1690	1225
			1689	1224
			1688	1224
			1687	1224
			1686	1224
			1685	1223
			1684	1223
			1683	1223
			1682	1222
			1681	1222
			1680	1222
			1679	1222
			1678	1221
			1677	1221
			1676	1221
			1675	1220
			1674	1220
			1673	1220
			1672	1219
			1671	1219
			1670	1219
			1669	1219
			1668	1219
			1667	1219
			1666	1219
			1665	1220
			1664	1220
			1663	1220
			1662	1220
			1661	1220
			1660	1220
			1659	1220
			1658	1220
			1657	1220
			1656	1220
			1655	1221
			1654	1221
			1653	1221
			1652	1221
			1651	1221
			1650	1221
			1649	1221
			1648	1221
			1647	1221
			1646	1221
			1645	1221
			1644	1222
			1643	1222
			1642	1222
			1641	1222
			1640	1222
			1639	1222
			1638	1222
			1637	1222
			1636	1222
			1635	1222
			1634	1222
			1633	1222
			1632	1222
			1631	1222
			1630	1223
			1629	1223
			1628	1223
			1627	1223
			1626	1223
			1625	1223
			1624	1223
			1623	1223
			1622	1223
			1621	1223
			1620	1223
			1619	1223
			1618	1223
			1617	1223
			1616	1223
			1615	1223
			1614	1223
			1613	1223
			1612	1223
			1611	1223
			1610	1224
			1609	1224
			1608	1224
			1607	1224
			1606	1224
			1605	1224
			1604	1224
			1603	1224
			1602	1224
			1601	1224
			1600	1224
			1599	1224
			1598	1224
			1597	1224
			1596	1224
			1595	1224
			1594	1224
			1593	1224
			1592	1224
			1591	1224
			1590	1224
			1589	1224
			1588	1224
			1587	1224
			1586	1224
			1585	1224
			1584	1224
			1583	1224
			1582	1224
			1581	1224
			1580	1224
			1579	1224
			1578	1224
			1577	1224
			1576	1224
			1575	1224
			1574	1224
			1573	1224
			1572	1224
			1571	1224
			1570	1224
			1569	1224
			1568	1224
			1567	1224
			1566	1224
			1565	1224
			1564	1224
			1563	1224
			1562	1224
			1561	1224
			1560	1224
			1559	1224
			1558	1224
			1557	1223
			1556	1223
			1555	1223
			1554	1223
			1553	1223
			1552	1223
			1551	1223
			1550	1223
			1549	1223
			1548	1223
			1547	1223
			1546	1223
			1545	1223
			1544	1223
			1543	1223
			1542	1223
			1541	1222
			1540	1222
			1539	1222
			1538	1222
			1537	1222
			1536	1222
			1535	1222
			1534	1222
			1533	1222
			1532	1222
			1531	1222
			1530	1222
			1530	1221
			1529	1221
			1528	1221
			1527	1221
			1526	1221
			1525	1221
			1524	1221
			1523	1222
			1522	1222
			1521	1222
			1520	1222
			1519	1223
			1518	1223
			1517	1223
			1516	1223
			1515	1224
			1514	1224
			1513	1224
			1512	1224
			1511	1224
			1510	1224
			1509	1225
			1508	1225
			1507	1225
			1506	1225
			1505	1225
			1504	1225
			1503	1225
			1502	1226
			1501	1226
			1500	1226
			1499	1226
			1498	1226
			1497	1226
			1496	1226
			1495	1226
			1494	1226
			1493	1227
			1492	1227
			1491	1227
			1490	1227
			1489	1227
			1488	1227
			1487	1227
			1486	1227
			1485	1227
			1484	1227
			1483	1227
			1482	1227
			1481	1227
			1480	1227
			1479	1227
			1478	1227
			1477	1227
			1476	1227
			1475	1227
			1474	1227
			1473	1227
			1472	1227
			1471	1227
			1470	1227
			1469	1227
			1468	1227
			1467	1227
			1466	1227
			1465	1227
			1464	1227
			1463	1227
			1462	1227
			1461	1227
			1460	1227
			1459	1227
			1458	1227
			1457	1227
			1456	1227
			1455	1227
			1454	1227
			1453	1227
			1452	1227
			1451	1227
			1450	1227
			1449	1227
			1448	1228
			1447	1228
			1446	1228
			1445	1228
			1444	1228
			1443	1228
			1442	1228
			1441	1228
			1440	1229
			1439	1229
			1438	1229
			1437	1229
			1436	1229
			1435	1229
			1434	1229
			1433	1229
			1432	1229
			1431	1229
			1430	1230
			1429	1230
			1428	1230
			1427	1230
			1426	1230
			1425	1230
			1424	1230
			1423	1230
			1422	1230
			1421	1230
			1420	1230
			1419	1230
			1418	1230
			1417	1230
			1416	1230
			1415	1230
			1414	1230
			1413	1230
			1412	1229
			1411	1229
			1410	1229
			1409	1229
			1408	1229
			1407	1229
			1406	1229
			1405	1229
			1404	1229
			1403	1229
			1402	1228
			1401	1228
			1400	1228
			1399	1228
			1398	1228
			1397	1227
			1396	1227
			1395	1227
			1394	1227
			1393	1226
			1392	1226
			1391	1226
			1390	1226
			1389	1225
			1388	1225
			1387	1225
			1386	1225
			1385	1224
			1384	1224
			1383	1224
			1382	1223
			1381	1223
			1380	1223
			1379	1222
			1378	1222
			1377	1221
			1376	1221
			1375	1221
			1374	1220
			1373	1220
			1372	1221
			1371	1221
			1370	1221
			1369	1222
			1368	1222
			1367	1222
			1366	1222
			1365	1223
			1364	1223
			1363	1223
			1362	1223
			1361	1223
			1361	1224
			1360	1224
			1359	1224
			1358	1224
			1357	1224
			1356	1225
			1355	1225
			1354	1225
			1353	1225
			1352	1225
			1351	1226
			1350	1226
			1349	1226
			1348	1226
			1347	1226
			1346	1226
			1346	1227
			1345	1227
			1344	1227
			1343	1227
			1342	1227
			1341	1227
			1340	1227
			1339	1228
			1338	1228
			1337	1228
			1336	1228
			1335	1228
			1334	1228
			1333	1228
			1332	1228
			1331	1228
			1330	1229
			1329	1229
			1328	1229
			1327	1229
			1326	1229
			1325	1229
			1324	1229
			1323	1229
			1322	1229
			1321	1229
			1320	1229
			1319	1229
			1318	1229
			1317	1229
			1316	1229
			1315	1229
			1314	1229
			1313	1229
			1312	1229
			1311	1229
			1310	1229
			1309	1229
			1308	1229
			1307	1229
			1306	1229
			1305	1229
			1304	1229
			1303	1229
			1302	1229
			1301	1229
			1300	1229
			1299	1229
			1298	1229
			1297	1229
			1296	1229
			1295	1229
			1294	1229
			1293	1229
			1292	1229
			1291	1229
			1290	1229
			1289	1228
			1288	1228
			1287	1228
			1286	1228
			1285	1228
			1284	1228
			1283	1228
			1282	1228
			1281	1228
			1280	1227
			1279	1227
			1278	1227
			1277	1227
			1276	1227
			1275	1227
			1274	1226
			1273	1226
			1272	1226
			1271	1226
			1270	1226
			1269	1226
			1268	1225
			1267	1225
			1266	1225
			1265	1225
			1264	1224
			1263	1224
			1262	1224
			1261	1224
			1260	1224
			1259	1223
			1258	1223
			1257	1223
			1256	1223
			1255	1222
			1254	1222
			1253	1222
			1252	1222
			1251	1222
			1251	1221
			1250	1221
			1249	1221
			1248	1221
			1247	1220
			1246	1220
			1245	1220
			1244	1221
			1243	1221
			1242	1221
			1241	1222
			1240	1222
			1239	1222
			1238	1223
			1237	1223
			1236	1223
			1235	1224
			1234	1224
			1233	1224
			1232	1225
			1231	1225
			1230	1225
			1229	1225
			1228	1226
			1227	1226
			1226	1226
			1225	1226
			1224	1227
			1223	1227
			1222	1227
			1221	1228
			1220	1228
			1219	1228
			1218	1228
			1218	1229
			1217	1229
			1216	1229
			1215	1229
			1214	1229
			1213	1230
			1212	1230
			1211	1230
			1210	1230
			1209	1231
			1208	1231
			1207	1231
			1206	1231
			1205	1231
			1205	1232
			1204	1232
			1203	1232
			1202	1232
			1201	1232
			1200	1232
			1199	1233
			1198	1233
			1197	1233
			1196	1233
			1195	1233
			1194	1234
			1193	1234
			1192	1234
			1191	1234
			1190	1234
			1189	1234
			1188	1234
			1187	1235
			1186	1235
			1185	1235
			1184	1235
			1183	1235
			1182	1235
			1181	1235
			1180	1235
			1179	1235
			1178	1235
			1177	1235
			1177	1236
			1176	1236
			1175	1236
			1174	1236
			1173	1236
			1172	1236
			1171	1236
			1170	1236
			1169	1236
			1168	1236
			1167	1236
			1166	1236
			1165	1236
			1164	1236
			1163	1236
			1162	1236
			1161	1236
			1160	1236
			1159	1236
			1158	1235
			1157	1235
			1156	1235
			1155	1235
			1154	1235
			1153	1235
			1152	1235
			1151	1235
			1150	1234
			1149	1234
			1148	1234
			1147	1234
			1146	1234
			1145	1233
			1144	1233
			1143	1233
			1142	1233
			1141	1232
			1140	1232
			1139	1232
			1138	1231
			1137	1231
			1136	1231
			1136	1230
			1135	1230
			1134	1230
			1133	1229
			1132	1229
			1131	1228
			1130	1227
			1129	1227
			1128	1226
			1127	1226
			1126	1225
			1125	1225
			1124	1226
			1123	1226
			1122	1226
			1121	1227
			1120	1227
			1119	1227
			1118	1227
			1117	1228
			1116	1228
			1115	1228
			1114	1228
			1113	1229
			1112	1229
			1111	1229
			1110	1229
			1109	1230
			1108	1230
			1107	1230
			1106	1230
			1105	1230
			1104	1231
			1103	1231
			1102	1231
			1101	1231
			1100	1231
			1099	1232
			1098	1232
			1097	1232
			1096	1232
			1095	1232
			1094	1232
			1093	1233
			1092	1233
			1091	1233
			1090	1233
			1089	1233
			1088	1233
			1087	1233
			1086	1234
			1085	1234
			1084	1234
			1083	1234
			1082	1234
			1081	1234
			1080	1234
			1079	1234
			1078	1234
			1077	1235
			1076	1235
			1075	1235
			1074	1235
			1073	1235
			1072	1235
			1071	1235
			1070	1235
			1069	1235
			1068	1235
			1067	1235
			1066	1236
			1065	1236
			1064	1236
			1063	1236
			1062	1236
			1061	1236
			1060	1236
			1059	1236
			1058	1236
			1057	1236
			1056	1236
			1055	1236
			1054	1236
			1053	1236
			1052	1237
			1051	1237
			1050	1237
			1049	1237
			1048	1237
			1047	1237
			1046	1237
			1045	1237
			1044	1237
			1043	1237
			1042	1237
			1041	1237
			1040	1237
			1039	1237
			1038	1237
			1037	1237
			1036	1237
			1035	1237
			1034	1237
			1033	1237
			1032	1237
			1031	1237
			1030	1237
			1029	1237
			1028	1237
			1027	1237
			1026	1237
			1025	1237
			1024	1237
			1023	1237
			1022	1237
			1021	1237
			1020	1237
			1019	1237
			1018	1237
			1017	1237
			1016	1237
			1015	1237
			1014	1237
			1013	1237
			1012	1237
			1011	1237
			1010	1237
			1009	1237
			1008	1237
			1007	1237
			1006	1237
			1005	1237
			1004	1237
			1003	1237
			1002	1237
			1001	1237
			1000	1237
			999	1237
			998	1237
			997	1237
			996	1237
			995	1237
			994	1237
			993	1237
			992	1237
			991	1237
			990	1237
			989	1237
			988	1237
			987	1237
			986	1237
			985	1237
			984	1237
			983	1237
			982	1237
			981	1237
		</c2>
	</curves.pixel>
	<curves.scaled type=list>
		<c1 type=matrix rownames=FALSE colnames=FALSE nrow=1382 ncol=2 as.numeric=TRUE >
			39.5535577442299	-49.8753832106141
			39.5535577442299	-49.835063579886
			39.593877374958	-49.794743949158
			39.593877374958	-49.7544243184299
			39.6341970056861	-49.7544243184299
			39.6341970056861	-49.7141046877018
			39.6745166364141	-49.6737850569738
			39.6745166364141	-49.6334654262457
			39.7148362671422	-49.5931457955176
			39.7148362671422	-49.5528261647896
			39.7551558978702	-49.5125065340615
			39.7551558978702	-49.4721869033335
			39.7954755285983	-49.4318672726054
			39.7954755285983	-49.3915476418773
			39.8357951593264	-49.3512280111493
			39.8357951593264	-49.3109083804212
			39.8761147900544	-49.3109083804212
			39.9164344207825	-49.2705887496931
			39.9164344207825	-49.2302691189651
			39.9567540515106	-49.189949488237
			39.9567540515106	-49.1496298575089
			39.9970736822386	-49.1093102267809
			39.9970736822386	-49.0689905960528
			40.0373933129667	-49.0286709653248
			40.0777129436947	-48.9883513345967
			40.0777129436947	-48.9480317038686
			40.1180325744228	-48.9077120731406
			40.1583522051509	-48.8673924424125
			40.1583522051509	-48.8270728116844
			40.1986718358789	-48.7867531809564
			40.238991466607	-48.7464335502283
			40.238991466607	-48.7061139195003
			40.2793110973351	-48.6657942887722
			40.3196307280631	-48.6254746580441
			40.3196307280631	-48.5851550273161
			40.3599503587912	-48.544835396588
			40.3599503587912	-48.5045157658599
			40.4002699895193	-48.4641961351319
			40.4405896202473	-48.4238765044038
			40.4405896202473	-48.3835568736758
			40.4809092509754	-48.3432372429477
			40.5212288817034	-48.3029176122196
			40.5212288817034	-48.2625979814916
			40.5615485124315	-48.2625979814916
			40.5615485124315	-48.2222783507635
			40.6018681431596	-48.1819587200354
			40.6018681431596	-48.1416390893074
			40.6421877738876	-48.1013194585793
			40.6825074046157	-48.0609998278512
			40.7228270353438	-48.0206801971232
			40.7228270353438	-47.9803605663951
			40.7631466660718	-47.9400409356671
			40.8034662967999	-47.899721304939
			40.8034662967999	-47.8594016742109
			40.8437859275279	-47.8190820434829
			40.884105558256	-47.7787624127548
			40.9244251889841	-47.7384427820267
			40.9244251889841	-47.6981231512987
			40.9647448197121	-47.6578035205706
			41.0050644504402	-47.6174838898426
			41.0050644504402	-47.5771642591145
			41.0453840811683	-47.5368446283864
			41.0857037118963	-47.4965249976584
			41.1260233426244	-47.4562053669303
			41.1260233426244	-47.4158857362022
			41.1663429733524	-47.3755661054742
			41.2066626040805	-47.3352464747461
			41.2469822348086	-47.294926844018
			41.2873018655366	-47.25460721329
			41.2873018655366	-47.2142875825619
			41.3276214962647	-47.1739679518339
			41.3679411269928	-47.1336483211058
			41.3679411269928	-47.0933286903777
			41.4082607577208	-47.0933286903777
			41.4082607577208	-47.0530090596497
			41.4485803884489	-47.0126894289216
			41.488900019177	-46.9723697981935
			41.529219649905	-46.9320501674655
			41.529219649905	-46.8917305367374
			41.5695392806331	-46.8514109060093
			41.5695392806331	-46.8110912752813
			41.6098589113611	-46.8110912752813
			41.6501785420892	-46.7707716445532
			41.6501785420892	-46.7304520138252
			41.6904981728173	-46.6901323830971
			41.6904981728173	-46.649812752369
			41.7308178035453	-46.649812752369
			41.7711374342734	-46.609493121641
			41.7711374342734	-46.5691734909129
			41.8114570650015	-46.5288538601848
			41.8517766957295	-46.4885342294568
			41.8920963264576	-46.4482145987287
			41.9324159571857	-46.4078949680007
			41.9324159571857	-46.3675753372726
			41.9727355879137	-46.3272557065445
			42.0130552186418	-46.2869360758165
			42.0533748493698	-46.2466164450884
			42.0533748493698	-46.2062968143603
			42.0936944800979	-46.1659771836323
			42.134014110826	-46.1256575529042
			42.174333741554	-46.0853379221762
			42.2146533722821	-46.0450182914481
			42.2549730030102	-46.00469866072
			42.2549730030102	-45.964379029992
			42.2952926337382	-45.9240593992639
			42.3356122644663	-45.8837397685358
			42.3759318951943	-45.8434201378078
			42.4162515259224	-45.8031005070797
			42.4162515259224	-45.7627808763516
			42.4565711566505	-45.7224612456236
			42.4968907873785	-45.6821416148955
			42.5372104181066	-45.6418219841675
			42.5775300488347	-45.6015023534394
			42.6178496795627	-45.5611827227113
			42.6581693102908	-45.5208630919833
			42.6581693102908	-45.4805434612552
			42.6984889410189	-45.4402238305271
			42.6984889410189	-45.3999041997991
			42.7388085717469	-45.3999041997991
			42.779128202475	-45.359584569071
			42.779128202475	-45.319264938343
			42.819447833203	-45.319264938343
			42.819447833203	-45.2789453076149
			42.8597674639311	-45.2386256768868
			42.9000870946592	-45.1983060461588
			42.9404067253872	-45.1579864154307
			42.9807263561153	-45.1176667847026
			43.0210459868434	-45.0773471539746
			43.0210459868434	-45.0370275232465
			43.0613656175714	-44.9967078925185
			43.1016852482995	-44.9563882617904
			43.1420048790275	-44.9160686310623
			43.1823245097556	-44.8757490003343
			43.1823245097556	-44.8354293696062
			43.2226441404837	-44.7951097388781
			43.2629637712117	-44.7547901081501
			43.3032834019398	-44.714470477422
			43.3032834019398	-44.6741508466939
			43.3436030326679	-44.6338312159659
			43.3839226633959	-44.5935115852378
			43.424242294124	-44.5531919545098
			43.464561924852	-44.5128723237817
			43.464561924852	-44.4725526930536
			43.5048815555801	-44.4322330623256
			43.5452011863082	-44.3919134315975
			43.5855208170362	-44.3515938008694
			43.5855208170362	-44.3112741701414
			43.6258404477643	-44.2709545394133
			43.6258404477643	-44.2306349086852
			43.6661600784924	-44.1903152779572
			43.7064797092204	-44.1903152779572
			43.7064797092204	-44.1499956472291
			43.7467993399485	-44.1096760165011
			43.7467993399485	-44.069356385773
			43.7871189706766	-44.0290367550449
			43.8274386014046	-44.0290367550449
			43.8274386014046	-43.9887171243169
			43.8677582321327	-43.9483974935888
			43.8677582321327	-43.9080778628607
			43.9080778628607	-43.8677582321327
			43.9483974935888	-43.8677582321327
			43.9483974935888	-43.8274386014046
			43.9887171243169	-43.7871189706766
			44.0290367550449	-43.7467993399485
			44.0290367550449	-43.7064797092204
			44.069356385773	-43.7064797092204
			44.1096760165011	-43.6661600784924
			44.1096760165011	-43.6258404477643
			44.1499956472291	-43.5855208170362
			44.1903152779572	-43.5452011863082
			44.2306349086852	-43.5048815555801
			44.2709545394133	-43.464561924852
			44.3112741701414	-43.424242294124
			44.3112741701414	-43.3839226633959
			44.3515938008694	-43.3436030326679
			44.3919134315975	-43.3032834019398
			44.4322330623256	-43.2629637712117
			44.4725526930536	-43.2226441404837
			44.5128723237817	-43.1823245097556
			44.5531919545098	-43.1420048790275
			44.5531919545098	-43.1016852482995
			44.5935115852378	-43.0613656175714
			44.6338312159659	-43.0210459868434
			44.6741508466939	-42.9807263561153
			44.714470477422	-42.9404067253872
			44.7547901081501	-42.9000870946592
			44.7951097388781	-42.8597674639311
			44.8354293696062	-42.819447833203
			44.8757490003343	-42.779128202475
			44.8757490003343	-42.7388085717469
			44.9160686310623	-42.6984889410189
			44.9563882617904	-42.6581693102908
			44.9967078925185	-42.6178496795627
			45.0370275232465	-42.5775300488347
			45.0773471539746	-42.5372104181066
			45.1176667847026	-42.4968907873785
			45.1579864154307	-42.4565711566505
			45.1983060461588	-42.4162515259224
			45.2386256768868	-42.3759318951943
			45.2789453076149	-42.3356122644663
			45.319264938343	-42.2952926337382
			45.359584569071	-42.2549730030102
			45.3999041997991	-42.2146533722821
			45.4402238305271	-42.174333741554
			45.4805434612552	-42.134014110826
			45.5208630919833	-42.0936944800979
			45.5611827227113	-42.0533748493698
			45.6015023534394	-42.0130552186418
			45.6418219841675	-41.9727355879137
			45.6821416148955	-41.9324159571857
			45.7224612456236	-41.8920963264576
			45.7627808763516	-41.8517766957295
			45.8031005070797	-41.8114570650015
			45.8434201378078	-41.7711374342734
			45.8837397685358	-41.7308178035453
			45.9240593992639	-41.6904981728173
			45.964379029992	-41.6904981728173
			46.00469866072	-41.6501785420892
			46.0450182914481	-41.6098589113611
			46.0853379221762	-41.5695392806331
			46.1256575529042	-41.529219649905
			46.1659771836323	-41.488900019177
			46.2062968143603	-41.488900019177
			46.2466164450884	-41.4485803884489
			46.2466164450884	-41.4082607577208
			46.2869360758165	-41.3679411269928
			46.3272557065445	-41.3679411269928
			46.3675753372726	-41.3276214962647
			46.4078949680007	-41.2873018655366
			46.4078949680007	-41.2469822348086
			46.4482145987287	-41.2469822348086
			46.4885342294568	-41.2066626040805
			46.5288538601848	-41.1663429733524
			46.5691734909129	-41.1260233426244
			46.609493121641	-41.1260233426244
			46.609493121641	-41.0857037118963
			46.649812752369	-41.0453840811683
			46.6901323830971	-41.0453840811683
			46.7304520138252	-41.0050644504402
			46.7707716445532	-40.9647448197121
			46.8110912752813	-40.9244251889841
			46.8514109060093	-40.884105558256
			46.8917305367374	-40.8437859275279
			46.9320501674655	-40.8034662967999
			46.9723697981935	-40.7631466660718
			47.0126894289216	-40.7228270353438
			47.0530090596497	-40.7228270353438
			47.0933286903777	-40.6825074046157
			47.1336483211058	-40.6421877738876
			47.1739679518339	-40.6018681431596
			47.2142875825619	-40.5615485124315
			47.25460721329	-40.5615485124315
			47.294926844018	-40.5212288817034
			47.3352464747461	-40.4809092509754
			47.3755661054742	-40.4405896202473
			47.4158857362022	-40.4002699895193
			47.4562053669303	-40.4002699895193
			47.4965249976584	-40.3599503587912
			47.5368446283864	-40.3196307280631
			47.5771642591145	-40.2793110973351
			47.6174838898426	-40.238991466607
			47.6578035205706	-40.238991466607
			47.6981231512987	-40.1986718358789
			47.7384427820267	-40.1583522051509
			47.7787624127548	-40.1180325744228
			47.8190820434829	-40.0777129436947
			47.8594016742109	-40.0373933129667
			47.899721304939	-40.0373933129667
			47.9400409356671	-39.9970736822386
			47.9803605663951	-39.9567540515106
			48.0206801971232	-39.9164344207825
			48.0609998278512	-39.8761147900544
			48.1013194585793	-39.8357951593264
			48.1416390893074	-39.8357951593264
			48.1819587200354	-39.7954755285983
			48.2222783507635	-39.7551558978702
			48.2625979814916	-39.7551558978702
			48.2625979814916	-39.7148362671422
			48.3029176122196	-39.6745166364141
			48.3432372429477	-39.6745166364141
			48.3835568736758	-39.6341970056861
			48.4238765044038	-39.593877374958
			48.4641961351319	-39.593877374958
			48.5045157658599	-39.5535577442299
			48.544835396588	-39.5132381135019
			48.5851550273161	-39.4729184827738
			48.6254746580441	-39.4325988520457
			48.6657942887722	-39.3922792213177
			48.7061139195003	-39.3922792213177
			48.7464335502283	-39.3519595905896
			48.7867531809564	-39.3116399598615
			48.8270728116844	-39.2713203291335
			48.8673924424125	-39.2713203291335
			48.9077120731406	-39.2310006984054
			48.9480317038686	-39.2310006984054
			48.9883513345967	-39.1906810676774
			48.9883513345967	-39.1503614369493
			49.0286709653248	-39.1503614369493
			49.0689905960528	-39.1100418062212
			49.1093102267809	-39.1100418062212
			49.1496298575089	-39.0697221754932
			49.1496298575089	-39.0294025447651
			49.189949488237	-39.0294025447651
			49.2302691189651	-38.989082914037
			49.2705887496931	-38.989082914037
			49.3109083804212	-38.948763283309
			49.3512280111493	-38.9084436525809
			49.3915476418773	-38.8681240218529
			49.4318672726054	-38.8278043911248
			49.4721869033335	-38.8278043911248
			49.5125065340615	-38.7874847603967
			49.5528261647896	-38.7471651296687
			49.5931457955176	-38.7471651296687
			49.6334654262457	-38.7068454989406
			49.6737850569738	-38.6665258682125
			49.7141046877018	-38.6262062374845
			49.7544243184299	-38.6262062374845
			49.794743949158	-38.5858866067564
			49.835063579886	-38.5455669760283
			49.8753832106141	-38.5455669760283
			49.9157028413422	-38.5052473453003
			49.9560224720702	-38.4649277145722
			49.9963421027983	-38.4246080838442
			50.0366617335263	-38.4246080838442
			50.0769813642544	-38.3842884531161
			50.1173009949825	-38.343968822388
			50.1576206257105	-38.343968822388
			50.1979402564386	-38.30364919166
			50.2382598871667	-38.2633295609319
			50.2785795178947	-38.2230099302038
			50.3188991486228	-38.2230099302038
			50.3592187793508	-38.1826902994758
			50.3995384100789	-38.1423706687477
			50.439858040807	-38.1020510380197
			50.480177671535	-38.1020510380197
			50.5204973022631	-38.0617314072916
			50.5608169329912	-38.0617314072916
			50.5608169329912	-38.0214117765635
			50.6011365637192	-38.0214117765635
			50.6414561944473	-37.9810921458355
			50.6817758251754	-37.9407725151074
			50.7220954559034	-37.9004528843793
			50.7624150866315	-37.8601332536513
			50.8027347173595	-37.8601332536513
			50.8430543480876	-37.8198136229232
			50.8833739788157	-37.7794939921951
			50.9236936095437	-37.7794939921951
			50.9236936095437	-37.7391743614671
			50.9640132402718	-37.698854730739
			51.0043328709999	-37.698854730739
			51.0446525017279	-37.658535100011
			51.0446525017279	-37.6182154692829
			51.084972132456	-37.6182154692829
			51.125291763184	-37.5778958385548
			51.1656113939121	-37.5375762078268
			51.2059310246402	-37.5375762078268
			51.2059310246402	-37.4972565770987
			51.2462506553682	-37.4569369463706
			51.2865702860963	-37.4569369463706
			51.3268899168244	-37.4166173156426
			51.3268899168244	-37.3762976849145
			51.3672095475524	-37.3762976849145
			51.4075291782805	-37.3359780541865
			51.4478488090085	-37.2956584234584
			51.4881684397366	-37.2956584234584
			51.4881684397366	-37.2553387927303
			51.5284880704647	-37.2553387927303
			51.5688077011927	-37.2150191620023
			51.6091273319208	-37.1746995312742
			51.6494469626489	-37.1746995312742
			51.6494469626489	-37.1343799005461
			51.6897665933769	-37.0940602698181
			51.730086224105	-37.0940602698181
			51.7704058548331	-37.05374063909
			51.8107254855611	-37.013421008362
			51.8510451162892	-36.9731013776339
			51.8913647470172	-36.9327817469058
			51.9316843777453	-36.9327817469058
			51.9720040084734	-36.8924621161778
			52.0123236392014	-36.8521424854497
			52.0526432699295	-36.8118228547216
			52.0929629006576	-36.8118228547216
			52.1332825313856	-36.7715032239936
			52.1736021621137	-36.7311835932655
			52.2139217928417	-36.6908639625374
			52.2542414235698	-36.6505443318094
			52.2945610542979	-36.6505443318094
			52.3348806850259	-36.6102247010813
			52.375200315754	-36.5699050703533
			52.4155199464821	-36.5295854396252
			52.4558395772101	-36.5295854396252
			52.4961592079382	-36.4892658088971
			52.5364788386663	-36.4489461781691
			52.5767984693943	-36.408626547441
			52.6171181001224	-36.408626547441
			52.6574377308504	-36.3683069167129
			52.6977573615785	-36.3279872859849
			52.7380769923066	-36.2876676552568
			52.7783966230346	-36.2876676552568
			52.8187162537627	-36.2473480245287
			52.8590358844908	-36.2070283938007
			52.8993555152188	-36.1667087630726
			52.9396751459469	-36.1667087630726
			52.9799947766749	-36.1263891323446
			53.020314407403	-36.0860695016165
			53.0606340381311	-36.0457498708884
			53.1009536688591	-36.0457498708884
			53.1412732995872	-36.0054302401604
			53.1815929303153	-35.9651106094323
			53.2219125610433	-35.9247909787042
			53.2622321917714	-35.9247909787042
			53.3025518224995	-35.8844713479762
			53.3428714532275	-35.8441517172481
			53.3831910839556	-35.8038320865201
			53.4235107146836	-35.8038320865201
			53.4638303454117	-35.763512455792
			53.5041499761398	-35.7231928250639
			53.5444696068678	-35.6828731943359
			53.5847892375959	-35.6828731943359
			53.625108868324	-35.6425535636078
			53.665428499052	-35.6022339328797
			53.7057481297801	-35.5619143021517
			53.7460677605081	-35.5619143021517
			53.7863873912362	-35.5215946714236
			53.8267070219643	-35.4812750406956
			53.8670266526923	-35.4409554099675
			53.9073462834204	-35.4409554099675
			53.9476659141485	-35.4006357792394
			53.9879855448765	-35.4006357792394
			53.9879855448765	-35.3603161485114
			54.0283051756046	-35.3603161485114
			54.0686248063327	-35.3199965177833
			54.1089444370607	-35.3199965177833
			54.1492640677888	-35.2796768870552
			54.1895836985168	-35.2393572563272
			54.2299033292449	-35.1990376255991
			54.270222959973	-35.1990376255991
			54.310542590701	-35.158717994871
			54.3508622214291	-35.118398364143
			54.3911818521572	-35.0780787334149
			54.4315014828852	-35.0780787334149
			54.4718211136133	-35.0377591026869
			54.5121407443413	-35.0377591026869
			54.5524603750694	-34.9974394719588
			54.5927800057975	-34.9571198412307
			54.6330996365255	-34.9571198412307
			54.6734192672536	-34.9168002105027
			54.6734192672536	-34.8764805797746
			54.7137388979817	-34.8764805797746
			54.7540585287097	-34.8361609490465
			54.7943781594378	-34.8361609490465
			54.8346977901658	-34.7958413183185
			54.8750174208939	-34.7555216875904
			54.915337051622	-34.7555216875904
			54.95565668235	-34.7152020568624
			54.9959763130781	-34.6748824261343
			55.0362959438062	-34.6748824261343
			55.0766155745342	-34.6345627954062
			55.1169352052623	-34.6345627954062
			55.1572548359904	-34.5942431646782
			55.1975744667184	-34.5539235339501
			55.2378940974465	-34.513603903222
			55.2782137281745	-34.513603903222
			55.3185333589026	-34.473284272494
			55.3588529896307	-34.4329646417659
			55.3991726203587	-34.4329646417659
			55.4394922510868	-34.3926450110378
			55.4798118818149	-34.3926450110378
			55.4798118818149	-34.3523253803098
			55.5201315125429	-34.3523253803098
			55.560451143271	-34.3120057495817
			55.6007707739991	-34.2716861188537
			55.6410904047271	-34.2716861188537
			55.6814100354552	-34.2313664881256
			55.7217296661832	-34.1910468573975
			55.7620492969113	-34.1910468573975
			55.8023689276394	-34.1507272266695
			55.8426885583674	-34.1104075959414
			55.8830081890955	-34.1104075959414
			55.9233278198236	-34.0700879652133
			55.9636474505516	-34.0700879652133
			56.0039670812797	-34.0297683344853
			56.0442867120077	-33.9894487037572
			56.0846063427358	-33.9894487037572
			56.1249259734639	-33.9491290730292
			56.1652456041919	-33.9088094423011
			56.20556523492	-33.9088094423011
			56.2458848656481	-33.868489811573
			56.2862044963761	-33.828170180845
			56.3265241271042	-33.828170180845
			56.3668437578322	-33.7878505501169
			56.4071633885603	-33.7878505501169
			56.4474830192884	-33.7475309193888
			56.4878026500164	-33.7072112886608
			56.5281222807445	-33.6668916579327
			56.5684419114726	-33.6668916579327
			56.5684419114726	-33.6265720272046
			56.6087615422006	-33.5862523964766
			56.6490811729287	-33.5862523964766
			56.6894008036568	-33.5459327657485
			56.7297204343848	-33.5056131350205
			56.7700400651129	-33.5056131350205
			56.7700400651129	-33.4652935042924
			56.8103596958409	-33.4249738735643
			56.850679326569	-33.4249738735643
			56.8909989572971	-33.3846542428363
			56.9313185880251	-33.3443346121082
			56.9716382187532	-33.3040149813801
			57.0119578494813	-33.3040149813801
			57.0522774802093	-33.2636953506521
			57.0925971109374	-33.2636953506521
			57.1329167416654	-33.223375719924
			57.1329167416654	-33.183056089196
			57.1732363723935	-33.183056089196
			57.2135560031216	-33.1427364584679
			57.2538756338496	-33.1024168277398
			57.2941952645777	-33.1024168277398
			57.3345148953058	-33.0620971970118
			57.3748345260338	-33.0217775662837
			57.4151541567619	-33.0217775662837
			57.45547378749	-32.9814579355556
			57.495793418218	-32.9814579355556
			57.5361130489461	-32.9411383048276
			57.5764326796741	-32.9008186740995
			57.6167523104022	-32.9008186740995
			57.6570719411303	-32.8604990433714
			57.6973915718583	-32.8604990433714
			57.7377112025864	-32.8201794126434
			57.7780308333145	-32.7798597819153
			57.8183504640425	-32.7798597819153
			57.8586700947706	-32.7395401511873
			57.8989897254987	-32.7395401511873
			57.9393093562267	-32.6992205204592
			57.9796289869548	-32.6992205204592
			58.0199486176828	-32.6589008897311
			58.0602682484109	-32.6589008897311
			58.100587879139	-32.6185812590031
			58.140907509867	-32.6185812590031
			58.1812271405951	-32.6185812590031
			58.1812271405951	-32.578261628275
			58.2215467713232	-32.578261628275
			58.2618664020512	-32.5379419975469
			58.3021860327793	-32.5379419975469
			58.3425056635073	-32.5379419975469
			58.3425056635073	-32.4976223668189
			58.3828252942354	-32.4976223668189
			58.4231449249635	-32.4573027360908
			58.4634645556915	-32.4573027360908
			58.5037841864196	-32.4573027360908
			58.5441038171477	-32.4169831053628
			58.5844234478757	-32.3766634746347
			58.6247430786038	-32.3766634746347
			58.6650627093318	-32.3766634746347
			58.7053823400599	-32.3363438439066
			58.745701970788	-32.3363438439066
			58.786021601516	-32.2960242131786
			58.8263412322441	-32.2960242131786
			58.8666608629722	-32.2557045824505
			58.9069804937002	-32.2557045824505
			58.9473001244283	-32.2557045824505
			58.9876197551564	-32.2153849517224
			59.0279393858844	-32.2153849517224
			59.0682590166125	-32.2153849517224
			59.1085786473405	-32.1750653209944
			59.1488982780686	-32.1750653209944
			59.1892179087967	-32.1347456902663
			59.2295375395247	-32.1347456902663
			59.2698571702528	-32.1347456902663
			59.3101768009809	-32.0944260595383
			59.3504964317089	-32.0944260595383
			59.390816062437	-32.0944260595383
			59.431135693165	-32.0541064288102
			59.4714553238931	-32.0541064288102
			59.5117749546212	-32.0541064288102
			59.5520945853492	-32.0137867980821
			59.5924142160773	-32.0137867980821
			59.6327338468054	-32.0137867980821
			59.6730534775334	-31.9734671673541
			59.7133731082615	-31.9734671673541
			59.7536927389895	-31.9734671673541
			59.7940123697176	-31.933147536626
			59.8343320004457	-31.933147536626
			59.8746516311737	-31.933147536626
			59.9149712619018	-31.8928279058979
			59.9552908926299	-31.8928279058979
			59.9956105233579	-31.8928279058979
			60.035930154086	-31.8525082751699
			60.0762497848141	-31.8525082751699
			60.1165694155421	-31.8525082751699
			60.1568890462702	-31.8121886444418
			60.1972086769982	-31.8121886444418
			60.2375283077263	-31.8121886444418
			60.2778479384544	-31.7718690137137
			60.3181675691824	-31.7718690137137
			60.3584871999105	-31.7718690137137
			60.3988068306386	-31.7718690137137
			60.4391264613666	-31.7315493829857
			60.4794460920947	-31.7315493829857
			60.5197657228228	-31.7315493829857
			60.5600853535508	-31.6912297522576
			60.6004049842789	-31.6912297522576
			60.6407246150069	-31.6912297522576
			60.681044245735	-31.6912297522576
			60.7213638764631	-31.6509101215296
			60.7616835071911	-31.6509101215296
			60.8020031379192	-31.6509101215296
			60.8423227686473	-31.6509101215296
			60.8826423993753	-31.6509101215296
			60.8826423993753	-31.6105904908015
			60.9229620301034	-31.6105904908015
			60.9632816608314	-31.6105904908015
			61.0036012915595	-31.6105904908015
			61.0439209222876	-31.6105904908015
			61.0439209222876	-31.5702708600734
			61.0842405530156	-31.5702708600734
			61.1245601837437	-31.5702708600734
			61.1648798144718	-31.5702708600734
			61.2051994451998	-31.5702708600734
			61.2051994451998	-31.5299512293454
			61.2455190759279	-31.5299512293454
			61.285838706656	-31.5299512293454
			61.326158337384	-31.5299512293454
			61.3664779681121	-31.5299512293454
			61.4067975988401	-31.4896315986173
			61.4471172295682	-31.4896315986173
			61.4874368602963	-31.4896315986173
			61.5277564910243	-31.4896315986173
			61.5680761217524	-31.4896315986173
			61.6083957524805	-31.4493119678892
			61.6487153832085	-31.4493119678892
			61.6890350139366	-31.4493119678892
			61.7293546446646	-31.4493119678892
			61.7696742753927	-31.4493119678892
			61.8099939061208	-31.4089923371612
			61.8503135368488	-31.4089923371612
			61.8906331675769	-31.4089923371612
			61.930952798305	-31.4089923371612
			61.971272429033	-31.4089923371612
			62.0115920597611	-31.3686727064331
			62.0519116904891	-31.3686727064331
			62.0922313212172	-31.3686727064331
			62.1325509519453	-31.3686727064331
			62.1728705826733	-31.3686727064331
			62.2131902134014	-31.328353075705
			62.2535098441295	-31.328353075705
			62.2938294748575	-31.328353075705
			62.3341491055856	-31.328353075705
			62.3744687363137	-31.328353075705
			62.4147883670417	-31.328353075705
			62.4551079977698	-31.328353075705
			62.4954276284978	-31.288033444977
			62.5357472592259	-31.288033444977
			62.576066889954	-31.288033444977
			62.616386520682	-31.288033444977
			62.6567061514101	-31.288033444977
			62.6970257821382	-31.288033444977
			62.6970257821382	-31.2477138142489
			62.7373454128662	-31.2477138142489
			62.7776650435943	-31.2477138142489
			62.8179846743224	-31.2477138142489
			62.8583043050504	-31.2477138142489
			62.8986239357785	-31.2477138142489
			62.9389435665065	-31.2477138142489
			62.9792631972346	-31.2477138142489
			63.0195828279627	-31.2073941835209
			63.0599024586907	-31.2073941835209
			63.1002220894188	-31.2073941835209
			63.1405417201469	-31.2073941835209
			63.1808613508749	-31.2073941835209
			63.221180981603	-31.2073941835209
			63.261500612331	-31.2073941835209
			63.3018202430591	-31.1670745527928
			63.3421398737872	-31.1670745527928
			63.3824595045152	-31.1670745527928
			63.4227791352433	-31.1670745527928
			63.4630987659714	-31.1670745527928
			63.5034183966994	-31.1670745527928
			63.5437380274275	-31.1670745527928
			63.5840576581556	-31.1670745527928
			63.6243772888836	-31.1267549220647
			63.6646969196117	-31.1267549220647
			63.7050165503397	-31.1267549220647
			63.7453361810678	-31.1267549220647
			63.7856558117959	-31.1267549220647
			63.8259754425239	-31.1267549220647
			63.866295073252	-31.1267549220647
			63.9066147039801	-31.1267549220647
			63.9469343347081	-31.1267549220647
			63.9872539654362	-31.0864352913367
			64.0275735961642	-31.0864352913367
			64.0678932268923	-31.0864352913367
			64.1082128576204	-31.0864352913367
			64.1485324883484	-31.0864352913367
			64.1888521190765	-31.0864352913367
			64.2291717498046	-31.0864352913367
			64.2694913805326	-31.0864352913367
			64.3098110112607	-31.0864352913367
			64.3501306419888	-31.0864352913367
			64.3904502727168	-31.0461156606086
			64.4307699034449	-31.0461156606086
			64.4710895341729	-31.0461156606086
			64.511409164901	-31.0461156606086
			64.5517287956291	-31.0461156606086
			64.5920484263571	-31.0461156606086
			64.6323680570852	-31.0461156606086
			64.6726876878133	-31.0461156606086
			64.7130073185413	-31.0461156606086
			64.7533269492694	-31.0461156606086
			64.7936465799974	-31.0461156606086
			64.8339662107255	-31.0057960298805
			64.8742858414536	-31.0057960298805
			64.9146054721816	-31.0057960298805
			64.9549251029097	-31.0057960298805
			64.9952447336378	-31.0057960298805
			65.0355643643658	-31.0057960298805
			65.0758839950939	-31.0057960298805
			65.116203625822	-31.0057960298805
			65.15652325655	-31.0057960298805
			65.1968428872781	-31.0057960298805
			65.2371625180061	-31.0057960298805
			65.2774821487342	-31.0057960298805
			65.3178017794623	-31.0461156606086
			65.3581214101903	-31.0461156606086
			65.3984410409184	-31.0461156606086
			65.4387606716464	-31.0461156606086
			65.4790803023745	-31.0461156606086
			65.5193999331026	-31.0461156606086
			65.5597195638306	-31.0461156606086
			65.6000391945587	-31.0461156606086
			65.6403588252868	-31.0461156606086
			65.6806784560148	-31.0461156606086
			65.7209980867429	-31.0461156606086
			65.761317717471	-31.0864352913367
			65.801637348199	-31.0864352913367
			65.8419569789271	-31.0864352913367
			65.8822766096552	-31.0864352913367
			65.9225962403832	-31.0864352913367
			65.9629158711113	-31.0864352913367
			66.0032355018393	-31.0864352913367
			66.0435551325674	-31.0864352913367
			66.0838747632955	-31.1267549220647
			66.1241943940235	-31.1267549220647
			66.1645140247516	-31.1267549220647
			66.2048336554796	-31.1267549220647
			66.2451532862077	-31.1267549220647
			66.2854729169358	-31.1267549220647
			66.3257925476638	-31.1267549220647
			66.3661121783919	-31.1670745527928
			66.40643180912	-31.1670745527928
			66.446751439848	-31.1670745527928
			66.4870710705761	-31.1670745527928
			66.5273907013042	-31.1670745527928
			66.5677103320322	-31.1670745527928
			66.6080299627603	-31.2073941835209
			66.6483495934883	-31.2073941835209
			66.6886692242164	-31.2073941835209
			66.7289888549445	-31.2073941835209
			66.7693084856725	-31.2073941835209
			66.8096281164006	-31.2073941835209
			66.8499477471287	-31.2073941835209
			66.8902673778567	-31.2477138142489
			66.9305870085848	-31.2477138142489
			66.9709066393129	-31.2477138142489
			67.0112262700409	-31.2477138142489
			67.051545900769	-31.2477138142489
			67.091865531497	-31.288033444977
			67.1321851622251	-31.288033444977
			67.1725047929532	-31.288033444977
			67.2128244236812	-31.288033444977
			67.2531440544093	-31.288033444977
			67.2934636851374	-31.328353075705
			67.3337833158654	-31.328353075705
			67.3741029465935	-31.328353075705
			67.4144225773215	-31.328353075705
			67.4547422080496	-31.328353075705
			67.4950618387777	-31.3686727064331
			67.5353814695057	-31.3686727064331
			67.5757011002338	-31.3686727064331
			67.6160207309619	-31.3686727064331
			67.6563403616899	-31.4089923371612
			67.696659992418	-31.4089923371612
			67.7369796231461	-31.4089923371612
			67.7772992538741	-31.4089923371612
			67.8176188846022	-31.4089923371612
			67.8579385153302	-31.4493119678892
			67.8982581460583	-31.4493119678892
			67.9385777767864	-31.4493119678892
			67.9788974075144	-31.4493119678892
			68.0192170382425	-31.4896315986173
			68.0595366689706	-31.4896315986173
			68.0998562996986	-31.4896315986173
			68.1401759304267	-31.4896315986173
			68.1401759304267	-31.5299512293454
			68.1804955611547	-31.5299512293454
			68.2208151918828	-31.5299512293454
			68.2611348226109	-31.5299512293454
			68.3014544533389	-31.5702708600734
			68.341774084067	-31.5702708600734
			68.3820937147951	-31.5702708600734
			68.4224133455231	-31.5702708600734
			68.4627329762512	-31.6105904908015
			68.5030526069793	-31.6105904908015
			68.5433722377073	-31.6105904908015
			68.5836918684354	-31.6105904908015
			68.6240114991634	-31.6509101215296
			68.6643311298915	-31.6509101215296
			68.7046507606196	-31.6509101215296
			68.7449703913476	-31.6912297522576
			68.7852900220757	-31.6912297522576
			68.8256096528037	-31.6912297522576
			68.8659292835318	-31.7315493829857
			68.9062489142599	-31.7315493829857
			68.9465685449879	-31.7315493829857
			68.986888175716	-31.7718690137137
			69.0272078064441	-31.7718690137137
			69.0675274371721	-31.7718690137137
			69.1078470679002	-31.7718690137137
			69.1481666986283	-31.8121886444418
			69.1884863293563	-31.8121886444418
			69.2288059600844	-31.8525082751699
			69.2691255908125	-31.8525082751699
			69.3094452215405	-31.8525082751699
			69.3497648522686	-31.8928279058979
			69.3900844829966	-31.8928279058979
			69.4304041137247	-31.8928279058979
			69.4707237444528	-31.933147536626
			69.5110433751808	-31.933147536626
			69.5513630059089	-31.9734671673541
			69.591682636637	-31.9734671673541
			69.632002267365	-31.9734671673541
			69.6723218980931	-32.0137867980821
			69.7126415288211	-32.0137867980821
			69.7529611595492	-32.0137867980821
			69.7932807902773	-32.0541064288102
			69.8336004210053	-32.0541064288102
			69.8739200517334	-32.0541064288102
			69.8739200517334	-32.0944260595383
			69.9142396824615	-32.0944260595383
			69.9545593131895	-32.0944260595383
			69.9948789439176	-32.1347456902663
			70.0351985746456	-32.1347456902663
			70.0755182053737	-32.1750653209944
			70.1158378361018	-32.1750653209944
			70.1561574668298	-32.1750653209944
			70.1964770975579	-32.2153849517224
			70.236796728286	-32.2153849517224
			70.277116359014	-32.2557045824505
			70.3174359897421	-32.2557045824505
			70.3577556204702	-32.2557045824505
			70.3980752511982	-32.2960242131786
			70.4383948819263	-32.3363438439066
			70.4787145126543	-32.3363438439066
			70.5190341433824	-32.3363438439066
			70.5593537741105	-32.3766634746347
			70.5996734048385	-32.3766634746347
			70.6399930355666	-32.4169831053628
			70.6803126662947	-32.4169831053628
			70.7206322970227	-32.4573027360908
			70.7609519277508	-32.4573027360908
			70.8012715584788	-32.4573027360908
			70.8012715584788	-32.4976223668189
			70.8415911892069	-32.4976223668189
			70.881910819935	-32.5379419975469
			70.922230450663	-32.5379419975469
			70.9625500813911	-32.578261628275
			71.0028697121192	-32.578261628275
			71.0431893428472	-32.6185812590031
			71.0835089735753	-32.6185812590031
			71.1238286043034	-32.6589008897311
			71.1641482350314	-32.6589008897311
			71.2044678657595	-32.6992205204592
			71.2447874964875	-32.6992205204592
			71.2851071272156	-32.7395401511873
			71.3254267579437	-32.7395401511873
			71.3657463886717	-32.7798597819153
			71.4060660193998	-32.7798597819153
			71.4463856501279	-32.8201794126434
			71.4867052808559	-32.8604990433714
			71.527024911584	-32.8604990433714
			71.567344542312	-32.9008186740995
			71.6076641730401	-32.9008186740995
			71.6479838037682	-32.9411383048276
			71.6883034344962	-32.9411383048276
			71.7286230652243	-32.9814579355556
			71.7689426959524	-33.0217775662837
			71.8092623266804	-33.0217775662837
			71.8495819574085	-33.0620971970118
			71.8899015881366	-33.0620971970118
			71.9302212188646	-33.1024168277398
			71.9705408495927	-33.1024168277398
			71.9705408495927	-33.1427364584679
			72.0108604803207	-33.1427364584679
			72.0511801110488	-33.183056089196
			72.0914997417769	-33.223375719924
			72.1318193725049	-33.223375719924
			72.172139003233	-33.2636953506521
			72.2124586339611	-33.2636953506521
			72.2527782646891	-33.3040149813801
			72.2930978954172	-33.3040149813801
			72.3334175261453	-33.3443346121082
			72.3334175261453	-33.3846542428363
			72.3737371568733	-33.3846542428363
			72.4140567876014	-33.4249738735643
			72.4543764183294	-33.4249738735643
			72.4946960490575	-33.4652935042924
			72.5350156797856	-33.5056131350205
			72.5753353105136	-33.5056131350205
			72.6156549412417	-33.5459327657485
			72.6559745719698	-33.5862523964766
			72.6962942026978	-33.6265720272046
			72.7366138334259	-33.6668916579327
			72.7769334641539	-33.6668916579327
			72.817253094882	-33.7072112886608
			72.8575727256101	-33.7475309193888
			72.8978923563381	-33.7475309193888
			72.9382119870662	-33.7878505501169
			72.9785316177943	-33.828170180845
			73.0188512485223	-33.868489811573
			73.0591708792504	-33.868489811573
			73.0994905099785	-33.9088094423011
			73.1398101407065	-33.9491290730292
			73.1801297714346	-33.9491290730292
			73.1801297714346	-33.9894487037572
			73.2204494021626	-33.9894487037572
			73.2607690328907	-34.0297683344853
			73.3010886636188	-34.0700879652133
			73.3414082943468	-34.1104075959414
			73.3817279250749	-34.1104075959414
			73.4220475558029	-34.1507272266695
			73.462367186531	-34.1910468573975
			73.462367186531	-34.2313664881256
			73.5026868172591	-34.2313664881256
			73.5430064479871	-34.2716861188537
			73.5833260787152	-34.3120057495817
			73.6236457094433	-34.3120057495817
			73.6639653401713	-34.3523253803098
			73.7042849708994	-34.3926450110378
			73.7042849708994	-34.4329646417659
			73.7446046016275	-34.4329646417659
			73.7849242323555	-34.473284272494
			73.8252438630836	-34.513603903222
			73.8655634938116	-34.5539235339501
			73.9058831245397	-34.5539235339501
			73.9058831245397	-34.5942431646782
			73.9462027552678	-34.6345627954062
			73.9865223859958	-34.6748824261343
			74.0268420167239	-34.6748824261343
			74.067161647452	-34.7152020568624
			74.067161647452	-34.7555216875904
			74.10748127818	-34.7958413183185
			74.1478009089081	-34.7958413183185
			74.1881205396361	-34.8361609490465
			74.2284401703642	-34.8764805797746
			74.2284401703642	-34.9168002105027
			74.2687598010923	-34.9571198412307
			74.3090794318203	-34.9571198412307
			74.3493990625484	-34.9974394719588
			74.3897186932765	-35.0377591026869
			74.3897186932765	-35.0780787334149
			74.4300383240045	-35.0780787334149
			74.4703579547326	-35.118398364143
			74.5106775854607	-35.158717994871
			74.5509972161887	-35.1990376255991
			74.5509972161887	-35.2393572563272
			74.5913168469168	-35.2796768870552
			74.6316364776448	-35.2796768870552
			74.6719561083729	-35.3199965177833
			74.712275739101	-35.3603161485114
			74.712275739101	-35.4006357792394
			74.752595369829	-35.4409554099675
			74.7929150005571	-35.4409554099675
			74.8332346312852	-35.4812750406956
			74.8332346312852	-35.5215946714236
			74.8735542620132	-35.5619143021517
			74.9138738927413	-35.6022339328797
			74.9541935234694	-35.6425535636078
			74.9541935234694	-35.6828731943359
			74.9945131541974	-35.6828731943359
			75.0348327849255	-35.7231928250639
			75.0751524156535	-35.763512455792
			75.0751524156535	-35.8038320865201
			75.1154720463816	-35.8441517172481
			75.1557916771097	-35.8844713479762
			75.1961113078377	-35.9247909787042
			75.2364309385658	-35.9651106094323
			75.2767505692939	-36.0054302401604
			75.3170702000219	-36.0457498708884
			75.3170702000219	-36.0860695016165
			75.35738983075	-36.1263891323446
			75.397709461478	-36.1667087630726
			75.4380290922061	-36.2070283938007
			75.4783487229342	-36.2473480245287
			75.4783487229342	-36.2876676552568
			75.5186683536622	-36.3279872859849
			75.5589879843903	-36.3683069167129
			75.5993076151184	-36.408626547441
			75.6396272458464	-36.4489461781691
			75.6396272458464	-36.4892658088971
			75.6799468765745	-36.5295854396252
			75.7202665073026	-36.5699050703533
			75.7202665073026	-36.6102247010813
			75.7605861380306	-36.6505443318094
			75.8009057687587	-36.6908639625374
			75.8412253994867	-36.7311835932655
			75.8412253994867	-36.7715032239936
			75.8815450302148	-36.8118228547216
			75.9218646609429	-36.8521424854497
			75.9218646609429	-36.8924621161778
			75.9621842916709	-36.9327817469058
			76.002503922399	-36.9731013776339
			76.0428235531271	-37.013421008362
			76.0428235531271	-37.05374063909
			76.0831431838551	-37.0940602698181
			76.1234628145832	-37.1343799005461
			76.1234628145832	-37.1746995312742
			76.1637824453112	-37.2150191620023
			76.2041020760393	-37.2553387927303
			76.2041020760393	-37.2956584234584
			76.2444217067674	-37.3359780541865
			76.2847413374954	-37.3762976849145
			76.2847413374954	-37.4166173156426
			76.3250609682235	-37.4569369463706
			76.3653805989516	-37.4972565770987
			76.4057002296796	-37.5375762078268
			76.4057002296796	-37.5778958385548
			76.4460198604077	-37.6182154692829
			76.4863394911358	-37.658535100011
			76.4863394911358	-37.698854730739
			76.5266591218638	-37.7391743614671
			76.5266591218638	-37.7794939921951
			76.5669787525919	-37.8198136229232
			76.6072983833199	-37.8601332536513
			76.6072983833199	-37.9004528843793
			76.647618014048	-37.9407725151074
			76.647618014048	-37.9810921458355
			76.6879376447761	-38.0214117765635
			76.6879376447761	-38.0617314072916
			76.7282572755041	-38.1020510380197
			76.7282572755041	-38.1423706687477
			76.7685769062322	-38.1423706687477
			76.7685769062322	-38.1826902994758
			76.7685769062322	-38.2230099302038
			76.8088965369602	-38.2230099302038
			76.8088965369602	-38.2633295609319
			76.8088965369602	-38.30364919166
			76.8492161676883	-38.30364919166
			76.8492161676883	-38.343968822388
			76.8492161676883	-38.3842884531161
			76.8895357984164	-38.3842884531161
			76.8895357984164	-38.4246080838442
			76.8895357984164	-38.4649277145722
			76.9298554291444	-38.5052473453003
			76.9298554291444	-38.5455669760283
			76.9701750598725	-38.5858866067564
			76.9701750598725	-38.6262062374845
			77.0104946906006	-38.6665258682125
			77.0104946906006	-38.7068454989406
			77.0508143213286	-38.7471651296687
			77.0508143213286	-38.7874847603967
			77.0911339520567	-38.8278043911248
			77.0911339520567	-38.8681240218529
			77.1314535827848	-38.9084436525809
			77.1314535827848	-38.948763283309
			77.1717732135128	-38.989082914037
			77.1717732135128	-39.0294025447651
			77.2120928442409	-39.0697221754932
			77.2120928442409	-39.1100418062212
			77.2524124749689	-39.1503614369493
			77.2524124749689	-39.1906810676774
			77.292732105697	-39.2310006984054
			77.292732105697	-39.2713203291335
			77.3330517364251	-39.3116399598615
			77.3330517364251	-39.3519595905896
			77.3733713671531	-39.3922792213177
			77.3733713671531	-39.4325988520457
			77.4136909978812	-39.4729184827738
			77.4136909978812	-39.5132381135019
			77.4540106286093	-39.5535577442299
			77.4540106286093	-39.593877374958
			77.4943302593373	-39.6341970056861
			77.4943302593373	-39.6745166364141
			77.4943302593373	-39.7148362671422
			77.5346498900654	-39.7551558978702
			77.5346498900654	-39.7954755285983
			77.5749695207935	-39.8357951593264
			77.6152891515215	-39.8761147900544
			77.6152891515215	-39.9164344207825
			77.6152891515215	-39.9567540515106
			77.6556087822496	-39.9970736822386
			77.6556087822496	-40.0373933129667
			77.6959284129776	-40.0777129436947
			77.6959284129776	-40.1180325744228
			77.7362480437057	-40.1583522051509
			77.7362480437057	-40.1986718358789
			77.7765676744338	-40.238991466607
			77.7765676744338	-40.2793110973351
			77.7765676744338	-40.3196307280631
			77.8168873051618	-40.3599503587912
			77.8572069358899	-40.4002699895193
			77.8572069358899	-40.4405896202473
			77.897526566618	-40.4809092509754
			77.897526566618	-40.5212288817034
			77.897526566618	-40.5615485124315
			77.937846197346	-40.5615485124315
			77.937846197346	-40.6018681431596
			77.937846197346	-40.6421877738876
			77.9781658280741	-40.6421877738876
			77.9781658280741	-40.6825074046157
			77.9781658280741	-40.7228270353438
			78.0184854588021	-40.7228270353438
			78.0184854588021	-40.7631466660718
			78.0184854588021	-40.8034662967999
			78.0588050895302	-40.8034662967999
			78.0588050895302	-40.8437859275279
			78.0588050895302	-40.884105558256
			78.0991247202583	-40.884105558256
			78.0991247202583	-40.9244251889841
			78.0991247202583	-40.9647448197121
			78.1394443509863	-40.9647448197121
			78.1394443509863	-41.0050644504402
			78.1394443509863	-41.0453840811683
			78.1797639817144	-41.0857037118963
			78.1797639817144	-41.1260233426244
			78.2200836124425	-41.1663429733524
			78.2604032431705	-41.2066626040805
			78.2604032431705	-41.2469822348086
			78.2604032431705	-41.2873018655366
			78.3007228738986	-41.3276214962647
			78.3007228738986	-41.3679411269928
			78.3410425046267	-41.3679411269928
			78.3410425046267	-41.4082607577208
			78.3410425046267	-41.4485803884489
			78.3813621353547	-41.488900019177
			78.3813621353547	-41.529219649905
			78.4216817660828	-41.5695392806331
			78.4216817660828	-41.6098589113611
			78.4620013968108	-41.6501785420892
			78.5023210275389	-41.6904981728173
			78.5023210275389	-41.7308178035453
			78.542640658267	-41.7711374342734
			78.542640658267	-41.8114570650015
			78.542640658267	-41.8517766957295
			78.582960288995	-41.8920963264576
			78.582960288995	-41.9324159571857
			78.6232799197231	-41.9727355879137
			78.6232799197231	-42.0130552186418
			78.6635995504512	-42.0533748493698
			78.6635995504512	-42.0936944800979
			78.7039191811792	-42.134014110826
			78.7039191811792	-42.174333741554
			78.7442388119073	-42.2146533722821
			78.7442388119073	-42.2549730030102
			78.7845584426353	-42.2952926337382
			78.7845584426353	-42.3356122644663
			78.8248780733634	-42.3759318951943
			78.8248780733634	-42.4162515259224
			78.8248780733634	-42.4565711566505
			78.8651977040915	-42.4968907873785
			78.9055173348195	-42.5372104181066
			78.9055173348195	-42.5775300488347
			78.9055173348195	-42.6178496795627
			78.9458369655476	-42.6178496795627
			78.9458369655476	-42.6581693102908
			78.9458369655476	-42.6984889410189
			78.9861565962757	-42.6984889410189
			78.9861565962757	-42.7388085717469
			78.9861565962757	-42.779128202475
			79.0264762270037	-42.779128202475
			79.0264762270037	-42.819447833203
			79.0264762270037	-42.8597674639311
			79.0667958577318	-42.8597674639311
			79.0667958577318	-42.9000870946592
			79.0667958577318	-42.9404067253872
			79.1071154884599	-42.9404067253872
			79.1071154884599	-42.9807263561153
			79.1071154884599	-43.0210459868434
			79.1474351191879	-43.0210459868434
			79.1474351191879	-43.0613656175714
			79.1474351191879	-43.1016852482995
			79.187754749916	-43.1420048790275
			79.187754749916	-43.1823245097556
			79.228074380644	-43.2226441404837
			79.2683940113721	-43.2629637712117
			79.2683940113721	-43.3032834019398
			79.3087136421002	-43.3436030326679
			79.3490332728282	-43.3839226633959
			79.3893529035563	-43.424242294124
			79.3893529035563	-43.464561924852
			79.4296725342844	-43.5048815555801
			79.4699921650124	-43.5452011863082
			79.5103117957405	-43.5855208170362
			79.5506314264685	-43.6258404477643
			79.5909510571966	-43.6661600784924
			79.6312706879247	-43.7064797092204
			79.6312706879247	-43.7467993399485
			79.6715903186527	-43.7871189706766
			79.7119099493808	-43.8274386014046
			79.7522295801089	-43.8677582321327
			79.7522295801089	-43.9080778628607
			79.7925492108369	-43.9483974935888
			79.832868841565	-43.9483974935888
			79.8731884722931	-43.9887171243169
			79.9135081030211	-44.0290367550449
			79.9135081030211	-44.069356385773
			79.9538277337492	-44.1096760165011
			79.9941473644772	-44.1499956472291
			80.0344669952053	-44.1903152779572
			80.0344669952053	-44.2306349086852
			80.0747866259334	-44.2709545394133
			80.1151062566614	-44.3112741701414
			80.1554258873895	-44.3515938008694
			80.1957455181176	-44.3919134315975
			80.2360651488456	-44.4322330623256
			80.2360651488456	-44.4725526930536
			80.2763847795737	-44.5128723237817
			80.3167044103018	-44.5128723237817
			80.3167044103018	-44.5531919545098
			80.3570240410298	-44.5935115852378
			80.3973436717579	-44.6338312159659
			80.4376633024859	-44.6741508466939
			80.4376633024859	-44.714470477422
			80.477982933214	-44.7547901081501
			80.5183025639421	-44.7951097388781
			80.5586221946701	-44.8354293696062
			80.5586221946701	-44.8757490003343
			80.5989418253982	-44.9160686310623
			80.6392614561262	-44.9563882617904
			80.6795810868543	-44.9967078925185
			80.6795810868543	-45.0370275232465
			80.7199007175824	-45.0773471539746
			80.7602203483104	-45.0773471539746
			80.8005399790385	-45.1176667847026
			80.8005399790385	-45.1579864154307
			80.8408596097666	-45.1983060461588
			80.8811792404946	-45.2386256768868
			80.8811792404946	-45.2789453076149
			80.9214988712227	-45.319264938343
			80.9618185019508	-45.359584569071
			80.9618185019508	-45.3999041997991
			81.0021381326788	-45.4402238305271
			81.0424577634069	-45.4402238305271
			81.0424577634069	-45.4805434612552
			81.082777394135	-45.5208630919833
			81.123097024863	-45.5611827227113
			81.123097024863	-45.6015023534394
			81.1634166555911	-45.6418219841675
			81.2037362863191	-45.6821416148955
			81.2037362863191	-45.7224612456236
			81.2440559170472	-45.7627808763516
			81.2843755477753	-45.7627808763516
			81.2843755477753	-45.8031005070797
			81.3246951785033	-45.8434201378078
			81.3650148092314	-45.8837397685358
			81.3650148092314	-45.9240593992639
			81.4053344399594	-45.964379029992
			81.4456540706875	-46.00469866072
			81.4859737014156	-46.0450182914481
			81.5262933321436	-46.0853379221762
			81.5262933321436	-46.1256575529042
			81.5666129628717	-46.1659771836323
			81.6069325935998	-46.2062968143603
			81.6472522243278	-46.2466164450884
			81.6472522243278	-46.2869360758165
			81.6875718550559	-46.3272557065445
			81.6875718550559	-46.3675753372726
			81.727891485784	-46.3675753372726
			81.727891485784	-46.4078949680007
			81.768211116512	-46.4482145987287
			81.8085307472401	-46.4885342294568
			81.8085307472401	-46.5288538601848
			81.8488503779681	-46.5691734909129
			81.8891700086962	-46.609493121641
			81.9294896394243	-46.649812752369
			81.9294896394243	-46.6901323830971
			81.9698092701523	-46.7304520138252
			82.0101289008804	-46.7707716445532
			82.0504485316085	-46.8110912752813
			82.0504485316085	-46.8514109060093
			82.0907681623365	-46.8917305367374
			82.0907681623365	-46.9320501674655
			82.1310877930646	-46.9723697981935
			82.1310877930646	-47.0126894289216
			82.1714074237926	-47.0126894289216
			82.2117270545207	-47.0530090596497
			82.2117270545207	-47.0933286903777
			82.2520466852488	-47.1336483211058
			82.2520466852488	-47.1739679518339
			82.2923663159768	-47.2142875825619
			82.3326859467049	-47.25460721329
			82.373005577433	-47.294926844018
			82.373005577433	-47.3352464747461
			82.413325208161	-47.3755661054742
			82.4536448388891	-47.4158857362022
			82.4536448388891	-47.4562053669303
			82.4939644696172	-47.4965249976584
			82.4939644696172	-47.5368446283864
			82.5342841003452	-47.5771642591145
			82.5746037310733	-47.6174838898426
			82.5746037310733	-47.6578035205706
			82.6149233618013	-47.6981231512987
			82.6552429925294	-47.7384427820267
			82.6552429925294	-47.7787624127548
			82.6955626232575	-47.8190820434829
			82.6955626232575	-47.8594016742109
			82.7358822539855	-47.899721304939
			82.7762018847136	-47.9400409356671
			82.7762018847136	-47.9803605663951
			82.8165215154417	-48.0206801971232
			82.8165215154417	-48.0609998278512
			82.8568411461697	-48.1013194585793
			82.8568411461697	-48.1416390893074
			82.8971607768978	-48.1819587200354
			82.9374804076259	-48.1819587200354
			82.9374804076259	-48.2222783507635
			82.9778000383539	-48.2625979814916
			82.9778000383539	-48.3029176122196
			83.018119669082	-48.3432372429477
			83.018119669082	-48.3835568736758
			83.05843929981	-48.4238765044038
			83.05843929981	-48.4641961351319
			83.0987589305381	-48.5045157658599
			83.0987589305381	-48.544835396588
			83.1390785612662	-48.5851550273161
			83.1390785612662	-48.6254746580441
			83.1793981919942	-48.6657942887722
			83.2197178227223	-48.7061139195003
			83.2197178227223	-48.7464335502283
			83.2600374534504	-48.7867531809564
			83.2600374534504	-48.8270728116844
			83.3003570841784	-48.8673924424125
			83.3003570841784	-48.9077120731406
			83.3406767149065	-48.9480317038686
			83.3406767149065	-48.9883513345967
			83.3809963456345	-49.0286709653248
			83.3809963456345	-49.0689905960528
			83.4213159763626	-49.0689905960528
			83.4213159763626	-49.1093102267809
			83.4213159763626	-49.1496298575089
			83.4616356070907	-49.189949488237
			83.4616356070907	-49.2302691189651
			83.5019552378187	-49.2705887496931
			83.5019552378187	-49.3109083804212
			83.5422748685468	-49.3512280111493
			83.5422748685468	-49.3915476418773
			83.5825944992749	-49.3915476418773
			83.5825944992749	-49.4318672726054
			83.5825944992749	-49.4721869033335
			83.6229141300029	-49.5125065340615
			83.6229141300029	-49.5528261647896
			83.663233760731	-49.5931457955176
			83.663233760731	-49.6334654262457
			83.663233760731	-49.6737850569738
			83.7035533914591	-49.6737850569738
			83.7035533914591	-49.7141046877018
			83.7035533914591	-49.7544243184299
			83.7438730221871	-49.794743949158
			83.7438730221871	-49.835063579886
			83.7841926529152	-49.8753832106141
			83.7841926529152	-49.9157028413422
			83.8245122836432	-49.9560224720702
			83.8245122836432	-49.9963421027983
			83.8245122836432	-50.0366617335263
			83.8648319143713	-50.0769813642544
			83.8648319143713	-50.1173009949825
			83.9051515450994	-50.1576206257105
			83.9051515450994	-50.1979402564386
			83.9051515450994	-50.2382598871667
			83.9454711758274	-50.2785795178947
			83.9454711758274	-50.3188991486228
			83.9454711758274	-50.3592187793508
			83.9857908065555	-50.3995384100789
			83.9857908065555	-50.439858040807
			83.9857908065555	-50.480177671535
			84.0261104372835	-50.5204973022631
			84.0261104372835	-50.5608169329912
			84.0261104372835	-50.6011365637192
			84.0261104372835	-50.6414561944473
			84.0664300680116	-50.6817758251754
			84.0664300680116	-50.7220954559034
			84.1067496987397	-50.7624150866315
			84.1067496987397	-50.8027347173595
			84.1067496987397	-50.8430543480876
		</c1>
		<c2 type=matrix rownames=FALSE colnames=FALSE nrow=1131 ncol=2 as.numeric=TRUE >
			84.1067496987397	-50.8430543480876
			84.0664300680116	-50.8430543480876
			84.0261104372835	-50.8430543480876
			83.9857908065555	-50.8430543480876
			83.9454711758274	-50.8430543480876
			83.9051515450994	-50.8430543480876
			83.8648319143713	-50.8027347173595
			83.8245122836432	-50.8027347173595
			83.7841926529152	-50.8027347173595
			83.7438730221871	-50.8027347173595
			83.7035533914591	-50.8027347173595
			83.663233760731	-50.8027347173595
			83.6229141300029	-50.8027347173595
			83.5825944992749	-50.8027347173595
			83.5422748685468	-50.8027347173595
			83.5019552378187	-50.8027347173595
			83.4616356070907	-50.7624150866315
			83.4213159763626	-50.7624150866315
			83.3809963456345	-50.7624150866315
			83.3406767149065	-50.7624150866315
			83.3003570841784	-50.7624150866315
			83.2600374534504	-50.7624150866315
			83.2197178227223	-50.7624150866315
			83.1793981919942	-50.7624150866315
			83.1793981919942	-50.7220954559034
			83.1390785612662	-50.7220954559034
			83.0987589305381	-50.7220954559034
			83.05843929981	-50.7220954559034
			83.018119669082	-50.7220954559034
			82.9778000383539	-50.7220954559034
			82.9374804076259	-50.7220954559034
			82.8971607768978	-50.7220954559034
			82.8568411461697	-50.6817758251754
			82.8165215154417	-50.6817758251754
			82.7762018847136	-50.6817758251754
			82.7358822539855	-50.6817758251754
			82.6955626232575	-50.6817758251754
			82.6552429925294	-50.6817758251754
			82.6552429925294	-50.6414561944473
			82.6149233618013	-50.6414561944473
			82.5746037310733	-50.6414561944473
			82.5342841003452	-50.6414561944473
			82.4939644696172	-50.6414561944473
			82.4536448388891	-50.6414561944473
			82.413325208161	-50.6414561944473
			82.413325208161	-50.6011365637192
			82.373005577433	-50.6011365637192
			82.3326859467049	-50.6011365637192
			82.2923663159768	-50.6011365637192
			82.2520466852488	-50.6011365637192
			82.2117270545207	-50.6011365637192
			82.2117270545207	-50.5608169329912
			82.1714074237926	-50.5608169329912
			82.1310877930646	-50.5608169329912
			82.0907681623365	-50.5608169329912
			82.0504485316085	-50.5608169329912
			82.0101289008804	-50.5204973022631
			81.9698092701523	-50.5204973022631
			81.9294896394243	-50.5204973022631
			81.8891700086962	-50.5204973022631
			81.8488503779681	-50.480177671535
			81.8085307472401	-50.480177671535
			81.768211116512	-50.480177671535
			81.727891485784	-50.480177671535
			81.6875718550559	-50.439858040807
			81.6472522243278	-50.439858040807
			81.6069325935998	-50.439858040807
			81.5666129628717	-50.439858040807
			81.5262933321436	-50.3995384100789
			81.4859737014156	-50.3995384100789
			81.4456540706875	-50.3995384100789
			81.4053344399594	-50.3592187793508
			81.3650148092314	-50.3592187793508
			81.3246951785033	-50.3592187793508
			81.2843755477753	-50.3592187793508
			81.2440559170472	-50.3188991486228
			81.2037362863191	-50.3188991486228
			81.1634166555911	-50.3188991486228
			81.123097024863	-50.3188991486228
			81.123097024863	-50.2785795178947
			81.082777394135	-50.2785795178947
			81.0424577634069	-50.2785795178947
			81.0021381326788	-50.2785795178947
			81.0021381326788	-50.2382598871667
			80.9618185019508	-50.2382598871667
			80.9214988712227	-50.2382598871667
			80.8811792404946	-50.2382598871667
			80.8811792404946	-50.1979402564386
			80.8408596097666	-50.1979402564386
			80.8005399790385	-50.1979402564386
			80.7602203483104	-50.1979402564386
			80.7602203483104	-50.1576206257105
			80.7199007175824	-50.1576206257105
			80.6795810868543	-50.1576206257105
			80.6392614561262	-50.1576206257105
			80.6392614561262	-50.1173009949825
			80.5989418253982	-50.1173009949825
			80.5586221946701	-50.1173009949825
			80.5586221946701	-50.0769813642544
			80.5183025639421	-50.0769813642544
			80.477982933214	-50.0769813642544
			80.4376633024859	-50.0769813642544
			80.4376633024859	-50.0366617335263
			80.3973436717579	-50.0366617335263
			80.3570240410298	-50.0366617335263
			80.3570240410298	-49.9963421027983
			80.3167044103018	-49.9963421027983
			80.2763847795737	-49.9963421027983
			80.2360651488456	-49.9560224720702
			80.1957455181176	-49.9560224720702
			80.1554258873895	-49.9157028413422
			80.1151062566614	-49.9157028413422
			80.0747866259334	-49.8753832106141
			80.0344669952053	-49.8753832106141
			79.9941473644772	-49.8753832106141
			79.9538277337492	-49.9157028413422
			79.9135081030211	-49.9157028413422
			79.8731884722931	-49.9560224720702
			79.832868841565	-49.9560224720702
			79.7925492108369	-49.9963421027983
			79.7522295801089	-49.9963421027983
			79.7119099493808	-49.9963421027983
			79.6715903186527	-50.0366617335263
			79.6312706879247	-50.0366617335263
			79.5909510571966	-50.0366617335263
			79.5506314264685	-50.0366617335263
			79.5103117957405	-50.0769813642544
			79.4699921650124	-50.0769813642544
			79.4296725342844	-50.0769813642544
			79.3893529035563	-50.0769813642544
			79.3893529035563	-50.1173009949825
			79.3490332728282	-50.1173009949825
			79.3087136421002	-50.1173009949825
			79.2683940113721	-50.1173009949825
			79.228074380644	-50.1173009949825
			79.187754749916	-50.1576206257105
			79.1474351191879	-50.1576206257105
			79.1071154884599	-50.1576206257105
			79.0667958577318	-50.1576206257105
			79.0264762270037	-50.1576206257105
			78.9861565962757	-50.1576206257105
			78.9458369655476	-50.1576206257105
			78.9055173348195	-50.1576206257105
			78.8651977040915	-50.1576206257105
			78.8248780733634	-50.1576206257105
			78.7845584426353	-50.1576206257105
			78.7442388119073	-50.1576206257105
			78.7039191811792	-50.1576206257105
			78.6635995504512	-50.1576206257105
			78.6232799197231	-50.1576206257105
			78.582960288995	-50.1576206257105
			78.542640658267	-50.1576206257105
			78.5023210275389	-50.1576206257105
			78.4620013968108	-50.1576206257105
			78.4216817660828	-50.1576206257105
			78.3813621353547	-50.1576206257105
			78.3410425046267	-50.1576206257105
			78.3007228738986	-50.1576206257105
			78.2604032431705	-50.1576206257105
			78.2200836124425	-50.1576206257105
			78.1797639817144	-50.1173009949825
			78.1394443509863	-50.1173009949825
			78.0991247202583	-50.1173009949825
			78.0588050895302	-50.1173009949825
			78.0184854588021	-50.1173009949825
			77.9781658280741	-50.0769813642544
			77.937846197346	-50.0769813642544
			77.897526566618	-50.0769813642544
			77.8572069358899	-50.0769813642544
			77.8168873051618	-50.0366617335263
			77.7765676744338	-50.0366617335263
			77.7362480437057	-50.0366617335263
			77.6959284129776	-49.9963421027983
			77.6556087822496	-49.9963421027983
			77.6152891515215	-49.9963421027983
			77.5749695207935	-49.9560224720702
			77.5346498900654	-49.9560224720702
			77.4943302593373	-49.9560224720702
			77.4540106286093	-49.9157028413422
			77.4136909978812	-49.9157028413422
			77.3733713671531	-49.8753832106141
			77.3330517364251	-49.8753832106141
			77.292732105697	-49.8753832106141
			77.2524124749689	-49.9157028413422
			77.2120928442409	-49.9157028413422
			77.1717732135128	-49.9157028413422
			77.1314535827848	-49.9560224720702
			77.0911339520567	-49.9560224720702
			77.0508143213286	-49.9560224720702
			77.0104946906006	-49.9560224720702
			76.9701750598725	-49.9963421027983
			76.9298554291444	-49.9963421027983
			76.8895357984164	-49.9963421027983
			76.8492161676883	-49.9963421027983
			76.8088965369602	-49.9963421027983
			76.7685769062322	-50.0366617335263
			76.7282572755041	-50.0366617335263
			76.6879376447761	-50.0366617335263
			76.647618014048	-50.0366617335263
			76.6072983833199	-50.0366617335263
			76.5669787525919	-50.0769813642544
			76.5266591218638	-50.0769813642544
			76.4863394911358	-50.0769813642544
			76.4460198604077	-50.0769813642544
			76.4057002296796	-50.0769813642544
			76.3653805989516	-50.0769813642544
			76.3250609682235	-50.0769813642544
			76.2847413374954	-50.0769813642544
			76.2444217067674	-50.0769813642544
			76.2041020760393	-50.0769813642544
			76.1637824453112	-50.0769813642544
			76.1234628145832	-50.0769813642544
			76.0831431838551	-50.0769813642544
			76.0428235531271	-50.0769813642544
			76.002503922399	-50.0769813642544
			75.9621842916709	-50.0769813642544
			75.9218646609429	-50.0769813642544
			75.8815450302148	-50.0769813642544
			75.8412253994867	-50.0769813642544
			75.8009057687587	-50.0769813642544
			75.7605861380306	-50.0769813642544
			75.7202665073026	-50.0769813642544
			75.6799468765745	-50.0769813642544
			75.6396272458464	-50.0769813642544
			75.5993076151184	-50.0769813642544
			75.5589879843903	-50.0769813642544
			75.5186683536622	-50.0769813642544
			75.4783487229342	-50.0769813642544
			75.4380290922061	-50.0769813642544
			75.4380290922061	-50.0366617335263
			75.397709461478	-50.0366617335263
			75.35738983075	-50.0366617335263
			75.3170702000219	-50.0366617335263
			75.2767505692939	-50.0366617335263
			75.2364309385658	-50.0366617335263
			75.1961113078377	-50.0366617335263
			75.1557916771097	-49.9963421027983
			75.1154720463816	-49.9963421027983
			75.0751524156535	-49.9963421027983
			75.0348327849255	-49.9963421027983
			74.9945131541974	-49.9963421027983
			74.9541935234694	-49.9560224720702
			74.9138738927413	-49.9560224720702
			74.8735542620132	-49.9560224720702
			74.8332346312852	-49.9157028413422
			74.7929150005571	-49.9157028413422
			74.752595369829	-49.9157028413422
			74.712275739101	-49.9157028413422
			74.6719561083729	-49.8753832106141
			74.6316364776448	-49.8753832106141
			74.5913168469168	-49.8753832106141
			74.5509972161887	-49.835063579886
			74.5106775854607	-49.835063579886
			74.4703579547326	-49.835063579886
			74.4300383240045	-49.794743949158
			74.3897186932765	-49.794743949158
			74.3493990625484	-49.794743949158
			74.3090794318203	-49.7544243184299
			74.2687598010923	-49.7544243184299
			74.2284401703642	-49.7141046877018
			74.1881205396361	-49.7141046877018
			74.1478009089081	-49.7141046877018
			74.10748127818	-49.6737850569738
			74.067161647452	-49.6737850569738
			74.0268420167239	-49.6334654262457
			73.9865223859958	-49.6334654262457
			73.9462027552678	-49.6334654262457
			73.9058831245397	-49.5931457955176
			73.8655634938116	-49.5931457955176
			73.8252438630836	-49.5528261647896
			73.7849242323555	-49.5528261647896
			73.7849242323555	-49.5125065340615
			73.7446046016275	-49.5125065340615
			73.7042849708994	-49.4721869033335
			73.6639653401713	-49.4721869033335
			73.6236457094433	-49.4318672726054
			73.5833260787152	-49.4318672726054
			73.5430064479871	-49.4318672726054
			73.5026868172591	-49.4318672726054
			73.462367186531	-49.4318672726054
			73.4220475558029	-49.4721869033335
			73.3817279250749	-49.4721869033335
			73.3414082943468	-49.4721869033335
			73.3010886636188	-49.4721869033335
			73.2607690328907	-49.4721869033335
			73.2204494021626	-49.4721869033335
			73.1801297714346	-49.4721869033335
			73.1398101407065	-49.5125065340615
			73.0994905099785	-49.5125065340615
			73.0591708792504	-49.5125065340615
			73.0188512485223	-49.5125065340615
			72.9785316177943	-49.5125065340615
			72.9382119870662	-49.5125065340615
			72.8978923563381	-49.5125065340615
			72.8575727256101	-49.5125065340615
			72.817253094882	-49.5125065340615
			72.7769334641539	-49.5528261647896
			72.7366138334259	-49.5528261647896
			72.6962942026978	-49.5528261647896
			72.6559745719698	-49.5528261647896
			72.6156549412417	-49.5528261647896
			72.5753353105136	-49.5528261647896
			72.5350156797856	-49.5528261647896
			72.4946960490575	-49.5528261647896
			72.4543764183294	-49.5931457955176
			72.4140567876014	-49.5931457955176
			72.3737371568733	-49.5931457955176
			72.3334175261453	-49.5931457955176
			72.2930978954172	-49.5931457955176
			72.2527782646891	-49.5931457955176
			72.2124586339611	-49.5931457955176
			72.172139003233	-49.5931457955176
			72.1318193725049	-49.5931457955176
			72.0914997417769	-49.5931457955176
			72.0511801110488	-49.5931457955176
			72.0108604803207	-49.5931457955176
			71.9705408495927	-49.5931457955176
			71.9302212188646	-49.6334654262457
			71.8899015881366	-49.6334654262457
			71.8495819574085	-49.6334654262457
			71.8092623266804	-49.6334654262457
			71.7689426959524	-49.6334654262457
			71.7286230652243	-49.6334654262457
			71.6883034344962	-49.6334654262457
			71.6479838037682	-49.6334654262457
			71.6076641730401	-49.6334654262457
			71.567344542312	-49.6334654262457
			71.527024911584	-49.6334654262457
			71.4867052808559	-49.6334654262457
			71.4463856501279	-49.6334654262457
			71.4060660193998	-49.6334654262457
			71.3657463886717	-49.6334654262457
			71.3254267579437	-49.6334654262457
			71.2851071272156	-49.6334654262457
			71.2447874964875	-49.6334654262457
			71.2044678657595	-49.6334654262457
			71.1641482350314	-49.6334654262457
			71.1238286043034	-49.6737850569738
			71.0835089735753	-49.6737850569738
			71.0431893428472	-49.6737850569738
			71.0028697121192	-49.6737850569738
			70.9625500813911	-49.6737850569738
			70.922230450663	-49.6737850569738
			70.881910819935	-49.6737850569738
			70.8415911892069	-49.6737850569738
			70.8012715584788	-49.6737850569738
			70.7609519277508	-49.6737850569738
			70.7206322970227	-49.6737850569738
			70.6803126662947	-49.6737850569738
			70.6399930355666	-49.6737850569738
			70.5996734048385	-49.6737850569738
			70.5593537741105	-49.6737850569738
			70.5190341433824	-49.6737850569738
			70.4787145126543	-49.6737850569738
			70.4383948819263	-49.6334654262457
			70.3980752511982	-49.6334654262457
			70.3577556204702	-49.6334654262457
			70.3174359897421	-49.6334654262457
			70.277116359014	-49.6334654262457
			70.236796728286	-49.6334654262457
			70.1964770975579	-49.6334654262457
			70.1561574668298	-49.6334654262457
			70.1158378361018	-49.6334654262457
			70.0755182053737	-49.6334654262457
			70.0351985746456	-49.6334654262457
			69.9948789439176	-49.6334654262457
			69.9545593131895	-49.6334654262457
			69.9142396824615	-49.6334654262457
			69.8739200517334	-49.6334654262457
			69.8336004210053	-49.6334654262457
			69.7932807902773	-49.6334654262457
			69.7529611595492	-49.6334654262457
			69.7126415288211	-49.6334654262457
			69.6723218980931	-49.6334654262457
			69.6723218980931	-49.5931457955176
			69.632002267365	-49.5931457955176
			69.591682636637	-49.5931457955176
			69.5513630059089	-49.5931457955176
			69.5110433751808	-49.5931457955176
			69.4707237444528	-49.5931457955176
			69.4304041137247	-49.5931457955176
			69.3900844829966	-49.5931457955176
			69.3497648522686	-49.5931457955176
			69.3094452215405	-49.5931457955176
			69.2691255908125	-49.5931457955176
			69.2288059600844	-49.5528261647896
			69.1884863293563	-49.5528261647896
			69.1481666986283	-49.5528261647896
			69.1078470679002	-49.5528261647896
			69.0675274371721	-49.5528261647896
			69.0272078064441	-49.5528261647896
			68.986888175716	-49.5528261647896
			68.9465685449879	-49.5125065340615
			68.9062489142599	-49.5125065340615
			68.8659292835318	-49.5125065340615
			68.8256096528037	-49.5125065340615
			68.7852900220757	-49.5125065340615
			68.7449703913476	-49.5125065340615
			68.7046507606196	-49.4721869033335
			68.6643311298915	-49.4721869033335
			68.6240114991634	-49.4721869033335
			68.5836918684354	-49.4721869033335
			68.5433722377073	-49.4721869033335
			68.5030526069793	-49.4721869033335
			68.5030526069793	-49.4318672726054
			68.4627329762512	-49.4318672726054
			68.4224133455231	-49.4318672726054
			68.3820937147951	-49.4318672726054
			68.341774084067	-49.4318672726054
			68.3014544533389	-49.3915476418773
			68.2611348226109	-49.3915476418773
			68.2208151918828	-49.3915476418773
			68.1804955611547	-49.3915476418773
			68.1401759304267	-49.3915476418773
			68.0998562996986	-49.3512280111493
			68.0595366689706	-49.3512280111493
			68.0192170382425	-49.3512280111493
			67.9788974075144	-49.3512280111493
			67.9385777767864	-49.3109083804212
			67.8982581460583	-49.3109083804212
			67.8579385153302	-49.3109083804212
			67.8176188846022	-49.2705887496931
			67.7772992538741	-49.2705887496931
			67.7369796231461	-49.2705887496931
			67.696659992418	-49.2705887496931
			67.6563403616899	-49.2302691189651
			67.6160207309619	-49.2302691189651
			67.5757011002338	-49.2302691189651
			67.5353814695057	-49.189949488237
			67.4950618387777	-49.189949488237
			67.4547422080496	-49.189949488237
			67.4144225773215	-49.1496298575089
			67.3741029465935	-49.1496298575089
			67.3337833158654	-49.1496298575089
			67.2934636851374	-49.1496298575089
			67.2531440544093	-49.1496298575089
			67.2128244236812	-49.1496298575089
			67.1725047929532	-49.1496298575089
			67.1321851622251	-49.189949488237
			67.091865531497	-49.189949488237
			67.051545900769	-49.189949488237
			67.0112262700409	-49.189949488237
			66.9709066393129	-49.189949488237
			66.9305870085848	-49.189949488237
			66.8902673778567	-49.189949488237
			66.8499477471287	-49.189949488237
			66.8096281164006	-49.189949488237
			66.7693084856725	-49.189949488237
			66.7289888549445	-49.2302691189651
			66.6886692242164	-49.2302691189651
			66.6483495934883	-49.2302691189651
			66.6080299627603	-49.2302691189651
			66.5677103320322	-49.2302691189651
			66.5273907013042	-49.2302691189651
			66.4870710705761	-49.2302691189651
			66.446751439848	-49.2302691189651
			66.40643180912	-49.2302691189651
			66.3661121783919	-49.2302691189651
			66.3257925476638	-49.2302691189651
			66.2854729169358	-49.2705887496931
			66.2451532862077	-49.2705887496931
			66.2048336554796	-49.2705887496931
			66.1645140247516	-49.2705887496931
			66.1241943940235	-49.2705887496931
			66.0838747632955	-49.2705887496931
			66.0435551325674	-49.2705887496931
			66.0032355018393	-49.2705887496931
			65.9629158711113	-49.2705887496931
			65.9225962403832	-49.2705887496931
			65.8822766096552	-49.2705887496931
			65.8419569789271	-49.2705887496931
			65.801637348199	-49.2705887496931
			65.761317717471	-49.2705887496931
			65.7209980867429	-49.3109083804212
			65.6806784560148	-49.3109083804212
			65.6403588252868	-49.3109083804212
			65.6000391945587	-49.3109083804212
			65.5597195638306	-49.3109083804212
			65.5193999331026	-49.3109083804212
			65.4790803023745	-49.3109083804212
			65.4387606716464	-49.3109083804212
			65.3984410409184	-49.3109083804212
			65.3581214101903	-49.3109083804212
			65.3178017794623	-49.3109083804212
			65.2774821487342	-49.3109083804212
			65.2371625180061	-49.3109083804212
			65.1968428872781	-49.3109083804212
			65.15652325655	-49.3109083804212
			65.116203625822	-49.3109083804212
			65.0758839950939	-49.3109083804212
			65.0355643643658	-49.3109083804212
			64.9952447336378	-49.3109083804212
			64.9549251029097	-49.3109083804212
			64.9146054721816	-49.3512280111493
			64.8742858414536	-49.3512280111493
			64.8339662107255	-49.3512280111493
			64.7936465799974	-49.3512280111493
			64.7533269492694	-49.3512280111493
			64.7130073185413	-49.3512280111493
			64.6726876878133	-49.3512280111493
			64.6323680570852	-49.3512280111493
			64.5920484263571	-49.3512280111493
			64.5517287956291	-49.3512280111493
			64.511409164901	-49.3512280111493
			64.4710895341729	-49.3512280111493
			64.4307699034449	-49.3512280111493
			64.3904502727168	-49.3512280111493
			64.3501306419888	-49.3512280111493
			64.3098110112607	-49.3512280111493
			64.2694913805326	-49.3512280111493
			64.2291717498046	-49.3512280111493
			64.1888521190765	-49.3512280111493
			64.1485324883484	-49.3512280111493
			64.1082128576204	-49.3512280111493
			64.0678932268923	-49.3512280111493
			64.0275735961642	-49.3512280111493
			63.9872539654362	-49.3512280111493
			63.9469343347081	-49.3512280111493
			63.9066147039801	-49.3512280111493
			63.866295073252	-49.3512280111493
			63.8259754425239	-49.3512280111493
			63.7856558117959	-49.3512280111493
			63.7453361810678	-49.3512280111493
			63.7050165503397	-49.3512280111493
			63.6646969196117	-49.3512280111493
			63.6243772888836	-49.3512280111493
			63.5840576581556	-49.3512280111493
			63.5437380274275	-49.3512280111493
			63.5034183966994	-49.3512280111493
			63.4630987659714	-49.3512280111493
			63.4227791352433	-49.3512280111493
			63.3824595045152	-49.3512280111493
			63.3421398737872	-49.3512280111493
			63.3018202430591	-49.3512280111493
			63.261500612331	-49.3512280111493
			63.221180981603	-49.3512280111493
			63.1808613508749	-49.3512280111493
			63.1405417201469	-49.3512280111493
			63.1002220894188	-49.3512280111493
			63.0599024586907	-49.3512280111493
			63.0195828279627	-49.3512280111493
			62.9792631972346	-49.3512280111493
			62.9389435665065	-49.3512280111493
			62.8986239357785	-49.3512280111493
			62.8583043050504	-49.3512280111493
			62.8179846743224	-49.3512280111493
			62.7776650435943	-49.3109083804212
			62.7373454128662	-49.3109083804212
			62.6970257821382	-49.3109083804212
			62.6567061514101	-49.3109083804212
			62.616386520682	-49.3109083804212
			62.576066889954	-49.3109083804212
			62.5357472592259	-49.3109083804212
			62.4954276284978	-49.3109083804212
			62.4551079977698	-49.3109083804212
			62.4147883670417	-49.3109083804212
			62.3744687363137	-49.3109083804212
			62.3341491055856	-49.3109083804212
			62.2938294748575	-49.3109083804212
			62.2535098441295	-49.3109083804212
			62.2131902134014	-49.3109083804212
			62.1728705826733	-49.3109083804212
			62.1325509519453	-49.2705887496931
			62.0922313212172	-49.2705887496931
			62.0519116904891	-49.2705887496931
			62.0115920597611	-49.2705887496931
			61.971272429033	-49.2705887496931
			61.930952798305	-49.2705887496931
			61.8906331675769	-49.2705887496931
			61.8503135368488	-49.2705887496931
			61.8099939061208	-49.2705887496931
			61.7696742753927	-49.2705887496931
			61.7293546446646	-49.2705887496931
			61.6890350139366	-49.2705887496931
			61.6890350139366	-49.2302691189651
			61.6487153832085	-49.2302691189651
			61.6083957524805	-49.2302691189651
			61.5680761217524	-49.2302691189651
			61.5277564910243	-49.2302691189651
			61.4874368602963	-49.2302691189651
			61.4471172295682	-49.2302691189651
			61.4067975988401	-49.2705887496931
			61.3664779681121	-49.2705887496931
			61.326158337384	-49.2705887496931
			61.285838706656	-49.2705887496931
			61.2455190759279	-49.3109083804212
			61.2051994451998	-49.3109083804212
			61.1648798144718	-49.3109083804212
			61.1245601837437	-49.3109083804212
			61.0842405530156	-49.3512280111493
			61.0439209222876	-49.3512280111493
			61.0036012915595	-49.3512280111493
			60.9632816608314	-49.3512280111493
			60.9229620301034	-49.3512280111493
			60.8826423993753	-49.3512280111493
			60.8423227686473	-49.3915476418773
			60.8020031379192	-49.3915476418773
			60.7616835071911	-49.3915476418773
			60.7213638764631	-49.3915476418773
			60.681044245735	-49.3915476418773
			60.6407246150069	-49.3915476418773
			60.6004049842789	-49.3915476418773
			60.5600853535508	-49.4318672726054
			60.5197657228228	-49.4318672726054
			60.4794460920947	-49.4318672726054
			60.4391264613666	-49.4318672726054
			60.3988068306386	-49.4318672726054
			60.3584871999105	-49.4318672726054
			60.3181675691824	-49.4318672726054
			60.2778479384544	-49.4318672726054
			60.2375283077263	-49.4318672726054
			60.1972086769982	-49.4721869033335
			60.1568890462702	-49.4721869033335
			60.1165694155421	-49.4721869033335
			60.0762497848141	-49.4721869033335
			60.035930154086	-49.4721869033335
			59.9956105233579	-49.4721869033335
			59.9552908926299	-49.4721869033335
			59.9149712619018	-49.4721869033335
			59.8746516311737	-49.4721869033335
			59.8343320004457	-49.4721869033335
			59.7940123697176	-49.4721869033335
			59.7536927389895	-49.4721869033335
			59.7133731082615	-49.4721869033335
			59.6730534775334	-49.4721869033335
			59.6327338468054	-49.4721869033335
			59.5924142160773	-49.4721869033335
			59.5520945853492	-49.4721869033335
			59.5117749546212	-49.4721869033335
			59.4714553238931	-49.4721869033335
			59.431135693165	-49.4721869033335
			59.390816062437	-49.4721869033335
			59.3504964317089	-49.4721869033335
			59.3101768009809	-49.4721869033335
			59.2698571702528	-49.4721869033335
			59.2295375395247	-49.4721869033335
			59.1892179087967	-49.4721869033335
			59.1488982780686	-49.4721869033335
			59.1085786473405	-49.4721869033335
			59.0682590166125	-49.4721869033335
			59.0279393858844	-49.4721869033335
			58.9876197551564	-49.4721869033335
			58.9473001244283	-49.4721869033335
			58.9069804937002	-49.4721869033335
			58.8666608629722	-49.4721869033335
			58.8263412322441	-49.4721869033335
			58.786021601516	-49.4721869033335
			58.745701970788	-49.4721869033335
			58.7053823400599	-49.4721869033335
			58.6650627093318	-49.4721869033335
			58.6247430786038	-49.4721869033335
			58.5844234478757	-49.4721869033335
			58.5441038171477	-49.4721869033335
			58.5037841864196	-49.4721869033335
			58.4634645556915	-49.4721869033335
			58.4231449249635	-49.4721869033335
			58.3828252942354	-49.5125065340615
			58.3425056635073	-49.5125065340615
			58.3021860327793	-49.5125065340615
			58.2618664020512	-49.5125065340615
			58.2215467713232	-49.5125065340615
			58.1812271405951	-49.5125065340615
			58.140907509867	-49.5125065340615
			58.100587879139	-49.5125065340615
			58.0602682484109	-49.5528261647896
			58.0199486176828	-49.5528261647896
			57.9796289869548	-49.5528261647896
			57.9393093562267	-49.5528261647896
			57.8989897254987	-49.5528261647896
			57.8586700947706	-49.5528261647896
			57.8183504640425	-49.5528261647896
			57.7780308333145	-49.5528261647896
			57.7377112025864	-49.5528261647896
			57.6973915718583	-49.5528261647896
			57.6570719411303	-49.5931457955176
			57.6167523104022	-49.5931457955176
			57.5764326796741	-49.5931457955176
			57.5361130489461	-49.5931457955176
			57.495793418218	-49.5931457955176
			57.45547378749	-49.5931457955176
			57.4151541567619	-49.5931457955176
			57.3748345260338	-49.5931457955176
			57.3345148953058	-49.5931457955176
			57.2941952645777	-49.5931457955176
			57.2538756338496	-49.5931457955176
			57.2135560031216	-49.5931457955176
			57.1732363723935	-49.5931457955176
			57.1329167416654	-49.5931457955176
			57.0925971109374	-49.5931457955176
			57.0522774802093	-49.5931457955176
			57.0119578494813	-49.5931457955176
			56.9716382187532	-49.5931457955176
			56.9313185880251	-49.5528261647896
			56.8909989572971	-49.5528261647896
			56.850679326569	-49.5528261647896
			56.8103596958409	-49.5528261647896
			56.7700400651129	-49.5528261647896
			56.7297204343848	-49.5528261647896
			56.6894008036568	-49.5528261647896
			56.6490811729287	-49.5528261647896
			56.6087615422006	-49.5528261647896
			56.5684419114726	-49.5528261647896
			56.5281222807445	-49.5125065340615
			56.4878026500164	-49.5125065340615
			56.4474830192884	-49.5125065340615
			56.4071633885603	-49.5125065340615
			56.3668437578322	-49.5125065340615
			56.3265241271042	-49.4721869033335
			56.2862044963761	-49.4721869033335
			56.2458848656481	-49.4721869033335
			56.20556523492	-49.4721869033335
			56.1652456041919	-49.4318672726054
			56.1249259734639	-49.4318672726054
			56.0846063427358	-49.4318672726054
			56.0442867120077	-49.4318672726054
			56.0039670812797	-49.3915476418773
			55.9636474505516	-49.3915476418773
			55.9233278198236	-49.3915476418773
			55.8830081890955	-49.3915476418773
			55.8426885583674	-49.3512280111493
			55.8023689276394	-49.3512280111493
			55.7620492969113	-49.3512280111493
			55.7217296661832	-49.3109083804212
			55.6814100354552	-49.3109083804212
			55.6410904047271	-49.3109083804212
			55.6007707739991	-49.2705887496931
			55.560451143271	-49.2705887496931
			55.5201315125429	-49.2302691189651
			55.4798118818149	-49.2302691189651
			55.4394922510868	-49.2302691189651
			55.3991726203587	-49.189949488237
			55.3588529896307	-49.189949488237
			55.3185333589026	-49.2302691189651
			55.2782137281745	-49.2302691189651
			55.2378940974465	-49.2302691189651
			55.1975744667184	-49.2705887496931
			55.1572548359904	-49.2705887496931
			55.1169352052623	-49.2705887496931
			55.0766155745342	-49.2705887496931
			55.0362959438062	-49.3109083804212
			54.9959763130781	-49.3109083804212
			54.95565668235	-49.3109083804212
			54.915337051622	-49.3109083804212
			54.8750174208939	-49.3109083804212
			54.8750174208939	-49.3512280111493
			54.8346977901658	-49.3512280111493
			54.7943781594378	-49.3512280111493
			54.7540585287097	-49.3512280111493
			54.7137388979817	-49.3512280111493
			54.6734192672536	-49.3915476418773
			54.6330996365255	-49.3915476418773
			54.5927800057975	-49.3915476418773
			54.5524603750694	-49.3915476418773
			54.5121407443413	-49.3915476418773
			54.4718211136133	-49.4318672726054
			54.4315014828852	-49.4318672726054
			54.3911818521572	-49.4318672726054
			54.3508622214291	-49.4318672726054
			54.310542590701	-49.4318672726054
			54.270222959973	-49.4318672726054
			54.270222959973	-49.4721869033335
			54.2299033292449	-49.4721869033335
			54.1895836985168	-49.4721869033335
			54.1492640677888	-49.4721869033335
			54.1089444370607	-49.4721869033335
			54.0686248063327	-49.4721869033335
			54.0283051756046	-49.4721869033335
			53.9879855448765	-49.5125065340615
			53.9476659141485	-49.5125065340615
			53.9073462834204	-49.5125065340615
			53.8670266526923	-49.5125065340615
			53.8267070219643	-49.5125065340615
			53.7863873912362	-49.5125065340615
			53.7460677605081	-49.5125065340615
			53.7057481297801	-49.5125065340615
			53.665428499052	-49.5125065340615
			53.625108868324	-49.5528261647896
			53.5847892375959	-49.5528261647896
			53.5444696068678	-49.5528261647896
			53.5041499761398	-49.5528261647896
			53.4638303454117	-49.5528261647896
			53.4235107146836	-49.5528261647896
			53.3831910839556	-49.5528261647896
			53.3428714532275	-49.5528261647896
			53.3025518224995	-49.5528261647896
			53.2622321917714	-49.5528261647896
			53.2219125610433	-49.5528261647896
			53.1815929303153	-49.5528261647896
			53.1412732995872	-49.5528261647896
			53.1009536688591	-49.5528261647896
			53.0606340381311	-49.5528261647896
			53.020314407403	-49.5528261647896
			52.9799947766749	-49.5528261647896
			52.9396751459469	-49.5528261647896
			52.8993555152188	-49.5528261647896
			52.8590358844908	-49.5528261647896
			52.8187162537627	-49.5528261647896
			52.7783966230346	-49.5528261647896
			52.7380769923066	-49.5528261647896
			52.6977573615785	-49.5528261647896
			52.6574377308504	-49.5528261647896
			52.6171181001224	-49.5528261647896
			52.5767984693943	-49.5528261647896
			52.5364788386663	-49.5528261647896
			52.4961592079382	-49.5528261647896
			52.4558395772101	-49.5528261647896
			52.4155199464821	-49.5528261647896
			52.375200315754	-49.5528261647896
			52.3348806850259	-49.5528261647896
			52.2945610542979	-49.5528261647896
			52.2542414235698	-49.5528261647896
			52.2139217928417	-49.5528261647896
			52.1736021621137	-49.5528261647896
			52.1332825313856	-49.5528261647896
			52.0929629006576	-49.5528261647896
			52.0526432699295	-49.5528261647896
			52.0123236392014	-49.5528261647896
			51.9720040084734	-49.5125065340615
			51.9316843777453	-49.5125065340615
			51.8913647470172	-49.5125065340615
			51.8510451162892	-49.5125065340615
			51.8107254855611	-49.5125065340615
			51.7704058548331	-49.5125065340615
			51.730086224105	-49.5125065340615
			51.6897665933769	-49.5125065340615
			51.6494469626489	-49.5125065340615
			51.6091273319208	-49.4721869033335
			51.5688077011927	-49.4721869033335
			51.5284880704647	-49.4721869033335
			51.4881684397366	-49.4721869033335
			51.4478488090085	-49.4721869033335
			51.4075291782805	-49.4721869033335
			51.3672095475524	-49.4318672726054
			51.3268899168244	-49.4318672726054
			51.2865702860963	-49.4318672726054
			51.2462506553682	-49.4318672726054
			51.2059310246402	-49.4318672726054
			51.1656113939121	-49.4318672726054
			51.125291763184	-49.3915476418773
			51.084972132456	-49.3915476418773
			51.0446525017279	-49.3915476418773
			51.0043328709999	-49.3915476418773
			50.9640132402718	-49.3512280111493
			50.9236936095437	-49.3512280111493
			50.8833739788157	-49.3512280111493
			50.8430543480876	-49.3512280111493
			50.8027347173595	-49.3512280111493
			50.7624150866315	-49.3109083804212
			50.7220954559034	-49.3109083804212
			50.6817758251754	-49.3109083804212
			50.6414561944473	-49.3109083804212
			50.6011365637192	-49.2705887496931
			50.5608169329912	-49.2705887496931
			50.5204973022631	-49.2705887496931
			50.480177671535	-49.2705887496931
			50.439858040807	-49.2705887496931
			50.439858040807	-49.2302691189651
			50.3995384100789	-49.2302691189651
			50.3592187793508	-49.2302691189651
			50.3188991486228	-49.2302691189651
			50.2785795178947	-49.189949488237
			50.2382598871667	-49.189949488237
			50.1979402564386	-49.189949488237
			50.1576206257105	-49.2302691189651
			50.1173009949825	-49.2302691189651
			50.0769813642544	-49.2302691189651
			50.0366617335263	-49.2705887496931
			49.9963421027983	-49.2705887496931
			49.9560224720702	-49.2705887496931
			49.9157028413422	-49.3109083804212
			49.8753832106141	-49.3109083804212
			49.835063579886	-49.3109083804212
			49.794743949158	-49.3512280111493
			49.7544243184299	-49.3512280111493
			49.7141046877018	-49.3512280111493
			49.6737850569738	-49.3915476418773
			49.6334654262457	-49.3915476418773
			49.5931457955176	-49.3915476418773
			49.5528261647896	-49.3915476418773
			49.5125065340615	-49.4318672726054
			49.4721869033335	-49.4318672726054
			49.4318672726054	-49.4318672726054
			49.3915476418773	-49.4318672726054
			49.3512280111493	-49.4721869033335
			49.3109083804212	-49.4721869033335
			49.2705887496931	-49.4721869033335
			49.2302691189651	-49.5125065340615
			49.189949488237	-49.5125065340615
			49.1496298575089	-49.5125065340615
			49.1093102267809	-49.5125065340615
			49.1093102267809	-49.5528261647896
			49.0689905960528	-49.5528261647896
			49.0286709653248	-49.5528261647896
			48.9883513345967	-49.5528261647896
			48.9480317038686	-49.5528261647896
			48.9077120731406	-49.5931457955176
			48.8673924424125	-49.5931457955176
			48.8270728116844	-49.5931457955176
			48.7867531809564	-49.5931457955176
			48.7464335502283	-49.6334654262457
			48.7061139195003	-49.6334654262457
			48.6657942887722	-49.6334654262457
			48.6254746580441	-49.6334654262457
			48.5851550273161	-49.6334654262457
			48.5851550273161	-49.6737850569738
			48.544835396588	-49.6737850569738
			48.5045157658599	-49.6737850569738
			48.4641961351319	-49.6737850569738
			48.4238765044038	-49.6737850569738
			48.3835568736758	-49.6737850569738
			48.3432372429477	-49.7141046877018
			48.3029176122196	-49.7141046877018
			48.2625979814916	-49.7141046877018
			48.2222783507635	-49.7141046877018
			48.1819587200354	-49.7141046877018
			48.1416390893074	-49.7544243184299
			48.1013194585793	-49.7544243184299
			48.0609998278512	-49.7544243184299
			48.0206801971232	-49.7544243184299
			47.9803605663951	-49.7544243184299
			47.9400409356671	-49.7544243184299
			47.899721304939	-49.7544243184299
			47.8594016742109	-49.794743949158
			47.8190820434829	-49.794743949158
			47.7787624127548	-49.794743949158
			47.7384427820267	-49.794743949158
			47.6981231512987	-49.794743949158
			47.6578035205706	-49.794743949158
			47.6174838898426	-49.794743949158
			47.5771642591145	-49.794743949158
			47.5368446283864	-49.794743949158
			47.4965249976584	-49.794743949158
			47.4562053669303	-49.794743949158
			47.4562053669303	-49.835063579886
			47.4158857362022	-49.835063579886
			47.3755661054742	-49.835063579886
			47.3352464747461	-49.835063579886
			47.294926844018	-49.835063579886
			47.25460721329	-49.835063579886
			47.2142875825619	-49.835063579886
			47.1739679518339	-49.835063579886
			47.1336483211058	-49.835063579886
			47.0933286903777	-49.835063579886
			47.0530090596497	-49.835063579886
			47.0126894289216	-49.835063579886
			46.9723697981935	-49.835063579886
			46.9320501674655	-49.835063579886
			46.8917305367374	-49.835063579886
			46.8514109060093	-49.835063579886
			46.8110912752813	-49.835063579886
			46.7707716445532	-49.835063579886
			46.7304520138252	-49.835063579886
			46.6901323830971	-49.794743949158
			46.649812752369	-49.794743949158
			46.609493121641	-49.794743949158
			46.5691734909129	-49.794743949158
			46.5288538601848	-49.794743949158
			46.4885342294568	-49.794743949158
			46.4482145987287	-49.794743949158
			46.4078949680007	-49.794743949158
			46.3675753372726	-49.7544243184299
			46.3272557065445	-49.7544243184299
			46.2869360758165	-49.7544243184299
			46.2466164450884	-49.7544243184299
			46.2062968143603	-49.7544243184299
			46.1659771836323	-49.7141046877018
			46.1256575529042	-49.7141046877018
			46.0853379221762	-49.7141046877018
			46.0450182914481	-49.7141046877018
			46.00469866072	-49.6737850569738
			45.964379029992	-49.6737850569738
			45.9240593992639	-49.6737850569738
			45.8837397685358	-49.6334654262457
			45.8434201378078	-49.6334654262457
			45.8031005070797	-49.6334654262457
			45.8031005070797	-49.5931457955176
			45.7627808763516	-49.5931457955176
			45.7224612456236	-49.5931457955176
			45.6821416148955	-49.5528261647896
			45.6418219841675	-49.5528261647896
			45.6015023534394	-49.5125065340615
			45.5611827227113	-49.4721869033335
			45.5208630919833	-49.4721869033335
			45.4805434612552	-49.4318672726054
			45.4402238305271	-49.4318672726054
			45.3999041997991	-49.3915476418773
			45.359584569071	-49.3915476418773
			45.319264938343	-49.4318672726054
			45.2789453076149	-49.4318672726054
			45.2386256768868	-49.4318672726054
			45.1983060461588	-49.4721869033335
			45.1579864154307	-49.4721869033335
			45.1176667847026	-49.4721869033335
			45.0773471539746	-49.4721869033335
			45.0370275232465	-49.5125065340615
			44.9967078925185	-49.5125065340615
			44.9563882617904	-49.5125065340615
			44.9160686310623	-49.5125065340615
			44.8757490003343	-49.5528261647896
			44.8354293696062	-49.5528261647896
			44.7951097388781	-49.5528261647896
			44.7547901081501	-49.5528261647896
			44.714470477422	-49.5931457955176
			44.6741508466939	-49.5931457955176
			44.6338312159659	-49.5931457955176
			44.5935115852378	-49.5931457955176
			44.5531919545098	-49.5931457955176
			44.5128723237817	-49.6334654262457
			44.4725526930536	-49.6334654262457
			44.4322330623256	-49.6334654262457
			44.3919134315975	-49.6334654262457
			44.3515938008694	-49.6334654262457
			44.3112741701414	-49.6737850569738
			44.2709545394133	-49.6737850569738
			44.2306349086852	-49.6737850569738
			44.1903152779572	-49.6737850569738
			44.1499956472291	-49.6737850569738
			44.1096760165011	-49.6737850569738
			44.069356385773	-49.7141046877018
			44.0290367550449	-49.7141046877018
			43.9887171243169	-49.7141046877018
			43.9483974935888	-49.7141046877018
			43.9080778628607	-49.7141046877018
			43.8677582321327	-49.7141046877018
			43.8274386014046	-49.7141046877018
			43.7871189706766	-49.7544243184299
			43.7467993399485	-49.7544243184299
			43.7064797092204	-49.7544243184299
			43.6661600784924	-49.7544243184299
			43.6258404477643	-49.7544243184299
			43.5855208170362	-49.7544243184299
			43.5452011863082	-49.7544243184299
			43.5048815555801	-49.7544243184299
			43.464561924852	-49.7544243184299
			43.424242294124	-49.794743949158
			43.3839226633959	-49.794743949158
			43.3436030326679	-49.794743949158
			43.3032834019398	-49.794743949158
			43.2629637712117	-49.794743949158
			43.2226441404837	-49.794743949158
			43.1823245097556	-49.794743949158
			43.1420048790275	-49.794743949158
			43.1016852482995	-49.794743949158
			43.0613656175714	-49.794743949158
			43.0210459868434	-49.794743949158
			42.9807263561153	-49.835063579886
			42.9404067253872	-49.835063579886
			42.9000870946592	-49.835063579886
			42.8597674639311	-49.835063579886
			42.819447833203	-49.835063579886
			42.779128202475	-49.835063579886
			42.7388085717469	-49.835063579886
			42.6984889410189	-49.835063579886
			42.6581693102908	-49.835063579886
			42.6178496795627	-49.835063579886
			42.5775300488347	-49.835063579886
			42.5372104181066	-49.835063579886
			42.4968907873785	-49.835063579886
			42.4565711566505	-49.835063579886
			42.4162515259224	-49.8753832106141
			42.3759318951943	-49.8753832106141
			42.3356122644663	-49.8753832106141
			42.2952926337382	-49.8753832106141
			42.2549730030102	-49.8753832106141
			42.2146533722821	-49.8753832106141
			42.174333741554	-49.8753832106141
			42.134014110826	-49.8753832106141
			42.0936944800979	-49.8753832106141
			42.0533748493698	-49.8753832106141
			42.0130552186418	-49.8753832106141
			41.9727355879137	-49.8753832106141
			41.9324159571857	-49.8753832106141
			41.8920963264576	-49.8753832106141
			41.8517766957295	-49.8753832106141
			41.8114570650015	-49.8753832106141
			41.7711374342734	-49.8753832106141
			41.7308178035453	-49.8753832106141
			41.6904981728173	-49.8753832106141
			41.6501785420892	-49.8753832106141
			41.6098589113611	-49.8753832106141
			41.5695392806331	-49.8753832106141
			41.529219649905	-49.8753832106141
			41.488900019177	-49.8753832106141
			41.4485803884489	-49.8753832106141
			41.4082607577208	-49.8753832106141
			41.3679411269928	-49.8753832106141
			41.3276214962647	-49.8753832106141
			41.2873018655366	-49.8753832106141
			41.2469822348086	-49.8753832106141
			41.2066626040805	-49.8753832106141
			41.1663429733524	-49.8753832106141
			41.1260233426244	-49.8753832106141
			41.0857037118963	-49.8753832106141
			41.0453840811683	-49.8753832106141
			41.0050644504402	-49.8753832106141
			40.9647448197121	-49.8753832106141
			40.9244251889841	-49.8753832106141
			40.884105558256	-49.8753832106141
			40.8437859275279	-49.8753832106141
			40.8034662967999	-49.8753832106141
			40.7631466660718	-49.8753832106141
			40.7228270353438	-49.8753832106141
			40.6825074046157	-49.8753832106141
			40.6421877738876	-49.8753832106141
			40.6018681431596	-49.8753832106141
			40.5615485124315	-49.8753832106141
			40.5212288817034	-49.8753832106141
			40.4809092509754	-49.8753832106141
			40.4405896202473	-49.8753832106141
			40.4002699895193	-49.8753832106141
			40.3599503587912	-49.8753832106141
			40.3196307280631	-49.8753832106141
			40.2793110973351	-49.8753832106141
			40.238991466607	-49.8753832106141
			40.1986718358789	-49.8753832106141
			40.1583522051509	-49.8753832106141
			40.1180325744228	-49.8753832106141
			40.0777129436947	-49.8753832106141
			40.0373933129667	-49.8753832106141
			39.9970736822386	-49.8753832106141
			39.9567540515106	-49.8753832106141
			39.9164344207825	-49.8753832106141
			39.8761147900544	-49.8753832106141
			39.8357951593264	-49.8753832106141
			39.7954755285983	-49.8753832106141
			39.7551558978702	-49.8753832106141
			39.7148362671422	-49.8753832106141
			39.6745166364141	-49.8753832106141
			39.6341970056861	-49.8753832106141
			39.593877374958	-49.8753832106141
			39.5535577442299	-49.8753832106141
		</c2>
	</curves.scaled>
	<ruler.points type=matrix rownames=TRUE colnames=FALSE nrow=2 ncol=2 as.numeric=TRUE >
		Ruler point 1	2080	381
		Ruler point 2	2328	378
	</ruler.points>
</shapes>

