<shapes type=list>
	<ruler.pixel type=vector names=FALSE length=1 as.numeric=TRUE >248.018144497535</ruler.pixel>
	<ruler.interval type=vector names=FALSE length=1 as.numeric=TRUE >10</ruler.interval>
	<scaling.units type=vector names=FALSE length=1 as.numeric=FALSE >undefined</scaling.units>
	<scaling type=vector names=FALSE length=1 as.numeric=TRUE >0.0403196307280631</scaling>
	<landmarks.pixel type=matrix rownames=TRUE colnames=FALSE nrow=2 ncol=2 as.numeric=TRUE >
		LM1	839	1245
		LM2	1926	1239
	</landmarks.pixel>
	<landmarks.scaled type=matrix rownames=TRUE colnames=FALSE nrow=2 ncol=2 as.numeric=TRUE >
		LM1	33.828170180845	-50.1979402564386
		LM2	77.6556087822496	-49.9560224720702
	</landmarks.scaled>
	<curves.control type=list>
		<c1 type=matrix rownames=FALSE colnames=FALSE nrow=15 ncol=2 as.numeric=TRUE >
			839	1245
			881	1175
			921	1125
			1013	1008
			1107	928
			1250	789
			1352	776
			1532	752
			1625	844
			1714	935
			1750	988
			1781	1006
			1794	1039
			1845	1095
			1926	1239
		</c1>
		<c2 type=matrix rownames=FALSE colnames=FALSE nrow=23 ncol=2 as.numeric=TRUE >
			1926	1239
			1899	1245
			1881	1227
			1811	1229
			1770	1207
			1737	1221
			1708	1217
			1679	1217
			1663	1209
			1583	1221
			1548	1212
			1495	1229
			1463	1214
			1429	1233
			1364	1209
			1261	1239
			1163	1217
			1072	1240
			1010	1226
			967	1246
			891	1231
			874	1250
			839	1245
		</c2>
	</curves.control>
	<curves.pixel type=list>
		<c1 type=matrix rownames=FALSE colnames=FALSE nrow=1328 ncol=2 as.numeric=TRUE >
			839	1245
			839	1244
			840	1244
			840	1243
			841	1242
			841	1241
			842	1240
			843	1239
			843	1238
			844	1237
			844	1236
			845	1235
			846	1234
			846	1233
			847	1232
			847	1231
			848	1230
			849	1229
			849	1228
			850	1228
			850	1227
			851	1226
			851	1225
			852	1224
			852	1223
			853	1222
			854	1221
			854	1220
			855	1219
			856	1218
			856	1217
			857	1216
			858	1215
			858	1214
			859	1213
			860	1212
			860	1211
			861	1210
			861	1209
			862	1208
			863	1207
			863	1206
			864	1205
			864	1204
			865	1204
			865	1203
			866	1202
			867	1201
			867	1200
			868	1199
			868	1198
			869	1197
			869	1196
			870	1196
			871	1195
			871	1194
			872	1193
			872	1192
			873	1191
			873	1190
			874	1190
			875	1189
			875	1188
			876	1187
			876	1186
			877	1185
			877	1184
			878	1184
			879	1183
			879	1182
			880	1181
			880	1180
			881	1179
			882	1178
			883	1177
			883	1176
			884	1175
			885	1174
			885	1173
			886	1172
			887	1171
			888	1170
			888	1169
			889	1168
			890	1167
			890	1166
			891	1165
			892	1164
			892	1163
			893	1162
			894	1161
			894	1160
			895	1159
			896	1158
			896	1157
			897	1156
			898	1156
			898	1155
			899	1154
			900	1153
			900	1152
			901	1151
			902	1150
			902	1149
			903	1148
			904	1147
			904	1146
			905	1145
			906	1145
			907	1144
			907	1143
			908	1142
			909	1141
			909	1140
			910	1139
			911	1138
			911	1137
			912	1137
			913	1136
			913	1135
			914	1134
			915	1133
			915	1132
			916	1131
			917	1131
			917	1130
			918	1129
			919	1128
			919	1127
			920	1126
			921	1125
			922	1124
			923	1123
			923	1122
			924	1121
			925	1120
			926	1119
			927	1118
			927	1117
			928	1116
			929	1115
			930	1114
			931	1113
			932	1112
			932	1111
			933	1110
			934	1109
			935	1108
			936	1107
			936	1106
			937	1105
			938	1104
			939	1103
			940	1102
			940	1101
			941	1100
			942	1099
			943	1098
			944	1097
			944	1096
			945	1095
			946	1094
			947	1093
			948	1092
			948	1091
			949	1090
			950	1089
			951	1088
			952	1087
			952	1086
			953	1085
			954	1084
			955	1083
			956	1082
			957	1081
			958	1080
			958	1079
			959	1079
			959	1078
			960	1077
			961	1076
			962	1075
			963	1074
			964	1073
			964	1072
			965	1071
			966	1071
			966	1070
			967	1069
			968	1068
			968	1067
			969	1066
			970	1066
			971	1065
			971	1064
			972	1063
			973	1062
			974	1061
			975	1060
			976	1059
			976	1058
			977	1057
			978	1056
			979	1055
			980	1054
			981	1053
			981	1052
			982	1051
			983	1050
			984	1050
			985	1049
			986	1048
			986	1047
			987	1046
			988	1045
			989	1044
			990	1043
			991	1042
			991	1041
			992	1040
			993	1039
			994	1038
			995	1037
			996	1037
			996	1036
			997	1035
			998	1034
			999	1033
			1000	1032
			1001	1031
			1001	1030
			1002	1029
			1003	1028
			1004	1027
			1005	1027
			1006	1026
			1006	1025
			1007	1024
			1008	1023
			1009	1022
			1010	1021
			1011	1020
			1011	1019
			1012	1019
			1013	1018
			1014	1017
			1015	1016
			1016	1015
			1016	1014
			1017	1013
			1018	1012
			1019	1011
			1020	1011
			1021	1010
			1021	1009
			1022	1008
			1023	1007
			1024	1006
			1025	1005
			1026	1005
			1027	1004
			1027	1003
			1028	1002
			1029	1001
			1030	1000
			1031	999
			1032	999
			1032	998
			1033	997
			1034	996
			1035	995
			1036	994
			1037	993
			1038	992
			1039	991
			1040	990
			1041	989
			1042	988
			1043	987
			1044	986
			1045	985
			1046	984
			1047	983
			1048	982
			1049	981
			1050	980
			1051	979
			1052	978
			1053	977
			1054	976
			1055	975
			1056	974
			1057	973
			1058	972
			1059	971
			1060	970
			1061	969
			1062	968
			1063	967
			1064	966
			1065	965
			1066	964
			1067	963
			1068	962
			1069	962
			1070	961
			1071	960
			1072	959
			1073	958
			1074	957
			1075	956
			1076	956
			1076	955
			1077	955
			1078	954
			1078	953
			1079	953
			1079	952
			1080	952
			1081	951
			1082	950
			1083	949
			1084	948
			1085	947
			1086	946
			1087	946
			1088	945
			1088	944
			1089	944
			1090	943
			1091	942
			1092	941
			1093	940
			1094	939
			1095	938
			1096	937
			1097	937
			1098	936
			1099	935
			1100	934
			1101	933
			1102	932
			1103	931
			1104	930
			1105	929
			1106	929
			1107	928
			1108	927
			1109	927
			1109	926
			1110	925
			1111	924
			1112	923
			1113	922
			1114	921
			1115	920
			1116	919
			1117	918
			1118	917
			1119	916
			1120	916
			1121	915
			1122	914
			1123	913
			1124	912
			1125	911
			1126	910
			1127	909
			1128	908
			1129	907
			1130	906
			1131	905
			1132	904
			1133	903
			1134	902
			1135	902
			1136	901
			1136	900
			1137	900
			1138	899
			1139	898
			1140	897
			1141	897
			1141	896
			1142	895
			1143	895
			1144	894
			1144	893
			1145	892
			1146	892
			1147	891
			1148	890
			1149	889
			1150	888
			1151	887
			1152	886
			1153	886
			1154	885
			1155	884
			1156	883
			1157	882
			1158	882
			1159	881
			1160	880
			1161	879
			1162	878
			1163	877
			1164	876
			1165	876
			1165	875
			1166	874
			1167	874
			1167	873
			1168	873
			1169	872
			1170	871
			1171	870
			1172	869
			1173	869
			1174	868
			1175	867
			1176	866
			1177	865
			1178	865
			1179	864
			1180	863
			1181	862
			1182	862
			1183	861
			1184	860
			1185	859
			1186	859
			1187	858
			1188	857
			1189	856
			1190	856
			1190	855
			1191	854
			1192	853
			1193	853
			1194	852
			1195	851
			1196	851
			1197	850
			1198	849
			1199	848
			1200	848
			1201	847
			1202	846
			1203	846
			1204	845
			1204	844
			1205	844
			1206	843
			1207	842
			1208	842
			1209	841
			1210	840
			1211	840
			1212	839
			1213	838
			1214	838
			1215	837
			1216	836
			1217	835
			1218	835
			1219	834
			1220	833
			1221	832
			1222	832
			1223	831
			1224	831
			1225	830
			1226	829
			1227	829
			1228	828
			1229	827
			1230	827
			1231	826
			1232	826
			1233	825
			1234	824
			1235	823
			1236	823
			1237	822
			1238	822
			1238	821
			1239	821
			1240	820
			1241	820
			1242	819
			1243	818
			1244	818
			1245	817
			1246	817
			1246	816
			1247	816
			1248	816
			1249	815
			1250	814
			1251	814
			1252	813
			1253	813
			1254	812
			1255	811
			1256	811
			1257	810
			1258	810
			1259	809
			1260	809
			1260	808
			1261	808
			1262	807
			1263	807
			1264	806
			1265	806
			1266	805
			1267	805
			1268	804
			1269	804
			1270	804
			1271	803
			1272	802
			1273	802
			1274	801
			1275	801
			1276	800
			1277	800
			1278	799
			1279	799
			1280	799
			1280	798
			1281	798
			1282	797
			1283	797
			1284	796
			1285	796
			1286	796
			1287	795
			1288	795
			1289	794
			1290	794
			1291	794
			1292	793
			1293	793
			1293	792
			1294	792
			1295	792
			1296	791
			1297	791
			1298	791
			1299	790
			1300	790
			1301	790
			1302	789
			1303	788
			1304	788
			1305	788
			1306	787
			1307	787
			1308	787
			1309	786
			1310	786
			1311	786
			1312	786
			1312	785
			1313	785
			1314	785
			1315	785
			1315	784
			1316	784
			1317	784
			1318	784
			1318	783
			1319	783
			1320	783
			1321	783
			1321	782
			1322	782
			1323	782
			1324	782
			1325	781
			1326	781
			1327	781
			1328	781
			1329	780
			1330	780
			1331	780
			1332	780
			1333	779
			1334	779
			1335	779
			1336	779
			1337	779
			1338	778
			1339	778
			1340	778
			1341	778
			1342	778
			1343	777
			1344	777
			1345	777
			1346	777
			1347	777
			1348	777
			1349	776
			1350	776
			1351	776
			1352	776
			1353	776
			1354	776
			1355	776
			1356	776
			1357	775
			1358	775
			1359	775
			1360	775
			1361	775
			1362	775
			1363	775
			1364	774
			1365	774
			1366	774
			1367	774
			1368	774
			1369	774
			1370	774
			1371	774
			1372	774
			1373	774
			1374	773
			1375	773
			1376	773
			1377	773
			1378	773
			1379	773
			1380	773
			1381	773
			1382	773
			1383	773
			1384	773
			1385	772
			1386	772
			1387	772
			1388	772
			1389	772
			1390	772
			1391	772
			1392	772
			1393	772
			1394	772
			1395	772
			1396	772
			1397	772
			1398	772
			1399	772
			1400	772
			1401	772
			1402	772
			1402	771
			1403	771
			1404	771
			1405	771
			1406	771
			1407	771
			1408	771
			1409	771
			1410	771
			1411	771
			1412	771
			1413	771
			1414	771
			1415	771
			1416	771
			1417	771
			1418	771
			1419	771
			1420	771
			1421	771
			1422	771
			1423	771
			1424	771
			1425	771
			1426	771
			1427	771
			1428	771
			1429	771
			1430	771
			1431	771
			1432	771
			1433	771
			1434	771
			1435	771
			1436	771
			1437	771
			1438	771
			1439	771
			1440	771
			1441	771
			1442	771
			1443	772
			1444	772
			1445	772
			1446	772
			1447	772
			1448	772
			1449	772
			1450	772
			1451	772
			1452	772
			1453	772
			1454	772
			1455	772
			1456	772
			1457	772
			1458	772
			1459	773
			1460	773
			1461	773
			1462	773
			1463	773
			1464	773
			1465	773
			1466	773
			1467	773
			1468	773
			1469	774
			1470	774
			1471	774
			1472	774
			1473	774
			1474	774
			1475	774
			1476	774
			1477	775
			1478	775
			1479	775
			1480	775
			1481	775
			1482	775
			1483	775
			1484	776
			1485	776
			1486	776
			1487	776
			1488	776
			1489	777
			1490	777
			1491	777
			1492	777
			1493	777
			1494	778
			1495	778
			1496	778
			1497	778
			1498	778
			1499	778
			1500	779
			1501	779
			1502	779
			1503	779
			1504	779
			1505	780
			1506	780
			1507	780
			1508	781
			1509	781
			1510	781
			1511	781
			1512	781
			1513	782
			1514	782
			1515	782
			1516	782
			1516	783
			1517	783
			1518	783
			1519	783
			1520	783
			1520	784
			1521	784
			1522	784
			1523	784
			1523	785
			1524	785
			1525	785
			1526	785
			1526	786
			1527	786
			1528	786
			1529	786
			1529	787
			1530	787
			1531	787
			1532	787
			1533	788
			1534	788
			1535	788
			1536	789
			1537	789
			1538	789
			1539	790
			1540	790
			1541	791
			1542	791
			1543	791
			1544	792
			1545	792
			1546	793
			1547	793
			1548	793
			1549	794
			1550	794
			1551	795
			1552	795
			1553	795
			1553	796
			1554	796
			1555	796
			1556	797
			1557	797
			1558	798
			1559	798
			1560	799
			1561	799
			1562	799
			1563	800
			1564	800
			1564	801
			1565	801
			1566	802
			1567	802
			1568	802
			1569	803
			1570	804
			1571	804
			1572	805
			1573	805
			1574	806
			1575	806
			1576	807
			1577	808
			1578	808
			1579	809
			1580	809
			1581	810
			1582	810
			1583	811
			1584	812
			1585	812
			1586	813
			1587	813
			1588	814
			1589	815
			1590	815
			1590	816
			1591	816
			1592	817
			1593	818
			1594	818
			1595	819
			1596	820
			1597	820
			1598	821
			1599	822
			1600	822
			1601	823
			1601	824
			1602	824
			1603	825
			1604	826
			1605	826
			1606	827
			1607	828
			1608	828
			1608	829
			1609	830
			1610	831
			1611	831
			1612	832
			1613	833
			1614	833
			1614	834
			1615	835
			1616	836
			1617	836
			1618	837
			1619	838
			1619	839
			1620	839
			1621	840
			1622	841
			1623	842
			1624	843
			1625	844
			1626	845
			1627	846
			1628	847
			1629	848
			1630	849
			1631	850
			1632	851
			1632	852
			1633	853
			1634	854
			1635	854
			1636	855
			1637	856
			1638	857
			1639	858
			1640	859
			1640	860
			1641	861
			1642	862
			1643	863
			1644	864
			1645	864
			1646	865
			1646	866
			1647	867
			1648	868
			1649	869
			1650	870
			1651	871
			1652	871
			1652	872
			1653	873
			1654	874
			1655	875
			1656	876
			1656	877
			1657	878
			1658	878
			1659	879
			1660	880
			1661	881
			1661	882
			1662	883
			1663	884
			1664	884
			1664	885
			1665	886
			1666	887
			1667	888
			1668	889
			1668	890
			1669	890
			1670	891
			1671	892
			1671	893
			1672	894
			1673	894
			1674	895
			1674	896
			1675	897
			1676	898
			1677	899
			1678	900
			1679	901
			1680	902
			1681	903
			1682	904
			1683	905
			1683	906
			1684	907
			1685	908
			1686	909
			1687	910
			1688	911
			1689	912
			1689	913
			1690	914
			1691	914
			1692	915
			1693	916
			1693	917
			1694	918
			1695	919
			1696	920
			1697	921
			1698	922
			1698	923
			1699	924
			1700	924
			1701	925
			1701	926
			1702	927
			1703	928
			1704	929
			1704	930
			1705	931
			1706	932
			1707	932
			1707	933
			1708	934
			1709	935
			1710	936
			1710	937
			1711	938
			1712	938
			1713	939
			1713	940
			1714	941
			1715	942
			1715	943
			1716	943
			1717	944
			1717	945
			1718	946
			1719	947
			1719	948
			1720	948
			1721	949
			1721	950
			1722	951
			1723	952
			1724	953
			1725	954
			1726	955
			1726	956
			1727	957
			1728	958
			1729	959
			1729	960
			1730	961
			1731	962
			1731	963
			1732	963
			1733	964
			1734	965
			1734	966
			1735	967
			1736	968
			1736	969
			1737	970
			1738	971
			1738	972
			1739	972
			1740	973
			1740	974
			1741	975
			1741	976
			1742	977
			1743	978
			1744	979
			1745	980
			1745	981
			1746	982
			1747	983
			1747	984
			1748	985
			1749	986
			1749	987
			1750	988
			1751	988
			1751	989
			1752	989
			1753	990
			1754	990
			1755	991
			1756	992
			1757	992
			1758	993
			1759	994
			1760	995
			1761	995
			1762	996
			1763	997
			1764	998
			1765	998
			1766	999
			1767	1000
			1768	1001
			1769	1002
			1770	1003
			1771	1004
			1772	1005
			1773	1006
			1774	1007
			1775	1008
			1776	1009
			1777	1010
			1778	1011
			1779	1012
			1779	1013
			1780	1014
			1780	1015
			1781	1015
			1782	1016
			1782	1017
			1783	1018
			1783	1019
			1784	1020
			1785	1021
			1785	1022
			1786	1022
			1786	1023
			1787	1024
			1787	1025
			1788	1026
			1788	1027
			1789	1028
			1789	1029
			1790	1030
			1790	1031
			1791	1032
			1791	1033
			1792	1034
			1792	1035
			1793	1036
			1793	1037
			1793	1038
			1794	1039
			1795	1040
			1796	1041
			1797	1042
			1798	1043
			1799	1044
			1799	1045
			1800	1046
			1801	1046
			1801	1047
			1802	1048
			1802	1049
			1803	1049
			1804	1050
			1804	1051
			1805	1051
			1805	1052
			1806	1053
			1807	1054
			1808	1055
			1809	1056
			1809	1057
			1810	1058
			1811	1059
			1811	1060
			1812	1061
			1813	1062
			1814	1062
			1814	1063
			1815	1064
			1816	1065
			1817	1066
			1818	1067
			1818	1068
			1819	1069
			1820	1070
			1821	1071
			1821	1072
			1822	1073
			1822	1074
			1823	1074
			1823	1075
			1824	1076
			1825	1077
			1826	1078
			1826	1079
			1827	1080
			1827	1081
			1828	1081
			1828	1082
			1829	1083
			1830	1084
			1830	1085
			1831	1085
			1831	1086
			1832	1087
			1833	1088
			1833	1089
			1834	1090
			1835	1091
			1836	1092
			1836	1093
			1837	1094
			1838	1095
			1839	1096
			1839	1097
			1840	1098
			1841	1099
			1841	1100
			1842	1101
			1842	1102
			1843	1103
			1844	1104
			1844	1105
			1845	1106
			1846	1107
			1847	1108
			1847	1109
			1848	1110
			1849	1111
			1849	1112
			1850	1113
			1851	1114
			1851	1115
			1852	1116
			1852	1117
			1853	1118
			1854	1119
			1854	1120
			1855	1121
			1856	1122
			1856	1123
			1857	1124
			1858	1125
			1858	1126
			1859	1127
			1860	1128
			1860	1129
			1861	1130
			1862	1131
			1862	1132
			1863	1133
			1864	1134
			1864	1135
			1865	1136
			1865	1137
			1866	1138
			1867	1139
			1867	1140
			1868	1141
			1868	1142
			1869	1142
			1869	1143
			1870	1144
			1870	1145
			1871	1145
			1871	1146
			1872	1147
			1872	1148
			1873	1149
			1873	1150
			1874	1150
			1874	1151
			1875	1152
			1875	1153
			1876	1154
			1877	1155
			1877	1156
			1878	1157
			1879	1158
			1879	1159
			1880	1160
			1881	1161
			1881	1162
			1882	1163
			1882	1164
			1883	1165
			1884	1166
			1884	1167
			1885	1168
			1886	1169
			1886	1170
			1886	1171
			1887	1171
			1887	1172
			1887	1173
			1888	1173
			1888	1174
			1889	1175
			1889	1176
			1890	1177
			1891	1178
			1891	1179
			1892	1180
			1892	1181
			1893	1181
			1893	1182
			1894	1183
			1894	1184
			1895	1185
			1895	1186
			1896	1187
			1897	1188
			1897	1189
			1898	1190
			1898	1191
			1899	1192
			1899	1193
			1900	1194
			1901	1195
			1901	1196
			1902	1197
			1902	1198
			1903	1199
			1903	1200
			1904	1200
			1905	1201
			1905	1202
			1906	1203
			1906	1204
			1907	1205
			1907	1206
			1908	1207
			1909	1208
			1909	1209
			1910	1210
			1910	1211
			1911	1212
			1911	1213
			1912	1214
			1913	1215
			1913	1216
			1914	1217
			1914	1218
			1915	1219
			1915	1220
			1916	1221
			1916	1222
			1917	1223
			1918	1224
			1918	1225
			1919	1226
			1919	1227
			1920	1228
			1920	1229
			1921	1230
			1921	1231
			1922	1232
			1922	1233
			1923	1234
			1923	1235
			1924	1235
			1925	1236
			1925	1237
			1926	1238
			1926	1239
		</c1>
		<c2 type=matrix rownames=FALSE colnames=FALSE nrow=1101 ncol=2 as.numeric=TRUE >
			1926	1239
			1925	1239
			1924	1239
			1923	1240
			1922	1240
			1921	1240
			1920	1240
			1919	1240
			1918	1240
			1917	1240
			1916	1240
			1915	1240
			1914	1240
			1913	1240
			1912	1240
			1911	1240
			1910	1240
			1909	1240
			1908	1240
			1907	1240
			1906	1240
			1905	1240
			1904	1240
			1903	1239
			1902	1239
			1901	1239
			1900	1239
			1899	1238
			1898	1238
			1897	1238
			1896	1237
			1895	1237
			1894	1236
			1893	1236
			1892	1235
			1891	1235
			1890	1234
			1889	1233
			1888	1233
			1887	1232
			1886	1231
			1885	1231
			1884	1230
			1883	1229
			1882	1228
			1881	1227
			1880	1227
			1879	1227
			1878	1227
			1877	1227
			1876	1227
			1875	1227
			1874	1227
			1873	1227
			1872	1227
			1871	1227
			1870	1227
			1869	1227
			1868	1227
			1867	1227
			1866	1227
			1865	1227
			1864	1227
			1863	1227
			1862	1227
			1861	1227
			1860	1227
			1859	1227
			1858	1227
			1857	1227
			1856	1227
			1855	1227
			1854	1227
			1853	1227
			1852	1227
			1851	1227
			1850	1227
			1849	1227
			1848	1227
			1847	1226
			1846	1226
			1845	1226
			1844	1226
			1843	1226
			1842	1226
			1841	1226
			1840	1226
			1839	1226
			1838	1226
			1837	1226
			1836	1225
			1835	1225
			1834	1225
			1833	1225
			1832	1225
			1831	1225
			1830	1225
			1829	1225
			1828	1225
			1828	1224
			1827	1224
			1826	1224
			1825	1224
			1824	1224
			1823	1224
			1822	1224
			1821	1223
			1820	1223
			1819	1223
			1818	1223
			1817	1223
			1816	1223
			1815	1222
			1814	1222
			1813	1222
			1812	1222
			1811	1222
			1810	1221
			1809	1221
			1808	1221
			1807	1221
			1806	1221
			1806	1220
			1805	1220
			1804	1220
			1803	1220
			1802	1219
			1801	1219
			1800	1219
			1799	1219
			1798	1218
			1797	1218
			1796	1218
			1795	1217
			1794	1217
			1793	1217
			1792	1216
			1791	1216
			1790	1216
			1789	1215
			1788	1215
			1787	1215
			1786	1214
			1785	1214
			1784	1214
			1784	1213
			1783	1213
			1782	1213
			1781	1212
			1780	1212
			1779	1211
			1778	1211
			1777	1211
			1777	1210
			1776	1210
			1775	1209
			1774	1209
			1773	1209
			1772	1208
			1771	1207
			1770	1207
			1769	1207
			1768	1208
			1767	1208
			1766	1209
			1765	1209
			1764	1209
			1763	1210
			1762	1210
			1761	1210
			1760	1211
			1759	1211
			1758	1211
			1758	1212
			1757	1212
			1756	1212
			1755	1213
			1754	1213
			1753	1213
			1752	1213
			1751	1214
			1750	1214
			1749	1214
			1748	1214
			1748	1215
			1747	1215
			1746	1215
			1745	1215
			1744	1215
			1743	1216
			1742	1216
			1741	1216
			1740	1216
			1739	1216
			1738	1217
			1737	1217
			1736	1217
			1735	1217
			1734	1217
			1733	1217
			1732	1217
			1731	1217
			1730	1217
			1729	1218
			1728	1218
			1727	1218
			1726	1218
			1725	1218
			1724	1218
			1723	1218
			1722	1218
			1721	1218
			1720	1218
			1719	1218
			1718	1218
			1717	1218
			1716	1218
			1715	1218
			1714	1218
			1713	1218
			1712	1217
			1711	1217
			1710	1217
			1709	1217
			1708	1217
			1707	1217
			1706	1217
			1705	1217
			1704	1217
			1703	1217
			1702	1217
			1701	1217
			1700	1217
			1699	1217
			1698	1217
			1697	1217
			1696	1217
			1695	1217
			1694	1216
			1693	1216
			1692	1216
			1691	1216
			1690	1216
			1689	1216
			1688	1216
			1687	1216
			1686	1216
			1685	1215
			1684	1215
			1683	1215
			1682	1215
			1681	1215
			1680	1214
			1679	1214
			1678	1214
			1677	1214
			1676	1214
			1675	1213
			1674	1213
			1673	1213
			1672	1213
			1671	1212
			1670	1212
			1669	1212
			1668	1211
			1667	1211
			1666	1210
			1665	1210
			1664	1210
			1663	1209
			1662	1209
			1661	1209
			1660	1209
			1659	1210
			1658	1210
			1657	1210
			1656	1210
			1655	1210
			1654	1210
			1653	1210
			1652	1211
			1651	1211
			1650	1211
			1649	1211
			1648	1211
			1647	1211
			1646	1211
			1645	1211
			1644	1212
			1643	1212
			1642	1212
			1641	1212
			1640	1212
			1639	1212
			1638	1212
			1637	1212
			1636	1213
			1635	1213
			1634	1213
			1633	1213
			1632	1213
			1631	1213
			1630	1213
			1629	1213
			1628	1213
			1627	1214
			1626	1214
			1625	1214
			1624	1214
			1623	1214
			1622	1214
			1621	1214
			1620	1214
			1619	1214
			1618	1214
			1617	1214
			1616	1215
			1615	1215
			1614	1215
			1613	1215
			1612	1215
			1611	1215
			1610	1215
			1609	1215
			1608	1215
			1607	1215
			1606	1215
			1605	1215
			1604	1215
			1603	1215
			1602	1215
			1601	1216
			1600	1216
			1599	1216
			1598	1216
			1597	1216
			1596	1216
			1595	1216
			1594	1216
			1593	1216
			1592	1216
			1591	1216
			1590	1216
			1589	1216
			1588	1216
			1587	1216
			1586	1216
			1585	1216
			1584	1216
			1583	1216
			1582	1216
			1581	1216
			1580	1216
			1579	1216
			1578	1216
			1577	1216
			1576	1216
			1575	1216
			1574	1216
			1573	1216
			1572	1215
			1571	1215
			1570	1215
			1569	1215
			1568	1215
			1567	1215
			1566	1215
			1565	1215
			1564	1215
			1563	1215
			1562	1215
			1561	1214
			1560	1214
			1559	1214
			1558	1214
			1557	1214
			1556	1214
			1555	1214
			1555	1213
			1554	1213
			1553	1213
			1552	1213
			1551	1213
			1550	1213
			1550	1212
			1549	1212
			1548	1212
			1547	1212
			1546	1213
			1545	1213
			1544	1213
			1543	1213
			1543	1214
			1542	1214
			1541	1214
			1540	1214
			1539	1215
			1538	1215
			1537	1215
			1536	1215
			1535	1216
			1534	1216
			1533	1216
			1532	1217
			1531	1217
			1530	1217
			1529	1217
			1528	1217
			1527	1218
			1526	1218
			1525	1218
			1524	1218
			1523	1218
			1523	1219
			1522	1219
			1521	1219
			1520	1219
			1519	1219
			1518	1219
			1517	1219
			1516	1220
			1515	1220
			1514	1220
			1513	1220
			1512	1220
			1511	1220
			1510	1220
			1509	1221
			1508	1221
			1507	1221
			1506	1221
			1505	1221
			1504	1221
			1503	1221
			1502	1221
			1501	1221
			1500	1221
			1499	1221
			1498	1221
			1497	1221
			1496	1221
			1495	1221
			1494	1221
			1493	1221
			1492	1221
			1491	1221
			1490	1221
			1489	1221
			1488	1221
			1487	1220
			1486	1220
			1485	1220
			1484	1220
			1483	1220
			1482	1220
			1481	1220
			1480	1219
			1479	1219
			1478	1219
			1477	1219
			1476	1219
			1475	1218
			1474	1218
			1473	1218
			1472	1217
			1471	1217
			1470	1217
			1469	1216
			1468	1216
			1467	1216
			1466	1215
			1465	1215
			1464	1214
			1463	1214
			1462	1214
			1461	1215
			1460	1215
			1459	1216
			1458	1216
			1457	1217
			1456	1217
			1455	1218
			1454	1218
			1453	1218
			1452	1219
			1451	1219
			1450	1219
			1449	1220
			1448	1220
			1447	1220
			1446	1220
			1445	1221
			1444	1221
			1443	1221
			1442	1221
			1441	1221
			1440	1222
			1439	1222
			1438	1222
			1437	1222
			1436	1222
			1435	1222
			1434	1222
			1433	1222
			1432	1222
			1431	1222
			1430	1222
			1429	1222
			1428	1222
			1427	1222
			1426	1222
			1425	1222
			1424	1222
			1423	1222
			1422	1222
			1421	1222
			1420	1222
			1419	1222
			1418	1222
			1417	1222
			1416	1222
			1415	1222
			1414	1222
			1413	1222
			1412	1221
			1411	1221
			1410	1221
			1409	1221
			1408	1221
			1407	1221
			1406	1221
			1405	1220
			1404	1220
			1403	1220
			1402	1220
			1401	1220
			1400	1220
			1399	1219
			1398	1219
			1397	1219
			1396	1219
			1395	1218
			1394	1218
			1393	1218
			1392	1218
			1391	1217
			1390	1217
			1389	1217
			1388	1217
			1387	1216
			1386	1216
			1385	1216
			1384	1216
			1383	1215
			1382	1215
			1381	1215
			1380	1214
			1379	1214
			1378	1214
			1377	1213
			1376	1213
			1375	1213
			1374	1213
			1373	1212
			1372	1212
			1371	1211
			1370	1211
			1369	1211
			1368	1210
			1367	1210
			1366	1210
			1365	1209
			1364	1209
			1363	1209
			1362	1210
			1361	1210
			1360	1210
			1359	1210
			1358	1211
			1357	1211
			1356	1211
			1355	1211
			1354	1212
			1353	1212
			1352	1212
			1351	1213
			1350	1213
			1349	1213
			1348	1213
			1347	1214
			1346	1214
			1345	1214
			1344	1214
			1343	1214
			1342	1215
			1341	1215
			1340	1215
			1339	1216
			1338	1216
			1337	1216
			1336	1216
			1335	1216
			1334	1217
			1333	1217
			1332	1217
			1331	1217
			1330	1218
			1329	1218
			1328	1218
			1327	1218
			1326	1218
			1325	1219
			1324	1219
			1323	1219
			1322	1219
			1321	1219
			1320	1220
			1319	1220
			1318	1220
			1317	1220
			1316	1220
			1315	1220
			1314	1221
			1313	1221
			1312	1221
			1311	1221
			1310	1221
			1309	1221
			1308	1222
			1307	1222
			1306	1222
			1305	1222
			1304	1222
			1303	1222
			1302	1222
			1301	1223
			1300	1223
			1299	1223
			1298	1223
			1297	1223
			1296	1223
			1295	1223
			1294	1223
			1293	1224
			1292	1224
			1291	1224
			1290	1224
			1289	1224
			1288	1224
			1287	1224
			1286	1224
			1285	1224
			1284	1225
			1283	1225
			1282	1225
			1281	1225
			1280	1225
			1279	1225
			1278	1225
			1277	1225
			1276	1225
			1275	1225
			1274	1225
			1273	1225
			1272	1225
			1271	1226
			1270	1226
			1269	1226
			1268	1226
			1267	1226
			1266	1226
			1265	1226
			1264	1226
			1263	1226
			1262	1226
			1261	1226
			1260	1226
			1259	1226
			1258	1226
			1257	1226
			1256	1226
			1255	1226
			1254	1226
			1253	1226
			1252	1226
			1251	1226
			1250	1226
			1249	1226
			1248	1226
			1247	1226
			1246	1226
			1245	1226
			1244	1226
			1243	1226
			1242	1226
			1241	1226
			1240	1226
			1239	1226
			1238	1226
			1237	1226
			1236	1226
			1235	1226
			1234	1226
			1233	1226
			1232	1226
			1231	1226
			1230	1226
			1229	1226
			1228	1226
			1227	1226
			1226	1226
			1225	1226
			1224	1226
			1223	1226
			1222	1225
			1221	1225
			1220	1225
			1219	1225
			1218	1225
			1217	1225
			1216	1225
			1215	1225
			1214	1225
			1213	1225
			1212	1225
			1211	1225
			1210	1225
			1209	1224
			1208	1224
			1207	1224
			1206	1224
			1205	1224
			1204	1224
			1203	1224
			1202	1224
			1201	1224
			1200	1223
			1199	1223
			1198	1223
			1197	1223
			1196	1223
			1195	1223
			1194	1223
			1193	1222
			1192	1222
			1191	1222
			1190	1222
			1189	1222
			1188	1222
			1187	1222
			1186	1221
			1185	1221
			1184	1221
			1183	1221
			1182	1221
			1181	1221
			1180	1220
			1179	1220
			1178	1220
			1177	1220
			1176	1220
			1175	1220
			1174	1219
			1173	1219
			1172	1219
			1171	1219
			1170	1219
			1170	1218
			1169	1218
			1168	1218
			1167	1218
			1166	1218
			1165	1217
			1164	1217
			1163	1217
			1162	1217
			1161	1218
			1160	1218
			1159	1218
			1158	1218
			1157	1218
			1156	1219
			1155	1219
			1154	1219
			1153	1220
			1152	1220
			1151	1220
			1150	1220
			1149	1220
			1148	1221
			1147	1221
			1146	1221
			1145	1221
			1144	1222
			1143	1222
			1142	1222
			1141	1222
			1140	1222
			1139	1223
			1138	1223
			1137	1223
			1136	1223
			1135	1223
			1134	1224
			1133	1224
			1132	1224
			1131	1224
			1130	1224
			1129	1225
			1128	1225
			1127	1225
			1126	1225
			1125	1225
			1124	1225
			1123	1226
			1122	1226
			1121	1226
			1120	1226
			1119	1226
			1118	1226
			1117	1227
			1116	1227
			1115	1227
			1114	1227
			1113	1227
			1112	1227
			1111	1227
			1110	1228
			1109	1228
			1108	1228
			1107	1228
			1106	1228
			1105	1228
			1104	1228
			1103	1229
			1102	1229
			1101	1229
			1100	1229
			1099	1229
			1098	1229
			1097	1229
			1096	1229
			1095	1229
			1094	1230
			1093	1230
			1092	1230
			1091	1230
			1090	1230
			1089	1230
			1088	1230
			1087	1230
			1086	1230
			1085	1230
			1084	1230
			1083	1231
			1082	1231
			1081	1231
			1080	1231
			1079	1231
			1078	1231
			1077	1231
			1076	1231
			1075	1231
			1074	1231
			1073	1231
			1072	1231
			1071	1231
			1070	1231
			1069	1231
			1068	1231
			1067	1231
			1066	1231
			1065	1231
			1064	1231
			1063	1231
			1062	1231
			1061	1231
			1060	1231
			1059	1231
			1058	1231
			1057	1231
			1056	1231
			1055	1231
			1054	1231
			1053	1231
			1052	1231
			1051	1231
			1050	1231
			1049	1231
			1048	1231
			1047	1231
			1046	1231
			1045	1231
			1044	1231
			1043	1231
			1042	1231
			1041	1231
			1040	1231
			1039	1230
			1038	1230
			1037	1230
			1036	1230
			1035	1230
			1034	1230
			1033	1230
			1032	1230
			1031	1230
			1030	1229
			1029	1229
			1028	1229
			1027	1229
			1026	1229
			1025	1229
			1024	1229
			1023	1229
			1023	1228
			1022	1228
			1021	1228
			1020	1228
			1019	1228
			1018	1228
			1017	1227
			1016	1227
			1015	1227
			1014	1227
			1013	1227
			1012	1226
			1011	1226
			1010	1226
			1009	1226
			1008	1227
			1007	1227
			1006	1228
			1005	1228
			1004	1228
			1003	1229
			1002	1229
			1001	1230
			1000	1230
			999	1230
			998	1231
			997	1231
			996	1231
			995	1232
			994	1232
			993	1232
			992	1232
			991	1233
			990	1233
			989	1233
			988	1234
			987	1234
			986	1234
			985	1234
			984	1234
			983	1234
			983	1235
			982	1235
			981	1235
			980	1235
			979	1235
			978	1235
			977	1236
			976	1236
			975	1236
			974	1236
			973	1236
			972	1236
			971	1236
			970	1236
			969	1237
			968	1237
			967	1237
			966	1237
			965	1237
			964	1237
			963	1237
			962	1237
			961	1237
			960	1237
			959	1237
			958	1237
			957	1237
			956	1237
			955	1237
			954	1237
			953	1237
			952	1237
			951	1237
			950	1237
			949	1237
			948	1237
			947	1237
			946	1237
			945	1237
			944	1237
			943	1237
			942	1237
			941	1237
			940	1237
			939	1237
			938	1237
			937	1237
			936	1237
			935	1237
			934	1237
			933	1237
			932	1237
			931	1237
			930	1237
			929	1237
			928	1236
			927	1236
			926	1236
			925	1236
			924	1236
			923	1236
			922	1236
			921	1236
			920	1236
			919	1235
			918	1235
			917	1235
			916	1235
			915	1235
			914	1235
			913	1235
			912	1235
			911	1234
			910	1234
			909	1234
			908	1234
			907	1234
			906	1234
			905	1233
			904	1233
			903	1233
			902	1233
			901	1233
			900	1233
			899	1233
			898	1232
			897	1232
			896	1232
			895	1232
			894	1232
			893	1231
			892	1231
			891	1231
			890	1232
			889	1233
			888	1234
			887	1235
			886	1236
			885	1236
			884	1237
			883	1238
			882	1239
			881	1239
			880	1240
			879	1241
			878	1241
			877	1241
			876	1242
			875	1242
			874	1243
			873	1243
			872	1243
			871	1244
			870	1244
			869	1244
			868	1244
			867	1245
			866	1245
			865	1245
			864	1245
			863	1245
			862	1245
			861	1246
			860	1246
			859	1246
			858	1246
			857	1246
			856	1246
			855	1246
			854	1246
			853	1246
			852	1246
			851	1246
			850	1246
			849	1246
			848	1246
			847	1246
			846	1246
			845	1246
			844	1246
			843	1245
			842	1245
			841	1245
			840	1245
			839	1245
		</c2>
	</curves.pixel>
	<curves.scaled type=list>
		<c1 type=matrix rownames=FALSE colnames=FALSE nrow=1328 ncol=2 as.numeric=TRUE >
			33.828170180845	-50.1979402564386
			33.828170180845	-50.1576206257105
			33.868489811573	-50.1576206257105
			33.868489811573	-50.1173009949825
			33.9088094423011	-50.0769813642544
			33.9088094423011	-50.0366617335263
			33.9491290730292	-49.9963421027983
			33.9894487037572	-49.9560224720702
			33.9894487037572	-49.9157028413422
			34.0297683344853	-49.8753832106141
			34.0297683344853	-49.835063579886
			34.0700879652133	-49.794743949158
			34.1104075959414	-49.7544243184299
			34.1104075959414	-49.7141046877018
			34.1507272266695	-49.6737850569738
			34.1507272266695	-49.6334654262457
			34.1910468573975	-49.5931457955176
			34.2313664881256	-49.5528261647896
			34.2313664881256	-49.5125065340615
			34.2716861188537	-49.5125065340615
			34.2716861188537	-49.4721869033335
			34.3120057495817	-49.4318672726054
			34.3120057495817	-49.3915476418773
			34.3523253803098	-49.3512280111493
			34.3523253803098	-49.3109083804212
			34.3926450110378	-49.2705887496931
			34.4329646417659	-49.2302691189651
			34.4329646417659	-49.189949488237
			34.473284272494	-49.1496298575089
			34.513603903222	-49.1093102267809
			34.513603903222	-49.0689905960528
			34.5539235339501	-49.0286709653248
			34.5942431646782	-48.9883513345967
			34.5942431646782	-48.9480317038686
			34.6345627954062	-48.9077120731406
			34.6748824261343	-48.8673924424125
			34.6748824261343	-48.8270728116844
			34.7152020568624	-48.7867531809564
			34.7152020568624	-48.7464335502283
			34.7555216875904	-48.7061139195003
			34.7958413183185	-48.6657942887722
			34.7958413183185	-48.6254746580441
			34.8361609490465	-48.5851550273161
			34.8361609490465	-48.544835396588
			34.8764805797746	-48.544835396588
			34.8764805797746	-48.5045157658599
			34.9168002105027	-48.4641961351319
			34.9571198412307	-48.4238765044038
			34.9571198412307	-48.3835568736758
			34.9974394719588	-48.3432372429477
			34.9974394719588	-48.3029176122196
			35.0377591026869	-48.2625979814916
			35.0377591026869	-48.2222783507635
			35.0780787334149	-48.2222783507635
			35.118398364143	-48.1819587200354
			35.118398364143	-48.1416390893074
			35.158717994871	-48.1013194585793
			35.158717994871	-48.0609998278512
			35.1990376255991	-48.0206801971232
			35.1990376255991	-47.9803605663951
			35.2393572563272	-47.9803605663951
			35.2796768870552	-47.9400409356671
			35.2796768870552	-47.899721304939
			35.3199965177833	-47.8594016742109
			35.3199965177833	-47.8190820434829
			35.3603161485114	-47.7787624127548
			35.3603161485114	-47.7384427820267
			35.4006357792394	-47.7384427820267
			35.4409554099675	-47.6981231512987
			35.4409554099675	-47.6578035205706
			35.4812750406956	-47.6174838898426
			35.4812750406956	-47.5771642591145
			35.5215946714236	-47.5368446283864
			35.5619143021517	-47.4965249976584
			35.6022339328797	-47.4562053669303
			35.6022339328797	-47.4158857362022
			35.6425535636078	-47.3755661054742
			35.6828731943359	-47.3352464747461
			35.6828731943359	-47.294926844018
			35.7231928250639	-47.25460721329
			35.763512455792	-47.2142875825619
			35.8038320865201	-47.1739679518339
			35.8038320865201	-47.1336483211058
			35.8441517172481	-47.0933286903777
			35.8844713479762	-47.0530090596497
			35.8844713479762	-47.0126894289216
			35.9247909787042	-46.9723697981935
			35.9651106094323	-46.9320501674655
			35.9651106094323	-46.8917305367374
			36.0054302401604	-46.8514109060093
			36.0457498708884	-46.8110912752813
			36.0457498708884	-46.7707716445532
			36.0860695016165	-46.7304520138252
			36.1263891323446	-46.6901323830971
			36.1263891323446	-46.649812752369
			36.1667087630726	-46.609493121641
			36.2070283938007	-46.609493121641
			36.2070283938007	-46.5691734909129
			36.2473480245287	-46.5288538601848
			36.2876676552568	-46.4885342294568
			36.2876676552568	-46.4482145987287
			36.3279872859849	-46.4078949680007
			36.3683069167129	-46.3675753372726
			36.3683069167129	-46.3272557065445
			36.408626547441	-46.2869360758165
			36.4489461781691	-46.2466164450884
			36.4489461781691	-46.2062968143603
			36.4892658088971	-46.1659771836323
			36.5295854396252	-46.1659771836323
			36.5699050703533	-46.1256575529042
			36.5699050703533	-46.0853379221762
			36.6102247010813	-46.0450182914481
			36.6505443318094	-46.00469866072
			36.6505443318094	-45.964379029992
			36.6908639625374	-45.9240593992639
			36.7311835932655	-45.8837397685358
			36.7311835932655	-45.8434201378078
			36.7715032239936	-45.8434201378078
			36.8118228547216	-45.8031005070797
			36.8118228547216	-45.7627808763516
			36.8521424854497	-45.7224612456236
			36.8924621161778	-45.6821416148955
			36.8924621161778	-45.6418219841675
			36.9327817469058	-45.6015023534394
			36.9731013776339	-45.6015023534394
			36.9731013776339	-45.5611827227113
			37.013421008362	-45.5208630919833
			37.05374063909	-45.4805434612552
			37.05374063909	-45.4402238305271
			37.0940602698181	-45.3999041997991
			37.1343799005461	-45.359584569071
			37.1746995312742	-45.319264938343
			37.2150191620023	-45.2789453076149
			37.2150191620023	-45.2386256768868
			37.2553387927303	-45.1983060461588
			37.2956584234584	-45.1579864154307
			37.3359780541865	-45.1176667847026
			37.3762976849145	-45.0773471539746
			37.3762976849145	-45.0370275232465
			37.4166173156426	-44.9967078925185
			37.4569369463706	-44.9563882617904
			37.4972565770987	-44.9160686310623
			37.5375762078268	-44.8757490003343
			37.5778958385548	-44.8354293696062
			37.5778958385548	-44.7951097388781
			37.6182154692829	-44.7547901081501
			37.658535100011	-44.714470477422
			37.698854730739	-44.6741508466939
			37.7391743614671	-44.6338312159659
			37.7391743614671	-44.5935115852378
			37.7794939921951	-44.5531919545098
			37.8198136229232	-44.5128723237817
			37.8601332536513	-44.4725526930536
			37.9004528843793	-44.4322330623256
			37.9004528843793	-44.3919134315975
			37.9407725151074	-44.3515938008694
			37.9810921458355	-44.3112741701414
			38.0214117765635	-44.2709545394133
			38.0617314072916	-44.2306349086852
			38.0617314072916	-44.1903152779572
			38.1020510380197	-44.1499956472291
			38.1423706687477	-44.1096760165011
			38.1826902994758	-44.069356385773
			38.2230099302038	-44.0290367550449
			38.2230099302038	-43.9887171243169
			38.2633295609319	-43.9483974935888
			38.30364919166	-43.9080778628607
			38.343968822388	-43.8677582321327
			38.3842884531161	-43.8274386014046
			38.3842884531161	-43.7871189706766
			38.4246080838442	-43.7467993399485
			38.4649277145722	-43.7064797092204
			38.5052473453003	-43.6661600784924
			38.5455669760283	-43.6258404477643
			38.5858866067564	-43.5855208170362
			38.6262062374845	-43.5452011863082
			38.6262062374845	-43.5048815555801
			38.6665258682125	-43.5048815555801
			38.6665258682125	-43.464561924852
			38.7068454989406	-43.424242294124
			38.7471651296687	-43.3839226633959
			38.7874847603967	-43.3436030326679
			38.8278043911248	-43.3032834019398
			38.8681240218529	-43.2629637712117
			38.8681240218529	-43.2226441404837
			38.9084436525809	-43.1823245097556
			38.948763283309	-43.1823245097556
			38.948763283309	-43.1420048790275
			38.989082914037	-43.1016852482995
			39.0294025447651	-43.0613656175714
			39.0294025447651	-43.0210459868434
			39.0697221754932	-42.9807263561153
			39.1100418062212	-42.9807263561153
			39.1503614369493	-42.9404067253872
			39.1503614369493	-42.9000870946592
			39.1906810676774	-42.8597674639311
			39.2310006984054	-42.819447833203
			39.2713203291335	-42.779128202475
			39.3116399598615	-42.7388085717469
			39.3519595905896	-42.6984889410189
			39.3519595905896	-42.6581693102908
			39.3922792213177	-42.6178496795627
			39.4325988520457	-42.5775300488347
			39.4729184827738	-42.5372104181066
			39.5132381135019	-42.4968907873785
			39.5535577442299	-42.4565711566505
			39.5535577442299	-42.4162515259224
			39.593877374958	-42.3759318951943
			39.6341970056861	-42.3356122644663
			39.6745166364141	-42.3356122644663
			39.7148362671422	-42.2952926337382
			39.7551558978702	-42.2549730030102
			39.7551558978702	-42.2146533722821
			39.7954755285983	-42.174333741554
			39.8357951593264	-42.134014110826
			39.8761147900544	-42.0936944800979
			39.9164344207825	-42.0533748493698
			39.9567540515106	-42.0130552186418
			39.9567540515106	-41.9727355879137
			39.9970736822386	-41.9324159571857
			40.0373933129667	-41.8920963264576
			40.0777129436947	-41.8517766957295
			40.1180325744228	-41.8114570650015
			40.1583522051509	-41.8114570650015
			40.1583522051509	-41.7711374342734
			40.1986718358789	-41.7308178035453
			40.238991466607	-41.6904981728173
			40.2793110973351	-41.6501785420892
			40.3196307280631	-41.6098589113611
			40.3599503587912	-41.5695392806331
			40.3599503587912	-41.529219649905
			40.4002699895193	-41.488900019177
			40.4405896202473	-41.4485803884489
			40.4809092509754	-41.4082607577208
			40.5212288817034	-41.4082607577208
			40.5615485124315	-41.3679411269928
			40.5615485124315	-41.3276214962647
			40.6018681431596	-41.2873018655366
			40.6421877738876	-41.2469822348086
			40.6825074046157	-41.2066626040805
			40.7228270353438	-41.1663429733524
			40.7631466660718	-41.1260233426244
			40.7631466660718	-41.0857037118963
			40.8034662967999	-41.0857037118963
			40.8437859275279	-41.0453840811683
			40.884105558256	-41.0050644504402
			40.9244251889841	-40.9647448197121
			40.9647448197121	-40.9244251889841
			40.9647448197121	-40.884105558256
			41.0050644504402	-40.8437859275279
			41.0453840811683	-40.8034662967999
			41.0857037118963	-40.7631466660718
			41.1260233426244	-40.7631466660718
			41.1663429733524	-40.7228270353438
			41.1663429733524	-40.6825074046157
			41.2066626040805	-40.6421877738876
			41.2469822348086	-40.6018681431596
			41.2873018655366	-40.5615485124315
			41.3276214962647	-40.5212288817034
			41.3679411269928	-40.5212288817034
			41.4082607577208	-40.4809092509754
			41.4082607577208	-40.4405896202473
			41.4485803884489	-40.4002699895193
			41.488900019177	-40.3599503587912
			41.529219649905	-40.3196307280631
			41.5695392806331	-40.2793110973351
			41.6098589113611	-40.2793110973351
			41.6098589113611	-40.238991466607
			41.6501785420892	-40.1986718358789
			41.6904981728173	-40.1583522051509
			41.7308178035453	-40.1180325744228
			41.7711374342734	-40.0777129436947
			41.8114570650015	-40.0373933129667
			41.8517766957295	-39.9970736822386
			41.8920963264576	-39.9567540515106
			41.9324159571857	-39.9164344207825
			41.9727355879137	-39.8761147900544
			42.0130552186418	-39.8357951593264
			42.0533748493698	-39.7954755285983
			42.0936944800979	-39.7551558978702
			42.134014110826	-39.7148362671422
			42.174333741554	-39.6745166364141
			42.2146533722821	-39.6341970056861
			42.2549730030102	-39.593877374958
			42.2952926337382	-39.5535577442299
			42.3356122644663	-39.5132381135019
			42.3759318951943	-39.4729184827738
			42.4162515259224	-39.4325988520457
			42.4565711566505	-39.3922792213177
			42.4968907873785	-39.3519595905896
			42.5372104181066	-39.3116399598615
			42.5775300488347	-39.2713203291335
			42.6178496795627	-39.2310006984054
			42.6581693102908	-39.1906810676774
			42.6984889410189	-39.1503614369493
			42.7388085717469	-39.1100418062212
			42.779128202475	-39.0697221754932
			42.819447833203	-39.0294025447651
			42.8597674639311	-38.989082914037
			42.9000870946592	-38.948763283309
			42.9404067253872	-38.9084436525809
			42.9807263561153	-38.8681240218529
			43.0210459868434	-38.8278043911248
			43.0613656175714	-38.7874847603967
			43.1016852482995	-38.7874847603967
			43.1420048790275	-38.7471651296687
			43.1823245097556	-38.7068454989406
			43.2226441404837	-38.6665258682125
			43.2629637712117	-38.6262062374845
			43.3032834019398	-38.5858866067564
			43.3436030326679	-38.5455669760283
			43.3839226633959	-38.5455669760283
			43.3839226633959	-38.5052473453003
			43.424242294124	-38.5052473453003
			43.464561924852	-38.4649277145722
			43.464561924852	-38.4246080838442
			43.5048815555801	-38.4246080838442
			43.5048815555801	-38.3842884531161
			43.5452011863082	-38.3842884531161
			43.5855208170362	-38.343968822388
			43.6258404477643	-38.30364919166
			43.6661600784924	-38.2633295609319
			43.7064797092204	-38.2230099302038
			43.7467993399485	-38.1826902994758
			43.7871189706766	-38.1423706687477
			43.8274386014046	-38.1423706687477
			43.8677582321327	-38.1020510380197
			43.8677582321327	-38.0617314072916
			43.9080778628607	-38.0617314072916
			43.9483974935888	-38.0214117765635
			43.9887171243169	-37.9810921458355
			44.0290367550449	-37.9407725151074
			44.069356385773	-37.9004528843793
			44.1096760165011	-37.8601332536513
			44.1499956472291	-37.8198136229232
			44.1903152779572	-37.7794939921951
			44.2306349086852	-37.7794939921951
			44.2709545394133	-37.7391743614671
			44.3112741701414	-37.698854730739
			44.3515938008694	-37.658535100011
			44.3919134315975	-37.6182154692829
			44.4322330623256	-37.5778958385548
			44.4725526930536	-37.5375762078268
			44.5128723237817	-37.4972565770987
			44.5531919545098	-37.4569369463706
			44.5935115852378	-37.4569369463706
			44.6338312159659	-37.4166173156426
			44.6741508466939	-37.3762976849145
			44.714470477422	-37.3762976849145
			44.714470477422	-37.3359780541865
			44.7547901081501	-37.2956584234584
			44.7951097388781	-37.2553387927303
			44.8354293696062	-37.2150191620023
			44.8757490003343	-37.1746995312742
			44.9160686310623	-37.1343799005461
			44.9563882617904	-37.0940602698181
			44.9967078925185	-37.05374063909
			45.0370275232465	-37.013421008362
			45.0773471539746	-36.9731013776339
			45.1176667847026	-36.9327817469058
			45.1579864154307	-36.9327817469058
			45.1983060461588	-36.8924621161778
			45.2386256768868	-36.8521424854497
			45.2789453076149	-36.8118228547216
			45.319264938343	-36.7715032239936
			45.359584569071	-36.7311835932655
			45.3999041997991	-36.6908639625374
			45.4402238305271	-36.6505443318094
			45.4805434612552	-36.6102247010813
			45.5208630919833	-36.5699050703533
			45.5611827227113	-36.5295854396252
			45.6015023534394	-36.4892658088971
			45.6418219841675	-36.4489461781691
			45.6821416148955	-36.408626547441
			45.7224612456236	-36.3683069167129
			45.7627808763516	-36.3683069167129
			45.8031005070797	-36.3279872859849
			45.8031005070797	-36.2876676552568
			45.8434201378078	-36.2876676552568
			45.8837397685358	-36.2473480245287
			45.9240593992639	-36.2070283938007
			45.964379029992	-36.1667087630726
			46.00469866072	-36.1667087630726
			46.00469866072	-36.1263891323446
			46.0450182914481	-36.0860695016165
			46.0853379221762	-36.0860695016165
			46.1256575529042	-36.0457498708884
			46.1256575529042	-36.0054302401604
			46.1659771836323	-35.9651106094323
			46.2062968143603	-35.9651106094323
			46.2466164450884	-35.9247909787042
			46.2869360758165	-35.8844713479762
			46.3272557065445	-35.8441517172481
			46.3675753372726	-35.8038320865201
			46.4078949680007	-35.763512455792
			46.4482145987287	-35.7231928250639
			46.4885342294568	-35.7231928250639
			46.5288538601848	-35.6828731943359
			46.5691734909129	-35.6425535636078
			46.609493121641	-35.6022339328797
			46.649812752369	-35.5619143021517
			46.6901323830971	-35.5619143021517
			46.7304520138252	-35.5215946714236
			46.7707716445532	-35.4812750406956
			46.8110912752813	-35.4409554099675
			46.8514109060093	-35.4006357792394
			46.8917305367374	-35.3603161485114
			46.9320501674655	-35.3199965177833
			46.9723697981935	-35.3199965177833
			46.9723697981935	-35.2796768870552
			47.0126894289216	-35.2393572563272
			47.0530090596497	-35.2393572563272
			47.0530090596497	-35.1990376255991
			47.0933286903777	-35.1990376255991
			47.1336483211058	-35.158717994871
			47.1739679518339	-35.118398364143
			47.2142875825619	-35.0780787334149
			47.25460721329	-35.0377591026869
			47.294926844018	-35.0377591026869
			47.3352464747461	-34.9974394719588
			47.3755661054742	-34.9571198412307
			47.4158857362022	-34.9168002105027
			47.4562053669303	-34.8764805797746
			47.4965249976584	-34.8764805797746
			47.5368446283864	-34.8361609490465
			47.5771642591145	-34.7958413183185
			47.6174838898426	-34.7555216875904
			47.6578035205706	-34.7555216875904
			47.6981231512987	-34.7152020568624
			47.7384427820267	-34.6748824261343
			47.7787624127548	-34.6345627954062
			47.8190820434829	-34.6345627954062
			47.8594016742109	-34.5942431646782
			47.899721304939	-34.5539235339501
			47.9400409356671	-34.513603903222
			47.9803605663951	-34.513603903222
			47.9803605663951	-34.473284272494
			48.0206801971232	-34.4329646417659
			48.0609998278512	-34.3926450110378
			48.1013194585793	-34.3926450110378
			48.1416390893074	-34.3523253803098
			48.1819587200354	-34.3120057495817
			48.2222783507635	-34.3120057495817
			48.2625979814916	-34.2716861188537
			48.3029176122196	-34.2313664881256
			48.3432372429477	-34.1910468573975
			48.3835568736758	-34.1910468573975
			48.4238765044038	-34.1507272266695
			48.4641961351319	-34.1104075959414
			48.5045157658599	-34.1104075959414
			48.544835396588	-34.0700879652133
			48.544835396588	-34.0297683344853
			48.5851550273161	-34.0297683344853
			48.6254746580441	-33.9894487037572
			48.6657942887722	-33.9491290730292
			48.7061139195003	-33.9491290730292
			48.7464335502283	-33.9088094423011
			48.7867531809564	-33.868489811573
			48.8270728116844	-33.868489811573
			48.8673924424125	-33.828170180845
			48.9077120731406	-33.7878505501169
			48.9480317038686	-33.7878505501169
			48.9883513345967	-33.7475309193888
			49.0286709653248	-33.7072112886608
			49.0689905960528	-33.6668916579327
			49.1093102267809	-33.6668916579327
			49.1496298575089	-33.6265720272046
			49.189949488237	-33.5862523964766
			49.2302691189651	-33.5459327657485
			49.2705887496931	-33.5459327657485
			49.3109083804212	-33.5056131350205
			49.3512280111493	-33.5056131350205
			49.3915476418773	-33.4652935042924
			49.4318672726054	-33.4249738735643
			49.4721869033335	-33.4249738735643
			49.5125065340615	-33.3846542428363
			49.5528261647896	-33.3443346121082
			49.5931457955176	-33.3443346121082
			49.6334654262457	-33.3040149813801
			49.6737850569738	-33.3040149813801
			49.7141046877018	-33.2636953506521
			49.7544243184299	-33.223375719924
			49.794743949158	-33.183056089196
			49.835063579886	-33.183056089196
			49.8753832106141	-33.1427364584679
			49.9157028413422	-33.1427364584679
			49.9157028413422	-33.1024168277398
			49.9560224720702	-33.1024168277398
			49.9963421027983	-33.0620971970118
			50.0366617335263	-33.0620971970118
			50.0769813642544	-33.0217775662837
			50.1173009949825	-32.9814579355556
			50.1576206257105	-32.9814579355556
			50.1979402564386	-32.9411383048276
			50.2382598871667	-32.9411383048276
			50.2382598871667	-32.9008186740995
			50.2785795178947	-32.9008186740995
			50.3188991486228	-32.9008186740995
			50.3592187793508	-32.8604990433714
			50.3995384100789	-32.8201794126434
			50.439858040807	-32.8201794126434
			50.480177671535	-32.7798597819153
			50.5204973022631	-32.7798597819153
			50.5608169329912	-32.7395401511873
			50.6011365637192	-32.6992205204592
			50.6414561944473	-32.6992205204592
			50.6817758251754	-32.6589008897311
			50.7220954559034	-32.6589008897311
			50.7624150866315	-32.6185812590031
			50.8027347173595	-32.6185812590031
			50.8027347173595	-32.578261628275
			50.8430543480876	-32.578261628275
			50.8833739788157	-32.5379419975469
			50.9236936095437	-32.5379419975469
			50.9640132402718	-32.4976223668189
			51.0043328709999	-32.4976223668189
			51.0446525017279	-32.4573027360908
			51.084972132456	-32.4573027360908
			51.125291763184	-32.4169831053628
			51.1656113939121	-32.4169831053628
			51.2059310246402	-32.4169831053628
			51.2462506553682	-32.3766634746347
			51.2865702860963	-32.3363438439066
			51.3268899168244	-32.3363438439066
			51.3672095475524	-32.2960242131786
			51.4075291782805	-32.2960242131786
			51.4478488090085	-32.2557045824505
			51.4881684397366	-32.2557045824505
			51.5284880704647	-32.2153849517224
			51.5688077011927	-32.2153849517224
			51.6091273319208	-32.2153849517224
			51.6091273319208	-32.1750653209944
			51.6494469626489	-32.1750653209944
			51.6897665933769	-32.1347456902663
			51.730086224105	-32.1347456902663
			51.7704058548331	-32.0944260595383
			51.8107254855611	-32.0944260595383
			51.8510451162892	-32.0944260595383
			51.8913647470172	-32.0541064288102
			51.9316843777453	-32.0541064288102
			51.9720040084734	-32.0137867980821
			52.0123236392014	-32.0137867980821
			52.0526432699295	-32.0137867980821
			52.0929629006576	-31.9734671673541
			52.1332825313856	-31.9734671673541
			52.1332825313856	-31.933147536626
			52.1736021621137	-31.933147536626
			52.2139217928417	-31.933147536626
			52.2542414235698	-31.8928279058979
			52.2945610542979	-31.8928279058979
			52.3348806850259	-31.8928279058979
			52.375200315754	-31.8525082751699
			52.4155199464821	-31.8525082751699
			52.4558395772101	-31.8525082751699
			52.4961592079382	-31.8121886444418
			52.5364788386663	-31.7718690137137
			52.5767984693943	-31.7718690137137
			52.6171181001224	-31.7718690137137
			52.6574377308504	-31.7315493829857
			52.6977573615785	-31.7315493829857
			52.7380769923066	-31.7315493829857
			52.7783966230346	-31.6912297522576
			52.8187162537627	-31.6912297522576
			52.8590358844908	-31.6912297522576
			52.8993555152188	-31.6912297522576
			52.8993555152188	-31.6509101215296
			52.9396751459469	-31.6509101215296
			52.9799947766749	-31.6509101215296
			53.020314407403	-31.6509101215296
			53.020314407403	-31.6105904908015
			53.0606340381311	-31.6105904908015
			53.1009536688591	-31.6105904908015
			53.1412732995872	-31.6105904908015
			53.1412732995872	-31.5702708600734
			53.1815929303153	-31.5702708600734
			53.2219125610433	-31.5702708600734
			53.2622321917714	-31.5702708600734
			53.2622321917714	-31.5299512293454
			53.3025518224995	-31.5299512293454
			53.3428714532275	-31.5299512293454
			53.3831910839556	-31.5299512293454
			53.4235107146836	-31.4896315986173
			53.4638303454117	-31.4896315986173
			53.5041499761398	-31.4896315986173
			53.5444696068678	-31.4896315986173
			53.5847892375959	-31.4493119678892
			53.625108868324	-31.4493119678892
			53.665428499052	-31.4493119678892
			53.7057481297801	-31.4493119678892
			53.7460677605081	-31.4089923371612
			53.7863873912362	-31.4089923371612
			53.8267070219643	-31.4089923371612
			53.8670266526923	-31.4089923371612
			53.9073462834204	-31.4089923371612
			53.9476659141485	-31.3686727064331
			53.9879855448765	-31.3686727064331
			54.0283051756046	-31.3686727064331
			54.0686248063327	-31.3686727064331
			54.1089444370607	-31.3686727064331
			54.1492640677888	-31.328353075705
			54.1895836985168	-31.328353075705
			54.2299033292449	-31.328353075705
			54.270222959973	-31.328353075705
			54.310542590701	-31.328353075705
			54.3508622214291	-31.328353075705
			54.3911818521572	-31.288033444977
			54.4315014828852	-31.288033444977
			54.4718211136133	-31.288033444977
			54.5121407443413	-31.288033444977
			54.5524603750694	-31.288033444977
			54.5927800057975	-31.288033444977
			54.6330996365255	-31.288033444977
			54.6734192672536	-31.288033444977
			54.7137388979817	-31.2477138142489
			54.7540585287097	-31.2477138142489
			54.7943781594378	-31.2477138142489
			54.8346977901658	-31.2477138142489
			54.8750174208939	-31.2477138142489
			54.915337051622	-31.2477138142489
			54.95565668235	-31.2477138142489
			54.9959763130781	-31.2073941835209
			55.0362959438062	-31.2073941835209
			55.0766155745342	-31.2073941835209
			55.1169352052623	-31.2073941835209
			55.1572548359904	-31.2073941835209
			55.1975744667184	-31.2073941835209
			55.2378940974465	-31.2073941835209
			55.2782137281745	-31.2073941835209
			55.3185333589026	-31.2073941835209
			55.3588529896307	-31.2073941835209
			55.3991726203587	-31.1670745527928
			55.4394922510868	-31.1670745527928
			55.4798118818149	-31.1670745527928
			55.5201315125429	-31.1670745527928
			55.560451143271	-31.1670745527928
			55.6007707739991	-31.1670745527928
			55.6410904047271	-31.1670745527928
			55.6814100354552	-31.1670745527928
			55.7217296661832	-31.1670745527928
			55.7620492969113	-31.1670745527928
			55.8023689276394	-31.1670745527928
			55.8426885583674	-31.1267549220647
			55.8830081890955	-31.1267549220647
			55.9233278198236	-31.1267549220647
			55.9636474505516	-31.1267549220647
			56.0039670812797	-31.1267549220647
			56.0442867120077	-31.1267549220647
			56.0846063427358	-31.1267549220647
			56.1249259734639	-31.1267549220647
			56.1652456041919	-31.1267549220647
			56.20556523492	-31.1267549220647
			56.2458848656481	-31.1267549220647
			56.2862044963761	-31.1267549220647
			56.3265241271042	-31.1267549220647
			56.3668437578322	-31.1267549220647
			56.4071633885603	-31.1267549220647
			56.4474830192884	-31.1267549220647
			56.4878026500164	-31.1267549220647
			56.5281222807445	-31.1267549220647
			56.5281222807445	-31.0864352913367
			56.5684419114726	-31.0864352913367
			56.6087615422006	-31.0864352913367
			56.6490811729287	-31.0864352913367
			56.6894008036568	-31.0864352913367
			56.7297204343848	-31.0864352913367
			56.7700400651129	-31.0864352913367
			56.8103596958409	-31.0864352913367
			56.850679326569	-31.0864352913367
			56.8909989572971	-31.0864352913367
			56.9313185880251	-31.0864352913367
			56.9716382187532	-31.0864352913367
			57.0119578494813	-31.0864352913367
			57.0522774802093	-31.0864352913367
			57.0925971109374	-31.0864352913367
			57.1329167416654	-31.0864352913367
			57.1732363723935	-31.0864352913367
			57.2135560031216	-31.0864352913367
			57.2538756338496	-31.0864352913367
			57.2941952645777	-31.0864352913367
			57.3345148953058	-31.0864352913367
			57.3748345260338	-31.0864352913367
			57.4151541567619	-31.0864352913367
			57.45547378749	-31.0864352913367
			57.495793418218	-31.0864352913367
			57.5361130489461	-31.0864352913367
			57.5764326796741	-31.0864352913367
			57.6167523104022	-31.0864352913367
			57.6570719411303	-31.0864352913367
			57.6973915718583	-31.0864352913367
			57.7377112025864	-31.0864352913367
			57.7780308333145	-31.0864352913367
			57.8183504640425	-31.0864352913367
			57.8586700947706	-31.0864352913367
			57.8989897254987	-31.0864352913367
			57.9393093562267	-31.0864352913367
			57.9796289869548	-31.0864352913367
			58.0199486176828	-31.0864352913367
			58.0602682484109	-31.0864352913367
			58.100587879139	-31.0864352913367
			58.140907509867	-31.0864352913367
			58.1812271405951	-31.1267549220647
			58.2215467713232	-31.1267549220647
			58.2618664020512	-31.1267549220647
			58.3021860327793	-31.1267549220647
			58.3425056635073	-31.1267549220647
			58.3828252942354	-31.1267549220647
			58.4231449249635	-31.1267549220647
			58.4634645556915	-31.1267549220647
			58.5037841864196	-31.1267549220647
			58.5441038171477	-31.1267549220647
			58.5844234478757	-31.1267549220647
			58.6247430786038	-31.1267549220647
			58.6650627093318	-31.1267549220647
			58.7053823400599	-31.1267549220647
			58.745701970788	-31.1267549220647
			58.786021601516	-31.1267549220647
			58.8263412322441	-31.1670745527928
			58.8666608629722	-31.1670745527928
			58.9069804937002	-31.1670745527928
			58.9473001244283	-31.1670745527928
			58.9876197551564	-31.1670745527928
			59.0279393858844	-31.1670745527928
			59.0682590166125	-31.1670745527928
			59.1085786473405	-31.1670745527928
			59.1488982780686	-31.1670745527928
			59.1892179087967	-31.1670745527928
			59.2295375395247	-31.2073941835209
			59.2698571702528	-31.2073941835209
			59.3101768009809	-31.2073941835209
			59.3504964317089	-31.2073941835209
			59.390816062437	-31.2073941835209
			59.431135693165	-31.2073941835209
			59.4714553238931	-31.2073941835209
			59.5117749546212	-31.2073941835209
			59.5520945853492	-31.2477138142489
			59.5924142160773	-31.2477138142489
			59.6327338468054	-31.2477138142489
			59.6730534775334	-31.2477138142489
			59.7133731082615	-31.2477138142489
			59.7536927389895	-31.2477138142489
			59.7940123697176	-31.2477138142489
			59.8343320004457	-31.288033444977
			59.8746516311737	-31.288033444977
			59.9149712619018	-31.288033444977
			59.9552908926299	-31.288033444977
			59.9956105233579	-31.288033444977
			60.035930154086	-31.328353075705
			60.0762497848141	-31.328353075705
			60.1165694155421	-31.328353075705
			60.1568890462702	-31.328353075705
			60.1972086769982	-31.328353075705
			60.2375283077263	-31.3686727064331
			60.2778479384544	-31.3686727064331
			60.3181675691824	-31.3686727064331
			60.3584871999105	-31.3686727064331
			60.3988068306386	-31.3686727064331
			60.4391264613666	-31.3686727064331
			60.4794460920947	-31.4089923371612
			60.5197657228228	-31.4089923371612
			60.5600853535508	-31.4089923371612
			60.6004049842789	-31.4089923371612
			60.6407246150069	-31.4089923371612
			60.681044245735	-31.4493119678892
			60.7213638764631	-31.4493119678892
			60.7616835071911	-31.4493119678892
			60.8020031379192	-31.4896315986173
			60.8423227686473	-31.4896315986173
			60.8826423993753	-31.4896315986173
			60.9229620301034	-31.4896315986173
			60.9632816608314	-31.4896315986173
			61.0036012915595	-31.5299512293454
			61.0439209222876	-31.5299512293454
			61.0842405530156	-31.5299512293454
			61.1245601837437	-31.5299512293454
			61.1245601837437	-31.5702708600734
			61.1648798144718	-31.5702708600734
			61.2051994451998	-31.5702708600734
			61.2455190759279	-31.5702708600734
			61.285838706656	-31.5702708600734
			61.285838706656	-31.6105904908015
			61.326158337384	-31.6105904908015
			61.3664779681121	-31.6105904908015
			61.4067975988401	-31.6105904908015
			61.4067975988401	-31.6509101215296
			61.4471172295682	-31.6509101215296
			61.4874368602963	-31.6509101215296
			61.5277564910243	-31.6509101215296
			61.5277564910243	-31.6912297522576
			61.5680761217524	-31.6912297522576
			61.6083957524805	-31.6912297522576
			61.6487153832085	-31.6912297522576
			61.6487153832085	-31.7315493829857
			61.6890350139366	-31.7315493829857
			61.7293546446646	-31.7315493829857
			61.7696742753927	-31.7315493829857
			61.8099939061208	-31.7718690137137
			61.8503135368488	-31.7718690137137
			61.8906331675769	-31.7718690137137
			61.930952798305	-31.8121886444418
			61.971272429033	-31.8121886444418
			62.0115920597611	-31.8121886444418
			62.0519116904891	-31.8525082751699
			62.0922313212172	-31.8525082751699
			62.1325509519453	-31.8928279058979
			62.1728705826733	-31.8928279058979
			62.2131902134014	-31.8928279058979
			62.2535098441295	-31.933147536626
			62.2938294748575	-31.933147536626
			62.3341491055856	-31.9734671673541
			62.3744687363137	-31.9734671673541
			62.4147883670417	-31.9734671673541
			62.4551079977698	-32.0137867980821
			62.4954276284978	-32.0137867980821
			62.5357472592259	-32.0541064288102
			62.576066889954	-32.0541064288102
			62.616386520682	-32.0541064288102
			62.616386520682	-32.0944260595383
			62.6567061514101	-32.0944260595383
			62.6970257821382	-32.0944260595383
			62.7373454128662	-32.1347456902663
			62.7776650435943	-32.1347456902663
			62.8179846743224	-32.1750653209944
			62.8583043050504	-32.1750653209944
			62.8986239357785	-32.2153849517224
			62.9389435665065	-32.2153849517224
			62.9792631972346	-32.2153849517224
			63.0195828279627	-32.2557045824505
			63.0599024586907	-32.2557045824505
			63.0599024586907	-32.2960242131786
			63.1002220894188	-32.2960242131786
			63.1405417201469	-32.3363438439066
			63.1808613508749	-32.3363438439066
			63.221180981603	-32.3363438439066
			63.261500612331	-32.3766634746347
			63.3018202430591	-32.4169831053628
			63.3421398737872	-32.4169831053628
			63.3824595045152	-32.4573027360908
			63.4227791352433	-32.4573027360908
			63.4630987659714	-32.4976223668189
			63.5034183966994	-32.4976223668189
			63.5437380274275	-32.5379419975469
			63.5840576581556	-32.578261628275
			63.6243772888836	-32.578261628275
			63.6646969196117	-32.6185812590031
			63.7050165503397	-32.6185812590031
			63.7453361810678	-32.6589008897311
			63.7856558117959	-32.6589008897311
			63.8259754425239	-32.6992205204592
			63.866295073252	-32.7395401511873
			63.9066147039801	-32.7395401511873
			63.9469343347081	-32.7798597819153
			63.9872539654362	-32.7798597819153
			64.0275735961642	-32.8201794126434
			64.0678932268923	-32.8604990433714
			64.1082128576204	-32.8604990433714
			64.1082128576204	-32.9008186740995
			64.1485324883484	-32.9008186740995
			64.1888521190765	-32.9411383048276
			64.2291717498046	-32.9814579355556
			64.2694913805326	-32.9814579355556
			64.3098110112607	-33.0217775662837
			64.3501306419888	-33.0620971970118
			64.3904502727168	-33.0620971970118
			64.4307699034449	-33.1024168277398
			64.4710895341729	-33.1427364584679
			64.511409164901	-33.1427364584679
			64.5517287956291	-33.183056089196
			64.5517287956291	-33.223375719924
			64.5920484263571	-33.223375719924
			64.6323680570852	-33.2636953506521
			64.6726876878133	-33.3040149813801
			64.7130073185413	-33.3040149813801
			64.7533269492694	-33.3443346121082
			64.7936465799974	-33.3846542428363
			64.8339662107255	-33.3846542428363
			64.8339662107255	-33.4249738735643
			64.8742858414536	-33.4652935042924
			64.9146054721816	-33.5056131350205
			64.9549251029097	-33.5056131350205
			64.9952447336378	-33.5459327657485
			65.0355643643658	-33.5862523964766
			65.0758839950939	-33.5862523964766
			65.0758839950939	-33.6265720272046
			65.116203625822	-33.6668916579327
			65.15652325655	-33.7072112886608
			65.1968428872781	-33.7072112886608
			65.2371625180061	-33.7475309193888
			65.2774821487342	-33.7878505501169
			65.2774821487342	-33.828170180845
			65.3178017794623	-33.828170180845
			65.3581214101903	-33.868489811573
			65.3984410409184	-33.9088094423011
			65.4387606716464	-33.9491290730292
			65.4790803023745	-33.9894487037572
			65.5193999331026	-34.0297683344853
			65.5597195638306	-34.0700879652133
			65.6000391945587	-34.1104075959414
			65.6403588252868	-34.1507272266695
			65.6806784560148	-34.1910468573975
			65.7209980867429	-34.2313664881256
			65.761317717471	-34.2716861188537
			65.801637348199	-34.3120057495817
			65.801637348199	-34.3523253803098
			65.8419569789271	-34.3926450110378
			65.8822766096552	-34.4329646417659
			65.9225962403832	-34.4329646417659
			65.9629158711113	-34.473284272494
			66.0032355018393	-34.513603903222
			66.0435551325674	-34.5539235339501
			66.0838747632955	-34.5942431646782
			66.1241943940235	-34.6345627954062
			66.1241943940235	-34.6748824261343
			66.1645140247516	-34.7152020568624
			66.2048336554796	-34.7555216875904
			66.2451532862077	-34.7958413183185
			66.2854729169358	-34.8361609490465
			66.3257925476638	-34.8361609490465
			66.3661121783919	-34.8764805797746
			66.3661121783919	-34.9168002105027
			66.40643180912	-34.9571198412307
			66.446751439848	-34.9974394719588
			66.4870710705761	-35.0377591026869
			66.5273907013042	-35.0780787334149
			66.5677103320322	-35.118398364143
			66.6080299627603	-35.118398364143
			66.6080299627603	-35.158717994871
			66.6483495934883	-35.1990376255991
			66.6886692242164	-35.2393572563272
			66.7289888549445	-35.2796768870552
			66.7693084856725	-35.3199965177833
			66.7693084856725	-35.3603161485114
			66.8096281164006	-35.4006357792394
			66.8499477471287	-35.4006357792394
			66.8902673778567	-35.4409554099675
			66.9305870085848	-35.4812750406956
			66.9709066393129	-35.5215946714236
			66.9709066393129	-35.5619143021517
			67.0112262700409	-35.6022339328797
			67.051545900769	-35.6425535636078
			67.091865531497	-35.6425535636078
			67.091865531497	-35.6828731943359
			67.1321851622251	-35.7231928250639
			67.1725047929532	-35.763512455792
			67.2128244236812	-35.8038320865201
			67.2531440544093	-35.8441517172481
			67.2531440544093	-35.8844713479762
			67.2934636851374	-35.8844713479762
			67.3337833158654	-35.9247909787042
			67.3741029465935	-35.9651106094323
			67.3741029465935	-36.0054302401604
			67.4144225773215	-36.0457498708884
			67.4547422080496	-36.0457498708884
			67.4950618387777	-36.0860695016165
			67.4950618387777	-36.1263891323446
			67.5353814695057	-36.1667087630726
			67.5757011002338	-36.2070283938007
			67.6160207309619	-36.2473480245287
			67.6563403616899	-36.2876676552568
			67.696659992418	-36.3279872859849
			67.7369796231461	-36.3683069167129
			67.7772992538741	-36.408626547441
			67.8176188846022	-36.4489461781691
			67.8579385153302	-36.4892658088971
			67.8579385153302	-36.5295854396252
			67.8982581460583	-36.5699050703533
			67.9385777767864	-36.6102247010813
			67.9788974075144	-36.6505443318094
			68.0192170382425	-36.6908639625374
			68.0595366689706	-36.7311835932655
			68.0998562996986	-36.7715032239936
			68.0998562996986	-36.8118228547216
			68.1401759304267	-36.8521424854497
			68.1804955611547	-36.8521424854497
			68.2208151918828	-36.8924621161778
			68.2611348226109	-36.9327817469058
			68.2611348226109	-36.9731013776339
			68.3014544533389	-37.013421008362
			68.341774084067	-37.05374063909
			68.3820937147951	-37.0940602698181
			68.4224133455231	-37.1343799005461
			68.4627329762512	-37.1746995312742
			68.4627329762512	-37.2150191620023
			68.5030526069793	-37.2553387927303
			68.5433722377073	-37.2553387927303
			68.5836918684354	-37.2956584234584
			68.5836918684354	-37.3359780541865
			68.6240114991634	-37.3762976849145
			68.6643311298915	-37.4166173156426
			68.7046507606196	-37.4569369463706
			68.7046507606196	-37.4972565770987
			68.7449703913476	-37.5375762078268
			68.7852900220757	-37.5778958385548
			68.8256096528037	-37.5778958385548
			68.8256096528037	-37.6182154692829
			68.8659292835318	-37.658535100011
			68.9062489142599	-37.698854730739
			68.9465685449879	-37.7391743614671
			68.9465685449879	-37.7794939921951
			68.986888175716	-37.8198136229232
			69.0272078064441	-37.8198136229232
			69.0675274371721	-37.8601332536513
			69.0675274371721	-37.9004528843793
			69.1078470679002	-37.9407725151074
			69.1481666986283	-37.9810921458355
			69.1481666986283	-38.0214117765635
			69.1884863293563	-38.0214117765635
			69.2288059600844	-38.0617314072916
			69.2288059600844	-38.1020510380197
			69.2691255908125	-38.1423706687477
			69.3094452215405	-38.1826902994758
			69.3094452215405	-38.2230099302038
			69.3497648522686	-38.2230099302038
			69.3900844829966	-38.2633295609319
			69.3900844829966	-38.30364919166
			69.4304041137247	-38.343968822388
			69.4707237444528	-38.3842884531161
			69.5110433751808	-38.4246080838442
			69.5513630059089	-38.4649277145722
			69.591682636637	-38.5052473453003
			69.591682636637	-38.5455669760283
			69.632002267365	-38.5858866067564
			69.6723218980931	-38.6262062374845
			69.7126415288211	-38.6665258682125
			69.7126415288211	-38.7068454989406
			69.7529611595492	-38.7471651296687
			69.7932807902773	-38.7874847603967
			69.7932807902773	-38.8278043911248
			69.8336004210053	-38.8278043911248
			69.8739200517334	-38.8681240218529
			69.9142396824615	-38.9084436525809
			69.9142396824615	-38.948763283309
			69.9545593131895	-38.989082914037
			69.9948789439176	-39.0294025447651
			69.9948789439176	-39.0697221754932
			70.0351985746456	-39.1100418062212
			70.0755182053737	-39.1503614369493
			70.0755182053737	-39.1906810676774
			70.1158378361018	-39.1906810676774
			70.1561574668298	-39.2310006984054
			70.1561574668298	-39.2713203291335
			70.1964770975579	-39.3116399598615
			70.1964770975579	-39.3519595905896
			70.236796728286	-39.3922792213177
			70.277116359014	-39.4325988520457
			70.3174359897421	-39.4729184827738
			70.3577556204702	-39.5132381135019
			70.3577556204702	-39.5535577442299
			70.3980752511982	-39.593877374958
			70.4383948819263	-39.6341970056861
			70.4383948819263	-39.6745166364141
			70.4787145126543	-39.7148362671422
			70.5190341433824	-39.7551558978702
			70.5190341433824	-39.7954755285983
			70.5593537741105	-39.8357951593264
			70.5996734048385	-39.8357951593264
			70.5996734048385	-39.8761147900544
			70.6399930355666	-39.8761147900544
			70.6803126662947	-39.9164344207825
			70.7206322970227	-39.9164344207825
			70.7609519277508	-39.9567540515106
			70.8012715584788	-39.9970736822386
			70.8415911892069	-39.9970736822386
			70.881910819935	-40.0373933129667
			70.922230450663	-40.0777129436947
			70.9625500813911	-40.1180325744228
			71.0028697121192	-40.1180325744228
			71.0431893428472	-40.1583522051509
			71.0835089735753	-40.1986718358789
			71.1238286043034	-40.238991466607
			71.1641482350314	-40.238991466607
			71.2044678657595	-40.2793110973351
			71.2447874964875	-40.3196307280631
			71.2851071272156	-40.3599503587912
			71.3254267579437	-40.4002699895193
			71.3657463886717	-40.4405896202473
			71.4060660193998	-40.4809092509754
			71.4463856501279	-40.5212288817034
			71.4867052808559	-40.5615485124315
			71.527024911584	-40.6018681431596
			71.567344542312	-40.6421877738876
			71.6076641730401	-40.6825074046157
			71.6479838037682	-40.7228270353438
			71.6883034344962	-40.7631466660718
			71.7286230652243	-40.8034662967999
			71.7286230652243	-40.8437859275279
			71.7689426959524	-40.884105558256
			71.7689426959524	-40.9244251889841
			71.8092623266804	-40.9244251889841
			71.8495819574085	-40.9647448197121
			71.8495819574085	-41.0050644504402
			71.8899015881366	-41.0453840811683
			71.8899015881366	-41.0857037118963
			71.9302212188646	-41.1260233426244
			71.9705408495927	-41.1663429733524
			71.9705408495927	-41.2066626040805
			72.0108604803207	-41.2066626040805
			72.0108604803207	-41.2469822348086
			72.0511801110488	-41.2873018655366
			72.0511801110488	-41.3276214962647
			72.0914997417769	-41.3679411269928
			72.0914997417769	-41.4082607577208
			72.1318193725049	-41.4485803884489
			72.1318193725049	-41.488900019177
			72.172139003233	-41.529219649905
			72.172139003233	-41.5695392806331
			72.2124586339611	-41.6098589113611
			72.2124586339611	-41.6501785420892
			72.2527782646891	-41.6904981728173
			72.2527782646891	-41.7308178035453
			72.2930978954172	-41.7711374342734
			72.2930978954172	-41.8114570650015
			72.2930978954172	-41.8517766957295
			72.3334175261453	-41.8920963264576
			72.3737371568733	-41.9324159571857
			72.4140567876014	-41.9727355879137
			72.4543764183294	-42.0130552186418
			72.4946960490575	-42.0533748493698
			72.5350156797856	-42.0936944800979
			72.5350156797856	-42.134014110826
			72.5753353105136	-42.174333741554
			72.6156549412417	-42.174333741554
			72.6156549412417	-42.2146533722821
			72.6559745719698	-42.2549730030102
			72.6559745719698	-42.2952926337382
			72.6962942026978	-42.2952926337382
			72.7366138334259	-42.3356122644663
			72.7366138334259	-42.3759318951943
			72.7769334641539	-42.3759318951943
			72.7769334641539	-42.4162515259224
			72.817253094882	-42.4565711566505
			72.8575727256101	-42.4968907873785
			72.8978923563381	-42.5372104181066
			72.9382119870662	-42.5775300488347
			72.9382119870662	-42.6178496795627
			72.9785316177943	-42.6581693102908
			73.0188512485223	-42.6984889410189
			73.0188512485223	-42.7388085717469
			73.0591708792504	-42.779128202475
			73.0994905099785	-42.819447833203
			73.1398101407065	-42.819447833203
			73.1398101407065	-42.8597674639311
			73.1801297714346	-42.9000870946592
			73.2204494021626	-42.9404067253872
			73.2607690328907	-42.9807263561153
			73.3010886636188	-43.0210459868434
			73.3010886636188	-43.0613656175714
			73.3414082943468	-43.1016852482995
			73.3817279250749	-43.1420048790275
			73.4220475558029	-43.1823245097556
			73.4220475558029	-43.2226441404837
			73.462367186531	-43.2629637712117
			73.462367186531	-43.3032834019398
			73.5026868172591	-43.3032834019398
			73.5026868172591	-43.3436030326679
			73.5430064479871	-43.3839226633959
			73.5833260787152	-43.424242294124
			73.6236457094433	-43.464561924852
			73.6236457094433	-43.5048815555801
			73.6639653401713	-43.5452011863082
			73.6639653401713	-43.5855208170362
			73.7042849708994	-43.5855208170362
			73.7042849708994	-43.6258404477643
			73.7446046016275	-43.6661600784924
			73.7849242323555	-43.7064797092204
			73.7849242323555	-43.7467993399485
			73.8252438630836	-43.7467993399485
			73.8252438630836	-43.7871189706766
			73.8655634938116	-43.8274386014046
			73.9058831245397	-43.8677582321327
			73.9058831245397	-43.9080778628607
			73.9462027552678	-43.9483974935888
			73.9865223859958	-43.9887171243169
			74.0268420167239	-44.0290367550449
			74.0268420167239	-44.069356385773
			74.067161647452	-44.1096760165011
			74.10748127818	-44.1499956472291
			74.1478009089081	-44.1903152779572
			74.1478009089081	-44.2306349086852
			74.1881205396361	-44.2709545394133
			74.2284401703642	-44.3112741701414
			74.2284401703642	-44.3515938008694
			74.2687598010923	-44.3919134315975
			74.2687598010923	-44.4322330623256
			74.3090794318203	-44.4725526930536
			74.3493990625484	-44.5128723237817
			74.3493990625484	-44.5531919545098
			74.3897186932765	-44.5935115852378
			74.4300383240045	-44.6338312159659
			74.4703579547326	-44.6741508466939
			74.4703579547326	-44.714470477422
			74.5106775854607	-44.7547901081501
			74.5509972161887	-44.7951097388781
			74.5509972161887	-44.8354293696062
			74.5913168469168	-44.8757490003343
			74.6316364776448	-44.9160686310623
			74.6316364776448	-44.9563882617904
			74.6719561083729	-44.9967078925185
			74.6719561083729	-45.0370275232465
			74.712275739101	-45.0773471539746
			74.752595369829	-45.1176667847026
			74.752595369829	-45.1579864154307
			74.7929150005571	-45.1983060461588
			74.8332346312852	-45.2386256768868
			74.8332346312852	-45.2789453076149
			74.8735542620132	-45.319264938343
			74.9138738927413	-45.359584569071
			74.9138738927413	-45.3999041997991
			74.9541935234694	-45.4402238305271
			74.9945131541974	-45.4805434612552
			74.9945131541974	-45.5208630919833
			75.0348327849255	-45.5611827227113
			75.0751524156535	-45.6015023534394
			75.0751524156535	-45.6418219841675
			75.1154720463816	-45.6821416148955
			75.1557916771097	-45.7224612456236
			75.1557916771097	-45.7627808763516
			75.1961113078377	-45.8031005070797
			75.1961113078377	-45.8434201378078
			75.2364309385658	-45.8837397685358
			75.2767505692939	-45.9240593992639
			75.2767505692939	-45.964379029992
			75.3170702000219	-46.00469866072
			75.3170702000219	-46.0450182914481
			75.35738983075	-46.0450182914481
			75.35738983075	-46.0853379221762
			75.397709461478	-46.1256575529042
			75.397709461478	-46.1659771836323
			75.4380290922061	-46.1659771836323
			75.4380290922061	-46.2062968143603
			75.4783487229342	-46.2466164450884
			75.4783487229342	-46.2869360758165
			75.5186683536622	-46.3272557065445
			75.5186683536622	-46.3675753372726
			75.5589879843903	-46.3675753372726
			75.5589879843903	-46.4078949680007
			75.5993076151184	-46.4482145987287
			75.5993076151184	-46.4885342294568
			75.6396272458464	-46.5288538601848
			75.6799468765745	-46.5691734909129
			75.6799468765745	-46.609493121641
			75.7202665073026	-46.649812752369
			75.7605861380306	-46.6901323830971
			75.7605861380306	-46.7304520138252
			75.8009057687587	-46.7707716445532
			75.8412253994867	-46.8110912752813
			75.8412253994867	-46.8514109060093
			75.8815450302148	-46.8917305367374
			75.8815450302148	-46.9320501674655
			75.9218646609429	-46.9723697981935
			75.9621842916709	-47.0126894289216
			75.9621842916709	-47.0530090596497
			76.002503922399	-47.0933286903777
			76.0428235531271	-47.1336483211058
			76.0428235531271	-47.1739679518339
			76.0428235531271	-47.2142875825619
			76.0831431838551	-47.2142875825619
			76.0831431838551	-47.25460721329
			76.0831431838551	-47.294926844018
			76.1234628145832	-47.294926844018
			76.1234628145832	-47.3352464747461
			76.1637824453112	-47.3755661054742
			76.1637824453112	-47.4158857362022
			76.2041020760393	-47.4562053669303
			76.2444217067674	-47.4965249976584
			76.2444217067674	-47.5368446283864
			76.2847413374954	-47.5771642591145
			76.2847413374954	-47.6174838898426
			76.3250609682235	-47.6174838898426
			76.3250609682235	-47.6578035205706
			76.3653805989516	-47.6981231512987
			76.3653805989516	-47.7384427820267
			76.4057002296796	-47.7787624127548
			76.4057002296796	-47.8190820434829
			76.4460198604077	-47.8594016742109
			76.4863394911358	-47.899721304939
			76.4863394911358	-47.9400409356671
			76.5266591218638	-47.9803605663951
			76.5266591218638	-48.0206801971232
			76.5669787525919	-48.0609998278512
			76.5669787525919	-48.1013194585793
			76.6072983833199	-48.1416390893074
			76.647618014048	-48.1819587200354
			76.647618014048	-48.2222783507635
			76.6879376447761	-48.2625979814916
			76.6879376447761	-48.3029176122196
			76.7282572755041	-48.3432372429477
			76.7282572755041	-48.3835568736758
			76.7685769062322	-48.3835568736758
			76.8088965369602	-48.4238765044038
			76.8088965369602	-48.4641961351319
			76.8492161676883	-48.5045157658599
			76.8492161676883	-48.544835396588
			76.8895357984164	-48.5851550273161
			76.8895357984164	-48.6254746580441
			76.9298554291444	-48.6657942887722
			76.9701750598725	-48.7061139195003
			76.9701750598725	-48.7464335502283
			77.0104946906006	-48.7867531809564
			77.0104946906006	-48.8270728116844
			77.0508143213286	-48.8673924424125
			77.0508143213286	-48.9077120731406
			77.0911339520567	-48.9480317038686
			77.1314535827848	-48.9883513345967
			77.1314535827848	-49.0286709653248
			77.1717732135128	-49.0689905960528
			77.1717732135128	-49.1093102267809
			77.2120928442409	-49.1496298575089
			77.2120928442409	-49.189949488237
			77.2524124749689	-49.2302691189651
			77.2524124749689	-49.2705887496931
			77.292732105697	-49.3109083804212
			77.3330517364251	-49.3512280111493
			77.3330517364251	-49.3915476418773
			77.3733713671531	-49.4318672726054
			77.3733713671531	-49.4721869033335
			77.4136909978812	-49.5125065340615
			77.4136909978812	-49.5528261647896
			77.4540106286093	-49.5931457955176
			77.4540106286093	-49.6334654262457
			77.4943302593373	-49.6737850569738
			77.4943302593373	-49.7141046877018
			77.5346498900654	-49.7544243184299
			77.5346498900654	-49.794743949158
			77.5749695207935	-49.794743949158
			77.6152891515215	-49.835063579886
			77.6152891515215	-49.8753832106141
			77.6556087822496	-49.9157028413422
			77.6556087822496	-49.9560224720702
		</c1>
		<c2 type=matrix rownames=FALSE colnames=FALSE nrow=1101 ncol=2 as.numeric=TRUE >
			77.6556087822496	-49.9560224720702
			77.6152891515215	-49.9560224720702
			77.5749695207935	-49.9560224720702
			77.5346498900654	-49.9963421027983
			77.4943302593373	-49.9963421027983
			77.4540106286093	-49.9963421027983
			77.4136909978812	-49.9963421027983
			77.3733713671531	-49.9963421027983
			77.3330517364251	-49.9963421027983
			77.292732105697	-49.9963421027983
			77.2524124749689	-49.9963421027983
			77.2120928442409	-49.9963421027983
			77.1717732135128	-49.9963421027983
			77.1314535827848	-49.9963421027983
			77.0911339520567	-49.9963421027983
			77.0508143213286	-49.9963421027983
			77.0104946906006	-49.9963421027983
			76.9701750598725	-49.9963421027983
			76.9298554291444	-49.9963421027983
			76.8895357984164	-49.9963421027983
			76.8492161676883	-49.9963421027983
			76.8088965369602	-49.9963421027983
			76.7685769062322	-49.9963421027983
			76.7282572755041	-49.9560224720702
			76.6879376447761	-49.9560224720702
			76.647618014048	-49.9560224720702
			76.6072983833199	-49.9560224720702
			76.5669787525919	-49.9157028413422
			76.5266591218638	-49.9157028413422
			76.4863394911358	-49.9157028413422
			76.4460198604077	-49.8753832106141
			76.4057002296796	-49.8753832106141
			76.3653805989516	-49.835063579886
			76.3250609682235	-49.835063579886
			76.2847413374954	-49.794743949158
			76.2444217067674	-49.794743949158
			76.2041020760393	-49.7544243184299
			76.1637824453112	-49.7141046877018
			76.1234628145832	-49.7141046877018
			76.0831431838551	-49.6737850569738
			76.0428235531271	-49.6334654262457
			76.002503922399	-49.6334654262457
			75.9621842916709	-49.5931457955176
			75.9218646609429	-49.5528261647896
			75.8815450302148	-49.5125065340615
			75.8412253994867	-49.4721869033335
			75.8009057687587	-49.4721869033335
			75.7605861380306	-49.4721869033335
			75.7202665073026	-49.4721869033335
			75.6799468765745	-49.4721869033335
			75.6396272458464	-49.4721869033335
			75.5993076151184	-49.4721869033335
			75.5589879843903	-49.4721869033335
			75.5186683536622	-49.4721869033335
			75.4783487229342	-49.4721869033335
			75.4380290922061	-49.4721869033335
			75.397709461478	-49.4721869033335
			75.35738983075	-49.4721869033335
			75.3170702000219	-49.4721869033335
			75.2767505692939	-49.4721869033335
			75.2364309385658	-49.4721869033335
			75.1961113078377	-49.4721869033335
			75.1557916771097	-49.4721869033335
			75.1154720463816	-49.4721869033335
			75.0751524156535	-49.4721869033335
			75.0348327849255	-49.4721869033335
			74.9945131541974	-49.4721869033335
			74.9541935234694	-49.4721869033335
			74.9138738927413	-49.4721869033335
			74.8735542620132	-49.4721869033335
			74.8332346312852	-49.4721869033335
			74.7929150005571	-49.4721869033335
			74.752595369829	-49.4721869033335
			74.712275739101	-49.4721869033335
			74.6719561083729	-49.4721869033335
			74.6316364776448	-49.4721869033335
			74.5913168469168	-49.4721869033335
			74.5509972161887	-49.4721869033335
			74.5106775854607	-49.4721869033335
			74.4703579547326	-49.4318672726054
			74.4300383240045	-49.4318672726054
			74.3897186932765	-49.4318672726054
			74.3493990625484	-49.4318672726054
			74.3090794318203	-49.4318672726054
			74.2687598010923	-49.4318672726054
			74.2284401703642	-49.4318672726054
			74.1881205396361	-49.4318672726054
			74.1478009089081	-49.4318672726054
			74.10748127818	-49.4318672726054
			74.067161647452	-49.4318672726054
			74.0268420167239	-49.3915476418773
			73.9865223859958	-49.3915476418773
			73.9462027552678	-49.3915476418773
			73.9058831245397	-49.3915476418773
			73.8655634938116	-49.3915476418773
			73.8252438630836	-49.3915476418773
			73.7849242323555	-49.3915476418773
			73.7446046016275	-49.3915476418773
			73.7042849708994	-49.3915476418773
			73.7042849708994	-49.3512280111493
			73.6639653401713	-49.3512280111493
			73.6236457094433	-49.3512280111493
			73.5833260787152	-49.3512280111493
			73.5430064479871	-49.3512280111493
			73.5026868172591	-49.3512280111493
			73.462367186531	-49.3512280111493
			73.4220475558029	-49.3109083804212
			73.3817279250749	-49.3109083804212
			73.3414082943468	-49.3109083804212
			73.3010886636188	-49.3109083804212
			73.2607690328907	-49.3109083804212
			73.2204494021626	-49.3109083804212
			73.1801297714346	-49.2705887496931
			73.1398101407065	-49.2705887496931
			73.0994905099785	-49.2705887496931
			73.0591708792504	-49.2705887496931
			73.0188512485223	-49.2705887496931
			72.9785316177943	-49.2302691189651
			72.9382119870662	-49.2302691189651
			72.8978923563381	-49.2302691189651
			72.8575727256101	-49.2302691189651
			72.817253094882	-49.2302691189651
			72.817253094882	-49.189949488237
			72.7769334641539	-49.189949488237
			72.7366138334259	-49.189949488237
			72.6962942026978	-49.189949488237
			72.6559745719698	-49.1496298575089
			72.6156549412417	-49.1496298575089
			72.5753353105136	-49.1496298575089
			72.5350156797856	-49.1496298575089
			72.4946960490575	-49.1093102267809
			72.4543764183294	-49.1093102267809
			72.4140567876014	-49.1093102267809
			72.3737371568733	-49.0689905960528
			72.3334175261453	-49.0689905960528
			72.2930978954172	-49.0689905960528
			72.2527782646891	-49.0286709653248
			72.2124586339611	-49.0286709653248
			72.172139003233	-49.0286709653248
			72.1318193725049	-48.9883513345967
			72.0914997417769	-48.9883513345967
			72.0511801110488	-48.9883513345967
			72.0108604803207	-48.9480317038686
			71.9705408495927	-48.9480317038686
			71.9302212188646	-48.9480317038686
			71.9302212188646	-48.9077120731406
			71.8899015881366	-48.9077120731406
			71.8495819574085	-48.9077120731406
			71.8092623266804	-48.8673924424125
			71.7689426959524	-48.8673924424125
			71.7286230652243	-48.8270728116844
			71.6883034344962	-48.8270728116844
			71.6479838037682	-48.8270728116844
			71.6479838037682	-48.7867531809564
			71.6076641730401	-48.7867531809564
			71.567344542312	-48.7464335502283
			71.527024911584	-48.7464335502283
			71.4867052808559	-48.7464335502283
			71.4463856501279	-48.7061139195003
			71.4060660193998	-48.6657942887722
			71.3657463886717	-48.6657942887722
			71.3254267579437	-48.6657942887722
			71.2851071272156	-48.7061139195003
			71.2447874964875	-48.7061139195003
			71.2044678657595	-48.7464335502283
			71.1641482350314	-48.7464335502283
			71.1238286043034	-48.7464335502283
			71.0835089735753	-48.7867531809564
			71.0431893428472	-48.7867531809564
			71.0028697121192	-48.7867531809564
			70.9625500813911	-48.8270728116844
			70.922230450663	-48.8270728116844
			70.881910819935	-48.8270728116844
			70.881910819935	-48.8673924424125
			70.8415911892069	-48.8673924424125
			70.8012715584788	-48.8673924424125
			70.7609519277508	-48.9077120731406
			70.7206322970227	-48.9077120731406
			70.6803126662947	-48.9077120731406
			70.6399930355666	-48.9077120731406
			70.5996734048385	-48.9480317038686
			70.5593537741105	-48.9480317038686
			70.5190341433824	-48.9480317038686
			70.4787145126543	-48.9480317038686
			70.4787145126543	-48.9883513345967
			70.4383948819263	-48.9883513345967
			70.3980752511982	-48.9883513345967
			70.3577556204702	-48.9883513345967
			70.3174359897421	-48.9883513345967
			70.277116359014	-49.0286709653248
			70.236796728286	-49.0286709653248
			70.1964770975579	-49.0286709653248
			70.1561574668298	-49.0286709653248
			70.1158378361018	-49.0286709653248
			70.0755182053737	-49.0689905960528
			70.0351985746456	-49.0689905960528
			69.9948789439176	-49.0689905960528
			69.9545593131895	-49.0689905960528
			69.9142396824615	-49.0689905960528
			69.8739200517334	-49.0689905960528
			69.8336004210053	-49.0689905960528
			69.7932807902773	-49.0689905960528
			69.7529611595492	-49.0689905960528
			69.7126415288211	-49.1093102267809
			69.6723218980931	-49.1093102267809
			69.632002267365	-49.1093102267809
			69.591682636637	-49.1093102267809
			69.5513630059089	-49.1093102267809
			69.5110433751808	-49.1093102267809
			69.4707237444528	-49.1093102267809
			69.4304041137247	-49.1093102267809
			69.3900844829966	-49.1093102267809
			69.3497648522686	-49.1093102267809
			69.3094452215405	-49.1093102267809
			69.2691255908125	-49.1093102267809
			69.2288059600844	-49.1093102267809
			69.1884863293563	-49.1093102267809
			69.1481666986283	-49.1093102267809
			69.1078470679002	-49.1093102267809
			69.0675274371721	-49.1093102267809
			69.0272078064441	-49.0689905960528
			68.986888175716	-49.0689905960528
			68.9465685449879	-49.0689905960528
			68.9062489142599	-49.0689905960528
			68.8659292835318	-49.0689905960528
			68.8256096528037	-49.0689905960528
			68.7852900220757	-49.0689905960528
			68.7449703913476	-49.0689905960528
			68.7046507606196	-49.0689905960528
			68.6643311298915	-49.0689905960528
			68.6240114991634	-49.0689905960528
			68.5836918684354	-49.0689905960528
			68.5433722377073	-49.0689905960528
			68.5030526069793	-49.0689905960528
			68.4627329762512	-49.0689905960528
			68.4224133455231	-49.0689905960528
			68.3820937147951	-49.0689905960528
			68.341774084067	-49.0689905960528
			68.3014544533389	-49.0286709653248
			68.2611348226109	-49.0286709653248
			68.2208151918828	-49.0286709653248
			68.1804955611547	-49.0286709653248
			68.1401759304267	-49.0286709653248
			68.0998562996986	-49.0286709653248
			68.0595366689706	-49.0286709653248
			68.0192170382425	-49.0286709653248
			67.9788974075144	-49.0286709653248
			67.9385777767864	-48.9883513345967
			67.8982581460583	-48.9883513345967
			67.8579385153302	-48.9883513345967
			67.8176188846022	-48.9883513345967
			67.7772992538741	-48.9883513345967
			67.7369796231461	-48.9480317038686
			67.696659992418	-48.9480317038686
			67.6563403616899	-48.9480317038686
			67.6160207309619	-48.9480317038686
			67.5757011002338	-48.9480317038686
			67.5353814695057	-48.9077120731406
			67.4950618387777	-48.9077120731406
			67.4547422080496	-48.9077120731406
			67.4144225773215	-48.9077120731406
			67.3741029465935	-48.8673924424125
			67.3337833158654	-48.8673924424125
			67.2934636851374	-48.8673924424125
			67.2531440544093	-48.8270728116844
			67.2128244236812	-48.8270728116844
			67.1725047929532	-48.7867531809564
			67.1321851622251	-48.7867531809564
			67.091865531497	-48.7867531809564
			67.051545900769	-48.7464335502283
			67.0112262700409	-48.7464335502283
			66.9709066393129	-48.7464335502283
			66.9305870085848	-48.7464335502283
			66.8902673778567	-48.7867531809564
			66.8499477471287	-48.7867531809564
			66.8096281164006	-48.7867531809564
			66.7693084856725	-48.7867531809564
			66.7289888549445	-48.7867531809564
			66.6886692242164	-48.7867531809564
			66.6483495934883	-48.7867531809564
			66.6080299627603	-48.8270728116844
			66.5677103320322	-48.8270728116844
			66.5273907013042	-48.8270728116844
			66.4870710705761	-48.8270728116844
			66.446751439848	-48.8270728116844
			66.40643180912	-48.8270728116844
			66.3661121783919	-48.8270728116844
			66.3257925476638	-48.8270728116844
			66.2854729169358	-48.8673924424125
			66.2451532862077	-48.8673924424125
			66.2048336554796	-48.8673924424125
			66.1645140247516	-48.8673924424125
			66.1241943940235	-48.8673924424125
			66.0838747632955	-48.8673924424125
			66.0435551325674	-48.8673924424125
			66.0032355018393	-48.8673924424125
			65.9629158711113	-48.9077120731406
			65.9225962403832	-48.9077120731406
			65.8822766096552	-48.9077120731406
			65.8419569789271	-48.9077120731406
			65.801637348199	-48.9077120731406
			65.761317717471	-48.9077120731406
			65.7209980867429	-48.9077120731406
			65.6806784560148	-48.9077120731406
			65.6403588252868	-48.9077120731406
			65.6000391945587	-48.9480317038686
			65.5597195638306	-48.9480317038686
			65.5193999331026	-48.9480317038686
			65.4790803023745	-48.9480317038686
			65.4387606716464	-48.9480317038686
			65.3984410409184	-48.9480317038686
			65.3581214101903	-48.9480317038686
			65.3178017794623	-48.9480317038686
			65.2774821487342	-48.9480317038686
			65.2371625180061	-48.9480317038686
			65.1968428872781	-48.9480317038686
			65.15652325655	-48.9883513345967
			65.116203625822	-48.9883513345967
			65.0758839950939	-48.9883513345967
			65.0355643643658	-48.9883513345967
			64.9952447336378	-48.9883513345967
			64.9549251029097	-48.9883513345967
			64.9146054721816	-48.9883513345967
			64.8742858414536	-48.9883513345967
			64.8339662107255	-48.9883513345967
			64.7936465799974	-48.9883513345967
			64.7533269492694	-48.9883513345967
			64.7130073185413	-48.9883513345967
			64.6726876878133	-48.9883513345967
			64.6323680570852	-48.9883513345967
			64.5920484263571	-48.9883513345967
			64.5517287956291	-49.0286709653248
			64.511409164901	-49.0286709653248
			64.4710895341729	-49.0286709653248
			64.4307699034449	-49.0286709653248
			64.3904502727168	-49.0286709653248
			64.3501306419888	-49.0286709653248
			64.3098110112607	-49.0286709653248
			64.2694913805326	-49.0286709653248
			64.2291717498046	-49.0286709653248
			64.1888521190765	-49.0286709653248
			64.1485324883484	-49.0286709653248
			64.1082128576204	-49.0286709653248
			64.0678932268923	-49.0286709653248
			64.0275735961642	-49.0286709653248
			63.9872539654362	-49.0286709653248
			63.9469343347081	-49.0286709653248
			63.9066147039801	-49.0286709653248
			63.866295073252	-49.0286709653248
			63.8259754425239	-49.0286709653248
			63.7856558117959	-49.0286709653248
			63.7453361810678	-49.0286709653248
			63.7050165503397	-49.0286709653248
			63.6646969196117	-49.0286709653248
			63.6243772888836	-49.0286709653248
			63.5840576581556	-49.0286709653248
			63.5437380274275	-49.0286709653248
			63.5034183966994	-49.0286709653248
			63.4630987659714	-49.0286709653248
			63.4227791352433	-49.0286709653248
			63.3824595045152	-48.9883513345967
			63.3421398737872	-48.9883513345967
			63.3018202430591	-48.9883513345967
			63.261500612331	-48.9883513345967
			63.221180981603	-48.9883513345967
			63.1808613508749	-48.9883513345967
			63.1405417201469	-48.9883513345967
			63.1002220894188	-48.9883513345967
			63.0599024586907	-48.9883513345967
			63.0195828279627	-48.9883513345967
			62.9792631972346	-48.9883513345967
			62.9389435665065	-48.9480317038686
			62.8986239357785	-48.9480317038686
			62.8583043050504	-48.9480317038686
			62.8179846743224	-48.9480317038686
			62.7776650435943	-48.9480317038686
			62.7373454128662	-48.9480317038686
			62.6970257821382	-48.9480317038686
			62.6970257821382	-48.9077120731406
			62.6567061514101	-48.9077120731406
			62.616386520682	-48.9077120731406
			62.576066889954	-48.9077120731406
			62.5357472592259	-48.9077120731406
			62.4954276284978	-48.9077120731406
			62.4954276284978	-48.8673924424125
			62.4551079977698	-48.8673924424125
			62.4147883670417	-48.8673924424125
			62.3744687363137	-48.8673924424125
			62.3341491055856	-48.9077120731406
			62.2938294748575	-48.9077120731406
			62.2535098441295	-48.9077120731406
			62.2131902134014	-48.9077120731406
			62.2131902134014	-48.9480317038686
			62.1728705826733	-48.9480317038686
			62.1325509519453	-48.9480317038686
			62.0922313212172	-48.9480317038686
			62.0519116904891	-48.9883513345967
			62.0115920597611	-48.9883513345967
			61.971272429033	-48.9883513345967
			61.930952798305	-48.9883513345967
			61.8906331675769	-49.0286709653248
			61.8503135368488	-49.0286709653248
			61.8099939061208	-49.0286709653248
			61.7696742753927	-49.0689905960528
			61.7293546446646	-49.0689905960528
			61.6890350139366	-49.0689905960528
			61.6487153832085	-49.0689905960528
			61.6083957524805	-49.0689905960528
			61.5680761217524	-49.1093102267809
			61.5277564910243	-49.1093102267809
			61.4874368602963	-49.1093102267809
			61.4471172295682	-49.1093102267809
			61.4067975988401	-49.1093102267809
			61.4067975988401	-49.1496298575089
			61.3664779681121	-49.1496298575089
			61.326158337384	-49.1496298575089
			61.285838706656	-49.1496298575089
			61.2455190759279	-49.1496298575089
			61.2051994451998	-49.1496298575089
			61.1648798144718	-49.1496298575089
			61.1245601837437	-49.189949488237
			61.0842405530156	-49.189949488237
			61.0439209222876	-49.189949488237
			61.0036012915595	-49.189949488237
			60.9632816608314	-49.189949488237
			60.9229620301034	-49.189949488237
			60.8826423993753	-49.189949488237
			60.8423227686473	-49.2302691189651
			60.8020031379192	-49.2302691189651
			60.7616835071911	-49.2302691189651
			60.7213638764631	-49.2302691189651
			60.681044245735	-49.2302691189651
			60.6407246150069	-49.2302691189651
			60.6004049842789	-49.2302691189651
			60.5600853535508	-49.2302691189651
			60.5197657228228	-49.2302691189651
			60.4794460920947	-49.2302691189651
			60.4391264613666	-49.2302691189651
			60.3988068306386	-49.2302691189651
			60.3584871999105	-49.2302691189651
			60.3181675691824	-49.2302691189651
			60.2778479384544	-49.2302691189651
			60.2375283077263	-49.2302691189651
			60.1972086769982	-49.2302691189651
			60.1568890462702	-49.2302691189651
			60.1165694155421	-49.2302691189651
			60.0762497848141	-49.2302691189651
			60.035930154086	-49.2302691189651
			59.9956105233579	-49.2302691189651
			59.9552908926299	-49.189949488237
			59.9149712619018	-49.189949488237
			59.8746516311737	-49.189949488237
			59.8343320004457	-49.189949488237
			59.7940123697176	-49.189949488237
			59.7536927389895	-49.189949488237
			59.7133731082615	-49.189949488237
			59.6730534775334	-49.1496298575089
			59.6327338468054	-49.1496298575089
			59.5924142160773	-49.1496298575089
			59.5520945853492	-49.1496298575089
			59.5117749546212	-49.1496298575089
			59.4714553238931	-49.1093102267809
			59.431135693165	-49.1093102267809
			59.390816062437	-49.1093102267809
			59.3504964317089	-49.0689905960528
			59.3101768009809	-49.0689905960528
			59.2698571702528	-49.0689905960528
			59.2295375395247	-49.0286709653248
			59.1892179087967	-49.0286709653248
			59.1488982780686	-49.0286709653248
			59.1085786473405	-48.9883513345967
			59.0682590166125	-48.9883513345967
			59.0279393858844	-48.9480317038686
			58.9876197551564	-48.9480317038686
			58.9473001244283	-48.9480317038686
			58.9069804937002	-48.9883513345967
			58.8666608629722	-48.9883513345967
			58.8263412322441	-49.0286709653248
			58.786021601516	-49.0286709653248
			58.745701970788	-49.0689905960528
			58.7053823400599	-49.0689905960528
			58.6650627093318	-49.1093102267809
			58.6247430786038	-49.1093102267809
			58.5844234478757	-49.1093102267809
			58.5441038171477	-49.1496298575089
			58.5037841864196	-49.1496298575089
			58.4634645556915	-49.1496298575089
			58.4231449249635	-49.189949488237
			58.3828252942354	-49.189949488237
			58.3425056635073	-49.189949488237
			58.3021860327793	-49.189949488237
			58.2618664020512	-49.2302691189651
			58.2215467713232	-49.2302691189651
			58.1812271405951	-49.2302691189651
			58.140907509867	-49.2302691189651
			58.100587879139	-49.2302691189651
			58.0602682484109	-49.2705887496931
			58.0199486176828	-49.2705887496931
			57.9796289869548	-49.2705887496931
			57.9393093562267	-49.2705887496931
			57.8989897254987	-49.2705887496931
			57.8586700947706	-49.2705887496931
			57.8183504640425	-49.2705887496931
			57.7780308333145	-49.2705887496931
			57.7377112025864	-49.2705887496931
			57.6973915718583	-49.2705887496931
			57.6570719411303	-49.2705887496931
			57.6167523104022	-49.2705887496931
			57.5764326796741	-49.2705887496931
			57.5361130489461	-49.2705887496931
			57.495793418218	-49.2705887496931
			57.45547378749	-49.2705887496931
			57.4151541567619	-49.2705887496931
			57.3748345260338	-49.2705887496931
			57.3345148953058	-49.2705887496931
			57.2941952645777	-49.2705887496931
			57.2538756338496	-49.2705887496931
			57.2135560031216	-49.2705887496931
			57.1732363723935	-49.2705887496931
			57.1329167416654	-49.2705887496931
			57.0925971109374	-49.2705887496931
			57.0522774802093	-49.2705887496931
			57.0119578494813	-49.2705887496931
			56.9716382187532	-49.2705887496931
			56.9313185880251	-49.2302691189651
			56.8909989572971	-49.2302691189651
			56.850679326569	-49.2302691189651
			56.8103596958409	-49.2302691189651
			56.7700400651129	-49.2302691189651
			56.7297204343848	-49.2302691189651
			56.6894008036568	-49.2302691189651
			56.6490811729287	-49.189949488237
			56.6087615422006	-49.189949488237
			56.5684419114726	-49.189949488237
			56.5281222807445	-49.189949488237
			56.4878026500164	-49.189949488237
			56.4474830192884	-49.189949488237
			56.4071633885603	-49.1496298575089
			56.3668437578322	-49.1496298575089
			56.3265241271042	-49.1496298575089
			56.2862044963761	-49.1496298575089
			56.2458848656481	-49.1093102267809
			56.20556523492	-49.1093102267809
			56.1652456041919	-49.1093102267809
			56.1249259734639	-49.1093102267809
			56.0846063427358	-49.0689905960528
			56.0442867120077	-49.0689905960528
			56.0039670812797	-49.0689905960528
			55.9636474505516	-49.0689905960528
			55.9233278198236	-49.0286709653248
			55.8830081890955	-49.0286709653248
			55.8426885583674	-49.0286709653248
			55.8023689276394	-49.0286709653248
			55.7620492969113	-48.9883513345967
			55.7217296661832	-48.9883513345967
			55.6814100354552	-48.9883513345967
			55.6410904047271	-48.9480317038686
			55.6007707739991	-48.9480317038686
			55.560451143271	-48.9480317038686
			55.5201315125429	-48.9077120731406
			55.4798118818149	-48.9077120731406
			55.4394922510868	-48.9077120731406
			55.3991726203587	-48.9077120731406
			55.3588529896307	-48.8673924424125
			55.3185333589026	-48.8673924424125
			55.2782137281745	-48.8270728116844
			55.2378940974465	-48.8270728116844
			55.1975744667184	-48.8270728116844
			55.1572548359904	-48.7867531809564
			55.1169352052623	-48.7867531809564
			55.0766155745342	-48.7867531809564
			55.0362959438062	-48.7464335502283
			54.9959763130781	-48.7464335502283
			54.95565668235	-48.7464335502283
			54.915337051622	-48.7867531809564
			54.8750174208939	-48.7867531809564
			54.8346977901658	-48.7867531809564
			54.7943781594378	-48.7867531809564
			54.7540585287097	-48.8270728116844
			54.7137388979817	-48.8270728116844
			54.6734192672536	-48.8270728116844
			54.6330996365255	-48.8270728116844
			54.5927800057975	-48.8673924424125
			54.5524603750694	-48.8673924424125
			54.5121407443413	-48.8673924424125
			54.4718211136133	-48.9077120731406
			54.4315014828852	-48.9077120731406
			54.3911818521572	-48.9077120731406
			54.3508622214291	-48.9077120731406
			54.310542590701	-48.9480317038686
			54.270222959973	-48.9480317038686
			54.2299033292449	-48.9480317038686
			54.1895836985168	-48.9480317038686
			54.1492640677888	-48.9480317038686
			54.1089444370607	-48.9883513345967
			54.0686248063327	-48.9883513345967
			54.0283051756046	-48.9883513345967
			53.9879855448765	-49.0286709653248
			53.9476659141485	-49.0286709653248
			53.9073462834204	-49.0286709653248
			53.8670266526923	-49.0286709653248
			53.8267070219643	-49.0286709653248
			53.7863873912362	-49.0689905960528
			53.7460677605081	-49.0689905960528
			53.7057481297801	-49.0689905960528
			53.665428499052	-49.0689905960528
			53.625108868324	-49.1093102267809
			53.5847892375959	-49.1093102267809
			53.5444696068678	-49.1093102267809
			53.5041499761398	-49.1093102267809
			53.4638303454117	-49.1093102267809
			53.4235107146836	-49.1496298575089
			53.3831910839556	-49.1496298575089
			53.3428714532275	-49.1496298575089
			53.3025518224995	-49.1496298575089
			53.2622321917714	-49.1496298575089
			53.2219125610433	-49.189949488237
			53.1815929303153	-49.189949488237
			53.1412732995872	-49.189949488237
			53.1009536688591	-49.189949488237
			53.0606340381311	-49.189949488237
			53.020314407403	-49.189949488237
			52.9799947766749	-49.2302691189651
			52.9396751459469	-49.2302691189651
			52.8993555152188	-49.2302691189651
			52.8590358844908	-49.2302691189651
			52.8187162537627	-49.2302691189651
			52.7783966230346	-49.2302691189651
			52.7380769923066	-49.2705887496931
			52.6977573615785	-49.2705887496931
			52.6574377308504	-49.2705887496931
			52.6171181001224	-49.2705887496931
			52.5767984693943	-49.2705887496931
			52.5364788386663	-49.2705887496931
			52.4961592079382	-49.2705887496931
			52.4558395772101	-49.3109083804212
			52.4155199464821	-49.3109083804212
			52.375200315754	-49.3109083804212
			52.3348806850259	-49.3109083804212
			52.2945610542979	-49.3109083804212
			52.2542414235698	-49.3109083804212
			52.2139217928417	-49.3109083804212
			52.1736021621137	-49.3109083804212
			52.1332825313856	-49.3512280111493
			52.0929629006576	-49.3512280111493
			52.0526432699295	-49.3512280111493
			52.0123236392014	-49.3512280111493
			51.9720040084734	-49.3512280111493
			51.9316843777453	-49.3512280111493
			51.8913647470172	-49.3512280111493
			51.8510451162892	-49.3512280111493
			51.8107254855611	-49.3512280111493
			51.7704058548331	-49.3915476418773
			51.730086224105	-49.3915476418773
			51.6897665933769	-49.3915476418773
			51.6494469626489	-49.3915476418773
			51.6091273319208	-49.3915476418773
			51.5688077011927	-49.3915476418773
			51.5284880704647	-49.3915476418773
			51.4881684397366	-49.3915476418773
			51.4478488090085	-49.3915476418773
			51.4075291782805	-49.3915476418773
			51.3672095475524	-49.3915476418773
			51.3268899168244	-49.3915476418773
			51.2865702860963	-49.3915476418773
			51.2462506553682	-49.4318672726054
			51.2059310246402	-49.4318672726054
			51.1656113939121	-49.4318672726054
			51.125291763184	-49.4318672726054
			51.084972132456	-49.4318672726054
			51.0446525017279	-49.4318672726054
			51.0043328709999	-49.4318672726054
			50.9640132402718	-49.4318672726054
			50.9236936095437	-49.4318672726054
			50.8833739788157	-49.4318672726054
			50.8430543480876	-49.4318672726054
			50.8027347173595	-49.4318672726054
			50.7624150866315	-49.4318672726054
			50.7220954559034	-49.4318672726054
			50.6817758251754	-49.4318672726054
			50.6414561944473	-49.4318672726054
			50.6011365637192	-49.4318672726054
			50.5608169329912	-49.4318672726054
			50.5204973022631	-49.4318672726054
			50.480177671535	-49.4318672726054
			50.439858040807	-49.4318672726054
			50.3995384100789	-49.4318672726054
			50.3592187793508	-49.4318672726054
			50.3188991486228	-49.4318672726054
			50.2785795178947	-49.4318672726054
			50.2382598871667	-49.4318672726054
			50.1979402564386	-49.4318672726054
			50.1576206257105	-49.4318672726054
			50.1173009949825	-49.4318672726054
			50.0769813642544	-49.4318672726054
			50.0366617335263	-49.4318672726054
			49.9963421027983	-49.4318672726054
			49.9560224720702	-49.4318672726054
			49.9157028413422	-49.4318672726054
			49.8753832106141	-49.4318672726054
			49.835063579886	-49.4318672726054
			49.794743949158	-49.4318672726054
			49.7544243184299	-49.4318672726054
			49.7141046877018	-49.4318672726054
			49.6737850569738	-49.4318672726054
			49.6334654262457	-49.4318672726054
			49.5931457955176	-49.4318672726054
			49.5528261647896	-49.4318672726054
			49.5125065340615	-49.4318672726054
			49.4721869033335	-49.4318672726054
			49.4318672726054	-49.4318672726054
			49.3915476418773	-49.4318672726054
			49.3512280111493	-49.4318672726054
			49.3109083804212	-49.4318672726054
			49.2705887496931	-49.3915476418773
			49.2302691189651	-49.3915476418773
			49.189949488237	-49.3915476418773
			49.1496298575089	-49.3915476418773
			49.1093102267809	-49.3915476418773
			49.0689905960528	-49.3915476418773
			49.0286709653248	-49.3915476418773
			48.9883513345967	-49.3915476418773
			48.9480317038686	-49.3915476418773
			48.9077120731406	-49.3915476418773
			48.8673924424125	-49.3915476418773
			48.8270728116844	-49.3915476418773
			48.7867531809564	-49.3915476418773
			48.7464335502283	-49.3512280111493
			48.7061139195003	-49.3512280111493
			48.6657942887722	-49.3512280111493
			48.6254746580441	-49.3512280111493
			48.5851550273161	-49.3512280111493
			48.544835396588	-49.3512280111493
			48.5045157658599	-49.3512280111493
			48.4641961351319	-49.3512280111493
			48.4238765044038	-49.3512280111493
			48.3835568736758	-49.3109083804212
			48.3432372429477	-49.3109083804212
			48.3029176122196	-49.3109083804212
			48.2625979814916	-49.3109083804212
			48.2222783507635	-49.3109083804212
			48.1819587200354	-49.3109083804212
			48.1416390893074	-49.3109083804212
			48.1013194585793	-49.2705887496931
			48.0609998278512	-49.2705887496931
			48.0206801971232	-49.2705887496931
			47.9803605663951	-49.2705887496931
			47.9400409356671	-49.2705887496931
			47.899721304939	-49.2705887496931
			47.8594016742109	-49.2705887496931
			47.8190820434829	-49.2302691189651
			47.7787624127548	-49.2302691189651
			47.7384427820267	-49.2302691189651
			47.6981231512987	-49.2302691189651
			47.6578035205706	-49.2302691189651
			47.6174838898426	-49.2302691189651
			47.5771642591145	-49.189949488237
			47.5368446283864	-49.189949488237
			47.4965249976584	-49.189949488237
			47.4562053669303	-49.189949488237
			47.4158857362022	-49.189949488237
			47.3755661054742	-49.189949488237
			47.3352464747461	-49.1496298575089
			47.294926844018	-49.1496298575089
			47.25460721329	-49.1496298575089
			47.2142875825619	-49.1496298575089
			47.1739679518339	-49.1496298575089
			47.1739679518339	-49.1093102267809
			47.1336483211058	-49.1093102267809
			47.0933286903777	-49.1093102267809
			47.0530090596497	-49.1093102267809
			47.0126894289216	-49.1093102267809
			46.9723697981935	-49.0689905960528
			46.9320501674655	-49.0689905960528
			46.8917305367374	-49.0689905960528
			46.8514109060093	-49.0689905960528
			46.8110912752813	-49.1093102267809
			46.7707716445532	-49.1093102267809
			46.7304520138252	-49.1093102267809
			46.6901323830971	-49.1093102267809
			46.649812752369	-49.1093102267809
			46.609493121641	-49.1496298575089
			46.5691734909129	-49.1496298575089
			46.5288538601848	-49.1496298575089
			46.4885342294568	-49.189949488237
			46.4482145987287	-49.189949488237
			46.4078949680007	-49.189949488237
			46.3675753372726	-49.189949488237
			46.3272557065445	-49.189949488237
			46.2869360758165	-49.2302691189651
			46.2466164450884	-49.2302691189651
			46.2062968143603	-49.2302691189651
			46.1659771836323	-49.2302691189651
			46.1256575529042	-49.2705887496931
			46.0853379221762	-49.2705887496931
			46.0450182914481	-49.2705887496931
			46.00469866072	-49.2705887496931
			45.964379029992	-49.2705887496931
			45.9240593992639	-49.3109083804212
			45.8837397685358	-49.3109083804212
			45.8434201378078	-49.3109083804212
			45.8031005070797	-49.3109083804212
			45.7627808763516	-49.3109083804212
			45.7224612456236	-49.3512280111493
			45.6821416148955	-49.3512280111493
			45.6418219841675	-49.3512280111493
			45.6015023534394	-49.3512280111493
			45.5611827227113	-49.3512280111493
			45.5208630919833	-49.3915476418773
			45.4805434612552	-49.3915476418773
			45.4402238305271	-49.3915476418773
			45.3999041997991	-49.3915476418773
			45.359584569071	-49.3915476418773
			45.319264938343	-49.3915476418773
			45.2789453076149	-49.4318672726054
			45.2386256768868	-49.4318672726054
			45.1983060461588	-49.4318672726054
			45.1579864154307	-49.4318672726054
			45.1176667847026	-49.4318672726054
			45.0773471539746	-49.4318672726054
			45.0370275232465	-49.4721869033335
			44.9967078925185	-49.4721869033335
			44.9563882617904	-49.4721869033335
			44.9160686310623	-49.4721869033335
			44.8757490003343	-49.4721869033335
			44.8354293696062	-49.4721869033335
			44.7951097388781	-49.4721869033335
			44.7547901081501	-49.5125065340615
			44.714470477422	-49.5125065340615
			44.6741508466939	-49.5125065340615
			44.6338312159659	-49.5125065340615
			44.5935115852378	-49.5125065340615
			44.5531919545098	-49.5125065340615
			44.5128723237817	-49.5125065340615
			44.4725526930536	-49.5528261647896
			44.4322330623256	-49.5528261647896
			44.3919134315975	-49.5528261647896
			44.3515938008694	-49.5528261647896
			44.3112741701414	-49.5528261647896
			44.2709545394133	-49.5528261647896
			44.2306349086852	-49.5528261647896
			44.1903152779572	-49.5528261647896
			44.1499956472291	-49.5528261647896
			44.1096760165011	-49.5931457955176
			44.069356385773	-49.5931457955176
			44.0290367550449	-49.5931457955176
			43.9887171243169	-49.5931457955176
			43.9483974935888	-49.5931457955176
			43.9080778628607	-49.5931457955176
			43.8677582321327	-49.5931457955176
			43.8274386014046	-49.5931457955176
			43.7871189706766	-49.5931457955176
			43.7467993399485	-49.5931457955176
			43.7064797092204	-49.5931457955176
			43.6661600784924	-49.6334654262457
			43.6258404477643	-49.6334654262457
			43.5855208170362	-49.6334654262457
			43.5452011863082	-49.6334654262457
			43.5048815555801	-49.6334654262457
			43.464561924852	-49.6334654262457
			43.424242294124	-49.6334654262457
			43.3839226633959	-49.6334654262457
			43.3436030326679	-49.6334654262457
			43.3032834019398	-49.6334654262457
			43.2629637712117	-49.6334654262457
			43.2226441404837	-49.6334654262457
			43.1823245097556	-49.6334654262457
			43.1420048790275	-49.6334654262457
			43.1016852482995	-49.6334654262457
			43.0613656175714	-49.6334654262457
			43.0210459868434	-49.6334654262457
			42.9807263561153	-49.6334654262457
			42.9404067253872	-49.6334654262457
			42.9000870946592	-49.6334654262457
			42.8597674639311	-49.6334654262457
			42.819447833203	-49.6334654262457
			42.779128202475	-49.6334654262457
			42.7388085717469	-49.6334654262457
			42.6984889410189	-49.6334654262457
			42.6581693102908	-49.6334654262457
			42.6178496795627	-49.6334654262457
			42.5775300488347	-49.6334654262457
			42.5372104181066	-49.6334654262457
			42.4968907873785	-49.6334654262457
			42.4565711566505	-49.6334654262457
			42.4162515259224	-49.6334654262457
			42.3759318951943	-49.6334654262457
			42.3356122644663	-49.6334654262457
			42.2952926337382	-49.6334654262457
			42.2549730030102	-49.6334654262457
			42.2146533722821	-49.6334654262457
			42.174333741554	-49.6334654262457
			42.134014110826	-49.6334654262457
			42.0936944800979	-49.6334654262457
			42.0533748493698	-49.6334654262457
			42.0130552186418	-49.6334654262457
			41.9727355879137	-49.6334654262457
			41.9324159571857	-49.6334654262457
			41.8920963264576	-49.5931457955176
			41.8517766957295	-49.5931457955176
			41.8114570650015	-49.5931457955176
			41.7711374342734	-49.5931457955176
			41.7308178035453	-49.5931457955176
			41.6904981728173	-49.5931457955176
			41.6501785420892	-49.5931457955176
			41.6098589113611	-49.5931457955176
			41.5695392806331	-49.5931457955176
			41.529219649905	-49.5528261647896
			41.488900019177	-49.5528261647896
			41.4485803884489	-49.5528261647896
			41.4082607577208	-49.5528261647896
			41.3679411269928	-49.5528261647896
			41.3276214962647	-49.5528261647896
			41.2873018655366	-49.5528261647896
			41.2469822348086	-49.5528261647896
			41.2469822348086	-49.5125065340615
			41.2066626040805	-49.5125065340615
			41.1663429733524	-49.5125065340615
			41.1260233426244	-49.5125065340615
			41.0857037118963	-49.5125065340615
			41.0453840811683	-49.5125065340615
			41.0050644504402	-49.4721869033335
			40.9647448197121	-49.4721869033335
			40.9244251889841	-49.4721869033335
			40.884105558256	-49.4721869033335
			40.8437859275279	-49.4721869033335
			40.8034662967999	-49.4318672726054
			40.7631466660718	-49.4318672726054
			40.7228270353438	-49.4318672726054
			40.6825074046157	-49.4318672726054
			40.6421877738876	-49.4721869033335
			40.6018681431596	-49.4721869033335
			40.5615485124315	-49.5125065340615
			40.5212288817034	-49.5125065340615
			40.4809092509754	-49.5125065340615
			40.4405896202473	-49.5528261647896
			40.4002699895193	-49.5528261647896
			40.3599503587912	-49.5931457955176
			40.3196307280631	-49.5931457955176
			40.2793110973351	-49.5931457955176
			40.238991466607	-49.6334654262457
			40.1986718358789	-49.6334654262457
			40.1583522051509	-49.6334654262457
			40.1180325744228	-49.6737850569738
			40.0777129436947	-49.6737850569738
			40.0373933129667	-49.6737850569738
			39.9970736822386	-49.6737850569738
			39.9567540515106	-49.7141046877018
			39.9164344207825	-49.7141046877018
			39.8761147900544	-49.7141046877018
			39.8357951593264	-49.7544243184299
			39.7954755285983	-49.7544243184299
			39.7551558978702	-49.7544243184299
			39.7148362671422	-49.7544243184299
			39.6745166364141	-49.7544243184299
			39.6341970056861	-49.7544243184299
			39.6341970056861	-49.794743949158
			39.593877374958	-49.794743949158
			39.5535577442299	-49.794743949158
			39.5132381135019	-49.794743949158
			39.4729184827738	-49.794743949158
			39.4325988520457	-49.794743949158
			39.3922792213177	-49.835063579886
			39.3519595905896	-49.835063579886
			39.3116399598615	-49.835063579886
			39.2713203291335	-49.835063579886
			39.2310006984054	-49.835063579886
			39.1906810676774	-49.835063579886
			39.1503614369493	-49.835063579886
			39.1100418062212	-49.835063579886
			39.0697221754932	-49.8753832106141
			39.0294025447651	-49.8753832106141
			38.989082914037	-49.8753832106141
			38.948763283309	-49.8753832106141
			38.9084436525809	-49.8753832106141
			38.8681240218529	-49.8753832106141
			38.8278043911248	-49.8753832106141
			38.7874847603967	-49.8753832106141
			38.7471651296687	-49.8753832106141
			38.7068454989406	-49.8753832106141
			38.6665258682125	-49.8753832106141
			38.6262062374845	-49.8753832106141
			38.5858866067564	-49.8753832106141
			38.5455669760283	-49.8753832106141
			38.5052473453003	-49.8753832106141
			38.4649277145722	-49.8753832106141
			38.4246080838442	-49.8753832106141
			38.3842884531161	-49.8753832106141
			38.343968822388	-49.8753832106141
			38.30364919166	-49.8753832106141
			38.2633295609319	-49.8753832106141
			38.2230099302038	-49.8753832106141
			38.1826902994758	-49.8753832106141
			38.1423706687477	-49.8753832106141
			38.1020510380197	-49.8753832106141
			38.0617314072916	-49.8753832106141
			38.0214117765635	-49.8753832106141
			37.9810921458355	-49.8753832106141
			37.9407725151074	-49.8753832106141
			37.9004528843793	-49.8753832106141
			37.8601332536513	-49.8753832106141
			37.8198136229232	-49.8753832106141
			37.7794939921951	-49.8753832106141
			37.7391743614671	-49.8753832106141
			37.698854730739	-49.8753832106141
			37.658535100011	-49.8753832106141
			37.6182154692829	-49.8753832106141
			37.5778958385548	-49.8753832106141
			37.5375762078268	-49.8753832106141
			37.4972565770987	-49.8753832106141
			37.4569369463706	-49.8753832106141
			37.4166173156426	-49.835063579886
			37.3762976849145	-49.835063579886
			37.3359780541865	-49.835063579886
			37.2956584234584	-49.835063579886
			37.2553387927303	-49.835063579886
			37.2150191620023	-49.835063579886
			37.1746995312742	-49.835063579886
			37.1343799005461	-49.835063579886
			37.0940602698181	-49.835063579886
			37.05374063909	-49.794743949158
			37.013421008362	-49.794743949158
			36.9731013776339	-49.794743949158
			36.9327817469058	-49.794743949158
			36.8924621161778	-49.794743949158
			36.8521424854497	-49.794743949158
			36.8118228547216	-49.794743949158
			36.7715032239936	-49.794743949158
			36.7311835932655	-49.7544243184299
			36.6908639625374	-49.7544243184299
			36.6505443318094	-49.7544243184299
			36.6102247010813	-49.7544243184299
			36.5699050703533	-49.7544243184299
			36.5295854396252	-49.7544243184299
			36.4892658088971	-49.7141046877018
			36.4489461781691	-49.7141046877018
			36.408626547441	-49.7141046877018
			36.3683069167129	-49.7141046877018
			36.3279872859849	-49.7141046877018
			36.2876676552568	-49.7141046877018
			36.2473480245287	-49.7141046877018
			36.2070283938007	-49.6737850569738
			36.1667087630726	-49.6737850569738
			36.1263891323446	-49.6737850569738
			36.0860695016165	-49.6737850569738
			36.0457498708884	-49.6737850569738
			36.0054302401604	-49.6334654262457
			35.9651106094323	-49.6334654262457
			35.9247909787042	-49.6334654262457
			35.8844713479762	-49.6737850569738
			35.8441517172481	-49.7141046877018
			35.8038320865201	-49.7544243184299
			35.763512455792	-49.794743949158
			35.7231928250639	-49.835063579886
			35.6828731943359	-49.835063579886
			35.6425535636078	-49.8753832106141
			35.6022339328797	-49.9157028413422
			35.5619143021517	-49.9560224720702
			35.5215946714236	-49.9560224720702
			35.4812750406956	-49.9963421027983
			35.4409554099675	-50.0366617335263
			35.4006357792394	-50.0366617335263
			35.3603161485114	-50.0366617335263
			35.3199965177833	-50.0769813642544
			35.2796768870552	-50.0769813642544
			35.2393572563272	-50.1173009949825
			35.1990376255991	-50.1173009949825
			35.158717994871	-50.1173009949825
			35.118398364143	-50.1576206257105
			35.0780787334149	-50.1576206257105
			35.0377591026869	-50.1576206257105
			34.9974394719588	-50.1576206257105
			34.9571198412307	-50.1979402564386
			34.9168002105027	-50.1979402564386
			34.8764805797746	-50.1979402564386
			34.8361609490465	-50.1979402564386
			34.7958413183185	-50.1979402564386
			34.7555216875904	-50.1979402564386
			34.7152020568624	-50.2382598871667
			34.6748824261343	-50.2382598871667
			34.6345627954062	-50.2382598871667
			34.5942431646782	-50.2382598871667
			34.5539235339501	-50.2382598871667
			34.513603903222	-50.2382598871667
			34.473284272494	-50.2382598871667
			34.4329646417659	-50.2382598871667
			34.3926450110378	-50.2382598871667
			34.3523253803098	-50.2382598871667
			34.3120057495817	-50.2382598871667
			34.2716861188537	-50.2382598871667
			34.2313664881256	-50.2382598871667
			34.1910468573975	-50.2382598871667
			34.1507272266695	-50.2382598871667
			34.1104075959414	-50.2382598871667
			34.0700879652133	-50.2382598871667
			34.0297683344853	-50.2382598871667
			33.9894487037572	-50.1979402564386
			33.9491290730292	-50.1979402564386
			33.9088094423011	-50.1979402564386
			33.868489811573	-50.1979402564386
			33.828170180845	-50.1979402564386
		</c2>
	</curves.scaled>
	<ruler.points type=matrix rownames=TRUE colnames=FALSE nrow=2 ncol=2 as.numeric=TRUE >
		Ruler point 1	2080	381
		Ruler point 2	2328	378
	</ruler.points>
</shapes>

