<shapes type=list>
	<ruler.pixel type=vector names=FALSE length=1 as.numeric=TRUE >248.018144497535</ruler.pixel>
	<ruler.interval type=vector names=FALSE length=1 as.numeric=TRUE >10</ruler.interval>
	<scaling.units type=vector names=FALSE length=1 as.numeric=FALSE >undefined</scaling.units>
	<scaling type=vector names=FALSE length=1 as.numeric=TRUE >0.0403196307280631</scaling>
	<landmarks.pixel type=matrix rownames=TRUE colnames=FALSE nrow=2 ncol=2 as.numeric=TRUE >
		LM1	801	1402
		LM2	1926	1370
	</landmarks.pixel>
	<landmarks.scaled type=matrix rownames=TRUE colnames=FALSE nrow=2 ncol=2 as.numeric=TRUE >
		LM1	32.2960242131786	-56.5281222807445
		LM2	77.6556087822496	-55.2378940974465
	</landmarks.scaled>
	<curves.control type=list>
		<c1 type=matrix rownames=FALSE colnames=FALSE nrow=15 ncol=2 as.numeric=TRUE >
			801	1402
			834	1317
			910	1240
			973	1103
			1274	899
			1386	829
			1469	854
			1553	840
			1626	917
			1686	939
			1777	1105
			1803	1137
			1836	1212
			1889	1216
			1926	1370
		</c1>
		<c2 type=matrix rownames=FALSE colnames=FALSE nrow=25 ncol=2 as.numeric=TRUE >
			1926	1370
			1913	1388
			1875	1360
			1854	1377
			1827	1362
			1791	1383
			1752	1355
			1707	1379
			1660	1360
			1621	1373
			1564	1354
			1502	1372
			1427	1357
			1371	1377
			1274	1361
			1199	1394
			1114	1367
			1027	1389
			983	1372
			937	1386
			897	1374
			885	1382
			849	1383
			835	1403
			801	1402
		</c2>
	</curves.control>
	<curves.pixel type=list>
		<c1 type=matrix rownames=FALSE colnames=FALSE nrow=1466 ncol=2 as.numeric=TRUE >
			801	1402
			801	1401
			802	1401
			802	1400
			802	1399
			802	1398
			803	1398
			803	1397
			803	1396
			804	1395
			804	1394
			805	1393
			805	1392
			806	1391
			806	1390
			806	1389
			807	1388
			807	1387
			808	1386
			808	1385
			809	1384
			809	1383
			810	1382
			810	1381
			810	1380
			811	1379
			811	1378
			812	1377
			812	1376
			813	1375
			813	1374
			813	1373
			814	1373
			814	1372
			815	1371
			815	1370
			816	1369
			816	1368
			817	1367
			817	1366
			817	1365
			818	1364
			819	1363
			819	1362
			820	1361
			820	1360
			821	1359
			821	1358
			822	1357
			822	1356
			823	1355
			823	1354
			824	1353
			824	1352
			825	1352
			825	1351
			826	1350
			826	1349
			827	1348
			827	1347
			828	1346
			828	1345
			829	1344
			829	1343
			830	1342
			831	1342
			831	1341
			832	1340
			832	1339
			833	1338
			833	1337
			834	1336
			834	1335
			835	1334
			835	1333
			836	1333
			837	1332
			837	1331
			838	1330
			838	1329
			839	1328
			839	1327
			840	1326
			841	1325
			841	1324
			842	1324
			842	1323
			843	1322
			843	1321
			844	1320
			845	1319
			845	1318
			846	1317
			846	1316
			847	1316
			848	1315
			848	1314
			849	1313
			850	1312
			850	1311
			851	1310
			851	1309
			852	1308
			853	1308
			853	1307
			854	1306
			855	1305
			855	1304
			856	1303
			857	1302
			857	1301
			858	1300
			859	1299
			860	1298
			861	1297
			862	1296
			862	1295
			863	1294
			863	1293
			864	1293
			864	1292
			865	1291
			866	1290
			867	1289
			868	1288
			868	1287
			869	1286
			870	1285
			871	1284
			871	1283
			872	1282
			873	1281
			874	1280
			874	1279
			875	1278
			876	1277
			877	1277
			877	1276
			878	1275
			879	1274
			880	1273
			880	1272
			881	1271
			882	1270
			883	1269
			884	1269
			884	1268
			885	1267
			886	1266
			887	1265
			887	1264
			888	1263
			889	1262
			890	1261
			891	1260
			892	1259
			893	1258
			894	1257
			895	1256
			895	1255
			896	1255
			897	1254
			897	1253
			898	1253
			898	1252
			899	1251
			900	1251
			900	1250
			901	1250
			901	1249
			902	1248
			903	1248
			903	1247
			904	1246
			905	1245
			906	1244
			907	1243
			908	1242
			909	1241
			910	1240
			910	1239
			911	1238
			911	1237
			912	1236
			912	1235
			913	1235
			913	1234
			913	1233
			914	1232
			914	1231
			915	1230
			916	1229
			916	1228
			917	1227
			917	1226
			918	1225
			918	1224
			919	1223
			919	1222
			920	1221
			920	1220
			921	1219
			922	1218
			922	1217
			923	1216
			923	1215
			924	1214
			925	1213
			925	1212
			926	1211
			926	1210
			927	1209
			928	1208
			928	1207
			929	1206
			929	1205
			930	1204
			931	1203
			931	1202
			932	1201
			932	1200
			933	1199
			934	1198
			935	1197
			935	1196
			936	1195
			936	1194
			937	1193
			938	1192
			938	1191
			939	1191
			940	1190
			940	1189
			941	1188
			942	1187
			942	1186
			943	1185
			944	1184
			944	1183
			945	1182
			946	1181
			946	1180
			947	1180
			948	1179
			948	1178
			949	1177
			950	1176
			950	1175
			951	1174
			952	1173
			953	1172
			953	1171
			954	1170
			955	1169
			956	1168
			956	1167
			957	1166
			958	1166
			959	1165
			959	1164
			960	1163
			961	1162
			962	1161
			962	1160
			963	1159
			964	1158
			965	1157
			966	1156
			966	1155
			967	1154
			968	1153
			969	1152
			970	1151
			971	1150
			971	1149
			972	1148
			973	1147
			974	1146
			975	1145
			976	1144
			976	1143
			977	1142
			978	1141
			979	1141
			980	1140
			981	1139
			982	1138
			983	1137
			984	1136
			984	1135
			985	1134
			986	1133
			987	1132
			988	1131
			989	1130
			990	1129
			991	1128
			992	1127
			993	1126
			994	1125
			995	1124
			996	1123
			997	1122
			998	1121
			998	1120
			999	1119
			1000	1118
			1001	1117
			1002	1116
			1003	1115
			1004	1114
			1005	1113
			1006	1112
			1007	1111
			1008	1110
			1009	1109
			1010	1108
			1011	1107
			1012	1106
			1013	1105
			1014	1104
			1015	1103
			1016	1102
			1017	1101
			1018	1100
			1019	1099
			1020	1098
			1021	1097
			1022	1096
			1023	1095
			1024	1094
			1025	1093
			1026	1093
			1027	1092
			1028	1091
			1029	1090
			1030	1089
			1031	1088
			1032	1087
			1033	1086
			1033	1085
			1034	1084
			1035	1084
			1036	1083
			1037	1082
			1038	1081
			1039	1080
			1040	1079
			1041	1078
			1042	1077
			1043	1076
			1044	1075
			1045	1074
			1046	1073
			1047	1073
			1048	1072
			1049	1071
			1050	1070
			1051	1069
			1052	1068
			1053	1067
			1054	1067
			1054	1066
			1055	1066
			1056	1065
			1057	1064
			1058	1063
			1059	1062
			1060	1061
			1061	1061
			1062	1060
			1062	1059
			1063	1059
			1064	1058
			1065	1057
			1066	1056
			1067	1055
			1068	1054
			1069	1053
			1070	1053
			1071	1052
			1072	1051
			1073	1050
			1074	1049
			1075	1049
			1076	1048
			1077	1047
			1078	1046
			1079	1045
			1079	1044
			1080	1044
			1081	1043
			1082	1042
			1083	1041
			1084	1040
			1085	1040
			1086	1039
			1087	1038
			1088	1037
			1089	1036
			1090	1035
			1091	1035
			1092	1034
			1093	1033
			1094	1032
			1095	1031
			1096	1030
			1097	1030
			1098	1029
			1099	1028
			1100	1027
			1101	1026
			1102	1025
			1103	1025
			1104	1024
			1105	1023
			1106	1022
			1107	1021
			1108	1020
			1109	1020
			1110	1019
			1111	1018
			1112	1017
			1113	1016
			1114	1016
			1115	1015
			1116	1015
			1117	1014
			1117	1013
			1118	1013
			1119	1012
			1120	1012
			1120	1011
			1121	1010
			1122	1010
			1123	1009
			1124	1008
			1125	1007
			1126	1006
			1127	1006
			1128	1005
			1129	1004
			1130	1004
			1131	1003
			1132	1002
			1133	1001
			1134	1001
			1134	1000
			1135	999
			1136	998
			1137	998
			1138	997
			1139	996
			1140	995
			1141	995
			1142	994
			1143	993
			1144	992
			1145	992
			1146	991
			1147	990
			1148	989
			1149	989
			1150	988
			1151	987
			1152	986
			1153	986
			1154	985
			1155	984
			1156	983
			1157	983
			1158	982
			1159	981
			1160	980
			1161	980
			1162	979
			1163	978
			1164	977
			1165	977
			1166	976
			1167	975
			1168	974
			1169	974
			1170	973
			1171	972
			1172	971
			1173	971
			1174	970
			1175	969
			1176	968
			1177	968
			1178	967
			1179	966
			1180	965
			1181	965
			1182	964
			1183	963
			1184	962
			1185	961
			1186	961
			1187	960
			1188	959
			1189	958
			1190	958
			1191	957
			1192	957
			1192	956
			1193	956
			1194	955
			1195	954
			1196	953
			1197	953
			1198	952
			1199	951
			1200	951
			1201	950
			1202	949
			1203	949
			1204	948
			1205	947
			1206	947
			1207	946
			1208	945
			1209	945
			1210	944
			1210	943
			1211	943
			1212	942
			1213	941
			1214	941
			1215	940
			1216	939
			1217	938
			1218	938
			1219	937
			1220	936
			1221	936
			1222	935
			1223	934
			1224	934
			1225	933
			1226	932
			1227	932
			1228	931
			1229	930
			1230	930
			1230	929
			1231	928
			1232	928
			1233	927
			1234	926
			1235	926
			1236	925
			1237	924
			1238	924
			1239	923
			1240	922
			1241	922
			1242	921
			1243	920
			1244	919
			1245	919
			1246	918
			1247	917
			1248	917
			1249	916
			1250	915
			1251	915
			1252	914
			1253	913
			1254	913
			1255	912
			1256	911
			1257	911
			1258	910
			1259	909
			1260	908
			1261	908
			1262	907
			1263	906
			1264	906
			1265	905
			1266	904
			1267	904
			1268	903
			1269	902
			1270	901
			1271	901
			1272	900
			1273	899
			1274	899
			1275	899
			1275	898
			1276	898
			1276	897
			1277	897
			1278	897
			1279	896
			1280	896
			1280	895
			1281	895
			1282	894
			1283	894
			1283	893
			1284	893
			1285	892
			1286	892
			1287	891
			1288	891
			1289	890
			1290	890
			1291	889
			1292	888
			1293	887
			1294	887
			1295	887
			1296	886
			1297	885
			1298	885
			1299	884
			1300	884
			1301	883
			1302	883
			1303	882
			1304	882
			1305	881
			1306	881
			1307	880
			1308	880
			1309	879
			1310	879
			1310	878
			1311	878
			1312	877
			1313	877
			1314	877
			1315	876
			1316	876
			1317	875
			1318	875
			1319	874
			1320	873
			1321	873
			1322	873
			1323	872
			1324	872
			1325	871
			1326	871
			1327	871
			1328	870
			1329	869
			1330	869
			1331	869
			1332	868
			1333	868
			1334	868
			1335	867
			1336	867
			1337	866
			1338	866
			1339	865
			1340	865
			1341	865
			1341	864
			1342	864
			1343	864
			1344	863
			1345	863
			1346	863
			1347	862
			1348	862
			1349	862
			1350	861
			1351	861
			1352	861
			1353	860
			1354	860
			1355	860
			1356	859
			1357	859
			1358	859
			1358	858
			1359	858
			1360	858
			1361	857
			1362	857
			1363	857
			1364	857
			1365	856
			1366	856
			1367	856
			1368	856
			1368	855
			1369	855
			1370	855
			1371	855
			1372	854
			1373	854
			1374	854
			1375	854
			1376	853
			1377	853
			1378	853
			1379	853
			1380	852
			1381	852
			1382	852
			1383	852
			1384	852
			1385	851
			1386	851
			1387	851
			1388	851
			1389	851
			1390	850
			1391	850
			1392	850
			1393	850
			1394	850
			1395	850
			1396	849
			1397	849
			1398	849
			1399	849
			1400	849
			1401	849
			1402	849
			1403	849
			1404	848
			1405	848
			1406	848
			1407	848
			1408	848
			1409	848
			1410	848
			1411	848
			1412	848
			1413	848
			1414	848
			1415	848
			1416	848
			1417	848
			1418	847
			1419	847
			1420	847
			1421	847
			1422	847
			1423	847
			1424	847
			1425	847
			1426	847
			1427	847
			1428	847
			1429	848
			1430	848
			1431	848
			1432	848
			1433	848
			1434	848
			1435	848
			1436	848
			1437	848
			1438	848
			1439	848
			1440	848
			1441	848
			1442	848
			1443	849
			1444	849
			1445	849
			1446	849
			1447	849
			1448	849
			1449	849
			1450	850
			1451	850
			1452	850
			1453	850
			1454	850
			1455	851
			1456	851
			1457	851
			1458	851
			1459	851
			1460	852
			1461	852
			1462	852
			1463	852
			1464	853
			1465	853
			1466	853
			1467	853
			1468	854
			1469	854
			1470	854
			1471	854
			1472	854
			1472	853
			1473	853
			1474	853
			1475	853
			1476	853
			1477	853
			1478	853
			1479	853
			1480	853
			1481	852
			1482	852
			1483	852
			1484	852
			1485	852
			1486	852
			1487	852
			1488	852
			1489	852
			1490	852
			1491	852
			1492	852
			1493	852
			1494	852
			1495	852
			1496	852
			1497	852
			1498	852
			1499	852
			1500	852
			1501	852
			1502	852
			1503	852
			1504	852
			1505	852
			1506	852
			1507	852
			1508	852
			1509	853
			1510	853
			1511	853
			1512	853
			1513	853
			1514	853
			1515	853
			1516	853
			1517	854
			1518	854
			1519	854
			1520	854
			1521	854
			1522	854
			1523	855
			1524	855
			1525	855
			1526	855
			1527	856
			1528	856
			1529	856
			1530	856
			1531	856
			1532	857
			1533	857
			1534	857
			1535	858
			1536	858
			1537	858
			1538	858
			1539	859
			1540	859
			1541	859
			1542	860
			1543	860
			1544	860
			1545	861
			1546	861
			1547	861
			1548	862
			1549	862
			1550	862
			1550	863
			1551	863
			1552	864
			1553	864
			1554	864
			1555	865
			1556	865
			1557	866
			1558	866
			1559	867
			1560	867
			1561	867
			1562	868
			1563	868
			1564	869
			1565	869
			1566	870
			1567	870
			1568	871
			1569	871
			1569	872
			1570	872
			1571	873
			1572	874
			1573	874
			1574	875
			1575	875
			1576	876
			1577	876
			1578	877
			1579	877
			1580	878
			1581	879
			1582	879
			1583	880
			1583	881
			1584	881
			1585	882
			1586	882
			1587	883
			1588	884
			1589	884
			1590	885
			1591	886
			1592	886
			1593	887
			1594	888
			1595	888
			1596	889
			1596	890
			1597	891
			1598	891
			1599	892
			1600	893
			1601	894
			1602	894
			1603	895
			1604	896
			1605	897
			1606	897
			1606	898
			1607	899
			1608	900
			1609	901
			1610	901
			1611	902
			1612	903
			1613	904
			1614	905
			1615	906
			1616	906
			1616	907
			1617	908
			1618	909
			1619	910
			1620	911
			1621	912
			1622	913
			1623	914
			1624	914
			1624	915
			1625	916
			1626	917
			1627	917
			1628	918
			1629	918
			1630	919
			1631	919
			1632	919
			1633	920
			1634	920
			1635	921
			1636	922
			1637	922
			1638	923
			1639	923
			1640	924
			1641	925
			1642	925
			1643	926
			1644	926
			1644	927
			1645	927
			1646	928
			1647	928
			1648	929
			1649	930
			1650	931
			1651	932
			1652	932
			1653	933
			1654	934
			1655	935
			1656	936
			1657	936
			1658	937
			1659	938
			1660	939
			1661	940
			1662	941
			1663	941
			1663	942
			1664	942
			1665	943
			1665	944
			1666	944
			1667	945
			1668	946
			1669	947
			1670	948
			1671	949
			1671	950
			1672	950
			1673	951
			1674	952
			1674	953
			1675	954
			1676	954
			1677	955
			1678	956
			1678	957
			1679	958
			1680	959
			1681	960
			1682	961
			1683	962
			1684	963
			1685	964
			1685	965
			1686	966
			1687	967
			1688	968
			1689	969
			1690	970
			1690	971
			1691	972
			1692	973
			1693	974
			1694	975
			1695	976
			1695	977
			1696	978
			1697	979
			1698	980
			1699	981
			1699	982
			1700	983
			1700	984
			1701	984
			1702	985
			1702	986
			1703	987
			1704	988
			1704	989
			1705	989
			1706	990
			1706	991
			1707	992
			1707	993
			1708	994
			1709	995
			1709	996
			1710	996
			1711	997
			1711	998
			1712	999
			1713	1000
			1713	1001
			1714	1002
			1715	1003
			1715	1004
			1716	1005
			1717	1006
			1717	1007
			1718	1007
			1718	1008
			1719	1009
			1720	1010
			1720	1011
			1721	1012
			1722	1013
			1722	1014
			1723	1015
			1724	1016
			1724	1017
			1725	1018
			1726	1019
			1726	1020
			1727	1021
			1728	1022
			1728	1023
			1729	1024
			1730	1025
			1730	1026
			1731	1027
			1732	1028
			1732	1029
			1733	1030
			1733	1031
			1734	1032
			1735	1033
			1735	1034
			1736	1035
			1737	1036
			1737	1037
			1738	1038
			1738	1039
			1739	1040
			1740	1041
			1740	1042
			1741	1043
			1741	1044
			1742	1045
			1743	1046
			1743	1047
			1744	1048
			1744	1049
			1745	1050
			1746	1051
			1746	1052
			1747	1053
			1747	1054
			1748	1055
			1749	1056
			1749	1057
			1750	1058
			1751	1059
			1751	1060
			1752	1061
			1752	1062
			1753	1063
			1754	1064
			1754	1065
			1755	1066
			1755	1067
			1756	1068
			1757	1069
			1757	1070
			1758	1071
			1758	1072
			1759	1073
			1760	1074
			1760	1075
			1761	1076
			1761	1077
			1762	1078
			1762	1079
			1763	1080
			1764	1081
			1764	1082
			1765	1083
			1765	1084
			1766	1085
			1766	1086
			1767	1087
			1768	1088
			1768	1089
			1769	1090
			1769	1091
			1770	1092
			1770	1093
			1771	1094
			1771	1095
			1772	1096
			1772	1097
			1773	1098
			1774	1099
			1774	1100
			1775	1101
			1775	1102
			1776	1103
			1776	1104
			1777	1105
			1778	1106
			1778	1107
			1779	1107
			1780	1108
			1780	1109
			1781	1110
			1781	1111
			1782	1112
			1783	1112
			1783	1113
			1784	1114
			1785	1115
			1785	1116
			1786	1117
			1787	1118
			1787	1119
			1788	1120
			1789	1121
			1789	1122
			1790	1123
			1791	1124
			1791	1125
			1792	1126
			1793	1127
			1793	1128
			1794	1129
			1794	1130
			1795	1130
			1795	1131
			1796	1132
			1796	1133
			1797	1134
			1797	1135
			1798	1136
			1798	1137
			1799	1137
			1799	1138
			1800	1139
			1800	1140
			1801	1141
			1801	1142
			1802	1143
			1802	1144
			1803	1145
			1804	1146
			1805	1147
			1805	1148
			1805	1149
			1806	1150
			1806	1151
			1807	1152
			1808	1153
			1808	1154
			1809	1155
			1809	1156
			1809	1157
			1810	1157
			1810	1158
			1811	1159
			1811	1160
			1812	1161
			1812	1162
			1813	1163
			1813	1164
			1814	1164
			1814	1165
			1815	1166
			1815	1167
			1815	1168
			1816	1169
			1816	1170
			1817	1171
			1817	1172
			1818	1173
			1818	1174
			1819	1175
			1819	1176
			1820	1177
			1820	1178
			1821	1179
			1821	1180
			1822	1181
			1822	1182
			1823	1183
			1823	1184
			1824	1185
			1824	1186
			1824	1187
			1825	1188
			1825	1189
			1826	1190
			1826	1191
			1827	1192
			1827	1193
			1828	1194
			1828	1195
			1829	1196
			1829	1197
			1830	1198
			1830	1199
			1831	1200
			1831	1201
			1832	1202
			1832	1203
			1832	1204
			1833	1205
			1833	1206
			1834	1207
			1834	1208
			1835	1209
			1835	1210
			1836	1211
			1836	1212
			1837	1212
			1838	1212
			1839	1212
			1840	1213
			1841	1213
			1842	1213
			1843	1213
			1844	1213
			1844	1214
			1845	1214
			1846	1214
			1847	1214
			1848	1215
			1849	1215
			1850	1216
			1851	1216
			1852	1217
			1853	1217
			1854	1218
			1855	1219
			1856	1219
			1857	1220
			1858	1220
			1859	1221
			1860	1222
			1861	1223
			1862	1224
			1863	1225
			1864	1225
			1864	1226
			1865	1227
			1866	1227
			1866	1228
			1867	1229
			1868	1229
			1868	1230
			1869	1231
			1870	1231
			1870	1232
			1871	1233
			1872	1234
			1873	1235
			1874	1236
			1874	1237
			1875	1238
			1876	1239
			1877	1240
			1877	1241
			1878	1242
			1879	1243
			1879	1244
			1880	1244
			1880	1245
			1880	1246
			1881	1247
			1882	1248
			1883	1249
			1883	1250
			1884	1251
			1884	1252
			1885	1253
			1885	1254
			1886	1255
			1886	1256
			1887	1257
			1887	1258
			1888	1259
			1888	1260
			1889	1261
			1889	1262
			1890	1263
			1890	1264
			1891	1265
			1892	1266
			1892	1267
			1893	1268
			1893	1269
			1894	1270
			1894	1271
			1895	1272
			1895	1273
			1895	1274
			1896	1274
			1896	1275
			1896	1276
			1896	1277
			1897	1277
			1897	1278
			1897	1279
			1898	1279
			1898	1280
			1898	1281
			1899	1281
			1899	1282
			1899	1283
			1899	1284
			1900	1284
			1900	1285
			1900	1286
			1901	1287
			1901	1288
			1902	1289
			1902	1290
			1902	1291
			1903	1292
			1903	1293
			1903	1294
			1904	1295
			1904	1296
			1905	1297
			1905	1298
			1905	1299
			1906	1300
			1906	1301
			1906	1302
			1907	1303
			1907	1304
			1908	1305
			1908	1306
			1908	1307
			1909	1308
			1909	1309
			1909	1310
			1909	1311
			1910	1311
			1910	1312
			1910	1313
			1910	1314
			1911	1315
			1911	1316
			1911	1317
			1912	1318
			1912	1319
			1912	1320
			1913	1321
			1913	1322
			1913	1323
			1914	1324
			1914	1325
			1914	1326
			1915	1327
			1915	1328
			1915	1329
			1915	1330
			1916	1331
			1916	1332
			1916	1333
			1917	1334
			1917	1335
			1917	1336
			1917	1337
			1918	1338
			1918	1339
			1918	1340
			1919	1341
			1919	1342
			1919	1343
			1919	1344
			1920	1345
			1920	1346
			1920	1347
			1920	1348
			1921	1349
			1921	1350
			1921	1351
			1922	1352
			1922	1353
			1922	1354
			1922	1355
			1923	1356
			1923	1357
			1923	1358
			1923	1359
			1923	1360
			1924	1361
			1924	1362
			1924	1363
			1924	1364
			1925	1365
			1925	1366
			1925	1367
			1925	1368
			1926	1369
			1926	1370
		</c1>
		<c2 type=matrix rownames=FALSE colnames=FALSE nrow=1148 ncol=2 as.numeric=TRUE >
			1926	1370
			1925	1371
			1924	1372
			1923	1373
			1922	1374
			1921	1375
			1920	1375
			1919	1376
			1918	1376
			1917	1376
			1916	1377
			1915	1377
			1914	1377
			1913	1377
			1912	1377
			1911	1377
			1910	1377
			1909	1377
			1908	1377
			1907	1377
			1907	1376
			1906	1376
			1905	1376
			1904	1376
			1903	1375
			1902	1375
			1901	1375
			1900	1374
			1899	1374
			1898	1374
			1897	1373
			1896	1373
			1895	1372
			1894	1372
			1893	1371
			1892	1371
			1891	1370
			1890	1370
			1889	1369
			1888	1369
			1887	1368
			1886	1368
			1886	1367
			1885	1367
			1884	1366
			1883	1365
			1882	1365
			1881	1364
			1880	1364
			1879	1363
			1878	1362
			1877	1362
			1876	1361
			1875	1360
			1874	1361
			1873	1362
			1872	1362
			1871	1363
			1870	1364
			1869	1364
			1868	1365
			1867	1365
			1866	1366
			1865	1366
			1864	1366
			1863	1367
			1862	1367
			1861	1368
			1860	1368
			1859	1368
			1858	1368
			1857	1369
			1856	1369
			1855	1369
			1854	1369
			1853	1369
			1852	1369
			1851	1369
			1850	1369
			1849	1369
			1848	1369
			1847	1369
			1846	1369
			1845	1369
			1844	1368
			1843	1368
			1842	1368
			1841	1368
			1840	1368
			1839	1367
			1838	1367
			1837	1367
			1836	1366
			1835	1366
			1834	1365
			1833	1365
			1832	1365
			1831	1364
			1830	1364
			1829	1363
			1828	1363
			1827	1362
			1826	1363
			1825	1363
			1824	1364
			1823	1364
			1822	1365
			1821	1365
			1820	1366
			1819	1366
			1818	1367
			1817	1367
			1816	1367
			1815	1368
			1814	1368
			1813	1368
			1812	1369
			1811	1369
			1810	1369
			1809	1369
			1808	1370
			1807	1370
			1806	1370
			1805	1370
			1804	1370
			1803	1371
			1802	1371
			1801	1371
			1800	1371
			1799	1371
			1798	1371
			1797	1371
			1796	1371
			1795	1371
			1794	1371
			1793	1371
			1792	1371
			1791	1371
			1790	1371
			1789	1371
			1788	1370
			1787	1370
			1786	1370
			1785	1370
			1784	1370
			1783	1370
			1782	1369
			1781	1369
			1780	1369
			1779	1369
			1778	1368
			1777	1368
			1776	1368
			1775	1367
			1774	1367
			1773	1367
			1772	1366
			1771	1366
			1770	1366
			1769	1365
			1768	1365
			1768	1364
			1767	1364
			1766	1363
			1765	1363
			1764	1362
			1763	1362
			1762	1361
			1761	1361
			1760	1360
			1759	1360
			1758	1359
			1757	1358
			1756	1358
			1755	1357
			1754	1356
			1753	1356
			1752	1355
			1751	1355
			1750	1356
			1749	1357
			1748	1357
			1747	1358
			1746	1358
			1745	1359
			1744	1359
			1743	1359
			1742	1360
			1741	1360
			1740	1361
			1739	1361
			1738	1361
			1737	1362
			1736	1362
			1735	1363
			1734	1363
			1733	1363
			1732	1364
			1731	1364
			1730	1364
			1729	1364
			1728	1365
			1727	1365
			1726	1365
			1725	1365
			1724	1366
			1723	1366
			1722	1366
			1721	1366
			1720	1367
			1719	1367
			1718	1367
			1717	1367
			1716	1367
			1715	1367
			1714	1367
			1713	1368
			1712	1368
			1711	1368
			1710	1368
			1709	1368
			1708	1368
			1707	1368
			1706	1368
			1705	1368
			1704	1368
			1703	1368
			1702	1368
			1701	1368
			1700	1368
			1699	1368
			1698	1368
			1697	1368
			1696	1368
			1695	1368
			1694	1368
			1693	1368
			1692	1368
			1691	1368
			1690	1368
			1689	1368
			1688	1368
			1687	1367
			1686	1367
			1685	1367
			1684	1367
			1683	1367
			1682	1367
			1681	1366
			1680	1366
			1679	1366
			1678	1366
			1677	1366
			1676	1365
			1675	1365
			1674	1365
			1673	1364
			1672	1364
			1671	1364
			1670	1364
			1669	1363
			1668	1363
			1667	1363
			1666	1362
			1665	1362
			1664	1361
			1663	1361
			1662	1361
			1661	1360
			1660	1360
			1659	1360
			1658	1361
			1657	1361
			1656	1361
			1655	1362
			1654	1362
			1653	1362
			1652	1362
			1651	1362
			1650	1363
			1649	1363
			1648	1363
			1647	1363
			1646	1364
			1645	1364
			1644	1364
			1643	1364
			1642	1364
			1641	1364
			1640	1364
			1639	1365
			1638	1365
			1637	1365
			1636	1365
			1635	1365
			1634	1365
			1633	1365
			1632	1365
			1631	1365
			1630	1365
			1629	1365
			1628	1365
			1627	1365
			1626	1365
			1625	1365
			1624	1365
			1623	1365
			1622	1365
			1621	1365
			1620	1365
			1619	1365
			1618	1365
			1617	1365
			1616	1365
			1615	1365
			1614	1365
			1613	1365
			1612	1365
			1611	1365
			1610	1364
			1609	1364
			1608	1364
			1607	1364
			1606	1364
			1605	1364
			1604	1364
			1603	1364
			1602	1363
			1601	1363
			1600	1363
			1599	1363
			1598	1363
			1597	1363
			1596	1362
			1595	1362
			1594	1362
			1593	1362
			1592	1362
			1591	1362
			1591	1361
			1590	1361
			1589	1361
			1588	1361
			1587	1361
			1587	1360
			1586	1360
			1585	1360
			1584	1360
			1583	1359
			1582	1359
			1581	1359
			1580	1359
			1579	1358
			1578	1358
			1577	1358
			1576	1358
			1575	1357
			1574	1357
			1573	1357
			1572	1357
			1571	1356
			1570	1356
			1569	1356
			1568	1355
			1567	1355
			1566	1355
			1565	1354
			1564	1354
			1563	1354
			1562	1355
			1561	1355
			1560	1355
			1559	1355
			1558	1356
			1557	1356
			1556	1356
			1555	1356
			1554	1357
			1553	1357
			1552	1357
			1551	1357
			1550	1358
			1549	1358
			1548	1358
			1547	1358
			1546	1358
			1545	1359
			1544	1359
			1543	1359
			1542	1359
			1541	1359
			1540	1360
			1539	1360
			1538	1360
			1537	1360
			1536	1360
			1535	1360
			1534	1361
			1533	1361
			1532	1361
			1531	1361
			1530	1361
			1529	1361
			1528	1362
			1527	1362
			1526	1362
			1525	1362
			1524	1362
			1523	1362
			1522	1362
			1521	1362
			1520	1362
			1519	1363
			1518	1363
			1517	1363
			1516	1363
			1515	1363
			1514	1363
			1513	1363
			1512	1363
			1511	1363
			1510	1363
			1509	1363
			1508	1363
			1507	1363
			1506	1364
			1505	1364
			1504	1364
			1503	1364
			1502	1364
			1501	1364
			1500	1364
			1499	1364
			1498	1364
			1497	1364
			1496	1364
			1495	1364
			1494	1364
			1493	1364
			1492	1364
			1491	1364
			1490	1364
			1489	1364
			1488	1364
			1487	1364
			1486	1364
			1485	1364
			1484	1364
			1483	1364
			1482	1364
			1481	1364
			1480	1364
			1479	1364
			1478	1363
			1477	1363
			1476	1363
			1475	1363
			1474	1363
			1473	1363
			1472	1363
			1471	1363
			1470	1363
			1469	1363
			1468	1363
			1467	1363
			1466	1363
			1465	1363
			1464	1362
			1463	1362
			1462	1362
			1461	1362
			1460	1362
			1459	1362
			1458	1362
			1457	1362
			1456	1362
			1455	1362
			1454	1361
			1453	1361
			1452	1361
			1451	1361
			1450	1361
			1449	1361
			1448	1361
			1447	1360
			1446	1360
			1445	1360
			1444	1360
			1443	1360
			1442	1360
			1441	1360
			1440	1359
			1439	1359
			1438	1359
			1437	1359
			1436	1359
			1435	1359
			1434	1358
			1433	1358
			1432	1358
			1431	1358
			1430	1358
			1429	1357
			1428	1357
			1427	1357
			1426	1357
			1425	1358
			1424	1358
			1423	1358
			1422	1359
			1421	1359
			1420	1359
			1419	1360
			1418	1360
			1417	1360
			1416	1360
			1415	1361
			1414	1361
			1413	1361
			1412	1362
			1411	1362
			1410	1362
			1409	1362
			1408	1363
			1407	1363
			1406	1363
			1405	1363
			1404	1363
			1403	1364
			1402	1364
			1401	1364
			1400	1364
			1399	1364
			1398	1364
			1397	1365
			1396	1365
			1395	1365
			1394	1365
			1393	1365
			1392	1365
			1391	1366
			1390	1366
			1389	1366
			1388	1366
			1387	1366
			1386	1366
			1385	1366
			1384	1366
			1383	1367
			1382	1367
			1381	1367
			1380	1367
			1379	1367
			1378	1367
			1377	1367
			1376	1367
			1375	1367
			1374	1367
			1373	1367
			1372	1368
			1371	1368
			1370	1368
			1369	1368
			1368	1368
			1367	1368
			1366	1368
			1365	1368
			1364	1368
			1363	1368
			1362	1368
			1361	1368
			1360	1368
			1359	1368
			1358	1368
			1357	1368
			1356	1368
			1355	1368
			1354	1368
			1353	1368
			1352	1368
			1351	1368
			1350	1368
			1349	1368
			1348	1368
			1347	1368
			1346	1368
			1345	1368
			1344	1368
			1343	1368
			1342	1368
			1341	1368
			1340	1368
			1339	1368
			1338	1368
			1337	1368
			1336	1368
			1335	1368
			1334	1368
			1333	1368
			1332	1368
			1331	1368
			1330	1367
			1329	1367
			1328	1367
			1327	1367
			1326	1367
			1325	1367
			1324	1367
			1323	1367
			1322	1367
			1321	1367
			1320	1367
			1319	1367
			1318	1367
			1317	1366
			1316	1366
			1315	1366
			1314	1366
			1313	1366
			1312	1366
			1311	1366
			1310	1366
			1309	1366
			1308	1366
			1307	1366
			1306	1365
			1305	1365
			1304	1365
			1303	1365
			1302	1365
			1301	1365
			1300	1365
			1299	1365
			1298	1365
			1297	1364
			1296	1364
			1295	1364
			1294	1364
			1293	1364
			1292	1364
			1291	1364
			1290	1363
			1289	1363
			1288	1363
			1287	1363
			1286	1363
			1285	1363
			1284	1363
			1283	1362
			1282	1362
			1281	1362
			1280	1362
			1279	1362
			1278	1362
			1277	1362
			1277	1361
			1276	1361
			1275	1361
			1274	1361
			1273	1361
			1272	1362
			1271	1362
			1270	1363
			1269	1363
			1268	1364
			1267	1364
			1266	1364
			1265	1365
			1264	1365
			1263	1365
			1262	1366
			1261	1366
			1260	1367
			1259	1367
			1258	1367
			1257	1368
			1256	1368
			1255	1368
			1254	1369
			1253	1369
			1252	1369
			1251	1370
			1250	1370
			1249	1370
			1248	1371
			1247	1371
			1246	1371
			1245	1371
			1244	1372
			1243	1372
			1242	1372
			1241	1373
			1240	1373
			1239	1373
			1238	1373
			1237	1374
			1236	1374
			1235	1374
			1234	1374
			1233	1374
			1232	1375
			1231	1375
			1230	1375
			1229	1375
			1228	1375
			1227	1376
			1226	1376
			1225	1376
			1224	1376
			1223	1376
			1222	1377
			1221	1377
			1220	1377
			1219	1377
			1218	1377
			1217	1377
			1216	1377
			1215	1378
			1214	1378
			1213	1378
			1212	1378
			1211	1378
			1210	1378
			1209	1378
			1208	1378
			1207	1378
			1206	1378
			1205	1379
			1204	1379
			1203	1379
			1202	1379
			1201	1379
			1200	1379
			1199	1379
			1198	1379
			1197	1379
			1196	1379
			1195	1379
			1194	1379
			1193	1379
			1192	1379
			1191	1379
			1190	1379
			1189	1379
			1188	1379
			1187	1379
			1186	1379
			1185	1379
			1184	1379
			1183	1379
			1182	1379
			1181	1379
			1180	1379
			1179	1379
			1178	1379
			1177	1379
			1176	1379
			1175	1379
			1174	1379
			1173	1379
			1172	1379
			1171	1378
			1170	1378
			1169	1378
			1168	1378
			1167	1378
			1166	1378
			1165	1378
			1164	1378
			1163	1378
			1162	1378
			1161	1377
			1160	1377
			1159	1377
			1158	1377
			1157	1377
			1156	1377
			1155	1377
			1154	1376
			1153	1376
			1152	1376
			1151	1376
			1150	1376
			1149	1376
			1148	1375
			1147	1375
			1146	1375
			1145	1375
			1144	1375
			1143	1375
			1143	1374
			1142	1374
			1141	1374
			1140	1374
			1139	1374
			1138	1373
			1137	1373
			1136	1373
			1135	1373
			1134	1372
			1133	1372
			1132	1372
			1131	1372
			1130	1372
			1129	1371
			1128	1371
			1127	1371
			1126	1371
			1126	1370
			1125	1370
			1124	1370
			1123	1370
			1122	1369
			1121	1369
			1120	1369
			1119	1369
			1118	1368
			1117	1368
			1116	1368
			1115	1367
			1114	1367
			1113	1367
			1112	1367
			1111	1368
			1110	1368
			1109	1368
			1108	1369
			1107	1369
			1106	1369
			1105	1369
			1104	1370
			1103	1370
			1102	1370
			1101	1370
			1100	1370
			1099	1371
			1098	1371
			1097	1371
			1096	1371
			1095	1371
			1094	1372
			1093	1372
			1092	1372
			1091	1372
			1090	1372
			1089	1373
			1088	1373
			1087	1373
			1086	1373
			1085	1373
			1084	1374
			1083	1374
			1082	1374
			1081	1374
			1080	1374
			1079	1375
			1078	1375
			1077	1375
			1076	1375
			1075	1375
			1074	1375
			1073	1376
			1072	1376
			1071	1376
			1070	1376
			1069	1376
			1068	1376
			1067	1377
			1066	1377
			1065	1377
			1064	1377
			1063	1377
			1062	1377
			1061	1377
			1060	1377
			1059	1378
			1058	1378
			1057	1378
			1056	1378
			1055	1378
			1054	1378
			1053	1378
			1052	1378
			1051	1378
			1050	1379
			1049	1379
			1048	1379
			1047	1379
			1046	1379
			1045	1379
			1044	1379
			1043	1379
			1042	1379
			1041	1379
			1040	1379
			1039	1379
			1038	1379
			1037	1379
			1036	1379
			1035	1379
			1034	1379
			1033	1379
			1032	1379
			1031	1379
			1030	1379
			1029	1379
			1028	1379
			1027	1379
			1026	1379
			1025	1379
			1024	1379
			1023	1379
			1022	1379
			1021	1379
			1020	1379
			1019	1379
			1018	1379
			1017	1379
			1016	1379
			1015	1379
			1014	1379
			1013	1379
			1012	1379
			1011	1378
			1010	1378
			1009	1378
			1008	1378
			1007	1378
			1006	1378
			1005	1378
			1004	1377
			1003	1377
			1002	1377
			1001	1377
			1000	1377
			999	1377
			998	1376
			997	1376
			996	1376
			995	1376
			994	1376
			993	1375
			992	1375
			991	1375
			990	1374
			989	1374
			988	1374
			987	1373
			986	1373
			985	1373
			984	1372
			983	1372
			982	1372
			981	1373
			980	1373
			979	1373
			978	1374
			977	1374
			976	1374
			975	1374
			974	1375
			973	1375
			972	1375
			971	1375
			970	1376
			969	1376
			968	1376
			967	1376
			966	1376
			965	1377
			964	1377
			963	1377
			962	1377
			961	1377
			960	1377
			959	1378
			958	1378
			957	1378
			956	1378
			955	1378
			954	1378
			953	1378
			952	1379
			951	1379
			950	1379
			949	1379
			948	1379
			947	1379
			946	1379
			945	1379
			944	1379
			943	1379
			942	1379
			941	1379
			940	1379
			939	1379
			938	1380
			937	1380
			936	1380
			935	1380
			934	1380
			933	1380
			932	1380
			931	1379
			930	1379
			929	1379
			928	1379
			927	1379
			926	1379
			925	1379
			924	1379
			923	1379
			922	1379
			921	1379
			920	1379
			919	1379
			918	1378
			917	1378
			916	1378
			915	1378
			914	1378
			913	1378
			912	1378
			912	1377
			911	1377
			910	1377
			909	1377
			908	1377
			907	1377
			906	1376
			905	1376
			904	1376
			903	1376
			902	1375
			901	1375
			900	1375
			899	1375
			898	1374
			897	1374
			896	1374
			896	1375
			895	1375
			894	1376
			893	1376
			892	1377
			891	1377
			890	1377
			889	1378
			888	1378
			887	1378
			886	1379
			885	1379
			884	1379
			883	1379
			882	1380
			881	1380
			880	1380
			879	1380
			878	1380
			877	1381
			876	1381
			875	1381
			874	1381
			873	1381
			872	1381
			871	1382
			870	1382
			869	1382
			868	1382
			867	1382
			866	1382
			865	1382
			864	1382
			863	1382
			862	1382
			861	1382
			860	1382
			859	1383
			858	1383
			857	1383
			856	1383
			855	1383
			854	1383
			853	1383
			852	1383
			851	1383
			850	1383
			849	1383
			849	1384
			848	1384
			848	1385
			847	1385
			847	1386
			846	1386
			846	1387
			845	1387
			845	1388
			844	1388
			844	1389
			843	1389
			843	1390
			842	1390
			842	1391
			841	1391
			841	1392
			840	1392
			840	1393
			839	1393
			838	1393
			838	1394
			837	1394
			836	1395
			835	1396
			834	1396
			833	1396
			832	1397
			831	1397
			830	1398
			829	1398
			828	1399
			827	1399
			826	1399
			825	1399
			825	1400
			824	1400
			823	1400
			822	1400
			821	1400
			820	1401
			819	1401
			818	1401
			817	1401
			816	1401
			815	1401
			814	1402
			813	1402
			812	1402
			811	1402
			810	1402
			809	1402
			808	1402
			807	1402
			806	1402
			805	1402
			804	1402
			803	1402
			802	1402
			801	1402
		</c2>
	</curves.pixel>
	<curves.scaled type=list>
		<c1 type=matrix rownames=FALSE colnames=FALSE nrow=1466 ncol=2 as.numeric=TRUE >
			32.2960242131786	-56.5281222807445
			32.2960242131786	-56.4878026500164
			32.3363438439066	-56.4878026500164
			32.3363438439066	-56.4474830192884
			32.3363438439066	-56.4071633885603
			32.3363438439066	-56.3668437578322
			32.3766634746347	-56.3668437578322
			32.3766634746347	-56.3265241271042
			32.3766634746347	-56.2862044963761
			32.4169831053628	-56.2458848656481
			32.4169831053628	-56.20556523492
			32.4573027360908	-56.1652456041919
			32.4573027360908	-56.1249259734639
			32.4976223668189	-56.0846063427358
			32.4976223668189	-56.0442867120077
			32.4976223668189	-56.0039670812797
			32.5379419975469	-55.9636474505516
			32.5379419975469	-55.9233278198236
			32.578261628275	-55.8830081890955
			32.578261628275	-55.8426885583674
			32.6185812590031	-55.8023689276394
			32.6185812590031	-55.7620492969113
			32.6589008897311	-55.7217296661832
			32.6589008897311	-55.6814100354552
			32.6589008897311	-55.6410904047271
			32.6992205204592	-55.6007707739991
			32.6992205204592	-55.560451143271
			32.7395401511873	-55.5201315125429
			32.7395401511873	-55.4798118818149
			32.7798597819153	-55.4394922510868
			32.7798597819153	-55.3991726203587
			32.7798597819153	-55.3588529896307
			32.8201794126434	-55.3588529896307
			32.8201794126434	-55.3185333589026
			32.8604990433714	-55.2782137281745
			32.8604990433714	-55.2378940974465
			32.9008186740995	-55.1975744667184
			32.9008186740995	-55.1572548359904
			32.9411383048276	-55.1169352052623
			32.9411383048276	-55.0766155745342
			32.9411383048276	-55.0362959438062
			32.9814579355556	-54.9959763130781
			33.0217775662837	-54.95565668235
			33.0217775662837	-54.915337051622
			33.0620971970118	-54.8750174208939
			33.0620971970118	-54.8346977901658
			33.1024168277398	-54.7943781594378
			33.1024168277398	-54.7540585287097
			33.1427364584679	-54.7137388979817
			33.1427364584679	-54.6734192672536
			33.183056089196	-54.6330996365255
			33.183056089196	-54.5927800057975
			33.223375719924	-54.5524603750694
			33.223375719924	-54.5121407443413
			33.2636953506521	-54.5121407443413
			33.2636953506521	-54.4718211136133
			33.3040149813801	-54.4315014828852
			33.3040149813801	-54.3911818521572
			33.3443346121082	-54.3508622214291
			33.3443346121082	-54.310542590701
			33.3846542428363	-54.270222959973
			33.3846542428363	-54.2299033292449
			33.4249738735643	-54.1895836985168
			33.4249738735643	-54.1492640677888
			33.4652935042924	-54.1089444370607
			33.5056131350205	-54.1089444370607
			33.5056131350205	-54.0686248063327
			33.5459327657485	-54.0283051756046
			33.5459327657485	-53.9879855448765
			33.5862523964766	-53.9476659141485
			33.5862523964766	-53.9073462834204
			33.6265720272046	-53.8670266526923
			33.6265720272046	-53.8267070219643
			33.6668916579327	-53.7863873912362
			33.6668916579327	-53.7460677605081
			33.7072112886608	-53.7460677605081
			33.7475309193888	-53.7057481297801
			33.7475309193888	-53.665428499052
			33.7878505501169	-53.625108868324
			33.7878505501169	-53.5847892375959
			33.828170180845	-53.5444696068678
			33.828170180845	-53.5041499761398
			33.868489811573	-53.4638303454117
			33.9088094423011	-53.4235107146836
			33.9088094423011	-53.3831910839556
			33.9491290730292	-53.3831910839556
			33.9491290730292	-53.3428714532275
			33.9894487037572	-53.3025518224995
			33.9894487037572	-53.2622321917714
			34.0297683344853	-53.2219125610433
			34.0700879652133	-53.1815929303153
			34.0700879652133	-53.1412732995872
			34.1104075959414	-53.1009536688591
			34.1104075959414	-53.0606340381311
			34.1507272266695	-53.0606340381311
			34.1910468573975	-53.020314407403
			34.1910468573975	-52.9799947766749
			34.2313664881256	-52.9396751459469
			34.2716861188537	-52.8993555152188
			34.2716861188537	-52.8590358844908
			34.3120057495817	-52.8187162537627
			34.3120057495817	-52.7783966230346
			34.3523253803098	-52.7380769923066
			34.3926450110378	-52.7380769923066
			34.3926450110378	-52.6977573615785
			34.4329646417659	-52.6574377308504
			34.473284272494	-52.6171181001224
			34.473284272494	-52.5767984693943
			34.513603903222	-52.5364788386663
			34.5539235339501	-52.4961592079382
			34.5539235339501	-52.4558395772101
			34.5942431646782	-52.4155199464821
			34.6345627954062	-52.375200315754
			34.6748824261343	-52.3348806850259
			34.7152020568624	-52.2945610542979
			34.7555216875904	-52.2542414235698
			34.7555216875904	-52.2139217928417
			34.7958413183185	-52.1736021621137
			34.7958413183185	-52.1332825313856
			34.8361609490465	-52.1332825313856
			34.8361609490465	-52.0929629006576
			34.8764805797746	-52.0526432699295
			34.9168002105027	-52.0123236392014
			34.9571198412307	-51.9720040084734
			34.9974394719588	-51.9316843777453
			34.9974394719588	-51.8913647470172
			35.0377591026869	-51.8510451162892
			35.0780787334149	-51.8107254855611
			35.118398364143	-51.7704058548331
			35.118398364143	-51.730086224105
			35.158717994871	-51.6897665933769
			35.1990376255991	-51.6494469626489
			35.2393572563272	-51.6091273319208
			35.2393572563272	-51.5688077011927
			35.2796768870552	-51.5284880704647
			35.3199965177833	-51.4881684397366
			35.3603161485114	-51.4881684397366
			35.3603161485114	-51.4478488090085
			35.4006357792394	-51.4075291782805
			35.4409554099675	-51.3672095475524
			35.4812750406956	-51.3268899168244
			35.4812750406956	-51.2865702860963
			35.5215946714236	-51.2462506553682
			35.5619143021517	-51.2059310246402
			35.6022339328797	-51.1656113939121
			35.6425535636078	-51.1656113939121
			35.6425535636078	-51.125291763184
			35.6828731943359	-51.084972132456
			35.7231928250639	-51.0446525017279
			35.763512455792	-51.0043328709999
			35.763512455792	-50.9640132402718
			35.8038320865201	-50.9236936095437
			35.8441517172481	-50.8833739788157
			35.8844713479762	-50.8430543480876
			35.9247909787042	-50.8027347173595
			35.9651106094323	-50.7624150866315
			36.0054302401604	-50.7220954559034
			36.0457498708884	-50.6817758251754
			36.0860695016165	-50.6414561944473
			36.0860695016165	-50.6011365637192
			36.1263891323446	-50.6011365637192
			36.1667087630726	-50.5608169329912
			36.1667087630726	-50.5204973022631
			36.2070283938007	-50.5204973022631
			36.2070283938007	-50.480177671535
			36.2473480245287	-50.439858040807
			36.2876676552568	-50.439858040807
			36.2876676552568	-50.3995384100789
			36.3279872859849	-50.3995384100789
			36.3279872859849	-50.3592187793508
			36.3683069167129	-50.3188991486228
			36.408626547441	-50.3188991486228
			36.408626547441	-50.2785795178947
			36.4489461781691	-50.2382598871667
			36.4892658088971	-50.1979402564386
			36.5295854396252	-50.1576206257105
			36.5699050703533	-50.1173009949825
			36.6102247010813	-50.0769813642544
			36.6505443318094	-50.0366617335263
			36.6908639625374	-49.9963421027983
			36.6908639625374	-49.9560224720702
			36.7311835932655	-49.9157028413422
			36.7311835932655	-49.8753832106141
			36.7715032239936	-49.835063579886
			36.7715032239936	-49.794743949158
			36.8118228547216	-49.794743949158
			36.8118228547216	-49.7544243184299
			36.8118228547216	-49.7141046877018
			36.8521424854497	-49.6737850569738
			36.8521424854497	-49.6334654262457
			36.8924621161778	-49.5931457955176
			36.9327817469058	-49.5528261647896
			36.9327817469058	-49.5125065340615
			36.9731013776339	-49.4721869033335
			36.9731013776339	-49.4318672726054
			37.013421008362	-49.3915476418773
			37.013421008362	-49.3512280111493
			37.05374063909	-49.3109083804212
			37.05374063909	-49.2705887496931
			37.0940602698181	-49.2302691189651
			37.0940602698181	-49.189949488237
			37.1343799005461	-49.1496298575089
			37.1746995312742	-49.1093102267809
			37.1746995312742	-49.0689905960528
			37.2150191620023	-49.0286709653248
			37.2150191620023	-48.9883513345967
			37.2553387927303	-48.9480317038686
			37.2956584234584	-48.9077120731406
			37.2956584234584	-48.8673924424125
			37.3359780541865	-48.8270728116844
			37.3359780541865	-48.7867531809564
			37.3762976849145	-48.7464335502283
			37.4166173156426	-48.7061139195003
			37.4166173156426	-48.6657942887722
			37.4569369463706	-48.6254746580441
			37.4569369463706	-48.5851550273161
			37.4972565770987	-48.544835396588
			37.5375762078268	-48.5045157658599
			37.5375762078268	-48.4641961351319
			37.5778958385548	-48.4238765044038
			37.5778958385548	-48.3835568736758
			37.6182154692829	-48.3432372429477
			37.658535100011	-48.3029176122196
			37.698854730739	-48.2625979814916
			37.698854730739	-48.2222783507635
			37.7391743614671	-48.1819587200354
			37.7391743614671	-48.1416390893074
			37.7794939921951	-48.1013194585793
			37.8198136229232	-48.0609998278512
			37.8198136229232	-48.0206801971232
			37.8601332536513	-48.0206801971232
			37.9004528843793	-47.9803605663951
			37.9004528843793	-47.9400409356671
			37.9407725151074	-47.899721304939
			37.9810921458355	-47.8594016742109
			37.9810921458355	-47.8190820434829
			38.0214117765635	-47.7787624127548
			38.0617314072916	-47.7384427820267
			38.0617314072916	-47.6981231512987
			38.1020510380197	-47.6578035205706
			38.1423706687477	-47.6174838898426
			38.1423706687477	-47.5771642591145
			38.1826902994758	-47.5771642591145
			38.2230099302038	-47.5368446283864
			38.2230099302038	-47.4965249976584
			38.2633295609319	-47.4562053669303
			38.30364919166	-47.4158857362022
			38.30364919166	-47.3755661054742
			38.343968822388	-47.3352464747461
			38.3842884531161	-47.294926844018
			38.4246080838442	-47.25460721329
			38.4246080838442	-47.2142875825619
			38.4649277145722	-47.1739679518339
			38.5052473453003	-47.1336483211058
			38.5455669760283	-47.0933286903777
			38.5455669760283	-47.0530090596497
			38.5858866067564	-47.0126894289216
			38.6262062374845	-47.0126894289216
			38.6665258682125	-46.9723697981935
			38.6665258682125	-46.9320501674655
			38.7068454989406	-46.8917305367374
			38.7471651296687	-46.8514109060093
			38.7874847603967	-46.8110912752813
			38.7874847603967	-46.7707716445532
			38.8278043911248	-46.7304520138252
			38.8681240218529	-46.6901323830971
			38.9084436525809	-46.649812752369
			38.948763283309	-46.609493121641
			38.948763283309	-46.5691734909129
			38.989082914037	-46.5288538601848
			39.0294025447651	-46.4885342294568
			39.0697221754932	-46.4482145987287
			39.1100418062212	-46.4078949680007
			39.1503614369493	-46.3675753372726
			39.1503614369493	-46.3272557065445
			39.1906810676774	-46.2869360758165
			39.2310006984054	-46.2466164450884
			39.2713203291335	-46.2062968143603
			39.3116399598615	-46.1659771836323
			39.3519595905896	-46.1256575529042
			39.3519595905896	-46.0853379221762
			39.3922792213177	-46.0450182914481
			39.4325988520457	-46.00469866072
			39.4729184827738	-46.00469866072
			39.5132381135019	-45.964379029992
			39.5535577442299	-45.9240593992639
			39.593877374958	-45.8837397685358
			39.6341970056861	-45.8434201378078
			39.6745166364141	-45.8031005070797
			39.6745166364141	-45.7627808763516
			39.7148362671422	-45.7224612456236
			39.7551558978702	-45.6821416148955
			39.7954755285983	-45.6418219841675
			39.8357951593264	-45.6015023534394
			39.8761147900544	-45.5611827227113
			39.9164344207825	-45.5208630919833
			39.9567540515106	-45.4805434612552
			39.9970736822386	-45.4402238305271
			40.0373933129667	-45.3999041997991
			40.0777129436947	-45.359584569071
			40.1180325744228	-45.319264938343
			40.1583522051509	-45.2789453076149
			40.1986718358789	-45.2386256768868
			40.238991466607	-45.1983060461588
			40.238991466607	-45.1579864154307
			40.2793110973351	-45.1176667847026
			40.3196307280631	-45.0773471539746
			40.3599503587912	-45.0370275232465
			40.4002699895193	-44.9967078925185
			40.4405896202473	-44.9563882617904
			40.4809092509754	-44.9160686310623
			40.5212288817034	-44.8757490003343
			40.5615485124315	-44.8354293696062
			40.6018681431596	-44.7951097388781
			40.6421877738876	-44.7547901081501
			40.6825074046157	-44.714470477422
			40.7228270353438	-44.6741508466939
			40.7631466660718	-44.6338312159659
			40.8034662967999	-44.5935115852378
			40.8437859275279	-44.5531919545098
			40.884105558256	-44.5128723237817
			40.9244251889841	-44.4725526930536
			40.9647448197121	-44.4322330623256
			41.0050644504402	-44.3919134315975
			41.0453840811683	-44.3515938008694
			41.0857037118963	-44.3112741701414
			41.1260233426244	-44.2709545394133
			41.1663429733524	-44.2306349086852
			41.2066626040805	-44.1903152779572
			41.2469822348086	-44.1499956472291
			41.2873018655366	-44.1096760165011
			41.3276214962647	-44.069356385773
			41.3679411269928	-44.069356385773
			41.4082607577208	-44.0290367550449
			41.4485803884489	-43.9887171243169
			41.488900019177	-43.9483974935888
			41.529219649905	-43.9080778628607
			41.5695392806331	-43.8677582321327
			41.6098589113611	-43.8274386014046
			41.6501785420892	-43.7871189706766
			41.6501785420892	-43.7467993399485
			41.6904981728173	-43.7064797092204
			41.7308178035453	-43.7064797092204
			41.7711374342734	-43.6661600784924
			41.8114570650015	-43.6258404477643
			41.8517766957295	-43.5855208170362
			41.8920963264576	-43.5452011863082
			41.9324159571857	-43.5048815555801
			41.9727355879137	-43.464561924852
			42.0130552186418	-43.424242294124
			42.0533748493698	-43.3839226633959
			42.0936944800979	-43.3436030326679
			42.134014110826	-43.3032834019398
			42.174333741554	-43.2629637712117
			42.2146533722821	-43.2629637712117
			42.2549730030102	-43.2226441404837
			42.2952926337382	-43.1823245097556
			42.3356122644663	-43.1420048790275
			42.3759318951943	-43.1016852482995
			42.4162515259224	-43.0613656175714
			42.4565711566505	-43.0210459868434
			42.4968907873785	-43.0210459868434
			42.4968907873785	-42.9807263561153
			42.5372104181066	-42.9807263561153
			42.5775300488347	-42.9404067253872
			42.6178496795627	-42.9000870946592
			42.6581693102908	-42.8597674639311
			42.6984889410189	-42.819447833203
			42.7388085717469	-42.779128202475
			42.779128202475	-42.779128202475
			42.819447833203	-42.7388085717469
			42.819447833203	-42.6984889410189
			42.8597674639311	-42.6984889410189
			42.9000870946592	-42.6581693102908
			42.9404067253872	-42.6178496795627
			42.9807263561153	-42.5775300488347
			43.0210459868434	-42.5372104181066
			43.0613656175714	-42.4968907873785
			43.1016852482995	-42.4565711566505
			43.1420048790275	-42.4565711566505
			43.1823245097556	-42.4162515259224
			43.2226441404837	-42.3759318951943
			43.2629637712117	-42.3356122644663
			43.3032834019398	-42.2952926337382
			43.3436030326679	-42.2952926337382
			43.3839226633959	-42.2549730030102
			43.424242294124	-42.2146533722821
			43.464561924852	-42.174333741554
			43.5048815555801	-42.134014110826
			43.5048815555801	-42.0936944800979
			43.5452011863082	-42.0936944800979
			43.5855208170362	-42.0533748493698
			43.6258404477643	-42.0130552186418
			43.6661600784924	-41.9727355879137
			43.7064797092204	-41.9324159571857
			43.7467993399485	-41.9324159571857
			43.7871189706766	-41.8920963264576
			43.8274386014046	-41.8517766957295
			43.8677582321327	-41.8114570650015
			43.9080778628607	-41.7711374342734
			43.9483974935888	-41.7308178035453
			43.9887171243169	-41.7308178035453
			44.0290367550449	-41.6904981728173
			44.069356385773	-41.6501785420892
			44.1096760165011	-41.6098589113611
			44.1499956472291	-41.5695392806331
			44.1903152779572	-41.529219649905
			44.2306349086852	-41.529219649905
			44.2709545394133	-41.488900019177
			44.3112741701414	-41.4485803884489
			44.3515938008694	-41.4082607577208
			44.3919134315975	-41.3679411269928
			44.4322330623256	-41.3276214962647
			44.4725526930536	-41.3276214962647
			44.5128723237817	-41.2873018655366
			44.5531919545098	-41.2469822348086
			44.5935115852378	-41.2066626040805
			44.6338312159659	-41.1663429733524
			44.6741508466939	-41.1260233426244
			44.714470477422	-41.1260233426244
			44.7547901081501	-41.0857037118963
			44.7951097388781	-41.0453840811683
			44.8354293696062	-41.0050644504402
			44.8757490003343	-40.9647448197121
			44.9160686310623	-40.9647448197121
			44.9563882617904	-40.9244251889841
			44.9967078925185	-40.9244251889841
			45.0370275232465	-40.884105558256
			45.0370275232465	-40.8437859275279
			45.0773471539746	-40.8437859275279
			45.1176667847026	-40.8034662967999
			45.1579864154307	-40.8034662967999
			45.1579864154307	-40.7631466660718
			45.1983060461588	-40.7228270353438
			45.2386256768868	-40.7228270353438
			45.2789453076149	-40.6825074046157
			45.319264938343	-40.6421877738876
			45.359584569071	-40.6018681431596
			45.3999041997991	-40.5615485124315
			45.4402238305271	-40.5615485124315
			45.4805434612552	-40.5212288817034
			45.5208630919833	-40.4809092509754
			45.5611827227113	-40.4809092509754
			45.6015023534394	-40.4405896202473
			45.6418219841675	-40.4002699895193
			45.6821416148955	-40.3599503587912
			45.7224612456236	-40.3599503587912
			45.7224612456236	-40.3196307280631
			45.7627808763516	-40.2793110973351
			45.8031005070797	-40.238991466607
			45.8434201378078	-40.238991466607
			45.8837397685358	-40.1986718358789
			45.9240593992639	-40.1583522051509
			45.964379029992	-40.1180325744228
			46.00469866072	-40.1180325744228
			46.0450182914481	-40.0777129436947
			46.0853379221762	-40.0373933129667
			46.1256575529042	-39.9970736822386
			46.1659771836323	-39.9970736822386
			46.2062968143603	-39.9567540515106
			46.2466164450884	-39.9164344207825
			46.2869360758165	-39.8761147900544
			46.3272557065445	-39.8761147900544
			46.3675753372726	-39.8357951593264
			46.4078949680007	-39.7954755285983
			46.4482145987287	-39.7551558978702
			46.4885342294568	-39.7551558978702
			46.5288538601848	-39.7148362671422
			46.5691734909129	-39.6745166364141
			46.609493121641	-39.6341970056861
			46.649812752369	-39.6341970056861
			46.6901323830971	-39.593877374958
			46.7304520138252	-39.5535577442299
			46.7707716445532	-39.5132381135019
			46.8110912752813	-39.5132381135019
			46.8514109060093	-39.4729184827738
			46.8917305367374	-39.4325988520457
			46.9320501674655	-39.3922792213177
			46.9723697981935	-39.3922792213177
			47.0126894289216	-39.3519595905896
			47.0530090596497	-39.3116399598615
			47.0933286903777	-39.2713203291335
			47.1336483211058	-39.2713203291335
			47.1739679518339	-39.2310006984054
			47.2142875825619	-39.1906810676774
			47.25460721329	-39.1503614369493
			47.294926844018	-39.1503614369493
			47.3352464747461	-39.1100418062212
			47.3755661054742	-39.0697221754932
			47.4158857362022	-39.0294025447651
			47.4562053669303	-39.0294025447651
			47.4965249976584	-38.989082914037
			47.5368446283864	-38.948763283309
			47.5771642591145	-38.9084436525809
			47.6174838898426	-38.9084436525809
			47.6578035205706	-38.8681240218529
			47.6981231512987	-38.8278043911248
			47.7384427820267	-38.7874847603967
			47.7787624127548	-38.7471651296687
			47.8190820434829	-38.7471651296687
			47.8594016742109	-38.7068454989406
			47.899721304939	-38.6665258682125
			47.9400409356671	-38.6262062374845
			47.9803605663951	-38.6262062374845
			48.0206801971232	-38.5858866067564
			48.0609998278512	-38.5858866067564
			48.0609998278512	-38.5455669760283
			48.1013194585793	-38.5455669760283
			48.1416390893074	-38.5052473453003
			48.1819587200354	-38.4649277145722
			48.2222783507635	-38.4246080838442
			48.2625979814916	-38.4246080838442
			48.3029176122196	-38.3842884531161
			48.3432372429477	-38.343968822388
			48.3835568736758	-38.343968822388
			48.4238765044038	-38.30364919166
			48.4641961351319	-38.2633295609319
			48.5045157658599	-38.2633295609319
			48.544835396588	-38.2230099302038
			48.5851550273161	-38.1826902994758
			48.6254746580441	-38.1826902994758
			48.6657942887722	-38.1423706687477
			48.7061139195003	-38.1020510380197
			48.7464335502283	-38.1020510380197
			48.7867531809564	-38.0617314072916
			48.7867531809564	-38.0214117765635
			48.8270728116844	-38.0214117765635
			48.8673924424125	-37.9810921458355
			48.9077120731406	-37.9407725151074
			48.9480317038686	-37.9407725151074
			48.9883513345967	-37.9004528843793
			49.0286709653248	-37.8601332536513
			49.0689905960528	-37.8198136229232
			49.1093102267809	-37.8198136229232
			49.1496298575089	-37.7794939921951
			49.189949488237	-37.7391743614671
			49.2302691189651	-37.7391743614671
			49.2705887496931	-37.698854730739
			49.3109083804212	-37.658535100011
			49.3512280111493	-37.658535100011
			49.3915476418773	-37.6182154692829
			49.4318672726054	-37.5778958385548
			49.4721869033335	-37.5778958385548
			49.5125065340615	-37.5375762078268
			49.5528261647896	-37.4972565770987
			49.5931457955176	-37.4972565770987
			49.5931457955176	-37.4569369463706
			49.6334654262457	-37.4166173156426
			49.6737850569738	-37.4166173156426
			49.7141046877018	-37.3762976849145
			49.7544243184299	-37.3359780541865
			49.794743949158	-37.3359780541865
			49.835063579886	-37.2956584234584
			49.8753832106141	-37.2553387927303
			49.9157028413422	-37.2553387927303
			49.9560224720702	-37.2150191620023
			49.9963421027983	-37.1746995312742
			50.0366617335263	-37.1746995312742
			50.0769813642544	-37.1343799005461
			50.1173009949825	-37.0940602698181
			50.1576206257105	-37.05374063909
			50.1979402564386	-37.05374063909
			50.2382598871667	-37.013421008362
			50.2785795178947	-36.9731013776339
			50.3188991486228	-36.9731013776339
			50.3592187793508	-36.9327817469058
			50.3995384100789	-36.8924621161778
			50.439858040807	-36.8924621161778
			50.480177671535	-36.8521424854497
			50.5204973022631	-36.8118228547216
			50.5608169329912	-36.8118228547216
			50.6011365637192	-36.7715032239936
			50.6414561944473	-36.7311835932655
			50.6817758251754	-36.7311835932655
			50.7220954559034	-36.6908639625374
			50.7624150866315	-36.6505443318094
			50.8027347173595	-36.6102247010813
			50.8430543480876	-36.6102247010813
			50.8833739788157	-36.5699050703533
			50.9236936095437	-36.5295854396252
			50.9640132402718	-36.5295854396252
			51.0043328709999	-36.4892658088971
			51.0446525017279	-36.4489461781691
			51.084972132456	-36.4489461781691
			51.125291763184	-36.408626547441
			51.1656113939121	-36.3683069167129
			51.2059310246402	-36.3279872859849
			51.2462506553682	-36.3279872859849
			51.2865702860963	-36.2876676552568
			51.3268899168244	-36.2473480245287
			51.3672095475524	-36.2473480245287
			51.4075291782805	-36.2473480245287
			51.4075291782805	-36.2070283938007
			51.4478488090085	-36.2070283938007
			51.4478488090085	-36.1667087630726
			51.4881684397366	-36.1667087630726
			51.5284880704647	-36.1667087630726
			51.5688077011927	-36.1263891323446
			51.6091273319208	-36.1263891323446
			51.6091273319208	-36.0860695016165
			51.6494469626489	-36.0860695016165
			51.6897665933769	-36.0457498708884
			51.730086224105	-36.0457498708884
			51.730086224105	-36.0054302401604
			51.7704058548331	-36.0054302401604
			51.8107254855611	-35.9651106094323
			51.8510451162892	-35.9651106094323
			51.8913647470172	-35.9247909787042
			51.9316843777453	-35.9247909787042
			51.9720040084734	-35.8844713479762
			52.0123236392014	-35.8844713479762
			52.0526432699295	-35.8441517172481
			52.0929629006576	-35.8038320865201
			52.1332825313856	-35.763512455792
			52.1736021621137	-35.763512455792
			52.2139217928417	-35.763512455792
			52.2542414235698	-35.7231928250639
			52.2945610542979	-35.6828731943359
			52.3348806850259	-35.6828731943359
			52.375200315754	-35.6425535636078
			52.4155199464821	-35.6425535636078
			52.4558395772101	-35.6022339328797
			52.4961592079382	-35.6022339328797
			52.5364788386663	-35.5619143021517
			52.5767984693943	-35.5619143021517
			52.6171181001224	-35.5215946714236
			52.6574377308504	-35.5215946714236
			52.6977573615785	-35.4812750406956
			52.7380769923066	-35.4812750406956
			52.7783966230346	-35.4409554099675
			52.8187162537627	-35.4409554099675
			52.8187162537627	-35.4006357792394
			52.8590358844908	-35.4006357792394
			52.8993555152188	-35.3603161485114
			52.9396751459469	-35.3603161485114
			52.9799947766749	-35.3603161485114
			53.020314407403	-35.3199965177833
			53.0606340381311	-35.3199965177833
			53.1009536688591	-35.2796768870552
			53.1412732995872	-35.2796768870552
			53.1815929303153	-35.2393572563272
			53.2219125610433	-35.1990376255991
			53.2622321917714	-35.1990376255991
			53.3025518224995	-35.1990376255991
			53.3428714532275	-35.158717994871
			53.3831910839556	-35.158717994871
			53.4235107146836	-35.118398364143
			53.4638303454117	-35.118398364143
			53.5041499761398	-35.118398364143
			53.5444696068678	-35.0780787334149
			53.5847892375959	-35.0377591026869
			53.625108868324	-35.0377591026869
			53.665428499052	-35.0377591026869
			53.7057481297801	-34.9974394719588
			53.7460677605081	-34.9974394719588
			53.7863873912362	-34.9974394719588
			53.8267070219643	-34.9571198412307
			53.8670266526923	-34.9571198412307
			53.9073462834204	-34.9168002105027
			53.9476659141485	-34.9168002105027
			53.9879855448765	-34.8764805797746
			54.0283051756046	-34.8764805797746
			54.0686248063327	-34.8764805797746
			54.0686248063327	-34.8361609490465
			54.1089444370607	-34.8361609490465
			54.1492640677888	-34.8361609490465
			54.1895836985168	-34.7958413183185
			54.2299033292449	-34.7958413183185
			54.270222959973	-34.7958413183185
			54.310542590701	-34.7555216875904
			54.3508622214291	-34.7555216875904
			54.3911818521572	-34.7555216875904
			54.4315014828852	-34.7152020568624
			54.4718211136133	-34.7152020568624
			54.5121407443413	-34.7152020568624
			54.5524603750694	-34.6748824261343
			54.5927800057975	-34.6748824261343
			54.6330996365255	-34.6748824261343
			54.6734192672536	-34.6345627954062
			54.7137388979817	-34.6345627954062
			54.7540585287097	-34.6345627954062
			54.7540585287097	-34.5942431646782
			54.7943781594378	-34.5942431646782
			54.8346977901658	-34.5942431646782
			54.8750174208939	-34.5539235339501
			54.915337051622	-34.5539235339501
			54.95565668235	-34.5539235339501
			54.9959763130781	-34.5539235339501
			55.0362959438062	-34.513603903222
			55.0766155745342	-34.513603903222
			55.1169352052623	-34.513603903222
			55.1572548359904	-34.513603903222
			55.1572548359904	-34.473284272494
			55.1975744667184	-34.473284272494
			55.2378940974465	-34.473284272494
			55.2782137281745	-34.473284272494
			55.3185333589026	-34.4329646417659
			55.3588529896307	-34.4329646417659
			55.3991726203587	-34.4329646417659
			55.4394922510868	-34.4329646417659
			55.4798118818149	-34.3926450110378
			55.5201315125429	-34.3926450110378
			55.560451143271	-34.3926450110378
			55.6007707739991	-34.3926450110378
			55.6410904047271	-34.3523253803098
			55.6814100354552	-34.3523253803098
			55.7217296661832	-34.3523253803098
			55.7620492969113	-34.3523253803098
			55.8023689276394	-34.3523253803098
			55.8426885583674	-34.3120057495817
			55.8830081890955	-34.3120057495817
			55.9233278198236	-34.3120057495817
			55.9636474505516	-34.3120057495817
			56.0039670812797	-34.3120057495817
			56.0442867120077	-34.2716861188537
			56.0846063427358	-34.2716861188537
			56.1249259734639	-34.2716861188537
			56.1652456041919	-34.2716861188537
			56.20556523492	-34.2716861188537
			56.2458848656481	-34.2716861188537
			56.2862044963761	-34.2313664881256
			56.3265241271042	-34.2313664881256
			56.3668437578322	-34.2313664881256
			56.4071633885603	-34.2313664881256
			56.4474830192884	-34.2313664881256
			56.4878026500164	-34.2313664881256
			56.5281222807445	-34.2313664881256
			56.5684419114726	-34.2313664881256
			56.6087615422006	-34.1910468573975
			56.6490811729287	-34.1910468573975
			56.6894008036568	-34.1910468573975
			56.7297204343848	-34.1910468573975
			56.7700400651129	-34.1910468573975
			56.8103596958409	-34.1910468573975
			56.850679326569	-34.1910468573975
			56.8909989572971	-34.1910468573975
			56.9313185880251	-34.1910468573975
			56.9716382187532	-34.1910468573975
			57.0119578494813	-34.1910468573975
			57.0522774802093	-34.1910468573975
			57.0925971109374	-34.1910468573975
			57.1329167416654	-34.1910468573975
			57.1732363723935	-34.1507272266695
			57.2135560031216	-34.1507272266695
			57.2538756338496	-34.1507272266695
			57.2941952645777	-34.1507272266695
			57.3345148953058	-34.1507272266695
			57.3748345260338	-34.1507272266695
			57.4151541567619	-34.1507272266695
			57.45547378749	-34.1507272266695
			57.495793418218	-34.1507272266695
			57.5361130489461	-34.1507272266695
			57.5764326796741	-34.1507272266695
			57.6167523104022	-34.1910468573975
			57.6570719411303	-34.1910468573975
			57.6973915718583	-34.1910468573975
			57.7377112025864	-34.1910468573975
			57.7780308333145	-34.1910468573975
			57.8183504640425	-34.1910468573975
			57.8586700947706	-34.1910468573975
			57.8989897254987	-34.1910468573975
			57.9393093562267	-34.1910468573975
			57.9796289869548	-34.1910468573975
			58.0199486176828	-34.1910468573975
			58.0602682484109	-34.1910468573975
			58.100587879139	-34.1910468573975
			58.140907509867	-34.1910468573975
			58.1812271405951	-34.2313664881256
			58.2215467713232	-34.2313664881256
			58.2618664020512	-34.2313664881256
			58.3021860327793	-34.2313664881256
			58.3425056635073	-34.2313664881256
			58.3828252942354	-34.2313664881256
			58.4231449249635	-34.2313664881256
			58.4634645556915	-34.2716861188537
			58.5037841864196	-34.2716861188537
			58.5441038171477	-34.2716861188537
			58.5844234478757	-34.2716861188537
			58.6247430786038	-34.2716861188537
			58.6650627093318	-34.3120057495817
			58.7053823400599	-34.3120057495817
			58.745701970788	-34.3120057495817
			58.786021601516	-34.3120057495817
			58.8263412322441	-34.3120057495817
			58.8666608629722	-34.3523253803098
			58.9069804937002	-34.3523253803098
			58.9473001244283	-34.3523253803098
			58.9876197551564	-34.3523253803098
			59.0279393858844	-34.3926450110378
			59.0682590166125	-34.3926450110378
			59.1085786473405	-34.3926450110378
			59.1488982780686	-34.3926450110378
			59.1892179087967	-34.4329646417659
			59.2295375395247	-34.4329646417659
			59.2698571702528	-34.4329646417659
			59.3101768009809	-34.4329646417659
			59.3504964317089	-34.4329646417659
			59.3504964317089	-34.3926450110378
			59.390816062437	-34.3926450110378
			59.431135693165	-34.3926450110378
			59.4714553238931	-34.3926450110378
			59.5117749546212	-34.3926450110378
			59.5520945853492	-34.3926450110378
			59.5924142160773	-34.3926450110378
			59.6327338468054	-34.3926450110378
			59.6730534775334	-34.3926450110378
			59.7133731082615	-34.3523253803098
			59.7536927389895	-34.3523253803098
			59.7940123697176	-34.3523253803098
			59.8343320004457	-34.3523253803098
			59.8746516311737	-34.3523253803098
			59.9149712619018	-34.3523253803098
			59.9552908926299	-34.3523253803098
			59.9956105233579	-34.3523253803098
			60.035930154086	-34.3523253803098
			60.0762497848141	-34.3523253803098
			60.1165694155421	-34.3523253803098
			60.1568890462702	-34.3523253803098
			60.1972086769982	-34.3523253803098
			60.2375283077263	-34.3523253803098
			60.2778479384544	-34.3523253803098
			60.3181675691824	-34.3523253803098
			60.3584871999105	-34.3523253803098
			60.3988068306386	-34.3523253803098
			60.4391264613666	-34.3523253803098
			60.4794460920947	-34.3523253803098
			60.5197657228228	-34.3523253803098
			60.5600853535508	-34.3523253803098
			60.6004049842789	-34.3523253803098
			60.6407246150069	-34.3523253803098
			60.681044245735	-34.3523253803098
			60.7213638764631	-34.3523253803098
			60.7616835071911	-34.3523253803098
			60.8020031379192	-34.3523253803098
			60.8423227686473	-34.3926450110378
			60.8826423993753	-34.3926450110378
			60.9229620301034	-34.3926450110378
			60.9632816608314	-34.3926450110378
			61.0036012915595	-34.3926450110378
			61.0439209222876	-34.3926450110378
			61.0842405530156	-34.3926450110378
			61.1245601837437	-34.3926450110378
			61.1648798144718	-34.4329646417659
			61.2051994451998	-34.4329646417659
			61.2455190759279	-34.4329646417659
			61.285838706656	-34.4329646417659
			61.326158337384	-34.4329646417659
			61.3664779681121	-34.4329646417659
			61.4067975988401	-34.473284272494
			61.4471172295682	-34.473284272494
			61.4874368602963	-34.473284272494
			61.5277564910243	-34.473284272494
			61.5680761217524	-34.513603903222
			61.6083957524805	-34.513603903222
			61.6487153832085	-34.513603903222
			61.6890350139366	-34.513603903222
			61.7293546446646	-34.513603903222
			61.7696742753927	-34.5539235339501
			61.8099939061208	-34.5539235339501
			61.8503135368488	-34.5539235339501
			61.8906331675769	-34.5942431646782
			61.930952798305	-34.5942431646782
			61.971272429033	-34.5942431646782
			62.0115920597611	-34.5942431646782
			62.0519116904891	-34.6345627954062
			62.0922313212172	-34.6345627954062
			62.1325509519453	-34.6345627954062
			62.1728705826733	-34.6748824261343
			62.2131902134014	-34.6748824261343
			62.2535098441295	-34.6748824261343
			62.2938294748575	-34.7152020568624
			62.3341491055856	-34.7152020568624
			62.3744687363137	-34.7152020568624
			62.4147883670417	-34.7555216875904
			62.4551079977698	-34.7555216875904
			62.4954276284978	-34.7555216875904
			62.4954276284978	-34.7958413183185
			62.5357472592259	-34.7958413183185
			62.576066889954	-34.8361609490465
			62.616386520682	-34.8361609490465
			62.6567061514101	-34.8361609490465
			62.6970257821382	-34.8764805797746
			62.7373454128662	-34.8764805797746
			62.7776650435943	-34.9168002105027
			62.8179846743224	-34.9168002105027
			62.8583043050504	-34.9571198412307
			62.8986239357785	-34.9571198412307
			62.9389435665065	-34.9571198412307
			62.9792631972346	-34.9974394719588
			63.0195828279627	-34.9974394719588
			63.0599024586907	-35.0377591026869
			63.1002220894188	-35.0377591026869
			63.1405417201469	-35.0780787334149
			63.1808613508749	-35.0780787334149
			63.221180981603	-35.118398364143
			63.261500612331	-35.118398364143
			63.261500612331	-35.158717994871
			63.3018202430591	-35.158717994871
			63.3421398737872	-35.1990376255991
			63.3824595045152	-35.2393572563272
			63.4227791352433	-35.2393572563272
			63.4630987659714	-35.2796768870552
			63.5034183966994	-35.2796768870552
			63.5437380274275	-35.3199965177833
			63.5840576581556	-35.3199965177833
			63.6243772888836	-35.3603161485114
			63.6646969196117	-35.3603161485114
			63.7050165503397	-35.4006357792394
			63.7453361810678	-35.4409554099675
			63.7856558117959	-35.4409554099675
			63.8259754425239	-35.4812750406956
			63.8259754425239	-35.5215946714236
			63.866295073252	-35.5215946714236
			63.9066147039801	-35.5619143021517
			63.9469343347081	-35.5619143021517
			63.9872539654362	-35.6022339328797
			64.0275735961642	-35.6425535636078
			64.0678932268923	-35.6425535636078
			64.1082128576204	-35.6828731943359
			64.1485324883484	-35.7231928250639
			64.1888521190765	-35.7231928250639
			64.2291717498046	-35.763512455792
			64.2694913805326	-35.8038320865201
			64.3098110112607	-35.8038320865201
			64.3501306419888	-35.8441517172481
			64.3501306419888	-35.8844713479762
			64.3904502727168	-35.9247909787042
			64.4307699034449	-35.9247909787042
			64.4710895341729	-35.9651106094323
			64.511409164901	-36.0054302401604
			64.5517287956291	-36.0457498708884
			64.5920484263571	-36.0457498708884
			64.6323680570852	-36.0860695016165
			64.6726876878133	-36.1263891323446
			64.7130073185413	-36.1667087630726
			64.7533269492694	-36.1667087630726
			64.7533269492694	-36.2070283938007
			64.7936465799974	-36.2473480245287
			64.8339662107255	-36.2876676552568
			64.8742858414536	-36.3279872859849
			64.9146054721816	-36.3279872859849
			64.9549251029097	-36.3683069167129
			64.9952447336378	-36.408626547441
			65.0355643643658	-36.4489461781691
			65.0758839950939	-36.4892658088971
			65.116203625822	-36.5295854396252
			65.15652325655	-36.5295854396252
			65.15652325655	-36.5699050703533
			65.1968428872781	-36.6102247010813
			65.2371625180061	-36.6505443318094
			65.2774821487342	-36.6908639625374
			65.3178017794623	-36.7311835932655
			65.3581214101903	-36.7715032239936
			65.3984410409184	-36.8118228547216
			65.4387606716464	-36.8521424854497
			65.4790803023745	-36.8521424854497
			65.4790803023745	-36.8924621161778
			65.5193999331026	-36.9327817469058
			65.5597195638306	-36.9731013776339
			65.6000391945587	-36.9731013776339
			65.6403588252868	-37.013421008362
			65.6806784560148	-37.013421008362
			65.7209980867429	-37.05374063909
			65.761317717471	-37.05374063909
			65.801637348199	-37.05374063909
			65.8419569789271	-37.0940602698181
			65.8822766096552	-37.0940602698181
			65.9225962403832	-37.1343799005461
			65.9629158711113	-37.1746995312742
			66.0032355018393	-37.1746995312742
			66.0435551325674	-37.2150191620023
			66.0838747632955	-37.2150191620023
			66.1241943940235	-37.2553387927303
			66.1645140247516	-37.2956584234584
			66.2048336554796	-37.2956584234584
			66.2451532862077	-37.3359780541865
			66.2854729169358	-37.3359780541865
			66.2854729169358	-37.3762976849145
			66.3257925476638	-37.3762976849145
			66.3661121783919	-37.4166173156426
			66.40643180912	-37.4166173156426
			66.446751439848	-37.4569369463706
			66.4870710705761	-37.4972565770987
			66.5273907013042	-37.5375762078268
			66.5677103320322	-37.5778958385548
			66.6080299627603	-37.5778958385548
			66.6483495934883	-37.6182154692829
			66.6886692242164	-37.658535100011
			66.7289888549445	-37.698854730739
			66.7693084856725	-37.7391743614671
			66.8096281164006	-37.7391743614671
			66.8499477471287	-37.7794939921951
			66.8902673778567	-37.8198136229232
			66.9305870085848	-37.8601332536513
			66.9709066393129	-37.9004528843793
			67.0112262700409	-37.9407725151074
			67.051545900769	-37.9407725151074
			67.051545900769	-37.9810921458355
			67.091865531497	-37.9810921458355
			67.1321851622251	-38.0214117765635
			67.1321851622251	-38.0617314072916
			67.1725047929532	-38.0617314072916
			67.2128244236812	-38.1020510380197
			67.2531440544093	-38.1423706687477
			67.2934636851374	-38.1826902994758
			67.3337833158654	-38.2230099302038
			67.3741029465935	-38.2633295609319
			67.3741029465935	-38.30364919166
			67.4144225773215	-38.30364919166
			67.4547422080496	-38.343968822388
			67.4950618387777	-38.3842884531161
			67.4950618387777	-38.4246080838442
			67.5353814695057	-38.4649277145722
			67.5757011002338	-38.4649277145722
			67.6160207309619	-38.5052473453003
			67.6563403616899	-38.5455669760283
			67.6563403616899	-38.5858866067564
			67.696659992418	-38.6262062374845
			67.7369796231461	-38.6665258682125
			67.7772992538741	-38.7068454989406
			67.8176188846022	-38.7471651296687
			67.8579385153302	-38.7874847603967
			67.8982581460583	-38.8278043911248
			67.9385777767864	-38.8681240218529
			67.9385777767864	-38.9084436525809
			67.9788974075144	-38.948763283309
			68.0192170382425	-38.989082914037
			68.0595366689706	-39.0294025447651
			68.0998562996986	-39.0697221754932
			68.1401759304267	-39.1100418062212
			68.1401759304267	-39.1503614369493
			68.1804955611547	-39.1906810676774
			68.2208151918828	-39.2310006984054
			68.2611348226109	-39.2713203291335
			68.3014544533389	-39.3116399598615
			68.341774084067	-39.3519595905896
			68.341774084067	-39.3922792213177
			68.3820937147951	-39.4325988520457
			68.4224133455231	-39.4729184827738
			68.4627329762512	-39.5132381135019
			68.5030526069793	-39.5535577442299
			68.5030526069793	-39.593877374958
			68.5433722377073	-39.6341970056861
			68.5433722377073	-39.6745166364141
			68.5836918684354	-39.6745166364141
			68.6240114991634	-39.7148362671422
			68.6240114991634	-39.7551558978702
			68.6643311298915	-39.7954755285983
			68.7046507606196	-39.8357951593264
			68.7046507606196	-39.8761147900544
			68.7449703913476	-39.8761147900544
			68.7852900220757	-39.9164344207825
			68.7852900220757	-39.9567540515106
			68.8256096528037	-39.9970736822386
			68.8256096528037	-40.0373933129667
			68.8659292835318	-40.0777129436947
			68.9062489142599	-40.1180325744228
			68.9062489142599	-40.1583522051509
			68.9465685449879	-40.1583522051509
			68.986888175716	-40.1986718358789
			68.986888175716	-40.238991466607
			69.0272078064441	-40.2793110973351
			69.0675274371721	-40.3196307280631
			69.0675274371721	-40.3599503587912
			69.1078470679002	-40.4002699895193
			69.1481666986283	-40.4405896202473
			69.1481666986283	-40.4809092509754
			69.1884863293563	-40.5212288817034
			69.2288059600844	-40.5615485124315
			69.2288059600844	-40.6018681431596
			69.2691255908125	-40.6018681431596
			69.2691255908125	-40.6421877738876
			69.3094452215405	-40.6825074046157
			69.3497648522686	-40.7228270353438
			69.3497648522686	-40.7631466660718
			69.3900844829966	-40.8034662967999
			69.4304041137247	-40.8437859275279
			69.4304041137247	-40.884105558256
			69.4707237444528	-40.9244251889841
			69.5110433751808	-40.9647448197121
			69.5110433751808	-41.0050644504402
			69.5513630059089	-41.0453840811683
			69.591682636637	-41.0857037118963
			69.591682636637	-41.1260233426244
			69.632002267365	-41.1663429733524
			69.6723218980931	-41.2066626040805
			69.6723218980931	-41.2469822348086
			69.7126415288211	-41.2873018655366
			69.7529611595492	-41.3276214962647
			69.7529611595492	-41.3679411269928
			69.7932807902773	-41.4082607577208
			69.8336004210053	-41.4485803884489
			69.8336004210053	-41.488900019177
			69.8739200517334	-41.529219649905
			69.8739200517334	-41.5695392806331
			69.9142396824615	-41.6098589113611
			69.9545593131895	-41.6501785420892
			69.9545593131895	-41.6904981728173
			69.9948789439176	-41.7308178035453
			70.0351985746456	-41.7711374342734
			70.0351985746456	-41.8114570650015
			70.0755182053737	-41.8517766957295
			70.0755182053737	-41.8920963264576
			70.1158378361018	-41.9324159571857
			70.1561574668298	-41.9727355879137
			70.1561574668298	-42.0130552186418
			70.1964770975579	-42.0533748493698
			70.1964770975579	-42.0936944800979
			70.236796728286	-42.134014110826
			70.277116359014	-42.174333741554
			70.277116359014	-42.2146533722821
			70.3174359897421	-42.2549730030102
			70.3174359897421	-42.2952926337382
			70.3577556204702	-42.3356122644663
			70.3980752511982	-42.3759318951943
			70.3980752511982	-42.4162515259224
			70.4383948819263	-42.4565711566505
			70.4383948819263	-42.4968907873785
			70.4787145126543	-42.5372104181066
			70.5190341433824	-42.5775300488347
			70.5190341433824	-42.6178496795627
			70.5593537741105	-42.6581693102908
			70.5996734048385	-42.6984889410189
			70.5996734048385	-42.7388085717469
			70.6399930355666	-42.779128202475
			70.6399930355666	-42.819447833203
			70.6803126662947	-42.8597674639311
			70.7206322970227	-42.9000870946592
			70.7206322970227	-42.9404067253872
			70.7609519277508	-42.9807263561153
			70.7609519277508	-43.0210459868434
			70.8012715584788	-43.0613656175714
			70.8415911892069	-43.1016852482995
			70.8415911892069	-43.1420048790275
			70.881910819935	-43.1823245097556
			70.881910819935	-43.2226441404837
			70.922230450663	-43.2629637712117
			70.9625500813911	-43.3032834019398
			70.9625500813911	-43.3436030326679
			71.0028697121192	-43.3839226633959
			71.0028697121192	-43.424242294124
			71.0431893428472	-43.464561924852
			71.0431893428472	-43.5048815555801
			71.0835089735753	-43.5452011863082
			71.1238286043034	-43.5855208170362
			71.1238286043034	-43.6258404477643
			71.1641482350314	-43.6661600784924
			71.1641482350314	-43.7064797092204
			71.2044678657595	-43.7467993399485
			71.2044678657595	-43.7871189706766
			71.2447874964875	-43.8274386014046
			71.2851071272156	-43.8677582321327
			71.2851071272156	-43.9080778628607
			71.3254267579437	-43.9483974935888
			71.3254267579437	-43.9887171243169
			71.3657463886717	-44.0290367550449
			71.3657463886717	-44.069356385773
			71.4060660193998	-44.1096760165011
			71.4060660193998	-44.1499956472291
			71.4463856501279	-44.1903152779572
			71.4463856501279	-44.2306349086852
			71.4867052808559	-44.2709545394133
			71.527024911584	-44.3112741701414
			71.527024911584	-44.3515938008694
			71.567344542312	-44.3919134315975
			71.567344542312	-44.4322330623256
			71.6076641730401	-44.4725526930536
			71.6076641730401	-44.5128723237817
			71.6479838037682	-44.5531919545098
			71.6883034344962	-44.5935115852378
			71.6883034344962	-44.6338312159659
			71.7286230652243	-44.6338312159659
			71.7689426959524	-44.6741508466939
			71.7689426959524	-44.714470477422
			71.8092623266804	-44.7547901081501
			71.8092623266804	-44.7951097388781
			71.8495819574085	-44.8354293696062
			71.8899015881366	-44.8354293696062
			71.8899015881366	-44.8757490003343
			71.9302212188646	-44.9160686310623
			71.9705408495927	-44.9563882617904
			71.9705408495927	-44.9967078925185
			72.0108604803207	-45.0370275232465
			72.0511801110488	-45.0773471539746
			72.0511801110488	-45.1176667847026
			72.0914997417769	-45.1579864154307
			72.1318193725049	-45.1983060461588
			72.1318193725049	-45.2386256768868
			72.172139003233	-45.2789453076149
			72.2124586339611	-45.319264938343
			72.2124586339611	-45.359584569071
			72.2527782646891	-45.3999041997991
			72.2930978954172	-45.4402238305271
			72.2930978954172	-45.4805434612552
			72.3334175261453	-45.5208630919833
			72.3334175261453	-45.5611827227113
			72.3737371568733	-45.5611827227113
			72.3737371568733	-45.6015023534394
			72.4140567876014	-45.6418219841675
			72.4140567876014	-45.6821416148955
			72.4543764183294	-45.7224612456236
			72.4543764183294	-45.7627808763516
			72.4946960490575	-45.8031005070797
			72.4946960490575	-45.8434201378078
			72.5350156797856	-45.8434201378078
			72.5350156797856	-45.8837397685358
			72.5753353105136	-45.9240593992639
			72.5753353105136	-45.964379029992
			72.6156549412417	-46.00469866072
			72.6156549412417	-46.0450182914481
			72.6559745719698	-46.0853379221762
			72.6559745719698	-46.1256575529042
			72.6962942026978	-46.1659771836323
			72.7366138334259	-46.2062968143603
			72.7769334641539	-46.2466164450884
			72.7769334641539	-46.2869360758165
			72.7769334641539	-46.3272557065445
			72.817253094882	-46.3675753372726
			72.817253094882	-46.4078949680007
			72.8575727256101	-46.4482145987287
			72.8978923563381	-46.4885342294568
			72.8978923563381	-46.5288538601848
			72.9382119870662	-46.5691734909129
			72.9382119870662	-46.609493121641
			72.9382119870662	-46.649812752369
			72.9785316177943	-46.649812752369
			72.9785316177943	-46.6901323830971
			73.0188512485223	-46.7304520138252
			73.0188512485223	-46.7707716445532
			73.0591708792504	-46.8110912752813
			73.0591708792504	-46.8514109060093
			73.0994905099785	-46.8917305367374
			73.0994905099785	-46.9320501674655
			73.1398101407065	-46.9320501674655
			73.1398101407065	-46.9723697981935
			73.1801297714346	-47.0126894289216
			73.1801297714346	-47.0530090596497
			73.1801297714346	-47.0933286903777
			73.2204494021626	-47.1336483211058
			73.2204494021626	-47.1739679518339
			73.2607690328907	-47.2142875825619
			73.2607690328907	-47.25460721329
			73.3010886636188	-47.294926844018
			73.3010886636188	-47.3352464747461
			73.3414082943468	-47.3755661054742
			73.3414082943468	-47.4158857362022
			73.3817279250749	-47.4562053669303
			73.3817279250749	-47.4965249976584
			73.4220475558029	-47.5368446283864
			73.4220475558029	-47.5771642591145
			73.462367186531	-47.6174838898426
			73.462367186531	-47.6578035205706
			73.5026868172591	-47.6981231512987
			73.5026868172591	-47.7384427820267
			73.5430064479871	-47.7787624127548
			73.5430064479871	-47.8190820434829
			73.5430064479871	-47.8594016742109
			73.5833260787152	-47.899721304939
			73.5833260787152	-47.9400409356671
			73.6236457094433	-47.9803605663951
			73.6236457094433	-48.0206801971232
			73.6639653401713	-48.0609998278512
			73.6639653401713	-48.1013194585793
			73.7042849708994	-48.1416390893074
			73.7042849708994	-48.1819587200354
			73.7446046016275	-48.2222783507635
			73.7446046016275	-48.2625979814916
			73.7849242323555	-48.3029176122196
			73.7849242323555	-48.3432372429477
			73.8252438630836	-48.3835568736758
			73.8252438630836	-48.4238765044038
			73.8655634938116	-48.4641961351319
			73.8655634938116	-48.5045157658599
			73.8655634938116	-48.544835396588
			73.9058831245397	-48.5851550273161
			73.9058831245397	-48.6254746580441
			73.9462027552678	-48.6657942887722
			73.9462027552678	-48.7061139195003
			73.9865223859958	-48.7464335502283
			73.9865223859958	-48.7867531809564
			74.0268420167239	-48.8270728116844
			74.0268420167239	-48.8673924424125
			74.067161647452	-48.8673924424125
			74.10748127818	-48.8673924424125
			74.1478009089081	-48.8673924424125
			74.1881205396361	-48.9077120731406
			74.2284401703642	-48.9077120731406
			74.2687598010923	-48.9077120731406
			74.3090794318203	-48.9077120731406
			74.3493990625484	-48.9077120731406
			74.3493990625484	-48.9480317038686
			74.3897186932765	-48.9480317038686
			74.4300383240045	-48.9480317038686
			74.4703579547326	-48.9480317038686
			74.5106775854607	-48.9883513345967
			74.5509972161887	-48.9883513345967
			74.5913168469168	-49.0286709653248
			74.6316364776448	-49.0286709653248
			74.6719561083729	-49.0689905960528
			74.712275739101	-49.0689905960528
			74.752595369829	-49.1093102267809
			74.7929150005571	-49.1496298575089
			74.8332346312852	-49.1496298575089
			74.8735542620132	-49.189949488237
			74.9138738927413	-49.189949488237
			74.9541935234694	-49.2302691189651
			74.9945131541974	-49.2705887496931
			75.0348327849255	-49.3109083804212
			75.0751524156535	-49.3512280111493
			75.1154720463816	-49.3915476418773
			75.1557916771097	-49.3915476418773
			75.1557916771097	-49.4318672726054
			75.1961113078377	-49.4721869033335
			75.2364309385658	-49.4721869033335
			75.2364309385658	-49.5125065340615
			75.2767505692939	-49.5528261647896
			75.3170702000219	-49.5528261647896
			75.3170702000219	-49.5931457955176
			75.35738983075	-49.6334654262457
			75.397709461478	-49.6334654262457
			75.397709461478	-49.6737850569738
			75.4380290922061	-49.7141046877018
			75.4783487229342	-49.7544243184299
			75.5186683536622	-49.794743949158
			75.5589879843903	-49.835063579886
			75.5589879843903	-49.8753832106141
			75.5993076151184	-49.9157028413422
			75.6396272458464	-49.9560224720702
			75.6799468765745	-49.9963421027983
			75.6799468765745	-50.0366617335263
			75.7202665073026	-50.0769813642544
			75.7605861380306	-50.1173009949825
			75.7605861380306	-50.1576206257105
			75.8009057687587	-50.1576206257105
			75.8009057687587	-50.1979402564386
			75.8009057687587	-50.2382598871667
			75.8412253994867	-50.2785795178947
			75.8815450302148	-50.3188991486228
			75.9218646609429	-50.3592187793508
			75.9218646609429	-50.3995384100789
			75.9621842916709	-50.439858040807
			75.9621842916709	-50.480177671535
			76.002503922399	-50.5204973022631
			76.002503922399	-50.5608169329912
			76.0428235531271	-50.6011365637192
			76.0428235531271	-50.6414561944473
			76.0831431838551	-50.6817758251754
			76.0831431838551	-50.7220954559034
			76.1234628145832	-50.7624150866315
			76.1234628145832	-50.8027347173595
			76.1637824453112	-50.8430543480876
			76.1637824453112	-50.8833739788157
			76.2041020760393	-50.9236936095437
			76.2041020760393	-50.9640132402718
			76.2444217067674	-51.0043328709999
			76.2847413374954	-51.0446525017279
			76.2847413374954	-51.084972132456
			76.3250609682235	-51.125291763184
			76.3250609682235	-51.1656113939121
			76.3653805989516	-51.2059310246402
			76.3653805989516	-51.2462506553682
			76.4057002296796	-51.2865702860963
			76.4057002296796	-51.3268899168244
			76.4057002296796	-51.3672095475524
			76.4460198604077	-51.3672095475524
			76.4460198604077	-51.4075291782805
			76.4460198604077	-51.4478488090085
			76.4460198604077	-51.4881684397366
			76.4863394911358	-51.4881684397366
			76.4863394911358	-51.5284880704647
			76.4863394911358	-51.5688077011927
			76.5266591218638	-51.5688077011927
			76.5266591218638	-51.6091273319208
			76.5266591218638	-51.6494469626489
			76.5669787525919	-51.6494469626489
			76.5669787525919	-51.6897665933769
			76.5669787525919	-51.730086224105
			76.5669787525919	-51.7704058548331
			76.6072983833199	-51.7704058548331
			76.6072983833199	-51.8107254855611
			76.6072983833199	-51.8510451162892
			76.647618014048	-51.8913647470172
			76.647618014048	-51.9316843777453
			76.6879376447761	-51.9720040084734
			76.6879376447761	-52.0123236392014
			76.6879376447761	-52.0526432699295
			76.7282572755041	-52.0929629006576
			76.7282572755041	-52.1332825313856
			76.7282572755041	-52.1736021621137
			76.7685769062322	-52.2139217928417
			76.7685769062322	-52.2542414235698
			76.8088965369602	-52.2945610542979
			76.8088965369602	-52.3348806850259
			76.8088965369602	-52.375200315754
			76.8492161676883	-52.4155199464821
			76.8492161676883	-52.4558395772101
			76.8492161676883	-52.4961592079382
			76.8895357984164	-52.5364788386663
			76.8895357984164	-52.5767984693943
			76.9298554291444	-52.6171181001224
			76.9298554291444	-52.6574377308504
			76.9298554291444	-52.6977573615785
			76.9701750598725	-52.7380769923066
			76.9701750598725	-52.7783966230346
			76.9701750598725	-52.8187162537627
			76.9701750598725	-52.8590358844908
			77.0104946906006	-52.8590358844908
			77.0104946906006	-52.8993555152188
			77.0104946906006	-52.9396751459469
			77.0104946906006	-52.9799947766749
			77.0508143213286	-53.020314407403
			77.0508143213286	-53.0606340381311
			77.0508143213286	-53.1009536688591
			77.0911339520567	-53.1412732995872
			77.0911339520567	-53.1815929303153
			77.0911339520567	-53.2219125610433
			77.1314535827848	-53.2622321917714
			77.1314535827848	-53.3025518224995
			77.1314535827848	-53.3428714532275
			77.1717732135128	-53.3831910839556
			77.1717732135128	-53.4235107146836
			77.1717732135128	-53.4638303454117
			77.2120928442409	-53.5041499761398
			77.2120928442409	-53.5444696068678
			77.2120928442409	-53.5847892375959
			77.2120928442409	-53.625108868324
			77.2524124749689	-53.665428499052
			77.2524124749689	-53.7057481297801
			77.2524124749689	-53.7460677605081
			77.292732105697	-53.7863873912362
			77.292732105697	-53.8267070219643
			77.292732105697	-53.8670266526923
			77.292732105697	-53.9073462834204
			77.3330517364251	-53.9476659141485
			77.3330517364251	-53.9879855448765
			77.3330517364251	-54.0283051756046
			77.3733713671531	-54.0686248063327
			77.3733713671531	-54.1089444370607
			77.3733713671531	-54.1492640677888
			77.3733713671531	-54.1895836985168
			77.4136909978812	-54.2299033292449
			77.4136909978812	-54.270222959973
			77.4136909978812	-54.310542590701
			77.4136909978812	-54.3508622214291
			77.4540106286093	-54.3911818521572
			77.4540106286093	-54.4315014828852
			77.4540106286093	-54.4718211136133
			77.4943302593373	-54.5121407443413
			77.4943302593373	-54.5524603750694
			77.4943302593373	-54.5927800057975
			77.4943302593373	-54.6330996365255
			77.5346498900654	-54.6734192672536
			77.5346498900654	-54.7137388979817
			77.5346498900654	-54.7540585287097
			77.5346498900654	-54.7943781594378
			77.5346498900654	-54.8346977901658
			77.5749695207935	-54.8750174208939
			77.5749695207935	-54.915337051622
			77.5749695207935	-54.95565668235
			77.5749695207935	-54.9959763130781
			77.6152891515215	-55.0362959438062
			77.6152891515215	-55.0766155745342
			77.6152891515215	-55.1169352052623
			77.6152891515215	-55.1572548359904
			77.6556087822496	-55.1975744667184
			77.6556087822496	-55.2378940974465
		</c1>
		<c2 type=matrix rownames=FALSE colnames=FALSE nrow=1148 ncol=2 as.numeric=TRUE >
			77.6556087822496	-55.2378940974465
			77.6152891515215	-55.2782137281745
			77.5749695207935	-55.3185333589026
			77.5346498900654	-55.3588529896307
			77.4943302593373	-55.3991726203587
			77.4540106286093	-55.4394922510868
			77.4136909978812	-55.4394922510868
			77.3733713671531	-55.4798118818149
			77.3330517364251	-55.4798118818149
			77.292732105697	-55.4798118818149
			77.2524124749689	-55.5201315125429
			77.2120928442409	-55.5201315125429
			77.1717732135128	-55.5201315125429
			77.1314535827848	-55.5201315125429
			77.0911339520567	-55.5201315125429
			77.0508143213286	-55.5201315125429
			77.0104946906006	-55.5201315125429
			76.9701750598725	-55.5201315125429
			76.9298554291444	-55.5201315125429
			76.8895357984164	-55.5201315125429
			76.8895357984164	-55.4798118818149
			76.8492161676883	-55.4798118818149
			76.8088965369602	-55.4798118818149
			76.7685769062322	-55.4798118818149
			76.7282572755041	-55.4394922510868
			76.6879376447761	-55.4394922510868
			76.647618014048	-55.4394922510868
			76.6072983833199	-55.3991726203587
			76.5669787525919	-55.3991726203587
			76.5266591218638	-55.3991726203587
			76.4863394911358	-55.3588529896307
			76.4460198604077	-55.3588529896307
			76.4057002296796	-55.3185333589026
			76.3653805989516	-55.3185333589026
			76.3250609682235	-55.2782137281745
			76.2847413374954	-55.2782137281745
			76.2444217067674	-55.2378940974465
			76.2041020760393	-55.2378940974465
			76.1637824453112	-55.1975744667184
			76.1234628145832	-55.1975744667184
			76.0831431838551	-55.1572548359904
			76.0428235531271	-55.1572548359904
			76.0428235531271	-55.1169352052623
			76.002503922399	-55.1169352052623
			75.9621842916709	-55.0766155745342
			75.9218646609429	-55.0362959438062
			75.8815450302148	-55.0362959438062
			75.8412253994867	-54.9959763130781
			75.8009057687587	-54.9959763130781
			75.7605861380306	-54.95565668235
			75.7202665073026	-54.915337051622
			75.6799468765745	-54.915337051622
			75.6396272458464	-54.8750174208939
			75.5993076151184	-54.8346977901658
			75.5589879843903	-54.8750174208939
			75.5186683536622	-54.915337051622
			75.4783487229342	-54.915337051622
			75.4380290922061	-54.95565668235
			75.397709461478	-54.9959763130781
			75.35738983075	-54.9959763130781
			75.3170702000219	-55.0362959438062
			75.2767505692939	-55.0362959438062
			75.2364309385658	-55.0766155745342
			75.1961113078377	-55.0766155745342
			75.1557916771097	-55.0766155745342
			75.1154720463816	-55.1169352052623
			75.0751524156535	-55.1169352052623
			75.0348327849255	-55.1572548359904
			74.9945131541974	-55.1572548359904
			74.9541935234694	-55.1572548359904
			74.9138738927413	-55.1572548359904
			74.8735542620132	-55.1975744667184
			74.8332346312852	-55.1975744667184
			74.7929150005571	-55.1975744667184
			74.752595369829	-55.1975744667184
			74.712275739101	-55.1975744667184
			74.6719561083729	-55.1975744667184
			74.6316364776448	-55.1975744667184
			74.5913168469168	-55.1975744667184
			74.5509972161887	-55.1975744667184
			74.5106775854607	-55.1975744667184
			74.4703579547326	-55.1975744667184
			74.4300383240045	-55.1975744667184
			74.3897186932765	-55.1975744667184
			74.3493990625484	-55.1572548359904
			74.3090794318203	-55.1572548359904
			74.2687598010923	-55.1572548359904
			74.2284401703642	-55.1572548359904
			74.1881205396361	-55.1572548359904
			74.1478009089081	-55.1169352052623
			74.10748127818	-55.1169352052623
			74.067161647452	-55.1169352052623
			74.0268420167239	-55.0766155745342
			73.9865223859958	-55.0766155745342
			73.9462027552678	-55.0362959438062
			73.9058831245397	-55.0362959438062
			73.8655634938116	-55.0362959438062
			73.8252438630836	-54.9959763130781
			73.7849242323555	-54.9959763130781
			73.7446046016275	-54.95565668235
			73.7042849708994	-54.95565668235
			73.6639653401713	-54.915337051622
			73.6236457094433	-54.95565668235
			73.5833260787152	-54.95565668235
			73.5430064479871	-54.9959763130781
			73.5026868172591	-54.9959763130781
			73.462367186531	-55.0362959438062
			73.4220475558029	-55.0362959438062
			73.3817279250749	-55.0766155745342
			73.3414082943468	-55.0766155745342
			73.3010886636188	-55.1169352052623
			73.2607690328907	-55.1169352052623
			73.2204494021626	-55.1169352052623
			73.1801297714346	-55.1572548359904
			73.1398101407065	-55.1572548359904
			73.0994905099785	-55.1572548359904
			73.0591708792504	-55.1975744667184
			73.0188512485223	-55.1975744667184
			72.9785316177943	-55.1975744667184
			72.9382119870662	-55.1975744667184
			72.8978923563381	-55.2378940974465
			72.8575727256101	-55.2378940974465
			72.817253094882	-55.2378940974465
			72.7769334641539	-55.2378940974465
			72.7366138334259	-55.2378940974465
			72.6962942026978	-55.2782137281745
			72.6559745719698	-55.2782137281745
			72.6156549412417	-55.2782137281745
			72.5753353105136	-55.2782137281745
			72.5350156797856	-55.2782137281745
			72.4946960490575	-55.2782137281745
			72.4543764183294	-55.2782137281745
			72.4140567876014	-55.2782137281745
			72.3737371568733	-55.2782137281745
			72.3334175261453	-55.2782137281745
			72.2930978954172	-55.2782137281745
			72.2527782646891	-55.2782137281745
			72.2124586339611	-55.2782137281745
			72.172139003233	-55.2782137281745
			72.1318193725049	-55.2782137281745
			72.0914997417769	-55.2378940974465
			72.0511801110488	-55.2378940974465
			72.0108604803207	-55.2378940974465
			71.9705408495927	-55.2378940974465
			71.9302212188646	-55.2378940974465
			71.8899015881366	-55.2378940974465
			71.8495819574085	-55.1975744667184
			71.8092623266804	-55.1975744667184
			71.7689426959524	-55.1975744667184
			71.7286230652243	-55.1975744667184
			71.6883034344962	-55.1572548359904
			71.6479838037682	-55.1572548359904
			71.6076641730401	-55.1572548359904
			71.567344542312	-55.1169352052623
			71.527024911584	-55.1169352052623
			71.4867052808559	-55.1169352052623
			71.4463856501279	-55.0766155745342
			71.4060660193998	-55.0766155745342
			71.3657463886717	-55.0766155745342
			71.3254267579437	-55.0362959438062
			71.2851071272156	-55.0362959438062
			71.2851071272156	-54.9959763130781
			71.2447874964875	-54.9959763130781
			71.2044678657595	-54.95565668235
			71.1641482350314	-54.95565668235
			71.1238286043034	-54.915337051622
			71.0835089735753	-54.915337051622
			71.0431893428472	-54.8750174208939
			71.0028697121192	-54.8750174208939
			70.9625500813911	-54.8346977901658
			70.922230450663	-54.8346977901658
			70.881910819935	-54.7943781594378
			70.8415911892069	-54.7540585287097
			70.8012715584788	-54.7540585287097
			70.7609519277508	-54.7137388979817
			70.7206322970227	-54.6734192672536
			70.6803126662947	-54.6734192672536
			70.6399930355666	-54.6330996365255
			70.5996734048385	-54.6330996365255
			70.5593537741105	-54.6734192672536
			70.5190341433824	-54.7137388979817
			70.4787145126543	-54.7137388979817
			70.4383948819263	-54.7540585287097
			70.3980752511982	-54.7540585287097
			70.3577556204702	-54.7943781594378
			70.3174359897421	-54.7943781594378
			70.277116359014	-54.7943781594378
			70.236796728286	-54.8346977901658
			70.1964770975579	-54.8346977901658
			70.1561574668298	-54.8750174208939
			70.1158378361018	-54.8750174208939
			70.0755182053737	-54.8750174208939
			70.0351985746456	-54.915337051622
			69.9948789439176	-54.915337051622
			69.9545593131895	-54.95565668235
			69.9142396824615	-54.95565668235
			69.8739200517334	-54.95565668235
			69.8336004210053	-54.9959763130781
			69.7932807902773	-54.9959763130781
			69.7529611595492	-54.9959763130781
			69.7126415288211	-54.9959763130781
			69.6723218980931	-55.0362959438062
			69.632002267365	-55.0362959438062
			69.591682636637	-55.0362959438062
			69.5513630059089	-55.0362959438062
			69.5110433751808	-55.0766155745342
			69.4707237444528	-55.0766155745342
			69.4304041137247	-55.0766155745342
			69.3900844829966	-55.0766155745342
			69.3497648522686	-55.1169352052623
			69.3094452215405	-55.1169352052623
			69.2691255908125	-55.1169352052623
			69.2288059600844	-55.1169352052623
			69.1884863293563	-55.1169352052623
			69.1481666986283	-55.1169352052623
			69.1078470679002	-55.1169352052623
			69.0675274371721	-55.1572548359904
			69.0272078064441	-55.1572548359904
			68.986888175716	-55.1572548359904
			68.9465685449879	-55.1572548359904
			68.9062489142599	-55.1572548359904
			68.8659292835318	-55.1572548359904
			68.8256096528037	-55.1572548359904
			68.7852900220757	-55.1572548359904
			68.7449703913476	-55.1572548359904
			68.7046507606196	-55.1572548359904
			68.6643311298915	-55.1572548359904
			68.6240114991634	-55.1572548359904
			68.5836918684354	-55.1572548359904
			68.5433722377073	-55.1572548359904
			68.5030526069793	-55.1572548359904
			68.4627329762512	-55.1572548359904
			68.4224133455231	-55.1572548359904
			68.3820937147951	-55.1572548359904
			68.341774084067	-55.1572548359904
			68.3014544533389	-55.1572548359904
			68.2611348226109	-55.1572548359904
			68.2208151918828	-55.1572548359904
			68.1804955611547	-55.1572548359904
			68.1401759304267	-55.1572548359904
			68.0998562996986	-55.1572548359904
			68.0595366689706	-55.1572548359904
			68.0192170382425	-55.1169352052623
			67.9788974075144	-55.1169352052623
			67.9385777767864	-55.1169352052623
			67.8982581460583	-55.1169352052623
			67.8579385153302	-55.1169352052623
			67.8176188846022	-55.1169352052623
			67.7772992538741	-55.0766155745342
			67.7369796231461	-55.0766155745342
			67.696659992418	-55.0766155745342
			67.6563403616899	-55.0766155745342
			67.6160207309619	-55.0766155745342
			67.5757011002338	-55.0362959438062
			67.5353814695057	-55.0362959438062
			67.4950618387777	-55.0362959438062
			67.4547422080496	-54.9959763130781
			67.4144225773215	-54.9959763130781
			67.3741029465935	-54.9959763130781
			67.3337833158654	-54.9959763130781
			67.2934636851374	-54.95565668235
			67.2531440544093	-54.95565668235
			67.2128244236812	-54.95565668235
			67.1725047929532	-54.915337051622
			67.1321851622251	-54.915337051622
			67.091865531497	-54.8750174208939
			67.051545900769	-54.8750174208939
			67.0112262700409	-54.8750174208939
			66.9709066393129	-54.8346977901658
			66.9305870085848	-54.8346977901658
			66.8902673778567	-54.8346977901658
			66.8499477471287	-54.8750174208939
			66.8096281164006	-54.8750174208939
			66.7693084856725	-54.8750174208939
			66.7289888549445	-54.915337051622
			66.6886692242164	-54.915337051622
			66.6483495934883	-54.915337051622
			66.6080299627603	-54.915337051622
			66.5677103320322	-54.915337051622
			66.5273907013042	-54.95565668235
			66.4870710705761	-54.95565668235
			66.446751439848	-54.95565668235
			66.40643180912	-54.95565668235
			66.3661121783919	-54.9959763130781
			66.3257925476638	-54.9959763130781
			66.2854729169358	-54.9959763130781
			66.2451532862077	-54.9959763130781
			66.2048336554796	-54.9959763130781
			66.1645140247516	-54.9959763130781
			66.1241943940235	-54.9959763130781
			66.0838747632955	-55.0362959438062
			66.0435551325674	-55.0362959438062
			66.0032355018393	-55.0362959438062
			65.9629158711113	-55.0362959438062
			65.9225962403832	-55.0362959438062
			65.8822766096552	-55.0362959438062
			65.8419569789271	-55.0362959438062
			65.801637348199	-55.0362959438062
			65.761317717471	-55.0362959438062
			65.7209980867429	-55.0362959438062
			65.6806784560148	-55.0362959438062
			65.6403588252868	-55.0362959438062
			65.6000391945587	-55.0362959438062
			65.5597195638306	-55.0362959438062
			65.5193999331026	-55.0362959438062
			65.4790803023745	-55.0362959438062
			65.4387606716464	-55.0362959438062
			65.3984410409184	-55.0362959438062
			65.3581214101903	-55.0362959438062
			65.3178017794623	-55.0362959438062
			65.2774821487342	-55.0362959438062
			65.2371625180061	-55.0362959438062
			65.1968428872781	-55.0362959438062
			65.15652325655	-55.0362959438062
			65.116203625822	-55.0362959438062
			65.0758839950939	-55.0362959438062
			65.0355643643658	-55.0362959438062
			64.9952447336378	-55.0362959438062
			64.9549251029097	-55.0362959438062
			64.9146054721816	-54.9959763130781
			64.8742858414536	-54.9959763130781
			64.8339662107255	-54.9959763130781
			64.7936465799974	-54.9959763130781
			64.7533269492694	-54.9959763130781
			64.7130073185413	-54.9959763130781
			64.6726876878133	-54.9959763130781
			64.6323680570852	-54.9959763130781
			64.5920484263571	-54.95565668235
			64.5517287956291	-54.95565668235
			64.511409164901	-54.95565668235
			64.4710895341729	-54.95565668235
			64.4307699034449	-54.95565668235
			64.3904502727168	-54.95565668235
			64.3501306419888	-54.915337051622
			64.3098110112607	-54.915337051622
			64.2694913805326	-54.915337051622
			64.2291717498046	-54.915337051622
			64.1888521190765	-54.915337051622
			64.1485324883484	-54.915337051622
			64.1485324883484	-54.8750174208939
			64.1082128576204	-54.8750174208939
			64.0678932268923	-54.8750174208939
			64.0275735961642	-54.8750174208939
			63.9872539654362	-54.8750174208939
			63.9872539654362	-54.8346977901658
			63.9469343347081	-54.8346977901658
			63.9066147039801	-54.8346977901658
			63.866295073252	-54.8346977901658
			63.8259754425239	-54.7943781594378
			63.7856558117959	-54.7943781594378
			63.7453361810678	-54.7943781594378
			63.7050165503397	-54.7943781594378
			63.6646969196117	-54.7540585287097
			63.6243772888836	-54.7540585287097
			63.5840576581556	-54.7540585287097
			63.5437380274275	-54.7540585287097
			63.5034183966994	-54.7137388979817
			63.4630987659714	-54.7137388979817
			63.4227791352433	-54.7137388979817
			63.3824595045152	-54.7137388979817
			63.3421398737872	-54.6734192672536
			63.3018202430591	-54.6734192672536
			63.261500612331	-54.6734192672536
			63.221180981603	-54.6330996365255
			63.1808613508749	-54.6330996365255
			63.1405417201469	-54.6330996365255
			63.1002220894188	-54.5927800057975
			63.0599024586907	-54.5927800057975
			63.0195828279627	-54.5927800057975
			62.9792631972346	-54.6330996365255
			62.9389435665065	-54.6330996365255
			62.8986239357785	-54.6330996365255
			62.8583043050504	-54.6330996365255
			62.8179846743224	-54.6734192672536
			62.7776650435943	-54.6734192672536
			62.7373454128662	-54.6734192672536
			62.6970257821382	-54.6734192672536
			62.6567061514101	-54.7137388979817
			62.616386520682	-54.7137388979817
			62.576066889954	-54.7137388979817
			62.5357472592259	-54.7137388979817
			62.4954276284978	-54.7540585287097
			62.4551079977698	-54.7540585287097
			62.4147883670417	-54.7540585287097
			62.3744687363137	-54.7540585287097
			62.3341491055856	-54.7540585287097
			62.2938294748575	-54.7943781594378
			62.2535098441295	-54.7943781594378
			62.2131902134014	-54.7943781594378
			62.1728705826733	-54.7943781594378
			62.1325509519453	-54.7943781594378
			62.0922313212172	-54.8346977901658
			62.0519116904891	-54.8346977901658
			62.0115920597611	-54.8346977901658
			61.971272429033	-54.8346977901658
			61.930952798305	-54.8346977901658
			61.8906331675769	-54.8346977901658
			61.8503135368488	-54.8750174208939
			61.8099939061208	-54.8750174208939
			61.7696742753927	-54.8750174208939
			61.7293546446646	-54.8750174208939
			61.6890350139366	-54.8750174208939
			61.6487153832085	-54.8750174208939
			61.6083957524805	-54.915337051622
			61.5680761217524	-54.915337051622
			61.5277564910243	-54.915337051622
			61.4874368602963	-54.915337051622
			61.4471172295682	-54.915337051622
			61.4067975988401	-54.915337051622
			61.3664779681121	-54.915337051622
			61.326158337384	-54.915337051622
			61.285838706656	-54.915337051622
			61.2455190759279	-54.95565668235
			61.2051994451998	-54.95565668235
			61.1648798144718	-54.95565668235
			61.1245601837437	-54.95565668235
			61.0842405530156	-54.95565668235
			61.0439209222876	-54.95565668235
			61.0036012915595	-54.95565668235
			60.9632816608314	-54.95565668235
			60.9229620301034	-54.95565668235
			60.8826423993753	-54.95565668235
			60.8423227686473	-54.95565668235
			60.8020031379192	-54.95565668235
			60.7616835071911	-54.95565668235
			60.7213638764631	-54.9959763130781
			60.681044245735	-54.9959763130781
			60.6407246150069	-54.9959763130781
			60.6004049842789	-54.9959763130781
			60.5600853535508	-54.9959763130781
			60.5197657228228	-54.9959763130781
			60.4794460920947	-54.9959763130781
			60.4391264613666	-54.9959763130781
			60.3988068306386	-54.9959763130781
			60.3584871999105	-54.9959763130781
			60.3181675691824	-54.9959763130781
			60.2778479384544	-54.9959763130781
			60.2375283077263	-54.9959763130781
			60.1972086769982	-54.9959763130781
			60.1568890462702	-54.9959763130781
			60.1165694155421	-54.9959763130781
			60.0762497848141	-54.9959763130781
			60.035930154086	-54.9959763130781
			59.9956105233579	-54.9959763130781
			59.9552908926299	-54.9959763130781
			59.9149712619018	-54.9959763130781
			59.8746516311737	-54.9959763130781
			59.8343320004457	-54.9959763130781
			59.7940123697176	-54.9959763130781
			59.7536927389895	-54.9959763130781
			59.7133731082615	-54.9959763130781
			59.6730534775334	-54.9959763130781
			59.6327338468054	-54.9959763130781
			59.5924142160773	-54.95565668235
			59.5520945853492	-54.95565668235
			59.5117749546212	-54.95565668235
			59.4714553238931	-54.95565668235
			59.431135693165	-54.95565668235
			59.390816062437	-54.95565668235
			59.3504964317089	-54.95565668235
			59.3101768009809	-54.95565668235
			59.2698571702528	-54.95565668235
			59.2295375395247	-54.95565668235
			59.1892179087967	-54.95565668235
			59.1488982780686	-54.95565668235
			59.1085786473405	-54.95565668235
			59.0682590166125	-54.95565668235
			59.0279393858844	-54.915337051622
			58.9876197551564	-54.915337051622
			58.9473001244283	-54.915337051622
			58.9069804937002	-54.915337051622
			58.8666608629722	-54.915337051622
			58.8263412322441	-54.915337051622
			58.786021601516	-54.915337051622
			58.745701970788	-54.915337051622
			58.7053823400599	-54.915337051622
			58.6650627093318	-54.915337051622
			58.6247430786038	-54.8750174208939
			58.5844234478757	-54.8750174208939
			58.5441038171477	-54.8750174208939
			58.5037841864196	-54.8750174208939
			58.4634645556915	-54.8750174208939
			58.4231449249635	-54.8750174208939
			58.3828252942354	-54.8750174208939
			58.3425056635073	-54.8346977901658
			58.3021860327793	-54.8346977901658
			58.2618664020512	-54.8346977901658
			58.2215467713232	-54.8346977901658
			58.1812271405951	-54.8346977901658
			58.140907509867	-54.8346977901658
			58.100587879139	-54.8346977901658
			58.0602682484109	-54.7943781594378
			58.0199486176828	-54.7943781594378
			57.9796289869548	-54.7943781594378
			57.9393093562267	-54.7943781594378
			57.8989897254987	-54.7943781594378
			57.8586700947706	-54.7943781594378
			57.8183504640425	-54.7540585287097
			57.7780308333145	-54.7540585287097
			57.7377112025864	-54.7540585287097
			57.6973915718583	-54.7540585287097
			57.6570719411303	-54.7540585287097
			57.6167523104022	-54.7137388979817
			57.5764326796741	-54.7137388979817
			57.5361130489461	-54.7137388979817
			57.495793418218	-54.7137388979817
			57.45547378749	-54.7540585287097
			57.4151541567619	-54.7540585287097
			57.3748345260338	-54.7540585287097
			57.3345148953058	-54.7943781594378
			57.2941952645777	-54.7943781594378
			57.2538756338496	-54.7943781594378
			57.2135560031216	-54.8346977901658
			57.1732363723935	-54.8346977901658
			57.1329167416654	-54.8346977901658
			57.0925971109374	-54.8346977901658
			57.0522774802093	-54.8750174208939
			57.0119578494813	-54.8750174208939
			56.9716382187532	-54.8750174208939
			56.9313185880251	-54.915337051622
			56.8909989572971	-54.915337051622
			56.850679326569	-54.915337051622
			56.8103596958409	-54.915337051622
			56.7700400651129	-54.95565668235
			56.7297204343848	-54.95565668235
			56.6894008036568	-54.95565668235
			56.6490811729287	-54.95565668235
			56.6087615422006	-54.95565668235
			56.5684419114726	-54.9959763130781
			56.5281222807445	-54.9959763130781
			56.4878026500164	-54.9959763130781
			56.4474830192884	-54.9959763130781
			56.4071633885603	-54.9959763130781
			56.3668437578322	-54.9959763130781
			56.3265241271042	-55.0362959438062
			56.2862044963761	-55.0362959438062
			56.2458848656481	-55.0362959438062
			56.20556523492	-55.0362959438062
			56.1652456041919	-55.0362959438062
			56.1249259734639	-55.0362959438062
			56.0846063427358	-55.0766155745342
			56.0442867120077	-55.0766155745342
			56.0039670812797	-55.0766155745342
			55.9636474505516	-55.0766155745342
			55.9233278198236	-55.0766155745342
			55.8830081890955	-55.0766155745342
			55.8426885583674	-55.0766155745342
			55.8023689276394	-55.0766155745342
			55.7620492969113	-55.1169352052623
			55.7217296661832	-55.1169352052623
			55.6814100354552	-55.1169352052623
			55.6410904047271	-55.1169352052623
			55.6007707739991	-55.1169352052623
			55.560451143271	-55.1169352052623
			55.5201315125429	-55.1169352052623
			55.4798118818149	-55.1169352052623
			55.4394922510868	-55.1169352052623
			55.3991726203587	-55.1169352052623
			55.3588529896307	-55.1169352052623
			55.3185333589026	-55.1572548359904
			55.2782137281745	-55.1572548359904
			55.2378940974465	-55.1572548359904
			55.1975744667184	-55.1572548359904
			55.1572548359904	-55.1572548359904
			55.1169352052623	-55.1572548359904
			55.0766155745342	-55.1572548359904
			55.0362959438062	-55.1572548359904
			54.9959763130781	-55.1572548359904
			54.95565668235	-55.1572548359904
			54.915337051622	-55.1572548359904
			54.8750174208939	-55.1572548359904
			54.8346977901658	-55.1572548359904
			54.7943781594378	-55.1572548359904
			54.7540585287097	-55.1572548359904
			54.7137388979817	-55.1572548359904
			54.6734192672536	-55.1572548359904
			54.6330996365255	-55.1572548359904
			54.5927800057975	-55.1572548359904
			54.5524603750694	-55.1572548359904
			54.5121407443413	-55.1572548359904
			54.4718211136133	-55.1572548359904
			54.4315014828852	-55.1572548359904
			54.3911818521572	-55.1572548359904
			54.3508622214291	-55.1572548359904
			54.310542590701	-55.1572548359904
			54.270222959973	-55.1572548359904
			54.2299033292449	-55.1572548359904
			54.1895836985168	-55.1572548359904
			54.1492640677888	-55.1572548359904
			54.1089444370607	-55.1572548359904
			54.0686248063327	-55.1572548359904
			54.0283051756046	-55.1572548359904
			53.9879855448765	-55.1572548359904
			53.9476659141485	-55.1572548359904
			53.9073462834204	-55.1572548359904
			53.8670266526923	-55.1572548359904
			53.8267070219643	-55.1572548359904
			53.7863873912362	-55.1572548359904
			53.7460677605081	-55.1572548359904
			53.7057481297801	-55.1572548359904
			53.665428499052	-55.1572548359904
			53.625108868324	-55.1169352052623
			53.5847892375959	-55.1169352052623
			53.5444696068678	-55.1169352052623
			53.5041499761398	-55.1169352052623
			53.4638303454117	-55.1169352052623
			53.4235107146836	-55.1169352052623
			53.3831910839556	-55.1169352052623
			53.3428714532275	-55.1169352052623
			53.3025518224995	-55.1169352052623
			53.2622321917714	-55.1169352052623
			53.2219125610433	-55.1169352052623
			53.1815929303153	-55.1169352052623
			53.1412732995872	-55.1169352052623
			53.1009536688591	-55.0766155745342
			53.0606340381311	-55.0766155745342
			53.020314407403	-55.0766155745342
			52.9799947766749	-55.0766155745342
			52.9396751459469	-55.0766155745342
			52.8993555152188	-55.0766155745342
			52.8590358844908	-55.0766155745342
			52.8187162537627	-55.0766155745342
			52.7783966230346	-55.0766155745342
			52.7380769923066	-55.0766155745342
			52.6977573615785	-55.0766155745342
			52.6574377308504	-55.0362959438062
			52.6171181001224	-55.0362959438062
			52.5767984693943	-55.0362959438062
			52.5364788386663	-55.0362959438062
			52.4961592079382	-55.0362959438062
			52.4558395772101	-55.0362959438062
			52.4155199464821	-55.0362959438062
			52.375200315754	-55.0362959438062
			52.3348806850259	-55.0362959438062
			52.2945610542979	-54.9959763130781
			52.2542414235698	-54.9959763130781
			52.2139217928417	-54.9959763130781
			52.1736021621137	-54.9959763130781
			52.1332825313856	-54.9959763130781
			52.0929629006576	-54.9959763130781
			52.0526432699295	-54.9959763130781
			52.0123236392014	-54.95565668235
			51.9720040084734	-54.95565668235
			51.9316843777453	-54.95565668235
			51.8913647470172	-54.95565668235
			51.8510451162892	-54.95565668235
			51.8107254855611	-54.95565668235
			51.7704058548331	-54.95565668235
			51.730086224105	-54.915337051622
			51.6897665933769	-54.915337051622
			51.6494469626489	-54.915337051622
			51.6091273319208	-54.915337051622
			51.5688077011927	-54.915337051622
			51.5284880704647	-54.915337051622
			51.4881684397366	-54.915337051622
			51.4881684397366	-54.8750174208939
			51.4478488090085	-54.8750174208939
			51.4075291782805	-54.8750174208939
			51.3672095475524	-54.8750174208939
			51.3268899168244	-54.8750174208939
			51.2865702860963	-54.915337051622
			51.2462506553682	-54.915337051622
			51.2059310246402	-54.95565668235
			51.1656113939121	-54.95565668235
			51.125291763184	-54.9959763130781
			51.084972132456	-54.9959763130781
			51.0446525017279	-54.9959763130781
			51.0043328709999	-55.0362959438062
			50.9640132402718	-55.0362959438062
			50.9236936095437	-55.0362959438062
			50.8833739788157	-55.0766155745342
			50.8430543480876	-55.0766155745342
			50.8027347173595	-55.1169352052623
			50.7624150866315	-55.1169352052623
			50.7220954559034	-55.1169352052623
			50.6817758251754	-55.1572548359904
			50.6414561944473	-55.1572548359904
			50.6011365637192	-55.1572548359904
			50.5608169329912	-55.1975744667184
			50.5204973022631	-55.1975744667184
			50.480177671535	-55.1975744667184
			50.439858040807	-55.2378940974465
			50.3995384100789	-55.2378940974465
			50.3592187793508	-55.2378940974465
			50.3188991486228	-55.2782137281745
			50.2785795178947	-55.2782137281745
			50.2382598871667	-55.2782137281745
			50.1979402564386	-55.2782137281745
			50.1576206257105	-55.3185333589026
			50.1173009949825	-55.3185333589026
			50.0769813642544	-55.3185333589026
			50.0366617335263	-55.3588529896307
			49.9963421027983	-55.3588529896307
			49.9560224720702	-55.3588529896307
			49.9157028413422	-55.3588529896307
			49.8753832106141	-55.3991726203587
			49.835063579886	-55.3991726203587
			49.794743949158	-55.3991726203587
			49.7544243184299	-55.3991726203587
			49.7141046877018	-55.3991726203587
			49.6737850569738	-55.4394922510868
			49.6334654262457	-55.4394922510868
			49.5931457955176	-55.4394922510868
			49.5528261647896	-55.4394922510868
			49.5125065340615	-55.4394922510868
			49.4721869033335	-55.4798118818149
			49.4318672726054	-55.4798118818149
			49.3915476418773	-55.4798118818149
			49.3512280111493	-55.4798118818149
			49.3109083804212	-55.4798118818149
			49.2705887496931	-55.5201315125429
			49.2302691189651	-55.5201315125429
			49.189949488237	-55.5201315125429
			49.1496298575089	-55.5201315125429
			49.1093102267809	-55.5201315125429
			49.0689905960528	-55.5201315125429
			49.0286709653248	-55.5201315125429
			48.9883513345967	-55.560451143271
			48.9480317038686	-55.560451143271
			48.9077120731406	-55.560451143271
			48.8673924424125	-55.560451143271
			48.8270728116844	-55.560451143271
			48.7867531809564	-55.560451143271
			48.7464335502283	-55.560451143271
			48.7061139195003	-55.560451143271
			48.6657942887722	-55.560451143271
			48.6254746580441	-55.560451143271
			48.5851550273161	-55.6007707739991
			48.544835396588	-55.6007707739991
			48.5045157658599	-55.6007707739991
			48.4641961351319	-55.6007707739991
			48.4238765044038	-55.6007707739991
			48.3835568736758	-55.6007707739991
			48.3432372429477	-55.6007707739991
			48.3029176122196	-55.6007707739991
			48.2625979814916	-55.6007707739991
			48.2222783507635	-55.6007707739991
			48.1819587200354	-55.6007707739991
			48.1416390893074	-55.6007707739991
			48.1013194585793	-55.6007707739991
			48.0609998278512	-55.6007707739991
			48.0206801971232	-55.6007707739991
			47.9803605663951	-55.6007707739991
			47.9400409356671	-55.6007707739991
			47.899721304939	-55.6007707739991
			47.8594016742109	-55.6007707739991
			47.8190820434829	-55.6007707739991
			47.7787624127548	-55.6007707739991
			47.7384427820267	-55.6007707739991
			47.6981231512987	-55.6007707739991
			47.6578035205706	-55.6007707739991
			47.6174838898426	-55.6007707739991
			47.5771642591145	-55.6007707739991
			47.5368446283864	-55.6007707739991
			47.4965249976584	-55.6007707739991
			47.4562053669303	-55.6007707739991
			47.4158857362022	-55.6007707739991
			47.3755661054742	-55.6007707739991
			47.3352464747461	-55.6007707739991
			47.294926844018	-55.6007707739991
			47.25460721329	-55.6007707739991
			47.2142875825619	-55.560451143271
			47.1739679518339	-55.560451143271
			47.1336483211058	-55.560451143271
			47.0933286903777	-55.560451143271
			47.0530090596497	-55.560451143271
			47.0126894289216	-55.560451143271
			46.9723697981935	-55.560451143271
			46.9320501674655	-55.560451143271
			46.8917305367374	-55.560451143271
			46.8514109060093	-55.560451143271
			46.8110912752813	-55.5201315125429
			46.7707716445532	-55.5201315125429
			46.7304520138252	-55.5201315125429
			46.6901323830971	-55.5201315125429
			46.649812752369	-55.5201315125429
			46.609493121641	-55.5201315125429
			46.5691734909129	-55.5201315125429
			46.5288538601848	-55.4798118818149
			46.4885342294568	-55.4798118818149
			46.4482145987287	-55.4798118818149
			46.4078949680007	-55.4798118818149
			46.3675753372726	-55.4798118818149
			46.3272557065445	-55.4798118818149
			46.2869360758165	-55.4394922510868
			46.2466164450884	-55.4394922510868
			46.2062968143603	-55.4394922510868
			46.1659771836323	-55.4394922510868
			46.1256575529042	-55.4394922510868
			46.0853379221762	-55.4394922510868
			46.0853379221762	-55.3991726203587
			46.0450182914481	-55.3991726203587
			46.00469866072	-55.3991726203587
			45.964379029992	-55.3991726203587
			45.9240593992639	-55.3991726203587
			45.8837397685358	-55.3588529896307
			45.8434201378078	-55.3588529896307
			45.8031005070797	-55.3588529896307
			45.7627808763516	-55.3588529896307
			45.7224612456236	-55.3185333589026
			45.6821416148955	-55.3185333589026
			45.6418219841675	-55.3185333589026
			45.6015023534394	-55.3185333589026
			45.5611827227113	-55.3185333589026
			45.5208630919833	-55.2782137281745
			45.4805434612552	-55.2782137281745
			45.4402238305271	-55.2782137281745
			45.3999041997991	-55.2782137281745
			45.3999041997991	-55.2378940974465
			45.359584569071	-55.2378940974465
			45.319264938343	-55.2378940974465
			45.2789453076149	-55.2378940974465
			45.2386256768868	-55.1975744667184
			45.1983060461588	-55.1975744667184
			45.1579864154307	-55.1975744667184
			45.1176667847026	-55.1975744667184
			45.0773471539746	-55.1572548359904
			45.0370275232465	-55.1572548359904
			44.9967078925185	-55.1572548359904
			44.9563882617904	-55.1169352052623
			44.9160686310623	-55.1169352052623
			44.8757490003343	-55.1169352052623
			44.8354293696062	-55.1169352052623
			44.7951097388781	-55.1572548359904
			44.7547901081501	-55.1572548359904
			44.714470477422	-55.1572548359904
			44.6741508466939	-55.1975744667184
			44.6338312159659	-55.1975744667184
			44.5935115852378	-55.1975744667184
			44.5531919545098	-55.1975744667184
			44.5128723237817	-55.2378940974465
			44.4725526930536	-55.2378940974465
			44.4322330623256	-55.2378940974465
			44.3919134315975	-55.2378940974465
			44.3515938008694	-55.2378940974465
			44.3112741701414	-55.2782137281745
			44.2709545394133	-55.2782137281745
			44.2306349086852	-55.2782137281745
			44.1903152779572	-55.2782137281745
			44.1499956472291	-55.2782137281745
			44.1096760165011	-55.3185333589026
			44.069356385773	-55.3185333589026
			44.0290367550449	-55.3185333589026
			43.9887171243169	-55.3185333589026
			43.9483974935888	-55.3185333589026
			43.9080778628607	-55.3588529896307
			43.8677582321327	-55.3588529896307
			43.8274386014046	-55.3588529896307
			43.7871189706766	-55.3588529896307
			43.7467993399485	-55.3588529896307
			43.7064797092204	-55.3991726203587
			43.6661600784924	-55.3991726203587
			43.6258404477643	-55.3991726203587
			43.5855208170362	-55.3991726203587
			43.5452011863082	-55.3991726203587
			43.5048815555801	-55.4394922510868
			43.464561924852	-55.4394922510868
			43.424242294124	-55.4394922510868
			43.3839226633959	-55.4394922510868
			43.3436030326679	-55.4394922510868
			43.3032834019398	-55.4394922510868
			43.2629637712117	-55.4798118818149
			43.2226441404837	-55.4798118818149
			43.1823245097556	-55.4798118818149
			43.1420048790275	-55.4798118818149
			43.1016852482995	-55.4798118818149
			43.0613656175714	-55.4798118818149
			43.0210459868434	-55.5201315125429
			42.9807263561153	-55.5201315125429
			42.9404067253872	-55.5201315125429
			42.9000870946592	-55.5201315125429
			42.8597674639311	-55.5201315125429
			42.819447833203	-55.5201315125429
			42.779128202475	-55.5201315125429
			42.7388085717469	-55.5201315125429
			42.6984889410189	-55.560451143271
			42.6581693102908	-55.560451143271
			42.6178496795627	-55.560451143271
			42.5775300488347	-55.560451143271
			42.5372104181066	-55.560451143271
			42.4968907873785	-55.560451143271
			42.4565711566505	-55.560451143271
			42.4162515259224	-55.560451143271
			42.3759318951943	-55.560451143271
			42.3356122644663	-55.6007707739991
			42.2952926337382	-55.6007707739991
			42.2549730030102	-55.6007707739991
			42.2146533722821	-55.6007707739991
			42.174333741554	-55.6007707739991
			42.134014110826	-55.6007707739991
			42.0936944800979	-55.6007707739991
			42.0533748493698	-55.6007707739991
			42.0130552186418	-55.6007707739991
			41.9727355879137	-55.6007707739991
			41.9324159571857	-55.6007707739991
			41.8920963264576	-55.6007707739991
			41.8517766957295	-55.6007707739991
			41.8114570650015	-55.6007707739991
			41.7711374342734	-55.6007707739991
			41.7308178035453	-55.6007707739991
			41.6904981728173	-55.6007707739991
			41.6501785420892	-55.6007707739991
			41.6098589113611	-55.6007707739991
			41.5695392806331	-55.6007707739991
			41.529219649905	-55.6007707739991
			41.488900019177	-55.6007707739991
			41.4485803884489	-55.6007707739991
			41.4082607577208	-55.6007707739991
			41.3679411269928	-55.6007707739991
			41.3276214962647	-55.6007707739991
			41.2873018655366	-55.6007707739991
			41.2469822348086	-55.6007707739991
			41.2066626040805	-55.6007707739991
			41.1663429733524	-55.6007707739991
			41.1260233426244	-55.6007707739991
			41.0857037118963	-55.6007707739991
			41.0453840811683	-55.6007707739991
			41.0050644504402	-55.6007707739991
			40.9647448197121	-55.6007707739991
			40.9244251889841	-55.6007707739991
			40.884105558256	-55.6007707739991
			40.8437859275279	-55.6007707739991
			40.8034662967999	-55.6007707739991
			40.7631466660718	-55.560451143271
			40.7228270353438	-55.560451143271
			40.6825074046157	-55.560451143271
			40.6421877738876	-55.560451143271
			40.6018681431596	-55.560451143271
			40.5615485124315	-55.560451143271
			40.5212288817034	-55.560451143271
			40.4809092509754	-55.5201315125429
			40.4405896202473	-55.5201315125429
			40.4002699895193	-55.5201315125429
			40.3599503587912	-55.5201315125429
			40.3196307280631	-55.5201315125429
			40.2793110973351	-55.5201315125429
			40.238991466607	-55.4798118818149
			40.1986718358789	-55.4798118818149
			40.1583522051509	-55.4798118818149
			40.1180325744228	-55.4798118818149
			40.0777129436947	-55.4798118818149
			40.0373933129667	-55.4394922510868
			39.9970736822386	-55.4394922510868
			39.9567540515106	-55.4394922510868
			39.9164344207825	-55.3991726203587
			39.8761147900544	-55.3991726203587
			39.8357951593264	-55.3991726203587
			39.7954755285983	-55.3588529896307
			39.7551558978702	-55.3588529896307
			39.7148362671422	-55.3588529896307
			39.6745166364141	-55.3185333589026
			39.6341970056861	-55.3185333589026
			39.593877374958	-55.3185333589026
			39.5535577442299	-55.3588529896307
			39.5132381135019	-55.3588529896307
			39.4729184827738	-55.3588529896307
			39.4325988520457	-55.3991726203587
			39.3922792213177	-55.3991726203587
			39.3519595905896	-55.3991726203587
			39.3116399598615	-55.3991726203587
			39.2713203291335	-55.4394922510868
			39.2310006984054	-55.4394922510868
			39.1906810676774	-55.4394922510868
			39.1503614369493	-55.4394922510868
			39.1100418062212	-55.4798118818149
			39.0697221754932	-55.4798118818149
			39.0294025447651	-55.4798118818149
			38.989082914037	-55.4798118818149
			38.948763283309	-55.4798118818149
			38.9084436525809	-55.5201315125429
			38.8681240218529	-55.5201315125429
			38.8278043911248	-55.5201315125429
			38.7874847603967	-55.5201315125429
			38.7471651296687	-55.5201315125429
			38.7068454989406	-55.5201315125429
			38.6665258682125	-55.560451143271
			38.6262062374845	-55.560451143271
			38.5858866067564	-55.560451143271
			38.5455669760283	-55.560451143271
			38.5052473453003	-55.560451143271
			38.4649277145722	-55.560451143271
			38.4246080838442	-55.560451143271
			38.3842884531161	-55.6007707739991
			38.343968822388	-55.6007707739991
			38.30364919166	-55.6007707739991
			38.2633295609319	-55.6007707739991
			38.2230099302038	-55.6007707739991
			38.1826902994758	-55.6007707739991
			38.1423706687477	-55.6007707739991
			38.1020510380197	-55.6007707739991
			38.0617314072916	-55.6007707739991
			38.0214117765635	-55.6007707739991
			37.9810921458355	-55.6007707739991
			37.9407725151074	-55.6007707739991
			37.9004528843793	-55.6007707739991
			37.8601332536513	-55.6007707739991
			37.8198136229232	-55.6410904047271
			37.7794939921951	-55.6410904047271
			37.7391743614671	-55.6410904047271
			37.698854730739	-55.6410904047271
			37.658535100011	-55.6410904047271
			37.6182154692829	-55.6410904047271
			37.5778958385548	-55.6410904047271
			37.5375762078268	-55.6007707739991
			37.4972565770987	-55.6007707739991
			37.4569369463706	-55.6007707739991
			37.4166173156426	-55.6007707739991
			37.3762976849145	-55.6007707739991
			37.3359780541865	-55.6007707739991
			37.2956584234584	-55.6007707739991
			37.2553387927303	-55.6007707739991
			37.2150191620023	-55.6007707739991
			37.1746995312742	-55.6007707739991
			37.1343799005461	-55.6007707739991
			37.0940602698181	-55.6007707739991
			37.05374063909	-55.6007707739991
			37.013421008362	-55.560451143271
			36.9731013776339	-55.560451143271
			36.9327817469058	-55.560451143271
			36.8924621161778	-55.560451143271
			36.8521424854497	-55.560451143271
			36.8118228547216	-55.560451143271
			36.7715032239936	-55.560451143271
			36.7715032239936	-55.5201315125429
			36.7311835932655	-55.5201315125429
			36.6908639625374	-55.5201315125429
			36.6505443318094	-55.5201315125429
			36.6102247010813	-55.5201315125429
			36.5699050703533	-55.5201315125429
			36.5295854396252	-55.4798118818149
			36.4892658088971	-55.4798118818149
			36.4489461781691	-55.4798118818149
			36.408626547441	-55.4798118818149
			36.3683069167129	-55.4394922510868
			36.3279872859849	-55.4394922510868
			36.2876676552568	-55.4394922510868
			36.2473480245287	-55.4394922510868
			36.2070283938007	-55.3991726203587
			36.1667087630726	-55.3991726203587
			36.1263891323446	-55.3991726203587
			36.1263891323446	-55.4394922510868
			36.0860695016165	-55.4394922510868
			36.0457498708884	-55.4798118818149
			36.0054302401604	-55.4798118818149
			35.9651106094323	-55.5201315125429
			35.9247909787042	-55.5201315125429
			35.8844713479762	-55.5201315125429
			35.8441517172481	-55.560451143271
			35.8038320865201	-55.560451143271
			35.763512455792	-55.560451143271
			35.7231928250639	-55.6007707739991
			35.6828731943359	-55.6007707739991
			35.6425535636078	-55.6007707739991
			35.6022339328797	-55.6007707739991
			35.5619143021517	-55.6410904047271
			35.5215946714236	-55.6410904047271
			35.4812750406956	-55.6410904047271
			35.4409554099675	-55.6410904047271
			35.4006357792394	-55.6410904047271
			35.3603161485114	-55.6814100354552
			35.3199965177833	-55.6814100354552
			35.2796768870552	-55.6814100354552
			35.2393572563272	-55.6814100354552
			35.1990376255991	-55.6814100354552
			35.158717994871	-55.6814100354552
			35.118398364143	-55.7217296661832
			35.0780787334149	-55.7217296661832
			35.0377591026869	-55.7217296661832
			34.9974394719588	-55.7217296661832
			34.9571198412307	-55.7217296661832
			34.9168002105027	-55.7217296661832
			34.8764805797746	-55.7217296661832
			34.8361609490465	-55.7217296661832
			34.7958413183185	-55.7217296661832
			34.7555216875904	-55.7217296661832
			34.7152020568624	-55.7217296661832
			34.6748824261343	-55.7217296661832
			34.6345627954062	-55.7620492969113
			34.5942431646782	-55.7620492969113
			34.5539235339501	-55.7620492969113
			34.513603903222	-55.7620492969113
			34.473284272494	-55.7620492969113
			34.4329646417659	-55.7620492969113
			34.3926450110378	-55.7620492969113
			34.3523253803098	-55.7620492969113
			34.3120057495817	-55.7620492969113
			34.2716861188537	-55.7620492969113
			34.2313664881256	-55.7620492969113
			34.2313664881256	-55.8023689276394
			34.1910468573975	-55.8023689276394
			34.1910468573975	-55.8426885583674
			34.1507272266695	-55.8426885583674
			34.1507272266695	-55.8830081890955
			34.1104075959414	-55.8830081890955
			34.1104075959414	-55.9233278198236
			34.0700879652133	-55.9233278198236
			34.0700879652133	-55.9636474505516
			34.0297683344853	-55.9636474505516
			34.0297683344853	-56.0039670812797
			33.9894487037572	-56.0039670812797
			33.9894487037572	-56.0442867120077
			33.9491290730292	-56.0442867120077
			33.9491290730292	-56.0846063427358
			33.9088094423011	-56.0846063427358
			33.9088094423011	-56.1249259734639
			33.868489811573	-56.1249259734639
			33.868489811573	-56.1652456041919
			33.828170180845	-56.1652456041919
			33.7878505501169	-56.1652456041919
			33.7878505501169	-56.20556523492
			33.7475309193888	-56.20556523492
			33.7072112886608	-56.2458848656481
			33.6668916579327	-56.2862044963761
			33.6265720272046	-56.2862044963761
			33.5862523964766	-56.2862044963761
			33.5459327657485	-56.3265241271042
			33.5056131350205	-56.3265241271042
			33.4652935042924	-56.3668437578322
			33.4249738735643	-56.3668437578322
			33.3846542428363	-56.4071633885603
			33.3443346121082	-56.4071633885603
			33.3040149813801	-56.4071633885603
			33.2636953506521	-56.4071633885603
			33.2636953506521	-56.4474830192884
			33.223375719924	-56.4474830192884
			33.183056089196	-56.4474830192884
			33.1427364584679	-56.4474830192884
			33.1024168277398	-56.4474830192884
			33.0620971970118	-56.4878026500164
			33.0217775662837	-56.4878026500164
			32.9814579355556	-56.4878026500164
			32.9411383048276	-56.4878026500164
			32.9008186740995	-56.4878026500164
			32.8604990433714	-56.4878026500164
			32.8201794126434	-56.5281222807445
			32.7798597819153	-56.5281222807445
			32.7395401511873	-56.5281222807445
			32.6992205204592	-56.5281222807445
			32.6589008897311	-56.5281222807445
			32.6185812590031	-56.5281222807445
			32.578261628275	-56.5281222807445
			32.5379419975469	-56.5281222807445
			32.4976223668189	-56.5281222807445
			32.4573027360908	-56.5281222807445
			32.4169831053628	-56.5281222807445
			32.3766634746347	-56.5281222807445
			32.3363438439066	-56.5281222807445
			32.2960242131786	-56.5281222807445
		</c2>
	</curves.scaled>
	<ruler.points type=matrix rownames=TRUE colnames=FALSE nrow=2 ncol=2 as.numeric=TRUE >
		Ruler point 1	2080	381
		Ruler point 2	2328	378
	</ruler.points>
</shapes>

