<shapes type=list>
	<ruler.pixel type=vector names=FALSE length=1 as.numeric=TRUE >246.008129946959</ruler.pixel>
	<ruler.interval type=vector names=FALSE length=1 as.numeric=TRUE >10</ruler.interval>
	<scaling.units type=vector names=FALSE length=1 as.numeric=FALSE >undefined</scaling.units>
	<scaling type=vector names=FALSE length=1 as.numeric=TRUE >0.0406490631108657</scaling>
	<landmarks.pixel type=matrix rownames=TRUE colnames=FALSE nrow=2 ncol=2 as.numeric=TRUE >
		LM1	817	1257
		LM2	1863	1265
	</landmarks.pixel>
	<landmarks.scaled type=matrix rownames=TRUE colnames=FALSE nrow=2 ncol=2 as.numeric=TRUE >
		LM1	33.2102845615773	-51.0958723303582
		LM2	75.7292045755428	-51.4210648352451
	</landmarks.scaled>
	<curves.control type=list>
		<c1 type=matrix rownames=FALSE colnames=FALSE nrow=15 ncol=2 as.numeric=TRUE >
			817	1257
			815	1216
			895	1142
			937	1056
			1028	986
			1224	791
			1383	764
			1571	738
			1642	855
			1671	902
			1722	1001
			1789	1069
			1821	1167
			1863	1239
			1863	1265
		</c1>
		<c2 type=matrix rownames=FALSE colnames=FALSE nrow=21 ncol=2 as.numeric=TRUE >
			1863	1265
			1829	1270
			1806	1251
			1756	1265
			1712	1248
			1666	1254
			1618	1241
			1549	1242
			1492	1233
			1421	1239
			1358	1233
			1310	1242
			1236	1238
			1175	1245
			1109	1242
			1041	1253
			985	1249
			920	1260
			842	1255
			826	1262
			817	1257
		</c2>
	</curves.control>
	<curves.pixel type=list>
		<c1 type=matrix rownames=FALSE colnames=FALSE nrow=1370 ncol=2 as.numeric=TRUE >
			817	1257
			817	1256
			817	1255
			817	1254
			817	1253
			817	1252
			817	1251
			817	1250
			817	1249
			817	1248
			818	1247
			818	1246
			818	1245
			818	1244
			818	1243
			819	1242
			819	1241
			819	1240
			819	1239
			820	1238
			820	1237
			821	1236
			821	1235
			821	1234
			822	1233
			822	1232
			823	1231
			823	1230
			823	1229
			824	1228
			824	1227
			825	1226
			825	1225
			826	1224
			826	1223
			827	1222
			828	1221
			828	1220
			829	1219
			829	1218
			830	1217
			831	1216
			831	1215
			831	1214
			832	1214
			832	1213
			832	1212
			833	1212
			833	1211
			834	1210
			835	1209
			835	1208
			836	1207
			837	1206
			837	1205
			838	1204
			839	1203
			840	1202
			840	1201
			841	1200
			842	1199
			843	1198
			843	1197
			844	1196
			845	1195
			846	1194
			847	1193
			847	1192
			848	1191
			849	1190
			850	1189
			851	1188
			852	1187
			852	1186
			853	1185
			854	1184
			855	1183
			856	1182
			857	1181
			857	1180
			858	1180
			858	1179
			859	1178
			860	1177
			861	1176
			862	1175
			863	1174
			863	1173
			864	1173
			865	1172
			866	1171
			866	1170
			867	1169
			868	1169
			869	1168
			869	1167
			870	1166
			871	1165
			872	1165
			872	1164
			873	1163
			874	1162
			875	1161
			876	1161
			876	1160
			877	1159
			878	1158
			879	1157
			880	1156
			881	1156
			882	1155
			882	1154
			883	1153
			884	1152
			885	1151
			886	1151
			887	1150
			888	1149
			889	1148
			889	1147
			890	1146
			891	1145
			892	1145
			893	1144
			894	1143
			895	1142
			895	1141
			896	1140
			896	1139
			897	1138
			898	1137
			898	1136
			899	1135
			899	1134
			900	1133
			900	1132
			901	1131
			901	1130
			902	1129
			902	1128
			903	1127
			903	1126
			904	1125
			904	1124
			905	1123
			906	1122
			906	1121
			907	1120
			907	1119
			908	1118
			908	1117
			909	1116
			910	1115
			910	1114
			911	1113
			911	1112
			912	1111
			913	1110
			913	1109
			914	1108
			914	1107
			915	1106
			916	1105
			916	1104
			917	1103
			917	1102
			918	1101
			919	1101
			919	1100
			920	1099
			921	1098
			921	1097
			922	1096
			923	1095
			923	1094
			924	1093
			925	1092
			925	1091
			926	1090
			927	1089
			927	1088
			928	1087
			929	1086
			929	1085
			930	1084
			931	1083
			931	1082
			932	1081
			933	1080
			934	1080
			934	1079
			935	1078
			936	1077
			936	1076
			937	1075
			938	1074
			939	1073
			939	1072
			940	1071
			941	1070
			942	1069
			942	1068
			943	1067
			944	1066
			945	1066
			945	1065
			946	1064
			947	1063
			948	1062
			948	1061
			949	1060
			950	1059
			951	1058
			952	1057
			952	1056
			953	1055
			954	1055
			955	1054
			956	1053
			956	1052
			957	1051
			958	1050
			959	1049
			960	1048
			961	1047
			961	1046
			962	1045
			963	1045
			964	1044
			965	1043
			966	1042
			966	1041
			967	1040
			968	1039
			969	1038
			970	1037
			971	1037
			972	1036
			972	1035
			973	1034
			974	1033
			975	1032
			976	1031
			977	1030
			978	1029
			979	1029
			980	1028
			980	1027
			981	1026
			982	1025
			983	1024
			984	1023
			985	1022
			986	1022
			987	1021
			988	1020
			989	1019
			990	1018
			991	1017
			992	1016
			993	1016
			994	1015
			994	1014
			995	1013
			996	1012
			997	1011
			998	1010
			999	1010
			1000	1009
			1001	1008
			1002	1007
			1003	1006
			1004	1005
			1005	1004
			1006	1004
			1007	1003
			1008	1002
			1009	1001
			1010	1000
			1011	999
			1012	999
			1013	998
			1014	997
			1015	996
			1016	995
			1017	994
			1018	993
			1019	993
			1020	992
			1021	991
			1022	990
			1023	989
			1024	989
			1025	988
			1026	988
			1027	987
			1028	986
			1029	985
			1030	984
			1031	983
			1032	982
			1033	981
			1034	980
			1035	979
			1036	978
			1037	977
			1038	976
			1039	975
			1040	975
			1040	974
			1041	973
			1042	972
			1043	971
			1044	970
			1045	970
			1046	969
			1046	968
			1047	967
			1048	966
			1049	966
			1050	965
			1051	964
			1051	963
			1052	962
			1053	961
			1054	961
			1055	960
			1056	959
			1057	958
			1057	957
			1058	957
			1059	956
			1060	955
			1061	954
			1062	953
			1063	953
			1063	952
			1064	951
			1065	950
			1066	950
			1067	949
			1068	948
			1068	947
			1069	946
			1070	946
			1071	945
			1072	944
			1073	943
			1074	942
			1075	941
			1076	940
			1077	939
			1078	938
			1079	937
			1080	936
			1081	935
			1082	934
			1083	934
			1084	933
			1085	932
			1086	931
			1087	930
			1088	929
			1089	928
			1090	927
			1091	926
			1092	926
			1093	925
			1094	924
			1095	923
			1096	922
			1097	921
			1098	920
			1099	919
			1100	919
			1101	918
			1102	917
			1103	916
			1104	915
			1105	914
			1106	913
			1107	913
			1108	912
			1109	911
			1110	910
			1111	909
			1112	908
			1113	908
			1114	907
			1115	906
			1116	905
			1117	904
			1118	903
			1119	903
			1120	902
			1121	901
			1122	900
			1123	899
			1124	899
			1125	898
			1126	897
			1127	896
			1128	895
			1129	895
			1130	894
			1131	893
			1132	892
			1133	891
			1134	891
			1135	890
			1136	889
			1137	888
			1138	888
			1139	887
			1140	886
			1141	885
			1142	885
			1143	884
			1144	883
			1145	882
			1146	881
			1147	881
			1148	880
			1149	879
			1150	878
			1151	878
			1151	877
			1152	876
			1153	876
			1154	875
			1155	874
			1156	873
			1157	873
			1158	872
			1159	871
			1160	870
			1161	870
			1162	869
			1163	868
			1164	868
			1165	867
			1166	866
			1167	865
			1168	865
			1169	864
			1170	863
			1171	863
			1172	862
			1173	861
			1174	861
			1175	860
			1176	859
			1177	859
			1177	858
			1178	857
			1179	857
			1180	856
			1181	855
			1182	855
			1183	854
			1184	853
			1185	853
			1186	852
			1187	851
			1188	851
			1189	850
			1190	849
			1191	849
			1192	848
			1193	847
			1194	847
			1195	846
			1196	845
			1197	844
			1198	844
			1199	843
			1200	842
			1201	842
			1202	841
			1203	841
			1203	840
			1204	840
			1205	839
			1206	839
			1207	838
			1208	837
			1209	836
			1210	836
			1211	835
			1212	835
			1213	834
			1214	833
			1215	833
			1216	832
			1217	832
			1218	831
			1219	830
			1220	830
			1221	829
			1222	829
			1223	828
			1224	827
			1225	827
			1226	826
			1227	826
			1228	825
			1229	825
			1230	824
			1231	823
			1232	822
			1233	822
			1234	821
			1235	821
			1236	820
			1237	820
			1238	819
			1239	819
			1240	818
			1241	818
			1241	817
			1242	817
			1243	816
			1244	816
			1245	815
			1246	815
			1246	814
			1247	814
			1248	814
			1249	813
			1250	813
			1250	812
			1251	812
			1252	811
			1253	811
			1254	810
			1255	810
			1256	809
			1257	809
			1258	808
			1259	808
			1260	807
			1261	807
			1262	806
			1263	806
			1264	805
			1265	805
			1266	804
			1267	804
			1268	803
			1269	803
			1270	802
			1271	802
			1272	801
			1273	801
			1274	800
			1275	800
			1276	799
			1277	799
			1278	798
			1279	798
			1280	798
			1281	797
			1282	796
			1283	796
			1284	796
			1285	795
			1286	795
			1287	794
			1288	794
			1289	793
			1290	793
			1291	792
			1292	792
			1293	791
			1294	791
			1295	790
			1296	790
			1297	790
			1298	789
			1299	789
			1300	788
			1301	788
			1302	788
			1303	787
			1304	787
			1305	786
			1306	786
			1307	786
			1308	785
			1309	785
			1310	784
			1311	784
			1312	784
			1313	783
			1314	783
			1315	783
			1316	782
			1317	782
			1318	782
			1319	781
			1320	781
			1321	780
			1322	780
			1323	780
			1324	779
			1325	779
			1326	779
			1327	778
			1328	778
			1329	778
			1330	777
			1331	777
			1332	777
			1333	776
			1334	776
			1335	776
			1336	776
			1336	775
			1337	775
			1338	775
			1339	774
			1340	774
			1341	774
			1342	774
			1343	773
			1344	773
			1345	773
			1346	772
			1347	772
			1348	772
			1349	772
			1350	771
			1351	771
			1352	771
			1353	770
			1354	770
			1355	770
			1356	770
			1357	769
			1358	769
			1359	769
			1360	769
			1361	768
			1362	768
			1363	768
			1364	768
			1365	768
			1366	767
			1367	767
			1368	767
			1369	767
			1370	767
			1371	766
			1372	766
			1373	766
			1374	766
			1375	766
			1376	765
			1377	765
			1378	765
			1379	765
			1380	765
			1381	764
			1382	764
			1383	764
			1384	764
			1385	764
			1386	764
			1387	763
			1388	763
			1389	763
			1390	763
			1391	763
			1392	763
			1393	763
			1394	763
			1395	762
			1396	762
			1397	762
			1398	762
			1399	762
			1400	762
			1401	762
			1402	762
			1403	762
			1404	762
			1405	761
			1406	761
			1407	761
			1408	761
			1409	761
			1410	761
			1411	761
			1412	761
			1413	761
			1414	761
			1415	761
			1416	760
			1417	760
			1418	760
			1419	760
			1420	760
			1421	760
			1422	760
			1423	760
			1424	760
			1425	760
			1426	760
			1427	760
			1428	760
			1429	760
			1430	760
			1431	760
			1432	760
			1433	760
			1434	759
			1435	759
			1436	759
			1437	759
			1438	759
			1439	759
			1440	759
			1441	759
			1442	759
			1443	759
			1444	759
			1445	759
			1446	759
			1447	759
			1448	759
			1449	759
			1450	759
			1451	759
			1452	759
			1453	759
			1454	759
			1455	759
			1456	759
			1457	759
			1458	759
			1459	759
			1460	759
			1461	760
			1462	760
			1463	760
			1464	760
			1465	760
			1466	760
			1467	760
			1468	760
			1469	760
			1470	760
			1471	760
			1472	760
			1473	760
			1474	760
			1475	760
			1476	760
			1477	760
			1477	761
			1478	761
			1479	761
			1480	761
			1481	761
			1482	761
			1483	761
			1484	761
			1485	761
			1486	761
			1487	761
			1488	762
			1489	762
			1490	762
			1491	762
			1492	762
			1493	762
			1494	762
			1495	763
			1496	763
			1497	763
			1498	763
			1499	763
			1500	763
			1501	763
			1502	764
			1503	764
			1504	764
			1505	764
			1506	764
			1507	764
			1508	765
			1509	765
			1510	765
			1511	765
			1512	766
			1513	766
			1514	766
			1515	766
			1516	766
			1517	767
			1518	767
			1519	767
			1520	767
			1521	767
			1521	768
			1522	768
			1523	768
			1524	768
			1525	769
			1526	769
			1527	769
			1528	769
			1529	770
			1530	770
			1531	770
			1532	771
			1533	771
			1534	771
			1535	771
			1536	772
			1537	772
			1538	773
			1539	773
			1540	773
			1541	774
			1542	774
			1543	774
			1544	774
			1545	775
			1546	775
			1547	776
			1548	776
			1549	777
			1550	777
			1551	777
			1552	778
			1553	778
			1554	779
			1555	779
			1556	780
			1557	780
			1558	780
			1559	781
			1560	781
			1561	782
			1562	782
			1563	783
			1564	783
			1565	784
			1566	784
			1567	785
			1568	785
			1569	786
			1570	786
			1571	787
			1572	787
			1573	788
			1574	788
			1575	789
			1576	789
			1576	790
			1577	790
			1578	791
			1579	791
			1580	792
			1581	792
			1582	793
			1583	794
			1584	794
			1585	795
			1586	796
			1587	797
			1588	797
			1589	798
			1590	799
			1591	800
			1592	800
			1593	800
			1593	801
			1594	801
			1595	802
			1596	803
			1597	804
			1598	805
			1599	806
			1600	806
			1601	807
			1602	808
			1603	808
			1603	809
			1604	809
			1605	810
			1605	811
			1606	811
			1607	812
			1608	813
			1609	814
			1610	815
			1611	816
			1612	817
			1613	818
			1614	819
			1615	820
			1616	821
			1617	822
			1618	823
			1619	824
			1620	825
			1620	826
			1621	827
			1622	828
			1623	829
			1624	830
			1625	831
			1626	832
			1626	833
			1627	834
			1628	835
			1629	836
			1630	837
			1631	838
			1631	839
			1632	840
			1633	841
			1634	842
			1634	843
			1635	844
			1636	845
			1637	846
			1637	847
			1638	848
			1638	849
			1639	850
			1639	851
			1640	851
			1640	852
			1641	853
			1641	854
			1642	855
			1642	856
			1643	856
			1643	857
			1644	858
			1645	859
			1645	860
			1646	861
			1646	862
			1647	863
			1647	864
			1648	864
			1648	865
			1649	866
			1649	867
			1650	868
			1650	869
			1651	870
			1652	871
			1652	872
			1653	873
			1653	874
			1654	875
			1654	876
			1655	877
			1656	878
			1656	879
			1657	880
			1657	881
			1658	882
			1659	883
			1659	884
			1660	885
			1660	886
			1661	887
			1662	888
			1662	889
			1662	890
			1663	890
			1663	891
			1664	892
			1664	893
			1665	894
			1665	895
			1666	896
			1667	897
			1667	898
			1668	899
			1668	900
			1669	901
			1670	902
			1670	903
			1671	904
			1671	905
			1671	906
			1672	906
			1672	907
			1672	908
			1673	908
			1673	909
			1674	910
			1674	911
			1675	912
			1676	913
			1676	914
			1677	915
			1677	916
			1677	917
			1678	917
			1678	918
			1679	919
			1679	920
			1680	921
			1680	922
			1681	923
			1682	924
			1682	925
			1683	926
			1683	927
			1684	928
			1684	929
			1685	930
			1685	931
			1686	932
			1686	933
			1687	934
			1688	935
			1688	936
			1688	937
			1689	937
			1689	938
			1689	939
			1690	939
			1690	940
			1690	941
			1691	941
			1691	942
			1692	943
			1692	944
			1693	945
			1693	946
			1694	947
			1694	948
			1695	949
			1695	950
			1696	951
			1696	952
			1697	953
			1697	954
			1698	955
			1698	956
			1699	957
			1699	958
			1700	959
			1701	960
			1701	961
			1702	962
			1702	963
			1703	964
			1703	965
			1704	966
			1704	967
			1705	968
			1705	969
			1706	970
			1706	971
			1707	972
			1707	973
			1708	974
			1708	975
			1709	976
			1710	977
			1710	978
			1711	979
			1711	980
			1712	981
			1712	982
			1713	983
			1713	984
			1714	985
			1714	986
			1715	987
			1715	988
			1716	989
			1716	990
			1717	991
			1717	992
			1718	992
			1718	993
			1718	994
			1719	995
			1719	996
			1720	996
			1720	997
			1720	998
			1721	999
			1721	1000
			1722	1000
			1722	1001
			1723	1002
			1724	1003
			1725	1004
			1726	1005
			1727	1006
			1728	1007
			1729	1008
			1730	1009
			1730	1010
			1731	1010
			1732	1011
			1732	1012
			1733	1012
			1733	1013
			1734	1014
			1735	1015
			1736	1016
			1737	1017
			1738	1018
			1739	1019
			1739	1020
			1740	1021
			1741	1022
			1742	1022
			1742	1023
			1743	1024
			1744	1025
			1744	1026
			1745	1027
			1746	1028
			1747	1028
			1747	1029
			1748	1030
			1749	1031
			1749	1032
			1750	1033
			1751	1034
			1752	1035
			1753	1036
			1754	1037
			1754	1038
			1755	1039
			1756	1040
			1757	1041
			1757	1042
			1758	1043
			1758	1044
			1759	1044
			1760	1045
			1760	1046
			1761	1047
			1762	1048
			1762	1049
			1763	1050
			1764	1051
			1764	1052
			1765	1053
			1766	1054
			1766	1055
			1767	1056
			1768	1057
			1768	1058
			1769	1059
			1770	1060
			1770	1061
			1771	1062
			1772	1063
			1772	1064
			1773	1065
			1774	1066
			1774	1067
			1775	1068
			1775	1069
			1776	1070
			1777	1071
			1777	1072
			1778	1073
			1778	1074
			1779	1075
			1780	1076
			1780	1077
			1781	1078
			1781	1079
			1782	1080
			1783	1081
			1783	1082
			1784	1083
			1784	1084
			1785	1085
			1786	1086
			1786	1087
			1787	1088
			1787	1089
			1788	1090
			1788	1091
			1789	1092
			1790	1093
			1790	1094
			1791	1095
			1791	1096
			1792	1097
			1792	1098
			1793	1099
			1793	1100
			1794	1101
			1794	1102
			1795	1103
			1796	1104
			1796	1105
			1796	1106
			1797	1107
			1797	1108
			1798	1109
			1798	1110
			1799	1111
			1799	1112
			1800	1113
			1800	1114
			1801	1115
			1801	1116
			1801	1117
			1802	1118
			1802	1119
			1803	1120
			1803	1121
			1804	1122
			1804	1123
			1804	1124
			1805	1124
			1805	1125
			1806	1126
			1806	1127
			1807	1128
			1807	1129
			1807	1130
			1808	1131
			1808	1132
			1809	1133
			1809	1134
			1809	1135
			1810	1136
			1810	1137
			1811	1138
			1811	1139
			1811	1140
			1812	1141
			1812	1142
			1812	1143
			1813	1144
			1813	1145
			1814	1146
			1814	1147
			1814	1148
			1815	1149
			1815	1150
			1815	1151
			1816	1152
			1816	1153
			1817	1154
			1817	1155
			1817	1156
			1818	1157
			1818	1158
			1818	1159
			1819	1160
			1819	1161
			1819	1162
			1820	1163
			1820	1164
			1820	1165
			1821	1166
			1821	1167
			1821	1168
			1822	1169
			1823	1170
			1823	1171
			1824	1172
			1824	1173
			1825	1174
			1826	1175
			1826	1176
			1827	1177
			1828	1178
			1828	1179
			1829	1180
			1829	1181
			1830	1182
			1830	1183
			1831	1184
			1831	1185
			1832	1186
			1832	1187
			1833	1188
			1833	1189
			1834	1190
			1834	1191
			1835	1191
			1835	1192
			1836	1193
			1836	1194
			1837	1195
			1837	1196
			1838	1197
			1838	1198
			1839	1199
			1839	1200
			1840	1201
			1840	1202
			1841	1203
			1841	1204
			1842	1205
			1842	1206
			1843	1207
			1843	1208
			1844	1208
			1844	1209
			1844	1210
			1845	1211
			1845	1212
			1846	1213
			1846	1214
			1847	1215
			1847	1216
			1848	1217
			1848	1218
			1849	1219
			1849	1220
			1850	1221
			1850	1222
			1851	1223
			1851	1224
			1851	1225
			1852	1226
			1852	1227
			1853	1228
			1853	1229
			1853	1230
			1854	1231
			1855	1232
			1855	1233
			1855	1234
			1856	1235
			1856	1236
			1856	1237
			1857	1238
			1857	1239
			1858	1240
			1858	1241
			1858	1242
			1859	1243
			1859	1244
			1859	1245
			1859	1246
			1860	1247
			1860	1248
			1860	1249
			1861	1250
			1861	1251
			1861	1252
			1861	1253
			1862	1254
			1862	1255
			1862	1256
			1862	1257
			1862	1258
			1862	1259
			1863	1259
			1863	1260
			1863	1261
			1863	1262
			1863	1263
			1863	1264
			1863	1265
		</c1>
		<c2 type=matrix rownames=FALSE colnames=FALSE nrow=1051 ncol=2 as.numeric=TRUE >
			1863	1265
			1862	1265
			1861	1265
			1860	1265
			1859	1266
			1858	1266
			1857	1266
			1856	1266
			1855	1266
			1854	1266
			1853	1266
			1852	1266
			1851	1266
			1850	1266
			1849	1266
			1848	1266
			1847	1266
			1846	1266
			1845	1266
			1844	1266
			1843	1266
			1842	1266
			1841	1266
			1840	1265
			1839	1265
			1838	1265
			1837	1265
			1836	1265
			1835	1265
			1834	1264
			1833	1264
			1832	1264
			1831	1264
			1830	1264
			1829	1263
			1828	1263
			1827	1263
			1826	1262
			1825	1262
			1824	1261
			1823	1261
			1822	1261
			1821	1260
			1820	1260
			1819	1259
			1818	1259
			1817	1258
			1816	1258
			1815	1258
			1815	1257
			1814	1257
			1813	1256
			1812	1255
			1811	1254
			1810	1254
			1809	1253
			1808	1253
			1807	1252
			1807	1251
			1806	1251
			1805	1251
			1804	1252
			1803	1252
			1802	1252
			1801	1252
			1800	1253
			1799	1253
			1798	1253
			1797	1253
			1796	1253
			1795	1254
			1794	1254
			1793	1254
			1792	1254
			1791	1255
			1790	1255
			1789	1255
			1788	1255
			1787	1255
			1786	1255
			1785	1256
			1784	1256
			1783	1256
			1782	1256
			1781	1256
			1780	1256
			1779	1256
			1778	1256
			1777	1257
			1776	1257
			1775	1257
			1774	1257
			1773	1257
			1772	1257
			1771	1257
			1770	1257
			1769	1257
			1768	1257
			1767	1257
			1766	1257
			1765	1257
			1764	1257
			1763	1257
			1762	1257
			1761	1257
			1760	1257
			1759	1257
			1758	1257
			1757	1257
			1756	1257
			1755	1257
			1754	1257
			1753	1257
			1752	1257
			1751	1257
			1750	1257
			1749	1257
			1748	1257
			1747	1257
			1746	1256
			1745	1256
			1744	1256
			1743	1256
			1742	1256
			1741	1256
			1740	1256
			1739	1255
			1738	1255
			1737	1255
			1736	1255
			1735	1255
			1734	1255
			1733	1254
			1732	1254
			1731	1254
			1730	1254
			1729	1253
			1728	1253
			1727	1253
			1726	1253
			1726	1252
			1725	1252
			1724	1252
			1723	1252
			1722	1251
			1721	1251
			1720	1251
			1719	1251
			1718	1250
			1717	1250
			1716	1249
			1715	1249
			1714	1249
			1713	1248
			1712	1248
			1711	1248
			1710	1248
			1709	1248
			1708	1248
			1707	1249
			1706	1249
			1705	1249
			1704	1249
			1703	1249
			1702	1249
			1701	1249
			1700	1249
			1699	1249
			1698	1249
			1697	1249
			1696	1250
			1695	1250
			1694	1250
			1693	1250
			1692	1250
			1691	1250
			1690	1250
			1689	1250
			1688	1250
			1687	1250
			1686	1250
			1685	1250
			1684	1250
			1683	1250
			1682	1250
			1681	1250
			1680	1250
			1679	1250
			1678	1250
			1677	1250
			1676	1250
			1675	1250
			1674	1250
			1673	1250
			1672	1250
			1671	1250
			1670	1250
			1669	1249
			1668	1249
			1667	1249
			1666	1249
			1665	1249
			1664	1249
			1663	1249
			1662	1249
			1661	1249
			1660	1249
			1659	1249
			1658	1249
			1657	1248
			1656	1248
			1655	1248
			1654	1248
			1653	1248
			1652	1248
			1651	1248
			1650	1248
			1649	1247
			1648	1247
			1647	1247
			1646	1247
			1645	1247
			1644	1247
			1643	1246
			1642	1246
			1641	1246
			1640	1246
			1639	1246
			1638	1246
			1637	1245
			1636	1245
			1635	1245
			1634	1245
			1633	1245
			1632	1244
			1631	1244
			1630	1244
			1629	1244
			1628	1244
			1627	1243
			1626	1243
			1625	1243
			1624	1243
			1623	1242
			1622	1242
			1621	1242
			1620	1242
			1619	1241
			1618	1241
			1617	1241
			1616	1241
			1615	1241
			1614	1241
			1613	1241
			1612	1241
			1611	1241
			1610	1241
			1609	1241
			1608	1241
			1607	1241
			1606	1241
			1605	1241
			1604	1241
			1603	1241
			1602	1241
			1601	1241
			1600	1241
			1599	1241
			1598	1241
			1597	1241
			1596	1241
			1595	1241
			1594	1241
			1593	1241
			1592	1241
			1591	1241
			1590	1241
			1589	1241
			1588	1241
			1587	1241
			1586	1241
			1585	1241
			1584	1241
			1583	1241
			1582	1241
			1581	1241
			1580	1241
			1579	1241
			1578	1241
			1577	1241
			1576	1241
			1575	1241
			1574	1241
			1573	1241
			1572	1240
			1571	1240
			1570	1240
			1569	1240
			1568	1240
			1567	1240
			1566	1240
			1565	1240
			1564	1240
			1563	1240
			1562	1240
			1561	1240
			1560	1240
			1559	1240
			1558	1240
			1557	1240
			1556	1240
			1555	1240
			1554	1240
			1553	1240
			1552	1240
			1551	1239
			1550	1239
			1549	1239
			1548	1239
			1547	1239
			1546	1239
			1545	1239
			1544	1239
			1543	1239
			1542	1239
			1541	1239
			1540	1239
			1539	1239
			1538	1238
			1537	1238
			1536	1238
			1535	1238
			1534	1238
			1533	1238
			1532	1238
			1531	1238
			1530	1238
			1529	1238
			1528	1238
			1527	1237
			1526	1237
			1525	1237
			1524	1237
			1523	1237
			1522	1237
			1521	1237
			1520	1237
			1519	1237
			1518	1237
			1517	1236
			1516	1236
			1515	1236
			1514	1236
			1513	1236
			1512	1236
			1511	1236
			1510	1236
			1509	1235
			1508	1235
			1507	1235
			1506	1235
			1505	1235
			1504	1235
			1503	1235
			1502	1235
			1501	1234
			1500	1234
			1499	1234
			1498	1234
			1497	1234
			1496	1234
			1495	1233
			1494	1233
			1493	1233
			1492	1233
			1491	1233
			1490	1233
			1489	1233
			1488	1233
			1487	1233
			1486	1233
			1485	1234
			1484	1234
			1483	1234
			1482	1234
			1481	1234
			1480	1234
			1479	1234
			1478	1234
			1477	1234
			1476	1234
			1475	1234
			1474	1234
			1473	1234
			1472	1234
			1471	1235
			1470	1235
			1469	1235
			1468	1235
			1467	1235
			1466	1235
			1465	1235
			1464	1235
			1463	1235
			1462	1235
			1461	1235
			1460	1235
			1459	1235
			1458	1235
			1457	1235
			1456	1235
			1455	1235
			1454	1235
			1453	1235
			1452	1235
			1451	1235
			1450	1236
			1449	1236
			1448	1236
			1447	1236
			1446	1236
			1445	1236
			1444	1236
			1443	1236
			1442	1236
			1441	1236
			1440	1236
			1439	1236
			1438	1236
			1437	1236
			1436	1236
			1435	1236
			1434	1236
			1433	1236
			1432	1236
			1431	1236
			1430	1236
			1429	1236
			1428	1236
			1427	1236
			1426	1236
			1425	1236
			1424	1236
			1423	1236
			1422	1236
			1421	1236
			1420	1236
			1419	1236
			1418	1236
			1417	1236
			1416	1236
			1415	1236
			1414	1236
			1413	1236
			1412	1236
			1411	1236
			1410	1236
			1409	1236
			1408	1236
			1407	1236
			1406	1236
			1405	1236
			1404	1236
			1403	1236
			1402	1236
			1401	1236
			1400	1236
			1399	1236
			1398	1236
			1397	1236
			1396	1235
			1395	1235
			1394	1235
			1393	1235
			1392	1235
			1391	1235
			1390	1235
			1389	1235
			1388	1235
			1387	1235
			1386	1235
			1385	1235
			1384	1235
			1383	1235
			1382	1235
			1381	1235
			1380	1235
			1379	1235
			1378	1235
			1377	1235
			1376	1234
			1375	1234
			1374	1234
			1373	1234
			1372	1234
			1371	1234
			1370	1234
			1369	1234
			1368	1234
			1367	1234
			1366	1234
			1365	1234
			1364	1234
			1363	1233
			1362	1233
			1361	1233
			1360	1233
			1359	1233
			1358	1233
			1357	1233
			1356	1233
			1355	1234
			1354	1234
			1353	1234
			1352	1234
			1351	1234
			1350	1234
			1349	1235
			1348	1235
			1347	1235
			1346	1235
			1345	1235
			1344	1235
			1343	1235
			1342	1236
			1341	1236
			1340	1236
			1339	1236
			1338	1236
			1337	1236
			1336	1236
			1335	1236
			1334	1237
			1333	1237
			1332	1237
			1331	1237
			1330	1237
			1329	1237
			1328	1237
			1327	1237
			1326	1237
			1325	1237
			1324	1238
			1323	1238
			1322	1238
			1321	1238
			1320	1238
			1319	1238
			1318	1238
			1317	1238
			1316	1238
			1315	1238
			1314	1238
			1313	1238
			1312	1238
			1311	1238
			1310	1238
			1309	1238
			1308	1239
			1307	1239
			1306	1239
			1305	1239
			1304	1239
			1303	1239
			1302	1239
			1301	1239
			1300	1239
			1299	1239
			1298	1239
			1297	1239
			1296	1239
			1295	1239
			1294	1239
			1293	1239
			1292	1239
			1291	1239
			1290	1239
			1289	1239
			1288	1239
			1287	1239
			1286	1239
			1285	1239
			1284	1239
			1283	1239
			1282	1239
			1281	1239
			1280	1239
			1279	1239
			1278	1239
			1277	1239
			1276	1239
			1275	1239
			1274	1239
			1273	1239
			1272	1239
			1271	1239
			1270	1239
			1269	1239
			1268	1239
			1267	1239
			1266	1239
			1265	1239
			1264	1239
			1263	1239
			1262	1239
			1261	1239
			1260	1239
			1259	1239
			1258	1239
			1257	1239
			1256	1239
			1255	1239
			1254	1239
			1253	1239
			1252	1239
			1251	1239
			1250	1239
			1249	1239
			1248	1239
			1247	1239
			1246	1238
			1245	1238
			1244	1238
			1243	1238
			1242	1238
			1241	1238
			1240	1238
			1239	1238
			1238	1238
			1237	1238
			1236	1238
			1235	1238
			1234	1238
			1233	1238
			1232	1238
			1231	1239
			1230	1239
			1229	1239
			1228	1239
			1227	1239
			1226	1239
			1225	1239
			1224	1239
			1223	1239
			1222	1239
			1222	1240
			1221	1240
			1220	1240
			1219	1240
			1218	1240
			1217	1240
			1216	1240
			1215	1240
			1214	1240
			1213	1240
			1212	1240
			1211	1240
			1210	1241
			1209	1241
			1208	1241
			1207	1241
			1206	1241
			1205	1241
			1204	1241
			1203	1241
			1202	1241
			1201	1241
			1200	1241
			1199	1241
			1198	1241
			1197	1241
			1196	1241
			1195	1242
			1194	1242
			1193	1242
			1192	1242
			1191	1242
			1190	1242
			1189	1242
			1188	1242
			1187	1242
			1186	1242
			1185	1242
			1184	1242
			1183	1242
			1182	1242
			1181	1242
			1180	1242
			1179	1242
			1178	1242
			1177	1242
			1176	1242
			1175	1242
			1174	1242
			1173	1243
			1172	1243
			1171	1243
			1170	1243
			1169	1243
			1168	1243
			1167	1243
			1166	1243
			1165	1243
			1164	1243
			1163	1243
			1162	1243
			1161	1243
			1160	1243
			1159	1243
			1158	1243
			1157	1243
			1156	1243
			1155	1243
			1154	1243
			1153	1243
			1152	1243
			1151	1243
			1150	1243
			1149	1243
			1148	1243
			1147	1243
			1146	1243
			1145	1243
			1144	1243
			1143	1243
			1142	1243
			1141	1243
			1140	1243
			1139	1243
			1138	1243
			1137	1243
			1136	1243
			1135	1243
			1134	1243
			1133	1243
			1132	1243
			1131	1243
			1130	1243
			1129	1243
			1128	1243
			1127	1243
			1126	1243
			1125	1243
			1124	1243
			1123	1243
			1122	1242
			1121	1242
			1120	1242
			1119	1242
			1118	1242
			1117	1242
			1116	1242
			1115	1242
			1114	1242
			1113	1242
			1112	1242
			1111	1242
			1110	1242
			1109	1242
			1108	1242
			1107	1242
			1106	1242
			1105	1243
			1104	1243
			1103	1243
			1102	1243
			1101	1243
			1100	1243
			1099	1243
			1098	1244
			1097	1244
			1096	1244
			1095	1244
			1094	1244
			1093	1244
			1092	1245
			1091	1245
			1090	1245
			1089	1245
			1088	1245
			1087	1245
			1086	1245
			1085	1245
			1084	1246
			1083	1246
			1082	1246
			1081	1246
			1080	1246
			1079	1246
			1078	1246
			1077	1246
			1076	1247
			1075	1247
			1074	1247
			1073	1247
			1072	1247
			1071	1247
			1070	1247
			1069	1247
			1068	1247
			1067	1247
			1066	1248
			1065	1248
			1064	1248
			1063	1248
			1062	1248
			1061	1248
			1060	1248
			1059	1248
			1058	1248
			1057	1248
			1056	1248
			1055	1249
			1054	1249
			1053	1249
			1052	1249
			1051	1249
			1050	1249
			1049	1249
			1048	1249
			1047	1249
			1046	1249
			1045	1249
			1044	1249
			1043	1249
			1042	1249
			1041	1249
			1040	1249
			1039	1250
			1038	1250
			1037	1250
			1036	1250
			1035	1250
			1034	1250
			1033	1250
			1032	1250
			1031	1250
			1030	1250
			1029	1250
			1028	1250
			1027	1250
			1026	1250
			1025	1250
			1024	1250
			1023	1250
			1022	1250
			1021	1250
			1020	1250
			1019	1250
			1018	1250
			1017	1250
			1016	1250
			1015	1250
			1014	1250
			1013	1250
			1012	1250
			1011	1250
			1010	1250
			1009	1250
			1008	1250
			1007	1250
			1006	1250
			1005	1250
			1004	1250
			1003	1250
			1002	1250
			1001	1250
			1000	1250
			999	1250
			998	1250
			997	1250
			996	1250
			995	1250
			994	1250
			993	1249
			992	1249
			991	1249
			990	1249
			989	1249
			988	1249
			987	1249
			986	1249
			985	1249
			984	1249
			983	1249
			982	1250
			981	1250
			980	1250
			979	1250
			978	1250
			977	1250
			976	1250
			975	1251
			974	1251
			973	1251
			972	1251
			971	1251
			970	1251
			969	1251
			968	1252
			967	1252
			966	1252
			965	1252
			964	1252
			963	1252
			962	1252
			961	1252
			960	1253
			959	1253
			958	1253
			957	1253
			956	1253
			955	1253
			954	1253
			953	1253
			952	1253
			951	1254
			950	1254
			949	1254
			948	1254
			947	1254
			946	1254
			945	1254
			944	1254
			943	1254
			942	1254
			941	1254
			940	1255
			939	1255
			938	1255
			937	1255
			936	1255
			935	1255
			934	1255
			933	1255
			932	1255
			931	1255
			930	1255
			929	1255
			928	1255
			927	1255
			926	1256
			925	1256
			924	1256
			923	1256
			922	1256
			921	1256
			920	1256
			919	1256
			918	1256
			917	1256
			916	1256
			915	1256
			914	1256
			913	1256
			912	1256
			911	1256
			910	1256
			909	1256
			908	1256
			907	1256
			906	1256
			905	1256
			904	1256
			903	1256
			902	1256
			901	1256
			900	1256
			899	1256
			898	1257
			897	1257
			896	1257
			895	1257
			894	1257
			893	1257
			892	1257
			891	1257
			890	1257
			889	1257
			888	1257
			887	1257
			886	1257
			885	1257
			884	1257
			883	1257
			882	1257
			881	1257
			880	1256
			879	1256
			878	1256
			877	1256
			876	1256
			875	1256
			874	1256
			873	1256
			872	1256
			871	1256
			870	1256
			869	1256
			868	1256
			867	1256
			866	1256
			865	1256
			864	1256
			863	1256
			862	1256
			861	1256
			860	1256
			859	1256
			858	1256
			857	1256
			856	1256
			855	1256
			854	1256
			853	1256
			852	1256
			851	1256
			850	1255
			849	1255
			848	1255
			847	1255
			846	1255
			845	1255
			844	1255
			843	1255
			842	1255
			841	1255
			840	1256
			839	1256
			838	1257
			837	1257
			836	1257
			835	1258
			834	1258
			833	1258
			832	1258
			831	1259
			830	1259
			829	1259
			828	1259
			827	1259
			826	1259
			825	1259
			824	1259
			823	1259
			822	1259
			821	1258
			820	1258
			819	1258
			818	1258
			817	1257
		</c2>
	</curves.pixel>
	<curves.scaled type=list>
		<c1 type=matrix rownames=FALSE colnames=FALSE nrow=1370 ncol=2 as.numeric=TRUE >
			33.2102845615773	-51.0958723303582
			33.2102845615773	-51.0552232672473
			33.2102845615773	-51.0145742041365
			33.2102845615773	-50.9739251410256
			33.2102845615773	-50.9332760779147
			33.2102845615773	-50.8926270148039
			33.2102845615773	-50.851977951693
			33.2102845615773	-50.8113288885821
			33.2102845615773	-50.7706798254713
			33.2102845615773	-50.7300307623604
			33.2509336246881	-50.6893816992495
			33.2509336246881	-50.6487326361387
			33.2509336246881	-50.6080835730278
			33.2509336246881	-50.5674345099169
			33.2509336246881	-50.5267854468061
			33.291582687799	-50.4861363836952
			33.291582687799	-50.4454873205843
			33.291582687799	-50.4048382574735
			33.291582687799	-50.3641891943626
			33.3322317509099	-50.3235401312517
			33.3322317509099	-50.2828910681409
			33.3728808140207	-50.24224200503
			33.3728808140207	-50.2015929419191
			33.3728808140207	-50.1609438788083
			33.4135298771316	-50.1202948156974
			33.4135298771316	-50.0796457525866
			33.4541789402425	-50.0389966894757
			33.4541789402425	-49.9983476263648
			33.4541789402425	-49.9576985632539
			33.4948280033533	-49.9170495001431
			33.4948280033533	-49.8764004370322
			33.5354770664642	-49.8357513739214
			33.5354770664642	-49.7951023108105
			33.5761261295751	-49.7544532476996
			33.5761261295751	-49.7138041845888
			33.6167751926859	-49.6731551214779
			33.6574242557968	-49.632506058367
			33.6574242557968	-49.5918569952562
			33.6980733189077	-49.5512079321453
			33.6980733189077	-49.5105588690344
			33.7387223820185	-49.4699098059236
			33.7793714451294	-49.4292607428127
			33.7793714451294	-49.3886116797018
			33.7793714451294	-49.347962616591
			33.8200205082403	-49.347962616591
			33.8200205082403	-49.3073135534801
			33.8200205082403	-49.2666644903692
			33.8606695713511	-49.2666644903692
			33.8606695713511	-49.2260154272584
			33.901318634462	-49.1853663641475
			33.9419676975729	-49.1447173010366
			33.9419676975729	-49.1040682379258
			33.9826167606837	-49.0634191748149
			34.0232658237946	-49.022770111704
			34.0232658237946	-48.9821210485932
			34.0639148869055	-48.9414719854823
			34.1045639500163	-48.9008229223714
			34.1452130131272	-48.8601738592606
			34.1452130131272	-48.8195247961497
			34.1858620762381	-48.7788757330388
			34.2265111393489	-48.738226669928
			34.2671602024598	-48.6975776068171
			34.2671602024598	-48.6569285437063
			34.3078092655707	-48.6162794805954
			34.3484583286815	-48.5756304174845
			34.3891073917924	-48.5349813543736
			34.4297564549032	-48.4943322912628
			34.4297564549032	-48.4536832281519
			34.4704055180141	-48.4130341650411
			34.511054581125	-48.3723851019302
			34.5517036442359	-48.3317360388193
			34.5923527073467	-48.2910869757085
			34.6330017704576	-48.2504379125976
			34.6330017704576	-48.2097888494867
			34.6736508335684	-48.1691397863759
			34.7142998966793	-48.128490723265
			34.7549489597902	-48.0878416601541
			34.795598022901	-48.0471925970433
			34.8362470860119	-48.0065435339324
			34.8362470860119	-47.9658944708215
			34.8768961491228	-47.9658944708215
			34.8768961491228	-47.9252454077107
			34.9175452122336	-47.8845963445998
			34.9581942753445	-47.8439472814889
			34.9988433384554	-47.8032982183781
			35.0394924015662	-47.7626491552672
			35.0801414646771	-47.7220000921563
			35.0801414646771	-47.6813510290455
			35.120790527788	-47.6813510290455
			35.1614395908988	-47.6407019659346
			35.2020886540097	-47.6000529028237
			35.2020886540097	-47.5594038397129
			35.2427377171206	-47.518754776602
			35.2833867802314	-47.518754776602
			35.3240358433423	-47.4781057134911
			35.3240358433423	-47.4374566503803
			35.3646849064532	-47.3968075872694
			35.405333969564	-47.3561585241585
			35.4459830326749	-47.3561585241585
			35.4459830326749	-47.3155094610477
			35.4866320957858	-47.2748603979368
			35.5272811588966	-47.234211334826
			35.5679302220075	-47.1935622717151
			35.6085792851184	-47.1935622717151
			35.6085792851184	-47.1529132086042
			35.6492283482292	-47.1122641454933
			35.6898774113401	-47.0716150823825
			35.730526474451	-47.0309660192716
			35.7711755375618	-46.9903169561608
			35.8118246006727	-46.9903169561608
			35.8524736637835	-46.9496678930499
			35.8524736637835	-46.909018829939
			35.8931227268944	-46.8683697668282
			35.9337717900053	-46.8277207037173
			35.9744208531162	-46.7870716406064
			36.015069916227	-46.7870716406064
			36.0557189793379	-46.7464225774956
			36.0963680424487	-46.7057735143847
			36.1370171055596	-46.6651244512738
			36.1370171055596	-46.624475388163
			36.1776661686705	-46.5838263250521
			36.2183152317813	-46.5431772619412
			36.2589642948922	-46.5431772619412
			36.2996133580031	-46.5025281988304
			36.3402624211139	-46.4618791357195
			36.3809114842248	-46.4212300726086
			36.3809114842248	-46.3805810094978
			36.4215605473357	-46.3399319463869
			36.4215605473357	-46.299282883276
			36.4622096104465	-46.2586338201652
			36.5028586735574	-46.2179847570543
			36.5028586735574	-46.1773356939434
			36.5435077366683	-46.1366866308326
			36.5435077366683	-46.0960375677217
			36.5841567997791	-46.0553885046108
			36.5841567997791	-46.0147394415
			36.62480586289	-45.9740903783891
			36.62480586289	-45.9334413152782
			36.6654549260009	-45.8927922521674
			36.6654549260009	-45.8521431890565
			36.7061039891117	-45.8114941259457
			36.7061039891117	-45.7708450628348
			36.7467530522226	-45.7301959997239
			36.7467530522226	-45.6895469366131
			36.7874021153335	-45.6488978735022
			36.8280511784443	-45.6082488103913
			36.8280511784443	-45.5675997472805
			36.8687002415552	-45.5269506841696
			36.8687002415552	-45.4863016210587
			36.9093493046661	-45.4456525579479
			36.9093493046661	-45.405003494837
			36.9499983677769	-45.3643544317261
			36.9906474308878	-45.3237053686153
			36.9906474308878	-45.2830563055044
			37.0312964939987	-45.2424072423935
			37.0312964939987	-45.2017581792827
			37.0719455571095	-45.1611091161718
			37.1125946202204	-45.1204600530609
			37.1125946202204	-45.0798109899501
			37.1532436833313	-45.0391619268392
			37.1532436833313	-44.9985128637283
			37.1938927464421	-44.9578638006175
			37.234541809553	-44.9172147375066
			37.234541809553	-44.8765656743957
			37.2751908726638	-44.8359166112849
			37.2751908726638	-44.795267548174
			37.3158399357747	-44.7546184850631
			37.3564889988856	-44.7546184850631
			37.3564889988856	-44.7139694219523
			37.3971380619965	-44.6733203588414
			37.4377871251073	-44.6326712957305
			37.4377871251073	-44.5920222326197
			37.4784361882182	-44.5513731695088
			37.519085251329	-44.5107241063979
			37.519085251329	-44.4700750432871
			37.5597343144399	-44.4294259801762
			37.6003833775508	-44.3887769170653
			37.6003833775508	-44.3481278539545
			37.6410324406616	-44.3074787908436
			37.6816815037725	-44.2668297277328
			37.6816815037725	-44.2261806646219
			37.7223305668834	-44.185531601511
			37.7629796299942	-44.1448825384002
			37.7629796299942	-44.1042334752893
			37.8036286931051	-44.0635844121784
			37.844277756216	-44.0229353490676
			37.844277756216	-43.9822862859567
			37.8849268193268	-43.9416372228458
			37.9255758824377	-43.900988159735
			37.9662249455486	-43.900988159735
			37.9662249455486	-43.8603390966241
			38.0068740086594	-43.8196900335132
			38.0475230717703	-43.7790409704024
			38.0475230717703	-43.7383919072915
			38.0881721348812	-43.6977428441806
			38.128821197992	-43.6570937810698
			38.1694702611029	-43.6164447179589
			38.1694702611029	-43.575795654848
			38.2101193242138	-43.5351465917372
			38.2507683873246	-43.4944975286263
			38.2914174504355	-43.4538484655154
			38.2914174504355	-43.4131994024046
			38.3320665135464	-43.3725503392937
			38.3727155766572	-43.3319012761828
			38.4133646397681	-43.3319012761828
			38.4133646397681	-43.291252213072
			38.454013702879	-43.2506031499611
			38.4946627659898	-43.2099540868502
			38.5353118291007	-43.1693050237394
			38.5353118291007	-43.1286559606285
			38.5759608922116	-43.0880068975176
			38.6166099553224	-43.0473578344068
			38.6572590184333	-43.0067087712959
			38.6979080815441	-42.966059708185
			38.6979080815441	-42.9254106450742
			38.738557144655	-42.8847615819633
			38.7792062077659	-42.8847615819633
			38.8198552708768	-42.8441125188525
			38.8605043339876	-42.8034634557416
			38.8605043339876	-42.7628143926307
			38.9011533970985	-42.7221653295199
			38.9418024602093	-42.681516266409
			38.9824515233202	-42.6408672032981
			39.0231005864311	-42.6002181401873
			39.0637496495419	-42.5595690770764
			39.0637496495419	-42.5189200139655
			39.1043987126528	-42.4782709508547
			39.1450477757637	-42.4782709508547
			39.1856968388745	-42.4376218877438
			39.2263459019854	-42.3969728246329
			39.2669949650963	-42.3563237615221
			39.2669949650963	-42.3156746984112
			39.3076440282071	-42.2750256353003
			39.348293091318	-42.2343765721895
			39.3889421544289	-42.1937275090786
			39.4295912175397	-42.1530784459677
			39.4702402806506	-42.1530784459677
			39.5108893437615	-42.1124293828569
			39.5108893437615	-42.071780319746
			39.5515384068723	-42.0311312566351
			39.5921874699832	-41.9904821935243
			39.6328365330941	-41.9498331304134
			39.6734855962049	-41.9091840673025
			39.7141346593158	-41.8685350041917
			39.7547837224267	-41.8278859410808
			39.7954327855375	-41.8278859410808
			39.8360818486484	-41.7872368779699
			39.8360818486484	-41.7465878148591
			39.8767309117593	-41.7059387517482
			39.9173799748701	-41.6652896886373
			39.958029037981	-41.6246406255265
			39.9986781010919	-41.5839915624156
			40.0393271642027	-41.5433424993047
			40.0799762273136	-41.5433424993047
			40.1206252904244	-41.5026934361939
			40.1612743535353	-41.462044373083
			40.2019234166462	-41.4213953099722
			40.2425724797571	-41.3807462468613
			40.2832215428679	-41.3400971837504
			40.3238706059788	-41.2994481206396
			40.3645196690896	-41.2994481206396
			40.4051687322005	-41.2587990575287
			40.4051687322005	-41.2181499944178
			40.4458177953114	-41.177500931307
			40.4864668584222	-41.1368518681961
			40.5271159215331	-41.0962028050852
			40.567764984644	-41.0555537419744
			40.6084140477548	-41.0555537419744
			40.6490631108657	-41.0149046788635
			40.6897121739766	-40.9742556157526
			40.7303612370874	-40.9336065526418
			40.7710103001983	-40.8929574895309
			40.8116593633092	-40.85230842642
			40.85230842642	-40.8116593633092
			40.8929574895309	-40.8116593633092
			40.9336065526418	-40.7710103001983
			40.9742556157526	-40.7303612370874
			41.0149046788635	-40.6897121739766
			41.0555537419744	-40.6490631108657
			41.0962028050852	-40.6084140477548
			41.1368518681961	-40.6084140477548
			41.177500931307	-40.567764984644
			41.2181499944178	-40.5271159215331
			41.2587990575287	-40.4864668584222
			41.2994481206396	-40.4458177953114
			41.3400971837504	-40.4051687322005
			41.3807462468613	-40.3645196690896
			41.4213953099722	-40.3645196690896
			41.462044373083	-40.3238706059788
			41.5026934361939	-40.2832215428679
			41.5433424993047	-40.2425724797571
			41.5839915624156	-40.2019234166462
			41.6246406255265	-40.2019234166462
			41.6652896886373	-40.1612743535353
			41.7059387517482	-40.1612743535353
			41.7465878148591	-40.1206252904244
			41.7872368779699	-40.0799762273136
			41.8278859410808	-40.0393271642027
			41.8685350041917	-39.9986781010919
			41.9091840673025	-39.958029037981
			41.9498331304134	-39.9173799748701
			41.9904821935243	-39.8767309117593
			42.0311312566351	-39.8360818486484
			42.071780319746	-39.7954327855375
			42.1124293828569	-39.7547837224267
			42.1530784459677	-39.7141346593158
			42.1937275090786	-39.6734855962049
			42.2343765721895	-39.6328365330941
			42.2750256353003	-39.6328365330941
			42.2750256353003	-39.5921874699832
			42.3156746984112	-39.5515384068723
			42.3563237615221	-39.5108893437615
			42.3969728246329	-39.4702402806506
			42.4376218877438	-39.4295912175397
			42.4782709508547	-39.4295912175397
			42.5189200139655	-39.3889421544289
			42.5189200139655	-39.348293091318
			42.5595690770764	-39.3076440282071
			42.6002181401873	-39.2669949650963
			42.6408672032981	-39.2669949650963
			42.681516266409	-39.2263459019854
			42.7221653295199	-39.1856968388745
			42.7221653295199	-39.1450477757637
			42.7628143926307	-39.1043987126528
			42.8034634557416	-39.0637496495419
			42.8441125188525	-39.0637496495419
			42.8847615819633	-39.0231005864311
			42.9254106450742	-38.9824515233202
			42.966059708185	-38.9418024602093
			42.966059708185	-38.9011533970985
			43.0067087712959	-38.9011533970985
			43.0473578344068	-38.8605043339876
			43.0880068975176	-38.8198552708768
			43.1286559606285	-38.7792062077659
			43.1693050237394	-38.738557144655
			43.2099540868502	-38.738557144655
			43.2099540868502	-38.6979080815441
			43.2506031499611	-38.6572590184333
			43.291252213072	-38.6166099553224
			43.3319012761828	-38.6166099553224
			43.3725503392937	-38.5759608922116
			43.4131994024046	-38.5353118291007
			43.4131994024046	-38.4946627659898
			43.4538484655154	-38.454013702879
			43.4944975286263	-38.454013702879
			43.5351465917372	-38.4133646397681
			43.575795654848	-38.3727155766572
			43.6164447179589	-38.3320665135464
			43.6570937810698	-38.2914174504355
			43.6977428441806	-38.2507683873246
			43.7383919072915	-38.2101193242138
			43.7790409704024	-38.1694702611029
			43.8196900335132	-38.128821197992
			43.8603390966241	-38.0881721348812
			43.900988159735	-38.0475230717703
			43.9416372228458	-38.0068740086594
			43.9822862859567	-37.9662249455486
			44.0229353490676	-37.9662249455486
			44.0635844121784	-37.9255758824377
			44.1042334752893	-37.8849268193268
			44.1448825384002	-37.844277756216
			44.185531601511	-37.8036286931051
			44.2261806646219	-37.7629796299942
			44.2668297277328	-37.7223305668834
			44.3074787908436	-37.6816815037725
			44.3481278539545	-37.6410324406616
			44.3887769170653	-37.6410324406616
			44.4294259801762	-37.6003833775508
			44.4700750432871	-37.5597343144399
			44.5107241063979	-37.519085251329
			44.5513731695088	-37.4784361882182
			44.5920222326197	-37.4377871251073
			44.6326712957305	-37.3971380619965
			44.6733203588414	-37.3564889988856
			44.7139694219523	-37.3564889988856
			44.7546184850631	-37.3158399357747
			44.795267548174	-37.2751908726638
			44.8359166112849	-37.234541809553
			44.8765656743957	-37.1938927464421
			44.9172147375066	-37.1532436833313
			44.9578638006175	-37.1125946202204
			44.9985128637283	-37.1125946202204
			45.0391619268392	-37.0719455571095
			45.0798109899501	-37.0312964939987
			45.1204600530609	-36.9906474308878
			45.1611091161718	-36.9499983677769
			45.2017581792827	-36.9093493046661
			45.2424072423935	-36.9093493046661
			45.2830563055044	-36.8687002415552
			45.3237053686153	-36.8280511784443
			45.3643544317261	-36.7874021153335
			45.405003494837	-36.7467530522226
			45.4456525579479	-36.7061039891117
			45.4863016210587	-36.7061039891117
			45.5269506841696	-36.6654549260009
			45.5675997472805	-36.62480586289
			45.6082488103913	-36.5841567997791
			45.6488978735022	-36.5435077366683
			45.6895469366131	-36.5435077366683
			45.7301959997239	-36.5028586735574
			45.7708450628348	-36.4622096104465
			45.8114941259457	-36.4215605473357
			45.8521431890565	-36.3809114842248
			45.8927922521674	-36.3809114842248
			45.9334413152782	-36.3402624211139
			45.9740903783891	-36.2996133580031
			46.0147394415	-36.2589642948922
			46.0553885046108	-36.2183152317813
			46.0960375677217	-36.2183152317813
			46.1366866308326	-36.1776661686705
			46.1773356939434	-36.1370171055596
			46.2179847570543	-36.0963680424487
			46.2586338201652	-36.0963680424487
			46.299282883276	-36.0557189793379
			46.3399319463869	-36.015069916227
			46.3805810094978	-35.9744208531162
			46.4212300726086	-35.9744208531162
			46.4618791357195	-35.9337717900053
			46.5025281988304	-35.8931227268944
			46.5431772619412	-35.8524736637835
			46.5838263250521	-35.8118246006727
			46.624475388163	-35.8118246006727
			46.6651244512738	-35.7711755375618
			46.7057735143847	-35.730526474451
			46.7464225774956	-35.6898774113401
			46.7870716406064	-35.6898774113401
			46.7870716406064	-35.6492283482292
			46.8277207037173	-35.6085792851184
			46.8683697668282	-35.6085792851184
			46.909018829939	-35.5679302220075
			46.9496678930499	-35.5272811588966
			46.9903169561608	-35.4866320957858
			47.0309660192716	-35.4866320957858
			47.0716150823825	-35.4459830326749
			47.1122641454933	-35.405333969564
			47.1529132086042	-35.3646849064532
			47.1935622717151	-35.3646849064532
			47.234211334826	-35.3240358433423
			47.2748603979368	-35.2833867802314
			47.3155094610477	-35.2833867802314
			47.3561585241585	-35.2427377171206
			47.3968075872694	-35.2020886540097
			47.4374566503803	-35.1614395908988
			47.4781057134911	-35.1614395908988
			47.518754776602	-35.120790527788
			47.5594038397129	-35.0801414646771
			47.6000529028237	-35.0801414646771
			47.6407019659346	-35.0394924015662
			47.6813510290455	-34.9988433384554
			47.7220000921563	-34.9988433384554
			47.7626491552672	-34.9581942753445
			47.8032982183781	-34.9175452122336
			47.8439472814889	-34.9175452122336
			47.8439472814889	-34.8768961491228
			47.8845963445998	-34.8362470860119
			47.9252454077107	-34.8362470860119
			47.9658944708215	-34.795598022901
			48.0065435339324	-34.7549489597902
			48.0471925970433	-34.7549489597902
			48.0878416601541	-34.7142998966793
			48.128490723265	-34.6736508335684
			48.1691397863759	-34.6736508335684
			48.2097888494867	-34.6330017704576
			48.2504379125976	-34.5923527073467
			48.2910869757085	-34.5923527073467
			48.3317360388193	-34.5517036442359
			48.3723851019302	-34.511054581125
			48.4130341650411	-34.511054581125
			48.4536832281519	-34.4704055180141
			48.4943322912628	-34.4297564549032
			48.5349813543736	-34.4297564549032
			48.5756304174845	-34.3891073917924
			48.6162794805954	-34.3484583286815
			48.6569285437063	-34.3078092655707
			48.6975776068171	-34.3078092655707
			48.738226669928	-34.2671602024598
			48.7788757330388	-34.2265111393489
			48.8195247961497	-34.2265111393489
			48.8601738592606	-34.1858620762381
			48.9008229223714	-34.1858620762381
			48.9008229223714	-34.1452130131272
			48.9414719854823	-34.1452130131272
			48.9821210485932	-34.1045639500163
			49.022770111704	-34.1045639500163
			49.0634191748149	-34.0639148869055
			49.1040682379258	-34.0232658237946
			49.1447173010366	-33.9826167606837
			49.1853663641475	-33.9826167606837
			49.2260154272584	-33.9419676975729
			49.2666644903692	-33.9419676975729
			49.3073135534801	-33.901318634462
			49.347962616591	-33.8606695713511
			49.3886116797018	-33.8606695713511
			49.4292607428127	-33.8200205082403
			49.4699098059236	-33.8200205082403
			49.5105588690344	-33.7793714451294
			49.5512079321453	-33.7387223820185
			49.5918569952562	-33.7387223820185
			49.632506058367	-33.6980733189077
			49.6731551214779	-33.6980733189077
			49.7138041845888	-33.6574242557968
			49.7544532476996	-33.6167751926859
			49.7951023108105	-33.6167751926859
			49.8357513739214	-33.5761261295751
			49.8764004370322	-33.5761261295751
			49.9170495001431	-33.5354770664642
			49.9576985632539	-33.5354770664642
			49.9983476263648	-33.4948280033533
			50.0389966894757	-33.4541789402425
			50.0796457525866	-33.4135298771316
			50.1202948156974	-33.4135298771316
			50.1609438788083	-33.3728808140207
			50.2015929419191	-33.3728808140207
			50.24224200503	-33.3322317509099
			50.2828910681409	-33.3322317509099
			50.3235401312517	-33.291582687799
			50.3641891943626	-33.291582687799
			50.4048382574735	-33.2509336246881
			50.4454873205843	-33.2509336246881
			50.4454873205843	-33.2102845615773
			50.4861363836952	-33.2102845615773
			50.5267854468061	-33.1696354984664
			50.5674345099169	-33.1696354984664
			50.6080835730278	-33.1289864353556
			50.6487326361387	-33.1289864353556
			50.6487326361387	-33.0883373722447
			50.6893816992495	-33.0883373722447
			50.7300307623604	-33.0883373722447
			50.7706798254713	-33.0476883091338
			50.8113288885821	-33.0476883091338
			50.8113288885821	-33.007039246023
			50.851977951693	-33.007039246023
			50.8926270148039	-32.9663901829121
			50.9332760779147	-32.9663901829121
			50.9739251410256	-32.9257411198012
			51.0145742041365	-32.9257411198012
			51.0552232672473	-32.8850920566904
			51.0958723303582	-32.8850920566904
			51.1365213934691	-32.8444429935795
			51.1771704565799	-32.8444429935795
			51.2178195196908	-32.8037939304686
			51.2584685828017	-32.8037939304686
			51.2991176459125	-32.7631448673578
			51.3397667090234	-32.7631448673578
			51.3804157721342	-32.7224958042469
			51.4210648352451	-32.7224958042469
			51.461713898356	-32.681846741136
			51.5023629614669	-32.681846741136
			51.5430120245777	-32.6411976780252
			51.5836610876886	-32.6411976780252
			51.6243101507994	-32.6005486149143
			51.6649592139103	-32.6005486149143
			51.7056082770212	-32.5598995518034
			51.746257340132	-32.5598995518034
			51.7869064032429	-32.5192504886926
			51.8275554663538	-32.5192504886926
			51.8682045294646	-32.4786014255817
			51.9088535925755	-32.4786014255817
			51.9495026556864	-32.4379523624708
			51.9901517187972	-32.4379523624708
			52.0308007819081	-32.4379523624708
			52.071449845019	-32.39730329936
			52.1120989081298	-32.3566542362491
			52.1527479712407	-32.3566542362491
			52.1933970343516	-32.3566542362491
			52.2340460974624	-32.3160051731382
			52.2746951605733	-32.3160051731382
			52.3153442236842	-32.2753561100274
			52.355993286795	-32.2753561100274
			52.3966423499059	-32.2347070469165
			52.4372914130168	-32.2347070469165
			52.4779404761276	-32.1940579838056
			52.5185895392385	-32.1940579838056
			52.5592386023494	-32.1534089206948
			52.5998876654602	-32.1534089206948
			52.6405367285711	-32.1127598575839
			52.681185791682	-32.1127598575839
			52.7218348547928	-32.1127598575839
			52.7624839179037	-32.072110794473
			52.8031329810145	-32.072110794473
			52.8437820441254	-32.0314617313622
			52.8844311072363	-32.0314617313622
			52.9250801703472	-32.0314617313622
			52.965729233458	-31.9908126682513
			53.0063782965689	-31.9908126682513
			53.0470273596797	-31.9501636051404
			53.0876764227906	-31.9501636051404
			53.1283254859015	-31.9501636051404
			53.1689745490123	-31.9095145420296
			53.2096236121232	-31.9095145420296
			53.2502726752341	-31.8688654789187
			53.2909217383449	-31.8688654789187
			53.3315708014558	-31.8688654789187
			53.3722198645667	-31.8282164158078
			53.4128689276775	-31.8282164158078
			53.4535179907884	-31.8282164158078
			53.4941670538993	-31.787567352697
			53.5348161170101	-31.787567352697
			53.575465180121	-31.787567352697
			53.6161142432319	-31.7469182895861
			53.6567633063427	-31.7469182895861
			53.6974123694536	-31.7062692264752
			53.7380614325645	-31.7062692264752
			53.7787104956753	-31.7062692264752
			53.8193595587862	-31.6656201633644
			53.8600086218971	-31.6656201633644
			53.9006576850079	-31.6656201633644
			53.9413067481188	-31.6249711002535
			53.9819558112297	-31.6249711002535
			54.0226048743405	-31.6249711002535
			54.0632539374514	-31.5843220371427
			54.1039030005623	-31.5843220371427
			54.1445520636731	-31.5843220371427
			54.185201126784	-31.5436729740318
			54.2258501898948	-31.5436729740318
			54.2664992530057	-31.5436729740318
			54.3071483161166	-31.5436729740318
			54.3071483161166	-31.5030239109209
			54.3477973792274	-31.5030239109209
			54.3884464423383	-31.5030239109209
			54.4290955054492	-31.4623748478101
			54.46974456856	-31.4623748478101
			54.5103936316709	-31.4623748478101
			54.5510426947818	-31.4623748478101
			54.5916917578926	-31.4217257846992
			54.6323408210035	-31.4217257846992
			54.6729898841144	-31.4217257846992
			54.7136389472252	-31.3810767215883
			54.7542880103361	-31.3810767215883
			54.794937073447	-31.3810767215883
			54.8355861365578	-31.3810767215883
			54.8762351996687	-31.3404276584775
			54.9168842627796	-31.3404276584775
			54.9575333258904	-31.3404276584775
			54.9981823890013	-31.2997785953666
			55.0388314521122	-31.2997785953666
			55.079480515223	-31.2997785953666
			55.1201295783339	-31.2997785953666
			55.1607786414448	-31.2591295322557
			55.2014277045556	-31.2591295322557
			55.2420767676665	-31.2591295322557
			55.2827258307774	-31.2591295322557
			55.3233748938882	-31.2184804691449
			55.3640239569991	-31.2184804691449
			55.40467302011	-31.2184804691449
			55.4453220832208	-31.2184804691449
			55.4859711463317	-31.2184804691449
			55.5266202094426	-31.177831406034
			55.5672692725534	-31.177831406034
			55.6079183356643	-31.177831406034
			55.6485673987751	-31.177831406034
			55.689216461886	-31.177831406034
			55.7298655249969	-31.1371823429231
			55.7705145881077	-31.1371823429231
			55.8111636512186	-31.1371823429231
			55.8518127143295	-31.1371823429231
			55.8924617774403	-31.1371823429231
			55.9331108405512	-31.0965332798123
			55.9737599036621	-31.0965332798123
			56.0144089667729	-31.0965332798123
			56.0550580298838	-31.0965332798123
			56.0957070929947	-31.0965332798123
			56.1363561561055	-31.0558842167014
			56.1770052192164	-31.0558842167014
			56.2176542823273	-31.0558842167014
			56.2583033454381	-31.0558842167014
			56.298952408549	-31.0558842167014
			56.3396014716599	-31.0558842167014
			56.3802505347707	-31.0152351535905
			56.4208995978816	-31.0152351535905
			56.4615486609925	-31.0152351535905
			56.5021977241033	-31.0152351535905
			56.5428467872142	-31.0152351535905
			56.5834958503251	-31.0152351535905
			56.6241449134359	-31.0152351535905
			56.6647939765468	-31.0152351535905
			56.7054430396577	-30.9745860904797
			56.7460921027685	-30.9745860904797
			56.7867411658794	-30.9745860904797
			56.8273902289903	-30.9745860904797
			56.8680392921011	-30.9745860904797
			56.908688355212	-30.9745860904797
			56.9493374183229	-30.9745860904797
			56.9899864814337	-30.9745860904797
			57.0306355445446	-30.9745860904797
			57.0712846076554	-30.9745860904797
			57.1119336707663	-30.9339370273688
			57.1525827338772	-30.9339370273688
			57.193231796988	-30.9339370273688
			57.2338808600989	-30.9339370273688
			57.2745299232098	-30.9339370273688
			57.3151789863206	-30.9339370273688
			57.3558280494315	-30.9339370273688
			57.3964771125424	-30.9339370273688
			57.4371261756532	-30.9339370273688
			57.4777752387641	-30.9339370273688
			57.518424301875	-30.9339370273688
			57.5590733649858	-30.8932879642579
			57.5997224280967	-30.8932879642579
			57.6403714912076	-30.8932879642579
			57.6810205543184	-30.8932879642579
			57.7216696174293	-30.8932879642579
			57.7623186805402	-30.8932879642579
			57.802967743651	-30.8932879642579
			57.8436168067619	-30.8932879642579
			57.8842658698728	-30.8932879642579
			57.9249149329836	-30.8932879642579
			57.9655639960945	-30.8932879642579
			58.0062130592054	-30.8932879642579
			58.0468621223162	-30.8932879642579
			58.0875111854271	-30.8932879642579
			58.128160248538	-30.8932879642579
			58.1688093116488	-30.8932879642579
			58.2094583747597	-30.8932879642579
			58.2501074378706	-30.8932879642579
			58.2907565009814	-30.8526389011471
			58.3314055640923	-30.8526389011471
			58.3720546272031	-30.8526389011471
			58.412703690314	-30.8526389011471
			58.4533527534249	-30.8526389011471
			58.4940018165358	-30.8526389011471
			58.5346508796466	-30.8526389011471
			58.5752999427575	-30.8526389011471
			58.6159490058683	-30.8526389011471
			58.6565980689792	-30.8526389011471
			58.6972471320901	-30.8526389011471
			58.7378961952009	-30.8526389011471
			58.7785452583118	-30.8526389011471
			58.8191943214227	-30.8526389011471
			58.8598433845335	-30.8526389011471
			58.9004924476444	-30.8526389011471
			58.9411415107553	-30.8526389011471
			58.9817905738661	-30.8526389011471
			59.022439636977	-30.8526389011471
			59.0630887000879	-30.8526389011471
			59.1037377631987	-30.8526389011471
			59.1443868263096	-30.8526389011471
			59.1850358894205	-30.8526389011471
			59.2256849525313	-30.8526389011471
			59.2663340156422	-30.8526389011471
			59.3069830787531	-30.8526389011471
			59.3476321418639	-30.8526389011471
			59.3882812049748	-30.8932879642579
			59.4289302680857	-30.8932879642579
			59.4695793311965	-30.8932879642579
			59.5102283943074	-30.8932879642579
			59.5508774574183	-30.8932879642579
			59.5915265205291	-30.8932879642579
			59.63217558364	-30.8932879642579
			59.6728246467509	-30.8932879642579
			59.7134737098617	-30.8932879642579
			59.7541227729726	-30.8932879642579
			59.7947718360834	-30.8932879642579
			59.8354208991943	-30.8932879642579
			59.8760699623052	-30.8932879642579
			59.9167190254161	-30.8932879642579
			59.9573680885269	-30.8932879642579
			59.9980171516378	-30.8932879642579
			60.0386662147486	-30.8932879642579
			60.0386662147486	-30.9339370273688
			60.0793152778595	-30.9339370273688
			60.1199643409704	-30.9339370273688
			60.1606134040812	-30.9339370273688
			60.2012624671921	-30.9339370273688
			60.241911530303	-30.9339370273688
			60.2825605934138	-30.9339370273688
			60.3232096565247	-30.9339370273688
			60.3638587196356	-30.9339370273688
			60.4045077827464	-30.9339370273688
			60.4451568458573	-30.9339370273688
			60.4858059089682	-30.9745860904797
			60.526454972079	-30.9745860904797
			60.5671040351899	-30.9745860904797
			60.6077530983008	-30.9745860904797
			60.6484021614116	-30.9745860904797
			60.6890512245225	-30.9745860904797
			60.7297002876334	-30.9745860904797
			60.7703493507442	-31.0152351535905
			60.8109984138551	-31.0152351535905
			60.851647476966	-31.0152351535905
			60.8922965400768	-31.0152351535905
			60.9329456031877	-31.0152351535905
			60.9735946662986	-31.0152351535905
			61.0142437294094	-31.0152351535905
			61.0548927925203	-31.0558842167014
			61.0955418556312	-31.0558842167014
			61.136190918742	-31.0558842167014
			61.1768399818529	-31.0558842167014
			61.2174890449637	-31.0558842167014
			61.2581381080746	-31.0558842167014
			61.2987871711855	-31.0965332798123
			61.3394362342964	-31.0965332798123
			61.3800852974072	-31.0965332798123
			61.4207343605181	-31.0965332798123
			61.4613834236289	-31.1371823429231
			61.5020324867398	-31.1371823429231
			61.5426815498507	-31.1371823429231
			61.5833306129615	-31.1371823429231
			61.6239796760724	-31.1371823429231
			61.6646287391833	-31.177831406034
			61.7052778022941	-31.177831406034
			61.745926865405	-31.177831406034
			61.7865759285159	-31.177831406034
			61.8272249916267	-31.177831406034
			61.8272249916267	-31.2184804691449
			61.8678740547376	-31.2184804691449
			61.9085231178485	-31.2184804691449
			61.9491721809593	-31.2184804691449
			61.9898212440702	-31.2591295322557
			62.0304703071811	-31.2591295322557
			62.0711193702919	-31.2591295322557
			62.1117684334028	-31.2591295322557
			62.1524174965137	-31.2997785953666
			62.1930665596245	-31.2997785953666
			62.2337156227354	-31.2997785953666
			62.2743646858463	-31.3404276584775
			62.3150137489571	-31.3404276584775
			62.355662812068	-31.3404276584775
			62.3963118751789	-31.3404276584775
			62.4369609382897	-31.3810767215883
			62.4776100014006	-31.3810767215883
			62.5182590645115	-31.4217257846992
			62.5589081276223	-31.4217257846992
			62.5995571907332	-31.4217257846992
			62.640206253844	-31.4623748478101
			62.6808553169549	-31.4623748478101
			62.7215043800658	-31.4623748478101
			62.7621534431767	-31.4623748478101
			62.8028025062875	-31.5030239109209
			62.8434515693984	-31.5030239109209
			62.8841006325092	-31.5436729740318
			62.9247496956201	-31.5436729740318
			62.965398758731	-31.5843220371427
			63.0060478218418	-31.5843220371427
			63.0466968849527	-31.5843220371427
			63.0873459480636	-31.6249711002535
			63.1279950111744	-31.6249711002535
			63.1686440742853	-31.6656201633644
			63.2092931373962	-31.6656201633644
			63.249942200507	-31.7062692264752
			63.2905912636179	-31.7062692264752
			63.3312403267288	-31.7062692264752
			63.3718893898396	-31.7469182895861
			63.4125384529505	-31.7469182895861
			63.4531875160614	-31.787567352697
			63.4938365791722	-31.787567352697
			63.5344856422831	-31.8282164158078
			63.575134705394	-31.8282164158078
			63.6157837685048	-31.8688654789187
			63.6564328316157	-31.8688654789187
			63.6970818947266	-31.9095145420296
			63.7377309578374	-31.9095145420296
			63.7783800209483	-31.9501636051404
			63.8190290840592	-31.9501636051404
			63.85967814717	-31.9908126682513
			63.9003272102809	-31.9908126682513
			63.9409762733918	-32.0314617313622
			63.9816253365026	-32.0314617313622
			64.0222743996135	-32.072110794473
			64.0629234627244	-32.072110794473
			64.0629234627244	-32.1127598575839
			64.1035725258352	-32.1127598575839
			64.1442215889461	-32.1534089206948
			64.1848706520569	-32.1534089206948
			64.2255197151678	-32.1940579838056
			64.2661687782787	-32.1940579838056
			64.3068178413895	-32.2347070469165
			64.3474669045004	-32.2753561100274
			64.3881159676113	-32.2753561100274
			64.4287650307221	-32.3160051731382
			64.469414093833	-32.3566542362491
			64.5100631569439	-32.39730329936
			64.5507122200547	-32.39730329936
			64.5913612831656	-32.4379523624708
			64.6320103462765	-32.4786014255817
			64.6726594093873	-32.5192504886926
			64.7133084724982	-32.5192504886926
			64.7539575356091	-32.5192504886926
			64.7539575356091	-32.5598995518034
			64.7946065987199	-32.5598995518034
			64.8352556618308	-32.6005486149143
			64.8759047249417	-32.6411976780252
			64.9165537880525	-32.681846741136
			64.9572028511634	-32.7224958042469
			64.9978519142743	-32.7631448673578
			65.0385009773851	-32.7631448673578
			65.079150040496	-32.8037939304686
			65.1197991036069	-32.8444429935795
			65.1604481667177	-32.8444429935795
			65.1604481667177	-32.8850920566904
			65.2010972298286	-32.8850920566904
			65.2417462929395	-32.9257411198012
			65.2417462929395	-32.9663901829121
			65.2823953560503	-32.9663901829121
			65.3230444191612	-33.007039246023
			65.3636934822721	-33.0476883091338
			65.4043425453829	-33.0883373722447
			65.4449916084938	-33.1289864353556
			65.4856406716047	-33.1696354984664
			65.5262897347155	-33.2102845615773
			65.5669387978264	-33.2509336246881
			65.6075878609372	-33.291582687799
			65.6482369240481	-33.3322317509099
			65.688885987159	-33.3728808140207
			65.7295350502698	-33.4135298771316
			65.7701841133807	-33.4541789402425
			65.8108331764916	-33.4948280033533
			65.8514822396024	-33.5354770664642
			65.8514822396024	-33.5761261295751
			65.8921313027133	-33.6167751926859
			65.9327803658242	-33.6574242557968
			65.973429428935	-33.6980733189077
			66.0140784920459	-33.7387223820185
			66.0547275551568	-33.7793714451294
			66.0953766182676	-33.8200205082403
			66.0953766182676	-33.8606695713511
			66.1360256813785	-33.901318634462
			66.1766747444894	-33.9419676975729
			66.2173238076002	-33.9826167606837
			66.2579728707111	-34.0232658237946
			66.298621933822	-34.0639148869055
			66.298621933822	-34.1045639500163
			66.3392709969328	-34.1452130131272
			66.3799200600437	-34.1858620762381
			66.4205691231546	-34.2265111393489
			66.4205691231546	-34.2671602024598
			66.4612181862654	-34.3078092655707
			66.5018672493763	-34.3484583286815
			66.5425163124872	-34.3891073917924
			66.5425163124872	-34.4297564549032
			66.583165375598	-34.4704055180141
			66.583165375598	-34.511054581125
			66.6238144387089	-34.5517036442359
			66.6238144387089	-34.5923527073467
			66.6644635018198	-34.5923527073467
			66.6644635018198	-34.6330017704576
			66.7051125649306	-34.6736508335684
			66.7051125649306	-34.7142998966793
			66.7457616280415	-34.7549489597902
			66.7457616280415	-34.795598022901
			66.7864106911524	-34.795598022901
			66.7864106911524	-34.8362470860119
			66.8270597542632	-34.8768961491228
			66.8677088173741	-34.9175452122336
			66.8677088173741	-34.9581942753445
			66.908357880485	-34.9988433384554
			66.908357880485	-35.0394924015662
			66.9490069435958	-35.0801414646771
			66.9490069435958	-35.120790527788
			66.9896560067067	-35.120790527788
			66.9896560067067	-35.1614395908988
			67.0303050698175	-35.2020886540097
			67.0303050698175	-35.2427377171206
			67.0709541329284	-35.2833867802314
			67.0709541329284	-35.3240358433423
			67.1116031960393	-35.3646849064532
			67.1522522591501	-35.405333969564
			67.1522522591501	-35.4459830326749
			67.192901322261	-35.4866320957858
			67.192901322261	-35.5272811588966
			67.2335503853719	-35.5679302220075
			67.2335503853719	-35.6085792851184
			67.2741994484827	-35.6492283482292
			67.3148485115936	-35.6898774113401
			67.3148485115936	-35.730526474451
			67.3554975747045	-35.7711755375618
			67.3554975747045	-35.8118246006727
			67.3961466378153	-35.8524736637835
			67.4367957009262	-35.8931227268944
			67.4367957009262	-35.9337717900053
			67.4774447640371	-35.9744208531162
			67.4774447640371	-36.015069916227
			67.5180938271479	-36.0557189793379
			67.5587428902588	-36.0963680424487
			67.5587428902588	-36.1370171055596
			67.5587428902588	-36.1776661686705
			67.5993919533697	-36.1776661686705
			67.5993919533697	-36.2183152317813
			67.6400410164805	-36.2589642948922
			67.6400410164805	-36.2996133580031
			67.6806900795914	-36.3402624211139
			67.6806900795914	-36.3809114842248
			67.7213391427023	-36.4215605473357
			67.7619882058131	-36.4622096104465
			67.7619882058131	-36.5028586735574
			67.802637268924	-36.5435077366683
			67.802637268924	-36.5841567997791
			67.8432863320349	-36.62480586289
			67.8839353951457	-36.6654549260009
			67.8839353951457	-36.7061039891117
			67.9245844582566	-36.7467530522226
			67.9245844582566	-36.7874021153335
			67.9245844582566	-36.8280511784443
			67.9652335213675	-36.8280511784443
			67.9652335213675	-36.8687002415552
			67.9652335213675	-36.9093493046661
			68.0058825844783	-36.9093493046661
			68.0058825844783	-36.9499983677769
			68.0465316475892	-36.9906474308878
			68.0465316475892	-37.0312964939987
			68.0871807107001	-37.0719455571095
			68.1278297738109	-37.1125946202204
			68.1278297738109	-37.1532436833313
			68.1684788369218	-37.1938927464421
			68.1684788369218	-37.234541809553
			68.1684788369218	-37.2751908726638
			68.2091279000327	-37.2751908726638
			68.2091279000327	-37.3158399357747
			68.2497769631435	-37.3564889988856
			68.2497769631435	-37.3971380619965
			68.2904260262544	-37.4377871251073
			68.2904260262544	-37.4784361882182
			68.3310750893652	-37.519085251329
			68.3717241524761	-37.5597343144399
			68.3717241524761	-37.6003833775508
			68.412373215587	-37.6410324406616
			68.412373215587	-37.6816815037725
			68.4530222786978	-37.7223305668834
			68.4530222786978	-37.7629796299942
			68.4936713418087	-37.8036286931051
			68.4936713418087	-37.844277756216
			68.5343204049196	-37.8849268193268
			68.5343204049196	-37.9255758824377
			68.5749694680304	-37.9662249455486
			68.6156185311413	-38.0068740086594
			68.6156185311413	-38.0475230717703
			68.6156185311413	-38.0881721348812
			68.6562675942522	-38.0881721348812
			68.6562675942522	-38.128821197992
			68.6562675942522	-38.1694702611029
			68.696916657363	-38.1694702611029
			68.696916657363	-38.2101193242138
			68.696916657363	-38.2507683873246
			68.7375657204739	-38.2507683873246
			68.7375657204739	-38.2914174504355
			68.7782147835848	-38.3320665135464
			68.7782147835848	-38.3727155766572
			68.8188638466956	-38.4133646397681
			68.8188638466956	-38.454013702879
			68.8595129098065	-38.4946627659898
			68.8595129098065	-38.5353118291007
			68.9001619729174	-38.5759608922116
			68.9001619729174	-38.6166099553224
			68.9408110360282	-38.6572590184333
			68.9408110360282	-38.6979080815441
			68.9814600991391	-38.738557144655
			68.9814600991391	-38.7792062077659
			69.02210916225	-38.8198552708768
			69.02210916225	-38.8605043339876
			69.0627582253608	-38.9011533970985
			69.0627582253608	-38.9418024602093
			69.1034072884717	-38.9824515233202
			69.1440563515826	-39.0231005864311
			69.1440563515826	-39.0637496495419
			69.1847054146934	-39.1043987126528
			69.1847054146934	-39.1450477757637
			69.2253544778043	-39.1856968388745
			69.2253544778043	-39.2263459019854
			69.2660035409152	-39.2669949650963
			69.2660035409152	-39.3076440282071
			69.306652604026	-39.348293091318
			69.306652604026	-39.3889421544289
			69.3473016671369	-39.4295912175397
			69.3473016671369	-39.4702402806506
			69.3879507302478	-39.5108893437615
			69.3879507302478	-39.5515384068723
			69.4285997933586	-39.5921874699832
			69.4285997933586	-39.6328365330941
			69.4692488564695	-39.6734855962049
			69.5098979195804	-39.7141346593158
			69.5098979195804	-39.7547837224267
			69.5505469826912	-39.7954327855375
			69.5505469826912	-39.8360818486484
			69.5911960458021	-39.8767309117593
			69.5911960458021	-39.9173799748701
			69.631845108913	-39.958029037981
			69.631845108913	-39.9986781010919
			69.6724941720238	-40.0393271642027
			69.6724941720238	-40.0799762273136
			69.7131432351347	-40.1206252904244
			69.7131432351347	-40.1612743535353
			69.7537922982455	-40.2019234166462
			69.7537922982455	-40.2425724797571
			69.7944413613564	-40.2832215428679
			69.7944413613564	-40.3238706059788
			69.8350904244673	-40.3238706059788
			69.8350904244673	-40.3645196690896
			69.8350904244673	-40.4051687322005
			69.8757394875781	-40.4458177953114
			69.8757394875781	-40.4864668584222
			69.916388550689	-40.4864668584222
			69.916388550689	-40.5271159215331
			69.916388550689	-40.567764984644
			69.9570376137999	-40.6084140477548
			69.9570376137999	-40.6490631108657
			69.9976866769107	-40.6490631108657
			69.9976866769107	-40.6897121739766
			70.0383357400216	-40.7303612370874
			70.0789848031325	-40.7710103001983
			70.1196338662433	-40.8116593633092
			70.1602829293542	-40.85230842642
			70.2009319924651	-40.8929574895309
			70.2415810555759	-40.9336065526418
			70.2822301186868	-40.9742556157526
			70.3228791817977	-41.0149046788635
			70.3228791817977	-41.0555537419744
			70.3635282449085	-41.0555537419744
			70.4041773080194	-41.0962028050852
			70.4041773080194	-41.1368518681961
			70.4448263711303	-41.1368518681961
			70.4448263711303	-41.177500931307
			70.4854754342411	-41.2181499944178
			70.526124497352	-41.2587990575287
			70.5667735604629	-41.2994481206396
			70.6074226235737	-41.3400971837504
			70.6480716866846	-41.3807462468613
			70.6887207497955	-41.4213953099722
			70.6887207497955	-41.462044373083
			70.7293698129063	-41.5026934361939
			70.7700188760172	-41.5433424993047
			70.8106679391281	-41.5433424993047
			70.8106679391281	-41.5839915624156
			70.8513170022389	-41.6246406255265
			70.8919660653498	-41.6652896886373
			70.8919660653498	-41.7059387517482
			70.9326151284607	-41.7465878148591
			70.9732641915715	-41.7872368779699
			71.0139132546824	-41.7872368779699
			71.0139132546824	-41.8278859410808
			71.0545623177933	-41.8685350041917
			71.0952113809041	-41.9091840673025
			71.0952113809041	-41.9498331304134
			71.135860444015	-41.9904821935243
			71.1765095071258	-42.0311312566351
			71.2171585702367	-42.071780319746
			71.2578076333476	-42.1124293828569
			71.2984566964584	-42.1530784459677
			71.2984566964584	-42.1937275090786
			71.3391057595693	-42.2343765721895
			71.3797548226802	-42.2750256353003
			71.420403885791	-42.3156746984112
			71.420403885791	-42.3563237615221
			71.4610529489019	-42.3969728246329
			71.4610529489019	-42.4376218877438
			71.5017020120128	-42.4376218877438
			71.5423510751236	-42.4782709508547
			71.5423510751236	-42.5189200139655
			71.5830001382345	-42.5595690770764
			71.6236492013454	-42.6002181401873
			71.6236492013454	-42.6408672032981
			71.6642982644562	-42.681516266409
			71.7049473275671	-42.7221653295199
			71.7049473275671	-42.7628143926307
			71.745596390678	-42.8034634557416
			71.7862454537888	-42.8441125188525
			71.7862454537888	-42.8847615819633
			71.8268945168997	-42.9254106450742
			71.8675435800106	-42.966059708185
			71.8675435800106	-43.0067087712959
			71.9081926431214	-43.0473578344068
			71.9488417062323	-43.0880068975176
			71.9488417062323	-43.1286559606285
			71.9894907693432	-43.1693050237394
			72.030139832454	-43.2099540868502
			72.030139832454	-43.2506031499611
			72.0707888955649	-43.291252213072
			72.1114379586758	-43.3319012761828
			72.1114379586758	-43.3725503392937
			72.1520870217866	-43.4131994024046
			72.1520870217866	-43.4538484655154
			72.1927360848975	-43.4944975286263
			72.2333851480084	-43.5351465917372
			72.2333851480084	-43.575795654848
			72.2740342111192	-43.6164447179589
			72.2740342111192	-43.6570937810698
			72.3146832742301	-43.6977428441806
			72.355332337341	-43.7383919072915
			72.355332337341	-43.7790409704024
			72.3959814004518	-43.8196900335132
			72.3959814004518	-43.8603390966241
			72.4366304635627	-43.900988159735
			72.4772795266736	-43.9416372228458
			72.4772795266736	-43.9822862859567
			72.5179285897844	-44.0229353490676
			72.5179285897844	-44.0635844121784
			72.5585776528953	-44.1042334752893
			72.5992267160061	-44.1448825384002
			72.5992267160061	-44.185531601511
			72.639875779117	-44.2261806646219
			72.639875779117	-44.2668297277328
			72.6805248422279	-44.3074787908436
			72.6805248422279	-44.3481278539545
			72.7211739053387	-44.3887769170653
			72.7618229684496	-44.4294259801762
			72.7618229684496	-44.4700750432871
			72.8024720315605	-44.5107241063979
			72.8024720315605	-44.5513731695088
			72.8431210946713	-44.5920222326197
			72.8431210946713	-44.6326712957305
			72.8837701577822	-44.6733203588414
			72.8837701577822	-44.7139694219523
			72.9244192208931	-44.7546184850631
			72.9244192208931	-44.795267548174
			72.9650682840039	-44.8359166112849
			73.0057173471148	-44.8765656743957
			73.0057173471148	-44.9172147375066
			73.0057173471148	-44.9578638006175
			73.0463664102257	-44.9985128637283
			73.0463664102257	-45.0391619268392
			73.0870154733365	-45.0798109899501
			73.0870154733365	-45.1204600530609
			73.1276645364474	-45.1611091161718
			73.1276645364474	-45.2017581792827
			73.1683135995583	-45.2424072423935
			73.1683135995583	-45.2830563055044
			73.2089626626691	-45.3237053686153
			73.2089626626691	-45.3643544317261
			73.2089626626691	-45.405003494837
			73.24961172578	-45.4456525579479
			73.24961172578	-45.4863016210587
			73.2902607888909	-45.5269506841696
			73.2902607888909	-45.5675997472805
			73.3309098520017	-45.6082488103913
			73.3309098520017	-45.6488978735022
			73.3309098520017	-45.6895469366131
			73.3715589151126	-45.6895469366131
			73.3715589151126	-45.7301959997239
			73.4122079782235	-45.7708450628348
			73.4122079782235	-45.8114941259457
			73.4528570413343	-45.8521431890565
			73.4528570413343	-45.8927922521674
			73.4528570413343	-45.9334413152782
			73.4935061044452	-45.9740903783891
			73.4935061044452	-46.0147394415
			73.5341551675561	-46.0553885046108
			73.5341551675561	-46.0960375677217
			73.5341551675561	-46.1366866308326
			73.5748042306669	-46.1773356939434
			73.5748042306669	-46.2179847570543
			73.6154532937778	-46.2586338201652
			73.6154532937778	-46.299282883276
			73.6154532937778	-46.3399319463869
			73.6561023568887	-46.3805810094978
			73.6561023568887	-46.4212300726086
			73.6561023568887	-46.4618791357195
			73.6967514199995	-46.5025281988304
			73.6967514199995	-46.5431772619412
			73.7374004831104	-46.5838263250521
			73.7374004831104	-46.624475388163
			73.7374004831104	-46.6651244512738
			73.7780495462213	-46.7057735143847
			73.7780495462213	-46.7464225774956
			73.7780495462213	-46.7870716406064
			73.8186986093321	-46.8277207037173
			73.8186986093321	-46.8683697668282
			73.859347672443	-46.909018829939
			73.859347672443	-46.9496678930499
			73.859347672443	-46.9903169561608
			73.8999967355539	-47.0309660192716
			73.8999967355539	-47.0716150823825
			73.8999967355539	-47.1122641454933
			73.9406457986647	-47.1529132086042
			73.9406457986647	-47.1935622717151
			73.9406457986647	-47.234211334826
			73.9812948617756	-47.2748603979368
			73.9812948617756	-47.3155094610477
			73.9812948617756	-47.3561585241585
			74.0219439248864	-47.3968075872694
			74.0219439248864	-47.4374566503803
			74.0219439248864	-47.4781057134911
			74.0625929879973	-47.518754776602
			74.1032420511082	-47.5594038397129
			74.1032420511082	-47.6000529028237
			74.143891114219	-47.6407019659346
			74.143891114219	-47.6813510290455
			74.1845401773299	-47.7220000921563
			74.2251892404408	-47.7626491552672
			74.2251892404408	-47.8032982183781
			74.2658383035516	-47.8439472814889
			74.3064873666625	-47.8845963445998
			74.3064873666625	-47.9252454077107
			74.3471364297734	-47.9658944708215
			74.3471364297734	-48.0065435339324
			74.3877854928842	-48.0471925970433
			74.3877854928842	-48.0878416601541
			74.4284345559951	-48.128490723265
			74.4284345559951	-48.1691397863759
			74.469083619106	-48.2097888494867
			74.469083619106	-48.2504379125976
			74.5097326822168	-48.2910869757085
			74.5097326822168	-48.3317360388193
			74.5503817453277	-48.3723851019302
			74.5503817453277	-48.4130341650411
			74.5910308084386	-48.4130341650411
			74.5910308084386	-48.4536832281519
			74.6316798715494	-48.4943322912628
			74.6316798715494	-48.5349813543736
			74.6723289346603	-48.5756304174845
			74.6723289346603	-48.6162794805954
			74.7129779977712	-48.6569285437063
			74.7129779977712	-48.6975776068171
			74.753627060882	-48.738226669928
			74.753627060882	-48.7788757330388
			74.7942761239929	-48.8195247961497
			74.7942761239929	-48.8601738592606
			74.8349251871038	-48.9008229223714
			74.8349251871038	-48.9414719854823
			74.8755742502146	-48.9821210485932
			74.8755742502146	-49.022770111704
			74.9162233133255	-49.0634191748149
			74.9162233133255	-49.1040682379258
			74.9568723764364	-49.1040682379258
			74.9568723764364	-49.1447173010366
			74.9568723764364	-49.1853663641475
			74.9975214395472	-49.2260154272584
			74.9975214395472	-49.2666644903692
			75.0381705026581	-49.3073135534801
			75.0381705026581	-49.347962616591
			75.078819565769	-49.3886116797018
			75.078819565769	-49.4292607428127
			75.1194686288798	-49.4699098059236
			75.1194686288798	-49.5105588690344
			75.1601176919907	-49.5512079321453
			75.1601176919907	-49.5918569952562
			75.2007667551016	-49.632506058367
			75.2007667551016	-49.6731551214779
			75.2414158182124	-49.7138041845888
			75.2414158182124	-49.7544532476996
			75.2414158182124	-49.7951023108105
			75.2820648813233	-49.8357513739214
			75.2820648813233	-49.8764004370322
			75.3227139444342	-49.9170495001431
			75.3227139444342	-49.9576985632539
			75.3227139444342	-49.9983476263648
			75.363363007545	-50.0389966894757
			75.4040120706559	-50.0796457525866
			75.4040120706559	-50.1202948156974
			75.4040120706559	-50.1609438788083
			75.4446611337667	-50.2015929419191
			75.4446611337667	-50.24224200503
			75.4446611337667	-50.2828910681409
			75.4853101968776	-50.3235401312517
			75.4853101968776	-50.3641891943626
			75.5259592599885	-50.4048382574735
			75.5259592599885	-50.4454873205843
			75.5259592599885	-50.4861363836952
			75.5666083230993	-50.5267854468061
			75.5666083230993	-50.5674345099169
			75.5666083230993	-50.6080835730278
			75.5666083230993	-50.6487326361387
			75.6072573862102	-50.6893816992495
			75.6072573862102	-50.7300307623604
			75.6072573862102	-50.7706798254713
			75.6479064493211	-50.8113288885821
			75.6479064493211	-50.851977951693
			75.6479064493211	-50.8926270148039
			75.6479064493211	-50.9332760779147
			75.6885555124319	-50.9739251410256
			75.6885555124319	-51.0145742041365
			75.6885555124319	-51.0552232672473
			75.6885555124319	-51.0958723303582
			75.6885555124319	-51.1365213934691
			75.6885555124319	-51.1771704565799
			75.7292045755428	-51.1771704565799
			75.7292045755428	-51.2178195196908
			75.7292045755428	-51.2584685828017
			75.7292045755428	-51.2991176459125
			75.7292045755428	-51.3397667090234
			75.7292045755428	-51.3804157721342
			75.7292045755428	-51.4210648352451
		</c1>
		<c2 type=matrix rownames=FALSE colnames=FALSE nrow=1051 ncol=2 as.numeric=TRUE >
			75.7292045755428	-51.4210648352451
			75.6885555124319	-51.4210648352451
			75.6479064493211	-51.4210648352451
			75.6072573862102	-51.4210648352451
			75.5666083230993	-51.461713898356
			75.5259592599885	-51.461713898356
			75.4853101968776	-51.461713898356
			75.4446611337667	-51.461713898356
			75.4040120706559	-51.461713898356
			75.363363007545	-51.461713898356
			75.3227139444342	-51.461713898356
			75.2820648813233	-51.461713898356
			75.2414158182124	-51.461713898356
			75.2007667551016	-51.461713898356
			75.1601176919907	-51.461713898356
			75.1194686288798	-51.461713898356
			75.078819565769	-51.461713898356
			75.0381705026581	-51.461713898356
			74.9975214395472	-51.461713898356
			74.9568723764364	-51.461713898356
			74.9162233133255	-51.461713898356
			74.8755742502146	-51.461713898356
			74.8349251871038	-51.461713898356
			74.7942761239929	-51.4210648352451
			74.753627060882	-51.4210648352451
			74.7129779977712	-51.4210648352451
			74.6723289346603	-51.4210648352451
			74.6316798715494	-51.4210648352451
			74.5910308084386	-51.4210648352451
			74.5503817453277	-51.3804157721342
			74.5097326822168	-51.3804157721342
			74.469083619106	-51.3804157721342
			74.4284345559951	-51.3804157721342
			74.3877854928842	-51.3804157721342
			74.3471364297734	-51.3397667090234
			74.3064873666625	-51.3397667090234
			74.2658383035516	-51.3397667090234
			74.2251892404408	-51.2991176459125
			74.1845401773299	-51.2991176459125
			74.143891114219	-51.2584685828017
			74.1032420511082	-51.2584685828017
			74.0625929879973	-51.2584685828017
			74.0219439248864	-51.2178195196908
			73.9812948617756	-51.2178195196908
			73.9406457986647	-51.1771704565799
			73.8999967355539	-51.1771704565799
			73.859347672443	-51.1365213934691
			73.8186986093321	-51.1365213934691
			73.7780495462213	-51.1365213934691
			73.7780495462213	-51.0958723303582
			73.7374004831104	-51.0958723303582
			73.6967514199995	-51.0552232672473
			73.6561023568887	-51.0145742041365
			73.6154532937778	-50.9739251410256
			73.5748042306669	-50.9739251410256
			73.5341551675561	-50.9332760779147
			73.4935061044452	-50.9332760779147
			73.4528570413343	-50.8926270148039
			73.4528570413343	-50.851977951693
			73.4122079782235	-50.851977951693
			73.3715589151126	-50.851977951693
			73.3309098520017	-50.8926270148039
			73.2902607888909	-50.8926270148039
			73.24961172578	-50.8926270148039
			73.2089626626691	-50.8926270148039
			73.1683135995583	-50.9332760779147
			73.1276645364474	-50.9332760779147
			73.0870154733365	-50.9332760779147
			73.0463664102257	-50.9332760779147
			73.0057173471148	-50.9332760779147
			72.9650682840039	-50.9739251410256
			72.9244192208931	-50.9739251410256
			72.8837701577822	-50.9739251410256
			72.8431210946713	-50.9739251410256
			72.8024720315605	-51.0145742041365
			72.7618229684496	-51.0145742041365
			72.7211739053387	-51.0145742041365
			72.6805248422279	-51.0145742041365
			72.639875779117	-51.0145742041365
			72.5992267160061	-51.0145742041365
			72.5585776528953	-51.0552232672473
			72.5179285897844	-51.0552232672473
			72.4772795266736	-51.0552232672473
			72.4366304635627	-51.0552232672473
			72.3959814004518	-51.0552232672473
			72.355332337341	-51.0552232672473
			72.3146832742301	-51.0552232672473
			72.2740342111192	-51.0552232672473
			72.2333851480084	-51.0958723303582
			72.1927360848975	-51.0958723303582
			72.1520870217866	-51.0958723303582
			72.1114379586758	-51.0958723303582
			72.0707888955649	-51.0958723303582
			72.030139832454	-51.0958723303582
			71.9894907693432	-51.0958723303582
			71.9488417062323	-51.0958723303582
			71.9081926431214	-51.0958723303582
			71.8675435800106	-51.0958723303582
			71.8268945168997	-51.0958723303582
			71.7862454537888	-51.0958723303582
			71.745596390678	-51.0958723303582
			71.7049473275671	-51.0958723303582
			71.6642982644562	-51.0958723303582
			71.6236492013454	-51.0958723303582
			71.5830001382345	-51.0958723303582
			71.5423510751236	-51.0958723303582
			71.5017020120128	-51.0958723303582
			71.4610529489019	-51.0958723303582
			71.420403885791	-51.0958723303582
			71.3797548226802	-51.0958723303582
			71.3391057595693	-51.0958723303582
			71.2984566964584	-51.0958723303582
			71.2578076333476	-51.0958723303582
			71.2171585702367	-51.0958723303582
			71.1765095071258	-51.0958723303582
			71.135860444015	-51.0958723303582
			71.0952113809041	-51.0958723303582
			71.0545623177933	-51.0958723303582
			71.0139132546824	-51.0958723303582
			70.9732641915715	-51.0552232672473
			70.9326151284607	-51.0552232672473
			70.8919660653498	-51.0552232672473
			70.8513170022389	-51.0552232672473
			70.8106679391281	-51.0552232672473
			70.7700188760172	-51.0552232672473
			70.7293698129063	-51.0552232672473
			70.6887207497955	-51.0145742041365
			70.6480716866846	-51.0145742041365
			70.6074226235737	-51.0145742041365
			70.5667735604629	-51.0145742041365
			70.526124497352	-51.0145742041365
			70.4854754342411	-51.0145742041365
			70.4448263711303	-50.9739251410256
			70.4041773080194	-50.9739251410256
			70.3635282449085	-50.9739251410256
			70.3228791817977	-50.9739251410256
			70.2822301186868	-50.9332760779147
			70.2415810555759	-50.9332760779147
			70.2009319924651	-50.9332760779147
			70.1602829293542	-50.9332760779147
			70.1602829293542	-50.8926270148039
			70.1196338662433	-50.8926270148039
			70.0789848031325	-50.8926270148039
			70.0383357400216	-50.8926270148039
			69.9976866769107	-50.851977951693
			69.9570376137999	-50.851977951693
			69.916388550689	-50.851977951693
			69.8757394875781	-50.851977951693
			69.8350904244673	-50.8113288885821
			69.7944413613564	-50.8113288885821
			69.7537922982455	-50.7706798254713
			69.7131432351347	-50.7706798254713
			69.6724941720238	-50.7706798254713
			69.631845108913	-50.7300307623604
			69.5911960458021	-50.7300307623604
			69.5505469826912	-50.7300307623604
			69.5098979195804	-50.7300307623604
			69.4692488564695	-50.7300307623604
			69.4285997933586	-50.7300307623604
			69.3879507302478	-50.7706798254713
			69.3473016671369	-50.7706798254713
			69.306652604026	-50.7706798254713
			69.2660035409152	-50.7706798254713
			69.2253544778043	-50.7706798254713
			69.1847054146934	-50.7706798254713
			69.1440563515826	-50.7706798254713
			69.1034072884717	-50.7706798254713
			69.0627582253608	-50.7706798254713
			69.02210916225	-50.7706798254713
			68.9814600991391	-50.7706798254713
			68.9408110360282	-50.8113288885821
			68.9001619729174	-50.8113288885821
			68.8595129098065	-50.8113288885821
			68.8188638466956	-50.8113288885821
			68.7782147835848	-50.8113288885821
			68.7375657204739	-50.8113288885821
			68.696916657363	-50.8113288885821
			68.6562675942522	-50.8113288885821
			68.6156185311413	-50.8113288885821
			68.5749694680304	-50.8113288885821
			68.5343204049196	-50.8113288885821
			68.4936713418087	-50.8113288885821
			68.4530222786978	-50.8113288885821
			68.412373215587	-50.8113288885821
			68.3717241524761	-50.8113288885821
			68.3310750893652	-50.8113288885821
			68.2904260262544	-50.8113288885821
			68.2497769631435	-50.8113288885821
			68.2091279000327	-50.8113288885821
			68.1684788369218	-50.8113288885821
			68.1278297738109	-50.8113288885821
			68.0871807107001	-50.8113288885821
			68.0465316475892	-50.8113288885821
			68.0058825844783	-50.8113288885821
			67.9652335213675	-50.8113288885821
			67.9245844582566	-50.8113288885821
			67.8839353951457	-50.8113288885821
			67.8432863320349	-50.7706798254713
			67.802637268924	-50.7706798254713
			67.7619882058131	-50.7706798254713
			67.7213391427023	-50.7706798254713
			67.6806900795914	-50.7706798254713
			67.6400410164805	-50.7706798254713
			67.5993919533697	-50.7706798254713
			67.5587428902588	-50.7706798254713
			67.5180938271479	-50.7706798254713
			67.4774447640371	-50.7706798254713
			67.4367957009262	-50.7706798254713
			67.3961466378153	-50.7706798254713
			67.3554975747045	-50.7300307623604
			67.3148485115936	-50.7300307623604
			67.2741994484827	-50.7300307623604
			67.2335503853719	-50.7300307623604
			67.192901322261	-50.7300307623604
			67.1522522591501	-50.7300307623604
			67.1116031960393	-50.7300307623604
			67.0709541329284	-50.7300307623604
			67.0303050698175	-50.6893816992495
			66.9896560067067	-50.6893816992495
			66.9490069435958	-50.6893816992495
			66.908357880485	-50.6893816992495
			66.8677088173741	-50.6893816992495
			66.8270597542632	-50.6893816992495
			66.7864106911524	-50.6487326361387
			66.7457616280415	-50.6487326361387
			66.7051125649306	-50.6487326361387
			66.6644635018198	-50.6487326361387
			66.6238144387089	-50.6487326361387
			66.583165375598	-50.6487326361387
			66.5425163124872	-50.6080835730278
			66.5018672493763	-50.6080835730278
			66.4612181862654	-50.6080835730278
			66.4205691231546	-50.6080835730278
			66.3799200600437	-50.6080835730278
			66.3392709969328	-50.5674345099169
			66.298621933822	-50.5674345099169
			66.2579728707111	-50.5674345099169
			66.2173238076002	-50.5674345099169
			66.1766747444894	-50.5674345099169
			66.1360256813785	-50.5267854468061
			66.0953766182676	-50.5267854468061
			66.0547275551568	-50.5267854468061
			66.0140784920459	-50.5267854468061
			65.973429428935	-50.4861363836952
			65.9327803658242	-50.4861363836952
			65.8921313027133	-50.4861363836952
			65.8514822396024	-50.4861363836952
			65.8108331764916	-50.4454873205843
			65.7701841133807	-50.4454873205843
			65.7295350502698	-50.4454873205843
			65.688885987159	-50.4454873205843
			65.6482369240481	-50.4454873205843
			65.6075878609372	-50.4454873205843
			65.5669387978264	-50.4454873205843
			65.5262897347155	-50.4454873205843
			65.4856406716047	-50.4454873205843
			65.4449916084938	-50.4454873205843
			65.4043425453829	-50.4454873205843
			65.3636934822721	-50.4454873205843
			65.3230444191612	-50.4454873205843
			65.2823953560503	-50.4454873205843
			65.2417462929395	-50.4454873205843
			65.2010972298286	-50.4454873205843
			65.1604481667177	-50.4454873205843
			65.1197991036069	-50.4454873205843
			65.079150040496	-50.4454873205843
			65.0385009773851	-50.4454873205843
			64.9978519142743	-50.4454873205843
			64.9572028511634	-50.4454873205843
			64.9165537880525	-50.4454873205843
			64.8759047249417	-50.4454873205843
			64.8352556618308	-50.4454873205843
			64.7946065987199	-50.4454873205843
			64.7539575356091	-50.4454873205843
			64.7133084724982	-50.4454873205843
			64.6726594093873	-50.4454873205843
			64.6320103462765	-50.4454873205843
			64.5913612831656	-50.4454873205843
			64.5507122200547	-50.4454873205843
			64.5100631569439	-50.4454873205843
			64.469414093833	-50.4454873205843
			64.4287650307221	-50.4454873205843
			64.3881159676113	-50.4454873205843
			64.3474669045004	-50.4454873205843
			64.3068178413895	-50.4454873205843
			64.2661687782787	-50.4454873205843
			64.2255197151678	-50.4454873205843
			64.1848706520569	-50.4454873205843
			64.1442215889461	-50.4454873205843
			64.1035725258352	-50.4454873205843
			64.0629234627244	-50.4454873205843
			64.0222743996135	-50.4454873205843
			63.9816253365026	-50.4454873205843
			63.9409762733918	-50.4454873205843
			63.9003272102809	-50.4048382574735
			63.85967814717	-50.4048382574735
			63.8190290840592	-50.4048382574735
			63.7783800209483	-50.4048382574735
			63.7377309578374	-50.4048382574735
			63.6970818947266	-50.4048382574735
			63.6564328316157	-50.4048382574735
			63.6157837685048	-50.4048382574735
			63.575134705394	-50.4048382574735
			63.5344856422831	-50.4048382574735
			63.4938365791722	-50.4048382574735
			63.4531875160614	-50.4048382574735
			63.4125384529505	-50.4048382574735
			63.3718893898396	-50.4048382574735
			63.3312403267288	-50.4048382574735
			63.2905912636179	-50.4048382574735
			63.249942200507	-50.4048382574735
			63.2092931373962	-50.4048382574735
			63.1686440742853	-50.4048382574735
			63.1279950111744	-50.4048382574735
			63.0873459480636	-50.4048382574735
			63.0466968849527	-50.3641891943626
			63.0060478218418	-50.3641891943626
			62.965398758731	-50.3641891943626
			62.9247496956201	-50.3641891943626
			62.8841006325092	-50.3641891943626
			62.8434515693984	-50.3641891943626
			62.8028025062875	-50.3641891943626
			62.7621534431767	-50.3641891943626
			62.7215043800658	-50.3641891943626
			62.6808553169549	-50.3641891943626
			62.640206253844	-50.3641891943626
			62.5995571907332	-50.3641891943626
			62.5589081276223	-50.3641891943626
			62.5182590645115	-50.3235401312517
			62.4776100014006	-50.3235401312517
			62.4369609382897	-50.3235401312517
			62.3963118751789	-50.3235401312517
			62.355662812068	-50.3235401312517
			62.3150137489571	-50.3235401312517
			62.2743646858463	-50.3235401312517
			62.2337156227354	-50.3235401312517
			62.1930665596245	-50.3235401312517
			62.1524174965137	-50.3235401312517
			62.1117684334028	-50.3235401312517
			62.0711193702919	-50.2828910681409
			62.0304703071811	-50.2828910681409
			61.9898212440702	-50.2828910681409
			61.9491721809593	-50.2828910681409
			61.9085231178485	-50.2828910681409
			61.8678740547376	-50.2828910681409
			61.8272249916267	-50.2828910681409
			61.7865759285159	-50.2828910681409
			61.745926865405	-50.2828910681409
			61.7052778022941	-50.2828910681409
			61.6646287391833	-50.24224200503
			61.6239796760724	-50.24224200503
			61.5833306129615	-50.24224200503
			61.5426815498507	-50.24224200503
			61.5020324867398	-50.24224200503
			61.4613834236289	-50.24224200503
			61.4207343605181	-50.24224200503
			61.3800852974072	-50.24224200503
			61.3394362342964	-50.2015929419191
			61.2987871711855	-50.2015929419191
			61.2581381080746	-50.2015929419191
			61.2174890449637	-50.2015929419191
			61.1768399818529	-50.2015929419191
			61.136190918742	-50.2015929419191
			61.0955418556312	-50.2015929419191
			61.0548927925203	-50.2015929419191
			61.0142437294094	-50.1609438788083
			60.9735946662986	-50.1609438788083
			60.9329456031877	-50.1609438788083
			60.8922965400768	-50.1609438788083
			60.851647476966	-50.1609438788083
			60.8109984138551	-50.1609438788083
			60.7703493507442	-50.1202948156974
			60.7297002876334	-50.1202948156974
			60.6890512245225	-50.1202948156974
			60.6484021614116	-50.1202948156974
			60.6077530983008	-50.1202948156974
			60.5671040351899	-50.1202948156974
			60.526454972079	-50.1202948156974
			60.4858059089682	-50.1202948156974
			60.4451568458573	-50.1202948156974
			60.4045077827464	-50.1202948156974
			60.3638587196356	-50.1609438788083
			60.3232096565247	-50.1609438788083
			60.2825605934138	-50.1609438788083
			60.241911530303	-50.1609438788083
			60.2012624671921	-50.1609438788083
			60.1606134040812	-50.1609438788083
			60.1199643409704	-50.1609438788083
			60.0793152778595	-50.1609438788083
			60.0386662147486	-50.1609438788083
			59.9980171516378	-50.1609438788083
			59.9573680885269	-50.1609438788083
			59.9167190254161	-50.1609438788083
			59.8760699623052	-50.1609438788083
			59.8354208991943	-50.1609438788083
			59.7947718360834	-50.2015929419191
			59.7541227729726	-50.2015929419191
			59.7134737098617	-50.2015929419191
			59.6728246467509	-50.2015929419191
			59.63217558364	-50.2015929419191
			59.5915265205291	-50.2015929419191
			59.5508774574183	-50.2015929419191
			59.5102283943074	-50.2015929419191
			59.4695793311965	-50.2015929419191
			59.4289302680857	-50.2015929419191
			59.3882812049748	-50.2015929419191
			59.3476321418639	-50.2015929419191
			59.3069830787531	-50.2015929419191
			59.2663340156422	-50.2015929419191
			59.2256849525313	-50.2015929419191
			59.1850358894205	-50.2015929419191
			59.1443868263096	-50.2015929419191
			59.1037377631987	-50.2015929419191
			59.0630887000879	-50.2015929419191
			59.022439636977	-50.2015929419191
			58.9817905738661	-50.2015929419191
			58.9411415107553	-50.24224200503
			58.9004924476444	-50.24224200503
			58.8598433845335	-50.24224200503
			58.8191943214227	-50.24224200503
			58.7785452583118	-50.24224200503
			58.7378961952009	-50.24224200503
			58.6972471320901	-50.24224200503
			58.6565980689792	-50.24224200503
			58.6159490058683	-50.24224200503
			58.5752999427575	-50.24224200503
			58.5346508796466	-50.24224200503
			58.4940018165358	-50.24224200503
			58.4533527534249	-50.24224200503
			58.412703690314	-50.24224200503
			58.3720546272031	-50.24224200503
			58.3314055640923	-50.24224200503
			58.2907565009814	-50.24224200503
			58.2501074378706	-50.24224200503
			58.2094583747597	-50.24224200503
			58.1688093116488	-50.24224200503
			58.128160248538	-50.24224200503
			58.0875111854271	-50.24224200503
			58.0468621223162	-50.24224200503
			58.0062130592054	-50.24224200503
			57.9655639960945	-50.24224200503
			57.9249149329836	-50.24224200503
			57.8842658698728	-50.24224200503
			57.8436168067619	-50.24224200503
			57.802967743651	-50.24224200503
			57.7623186805402	-50.24224200503
			57.7216696174293	-50.24224200503
			57.6810205543184	-50.24224200503
			57.6403714912076	-50.24224200503
			57.5997224280967	-50.24224200503
			57.5590733649858	-50.24224200503
			57.518424301875	-50.24224200503
			57.4777752387641	-50.24224200503
			57.4371261756532	-50.24224200503
			57.3964771125424	-50.24224200503
			57.3558280494315	-50.24224200503
			57.3151789863206	-50.24224200503
			57.2745299232098	-50.24224200503
			57.2338808600989	-50.24224200503
			57.193231796988	-50.24224200503
			57.1525827338772	-50.24224200503
			57.1119336707663	-50.24224200503
			57.0712846076554	-50.24224200503
			57.0306355445446	-50.24224200503
			56.9899864814337	-50.24224200503
			56.9493374183229	-50.24224200503
			56.908688355212	-50.24224200503
			56.8680392921011	-50.24224200503
			56.8273902289903	-50.24224200503
			56.7867411658794	-50.24224200503
			56.7460921027685	-50.2015929419191
			56.7054430396577	-50.2015929419191
			56.6647939765468	-50.2015929419191
			56.6241449134359	-50.2015929419191
			56.5834958503251	-50.2015929419191
			56.5428467872142	-50.2015929419191
			56.5021977241033	-50.2015929419191
			56.4615486609925	-50.2015929419191
			56.4208995978816	-50.2015929419191
			56.3802505347707	-50.2015929419191
			56.3396014716599	-50.2015929419191
			56.298952408549	-50.2015929419191
			56.2583033454381	-50.2015929419191
			56.2176542823273	-50.2015929419191
			56.1770052192164	-50.2015929419191
			56.1363561561055	-50.2015929419191
			56.0957070929947	-50.2015929419191
			56.0550580298838	-50.2015929419191
			56.0144089667729	-50.2015929419191
			55.9737599036621	-50.2015929419191
			55.9331108405512	-50.1609438788083
			55.8924617774403	-50.1609438788083
			55.8518127143295	-50.1609438788083
			55.8111636512186	-50.1609438788083
			55.7705145881077	-50.1609438788083
			55.7298655249969	-50.1609438788083
			55.689216461886	-50.1609438788083
			55.6485673987751	-50.1609438788083
			55.6079183356643	-50.1609438788083
			55.5672692725534	-50.1609438788083
			55.5266202094426	-50.1609438788083
			55.4859711463317	-50.1609438788083
			55.4453220832208	-50.1609438788083
			55.40467302011	-50.1202948156974
			55.3640239569991	-50.1202948156974
			55.3233748938882	-50.1202948156974
			55.2827258307774	-50.1202948156974
			55.2420767676665	-50.1202948156974
			55.2014277045556	-50.1202948156974
			55.1607786414448	-50.1202948156974
			55.1201295783339	-50.1202948156974
			55.079480515223	-50.1609438788083
			55.0388314521122	-50.1609438788083
			54.9981823890013	-50.1609438788083
			54.9575333258904	-50.1609438788083
			54.9168842627796	-50.1609438788083
			54.8762351996687	-50.1609438788083
			54.8355861365578	-50.2015929419191
			54.794937073447	-50.2015929419191
			54.7542880103361	-50.2015929419191
			54.7136389472252	-50.2015929419191
			54.6729898841144	-50.2015929419191
			54.6323408210035	-50.2015929419191
			54.5916917578926	-50.2015929419191
			54.5510426947818	-50.24224200503
			54.5103936316709	-50.24224200503
			54.46974456856	-50.24224200503
			54.4290955054492	-50.24224200503
			54.3884464423383	-50.24224200503
			54.3477973792274	-50.24224200503
			54.3071483161166	-50.24224200503
			54.2664992530057	-50.24224200503
			54.2258501898948	-50.2828910681409
			54.185201126784	-50.2828910681409
			54.1445520636731	-50.2828910681409
			54.1039030005623	-50.2828910681409
			54.0632539374514	-50.2828910681409
			54.0226048743405	-50.2828910681409
			53.9819558112297	-50.2828910681409
			53.9413067481188	-50.2828910681409
			53.9006576850079	-50.2828910681409
			53.8600086218971	-50.2828910681409
			53.8193595587862	-50.3235401312517
			53.7787104956753	-50.3235401312517
			53.7380614325645	-50.3235401312517
			53.6974123694536	-50.3235401312517
			53.6567633063427	-50.3235401312517
			53.6161142432319	-50.3235401312517
			53.575465180121	-50.3235401312517
			53.5348161170101	-50.3235401312517
			53.4941670538993	-50.3235401312517
			53.4535179907884	-50.3235401312517
			53.4128689276775	-50.3235401312517
			53.3722198645667	-50.3235401312517
			53.3315708014558	-50.3235401312517
			53.2909217383449	-50.3235401312517
			53.2502726752341	-50.3235401312517
			53.2096236121232	-50.3235401312517
			53.1689745490123	-50.3641891943626
			53.1283254859015	-50.3641891943626
			53.0876764227906	-50.3641891943626
			53.0470273596797	-50.3641891943626
			53.0063782965689	-50.3641891943626
			52.965729233458	-50.3641891943626
			52.9250801703472	-50.3641891943626
			52.8844311072363	-50.3641891943626
			52.8437820441254	-50.3641891943626
			52.8031329810145	-50.3641891943626
			52.7624839179037	-50.3641891943626
			52.7218348547928	-50.3641891943626
			52.681185791682	-50.3641891943626
			52.6405367285711	-50.3641891943626
			52.5998876654602	-50.3641891943626
			52.5592386023494	-50.3641891943626
			52.5185895392385	-50.3641891943626
			52.4779404761276	-50.3641891943626
			52.4372914130168	-50.3641891943626
			52.3966423499059	-50.3641891943626
			52.355993286795	-50.3641891943626
			52.3153442236842	-50.3641891943626
			52.2746951605733	-50.3641891943626
			52.2340460974624	-50.3641891943626
			52.1933970343516	-50.3641891943626
			52.1527479712407	-50.3641891943626
			52.1120989081298	-50.3641891943626
			52.071449845019	-50.3641891943626
			52.0308007819081	-50.3641891943626
			51.9901517187972	-50.3641891943626
			51.9495026556864	-50.3641891943626
			51.9088535925755	-50.3641891943626
			51.8682045294646	-50.3641891943626
			51.8275554663538	-50.3641891943626
			51.7869064032429	-50.3641891943626
			51.746257340132	-50.3641891943626
			51.7056082770212	-50.3641891943626
			51.6649592139103	-50.3641891943626
			51.6243101507994	-50.3641891943626
			51.5836610876886	-50.3641891943626
			51.5430120245777	-50.3641891943626
			51.5023629614669	-50.3641891943626
			51.461713898356	-50.3641891943626
			51.4210648352451	-50.3641891943626
			51.3804157721342	-50.3641891943626
			51.3397667090234	-50.3641891943626
			51.2991176459125	-50.3641891943626
			51.2584685828017	-50.3641891943626
			51.2178195196908	-50.3641891943626
			51.1771704565799	-50.3641891943626
			51.1365213934691	-50.3641891943626
			51.0958723303582	-50.3641891943626
			51.0552232672473	-50.3641891943626
			51.0145742041365	-50.3641891943626
			50.9739251410256	-50.3641891943626
			50.9332760779147	-50.3641891943626
			50.8926270148039	-50.3641891943626
			50.851977951693	-50.3641891943626
			50.8113288885821	-50.3641891943626
			50.7706798254713	-50.3641891943626
			50.7300307623604	-50.3641891943626
			50.6893816992495	-50.3641891943626
			50.6487326361387	-50.3235401312517
			50.6080835730278	-50.3235401312517
			50.5674345099169	-50.3235401312517
			50.5267854468061	-50.3235401312517
			50.4861363836952	-50.3235401312517
			50.4454873205843	-50.3235401312517
			50.4048382574735	-50.3235401312517
			50.3641891943626	-50.3235401312517
			50.3235401312517	-50.3235401312517
			50.2828910681409	-50.3235401312517
			50.24224200503	-50.3235401312517
			50.2015929419191	-50.3235401312517
			50.1609438788083	-50.3235401312517
			50.1202948156974	-50.3235401312517
			50.0796457525866	-50.3235401312517
			50.0389966894757	-50.3641891943626
			49.9983476263648	-50.3641891943626
			49.9576985632539	-50.3641891943626
			49.9170495001431	-50.3641891943626
			49.8764004370322	-50.3641891943626
			49.8357513739214	-50.3641891943626
			49.7951023108105	-50.3641891943626
			49.7544532476996	-50.3641891943626
			49.7138041845888	-50.3641891943626
			49.6731551214779	-50.3641891943626
			49.6731551214779	-50.4048382574735
			49.632506058367	-50.4048382574735
			49.5918569952562	-50.4048382574735
			49.5512079321453	-50.4048382574735
			49.5105588690344	-50.4048382574735
			49.4699098059236	-50.4048382574735
			49.4292607428127	-50.4048382574735
			49.3886116797018	-50.4048382574735
			49.347962616591	-50.4048382574735
			49.3073135534801	-50.4048382574735
			49.2666644903692	-50.4048382574735
			49.2260154272584	-50.4048382574735
			49.1853663641475	-50.4454873205843
			49.1447173010366	-50.4454873205843
			49.1040682379258	-50.4454873205843
			49.0634191748149	-50.4454873205843
			49.022770111704	-50.4454873205843
			48.9821210485932	-50.4454873205843
			48.9414719854823	-50.4454873205843
			48.9008229223714	-50.4454873205843
			48.8601738592606	-50.4454873205843
			48.8195247961497	-50.4454873205843
			48.7788757330388	-50.4454873205843
			48.738226669928	-50.4454873205843
			48.6975776068171	-50.4454873205843
			48.6569285437063	-50.4454873205843
			48.6162794805954	-50.4454873205843
			48.5756304174845	-50.4861363836952
			48.5349813543736	-50.4861363836952
			48.4943322912628	-50.4861363836952
			48.4536832281519	-50.4861363836952
			48.4130341650411	-50.4861363836952
			48.3723851019302	-50.4861363836952
			48.3317360388193	-50.4861363836952
			48.2910869757085	-50.4861363836952
			48.2504379125976	-50.4861363836952
			48.2097888494867	-50.4861363836952
			48.1691397863759	-50.4861363836952
			48.128490723265	-50.4861363836952
			48.0878416601541	-50.4861363836952
			48.0471925970433	-50.4861363836952
			48.0065435339324	-50.4861363836952
			47.9658944708215	-50.4861363836952
			47.9252454077107	-50.4861363836952
			47.8845963445998	-50.4861363836952
			47.8439472814889	-50.4861363836952
			47.8032982183781	-50.4861363836952
			47.7626491552672	-50.4861363836952
			47.7220000921563	-50.4861363836952
			47.6813510290455	-50.5267854468061
			47.6407019659346	-50.5267854468061
			47.6000529028237	-50.5267854468061
			47.5594038397129	-50.5267854468061
			47.518754776602	-50.5267854468061
			47.4781057134911	-50.5267854468061
			47.4374566503803	-50.5267854468061
			47.3968075872694	-50.5267854468061
			47.3561585241585	-50.5267854468061
			47.3155094610477	-50.5267854468061
			47.2748603979368	-50.5267854468061
			47.234211334826	-50.5267854468061
			47.1935622717151	-50.5267854468061
			47.1529132086042	-50.5267854468061
			47.1122641454933	-50.5267854468061
			47.0716150823825	-50.5267854468061
			47.0309660192716	-50.5267854468061
			46.9903169561608	-50.5267854468061
			46.9496678930499	-50.5267854468061
			46.909018829939	-50.5267854468061
			46.8683697668282	-50.5267854468061
			46.8277207037173	-50.5267854468061
			46.7870716406064	-50.5267854468061
			46.7464225774956	-50.5267854468061
			46.7057735143847	-50.5267854468061
			46.6651244512738	-50.5267854468061
			46.624475388163	-50.5267854468061
			46.5838263250521	-50.5267854468061
			46.5431772619412	-50.5267854468061
			46.5025281988304	-50.5267854468061
			46.4618791357195	-50.5267854468061
			46.4212300726086	-50.5267854468061
			46.3805810094978	-50.5267854468061
			46.3399319463869	-50.5267854468061
			46.299282883276	-50.5267854468061
			46.2586338201652	-50.5267854468061
			46.2179847570543	-50.5267854468061
			46.1773356939434	-50.5267854468061
			46.1366866308326	-50.5267854468061
			46.0960375677217	-50.5267854468061
			46.0553885046108	-50.5267854468061
			46.0147394415	-50.5267854468061
			45.9740903783891	-50.5267854468061
			45.9334413152782	-50.5267854468061
			45.8927922521674	-50.5267854468061
			45.8521431890565	-50.5267854468061
			45.8114941259457	-50.5267854468061
			45.7708450628348	-50.5267854468061
			45.7301959997239	-50.5267854468061
			45.6895469366131	-50.5267854468061
			45.6488978735022	-50.5267854468061
			45.6082488103913	-50.4861363836952
			45.5675997472805	-50.4861363836952
			45.5269506841696	-50.4861363836952
			45.4863016210587	-50.4861363836952
			45.4456525579479	-50.4861363836952
			45.405003494837	-50.4861363836952
			45.3643544317261	-50.4861363836952
			45.3237053686153	-50.4861363836952
			45.2830563055044	-50.4861363836952
			45.2424072423935	-50.4861363836952
			45.2017581792827	-50.4861363836952
			45.1611091161718	-50.4861363836952
			45.1204600530609	-50.4861363836952
			45.0798109899501	-50.4861363836952
			45.0391619268392	-50.4861363836952
			44.9985128637283	-50.4861363836952
			44.9578638006175	-50.4861363836952
			44.9172147375066	-50.5267854468061
			44.8765656743957	-50.5267854468061
			44.8359166112849	-50.5267854468061
			44.795267548174	-50.5267854468061
			44.7546184850631	-50.5267854468061
			44.7139694219523	-50.5267854468061
			44.6733203588414	-50.5267854468061
			44.6326712957305	-50.5674345099169
			44.5920222326197	-50.5674345099169
			44.5513731695088	-50.5674345099169
			44.5107241063979	-50.5674345099169
			44.4700750432871	-50.5674345099169
			44.4294259801762	-50.5674345099169
			44.3887769170653	-50.6080835730278
			44.3481278539545	-50.6080835730278
			44.3074787908436	-50.6080835730278
			44.2668297277328	-50.6080835730278
			44.2261806646219	-50.6080835730278
			44.185531601511	-50.6080835730278
			44.1448825384002	-50.6080835730278
			44.1042334752893	-50.6080835730278
			44.0635844121784	-50.6487326361387
			44.0229353490676	-50.6487326361387
			43.9822862859567	-50.6487326361387
			43.9416372228458	-50.6487326361387
			43.900988159735	-50.6487326361387
			43.8603390966241	-50.6487326361387
			43.8196900335132	-50.6487326361387
			43.7790409704024	-50.6487326361387
			43.7383919072915	-50.6893816992495
			43.6977428441806	-50.6893816992495
			43.6570937810698	-50.6893816992495
			43.6164447179589	-50.6893816992495
			43.575795654848	-50.6893816992495
			43.5351465917372	-50.6893816992495
			43.4944975286263	-50.6893816992495
			43.4538484655154	-50.6893816992495
			43.4131994024046	-50.6893816992495
			43.3725503392937	-50.6893816992495
			43.3319012761828	-50.7300307623604
			43.291252213072	-50.7300307623604
			43.2506031499611	-50.7300307623604
			43.2099540868502	-50.7300307623604
			43.1693050237394	-50.7300307623604
			43.1286559606285	-50.7300307623604
			43.0880068975176	-50.7300307623604
			43.0473578344068	-50.7300307623604
			43.0067087712959	-50.7300307623604
			42.966059708185	-50.7300307623604
			42.9254106450742	-50.7300307623604
			42.8847615819633	-50.7706798254713
			42.8441125188525	-50.7706798254713
			42.8034634557416	-50.7706798254713
			42.7628143926307	-50.7706798254713
			42.7221653295199	-50.7706798254713
			42.681516266409	-50.7706798254713
			42.6408672032981	-50.7706798254713
			42.6002181401873	-50.7706798254713
			42.5595690770764	-50.7706798254713
			42.5189200139655	-50.7706798254713
			42.4782709508547	-50.7706798254713
			42.4376218877438	-50.7706798254713
			42.3969728246329	-50.7706798254713
			42.3563237615221	-50.7706798254713
			42.3156746984112	-50.7706798254713
			42.2750256353003	-50.7706798254713
			42.2343765721895	-50.8113288885821
			42.1937275090786	-50.8113288885821
			42.1530784459677	-50.8113288885821
			42.1124293828569	-50.8113288885821
			42.071780319746	-50.8113288885821
			42.0311312566351	-50.8113288885821
			41.9904821935243	-50.8113288885821
			41.9498331304134	-50.8113288885821
			41.9091840673025	-50.8113288885821
			41.8685350041917	-50.8113288885821
			41.8278859410808	-50.8113288885821
			41.7872368779699	-50.8113288885821
			41.7465878148591	-50.8113288885821
			41.7059387517482	-50.8113288885821
			41.6652896886373	-50.8113288885821
			41.6246406255265	-50.8113288885821
			41.5839915624156	-50.8113288885821
			41.5433424993047	-50.8113288885821
			41.5026934361939	-50.8113288885821
			41.462044373083	-50.8113288885821
			41.4213953099722	-50.8113288885821
			41.3807462468613	-50.8113288885821
			41.3400971837504	-50.8113288885821
			41.2994481206396	-50.8113288885821
			41.2587990575287	-50.8113288885821
			41.2181499944178	-50.8113288885821
			41.177500931307	-50.8113288885821
			41.1368518681961	-50.8113288885821
			41.0962028050852	-50.8113288885821
			41.0555537419744	-50.8113288885821
			41.0149046788635	-50.8113288885821
			40.9742556157526	-50.8113288885821
			40.9336065526418	-50.8113288885821
			40.8929574895309	-50.8113288885821
			40.85230842642	-50.8113288885821
			40.8116593633092	-50.8113288885821
			40.7710103001983	-50.8113288885821
			40.7303612370874	-50.8113288885821
			40.6897121739766	-50.8113288885821
			40.6490631108657	-50.8113288885821
			40.6084140477548	-50.8113288885821
			40.567764984644	-50.8113288885821
			40.5271159215331	-50.8113288885821
			40.4864668584222	-50.8113288885821
			40.4458177953114	-50.8113288885821
			40.4051687322005	-50.8113288885821
			40.3645196690896	-50.7706798254713
			40.3238706059788	-50.7706798254713
			40.2832215428679	-50.7706798254713
			40.2425724797571	-50.7706798254713
			40.2019234166462	-50.7706798254713
			40.1612743535353	-50.7706798254713
			40.1206252904244	-50.7706798254713
			40.0799762273136	-50.7706798254713
			40.0393271642027	-50.7706798254713
			39.9986781010919	-50.7706798254713
			39.958029037981	-50.7706798254713
			39.9173799748701	-50.8113288885821
			39.8767309117593	-50.8113288885821
			39.8360818486484	-50.8113288885821
			39.7954327855375	-50.8113288885821
			39.7547837224267	-50.8113288885821
			39.7141346593158	-50.8113288885821
			39.6734855962049	-50.8113288885821
			39.6328365330941	-50.851977951693
			39.5921874699832	-50.851977951693
			39.5515384068723	-50.851977951693
			39.5108893437615	-50.851977951693
			39.4702402806506	-50.851977951693
			39.4295912175397	-50.851977951693
			39.3889421544289	-50.851977951693
			39.348293091318	-50.8926270148039
			39.3076440282071	-50.8926270148039
			39.2669949650963	-50.8926270148039
			39.2263459019854	-50.8926270148039
			39.1856968388745	-50.8926270148039
			39.1450477757637	-50.8926270148039
			39.1043987126528	-50.8926270148039
			39.0637496495419	-50.8926270148039
			39.0231005864311	-50.9332760779147
			38.9824515233202	-50.9332760779147
			38.9418024602093	-50.9332760779147
			38.9011533970985	-50.9332760779147
			38.8605043339876	-50.9332760779147
			38.8198552708768	-50.9332760779147
			38.7792062077659	-50.9332760779147
			38.738557144655	-50.9332760779147
			38.6979080815441	-50.9332760779147
			38.6572590184333	-50.9739251410256
			38.6166099553224	-50.9739251410256
			38.5759608922116	-50.9739251410256
			38.5353118291007	-50.9739251410256
			38.4946627659898	-50.9739251410256
			38.454013702879	-50.9739251410256
			38.4133646397681	-50.9739251410256
			38.3727155766572	-50.9739251410256
			38.3320665135464	-50.9739251410256
			38.2914174504355	-50.9739251410256
			38.2507683873246	-50.9739251410256
			38.2101193242138	-51.0145742041365
			38.1694702611029	-51.0145742041365
			38.128821197992	-51.0145742041365
			38.0881721348812	-51.0145742041365
			38.0475230717703	-51.0145742041365
			38.0068740086594	-51.0145742041365
			37.9662249455486	-51.0145742041365
			37.9255758824377	-51.0145742041365
			37.8849268193268	-51.0145742041365
			37.844277756216	-51.0145742041365
			37.8036286931051	-51.0145742041365
			37.7629796299942	-51.0145742041365
			37.7223305668834	-51.0145742041365
			37.6816815037725	-51.0145742041365
			37.6410324406616	-51.0552232672473
			37.6003833775508	-51.0552232672473
			37.5597343144399	-51.0552232672473
			37.519085251329	-51.0552232672473
			37.4784361882182	-51.0552232672473
			37.4377871251073	-51.0552232672473
			37.3971380619965	-51.0552232672473
			37.3564889988856	-51.0552232672473
			37.3158399357747	-51.0552232672473
			37.2751908726638	-51.0552232672473
			37.234541809553	-51.0552232672473
			37.1938927464421	-51.0552232672473
			37.1532436833313	-51.0552232672473
			37.1125946202204	-51.0552232672473
			37.0719455571095	-51.0552232672473
			37.0312964939987	-51.0552232672473
			36.9906474308878	-51.0552232672473
			36.9499983677769	-51.0552232672473
			36.9093493046661	-51.0552232672473
			36.8687002415552	-51.0552232672473
			36.8280511784443	-51.0552232672473
			36.7874021153335	-51.0552232672473
			36.7467530522226	-51.0552232672473
			36.7061039891117	-51.0552232672473
			36.6654549260009	-51.0552232672473
			36.62480586289	-51.0552232672473
			36.5841567997791	-51.0552232672473
			36.5435077366683	-51.0552232672473
			36.5028586735574	-51.0958723303582
			36.4622096104465	-51.0958723303582
			36.4215605473357	-51.0958723303582
			36.3809114842248	-51.0958723303582
			36.3402624211139	-51.0958723303582
			36.2996133580031	-51.0958723303582
			36.2589642948922	-51.0958723303582
			36.2183152317813	-51.0958723303582
			36.1776661686705	-51.0958723303582
			36.1370171055596	-51.0958723303582
			36.0963680424487	-51.0958723303582
			36.0557189793379	-51.0958723303582
			36.015069916227	-51.0958723303582
			35.9744208531162	-51.0958723303582
			35.9337717900053	-51.0958723303582
			35.8931227268944	-51.0958723303582
			35.8524736637835	-51.0958723303582
			35.8118246006727	-51.0958723303582
			35.7711755375618	-51.0552232672473
			35.730526474451	-51.0552232672473
			35.6898774113401	-51.0552232672473
			35.6492283482292	-51.0552232672473
			35.6085792851184	-51.0552232672473
			35.5679302220075	-51.0552232672473
			35.5272811588966	-51.0552232672473
			35.4866320957858	-51.0552232672473
			35.4459830326749	-51.0552232672473
			35.405333969564	-51.0552232672473
			35.3646849064532	-51.0552232672473
			35.3240358433423	-51.0552232672473
			35.2833867802314	-51.0552232672473
			35.2427377171206	-51.0552232672473
			35.2020886540097	-51.0552232672473
			35.1614395908988	-51.0552232672473
			35.120790527788	-51.0552232672473
			35.0801414646771	-51.0552232672473
			35.0394924015662	-51.0552232672473
			34.9988433384554	-51.0552232672473
			34.9581942753445	-51.0552232672473
			34.9175452122336	-51.0552232672473
			34.8768961491228	-51.0552232672473
			34.8362470860119	-51.0552232672473
			34.795598022901	-51.0552232672473
			34.7549489597902	-51.0552232672473
			34.7142998966793	-51.0552232672473
			34.6736508335684	-51.0552232672473
			34.6330017704576	-51.0552232672473
			34.5923527073467	-51.0552232672473
			34.5517036442359	-51.0145742041365
			34.511054581125	-51.0145742041365
			34.4704055180141	-51.0145742041365
			34.4297564549032	-51.0145742041365
			34.3891073917924	-51.0145742041365
			34.3484583286815	-51.0145742041365
			34.3078092655707	-51.0145742041365
			34.2671602024598	-51.0145742041365
			34.2265111393489	-51.0145742041365
			34.1858620762381	-51.0145742041365
			34.1452130131272	-51.0552232672473
			34.1045639500163	-51.0552232672473
			34.0639148869055	-51.0958723303582
			34.0232658237946	-51.0958723303582
			33.9826167606837	-51.0958723303582
			33.9419676975729	-51.1365213934691
			33.901318634462	-51.1365213934691
			33.8606695713511	-51.1365213934691
			33.8200205082403	-51.1365213934691
			33.7793714451294	-51.1771704565799
			33.7387223820185	-51.1771704565799
			33.6980733189077	-51.1771704565799
			33.6574242557968	-51.1771704565799
			33.6167751926859	-51.1771704565799
			33.5761261295751	-51.1771704565799
			33.5354770664642	-51.1771704565799
			33.4948280033533	-51.1771704565799
			33.4541789402425	-51.1771704565799
			33.4135298771316	-51.1771704565799
			33.3728808140207	-51.1365213934691
			33.3322317509099	-51.1365213934691
			33.291582687799	-51.1365213934691
			33.2509336246881	-51.1365213934691
			33.2102845615773	-51.0958723303582
		</c2>
	</curves.scaled>
	<ruler.points type=matrix rownames=TRUE colnames=FALSE nrow=2 ncol=2 as.numeric=TRUE >
		Ruler point 1	2081	384
		Ruler point 2	2327	382
	</ruler.points>
</shapes>

