<shapes type=list>
	<ruler.pixel type=vector names=FALSE length=1 as.numeric=TRUE >248.050398104901</ruler.pixel>
	<ruler.interval type=vector names=FALSE length=1 as.numeric=TRUE >10</ruler.interval>
	<scaling.units type=vector names=FALSE length=1 as.numeric=FALSE >undefined</scaling.units>
	<scaling type=vector names=FALSE length=1 as.numeric=TRUE >0.0403143880292059</scaling>
	<landmarks.pixel type=matrix rownames=TRUE colnames=FALSE nrow=2 ncol=2 as.numeric=TRUE >
		LM1	728	1364
		LM2	1808	1385
	</landmarks.pixel>
	<landmarks.scaled type=matrix rownames=TRUE colnames=FALSE nrow=2 ncol=2 as.numeric=TRUE >
		LM1	29.3488744852619	-54.9888252718369
		LM2	72.8884135568043	-55.8354274204502
	</landmarks.scaled>
	<curves.control type=list>
		<c1 type=matrix rownames=FALSE colnames=FALSE nrow=13 ncol=2 as.numeric=TRUE >
			728	1364
			763	1268
			846	1205
			922	1085
			1059	957
			1141	888
			1257	837
			1348	793
			1436	834
			1574	938
			1694	1158
			1818	1368
			1808	1385
		</c1>
		<c2 type=matrix rownames=FALSE colnames=FALSE nrow=13 ncol=2 as.numeric=TRUE >
			1808	1385
			1799	1395
			1750	1384
			1728	1381
			1688	1365
			1509	1367
			1485	1349
			1401	1358
			1304	1349
			1190	1359
			924	1360
			796	1363
			728	1364
		</c2>
	</curves.control>
	<curves.pixel type=list>
		<c1 type=matrix rownames=FALSE colnames=FALSE nrow=1435 ncol=2 as.numeric=TRUE >
			728	1364
			728	1363
			729	1363
			729	1362
			729	1361
			729	1360
			730	1360
			730	1359
			730	1358
			731	1357
			731	1356
			732	1355
			732	1354
			732	1353
			733	1352
			733	1351
			734	1350
			734	1349
			734	1348
			735	1347
			735	1346
			736	1345
			736	1344
			737	1343
			737	1342
			737	1341
			738	1340
			738	1339
			739	1338
			739	1337
			740	1336
			740	1335
			741	1334
			741	1333
			741	1332
			742	1331
			742	1330
			743	1329
			743	1328
			744	1327
			744	1326
			745	1325
			745	1324
			746	1323
			746	1322
			747	1322
			747	1321
			748	1320
			748	1319
			749	1318
			749	1317
			750	1316
			750	1315
			751	1314
			751	1313
			752	1312
			752	1311
			753	1310
			753	1309
			754	1309
			754	1308
			755	1307
			755	1306
			756	1305
			757	1304
			757	1303
			758	1302
			758	1301
			759	1300
			759	1299
			760	1299
			760	1298
			761	1297
			762	1296
			762	1295
			763	1294
			763	1293
			764	1292
			764	1291
			765	1291
			766	1290
			766	1289
			767	1288
			767	1287
			768	1286
			769	1285
			769	1284
			770	1284
			770	1283
			771	1282
			772	1281
			772	1280
			773	1279
			773	1278
			774	1278
			775	1277
			775	1276
			776	1275
			777	1274
			777	1273
			778	1272
			779	1271
			780	1270
			781	1269
			781	1268
			782	1267
			783	1266
			784	1265
			785	1264
			785	1263
			786	1262
			787	1261
			788	1260
			789	1259
			790	1258
			790	1257
			791	1256
			792	1255
			793	1254
			794	1253
			795	1252
			795	1251
			796	1250
			797	1249
			798	1248
			799	1248
			800	1247
			801	1246
			802	1245
			802	1244
			803	1243
			804	1242
			805	1241
			806	1240
			807	1239
			808	1238
			809	1237
			810	1236
			811	1236
			811	1235
			812	1234
			813	1233
			814	1232
			815	1231
			816	1230
			817	1229
			818	1228
			819	1228
			820	1227
			821	1226
			822	1225
			823	1224
			824	1223
			825	1222
			826	1221
			827	1221
			828	1220
			829	1219
			830	1218
			831	1217
			832	1216
			833	1215
			834	1215
			835	1214
			836	1213
			837	1212
			838	1211
			839	1210
			840	1210
			841	1209
			842	1208
			843	1207
			844	1206
			845	1206
			846	1205
			847	1204
			847	1203
			848	1202
			849	1201
			849	1200
			850	1199
			850	1198
			851	1197
			852	1196
			852	1195
			853	1194
			853	1193
			854	1193
			855	1192
			855	1191
			856	1190
			856	1189
			857	1188
			858	1187
			858	1186
			859	1185
			860	1184
			860	1183
			861	1182
			861	1181
			862	1180
			863	1180
			863	1179
			864	1178
			865	1177
			865	1176
			866	1175
			867	1174
			867	1173
			868	1172
			869	1171
			869	1170
			870	1169
			870	1168
			871	1167
			872	1167
			872	1166
			873	1165
			874	1164
			874	1163
			875	1162
			876	1161
			876	1160
			877	1159
			878	1158
			878	1157
			879	1156
			880	1155
			881	1154
			881	1153
			882	1153
			883	1152
			883	1151
			884	1150
			885	1149
			885	1148
			886	1147
			887	1146
			887	1145
			888	1144
			889	1143
			890	1142
			890	1141
			891	1140
			892	1139
			892	1138
			893	1138
			894	1137
			895	1136
			895	1135
			896	1134
			897	1133
			897	1132
			898	1131
			899	1130
			900	1129
			900	1128
			901	1127
			902	1126
			903	1125
			903	1124
			904	1123
			905	1122
			906	1121
			907	1120
			907	1119
			908	1119
			908	1118
			909	1117
			910	1116
			911	1115
			911	1114
			912	1113
			913	1113
			913	1112
			914	1111
			915	1110
			915	1109
			916	1108
			917	1108
			917	1107
			918	1106
			919	1105
			919	1104
			920	1104
			921	1103
			921	1102
			922	1101
			923	1100
			923	1099
			924	1099
			925	1098
			925	1097
			926	1096
			927	1095
			928	1094
			929	1093
			930	1092
			931	1091
			931	1090
			932	1089
			933	1088
			934	1087
			935	1086
			936	1085
			937	1084
			937	1083
			938	1082
			939	1081
			940	1080
			941	1079
			942	1078
			942	1077
			943	1076
			944	1075
			945	1074
			946	1073
			947	1072
			948	1071
			949	1070
			949	1069
			950	1068
			951	1067
			952	1066
			953	1065
			954	1064
			955	1063
			956	1062
			956	1061
			957	1060
			958	1059
			959	1058
			960	1057
			961	1056
			962	1055
			963	1054
			964	1053
			965	1052
			966	1051
			966	1050
			967	1049
			968	1048
			969	1047
			970	1046
			971	1045
			972	1044
			973	1043
			974	1042
			975	1041
			976	1040
			977	1039
			978	1038
			978	1037
			979	1036
			980	1035
			981	1034
			982	1033
			983	1032
			984	1031
			985	1030
			986	1029
			987	1028
			988	1027
			989	1026
			990	1025
			991	1024
			992	1023
			993	1022
			994	1021
			995	1020
			996	1019
			997	1018
			998	1017
			999	1016
			1000	1015
			1001	1014
			1002	1013
			1002	1012
			1003	1011
			1004	1010
			1005	1009
			1006	1008
			1007	1007
			1008	1006
			1009	1005
			1010	1004
			1011	1003
			1012	1002
			1013	1001
			1014	1000
			1015	999
			1016	998
			1017	997
			1018	996
			1019	996
			1019	995
			1020	995
			1021	994
			1021	993
			1022	993
			1022	992
			1023	992
			1024	991
			1024	990
			1025	990
			1025	989
			1026	988
			1027	988
			1027	987
			1028	987
			1029	986
			1029	985
			1030	985
			1030	984
			1031	984
			1032	983
			1032	982
			1033	982
			1034	981
			1035	980
			1036	979
			1037	978
			1038	977
			1039	976
			1040	975
			1041	974
			1042	973
			1043	972
			1044	971
			1045	970
			1046	970
			1047	969
			1048	968
			1049	967
			1049	966
			1050	965
			1051	964
			1052	963
			1053	962
			1054	962
			1055	961
			1056	960
			1057	959
			1058	958
			1059	957
			1060	956
			1061	955
			1062	954
			1063	953
			1064	953
			1065	952
			1066	951
			1067	950
			1068	950
			1069	949
			1069	948
			1070	948
			1071	947
			1072	946
			1073	946
			1074	945
			1075	944
			1076	943
			1077	942
			1078	941
			1079	941
			1080	940
			1081	939
			1082	938
			1083	937
			1084	937
			1085	936
			1086	935
			1087	935
			1087	934
			1088	934
			1089	934
			1089	933
			1090	933
			1090	932
			1091	932
			1092	931
			1093	930
			1094	929
			1095	929
			1096	928
			1097	928
			1097	927
			1098	927
			1099	926
			1100	925
			1101	924
			1102	924
			1103	923
			1104	922
			1105	922
			1106	921
			1107	920
			1108	920
			1109	919
			1110	918
			1111	918
			1112	917
			1112	916
			1113	916
			1114	915
			1115	914
			1116	914
			1117	913
			1118	913
			1119	912
			1120	911
			1121	911
			1122	910
			1123	909
			1124	909
			1125	908
			1126	907
			1127	907
			1128	906
			1129	905
			1130	905
			1131	904
			1132	904
			1133	903
			1134	902
			1135	902
			1136	901
			1137	900
			1138	900
			1139	899
			1140	899
			1141	898
			1142	897
			1143	897
			1144	896
			1145	895
			1146	895
			1147	894
			1148	894
			1149	893
			1150	892
			1151	892
			1152	891
			1153	890
			1154	890
			1155	889
			1156	889
			1157	888
			1158	887
			1159	887
			1160	886
			1161	886
			1162	885
			1163	884
			1164	884
			1165	883
			1166	883
			1167	882
			1168	881
			1169	881
			1170	881
			1170	880
			1171	880
			1172	880
			1172	879
			1173	879
			1174	878
			1175	878
			1176	877
			1177	876
			1178	876
			1179	876
			1180	875
			1181	874
			1182	874
			1183	873
			1184	873
			1185	872
			1186	872
			1187	871
			1188	871
			1189	870
			1190	870
			1191	869
			1192	868
			1193	868
			1194	867
			1195	867
			1196	866
			1197	866
			1198	865
			1199	865
			1200	864
			1201	864
			1201	863
			1202	863
			1203	863
			1204	862
			1205	862
			1206	861
			1207	861
			1208	860
			1209	860
			1210	859
			1211	858
			1212	858
			1213	857
			1214	857
			1215	856
			1216	856
			1217	855
			1218	855
			1219	854
			1220	854
			1221	853
			1222	853
			1223	853
			1224	852
			1225	852
			1226	851
			1227	851
			1228	850
			1229	850
			1230	849
			1231	849
			1232	848
			1233	848
			1234	847
			1235	847
			1236	847
			1236	846
			1237	846
			1238	846
			1239	845
			1240	845
			1241	844
			1242	844
			1243	843
			1244	843
			1245	842
			1246	842
			1247	842
			1247	841
			1248	841
			1249	840
			1250	840
			1251	840
			1252	839
			1253	839
			1254	838
			1255	838
			1256	838
			1257	837
			1258	836
			1259	836
			1260	836
			1261	835
			1262	835
			1262	834
			1263	834
			1264	834
			1265	833
			1266	833
			1267	832
			1268	832
			1269	832
			1269	831
			1270	831
			1271	831
			1272	830
			1273	830
			1274	830
			1275	829
			1276	829
			1277	828
			1278	828
			1279	827
			1280	827
			1281	827
			1282	827
			1283	826
			1284	826
			1285	825
			1286	825
			1287	825
			1288	824
			1289	824
			1290	824
			1291	824
			1292	823
			1293	823
			1294	823
			1294	822
			1295	822
			1296	822
			1297	822
			1298	821
			1299	821
			1300	821
			1301	821
			1302	820
			1303	820
			1304	820
			1305	820
			1306	819
			1307	819
			1308	819
			1309	819
			1310	819
			1311	818
			1312	818
			1313	818
			1314	818
			1315	818
			1316	817
			1317	817
			1318	817
			1319	817
			1320	817
			1321	816
			1322	816
			1323	816
			1324	816
			1325	816
			1326	816
			1327	816
			1328	816
			1329	815
			1330	815
			1331	815
			1332	815
			1333	815
			1334	815
			1335	815
			1336	815
			1337	815
			1338	815
			1339	815
			1340	815
			1341	814
			1342	814
			1343	814
			1344	814
			1345	814
			1346	814
			1347	814
			1348	814
			1349	814
			1350	814
			1351	814
			1352	814
			1353	814
			1354	814
			1355	814
			1356	814
			1357	814
			1358	814
			1359	814
			1360	814
			1361	815
			1362	815
			1363	815
			1364	815
			1365	815
			1366	815
			1367	815
			1368	815
			1369	815
			1370	815
			1371	815
			1372	815
			1373	816
			1374	816
			1375	816
			1376	816
			1377	816
			1378	816
			1379	816
			1380	817
			1381	817
			1382	817
			1383	817
			1384	817
			1385	817
			1386	818
			1387	818
			1388	818
			1389	818
			1390	818
			1391	819
			1392	819
			1393	819
			1394	819
			1395	819
			1396	820
			1397	820
			1398	820
			1399	821
			1400	821
			1401	821
			1402	821
			1403	822
			1404	822
			1405	822
			1406	822
			1407	823
			1408	823
			1409	824
			1410	824
			1411	824
			1412	825
			1413	825
			1414	825
			1415	826
			1416	826
			1417	826
			1418	827
			1419	827
			1420	827
			1421	828
			1422	828
			1423	829
			1424	829
			1425	829
			1426	830
			1427	830
			1428	831
			1429	831
			1430	832
			1431	832
			1432	832
			1433	833
			1434	833
			1435	833
			1436	834
			1437	835
			1438	836
			1439	836
			1440	837
			1441	838
			1442	839
			1443	839
			1444	840
			1445	841
			1446	842
			1447	843
			1448	843
			1449	844
			1450	845
			1451	846
			1452	847
			1453	847
			1454	848
			1455	849
			1456	850
			1457	851
			1458	851
			1459	852
			1460	853
			1461	854
			1462	855
			1463	855
			1464	856
			1465	857
			1466	858
			1467	859
			1468	860
			1469	860
			1470	861
			1471	862
			1471	863
			1472	864
			1473	865
			1474	865
			1475	866
			1476	867
			1477	868
			1478	869
			1479	870
			1480	871
			1481	872
			1482	872
			1483	873
			1484	874
			1485	875
			1486	876
			1487	877
			1488	878
			1489	879
			1490	880
			1491	880
			1492	881
			1493	882
			1494	883
			1495	884
			1495	885
			1496	886
			1497	887
			1498	888
			1499	889
			1500	890
			1501	891
			1502	892
			1503	892
			1504	893
			1505	894
			1506	895
			1507	896
			1508	897
			1509	898
			1510	899
			1511	900
			1512	901
			1513	902
			1513	903
			1514	904
			1515	905
			1516	906
			1517	907
			1518	908
			1519	909
			1520	910
			1521	911
			1522	912
			1523	913
			1524	914
			1525	915
			1526	916
			1527	917
			1528	918
			1529	919
			1529	920
			1530	921
			1531	922
			1532	923
			1533	924
			1534	925
			1535	926
			1536	927
			1537	928
			1538	929
			1539	930
			1540	931
			1540	932
			1541	933
			1542	934
			1543	935
			1544	936
			1544	937
			1545	938
			1546	938
			1546	939
			1547	940
			1548	941
			1548	942
			1549	942
			1550	943
			1550	944
			1551	945
			1552	945
			1552	946
			1553	947
			1554	948
			1554	949
			1555	949
			1556	950
			1556	951
			1557	952
			1558	953
			1559	954
			1560	955
			1561	956
			1562	957
			1562	958
			1563	959
			1564	960
			1565	961
			1566	962
			1566	963
			1567	964
			1568	965
			1569	966
			1569	967
			1570	968
			1571	969
			1572	970
			1573	971
			1573	972
			1574	973
			1575	974
			1576	975
			1577	976
			1577	977
			1578	978
			1579	979
			1580	980
			1581	981
			1581	982
			1582	983
			1583	984
			1584	985
			1584	986
			1585	987
			1586	988
			1587	989
			1588	990
			1588	991
			1589	992
			1590	993
			1590	994
			1591	995
			1592	996
			1593	997
			1593	998
			1594	999
			1595	1000
			1595	1001
			1596	1002
			1597	1003
			1597	1004
			1598	1005
			1599	1006
			1599	1007
			1600	1008
			1601	1008
			1602	1009
			1602	1010
			1603	1011
			1604	1012
			1604	1013
			1605	1014
			1606	1015
			1606	1016
			1607	1017
			1608	1018
			1608	1019
			1609	1020
			1610	1021
			1610	1022
			1611	1023
			1612	1024
			1612	1025
			1613	1026
			1614	1027
			1615	1028
			1615	1029
			1616	1030
			1616	1031
			1617	1031
			1617	1032
			1618	1033
			1619	1034
			1620	1035
			1620	1036
			1621	1037
			1621	1038
			1622	1039
			1623	1040
			1623	1041
			1624	1041
			1624	1042
			1625	1043
			1625	1044
			1626	1045
			1627	1046
			1627	1047
			1628	1047
			1628	1048
			1629	1049
			1629	1050
			1630	1051
			1631	1052
			1631	1053
			1632	1054
			1633	1055
			1634	1056
			1634	1057
			1635	1058
			1635	1059
			1636	1060
			1637	1061
			1637	1062
			1638	1063
			1638	1064
			1639	1065
			1640	1066
			1640	1067
			1641	1068
			1642	1069
			1642	1070
			1643	1071
			1643	1072
			1644	1073
			1645	1074
			1646	1075
			1646	1076
			1647	1077
			1647	1078
			1648	1079
			1649	1080
			1649	1081
			1650	1082
			1650	1083
			1651	1084
			1652	1085
			1652	1086
			1653	1087
			1654	1088
			1654	1089
			1655	1090
			1656	1091
			1656	1092
			1657	1093
			1657	1094
			1658	1095
			1659	1096
			1659	1097
			1660	1098
			1660	1099
			1661	1100
			1662	1101
			1662	1102
			1663	1103
			1663	1104
			1664	1105
			1665	1106
			1665	1107
			1666	1108
			1666	1109
			1667	1110
			1668	1111
			1668	1112
			1669	1113
			1669	1114
			1670	1115
			1671	1116
			1671	1117
			1672	1118
			1672	1119
			1673	1120
			1673	1121
			1674	1122
			1674	1123
			1675	1124
			1675	1125
			1676	1125
			1676	1126
			1677	1127
			1677	1128
			1678	1128
			1678	1129
			1678	1130
			1679	1131
			1680	1132
			1680	1133
			1681	1134
			1681	1135
			1682	1136
			1682	1137
			1683	1138
			1683	1139
			1684	1140
			1685	1141
			1685	1142
			1686	1143
			1686	1144
			1687	1144
			1687	1145
			1687	1146
			1688	1146
			1688	1147
			1688	1148
			1689	1148
			1689	1149
			1689	1150
			1690	1150
			1690	1151
			1691	1152
			1691	1153
			1692	1154
			1693	1155
			1693	1156
			1693	1157
			1694	1158
			1695	1159
			1695	1160
			1696	1161
			1696	1162
			1697	1163
			1697	1164
			1698	1165
			1699	1166
			1699	1167
			1700	1168
			1701	1169
			1701	1170
			1702	1171
			1702	1172
			1703	1173
			1703	1174
			1704	1175
			1705	1176
			1705	1177
			1706	1178
			1706	1179
			1707	1180
			1708	1181
			1708	1182
			1709	1183
			1709	1184
			1710	1185
			1710	1186
			1711	1186
			1711	1187
			1712	1188
			1712	1189
			1713	1190
			1713	1191
			1714	1192
			1714	1193
			1715	1194
			1716	1195
			1716	1196
			1717	1197
			1717	1198
			1718	1199
			1719	1200
			1719	1201
			1720	1202
			1720	1203
			1721	1204
			1721	1205
			1722	1205
			1722	1206
			1723	1207
			1723	1208
			1724	1209
			1724	1210
			1725	1211
			1725	1212
			1726	1213
			1727	1214
			1727	1215
			1728	1216
			1729	1217
			1729	1218
			1730	1219
			1730	1220
			1731	1221
			1731	1222
			1732	1223
			1732	1224
			1733	1225
			1733	1226
			1734	1226
			1734	1227
			1735	1228
			1735	1229
			1736	1230
			1736	1231
			1737	1232
			1737	1233
			1738	1233
			1738	1234
			1739	1235
			1739	1236
			1740	1237
			1740	1238
			1741	1238
			1741	1239
			1742	1240
			1742	1241
			1742	1242
			1743	1243
			1744	1244
			1744	1245
			1745	1246
			1745	1247
			1746	1248
			1747	1249
			1747	1250
			1748	1251
			1748	1252
			1749	1253
			1749	1254
			1750	1255
			1750	1256
			1751	1257
			1751	1258
			1752	1259
			1753	1260
			1753	1261
			1754	1262
			1754	1263
			1755	1263
			1755	1264
			1755	1265
			1756	1265
			1756	1266
			1756	1267
			1757	1267
			1757	1268
			1757	1269
			1758	1269
			1758	1270
			1758	1271
			1759	1271
			1759	1272
			1760	1272
			1760	1273
			1760	1274
			1761	1274
			1761	1275
			1761	1276
			1762	1276
			1762	1277
			1763	1278
			1763	1279
			1764	1280
			1764	1281
			1765	1282
			1765	1283
			1766	1284
			1766	1285
			1767	1286
			1767	1287
			1768	1287
			1768	1288
			1769	1289
			1769	1290
			1769	1291
			1770	1292
			1771	1293
			1771	1294
			1772	1295
			1772	1296
			1773	1297
			1773	1298
			1774	1299
			1774	1300
			1775	1301
			1775	1302
			1776	1303
			1776	1304
			1777	1305
			1777	1306
			1778	1307
			1779	1308
			1779	1309
			1780	1310
			1780	1311
			1780	1312
			1781	1312
			1781	1313
			1781	1314
			1782	1314
			1782	1315
			1782	1316
			1783	1316
			1783	1317
			1784	1318
			1784	1319
			1785	1320
			1785	1321
			1786	1322
			1786	1323
			1787	1324
			1787	1325
			1788	1326
			1788	1327
			1788	1328
			1789	1329
			1790	1330
			1790	1331
			1791	1332
			1791	1333
			1791	1334
			1792	1335
			1792	1336
			1793	1337
			1793	1338
			1794	1338
			1794	1339
			1794	1340
			1795	1341
			1795	1342
			1796	1343
			1796	1344
			1797	1345
			1797	1346
			1798	1347
			1798	1348
			1798	1349
			1799	1350
			1799	1351
			1800	1352
			1800	1353
			1800	1354
			1801	1354
			1801	1355
			1801	1356
			1802	1357
			1802	1358
			1802	1359
			1803	1359
			1803	1360
			1803	1361
			1804	1362
			1804	1363
			1805	1364
			1805	1365
			1805	1366
			1805	1367
			1806	1367
			1806	1368
			1806	1369
			1806	1370
			1807	1370
			1807	1371
			1807	1372
			1807	1373
			1808	1374
			1808	1375
			1808	1376
			1808	1377
			1808	1378
			1809	1378
			1809	1379
			1809	1380
			1809	1381
			1809	1382
			1809	1383
			1808	1384
			1808	1385
		</c1>
		<c2 type=matrix rownames=FALSE colnames=FALSE nrow=1093 ncol=2 as.numeric=TRUE >
			1808	1385
			1807	1386
			1806	1387
			1805	1387
			1804	1388
			1803	1388
			1802	1388
			1801	1389
			1800	1389
			1799	1389
			1798	1389
			1797	1389
			1796	1389
			1796	1390
			1795	1390
			1794	1390
			1793	1390
			1792	1390
			1791	1390
			1790	1390
			1789	1390
			1788	1390
			1787	1390
			1786	1390
			1785	1390
			1784	1390
			1783	1389
			1782	1389
			1781	1389
			1780	1389
			1779	1389
			1778	1389
			1777	1389
			1776	1389
			1775	1389
			1774	1389
			1773	1388
			1772	1388
			1771	1388
			1770	1388
			1769	1388
			1768	1388
			1767	1387
			1766	1387
			1765	1387
			1764	1387
			1763	1387
			1762	1386
			1761	1386
			1760	1386
			1759	1386
			1758	1386
			1757	1385
			1756	1385
			1755	1385
			1754	1385
			1753	1385
			1752	1384
			1751	1384
			1750	1384
			1749	1384
			1748	1384
			1747	1384
			1746	1383
			1745	1383
			1744	1383
			1743	1383
			1742	1383
			1741	1382
			1740	1382
			1739	1382
			1738	1382
			1737	1381
			1736	1381
			1735	1381
			1734	1381
			1733	1381
			1732	1380
			1731	1380
			1730	1380
			1729	1379
			1728	1379
			1727	1379
			1726	1379
			1726	1378
			1725	1378
			1724	1378
			1723	1378
			1722	1377
			1721	1377
			1720	1377
			1719	1376
			1718	1376
			1717	1376
			1716	1375
			1715	1375
			1714	1375
			1713	1374
			1712	1374
			1711	1374
			1710	1373
			1709	1373
			1708	1373
			1708	1372
			1707	1372
			1706	1372
			1705	1372
			1704	1371
			1703	1371
			1702	1370
			1701	1370
			1700	1370
			1699	1369
			1698	1369
			1697	1368
			1696	1368
			1695	1368
			1694	1367
			1693	1367
			1692	1366
			1691	1366
			1690	1366
			1689	1365
			1688	1365
			1687	1365
			1686	1365
			1685	1365
			1684	1365
			1683	1365
			1682	1365
			1681	1365
			1680	1365
			1679	1365
			1678	1365
			1677	1365
			1676	1365
			1675	1365
			1674	1365
			1673	1365
			1672	1365
			1671	1365
			1670	1365
			1669	1365
			1668	1365
			1667	1365
			1666	1365
			1665	1365
			1664	1365
			1663	1365
			1662	1365
			1661	1365
			1660	1365
			1659	1365
			1658	1365
			1657	1365
			1656	1365
			1655	1365
			1654	1365
			1653	1365
			1652	1365
			1651	1365
			1650	1365
			1649	1365
			1648	1365
			1647	1365
			1646	1365
			1645	1365
			1644	1365
			1643	1365
			1642	1365
			1641	1365
			1640	1365
			1639	1365
			1638	1365
			1637	1365
			1636	1365
			1635	1365
			1634	1365
			1633	1365
			1632	1365
			1631	1365
			1630	1365
			1629	1365
			1628	1365
			1627	1365
			1626	1365
			1625	1365
			1624	1365
			1623	1365
			1622	1365
			1621	1365
			1620	1365
			1619	1365
			1618	1365
			1617	1365
			1616	1365
			1615	1365
			1614	1365
			1613	1365
			1612	1365
			1611	1365
			1610	1365
			1609	1365
			1608	1365
			1607	1365
			1606	1365
			1605	1365
			1604	1365
			1603	1365
			1602	1365
			1601	1365
			1600	1365
			1599	1365
			1598	1364
			1597	1364
			1596	1364
			1595	1364
			1594	1364
			1593	1364
			1592	1364
			1591	1364
			1590	1364
			1589	1364
			1588	1364
			1587	1364
			1586	1364
			1585	1364
			1584	1364
			1583	1364
			1582	1364
			1581	1364
			1580	1364
			1579	1364
			1578	1364
			1577	1364
			1576	1364
			1575	1364
			1574	1364
			1573	1364
			1572	1364
			1572	1363
			1571	1363
			1570	1363
			1569	1363
			1568	1363
			1567	1363
			1566	1363
			1565	1363
			1564	1363
			1563	1363
			1562	1363
			1561	1363
			1560	1363
			1559	1363
			1558	1363
			1557	1363
			1556	1363
			1555	1363
			1554	1362
			1553	1362
			1552	1362
			1551	1362
			1550	1362
			1549	1362
			1548	1362
			1547	1362
			1546	1362
			1545	1362
			1544	1362
			1543	1362
			1542	1361
			1541	1361
			1540	1361
			1539	1361
			1538	1361
			1537	1361
			1536	1361
			1535	1361
			1534	1361
			1533	1361
			1532	1361
			1532	1360
			1531	1360
			1530	1360
			1529	1360
			1528	1360
			1527	1360
			1526	1360
			1525	1360
			1524	1360
			1523	1359
			1522	1359
			1521	1359
			1520	1359
			1519	1359
			1518	1359
			1517	1359
			1516	1358
			1515	1358
			1514	1358
			1513	1358
			1512	1358
			1511	1358
			1510	1357
			1509	1357
			1508	1357
			1507	1357
			1506	1357
			1505	1356
			1504	1356
			1503	1356
			1502	1356
			1501	1355
			1500	1355
			1499	1355
			1498	1355
			1497	1354
			1496	1354
			1495	1354
			1494	1353
			1493	1353
			1492	1353
			1492	1352
			1491	1352
			1490	1352
			1489	1352
			1489	1351
			1488	1351
			1487	1351
			1487	1350
			1486	1350
			1485	1349
			1484	1349
			1483	1349
			1482	1349
			1481	1349
			1480	1349
			1480	1350
			1479	1350
			1478	1350
			1477	1350
			1476	1350
			1475	1350
			1474	1350
			1473	1350
			1472	1350
			1471	1350
			1470	1350
			1469	1351
			1468	1351
			1467	1351
			1466	1351
			1465	1351
			1464	1351
			1463	1351
			1462	1351
			1461	1351
			1460	1351
			1459	1351
			1458	1351
			1457	1351
			1456	1352
			1455	1352
			1454	1352
			1453	1352
			1452	1352
			1451	1352
			1450	1352
			1449	1352
			1448	1352
			1447	1352
			1446	1352
			1445	1352
			1444	1352
			1443	1352
			1442	1352
			1441	1352
			1440	1352
			1439	1353
			1438	1353
			1437	1353
			1436	1353
			1435	1353
			1434	1353
			1433	1353
			1432	1353
			1431	1353
			1430	1353
			1429	1353
			1428	1353
			1427	1353
			1426	1353
			1425	1353
			1424	1353
			1423	1353
			1422	1353
			1421	1353
			1420	1353
			1419	1353
			1418	1353
			1417	1353
			1416	1353
			1415	1353
			1414	1353
			1413	1353
			1412	1353
			1411	1353
			1410	1353
			1409	1353
			1408	1353
			1407	1353
			1406	1353
			1405	1353
			1404	1353
			1403	1353
			1402	1353
			1401	1353
			1400	1353
			1399	1353
			1398	1353
			1397	1353
			1396	1353
			1395	1353
			1394	1353
			1393	1353
			1392	1353
			1391	1353
			1390	1353
			1389	1353
			1388	1353
			1387	1353
			1386	1353
			1385	1353
			1384	1353
			1383	1353
			1382	1353
			1381	1353
			1380	1353
			1379	1353
			1378	1353
			1377	1353
			1376	1353
			1375	1353
			1374	1353
			1373	1353
			1372	1353
			1371	1353
			1370	1353
			1369	1353
			1368	1353
			1367	1353
			1366	1353
			1365	1353
			1364	1353
			1363	1353
			1362	1353
			1361	1353
			1360	1353
			1359	1353
			1358	1353
			1357	1353
			1356	1353
			1355	1353
			1354	1352
			1353	1352
			1352	1352
			1351	1352
			1350	1352
			1349	1352
			1348	1352
			1347	1352
			1346	1352
			1345	1352
			1344	1352
			1343	1352
			1342	1352
			1341	1352
			1340	1352
			1339	1352
			1338	1352
			1337	1352
			1336	1351
			1335	1351
			1334	1351
			1333	1351
			1332	1351
			1331	1351
			1330	1351
			1329	1351
			1328	1351
			1327	1351
			1326	1351
			1325	1351
			1324	1351
			1323	1351
			1322	1350
			1321	1350
			1320	1350
			1319	1350
			1318	1350
			1317	1350
			1316	1350
			1315	1350
			1314	1350
			1313	1350
			1312	1350
			1311	1350
			1310	1350
			1309	1349
			1308	1349
			1307	1349
			1306	1349
			1305	1349
			1304	1349
			1303	1349
			1302	1349
			1301	1349
			1300	1349
			1299	1349
			1298	1349
			1298	1350
			1297	1350
			1296	1350
			1295	1350
			1294	1350
			1293	1350
			1292	1350
			1291	1350
			1290	1350
			1289	1350
			1288	1350
			1287	1350
			1286	1350
			1285	1351
			1284	1351
			1283	1351
			1282	1351
			1281	1351
			1280	1351
			1279	1351
			1278	1351
			1277	1351
			1276	1351
			1275	1351
			1274	1351
			1273	1351
			1272	1351
			1271	1352
			1270	1352
			1269	1352
			1268	1352
			1267	1352
			1266	1352
			1265	1352
			1264	1352
			1263	1352
			1262	1352
			1261	1352
			1260	1352
			1259	1352
			1258	1352
			1257	1352
			1256	1352
			1255	1352
			1254	1353
			1253	1353
			1252	1353
			1251	1353
			1250	1353
			1249	1353
			1248	1353
			1247	1353
			1246	1353
			1245	1353
			1244	1353
			1243	1353
			1242	1353
			1241	1353
			1240	1353
			1239	1353
			1238	1353
			1237	1353
			1236	1354
			1235	1354
			1234	1354
			1233	1354
			1232	1354
			1231	1354
			1230	1354
			1229	1354
			1228	1354
			1227	1354
			1226	1354
			1225	1354
			1224	1354
			1223	1354
			1222	1354
			1221	1354
			1220	1354
			1219	1354
			1218	1354
			1217	1354
			1216	1354
			1215	1354
			1214	1355
			1213	1355
			1212	1355
			1211	1355
			1210	1355
			1209	1355
			1208	1355
			1207	1355
			1206	1355
			1205	1355
			1204	1355
			1203	1355
			1202	1355
			1201	1355
			1200	1355
			1199	1355
			1198	1355
			1197	1355
			1196	1355
			1195	1355
			1194	1355
			1193	1355
			1192	1355
			1191	1355
			1190	1355
			1189	1356
			1188	1356
			1187	1356
			1186	1356
			1185	1356
			1184	1356
			1183	1356
			1182	1356
			1181	1356
			1180	1356
			1179	1356
			1178	1356
			1177	1356
			1176	1356
			1175	1356
			1174	1356
			1173	1356
			1172	1356
			1171	1356
			1170	1356
			1169	1356
			1168	1356
			1167	1356
			1166	1356
			1165	1356
			1164	1356
			1163	1356
			1162	1356
			1161	1356
			1160	1357
			1159	1357
			1158	1357
			1157	1357
			1156	1357
			1155	1357
			1154	1357
			1153	1357
			1152	1357
			1151	1357
			1150	1357
			1149	1357
			1148	1357
			1147	1357
			1146	1357
			1145	1357
			1144	1357
			1143	1357
			1142	1357
			1141	1357
			1140	1357
			1139	1357
			1138	1357
			1137	1357
			1136	1357
			1135	1357
			1134	1357
			1133	1357
			1132	1357
			1131	1357
			1130	1357
			1129	1357
			1128	1357
			1127	1357
			1126	1357
			1125	1357
			1124	1357
			1123	1358
			1122	1358
			1121	1358
			1120	1358
			1119	1358
			1118	1358
			1117	1358
			1116	1358
			1115	1358
			1114	1358
			1113	1358
			1112	1358
			1111	1358
			1110	1358
			1109	1358
			1108	1358
			1107	1358
			1106	1358
			1105	1358
			1104	1358
			1103	1358
			1102	1358
			1101	1358
			1100	1358
			1099	1358
			1098	1358
			1097	1358
			1096	1358
			1095	1358
			1094	1358
			1093	1358
			1092	1358
			1091	1358
			1090	1358
			1089	1358
			1088	1358
			1087	1358
			1086	1358
			1085	1358
			1084	1358
			1083	1358
			1082	1358
			1081	1358
			1080	1358
			1079	1358
			1078	1358
			1077	1358
			1076	1358
			1075	1359
			1074	1359
			1073	1359
			1072	1359
			1071	1359
			1070	1359
			1069	1359
			1068	1359
			1067	1359
			1066	1359
			1065	1359
			1064	1359
			1063	1359
			1062	1359
			1061	1359
			1060	1359
			1059	1359
			1058	1359
			1057	1359
			1056	1359
			1055	1359
			1054	1359
			1053	1359
			1052	1359
			1051	1359
			1050	1359
			1049	1359
			1048	1359
			1047	1359
			1046	1359
			1045	1359
			1044	1359
			1043	1359
			1042	1359
			1041	1359
			1040	1359
			1039	1359
			1038	1359
			1037	1359
			1036	1359
			1035	1359
			1034	1359
			1033	1359
			1032	1359
			1031	1359
			1030	1359
			1029	1359
			1028	1359
			1027	1359
			1026	1359
			1025	1359
			1024	1359
			1023	1359
			1022	1359
			1021	1359
			1020	1359
			1019	1359
			1018	1359
			1017	1359
			1016	1359
			1015	1359
			1014	1359
			1013	1359
			1012	1359
			1011	1359
			1010	1359
			1009	1359
			1008	1359
			1007	1359
			1006	1359
			1005	1359
			1004	1359
			1003	1359
			1002	1359
			1001	1359
			1000	1360
			999	1360
			998	1360
			997	1360
			996	1360
			995	1360
			994	1360
			993	1360
			992	1360
			991	1360
			990	1360
			989	1360
			988	1360
			987	1360
			986	1360
			985	1360
			984	1360
			983	1360
			982	1360
			981	1360
			980	1360
			979	1360
			978	1360
			977	1360
			976	1360
			975	1360
			974	1360
			973	1360
			972	1360
			971	1360
			970	1360
			969	1360
			968	1360
			967	1360
			966	1360
			965	1360
			964	1360
			963	1360
			962	1360
			961	1360
			960	1360
			959	1360
			958	1360
			957	1360
			956	1360
			955	1360
			954	1360
			953	1360
			952	1360
			951	1360
			950	1360
			949	1360
			948	1360
			947	1360
			946	1360
			945	1360
			944	1360
			943	1360
			942	1360
			941	1360
			940	1360
			939	1360
			938	1360
			937	1360
			936	1360
			935	1360
			934	1360
			933	1360
			932	1360
			931	1360
			930	1360
			929	1360
			928	1360
			927	1360
			926	1360
			925	1360
			924	1360
			923	1360
			922	1360
			921	1360
			920	1360
			919	1360
			918	1360
			917	1360
			916	1360
			915	1360
			914	1360
			913	1360
			912	1360
			911	1360
			910	1360
			909	1360
			908	1360
			907	1360
			906	1360
			905	1360
			904	1360
			903	1360
			902	1361
			901	1361
			900	1361
			899	1361
			898	1361
			897	1361
			896	1361
			895	1361
			894	1361
			893	1361
			892	1361
			891	1361
			890	1361
			889	1361
			888	1361
			887	1361
			886	1361
			885	1361
			884	1361
			883	1361
			882	1361
			881	1361
			880	1361
			879	1361
			878	1361
			877	1361
			876	1361
			875	1361
			874	1361
			873	1361
			872	1361
			871	1361
			870	1361
			869	1361
			868	1361
			867	1361
			866	1361
			865	1361
			864	1361
			863	1361
			862	1361
			861	1361
			860	1361
			859	1361
			858	1361
			857	1362
			856	1362
			855	1362
			854	1362
			853	1362
			852	1362
			851	1362
			850	1362
			849	1362
			848	1362
			847	1362
			846	1362
			845	1362
			844	1362
			843	1362
			842	1362
			841	1362
			840	1362
			839	1362
			838	1362
			837	1362
			836	1362
			835	1362
			834	1362
			833	1362
			832	1362
			831	1362
			830	1362
			829	1362
			828	1362
			827	1362
			826	1362
			825	1362
			824	1362
			823	1362
			822	1362
			821	1362
			820	1362
			819	1362
			818	1362
			817	1362
			816	1362
			815	1362
			814	1362
			813	1362
			812	1362
			811	1362
			811	1363
			810	1363
			809	1363
			808	1363
			807	1363
			806	1363
			805	1363
			804	1363
			803	1363
			802	1363
			801	1363
			800	1363
			799	1363
			798	1363
			797	1363
			796	1363
			795	1363
			794	1363
			793	1363
			792	1363
			791	1363
			790	1363
			789	1363
			788	1363
			787	1363
			786	1363
			785	1363
			784	1363
			783	1363
			782	1363
			781	1363
			780	1363
			779	1363
			778	1363
			777	1363
			776	1363
			775	1363
			774	1363
			773	1363
			772	1363
			771	1363
			770	1363
			769	1363
			768	1363
			767	1363
			766	1363
			765	1363
			764	1363
			763	1363
			762	1363
			761	1363
			760	1363
			759	1363
			759	1364
			758	1364
			757	1364
			756	1364
			755	1364
			754	1364
			753	1364
			752	1364
			751	1364
			750	1364
			749	1364
			748	1364
			747	1364
			746	1364
			745	1364
			744	1364
			743	1364
			742	1364
			741	1364
			740	1364
			739	1364
			738	1364
			737	1364
			736	1364
			735	1364
			734	1364
			733	1364
			732	1364
			731	1364
			730	1364
			729	1364
			728	1364
		</c2>
	</curves.pixel>
	<curves.scaled type=list>
		<c1 type=matrix rownames=FALSE colnames=FALSE nrow=1435 ncol=2 as.numeric=TRUE >
			29.3488744852619	-54.9888252718369
			29.3488744852619	-54.9485108838077
			29.3891888732911	-54.9485108838077
			29.3891888732911	-54.9081964957785
			29.3891888732911	-54.8678821077493
			29.3891888732911	-54.8275677197201
			29.4295032613203	-54.8275677197201
			29.4295032613203	-54.7872533316909
			29.4295032613203	-54.7469389436617
			29.4698176493495	-54.7066245556325
			29.4698176493495	-54.6663101676033
			29.5101320373787	-54.6259957795741
			29.5101320373787	-54.5856813915448
			29.5101320373787	-54.5453670035156
			29.550446425408	-54.5050526154864
			29.550446425408	-54.4647382274572
			29.5907608134372	-54.424423839428
			29.5907608134372	-54.3841094513988
			29.5907608134372	-54.3437950633696
			29.6310752014664	-54.3034806753404
			29.6310752014664	-54.2631662873112
			29.6713895894956	-54.222851899282
			29.6713895894956	-54.1825375112528
			29.7117039775248	-54.1422231232236
			29.7117039775248	-54.1019087351944
			29.7117039775248	-54.0615943471652
			29.752018365554	-54.021279959136
			29.752018365554	-53.9809655711068
			29.7923327535832	-53.9406511830775
			29.7923327535832	-53.9003367950483
			29.8326471416124	-53.8600224070191
			29.8326471416124	-53.8197080189899
			29.8729615296416	-53.7793936309607
			29.8729615296416	-53.7390792429315
			29.8729615296416	-53.6987648549023
			29.9132759176708	-53.6584504668731
			29.9132759176708	-53.6181360788439
			29.9535903057	-53.5778216908147
			29.9535903057	-53.5375073027855
			29.9939046937292	-53.4971929147563
			29.9939046937292	-53.4568785267271
			30.0342190817584	-53.4165641386979
			30.0342190817584	-53.3762497506687
			30.0745334697876	-53.3359353626395
			30.0745334697876	-53.2956209746103
			30.1148478578168	-53.2956209746103
			30.1148478578168	-53.255306586581
			30.155162245846	-53.2149921985518
			30.155162245846	-53.1746778105226
			30.1954766338753	-53.1343634224934
			30.1954766338753	-53.0940490344642
			30.2357910219045	-53.053734646435
			30.2357910219045	-53.0134202584058
			30.2761054099337	-52.9731058703766
			30.2761054099337	-52.9327914823474
			30.3164197979629	-52.8924770943182
			30.3164197979629	-52.852162706289
			30.3567341859921	-52.8118483182598
			30.3567341859921	-52.7715339302306
			30.3970485740213	-52.7715339302306
			30.3970485740213	-52.7312195422014
			30.4373629620505	-52.6909051541722
			30.4373629620505	-52.650590766143
			30.4776773500797	-52.6102763781138
			30.5179917381089	-52.5699619900846
			30.5179917381089	-52.5296476020553
			30.5583061261381	-52.4893332140261
			30.5583061261381	-52.4490188259969
			30.5986205141673	-52.4087044379677
			30.5986205141673	-52.3683900499385
			30.6389349021965	-52.3683900499385
			30.6389349021965	-52.3280756619093
			30.6792492902257	-52.2877612738801
			30.7195636782549	-52.2474468858509
			30.7195636782549	-52.2071324978217
			30.7598780662841	-52.1668181097925
			30.7598780662841	-52.1265037217633
			30.8001924543133	-52.0861893337341
			30.8001924543133	-52.0458749457049
			30.8405068423425	-52.0458749457049
			30.8808212303718	-52.0055605576757
			30.8808212303718	-51.9652461696465
			30.921135618401	-51.9249317816173
			30.921135618401	-51.8846173935881
			30.9614500064302	-51.8443030055588
			31.0017643944594	-51.8039886175296
			31.0017643944594	-51.7636742295004
			31.0420787824886	-51.7636742295004
			31.0420787824886	-51.7233598414712
			31.0823931705178	-51.683045453442
			31.122707558547	-51.6427310654128
			31.122707558547	-51.6024166773836
			31.1630219465762	-51.5621022893544
			31.1630219465762	-51.5217879013252
			31.2033363346054	-51.5217879013252
			31.2436507226346	-51.481473513296
			31.2436507226346	-51.4411591252668
			31.2839651106638	-51.4008447372376
			31.324279498693	-51.3605303492084
			31.324279498693	-51.3202159611792
			31.3645938867222	-51.27990157315
			31.4049082747514	-51.2395871851208
			31.4452226627806	-51.1992727970915
			31.4855370508098	-51.1589584090623
			31.4855370508098	-51.1186440210331
			31.525851438839	-51.0783296330039
			31.5661658268683	-51.0380152449747
			31.6064802148975	-50.9977008569455
			31.6467946029267	-50.9573864689163
			31.6467946029267	-50.9170720808871
			31.6871089909559	-50.8767576928579
			31.7274233789851	-50.8364433048287
			31.7677377670143	-50.7961289167995
			31.8080521550435	-50.7558145287703
			31.8483665430727	-50.7155001407411
			31.8483665430727	-50.6751857527119
			31.8886809311019	-50.6348713646827
			31.9289953191311	-50.5945569766535
			31.9693097071603	-50.5542425886243
			32.0096240951895	-50.513928200595
			32.0499384832187	-50.4736138125658
			32.0499384832187	-50.4332994245366
			32.0902528712479	-50.3929850365074
			32.1305672592771	-50.3526706484782
			32.1708816473063	-50.312356260449
			32.2111960353355	-50.312356260449
			32.2515104233648	-50.2720418724198
			32.291824811394	-50.2317274843906
			32.3321391994232	-50.1914130963614
			32.3321391994232	-50.1510987083322
			32.3724535874524	-50.110784320303
			32.4127679754816	-50.0704699322738
			32.4530823635108	-50.0301555442446
			32.49339675154	-49.9898411562154
			32.5337111395692	-49.9495267681862
			32.5740255275984	-49.909212380157
			32.6143399156276	-49.8688979921277
			32.6546543036568	-49.8285836040985
			32.694968691686	-49.8285836040985
			32.694968691686	-49.7882692160693
			32.7352830797152	-49.7479548280401
			32.7755974677444	-49.7076404400109
			32.8159118557736	-49.6673260519817
			32.8562262438028	-49.6270116639525
			32.896540631832	-49.5866972759233
			32.9368550198613	-49.5463828878941
			32.9771694078905	-49.5060684998649
			33.0174837959197	-49.5060684998649
			33.0577981839489	-49.4657541118357
			33.0981125719781	-49.4254397238065
			33.1384269600073	-49.3851253357773
			33.1787413480365	-49.3448109477481
			33.2190557360657	-49.3044965597189
			33.2593701240949	-49.2641821716897
			33.2996845121241	-49.2238677836605
			33.3399989001533	-49.2238677836605
			33.3803132881825	-49.1835533956313
			33.4206276762117	-49.143239007602
			33.4609420642409	-49.1029246195728
			33.5012564522701	-49.0626102315436
			33.5415708402993	-49.0222958435144
			33.5818852283286	-48.9819814554852
			33.6221996163578	-48.9819814554852
			33.662514004387	-48.941667067456
			33.7028283924162	-48.9013526794268
			33.7431427804454	-48.8610382913976
			33.7834571684746	-48.8207239033684
			33.8237715565038	-48.7804095153392
			33.864085944533	-48.7804095153392
			33.9044003325622	-48.74009512731
			33.9447147205914	-48.6997807392808
			33.9850291086206	-48.6594663512516
			34.0253434966498	-48.6191519632224
			34.065657884679	-48.6191519632224
			34.1059722727082	-48.5788375751932
			34.1462866607374	-48.538523187164
			34.1462866607374	-48.4982087991348
			34.1866010487666	-48.4578944111055
			34.2269154367958	-48.4175800230763
			34.2269154367958	-48.3772656350471
			34.2672298248251	-48.3369512470179
			34.2672298248251	-48.2966368589887
			34.3075442128543	-48.2563224709595
			34.3478586008835	-48.2160080829303
			34.3478586008835	-48.1756936949011
			34.3881729889127	-48.1353793068719
			34.3881729889127	-48.0950649188427
			34.4284873769419	-48.0950649188427
			34.4688017649711	-48.0547505308135
			34.4688017649711	-48.0144361427843
			34.5091161530003	-47.9741217547551
			34.5091161530003	-47.9338073667259
			34.5494305410295	-47.8934929786967
			34.5897449290587	-47.8531785906675
			34.5897449290587	-47.8128642026382
			34.6300593170879	-47.772549814609
			34.6703737051171	-47.7322354265798
			34.6703737051171	-47.6919210385506
			34.7106880931463	-47.6516066505214
			34.7106880931463	-47.6112922624922
			34.7510024811755	-47.570977874463
			34.7913168692047	-47.570977874463
			34.7913168692047	-47.5306634864338
			34.8316312572339	-47.4903490984046
			34.8719456452631	-47.4500347103754
			34.8719456452631	-47.4097203223462
			34.9122600332923	-47.369405934317
			34.9525744213216	-47.3290915462878
			34.9525744213216	-47.2887771582586
			34.9928888093508	-47.2484627702294
			35.03320319738	-47.2081483822002
			35.03320319738	-47.167833994171
			35.0735175854092	-47.1275196061417
			35.0735175854092	-47.0872052181125
			35.1138319734384	-47.0468908300833
			35.1541463614676	-47.0468908300833
			35.1541463614676	-47.0065764420541
			35.1944607494968	-46.9662620540249
			35.234775137526	-46.9259476659957
			35.234775137526	-46.8856332779665
			35.2750895255552	-46.8453188899373
			35.3154039135844	-46.8050045019081
			35.3154039135844	-46.7646901138789
			35.3557183016136	-46.7243757258497
			35.3960326896428	-46.6840613378205
			35.3960326896428	-46.6437469497913
			35.436347077672	-46.6034325617621
			35.4766614657012	-46.5631181737329
			35.5169758537304	-46.5228037857037
			35.5169758537304	-46.4824893976744
			35.5572902417596	-46.4824893976744
			35.5976046297888	-46.4421750096452
			35.5976046297888	-46.401860621616
			35.6379190178181	-46.3615462335868
			35.6782334058473	-46.3212318455576
			35.6782334058473	-46.2809174575284
			35.7185477938765	-46.2406030694992
			35.7588621819057	-46.20028868147
			35.7588621819057	-46.1599742934408
			35.7991765699349	-46.1196599054116
			35.8394909579641	-46.0793455173824
			35.8798053459933	-46.0390311293532
			35.8798053459933	-45.998716741324
			35.9201197340225	-45.9584023532948
			35.9604341220517	-45.9180879652656
			35.9604341220517	-45.8777735772364
			36.0007485100809	-45.8777735772364
			36.0410628981101	-45.8374591892072
			36.0813772861393	-45.797144801178
			36.0813772861393	-45.7568304131487
			36.1216916741685	-45.7165160251195
			36.1620060621977	-45.6762016370903
			36.1620060621977	-45.6358872490611
			36.2023204502269	-45.5955728610319
			36.2426348382561	-45.5552584730027
			36.2829492262853	-45.5149440849735
			36.2829492262853	-45.4746296969443
			36.3232636143146	-45.4343153089151
			36.3635780023438	-45.3940009208859
			36.403892390373	-45.3536865328567
			36.403892390373	-45.3133721448275
			36.4442067784022	-45.2730577567983
			36.4845211664314	-45.2327433687691
			36.5248355544606	-45.1924289807399
			36.5651499424898	-45.1521145927107
			36.5651499424898	-45.1118002046815
			36.605464330519	-45.1118002046815
			36.605464330519	-45.0714858166522
			36.6457787185482	-45.031171428623
			36.6860931065774	-44.9908570405938
			36.7264074946066	-44.9505426525646
			36.7264074946066	-44.9102282645354
			36.7667218826358	-44.8699138765062
			36.807036270665	-44.8699138765062
			36.807036270665	-44.829599488477
			36.8473506586942	-44.7892851004478
			36.8876650467234	-44.7489707124186
			36.8876650467234	-44.7086563243894
			36.9279794347526	-44.6683419363602
			36.9682938227819	-44.6683419363602
			36.9682938227819	-44.628027548331
			37.0086082108111	-44.5877131603018
			37.0489225988403	-44.5473987722726
			37.0489225988403	-44.5070843842434
			37.0892369868695	-44.5070843842434
			37.1295513748987	-44.4667699962142
			37.1295513748987	-44.426455608185
			37.1698657629279	-44.3861412201557
			37.2101801509571	-44.3458268321265
			37.2101801509571	-44.3055124440973
			37.2504945389863	-44.3055124440973
			37.2908089270155	-44.2651980560681
			37.2908089270155	-44.2248836680389
			37.3311233150447	-44.1845692800097
			37.3714377030739	-44.1442548919805
			37.4117520911031	-44.1039405039513
			37.4520664791323	-44.0636261159221
			37.4923808671615	-44.0233117278929
			37.5326952551907	-43.9829973398637
			37.5326952551907	-43.9426829518345
			37.5730096432199	-43.9023685638053
			37.6133240312491	-43.8620541757761
			37.6536384192784	-43.8217397877469
			37.6939528073076	-43.7814253997177
			37.7342671953368	-43.7411110116884
			37.774581583366	-43.7007966236592
			37.774581583366	-43.66048223563
			37.8148959713952	-43.6201678476008
			37.8552103594244	-43.5798534595716
			37.8955247474536	-43.5395390715424
			37.9358391354828	-43.4992246835132
			37.976153523512	-43.458910295484
			37.976153523512	-43.4185959074548
			38.0164679115412	-43.3782815194256
			38.0567822995704	-43.3379671313964
			38.0970966875996	-43.2976527433672
			38.1374110756288	-43.257338355338
			38.177725463658	-43.2170239673088
			38.2180398516872	-43.1767095792796
			38.2583542397164	-43.1363951912504
			38.2583542397164	-43.0960808032212
			38.2986686277456	-43.0557664151919
			38.3389830157749	-43.0154520271627
			38.3792974038041	-42.9751376391335
			38.4196117918333	-42.9348232511043
			38.4599261798625	-42.8945088630751
			38.5002405678917	-42.8541944750459
			38.5405549559209	-42.8138800870167
			38.5405549559209	-42.7735656989875
			38.5808693439501	-42.7332513109583
			38.6211837319793	-42.6929369229291
			38.6614981200085	-42.6526225348999
			38.7018125080377	-42.6123081468707
			38.7421268960669	-42.5719937588415
			38.7824412840961	-42.5316793708123
			38.8227556721253	-42.4913649827831
			38.8630700601545	-42.4510505947539
			38.9033844481837	-42.4107362067246
			38.9436988362129	-42.3704218186954
			38.9436988362129	-42.3301074306662
			38.9840132242421	-42.289793042637
			39.0243276122713	-42.2494786546078
			39.0646420003006	-42.2091642665786
			39.1049563883298	-42.1688498785494
			39.145270776359	-42.1285354905202
			39.1855851643882	-42.088221102491
			39.2258995524174	-42.0479067144618
			39.2662139404466	-42.0075923264326
			39.3065283284758	-41.9672779384034
			39.346842716505	-41.9269635503742
			39.3871571045342	-41.886649162345
			39.4274714925634	-41.8463347743158
			39.4274714925634	-41.8060203862866
			39.4677858805926	-41.7657059982574
			39.5081002686218	-41.7253916102282
			39.548414656651	-41.6850772221989
			39.5887290446802	-41.6447628341697
			39.6290434327094	-41.6044484461405
			39.6693578207386	-41.5641340581113
			39.7096722087679	-41.5238196700821
			39.7499865967971	-41.4835052820529
			39.7903009848263	-41.4431908940237
			39.8306153728555	-41.4028765059945
			39.8709297608847	-41.3625621179653
			39.9112441489139	-41.3222477299361
			39.9515585369431	-41.2819333419069
			39.9918729249723	-41.2416189538777
			40.0321873130015	-41.2013045658485
			40.0725017010307	-41.1609901778193
			40.1128160890599	-41.1206757897901
			40.1531304770891	-41.0803614017609
			40.1934448651183	-41.0400470137317
			40.2337592531475	-40.9997326257024
			40.2740736411767	-40.9594182376732
			40.3143880292059	-40.919103849644
			40.3547024172351	-40.8787894616148
			40.3950168052644	-40.8384750735856
			40.3950168052644	-40.7981606855564
			40.4353311932936	-40.7578462975272
			40.4756455813228	-40.717531909498
			40.515959969352	-40.6772175214688
			40.5562743573812	-40.6369031334396
			40.5965887454104	-40.5965887454104
			40.6369031334396	-40.5562743573812
			40.6772175214688	-40.515959969352
			40.717531909498	-40.4756455813228
			40.7578462975272	-40.4353311932936
			40.7981606855564	-40.3950168052644
			40.8384750735856	-40.3547024172351
			40.8787894616148	-40.3143880292059
			40.919103849644	-40.2740736411767
			40.9594182376732	-40.2337592531475
			40.9997326257024	-40.1934448651183
			41.0400470137317	-40.1531304770891
			41.0803614017609	-40.1531304770891
			41.0803614017609	-40.1128160890599
			41.1206757897901	-40.1128160890599
			41.1609901778193	-40.0725017010307
			41.1609901778193	-40.0321873130015
			41.2013045658485	-40.0321873130015
			41.2013045658485	-39.9918729249723
			41.2416189538777	-39.9918729249723
			41.2819333419069	-39.9515585369431
			41.2819333419069	-39.9112441489139
			41.3222477299361	-39.9112441489139
			41.3222477299361	-39.8709297608847
			41.3625621179653	-39.8306153728555
			41.4028765059945	-39.8306153728555
			41.4028765059945	-39.7903009848263
			41.4431908940237	-39.7903009848263
			41.4835052820529	-39.7499865967971
			41.4835052820529	-39.7096722087679
			41.5238196700821	-39.7096722087679
			41.5238196700821	-39.6693578207386
			41.5641340581113	-39.6693578207386
			41.6044484461405	-39.6290434327094
			41.6044484461405	-39.5887290446802
			41.6447628341697	-39.5887290446802
			41.6850772221989	-39.548414656651
			41.7253916102282	-39.5081002686218
			41.7657059982574	-39.4677858805926
			41.8060203862866	-39.4274714925634
			41.8463347743158	-39.3871571045342
			41.886649162345	-39.346842716505
			41.9269635503742	-39.3065283284758
			41.9672779384034	-39.2662139404466
			42.0075923264326	-39.2258995524174
			42.0479067144618	-39.1855851643882
			42.088221102491	-39.145270776359
			42.1285354905202	-39.1049563883298
			42.1688498785494	-39.1049563883298
			42.2091642665786	-39.0646420003006
			42.2494786546078	-39.0243276122713
			42.289793042637	-38.9840132242421
			42.289793042637	-38.9436988362129
			42.3301074306662	-38.9033844481837
			42.3704218186954	-38.8630700601545
			42.4107362067246	-38.8227556721253
			42.4510505947539	-38.7824412840961
			42.4913649827831	-38.7824412840961
			42.5316793708123	-38.7421268960669
			42.5719937588415	-38.7018125080377
			42.6123081468707	-38.6614981200085
			42.6526225348999	-38.6211837319793
			42.6929369229291	-38.5808693439501
			42.7332513109583	-38.5405549559209
			42.7735656989875	-38.5002405678917
			42.8138800870167	-38.4599261798625
			42.8541944750459	-38.4196117918333
			42.8945088630751	-38.4196117918333
			42.9348232511043	-38.3792974038041
			42.9751376391335	-38.3389830157749
			43.0154520271627	-38.2986686277456
			43.0557664151919	-38.2986686277456
			43.0960808032212	-38.2583542397164
			43.0960808032212	-38.2180398516872
			43.1363951912504	-38.2180398516872
			43.1767095792796	-38.177725463658
			43.2170239673088	-38.1374110756288
			43.257338355338	-38.1374110756288
			43.2976527433672	-38.0970966875996
			43.3379671313964	-38.0567822995704
			43.3782815194256	-38.0164679115412
			43.4185959074548	-37.976153523512
			43.458910295484	-37.9358391354828
			43.4992246835132	-37.9358391354828
			43.5395390715424	-37.8955247474536
			43.5798534595716	-37.8552103594244
			43.6201678476008	-37.8148959713952
			43.66048223563	-37.774581583366
			43.7007966236592	-37.774581583366
			43.7411110116884	-37.7342671953368
			43.7814253997177	-37.6939528073076
			43.8217397877469	-37.6939528073076
			43.8217397877469	-37.6536384192784
			43.8620541757761	-37.6536384192784
			43.9023685638053	-37.6536384192784
			43.9023685638053	-37.6133240312491
			43.9426829518345	-37.6133240312491
			43.9426829518345	-37.5730096432199
			43.9829973398637	-37.5730096432199
			44.0233117278929	-37.5326952551907
			44.0636261159221	-37.4923808671615
			44.1039405039513	-37.4520664791323
			44.1442548919805	-37.4520664791323
			44.1845692800097	-37.4117520911031
			44.2248836680389	-37.4117520911031
			44.2248836680389	-37.3714377030739
			44.2651980560681	-37.3714377030739
			44.3055124440973	-37.3311233150447
			44.3458268321265	-37.2908089270155
			44.3861412201557	-37.2504945389863
			44.426455608185	-37.2504945389863
			44.4667699962142	-37.2101801509571
			44.5070843842434	-37.1698657629279
			44.5473987722726	-37.1698657629279
			44.5877131603018	-37.1295513748987
			44.628027548331	-37.0892369868695
			44.6683419363602	-37.0892369868695
			44.7086563243894	-37.0489225988403
			44.7489707124186	-37.0086082108111
			44.7892851004478	-37.0086082108111
			44.829599488477	-36.9682938227819
			44.829599488477	-36.9279794347526
			44.8699138765062	-36.9279794347526
			44.9102282645354	-36.8876650467234
			44.9505426525646	-36.8473506586942
			44.9908570405938	-36.8473506586942
			45.031171428623	-36.807036270665
			45.0714858166522	-36.807036270665
			45.1118002046815	-36.7667218826358
			45.1521145927107	-36.7264074946066
			45.1924289807399	-36.7264074946066
			45.2327433687691	-36.6860931065774
			45.2730577567983	-36.6457787185482
			45.3133721448275	-36.6457787185482
			45.3536865328567	-36.605464330519
			45.3940009208859	-36.5651499424898
			45.4343153089151	-36.5651499424898
			45.4746296969443	-36.5248355544606
			45.5149440849735	-36.4845211664314
			45.5552584730027	-36.4845211664314
			45.5955728610319	-36.4442067784022
			45.6358872490611	-36.4442067784022
			45.6762016370903	-36.403892390373
			45.7165160251195	-36.3635780023438
			45.7568304131487	-36.3635780023438
			45.797144801178	-36.3232636143146
			45.8374591892072	-36.2829492262853
			45.8777735772364	-36.2829492262853
			45.9180879652656	-36.2426348382561
			45.9584023532948	-36.2426348382561
			45.998716741324	-36.2023204502269
			46.0390311293532	-36.1620060621977
			46.0793455173824	-36.1620060621977
			46.1196599054116	-36.1216916741685
			46.1599742934408	-36.0813772861393
			46.20028868147	-36.0813772861393
			46.2406030694992	-36.0410628981101
			46.2809174575284	-36.0410628981101
			46.3212318455576	-36.0007485100809
			46.3615462335868	-35.9604341220517
			46.401860621616	-35.9604341220517
			46.4421750096452	-35.9201197340225
			46.4824893976744	-35.8798053459933
			46.5228037857037	-35.8798053459933
			46.5631181737329	-35.8394909579641
			46.6034325617621	-35.8394909579641
			46.6437469497913	-35.7991765699349
			46.6840613378205	-35.7588621819057
			46.7243757258497	-35.7588621819057
			46.7646901138789	-35.7185477938765
			46.8050045019081	-35.7185477938765
			46.8453188899373	-35.6782334058473
			46.8856332779665	-35.6379190178181
			46.9259476659957	-35.6379190178181
			46.9662620540249	-35.5976046297888
			47.0065764420541	-35.5976046297888
			47.0468908300833	-35.5572902417596
			47.0872052181125	-35.5169758537304
			47.1275196061417	-35.5169758537304
			47.167833994171	-35.5169758537304
			47.167833994171	-35.4766614657012
			47.2081483822002	-35.4766614657012
			47.2484627702294	-35.4766614657012
			47.2484627702294	-35.436347077672
			47.2887771582586	-35.436347077672
			47.3290915462878	-35.3960326896428
			47.369405934317	-35.3960326896428
			47.4097203223462	-35.3557183016136
			47.4500347103754	-35.3154039135844
			47.4903490984046	-35.3154039135844
			47.5306634864338	-35.3154039135844
			47.570977874463	-35.2750895255552
			47.6112922624922	-35.234775137526
			47.6516066505214	-35.234775137526
			47.6919210385506	-35.1944607494968
			47.7322354265798	-35.1944607494968
			47.772549814609	-35.1541463614676
			47.8128642026382	-35.1541463614676
			47.8531785906675	-35.1138319734384
			47.8934929786967	-35.1138319734384
			47.9338073667259	-35.0735175854092
			47.9741217547551	-35.0735175854092
			48.0144361427843	-35.03320319738
			48.0547505308135	-34.9928888093508
			48.0950649188427	-34.9928888093508
			48.1353793068719	-34.9525744213216
			48.1756936949011	-34.9525744213216
			48.2160080829303	-34.9122600332923
			48.2563224709595	-34.9122600332923
			48.2966368589887	-34.8719456452631
			48.3369512470179	-34.8719456452631
			48.3772656350471	-34.8316312572339
			48.4175800230763	-34.8316312572339
			48.4175800230763	-34.7913168692047
			48.4578944111055	-34.7913168692047
			48.4982087991348	-34.7913168692047
			48.538523187164	-34.7510024811755
			48.5788375751932	-34.7510024811755
			48.6191519632224	-34.7106880931463
			48.6594663512516	-34.7106880931463
			48.6997807392808	-34.6703737051171
			48.74009512731	-34.6703737051171
			48.7804095153392	-34.6300593170879
			48.8207239033684	-34.5897449290587
			48.8610382913976	-34.5897449290587
			48.9013526794268	-34.5494305410295
			48.941667067456	-34.5494305410295
			48.9819814554852	-34.5091161530003
			49.0222958435144	-34.5091161530003
			49.0626102315436	-34.4688017649711
			49.1029246195728	-34.4688017649711
			49.143239007602	-34.4284873769419
			49.1835533956313	-34.4284873769419
			49.2238677836605	-34.3881729889127
			49.2641821716897	-34.3881729889127
			49.3044965597189	-34.3881729889127
			49.3448109477481	-34.3478586008835
			49.3851253357773	-34.3478586008835
			49.4254397238065	-34.3075442128543
			49.4657541118357	-34.3075442128543
			49.5060684998649	-34.2672298248251
			49.5463828878941	-34.2672298248251
			49.5866972759233	-34.2269154367958
			49.6270116639525	-34.2269154367958
			49.6673260519817	-34.1866010487666
			49.7076404400109	-34.1866010487666
			49.7479548280401	-34.1462866607374
			49.7882692160693	-34.1462866607374
			49.8285836040985	-34.1462866607374
			49.8285836040985	-34.1059722727082
			49.8688979921277	-34.1059722727082
			49.909212380157	-34.1059722727082
			49.9495267681862	-34.065657884679
			49.9898411562154	-34.065657884679
			50.0301555442446	-34.0253434966498
			50.0704699322738	-34.0253434966498
			50.110784320303	-33.9850291086206
			50.1510987083322	-33.9850291086206
			50.1914130963614	-33.9447147205914
			50.2317274843906	-33.9447147205914
			50.2720418724198	-33.9447147205914
			50.2720418724198	-33.9044003325622
			50.312356260449	-33.9044003325622
			50.3526706484782	-33.864085944533
			50.3929850365074	-33.864085944533
			50.4332994245366	-33.864085944533
			50.4736138125658	-33.8237715565038
			50.513928200595	-33.8237715565038
			50.5542425886243	-33.7834571684746
			50.5945569766535	-33.7834571684746
			50.6348713646827	-33.7834571684746
			50.6751857527119	-33.7431427804454
			50.7155001407411	-33.7028283924162
			50.7558145287703	-33.7028283924162
			50.7961289167995	-33.7028283924162
			50.8364433048287	-33.662514004387
			50.8767576928579	-33.662514004387
			50.8767576928579	-33.6221996163578
			50.9170720808871	-33.6221996163578
			50.9573864689163	-33.6221996163578
			50.9977008569455	-33.5818852283286
			51.0380152449747	-33.5818852283286
			51.0783296330039	-33.5415708402993
			51.1186440210331	-33.5415708402993
			51.1589584090623	-33.5415708402993
			51.1589584090623	-33.5012564522701
			51.1992727970915	-33.5012564522701
			51.2395871851208	-33.5012564522701
			51.27990157315	-33.4609420642409
			51.3202159611792	-33.4609420642409
			51.3605303492084	-33.4609420642409
			51.4008447372376	-33.4206276762117
			51.4411591252668	-33.4206276762117
			51.481473513296	-33.3803132881825
			51.5217879013252	-33.3803132881825
			51.5621022893544	-33.3399989001533
			51.6024166773836	-33.3399989001533
			51.6427310654128	-33.3399989001533
			51.683045453442	-33.3399989001533
			51.7233598414712	-33.2996845121241
			51.7636742295004	-33.2996845121241
			51.8039886175296	-33.2593701240949
			51.8443030055588	-33.2593701240949
			51.8846173935881	-33.2593701240949
			51.9249317816173	-33.2190557360657
			51.9652461696465	-33.2190557360657
			52.0055605576757	-33.2190557360657
			52.0458749457049	-33.2190557360657
			52.0861893337341	-33.1787413480365
			52.1265037217633	-33.1787413480365
			52.1668181097925	-33.1787413480365
			52.1668181097925	-33.1384269600073
			52.2071324978217	-33.1384269600073
			52.2474468858509	-33.1384269600073
			52.2877612738801	-33.1384269600073
			52.3280756619093	-33.0981125719781
			52.3683900499385	-33.0981125719781
			52.4087044379677	-33.0981125719781
			52.4490188259969	-33.0981125719781
			52.4893332140261	-33.0577981839489
			52.5296476020553	-33.0577981839489
			52.5699619900846	-33.0577981839489
			52.6102763781138	-33.0577981839489
			52.650590766143	-33.0174837959197
			52.6909051541722	-33.0174837959197
			52.7312195422014	-33.0174837959197
			52.7715339302306	-33.0174837959197
			52.8118483182598	-33.0174837959197
			52.852162706289	-32.9771694078905
			52.8924770943182	-32.9771694078905
			52.9327914823474	-32.9771694078905
			52.9731058703766	-32.9771694078905
			53.0134202584058	-32.9771694078905
			53.053734646435	-32.9368550198613
			53.0940490344642	-32.9368550198613
			53.1343634224934	-32.9368550198613
			53.1746778105226	-32.9368550198613
			53.2149921985518	-32.9368550198613
			53.255306586581	-32.896540631832
			53.2956209746103	-32.896540631832
			53.3359353626395	-32.896540631832
			53.3762497506687	-32.896540631832
			53.4165641386979	-32.896540631832
			53.4568785267271	-32.896540631832
			53.4971929147563	-32.896540631832
			53.5375073027855	-32.896540631832
			53.5778216908147	-32.8562262438028
			53.6181360788439	-32.8562262438028
			53.6584504668731	-32.8562262438028
			53.6987648549023	-32.8562262438028
			53.7390792429315	-32.8562262438028
			53.7793936309607	-32.8562262438028
			53.8197080189899	-32.8562262438028
			53.8600224070191	-32.8562262438028
			53.9003367950483	-32.8562262438028
			53.9406511830775	-32.8562262438028
			53.9809655711068	-32.8562262438028
			54.021279959136	-32.8562262438028
			54.0615943471652	-32.8159118557736
			54.1019087351944	-32.8159118557736
			54.1422231232236	-32.8159118557736
			54.1825375112528	-32.8159118557736
			54.222851899282	-32.8159118557736
			54.2631662873112	-32.8159118557736
			54.3034806753404	-32.8159118557736
			54.3437950633696	-32.8159118557736
			54.3841094513988	-32.8159118557736
			54.424423839428	-32.8159118557736
			54.4647382274572	-32.8159118557736
			54.5050526154864	-32.8159118557736
			54.5453670035156	-32.8159118557736
			54.5856813915448	-32.8159118557736
			54.6259957795741	-32.8159118557736
			54.6663101676033	-32.8159118557736
			54.7066245556325	-32.8159118557736
			54.7469389436617	-32.8159118557736
			54.7872533316909	-32.8159118557736
			54.8275677197201	-32.8159118557736
			54.8678821077493	-32.8562262438028
			54.9081964957785	-32.8562262438028
			54.9485108838077	-32.8562262438028
			54.9888252718369	-32.8562262438028
			55.0291396598661	-32.8562262438028
			55.0694540478953	-32.8562262438028
			55.1097684359245	-32.8562262438028
			55.1500828239537	-32.8562262438028
			55.1903972119829	-32.8562262438028
			55.2307116000121	-32.8562262438028
			55.2710259880413	-32.8562262438028
			55.3113403760706	-32.8562262438028
			55.3516547640998	-32.896540631832
			55.391969152129	-32.896540631832
			55.4322835401582	-32.896540631832
			55.4725979281874	-32.896540631832
			55.5129123162166	-32.896540631832
			55.5532267042458	-32.896540631832
			55.593541092275	-32.896540631832
			55.6338554803042	-32.9368550198613
			55.6741698683334	-32.9368550198613
			55.7144842563626	-32.9368550198613
			55.7547986443918	-32.9368550198613
			55.795113032421	-32.9368550198613
			55.8354274204502	-32.9368550198613
			55.8757418084794	-32.9771694078905
			55.9160561965086	-32.9771694078905
			55.9563705845379	-32.9771694078905
			55.9966849725671	-32.9771694078905
			56.0369993605963	-32.9771694078905
			56.0773137486255	-33.0174837959197
			56.1176281366547	-33.0174837959197
			56.1579425246839	-33.0174837959197
			56.1982569127131	-33.0174837959197
			56.2385713007423	-33.0174837959197
			56.2788856887715	-33.0577981839489
			56.3192000768007	-33.0577981839489
			56.3595144648299	-33.0577981839489
			56.3998288528591	-33.0981125719781
			56.4401432408883	-33.0981125719781
			56.4804576289175	-33.0981125719781
			56.5207720169467	-33.0981125719781
			56.5610864049759	-33.1384269600073
			56.6014007930051	-33.1384269600073
			56.6417151810343	-33.1384269600073
			56.6820295690636	-33.1384269600073
			56.7223439570928	-33.1787413480365
			56.762658345122	-33.1787413480365
			56.8029727331512	-33.2190557360657
			56.8432871211804	-33.2190557360657
			56.8836015092096	-33.2190557360657
			56.9239158972388	-33.2593701240949
			56.964230285268	-33.2593701240949
			57.0045446732972	-33.2593701240949
			57.0448590613264	-33.2996845121241
			57.0851734493556	-33.2996845121241
			57.1254878373848	-33.2996845121241
			57.165802225414	-33.3399989001533
			57.2061166134432	-33.3399989001533
			57.2464310014724	-33.3399989001533
			57.2867453895016	-33.3803132881825
			57.3270597775308	-33.3803132881825
			57.3673741655601	-33.4206276762117
			57.4076885535893	-33.4206276762117
			57.4480029416185	-33.4206276762117
			57.4883173296477	-33.4609420642409
			57.5286317176769	-33.4609420642409
			57.5689461057061	-33.5012564522701
			57.6092604937353	-33.5012564522701
			57.6495748817645	-33.5415708402993
			57.6898892697937	-33.5415708402993
			57.7302036578229	-33.5415708402993
			57.7705180458521	-33.5818852283286
			57.8108324338813	-33.5818852283286
			57.8511468219105	-33.5818852283286
			57.8914612099397	-33.6221996163578
			57.9317755979689	-33.662514004387
			57.9720899859981	-33.7028283924162
			58.0124043740274	-33.7028283924162
			58.0527187620566	-33.7431427804454
			58.0930331500858	-33.7834571684746
			58.133347538115	-33.8237715565038
			58.1736619261442	-33.8237715565038
			58.2139763141734	-33.864085944533
			58.2542907022026	-33.9044003325622
			58.2946050902318	-33.9447147205914
			58.334919478261	-33.9850291086206
			58.3752338662902	-33.9850291086206
			58.4155482543194	-34.0253434966498
			58.4558626423486	-34.065657884679
			58.4961770303778	-34.1059722727082
			58.536491418407	-34.1462866607374
			58.5768058064362	-34.1462866607374
			58.6171201944654	-34.1866010487666
			58.6574345824946	-34.2269154367958
			58.6977489705239	-34.2672298248251
			58.7380633585531	-34.3075442128543
			58.7783777465823	-34.3075442128543
			58.8186921346115	-34.3478586008835
			58.8590065226407	-34.3881729889127
			58.8993209106699	-34.4284873769419
			58.9396352986991	-34.4688017649711
			58.9799496867283	-34.4688017649711
			59.0202640747575	-34.5091161530003
			59.0605784627867	-34.5494305410295
			59.1008928508159	-34.5897449290587
			59.1412072388451	-34.6300593170879
			59.1815216268743	-34.6703737051171
			59.2218360149035	-34.6703737051171
			59.2621504029327	-34.7106880931463
			59.3024647909619	-34.7510024811755
			59.3024647909619	-34.7913168692047
			59.3427791789912	-34.8316312572339
			59.3830935670204	-34.8719456452631
			59.4234079550496	-34.8719456452631
			59.4637223430788	-34.9122600332923
			59.504036731108	-34.9525744213216
			59.5443511191372	-34.9928888093508
			59.5846655071664	-35.03320319738
			59.6249798951956	-35.0735175854092
			59.6652942832248	-35.1138319734384
			59.705608671254	-35.1541463614676
			59.7459230592832	-35.1541463614676
			59.7862374473124	-35.1944607494968
			59.8265518353416	-35.234775137526
			59.8668662233708	-35.2750895255552
			59.9071806114	-35.3154039135844
			59.9474949994292	-35.3557183016136
			59.9878093874584	-35.3960326896428
			60.0281237754876	-35.436347077672
			60.0684381635169	-35.4766614657012
			60.1087525515461	-35.4766614657012
			60.1490669395753	-35.5169758537304
			60.1893813276045	-35.5572902417596
			60.2296957156337	-35.5976046297888
			60.2700101036629	-35.6379190178181
			60.2700101036629	-35.6782334058473
			60.3103244916921	-35.7185477938765
			60.3506388797213	-35.7588621819057
			60.3909532677505	-35.7991765699349
			60.4312676557797	-35.8394909579641
			60.4715820438089	-35.8798053459933
			60.5118964318381	-35.9201197340225
			60.5522108198673	-35.9604341220517
			60.5925252078965	-35.9604341220517
			60.6328395959257	-36.0007485100809
			60.6731539839549	-36.0410628981101
			60.7134683719841	-36.0813772861393
			60.7537827600134	-36.1216916741685
			60.7940971480426	-36.1620060621977
			60.8344115360718	-36.2023204502269
			60.874725924101	-36.2426348382561
			60.9150403121302	-36.2829492262853
			60.9553547001594	-36.3232636143146
			60.9956690881886	-36.3635780023438
			60.9956690881886	-36.403892390373
			61.0359834762178	-36.4442067784022
			61.076297864247	-36.4845211664314
			61.1166122522762	-36.5248355544606
			61.1569266403054	-36.5651499424898
			61.1972410283346	-36.605464330519
			61.2375554163638	-36.6457787185482
			61.277869804393	-36.6860931065774
			61.3181841924222	-36.7264074946066
			61.3584985804514	-36.7667218826358
			61.3988129684806	-36.807036270665
			61.4391273565099	-36.8473506586942
			61.4794417445391	-36.8876650467234
			61.5197561325683	-36.9279794347526
			61.5600705205975	-36.9682938227819
			61.6003849086267	-37.0086082108111
			61.6406992966559	-37.0489225988403
			61.6406992966559	-37.0892369868695
			61.6810136846851	-37.1295513748987
			61.7213280727143	-37.1698657629279
			61.7616424607435	-37.2101801509571
			61.8019568487727	-37.2504945389863
			61.8422712368019	-37.2908089270155
			61.8825856248311	-37.3311233150447
			61.9229000128603	-37.3714377030739
			61.9632144008895	-37.4117520911031
			62.0035287889187	-37.4520664791323
			62.0438431769479	-37.4923808671615
			62.0841575649772	-37.5326952551907
			62.0841575649772	-37.5730096432199
			62.1244719530064	-37.6133240312491
			62.1647863410356	-37.6536384192784
			62.2051007290648	-37.6939528073076
			62.245415117094	-37.7342671953368
			62.245415117094	-37.774581583366
			62.2857295051232	-37.8148959713952
			62.3260438931524	-37.8148959713952
			62.3260438931524	-37.8552103594244
			62.3663582811816	-37.8955247474536
			62.4066726692108	-37.9358391354828
			62.4066726692108	-37.976153523512
			62.44698705724	-37.976153523512
			62.4873014452692	-38.0164679115412
			62.4873014452692	-38.0567822995704
			62.5276158332984	-38.0970966875996
			62.5679302213276	-38.0970966875996
			62.5679302213276	-38.1374110756288
			62.6082446093568	-38.177725463658
			62.648558997386	-38.2180398516872
			62.648558997386	-38.2583542397164
			62.6888733854152	-38.2583542397164
			62.7291877734444	-38.2986686277456
			62.7291877734444	-38.3389830157749
			62.7695021614737	-38.3792974038041
			62.8098165495029	-38.4196117918333
			62.8501309375321	-38.4599261798625
			62.8904453255613	-38.5002405678917
			62.9307597135905	-38.5405549559209
			62.9710741016197	-38.5808693439501
			62.9710741016197	-38.6211837319793
			63.0113884896489	-38.6614981200085
			63.0517028776781	-38.7018125080377
			63.0920172657073	-38.7421268960669
			63.1323316537365	-38.7824412840961
			63.1323316537365	-38.8227556721253
			63.1726460417657	-38.8630700601545
			63.2129604297949	-38.9033844481837
			63.2532748178241	-38.9436988362129
			63.2532748178241	-38.9840132242421
			63.2935892058533	-39.0243276122713
			63.3339035938825	-39.0646420003006
			63.3742179819117	-39.1049563883298
			63.414532369941	-39.145270776359
			63.414532369941	-39.1855851643882
			63.4548467579702	-39.2258995524174
			63.4951611459994	-39.2662139404466
			63.5354755340286	-39.3065283284758
			63.5757899220578	-39.346842716505
			63.5757899220578	-39.3871571045342
			63.616104310087	-39.4274714925634
			63.6564186981162	-39.4677858805926
			63.6967330861454	-39.5081002686218
			63.7370474741746	-39.548414656651
			63.7370474741746	-39.5887290446802
			63.7773618622038	-39.6290434327094
			63.817676250233	-39.6693578207386
			63.8579906382622	-39.7096722087679
			63.8579906382622	-39.7499865967971
			63.8983050262914	-39.7903009848263
			63.9386194143206	-39.8306153728555
			63.9789338023498	-39.8709297608847
			64.019248190379	-39.9112441489139
			64.019248190379	-39.9515585369431
			64.0595625784082	-39.9918729249723
			64.0998769664374	-40.0321873130015
			64.0998769664374	-40.0725017010307
			64.1401913544667	-40.1128160890599
			64.1805057424959	-40.1531304770891
			64.2208201305251	-40.1934448651183
			64.2208201305251	-40.2337592531475
			64.2611345185543	-40.2740736411767
			64.3014489065835	-40.3143880292059
			64.3014489065835	-40.3547024172351
			64.3417632946127	-40.3950168052644
			64.3820776826419	-40.4353311932936
			64.3820776826419	-40.4756455813228
			64.4223920706711	-40.515959969352
			64.4627064587003	-40.5562743573812
			64.4627064587003	-40.5965887454104
			64.5030208467295	-40.6369031334396
			64.5433352347587	-40.6369031334396
			64.5836496227879	-40.6772175214688
			64.5836496227879	-40.717531909498
			64.6239640108171	-40.7578462975272
			64.6642783988463	-40.7981606855564
			64.6642783988463	-40.8384750735856
			64.7045927868755	-40.8787894616148
			64.7449071749047	-40.919103849644
			64.7449071749047	-40.9594182376732
			64.785221562934	-40.9997326257024
			64.8255359509632	-41.0400470137317
			64.8255359509632	-41.0803614017609
			64.8658503389924	-41.1206757897901
			64.9061647270216	-41.1609901778193
			64.9061647270216	-41.2013045658485
			64.9464791150508	-41.2416189538777
			64.98679350308	-41.2819333419069
			64.98679350308	-41.3222477299361
			65.0271078911092	-41.3625621179653
			65.0674222791384	-41.4028765059945
			65.1077366671676	-41.4431908940237
			65.1077366671676	-41.4835052820529
			65.1480510551968	-41.5238196700821
			65.1480510551968	-41.5641340581113
			65.188365443226	-41.5641340581113
			65.188365443226	-41.6044484461405
			65.2286798312552	-41.6447628341697
			65.2689942192844	-41.6850772221989
			65.3093086073136	-41.7253916102282
			65.3093086073136	-41.7657059982574
			65.3496229953428	-41.8060203862866
			65.3496229953428	-41.8463347743158
			65.389937383372	-41.886649162345
			65.4302517714012	-41.9269635503742
			65.4302517714012	-41.9672779384034
			65.4705661594304	-41.9672779384034
			65.4705661594304	-42.0075923264326
			65.5108805474597	-42.0479067144618
			65.5108805474597	-42.088221102491
			65.5511949354889	-42.1285354905202
			65.5915093235181	-42.1688498785494
			65.5915093235181	-42.2091642665786
			65.6318237115473	-42.2091642665786
			65.6318237115473	-42.2494786546078
			65.6721380995765	-42.289793042637
			65.6721380995765	-42.3301074306662
			65.7124524876057	-42.3704218186954
			65.7527668756349	-42.4107362067246
			65.7527668756349	-42.4510505947539
			65.7930812636641	-42.4913649827831
			65.8333956516933	-42.5316793708123
			65.8737100397225	-42.5719937588415
			65.8737100397225	-42.6123081468707
			65.9140244277517	-42.6526225348999
			65.9140244277517	-42.6929369229291
			65.9543388157809	-42.7332513109583
			65.9946532038101	-42.7735656989875
			65.9946532038101	-42.8138800870167
			66.0349675918393	-42.8541944750459
			66.0349675918393	-42.8945088630751
			66.0752819798685	-42.9348232511043
			66.1155963678978	-42.9751376391335
			66.1155963678978	-43.0154520271627
			66.155910755927	-43.0557664151919
			66.1962251439562	-43.0960808032212
			66.1962251439562	-43.1363951912504
			66.2365395319854	-43.1767095792796
			66.2365395319854	-43.2170239673088
			66.2768539200146	-43.257338355338
			66.3171683080438	-43.2976527433672
			66.357482696073	-43.3379671313964
			66.357482696073	-43.3782815194256
			66.3977970841022	-43.4185959074548
			66.3977970841022	-43.458910295484
			66.4381114721314	-43.4992246835132
			66.4784258601606	-43.5395390715424
			66.4784258601606	-43.5798534595716
			66.5187402481898	-43.6201678476008
			66.5187402481898	-43.66048223563
			66.559054636219	-43.7007966236592
			66.5993690242482	-43.7411110116884
			66.5993690242482	-43.7814253997177
			66.6396834122774	-43.8217397877469
			66.6799978003066	-43.8620541757761
			66.6799978003066	-43.9023685638053
			66.7203121883358	-43.9426829518345
			66.760626576365	-43.9829973398637
			66.760626576365	-44.0233117278929
			66.8009409643942	-44.0636261159221
			66.8009409643942	-44.1039405039513
			66.8412553524235	-44.1442548919805
			66.8815697404527	-44.1845692800097
			66.8815697404527	-44.2248836680389
			66.9218841284819	-44.2651980560681
			66.9218841284819	-44.3055124440973
			66.9621985165111	-44.3458268321265
			67.0025129045403	-44.3861412201557
			67.0025129045403	-44.426455608185
			67.0428272925695	-44.4667699962142
			67.0428272925695	-44.5070843842434
			67.0831416805987	-44.5473987722726
			67.1234560686279	-44.5877131603018
			67.1234560686279	-44.628027548331
			67.1637704566571	-44.6683419363602
			67.1637704566571	-44.7086563243894
			67.2040848446863	-44.7489707124186
			67.2443992327155	-44.7892851004478
			67.2443992327155	-44.829599488477
			67.2847136207447	-44.8699138765062
			67.2847136207447	-44.9102282645354
			67.3250280087739	-44.9505426525646
			67.3653423968031	-44.9908570405938
			67.3653423968031	-45.031171428623
			67.4056567848323	-45.0714858166522
			67.4056567848323	-45.1118002046815
			67.4459711728615	-45.1521145927107
			67.4459711728615	-45.1924289807399
			67.4862855608907	-45.2327433687691
			67.4862855608907	-45.2730577567983
			67.52659994892	-45.3133721448275
			67.52659994892	-45.3536865328567
			67.5669143369492	-45.3536865328567
			67.5669143369492	-45.3940009208859
			67.6072287249784	-45.4343153089151
			67.6072287249784	-45.4746296969443
			67.6475431130076	-45.4746296969443
			67.6475431130076	-45.5149440849735
			67.6475431130076	-45.5552584730027
			67.6878575010368	-45.5955728610319
			67.728171889066	-45.6358872490611
			67.728171889066	-45.6762016370903
			67.7684862770952	-45.7165160251195
			67.7684862770952	-45.7568304131487
			67.8088006651244	-45.797144801178
			67.8088006651244	-45.8374591892072
			67.8491150531536	-45.8777735772364
			67.8491150531536	-45.9180879652656
			67.8894294411828	-45.9584023532948
			67.929743829212	-45.998716741324
			67.929743829212	-46.0390311293532
			67.9700582172412	-46.0793455173824
			67.9700582172412	-46.1196599054116
			68.0103726052704	-46.1196599054116
			68.0103726052704	-46.1599742934408
			68.0103726052704	-46.20028868147
			68.0506869932996	-46.20028868147
			68.0506869932996	-46.2406030694992
			68.0506869932996	-46.2809174575284
			68.0910013813288	-46.2809174575284
			68.0910013813288	-46.3212318455576
			68.0910013813288	-46.3615462335868
			68.131315769358	-46.3615462335868
			68.131315769358	-46.401860621616
			68.1716301573873	-46.4421750096452
			68.1716301573873	-46.4824893976744
			68.2119445454165	-46.5228037857037
			68.2522589334457	-46.5631181737329
			68.2522589334457	-46.6034325617621
			68.2522589334457	-46.6437469497913
			68.2925733214749	-46.6840613378205
			68.3328877095041	-46.7243757258497
			68.3328877095041	-46.7646901138789
			68.3732020975333	-46.8050045019081
			68.3732020975333	-46.8453188899373
			68.4135164855625	-46.8856332779665
			68.4135164855625	-46.9259476659957
			68.4538308735917	-46.9662620540249
			68.4941452616209	-47.0065764420541
			68.4941452616209	-47.0468908300833
			68.5344596496501	-47.0872052181125
			68.5747740376793	-47.1275196061417
			68.5747740376793	-47.167833994171
			68.6150884257085	-47.2081483822002
			68.6150884257085	-47.2484627702294
			68.6554028137377	-47.2887771582586
			68.6554028137377	-47.3290915462878
			68.6957172017669	-47.369405934317
			68.7360315897961	-47.4097203223462
			68.7360315897961	-47.4500347103754
			68.7763459778253	-47.4903490984046
			68.7763459778253	-47.5306634864338
			68.8166603658545	-47.570977874463
			68.8569747538837	-47.6112922624922
			68.8569747538837	-47.6516066505214
			68.8972891419129	-47.6919210385506
			68.8972891419129	-47.7322354265798
			68.9376035299422	-47.772549814609
			68.9376035299422	-47.8128642026382
			68.9779179179714	-47.8128642026382
			68.9779179179714	-47.8531785906675
			69.0182323060006	-47.8934929786967
			69.0182323060006	-47.9338073667259
			69.0585466940298	-47.9741217547551
			69.0585466940298	-48.0144361427843
			69.098861082059	-48.0547505308135
			69.098861082059	-48.0950649188427
			69.1391754700882	-48.1353793068719
			69.1794898581174	-48.1756936949011
			69.1794898581174	-48.2160080829303
			69.2198042461466	-48.2563224709595
			69.2198042461466	-48.2966368589887
			69.2601186341758	-48.3369512470179
			69.300433022205	-48.3772656350471
			69.300433022205	-48.4175800230763
			69.3407474102342	-48.4578944111055
			69.3407474102342	-48.4982087991348
			69.3810617982634	-48.538523187164
			69.3810617982634	-48.5788375751932
			69.4213761862926	-48.5788375751932
			69.4213761862926	-48.6191519632224
			69.4616905743218	-48.6594663512516
			69.4616905743218	-48.6997807392808
			69.5020049623511	-48.74009512731
			69.5020049623511	-48.7804095153392
			69.5423193503803	-48.8207239033684
			69.5423193503803	-48.8610382913976
			69.5826337384095	-48.9013526794268
			69.6229481264387	-48.941667067456
			69.6229481264387	-48.9819814554852
			69.6632625144679	-49.0222958435144
			69.7035769024971	-49.0626102315436
			69.7035769024971	-49.1029246195728
			69.7438912905263	-49.143239007602
			69.7438912905263	-49.1835533956313
			69.7842056785555	-49.2238677836605
			69.7842056785555	-49.2641821716897
			69.8245200665847	-49.3044965597189
			69.8245200665847	-49.3448109477481
			69.8648344546139	-49.3851253357773
			69.8648344546139	-49.4254397238065
			69.9051488426431	-49.4254397238065
			69.9051488426431	-49.4657541118357
			69.9454632306723	-49.5060684998649
			69.9454632306723	-49.5463828878941
			69.9857776187015	-49.5866972759233
			69.9857776187015	-49.6270116639525
			70.0260920067307	-49.6673260519817
			70.0260920067307	-49.7076404400109
			70.0664063947599	-49.7076404400109
			70.0664063947599	-49.7479548280401
			70.1067207827891	-49.7882692160693
			70.1067207827891	-49.8285836040985
			70.1470351708183	-49.8688979921277
			70.1470351708183	-49.909212380157
			70.1873495588475	-49.909212380157
			70.1873495588475	-49.9495267681862
			70.2276639468767	-49.9898411562154
			70.2276639468767	-50.0301555442446
			70.2276639468767	-50.0704699322738
			70.267978334906	-50.110784320303
			70.3082927229352	-50.1510987083322
			70.3082927229352	-50.1914130963614
			70.3486071109644	-50.2317274843906
			70.3486071109644	-50.2720418724198
			70.3889214989936	-50.312356260449
			70.4292358870228	-50.3526706484782
			70.4292358870228	-50.3929850365074
			70.469550275052	-50.4332994245366
			70.469550275052	-50.4736138125658
			70.5098646630812	-50.513928200595
			70.5098646630812	-50.5542425886243
			70.5501790511104	-50.5945569766535
			70.5501790511104	-50.6348713646827
			70.5904934391396	-50.6751857527119
			70.5904934391396	-50.7155001407411
			70.6308078271688	-50.7558145287703
			70.671122215198	-50.7961289167995
			70.671122215198	-50.8364433048287
			70.7114366032272	-50.8767576928579
			70.7114366032272	-50.9170720808871
			70.7517509912564	-50.9170720808871
			70.7517509912564	-50.9573864689163
			70.7517509912564	-50.9977008569455
			70.7920653792856	-50.9977008569455
			70.7920653792856	-51.0380152449747
			70.7920653792856	-51.0783296330039
			70.8323797673148	-51.0783296330039
			70.8323797673148	-51.1186440210331
			70.8323797673148	-51.1589584090623
			70.872694155344	-51.1589584090623
			70.872694155344	-51.1992727970915
			70.872694155344	-51.2395871851208
			70.9130085433733	-51.2395871851208
			70.9130085433733	-51.27990157315
			70.9533229314025	-51.27990157315
			70.9533229314025	-51.3202159611792
			70.9533229314025	-51.3605303492084
			70.9936373194317	-51.3605303492084
			70.9936373194317	-51.4008447372376
			70.9936373194317	-51.4411591252668
			71.0339517074609	-51.4411591252668
			71.0339517074609	-51.481473513296
			71.0742660954901	-51.5217879013252
			71.0742660954901	-51.5621022893544
			71.1145804835193	-51.6024166773836
			71.1145804835193	-51.6427310654128
			71.1548948715485	-51.683045453442
			71.1548948715485	-51.7233598414712
			71.1952092595777	-51.7636742295004
			71.1952092595777	-51.8039886175296
			71.2355236476069	-51.8443030055588
			71.2355236476069	-51.8846173935881
			71.2758380356361	-51.8846173935881
			71.2758380356361	-51.9249317816173
			71.3161524236653	-51.9652461696465
			71.3161524236653	-52.0055605576757
			71.3161524236653	-52.0458749457049
			71.3564668116945	-52.0861893337341
			71.3967811997237	-52.1265037217633
			71.3967811997237	-52.1668181097925
			71.4370955877529	-52.2071324978217
			71.4370955877529	-52.2474468858509
			71.4774099757821	-52.2877612738801
			71.4774099757821	-52.3280756619093
			71.5177243638113	-52.3683900499385
			71.5177243638113	-52.4087044379677
			71.5580387518405	-52.4490188259969
			71.5580387518405	-52.4893332140261
			71.5983531398698	-52.5296476020553
			71.5983531398698	-52.5699619900846
			71.638667527899	-52.6102763781138
			71.638667527899	-52.650590766143
			71.6789819159282	-52.6909051541722
			71.7192963039574	-52.7312195422014
			71.7192963039574	-52.7715339302306
			71.7596106919866	-52.8118483182598
			71.7596106919866	-52.852162706289
			71.7596106919866	-52.8924770943182
			71.7999250800158	-52.8924770943182
			71.7999250800158	-52.9327914823474
			71.7999250800158	-52.9731058703766
			71.840239468045	-52.9731058703766
			71.840239468045	-53.0134202584058
			71.840239468045	-53.053734646435
			71.8805538560742	-53.053734646435
			71.8805538560742	-53.0940490344642
			71.9208682441034	-53.1343634224934
			71.9208682441034	-53.1746778105226
			71.9611826321326	-53.2149921985518
			71.9611826321326	-53.255306586581
			72.0014970201618	-53.2956209746103
			72.0014970201618	-53.3359353626395
			72.041811408191	-53.3762497506687
			72.041811408191	-53.4165641386979
			72.0821257962202	-53.4568785267271
			72.0821257962202	-53.4971929147563
			72.0821257962202	-53.5375073027855
			72.1224401842494	-53.5778216908147
			72.1627545722786	-53.6181360788439
			72.1627545722786	-53.6584504668731
			72.2030689603078	-53.6987648549023
			72.2030689603078	-53.7390792429315
			72.2030689603078	-53.7793936309607
			72.243383348337	-53.8197080189899
			72.243383348337	-53.8600224070191
			72.2836977363662	-53.9003367950483
			72.2836977363662	-53.9406511830775
			72.3240121243955	-53.9406511830775
			72.3240121243955	-53.9809655711068
			72.3240121243955	-54.021279959136
			72.3643265124247	-54.0615943471652
			72.3643265124247	-54.1019087351944
			72.4046409004539	-54.1422231232236
			72.4046409004539	-54.1825375112528
			72.4449552884831	-54.222851899282
			72.4449552884831	-54.2631662873112
			72.4852696765123	-54.3034806753404
			72.4852696765123	-54.3437950633696
			72.4852696765123	-54.3841094513988
			72.5255840645415	-54.424423839428
			72.5255840645415	-54.4647382274572
			72.5658984525707	-54.5050526154864
			72.5658984525707	-54.5453670035156
			72.5658984525707	-54.5856813915448
			72.6062128405999	-54.5856813915448
			72.6062128405999	-54.6259957795741
			72.6062128405999	-54.6663101676033
			72.6465272286291	-54.7066245556325
			72.6465272286291	-54.7469389436617
			72.6465272286291	-54.7872533316909
			72.6868416166583	-54.7872533316909
			72.6868416166583	-54.8275677197201
			72.6868416166583	-54.8678821077493
			72.7271560046875	-54.9081964957785
			72.7271560046875	-54.9485108838077
			72.7674703927167	-54.9888252718369
			72.7674703927167	-55.0291396598661
			72.7674703927167	-55.0694540478953
			72.7674703927167	-55.1097684359245
			72.8077847807459	-55.1097684359245
			72.8077847807459	-55.1500828239537
			72.8077847807459	-55.1903972119829
			72.8077847807459	-55.2307116000121
			72.8480991687751	-55.2307116000121
			72.8480991687751	-55.2710259880413
			72.8480991687751	-55.3113403760706
			72.8480991687751	-55.3516547640998
			72.8884135568043	-55.391969152129
			72.8884135568043	-55.4322835401582
			72.8884135568043	-55.4725979281874
			72.8884135568043	-55.5129123162166
			72.8884135568043	-55.5532267042458
			72.9287279448336	-55.5532267042458
			72.9287279448336	-55.593541092275
			72.9287279448336	-55.6338554803042
			72.9287279448336	-55.6741698683334
			72.9287279448336	-55.7144842563626
			72.9287279448336	-55.7547986443918
			72.8884135568043	-55.795113032421
			72.8884135568043	-55.8354274204502
		</c1>
		<c2 type=matrix rownames=FALSE colnames=FALSE nrow=1093 ncol=2 as.numeric=TRUE >
			72.8884135568043	-55.8354274204502
			72.8480991687751	-55.8757418084794
			72.8077847807459	-55.9160561965086
			72.7674703927167	-55.9160561965086
			72.7271560046875	-55.9563705845379
			72.6868416166583	-55.9563705845379
			72.6465272286291	-55.9563705845379
			72.6062128405999	-55.9966849725671
			72.5658984525707	-55.9966849725671
			72.5255840645415	-55.9966849725671
			72.4852696765123	-55.9966849725671
			72.4449552884831	-55.9966849725671
			72.4046409004539	-55.9966849725671
			72.4046409004539	-56.0369993605963
			72.3643265124247	-56.0369993605963
			72.3240121243955	-56.0369993605963
			72.2836977363662	-56.0369993605963
			72.243383348337	-56.0369993605963
			72.2030689603078	-56.0369993605963
			72.1627545722786	-56.0369993605963
			72.1224401842494	-56.0369993605963
			72.0821257962202	-56.0369993605963
			72.041811408191	-56.0369993605963
			72.0014970201618	-56.0369993605963
			71.9611826321326	-56.0369993605963
			71.9208682441034	-56.0369993605963
			71.8805538560742	-55.9966849725671
			71.840239468045	-55.9966849725671
			71.7999250800158	-55.9966849725671
			71.7596106919866	-55.9966849725671
			71.7192963039574	-55.9966849725671
			71.6789819159282	-55.9966849725671
			71.638667527899	-55.9966849725671
			71.5983531398698	-55.9966849725671
			71.5580387518405	-55.9966849725671
			71.5177243638113	-55.9966849725671
			71.4774099757821	-55.9563705845379
			71.4370955877529	-55.9563705845379
			71.3967811997237	-55.9563705845379
			71.3564668116945	-55.9563705845379
			71.3161524236653	-55.9563705845379
			71.2758380356361	-55.9563705845379
			71.2355236476069	-55.9160561965086
			71.1952092595777	-55.9160561965086
			71.1548948715485	-55.9160561965086
			71.1145804835193	-55.9160561965086
			71.0742660954901	-55.9160561965086
			71.0339517074609	-55.8757418084794
			70.9936373194317	-55.8757418084794
			70.9533229314025	-55.8757418084794
			70.9130085433733	-55.8757418084794
			70.872694155344	-55.8757418084794
			70.8323797673148	-55.8354274204502
			70.7920653792856	-55.8354274204502
			70.7517509912564	-55.8354274204502
			70.7114366032272	-55.8354274204502
			70.671122215198	-55.8354274204502
			70.6308078271688	-55.795113032421
			70.5904934391396	-55.795113032421
			70.5501790511104	-55.795113032421
			70.5098646630812	-55.795113032421
			70.469550275052	-55.795113032421
			70.4292358870228	-55.795113032421
			70.3889214989936	-55.7547986443918
			70.3486071109644	-55.7547986443918
			70.3082927229352	-55.7547986443918
			70.267978334906	-55.7547986443918
			70.2276639468767	-55.7547986443918
			70.1873495588475	-55.7144842563626
			70.1470351708183	-55.7144842563626
			70.1067207827891	-55.7144842563626
			70.0664063947599	-55.7144842563626
			70.0260920067307	-55.6741698683334
			69.9857776187015	-55.6741698683334
			69.9454632306723	-55.6741698683334
			69.9051488426431	-55.6741698683334
			69.8648344546139	-55.6741698683334
			69.8245200665847	-55.6338554803042
			69.7842056785555	-55.6338554803042
			69.7438912905263	-55.6338554803042
			69.7035769024971	-55.593541092275
			69.6632625144679	-55.593541092275
			69.6229481264387	-55.593541092275
			69.5826337384095	-55.593541092275
			69.5826337384095	-55.5532267042458
			69.5423193503803	-55.5532267042458
			69.5020049623511	-55.5532267042458
			69.4616905743218	-55.5532267042458
			69.4213761862926	-55.5129123162166
			69.3810617982634	-55.5129123162166
			69.3407474102342	-55.5129123162166
			69.300433022205	-55.4725979281874
			69.2601186341758	-55.4725979281874
			69.2198042461466	-55.4725979281874
			69.1794898581174	-55.4322835401582
			69.1391754700882	-55.4322835401582
			69.098861082059	-55.4322835401582
			69.0585466940298	-55.391969152129
			69.0182323060006	-55.391969152129
			68.9779179179714	-55.391969152129
			68.9376035299422	-55.3516547640998
			68.8972891419129	-55.3516547640998
			68.8569747538837	-55.3516547640998
			68.8569747538837	-55.3113403760706
			68.8166603658545	-55.3113403760706
			68.7763459778253	-55.3113403760706
			68.7360315897961	-55.3113403760706
			68.6957172017669	-55.2710259880413
			68.6554028137377	-55.2710259880413
			68.6150884257085	-55.2307116000121
			68.5747740376793	-55.2307116000121
			68.5344596496501	-55.2307116000121
			68.4941452616209	-55.1903972119829
			68.4538308735917	-55.1903972119829
			68.4135164855625	-55.1500828239537
			68.3732020975333	-55.1500828239537
			68.3328877095041	-55.1500828239537
			68.2925733214749	-55.1097684359245
			68.2522589334457	-55.1097684359245
			68.2119445454165	-55.0694540478953
			68.1716301573873	-55.0694540478953
			68.131315769358	-55.0694540478953
			68.0910013813288	-55.0291396598661
			68.0506869932996	-55.0291396598661
			68.0103726052704	-55.0291396598661
			67.9700582172412	-55.0291396598661
			67.929743829212	-55.0291396598661
			67.8894294411828	-55.0291396598661
			67.8491150531536	-55.0291396598661
			67.8088006651244	-55.0291396598661
			67.7684862770952	-55.0291396598661
			67.728171889066	-55.0291396598661
			67.6878575010368	-55.0291396598661
			67.6475431130076	-55.0291396598661
			67.6072287249784	-55.0291396598661
			67.5669143369492	-55.0291396598661
			67.52659994892	-55.0291396598661
			67.4862855608907	-55.0291396598661
			67.4459711728615	-55.0291396598661
			67.4056567848323	-55.0291396598661
			67.3653423968031	-55.0291396598661
			67.3250280087739	-55.0291396598661
			67.2847136207447	-55.0291396598661
			67.2443992327155	-55.0291396598661
			67.2040848446863	-55.0291396598661
			67.1637704566571	-55.0291396598661
			67.1234560686279	-55.0291396598661
			67.0831416805987	-55.0291396598661
			67.0428272925695	-55.0291396598661
			67.0025129045403	-55.0291396598661
			66.9621985165111	-55.0291396598661
			66.9218841284819	-55.0291396598661
			66.8815697404527	-55.0291396598661
			66.8412553524235	-55.0291396598661
			66.8009409643942	-55.0291396598661
			66.760626576365	-55.0291396598661
			66.7203121883358	-55.0291396598661
			66.6799978003066	-55.0291396598661
			66.6396834122774	-55.0291396598661
			66.5993690242482	-55.0291396598661
			66.559054636219	-55.0291396598661
			66.5187402481898	-55.0291396598661
			66.4784258601606	-55.0291396598661
			66.4381114721314	-55.0291396598661
			66.3977970841022	-55.0291396598661
			66.357482696073	-55.0291396598661
			66.3171683080438	-55.0291396598661
			66.2768539200146	-55.0291396598661
			66.2365395319854	-55.0291396598661
			66.1962251439562	-55.0291396598661
			66.155910755927	-55.0291396598661
			66.1155963678978	-55.0291396598661
			66.0752819798685	-55.0291396598661
			66.0349675918393	-55.0291396598661
			65.9946532038101	-55.0291396598661
			65.9543388157809	-55.0291396598661
			65.9140244277517	-55.0291396598661
			65.8737100397225	-55.0291396598661
			65.8333956516933	-55.0291396598661
			65.7930812636641	-55.0291396598661
			65.7527668756349	-55.0291396598661
			65.7124524876057	-55.0291396598661
			65.6721380995765	-55.0291396598661
			65.6318237115473	-55.0291396598661
			65.5915093235181	-55.0291396598661
			65.5511949354889	-55.0291396598661
			65.5108805474597	-55.0291396598661
			65.4705661594304	-55.0291396598661
			65.4302517714012	-55.0291396598661
			65.389937383372	-55.0291396598661
			65.3496229953428	-55.0291396598661
			65.3093086073136	-55.0291396598661
			65.2689942192844	-55.0291396598661
			65.2286798312552	-55.0291396598661
			65.188365443226	-55.0291396598661
			65.1480510551968	-55.0291396598661
			65.1077366671676	-55.0291396598661
			65.0674222791384	-55.0291396598661
			65.0271078911092	-55.0291396598661
			64.98679350308	-55.0291396598661
			64.9464791150508	-55.0291396598661
			64.9061647270216	-55.0291396598661
			64.8658503389924	-55.0291396598661
			64.8255359509632	-55.0291396598661
			64.785221562934	-55.0291396598661
			64.7449071749047	-55.0291396598661
			64.7045927868755	-55.0291396598661
			64.6642783988463	-55.0291396598661
			64.6239640108171	-55.0291396598661
			64.5836496227879	-55.0291396598661
			64.5433352347587	-55.0291396598661
			64.5030208467295	-55.0291396598661
			64.4627064587003	-55.0291396598661
			64.4223920706711	-54.9888252718369
			64.3820776826419	-54.9888252718369
			64.3417632946127	-54.9888252718369
			64.3014489065835	-54.9888252718369
			64.2611345185543	-54.9888252718369
			64.2208201305251	-54.9888252718369
			64.1805057424959	-54.9888252718369
			64.1401913544667	-54.9888252718369
			64.0998769664374	-54.9888252718369
			64.0595625784082	-54.9888252718369
			64.019248190379	-54.9888252718369
			63.9789338023498	-54.9888252718369
			63.9386194143206	-54.9888252718369
			63.8983050262914	-54.9888252718369
			63.8579906382622	-54.9888252718369
			63.817676250233	-54.9888252718369
			63.7773618622038	-54.9888252718369
			63.7370474741746	-54.9888252718369
			63.6967330861454	-54.9888252718369
			63.6564186981162	-54.9888252718369
			63.616104310087	-54.9888252718369
			63.5757899220578	-54.9888252718369
			63.5354755340286	-54.9888252718369
			63.4951611459994	-54.9888252718369
			63.4548467579702	-54.9888252718369
			63.414532369941	-54.9888252718369
			63.3742179819117	-54.9888252718369
			63.3742179819117	-54.9485108838077
			63.3339035938825	-54.9485108838077
			63.2935892058533	-54.9485108838077
			63.2532748178241	-54.9485108838077
			63.2129604297949	-54.9485108838077
			63.1726460417657	-54.9485108838077
			63.1323316537365	-54.9485108838077
			63.0920172657073	-54.9485108838077
			63.0517028776781	-54.9485108838077
			63.0113884896489	-54.9485108838077
			62.9710741016197	-54.9485108838077
			62.9307597135905	-54.9485108838077
			62.8904453255613	-54.9485108838077
			62.8501309375321	-54.9485108838077
			62.8098165495029	-54.9485108838077
			62.7695021614737	-54.9485108838077
			62.7291877734444	-54.9485108838077
			62.6888733854152	-54.9485108838077
			62.648558997386	-54.9081964957785
			62.6082446093568	-54.9081964957785
			62.5679302213276	-54.9081964957785
			62.5276158332984	-54.9081964957785
			62.4873014452692	-54.9081964957785
			62.44698705724	-54.9081964957785
			62.4066726692108	-54.9081964957785
			62.3663582811816	-54.9081964957785
			62.3260438931524	-54.9081964957785
			62.2857295051232	-54.9081964957785
			62.245415117094	-54.9081964957785
			62.2051007290648	-54.9081964957785
			62.1647863410356	-54.8678821077493
			62.1244719530064	-54.8678821077493
			62.0841575649772	-54.8678821077493
			62.0438431769479	-54.8678821077493
			62.0035287889187	-54.8678821077493
			61.9632144008895	-54.8678821077493
			61.9229000128603	-54.8678821077493
			61.8825856248311	-54.8678821077493
			61.8422712368019	-54.8678821077493
			61.8019568487727	-54.8678821077493
			61.7616424607435	-54.8678821077493
			61.7616424607435	-54.8275677197201
			61.7213280727143	-54.8275677197201
			61.6810136846851	-54.8275677197201
			61.6406992966559	-54.8275677197201
			61.6003849086267	-54.8275677197201
			61.5600705205975	-54.8275677197201
			61.5197561325683	-54.8275677197201
			61.4794417445391	-54.8275677197201
			61.4391273565099	-54.8275677197201
			61.3988129684806	-54.7872533316909
			61.3584985804514	-54.7872533316909
			61.3181841924222	-54.7872533316909
			61.277869804393	-54.7872533316909
			61.2375554163638	-54.7872533316909
			61.1972410283346	-54.7872533316909
			61.1569266403054	-54.7872533316909
			61.1166122522762	-54.7469389436617
			61.076297864247	-54.7469389436617
			61.0359834762178	-54.7469389436617
			60.9956690881886	-54.7469389436617
			60.9553547001594	-54.7469389436617
			60.9150403121302	-54.7469389436617
			60.874725924101	-54.7066245556325
			60.8344115360718	-54.7066245556325
			60.7940971480426	-54.7066245556325
			60.7537827600134	-54.7066245556325
			60.7134683719841	-54.7066245556325
			60.6731539839549	-54.6663101676033
			60.6328395959257	-54.6663101676033
			60.5925252078965	-54.6663101676033
			60.5522108198673	-54.6663101676033
			60.5118964318381	-54.6259957795741
			60.4715820438089	-54.6259957795741
			60.4312676557797	-54.6259957795741
			60.3909532677505	-54.6259957795741
			60.3506388797213	-54.5856813915448
			60.3103244916921	-54.5856813915448
			60.2700101036629	-54.5856813915448
			60.2296957156337	-54.5453670035156
			60.1893813276045	-54.5453670035156
			60.1490669395753	-54.5453670035156
			60.1490669395753	-54.5050526154864
			60.1087525515461	-54.5050526154864
			60.0684381635169	-54.5050526154864
			60.0281237754876	-54.5050526154864
			60.0281237754876	-54.4647382274572
			59.9878093874584	-54.4647382274572
			59.9474949994292	-54.4647382274572
			59.9474949994292	-54.424423839428
			59.9071806114	-54.424423839428
			59.8668662233708	-54.3841094513988
			59.8265518353416	-54.3841094513988
			59.7862374473124	-54.3841094513988
			59.7459230592832	-54.3841094513988
			59.705608671254	-54.3841094513988
			59.6652942832248	-54.3841094513988
			59.6652942832248	-54.424423839428
			59.6249798951956	-54.424423839428
			59.5846655071664	-54.424423839428
			59.5443511191372	-54.424423839428
			59.504036731108	-54.424423839428
			59.4637223430788	-54.424423839428
			59.4234079550496	-54.424423839428
			59.3830935670204	-54.424423839428
			59.3427791789912	-54.424423839428
			59.3024647909619	-54.424423839428
			59.2621504029327	-54.424423839428
			59.2218360149035	-54.4647382274572
			59.1815216268743	-54.4647382274572
			59.1412072388451	-54.4647382274572
			59.1008928508159	-54.4647382274572
			59.0605784627867	-54.4647382274572
			59.0202640747575	-54.4647382274572
			58.9799496867283	-54.4647382274572
			58.9396352986991	-54.4647382274572
			58.8993209106699	-54.4647382274572
			58.8590065226407	-54.4647382274572
			58.8186921346115	-54.4647382274572
			58.7783777465823	-54.4647382274572
			58.7380633585531	-54.4647382274572
			58.6977489705239	-54.5050526154864
			58.6574345824946	-54.5050526154864
			58.6171201944654	-54.5050526154864
			58.5768058064362	-54.5050526154864
			58.536491418407	-54.5050526154864
			58.4961770303778	-54.5050526154864
			58.4558626423486	-54.5050526154864
			58.4155482543194	-54.5050526154864
			58.3752338662902	-54.5050526154864
			58.334919478261	-54.5050526154864
			58.2946050902318	-54.5050526154864
			58.2542907022026	-54.5050526154864
			58.2139763141734	-54.5050526154864
			58.1736619261442	-54.5050526154864
			58.133347538115	-54.5050526154864
			58.0930331500858	-54.5050526154864
			58.0527187620566	-54.5050526154864
			58.0124043740274	-54.5453670035156
			57.9720899859981	-54.5453670035156
			57.9317755979689	-54.5453670035156
			57.8914612099397	-54.5453670035156
			57.8511468219105	-54.5453670035156
			57.8108324338813	-54.5453670035156
			57.7705180458521	-54.5453670035156
			57.7302036578229	-54.5453670035156
			57.6898892697937	-54.5453670035156
			57.6495748817645	-54.5453670035156
			57.6092604937353	-54.5453670035156
			57.5689461057061	-54.5453670035156
			57.5286317176769	-54.5453670035156
			57.4883173296477	-54.5453670035156
			57.4480029416185	-54.5453670035156
			57.4076885535893	-54.5453670035156
			57.3673741655601	-54.5453670035156
			57.3270597775308	-54.5453670035156
			57.2867453895016	-54.5453670035156
			57.2464310014724	-54.5453670035156
			57.2061166134432	-54.5453670035156
			57.165802225414	-54.5453670035156
			57.1254878373848	-54.5453670035156
			57.0851734493556	-54.5453670035156
			57.0448590613264	-54.5453670035156
			57.0045446732972	-54.5453670035156
			56.964230285268	-54.5453670035156
			56.9239158972388	-54.5453670035156
			56.8836015092096	-54.5453670035156
			56.8432871211804	-54.5453670035156
			56.8029727331512	-54.5453670035156
			56.762658345122	-54.5453670035156
			56.7223439570928	-54.5453670035156
			56.6820295690636	-54.5453670035156
			56.6417151810343	-54.5453670035156
			56.6014007930051	-54.5453670035156
			56.5610864049759	-54.5453670035156
			56.5207720169467	-54.5453670035156
			56.4804576289175	-54.5453670035156
			56.4401432408883	-54.5453670035156
			56.3998288528591	-54.5453670035156
			56.3595144648299	-54.5453670035156
			56.3192000768007	-54.5453670035156
			56.2788856887715	-54.5453670035156
			56.2385713007423	-54.5453670035156
			56.1982569127131	-54.5453670035156
			56.1579425246839	-54.5453670035156
			56.1176281366547	-54.5453670035156
			56.0773137486255	-54.5453670035156
			56.0369993605963	-54.5453670035156
			55.9966849725671	-54.5453670035156
			55.9563705845379	-54.5453670035156
			55.9160561965086	-54.5453670035156
			55.8757418084794	-54.5453670035156
			55.8354274204502	-54.5453670035156
			55.795113032421	-54.5453670035156
			55.7547986443918	-54.5453670035156
			55.7144842563626	-54.5453670035156
			55.6741698683334	-54.5453670035156
			55.6338554803042	-54.5453670035156
			55.593541092275	-54.5453670035156
			55.5532267042458	-54.5453670035156
			55.5129123162166	-54.5453670035156
			55.4725979281874	-54.5453670035156
			55.4322835401582	-54.5453670035156
			55.391969152129	-54.5453670035156
			55.3516547640998	-54.5453670035156
			55.3113403760706	-54.5453670035156
			55.2710259880413	-54.5453670035156
			55.2307116000121	-54.5453670035156
			55.1903972119829	-54.5453670035156
			55.1500828239537	-54.5453670035156
			55.1097684359245	-54.5453670035156
			55.0694540478953	-54.5453670035156
			55.0291396598661	-54.5453670035156
			54.9888252718369	-54.5453670035156
			54.9485108838077	-54.5453670035156
			54.9081964957785	-54.5453670035156
			54.8678821077493	-54.5453670035156
			54.8275677197201	-54.5453670035156
			54.7872533316909	-54.5453670035156
			54.7469389436617	-54.5453670035156
			54.7066245556325	-54.5453670035156
			54.6663101676033	-54.5453670035156
			54.6259957795741	-54.5453670035156
			54.5856813915448	-54.5050526154864
			54.5453670035156	-54.5050526154864
			54.5050526154864	-54.5050526154864
			54.4647382274572	-54.5050526154864
			54.424423839428	-54.5050526154864
			54.3841094513988	-54.5050526154864
			54.3437950633696	-54.5050526154864
			54.3034806753404	-54.5050526154864
			54.2631662873112	-54.5050526154864
			54.222851899282	-54.5050526154864
			54.1825375112528	-54.5050526154864
			54.1422231232236	-54.5050526154864
			54.1019087351944	-54.5050526154864
			54.0615943471652	-54.5050526154864
			54.021279959136	-54.5050526154864
			53.9809655711068	-54.5050526154864
			53.9406511830775	-54.5050526154864
			53.9003367950483	-54.5050526154864
			53.8600224070191	-54.4647382274572
			53.8197080189899	-54.4647382274572
			53.7793936309607	-54.4647382274572
			53.7390792429315	-54.4647382274572
			53.6987648549023	-54.4647382274572
			53.6584504668731	-54.4647382274572
			53.6181360788439	-54.4647382274572
			53.5778216908147	-54.4647382274572
			53.5375073027855	-54.4647382274572
			53.4971929147563	-54.4647382274572
			53.4568785267271	-54.4647382274572
			53.4165641386979	-54.4647382274572
			53.3762497506687	-54.4647382274572
			53.3359353626395	-54.4647382274572
			53.2956209746103	-54.424423839428
			53.255306586581	-54.424423839428
			53.2149921985518	-54.424423839428
			53.1746778105226	-54.424423839428
			53.1343634224934	-54.424423839428
			53.0940490344642	-54.424423839428
			53.053734646435	-54.424423839428
			53.0134202584058	-54.424423839428
			52.9731058703766	-54.424423839428
			52.9327914823474	-54.424423839428
			52.8924770943182	-54.424423839428
			52.852162706289	-54.424423839428
			52.8118483182598	-54.424423839428
			52.7715339302306	-54.3841094513988
			52.7312195422014	-54.3841094513988
			52.6909051541722	-54.3841094513988
			52.650590766143	-54.3841094513988
			52.6102763781138	-54.3841094513988
			52.5699619900846	-54.3841094513988
			52.5296476020553	-54.3841094513988
			52.4893332140261	-54.3841094513988
			52.4490188259969	-54.3841094513988
			52.4087044379677	-54.3841094513988
			52.3683900499385	-54.3841094513988
			52.3280756619093	-54.3841094513988
			52.3280756619093	-54.424423839428
			52.2877612738801	-54.424423839428
			52.2474468858509	-54.424423839428
			52.2071324978217	-54.424423839428
			52.1668181097925	-54.424423839428
			52.1265037217633	-54.424423839428
			52.0861893337341	-54.424423839428
			52.0458749457049	-54.424423839428
			52.0055605576757	-54.424423839428
			51.9652461696465	-54.424423839428
			51.9249317816173	-54.424423839428
			51.8846173935881	-54.424423839428
			51.8443030055588	-54.424423839428
			51.8039886175296	-54.4647382274572
			51.7636742295004	-54.4647382274572
			51.7233598414712	-54.4647382274572
			51.683045453442	-54.4647382274572
			51.6427310654128	-54.4647382274572
			51.6024166773836	-54.4647382274572
			51.5621022893544	-54.4647382274572
			51.5217879013252	-54.4647382274572
			51.481473513296	-54.4647382274572
			51.4411591252668	-54.4647382274572
			51.4008447372376	-54.4647382274572
			51.3605303492084	-54.4647382274572
			51.3202159611792	-54.4647382274572
			51.27990157315	-54.4647382274572
			51.2395871851208	-54.5050526154864
			51.1992727970915	-54.5050526154864
			51.1589584090623	-54.5050526154864
			51.1186440210331	-54.5050526154864
			51.0783296330039	-54.5050526154864
			51.0380152449747	-54.5050526154864
			50.9977008569455	-54.5050526154864
			50.9573864689163	-54.5050526154864
			50.9170720808871	-54.5050526154864
			50.8767576928579	-54.5050526154864
			50.8364433048287	-54.5050526154864
			50.7961289167995	-54.5050526154864
			50.7558145287703	-54.5050526154864
			50.7155001407411	-54.5050526154864
			50.6751857527119	-54.5050526154864
			50.6348713646827	-54.5050526154864
			50.5945569766535	-54.5050526154864
			50.5542425886243	-54.5453670035156
			50.513928200595	-54.5453670035156
			50.4736138125658	-54.5453670035156
			50.4332994245366	-54.5453670035156
			50.3929850365074	-54.5453670035156
			50.3526706484782	-54.5453670035156
			50.312356260449	-54.5453670035156
			50.2720418724198	-54.5453670035156
			50.2317274843906	-54.5453670035156
			50.1914130963614	-54.5453670035156
			50.1510987083322	-54.5453670035156
			50.110784320303	-54.5453670035156
			50.0704699322738	-54.5453670035156
			50.0301555442446	-54.5453670035156
			49.9898411562154	-54.5453670035156
			49.9495267681862	-54.5453670035156
			49.909212380157	-54.5453670035156
			49.8688979921277	-54.5453670035156
			49.8285836040985	-54.5856813915448
			49.7882692160693	-54.5856813915448
			49.7479548280401	-54.5856813915448
			49.7076404400109	-54.5856813915448
			49.6673260519817	-54.5856813915448
			49.6270116639525	-54.5856813915448
			49.5866972759233	-54.5856813915448
			49.5463828878941	-54.5856813915448
			49.5060684998649	-54.5856813915448
			49.4657541118357	-54.5856813915448
			49.4254397238065	-54.5856813915448
			49.3851253357773	-54.5856813915448
			49.3448109477481	-54.5856813915448
			49.3044965597189	-54.5856813915448
			49.2641821716897	-54.5856813915448
			49.2238677836605	-54.5856813915448
			49.1835533956313	-54.5856813915448
			49.143239007602	-54.5856813915448
			49.1029246195728	-54.5856813915448
			49.0626102315436	-54.5856813915448
			49.0222958435144	-54.5856813915448
			48.9819814554852	-54.5856813915448
			48.941667067456	-54.6259957795741
			48.9013526794268	-54.6259957795741
			48.8610382913976	-54.6259957795741
			48.8207239033684	-54.6259957795741
			48.7804095153392	-54.6259957795741
			48.74009512731	-54.6259957795741
			48.6997807392808	-54.6259957795741
			48.6594663512516	-54.6259957795741
			48.6191519632224	-54.6259957795741
			48.5788375751932	-54.6259957795741
			48.538523187164	-54.6259957795741
			48.4982087991348	-54.6259957795741
			48.4578944111055	-54.6259957795741
			48.4175800230763	-54.6259957795741
			48.3772656350471	-54.6259957795741
			48.3369512470179	-54.6259957795741
			48.2966368589887	-54.6259957795741
			48.2563224709595	-54.6259957795741
			48.2160080829303	-54.6259957795741
			48.1756936949011	-54.6259957795741
			48.1353793068719	-54.6259957795741
			48.0950649188427	-54.6259957795741
			48.0547505308135	-54.6259957795741
			48.0144361427843	-54.6259957795741
			47.9741217547551	-54.6259957795741
			47.9338073667259	-54.6663101676033
			47.8934929786967	-54.6663101676033
			47.8531785906675	-54.6663101676033
			47.8128642026382	-54.6663101676033
			47.772549814609	-54.6663101676033
			47.7322354265798	-54.6663101676033
			47.6919210385506	-54.6663101676033
			47.6516066505214	-54.6663101676033
			47.6112922624922	-54.6663101676033
			47.570977874463	-54.6663101676033
			47.5306634864338	-54.6663101676033
			47.4903490984046	-54.6663101676033
			47.4500347103754	-54.6663101676033
			47.4097203223462	-54.6663101676033
			47.369405934317	-54.6663101676033
			47.3290915462878	-54.6663101676033
			47.2887771582586	-54.6663101676033
			47.2484627702294	-54.6663101676033
			47.2081483822002	-54.6663101676033
			47.167833994171	-54.6663101676033
			47.1275196061417	-54.6663101676033
			47.0872052181125	-54.6663101676033
			47.0468908300833	-54.6663101676033
			47.0065764420541	-54.6663101676033
			46.9662620540249	-54.6663101676033
			46.9259476659957	-54.6663101676033
			46.8856332779665	-54.6663101676033
			46.8453188899373	-54.6663101676033
			46.8050045019081	-54.6663101676033
			46.7646901138789	-54.7066245556325
			46.7243757258497	-54.7066245556325
			46.6840613378205	-54.7066245556325
			46.6437469497913	-54.7066245556325
			46.6034325617621	-54.7066245556325
			46.5631181737329	-54.7066245556325
			46.5228037857037	-54.7066245556325
			46.4824893976744	-54.7066245556325
			46.4421750096452	-54.7066245556325
			46.401860621616	-54.7066245556325
			46.3615462335868	-54.7066245556325
			46.3212318455576	-54.7066245556325
			46.2809174575284	-54.7066245556325
			46.2406030694992	-54.7066245556325
			46.20028868147	-54.7066245556325
			46.1599742934408	-54.7066245556325
			46.1196599054116	-54.7066245556325
			46.0793455173824	-54.7066245556325
			46.0390311293532	-54.7066245556325
			45.998716741324	-54.7066245556325
			45.9584023532948	-54.7066245556325
			45.9180879652656	-54.7066245556325
			45.8777735772364	-54.7066245556325
			45.8374591892072	-54.7066245556325
			45.797144801178	-54.7066245556325
			45.7568304131487	-54.7066245556325
			45.7165160251195	-54.7066245556325
			45.6762016370903	-54.7066245556325
			45.6358872490611	-54.7066245556325
			45.5955728610319	-54.7066245556325
			45.5552584730027	-54.7066245556325
			45.5149440849735	-54.7066245556325
			45.4746296969443	-54.7066245556325
			45.4343153089151	-54.7066245556325
			45.3940009208859	-54.7066245556325
			45.3536865328567	-54.7066245556325
			45.3133721448275	-54.7066245556325
			45.2730577567983	-54.7469389436617
			45.2327433687691	-54.7469389436617
			45.1924289807399	-54.7469389436617
			45.1521145927107	-54.7469389436617
			45.1118002046815	-54.7469389436617
			45.0714858166522	-54.7469389436617
			45.031171428623	-54.7469389436617
			44.9908570405938	-54.7469389436617
			44.9505426525646	-54.7469389436617
			44.9102282645354	-54.7469389436617
			44.8699138765062	-54.7469389436617
			44.829599488477	-54.7469389436617
			44.7892851004478	-54.7469389436617
			44.7489707124186	-54.7469389436617
			44.7086563243894	-54.7469389436617
			44.6683419363602	-54.7469389436617
			44.628027548331	-54.7469389436617
			44.5877131603018	-54.7469389436617
			44.5473987722726	-54.7469389436617
			44.5070843842434	-54.7469389436617
			44.4667699962142	-54.7469389436617
			44.426455608185	-54.7469389436617
			44.3861412201557	-54.7469389436617
			44.3458268321265	-54.7469389436617
			44.3055124440973	-54.7469389436617
			44.2651980560681	-54.7469389436617
			44.2248836680389	-54.7469389436617
			44.1845692800097	-54.7469389436617
			44.1442548919805	-54.7469389436617
			44.1039405039513	-54.7469389436617
			44.0636261159221	-54.7469389436617
			44.0233117278929	-54.7469389436617
			43.9829973398637	-54.7469389436617
			43.9426829518345	-54.7469389436617
			43.9023685638053	-54.7469389436617
			43.8620541757761	-54.7469389436617
			43.8217397877469	-54.7469389436617
			43.7814253997177	-54.7469389436617
			43.7411110116884	-54.7469389436617
			43.7007966236592	-54.7469389436617
			43.66048223563	-54.7469389436617
			43.6201678476008	-54.7469389436617
			43.5798534595716	-54.7469389436617
			43.5395390715424	-54.7469389436617
			43.4992246835132	-54.7469389436617
			43.458910295484	-54.7469389436617
			43.4185959074548	-54.7469389436617
			43.3782815194256	-54.7469389436617
			43.3379671313964	-54.7872533316909
			43.2976527433672	-54.7872533316909
			43.257338355338	-54.7872533316909
			43.2170239673088	-54.7872533316909
			43.1767095792796	-54.7872533316909
			43.1363951912504	-54.7872533316909
			43.0960808032212	-54.7872533316909
			43.0557664151919	-54.7872533316909
			43.0154520271627	-54.7872533316909
			42.9751376391335	-54.7872533316909
			42.9348232511043	-54.7872533316909
			42.8945088630751	-54.7872533316909
			42.8541944750459	-54.7872533316909
			42.8138800870167	-54.7872533316909
			42.7735656989875	-54.7872533316909
			42.7332513109583	-54.7872533316909
			42.6929369229291	-54.7872533316909
			42.6526225348999	-54.7872533316909
			42.6123081468707	-54.7872533316909
			42.5719937588415	-54.7872533316909
			42.5316793708123	-54.7872533316909
			42.4913649827831	-54.7872533316909
			42.4510505947539	-54.7872533316909
			42.4107362067246	-54.7872533316909
			42.3704218186954	-54.7872533316909
			42.3301074306662	-54.7872533316909
			42.289793042637	-54.7872533316909
			42.2494786546078	-54.7872533316909
			42.2091642665786	-54.7872533316909
			42.1688498785494	-54.7872533316909
			42.1285354905202	-54.7872533316909
			42.088221102491	-54.7872533316909
			42.0479067144618	-54.7872533316909
			42.0075923264326	-54.7872533316909
			41.9672779384034	-54.7872533316909
			41.9269635503742	-54.7872533316909
			41.886649162345	-54.7872533316909
			41.8463347743158	-54.7872533316909
			41.8060203862866	-54.7872533316909
			41.7657059982574	-54.7872533316909
			41.7253916102282	-54.7872533316909
			41.6850772221989	-54.7872533316909
			41.6447628341697	-54.7872533316909
			41.6044484461405	-54.7872533316909
			41.5641340581113	-54.7872533316909
			41.5238196700821	-54.7872533316909
			41.4835052820529	-54.7872533316909
			41.4431908940237	-54.7872533316909
			41.4028765059945	-54.7872533316909
			41.3625621179653	-54.7872533316909
			41.3222477299361	-54.7872533316909
			41.2819333419069	-54.7872533316909
			41.2416189538777	-54.7872533316909
			41.2013045658485	-54.7872533316909
			41.1609901778193	-54.7872533316909
			41.1206757897901	-54.7872533316909
			41.0803614017609	-54.7872533316909
			41.0400470137317	-54.7872533316909
			40.9997326257024	-54.7872533316909
			40.9594182376732	-54.7872533316909
			40.919103849644	-54.7872533316909
			40.8787894616148	-54.7872533316909
			40.8384750735856	-54.7872533316909
			40.7981606855564	-54.7872533316909
			40.7578462975272	-54.7872533316909
			40.717531909498	-54.7872533316909
			40.6772175214688	-54.7872533316909
			40.6369031334396	-54.7872533316909
			40.5965887454104	-54.7872533316909
			40.5562743573812	-54.7872533316909
			40.515959969352	-54.7872533316909
			40.4756455813228	-54.7872533316909
			40.4353311932936	-54.7872533316909
			40.3950168052644	-54.7872533316909
			40.3547024172351	-54.7872533316909
			40.3143880292059	-54.8275677197201
			40.2740736411767	-54.8275677197201
			40.2337592531475	-54.8275677197201
			40.1934448651183	-54.8275677197201
			40.1531304770891	-54.8275677197201
			40.1128160890599	-54.8275677197201
			40.0725017010307	-54.8275677197201
			40.0321873130015	-54.8275677197201
			39.9918729249723	-54.8275677197201
			39.9515585369431	-54.8275677197201
			39.9112441489139	-54.8275677197201
			39.8709297608847	-54.8275677197201
			39.8306153728555	-54.8275677197201
			39.7903009848263	-54.8275677197201
			39.7499865967971	-54.8275677197201
			39.7096722087679	-54.8275677197201
			39.6693578207386	-54.8275677197201
			39.6290434327094	-54.8275677197201
			39.5887290446802	-54.8275677197201
			39.548414656651	-54.8275677197201
			39.5081002686218	-54.8275677197201
			39.4677858805926	-54.8275677197201
			39.4274714925634	-54.8275677197201
			39.3871571045342	-54.8275677197201
			39.346842716505	-54.8275677197201
			39.3065283284758	-54.8275677197201
			39.2662139404466	-54.8275677197201
			39.2258995524174	-54.8275677197201
			39.1855851643882	-54.8275677197201
			39.145270776359	-54.8275677197201
			39.1049563883298	-54.8275677197201
			39.0646420003006	-54.8275677197201
			39.0243276122713	-54.8275677197201
			38.9840132242421	-54.8275677197201
			38.9436988362129	-54.8275677197201
			38.9033844481837	-54.8275677197201
			38.8630700601545	-54.8275677197201
			38.8227556721253	-54.8275677197201
			38.7824412840961	-54.8275677197201
			38.7421268960669	-54.8275677197201
			38.7018125080377	-54.8275677197201
			38.6614981200085	-54.8275677197201
			38.6211837319793	-54.8275677197201
			38.5808693439501	-54.8275677197201
			38.5405549559209	-54.8275677197201
			38.5002405678917	-54.8275677197201
			38.4599261798625	-54.8275677197201
			38.4196117918333	-54.8275677197201
			38.3792974038041	-54.8275677197201
			38.3389830157749	-54.8275677197201
			38.2986686277456	-54.8275677197201
			38.2583542397164	-54.8275677197201
			38.2180398516872	-54.8275677197201
			38.177725463658	-54.8275677197201
			38.1374110756288	-54.8275677197201
			38.0970966875996	-54.8275677197201
			38.0567822995704	-54.8275677197201
			38.0164679115412	-54.8275677197201
			37.976153523512	-54.8275677197201
			37.9358391354828	-54.8275677197201
			37.8955247474536	-54.8275677197201
			37.8552103594244	-54.8275677197201
			37.8148959713952	-54.8275677197201
			37.774581583366	-54.8275677197201
			37.7342671953368	-54.8275677197201
			37.6939528073076	-54.8275677197201
			37.6536384192784	-54.8275677197201
			37.6133240312491	-54.8275677197201
			37.5730096432199	-54.8275677197201
			37.5326952551907	-54.8275677197201
			37.4923808671615	-54.8275677197201
			37.4520664791323	-54.8275677197201
			37.4117520911031	-54.8275677197201
			37.3714377030739	-54.8275677197201
			37.3311233150447	-54.8275677197201
			37.2908089270155	-54.8275677197201
			37.2504945389863	-54.8275677197201
			37.2101801509571	-54.8275677197201
			37.1698657629279	-54.8275677197201
			37.1295513748987	-54.8275677197201
			37.0892369868695	-54.8275677197201
			37.0489225988403	-54.8275677197201
			37.0086082108111	-54.8275677197201
			36.9682938227819	-54.8275677197201
			36.9279794347526	-54.8275677197201
			36.8876650467234	-54.8275677197201
			36.8473506586942	-54.8275677197201
			36.807036270665	-54.8275677197201
			36.7667218826358	-54.8275677197201
			36.7264074946066	-54.8275677197201
			36.6860931065774	-54.8275677197201
			36.6457787185482	-54.8275677197201
			36.605464330519	-54.8275677197201
			36.5651499424898	-54.8275677197201
			36.5248355544606	-54.8275677197201
			36.4845211664314	-54.8275677197201
			36.4442067784022	-54.8275677197201
			36.403892390373	-54.8275677197201
			36.3635780023438	-54.8678821077493
			36.3232636143146	-54.8678821077493
			36.2829492262853	-54.8678821077493
			36.2426348382561	-54.8678821077493
			36.2023204502269	-54.8678821077493
			36.1620060621977	-54.8678821077493
			36.1216916741685	-54.8678821077493
			36.0813772861393	-54.8678821077493
			36.0410628981101	-54.8678821077493
			36.0007485100809	-54.8678821077493
			35.9604341220517	-54.8678821077493
			35.9201197340225	-54.8678821077493
			35.8798053459933	-54.8678821077493
			35.8394909579641	-54.8678821077493
			35.7991765699349	-54.8678821077493
			35.7588621819057	-54.8678821077493
			35.7185477938765	-54.8678821077493
			35.6782334058473	-54.8678821077493
			35.6379190178181	-54.8678821077493
			35.5976046297888	-54.8678821077493
			35.5572902417596	-54.8678821077493
			35.5169758537304	-54.8678821077493
			35.4766614657012	-54.8678821077493
			35.436347077672	-54.8678821077493
			35.3960326896428	-54.8678821077493
			35.3557183016136	-54.8678821077493
			35.3154039135844	-54.8678821077493
			35.2750895255552	-54.8678821077493
			35.234775137526	-54.8678821077493
			35.1944607494968	-54.8678821077493
			35.1541463614676	-54.8678821077493
			35.1138319734384	-54.8678821077493
			35.0735175854092	-54.8678821077493
			35.03320319738	-54.8678821077493
			34.9928888093508	-54.8678821077493
			34.9525744213216	-54.8678821077493
			34.9122600332923	-54.8678821077493
			34.8719456452631	-54.8678821077493
			34.8316312572339	-54.8678821077493
			34.7913168692047	-54.8678821077493
			34.7510024811755	-54.8678821077493
			34.7106880931463	-54.8678821077493
			34.6703737051171	-54.8678821077493
			34.6300593170879	-54.8678821077493
			34.5897449290587	-54.8678821077493
			34.5494305410295	-54.9081964957785
			34.5091161530003	-54.9081964957785
			34.4688017649711	-54.9081964957785
			34.4284873769419	-54.9081964957785
			34.3881729889127	-54.9081964957785
			34.3478586008835	-54.9081964957785
			34.3075442128543	-54.9081964957785
			34.2672298248251	-54.9081964957785
			34.2269154367958	-54.9081964957785
			34.1866010487666	-54.9081964957785
			34.1462866607374	-54.9081964957785
			34.1059722727082	-54.9081964957785
			34.065657884679	-54.9081964957785
			34.0253434966498	-54.9081964957785
			33.9850291086206	-54.9081964957785
			33.9447147205914	-54.9081964957785
			33.9044003325622	-54.9081964957785
			33.864085944533	-54.9081964957785
			33.8237715565038	-54.9081964957785
			33.7834571684746	-54.9081964957785
			33.7431427804454	-54.9081964957785
			33.7028283924162	-54.9081964957785
			33.662514004387	-54.9081964957785
			33.6221996163578	-54.9081964957785
			33.5818852283286	-54.9081964957785
			33.5415708402993	-54.9081964957785
			33.5012564522701	-54.9081964957785
			33.4609420642409	-54.9081964957785
			33.4206276762117	-54.9081964957785
			33.3803132881825	-54.9081964957785
			33.3399989001533	-54.9081964957785
			33.2996845121241	-54.9081964957785
			33.2593701240949	-54.9081964957785
			33.2190557360657	-54.9081964957785
			33.1787413480365	-54.9081964957785
			33.1384269600073	-54.9081964957785
			33.0981125719781	-54.9081964957785
			33.0577981839489	-54.9081964957785
			33.0174837959197	-54.9081964957785
			32.9771694078905	-54.9081964957785
			32.9368550198613	-54.9081964957785
			32.896540631832	-54.9081964957785
			32.8562262438028	-54.9081964957785
			32.8159118557736	-54.9081964957785
			32.7755974677444	-54.9081964957785
			32.7352830797152	-54.9081964957785
			32.694968691686	-54.9081964957785
			32.694968691686	-54.9485108838077
			32.6546543036568	-54.9485108838077
			32.6143399156276	-54.9485108838077
			32.5740255275984	-54.9485108838077
			32.5337111395692	-54.9485108838077
			32.49339675154	-54.9485108838077
			32.4530823635108	-54.9485108838077
			32.4127679754816	-54.9485108838077
			32.3724535874524	-54.9485108838077
			32.3321391994232	-54.9485108838077
			32.291824811394	-54.9485108838077
			32.2515104233648	-54.9485108838077
			32.2111960353355	-54.9485108838077
			32.1708816473063	-54.9485108838077
			32.1305672592771	-54.9485108838077
			32.0902528712479	-54.9485108838077
			32.0499384832187	-54.9485108838077
			32.0096240951895	-54.9485108838077
			31.9693097071603	-54.9485108838077
			31.9289953191311	-54.9485108838077
			31.8886809311019	-54.9485108838077
			31.8483665430727	-54.9485108838077
			31.8080521550435	-54.9485108838077
			31.7677377670143	-54.9485108838077
			31.7274233789851	-54.9485108838077
			31.6871089909559	-54.9485108838077
			31.6467946029267	-54.9485108838077
			31.6064802148975	-54.9485108838077
			31.5661658268683	-54.9485108838077
			31.525851438839	-54.9485108838077
			31.4855370508098	-54.9485108838077
			31.4452226627806	-54.9485108838077
			31.4049082747514	-54.9485108838077
			31.3645938867222	-54.9485108838077
			31.324279498693	-54.9485108838077
			31.2839651106638	-54.9485108838077
			31.2436507226346	-54.9485108838077
			31.2033363346054	-54.9485108838077
			31.1630219465762	-54.9485108838077
			31.122707558547	-54.9485108838077
			31.0823931705178	-54.9485108838077
			31.0420787824886	-54.9485108838077
			31.0017643944594	-54.9485108838077
			30.9614500064302	-54.9485108838077
			30.921135618401	-54.9485108838077
			30.8808212303718	-54.9485108838077
			30.8405068423425	-54.9485108838077
			30.8001924543133	-54.9485108838077
			30.7598780662841	-54.9485108838077
			30.7195636782549	-54.9485108838077
			30.6792492902257	-54.9485108838077
			30.6389349021965	-54.9485108838077
			30.5986205141673	-54.9485108838077
			30.5986205141673	-54.9888252718369
			30.5583061261381	-54.9888252718369
			30.5179917381089	-54.9888252718369
			30.4776773500797	-54.9888252718369
			30.4373629620505	-54.9888252718369
			30.3970485740213	-54.9888252718369
			30.3567341859921	-54.9888252718369
			30.3164197979629	-54.9888252718369
			30.2761054099337	-54.9888252718369
			30.2357910219045	-54.9888252718369
			30.1954766338753	-54.9888252718369
			30.155162245846	-54.9888252718369
			30.1148478578168	-54.9888252718369
			30.0745334697876	-54.9888252718369
			30.0342190817584	-54.9888252718369
			29.9939046937292	-54.9888252718369
			29.9535903057	-54.9888252718369
			29.9132759176708	-54.9888252718369
			29.8729615296416	-54.9888252718369
			29.8326471416124	-54.9888252718369
			29.7923327535832	-54.9888252718369
			29.752018365554	-54.9888252718369
			29.7117039775248	-54.9888252718369
			29.6713895894956	-54.9888252718369
			29.6310752014664	-54.9888252718369
			29.5907608134372	-54.9888252718369
			29.550446425408	-54.9888252718369
			29.5101320373787	-54.9888252718369
			29.4698176493495	-54.9888252718369
			29.4295032613203	-54.9888252718369
			29.3891888732911	-54.9888252718369
			29.3488744852619	-54.9888252718369
		</c2>
	</curves.scaled>
	<ruler.points type=matrix rownames=TRUE colnames=FALSE nrow=2 ncol=2 as.numeric=TRUE >
		Ruler point 1	2048	279
		Ruler point 2	2296	274
	</ruler.points>
</shapes>

