<shapes type=list>
	<ruler.pixel type=vector names=FALSE length=1 as.numeric=TRUE >248.050398104901</ruler.pixel>
	<ruler.interval type=vector names=FALSE length=1 as.numeric=TRUE >10</ruler.interval>
	<scaling.units type=vector names=FALSE length=1 as.numeric=FALSE >undefined</scaling.units>
	<scaling type=vector names=FALSE length=1 as.numeric=TRUE >0.0403143880292059</scaling>
	<landmarks.pixel type=matrix rownames=TRUE colnames=FALSE nrow=2 ncol=2 as.numeric=TRUE >
		LM1	672	1272
		LM2	1771	1273
	</landmarks.pixel>
	<landmarks.scaled type=matrix rownames=TRUE colnames=FALSE nrow=2 ncol=2 as.numeric=TRUE >
		LM1	27.0912687556264	-51.27990157315
		LM2	71.3967811997237	-51.3202159611792
	</landmarks.scaled>
	<curves.control type=list>
		<c1 type=matrix rownames=FALSE colnames=FALSE nrow=13 ncol=2 as.numeric=TRUE >
			672	1272
			659	1239
			706	1195
			817	1055
			925	952
			1103	824
			1261	802
			1368	772
			1469	818
			1567	866
			1665	1050
			1738	1191
			1771	1273
		</c1>
		<c2 type=matrix rownames=FALSE colnames=FALSE nrow=13 ncol=2 as.numeric=TRUE >
			1771	1273
			1752	1281
			1662	1259
			1617	1271
			1582	1254
			1512	1261
			1461	1249
			1352	1247
			1083	1259
			961	1267
			807	1267
			715	1270
			672	1272
		</c2>
	</curves.control>
	<curves.pixel type=list>
		<c1 type=matrix rownames=FALSE colnames=FALSE nrow=1440 ncol=2 as.numeric=TRUE >
			672	1272
			672	1271
			671	1270
			671	1269
			671	1268
			670	1267
			670	1266
			670	1265
			670	1264
			670	1263
			669	1262
			669	1261
			669	1260
			669	1259
			669	1258
			669	1257
			669	1256
			669	1255
			669	1254
			669	1253
			670	1252
			670	1251
			670	1250
			670	1249
			670	1248
			670	1247
			671	1246
			671	1245
			671	1244
			672	1243
			672	1242
			672	1241
			673	1240
			673	1239
			673	1238
			674	1237
			674	1236
			675	1235
			675	1234
			676	1233
			676	1232
			677	1231
			677	1230
			678	1229
			678	1228
			679	1227
			679	1226
			680	1225
			681	1224
			681	1223
			682	1222
			683	1221
			683	1220
			684	1219
			685	1218
			685	1217
			686	1216
			687	1215
			688	1214
			689	1213
			690	1212
			690	1211
			691	1210
			692	1210
			692	1209
			693	1208
			694	1207
			695	1206
			696	1205
			697	1204
			698	1203
			699	1202
			700	1201
			700	1200
			701	1200
			702	1199
			703	1198
			704	1197
			705	1196
			706	1195
			707	1194
			707	1193
			708	1192
			709	1191
			710	1190
			711	1189
			711	1188
			712	1187
			713	1186
			714	1185
			715	1184
			715	1183
			716	1182
			717	1181
			718	1180
			719	1179
			719	1178
			720	1177
			721	1176
			722	1175
			723	1174
			723	1173
			724	1172
			725	1171
			726	1170
			727	1169
			727	1168
			728	1167
			729	1166
			730	1165
			731	1164
			732	1163
			733	1162
			733	1161
			734	1160
			735	1159
			736	1158
			737	1157
			737	1156
			738	1155
			739	1154
			740	1154
			740	1153
			741	1152
			742	1151
			742	1150
			743	1149
			744	1149
			744	1148
			745	1147
			746	1146
			746	1145
			747	1144
			748	1144
			748	1143
			749	1142
			750	1141
			750	1140
			751	1139
			752	1139
			752	1138
			753	1137
			754	1136
			755	1135
			756	1134
			757	1133
			758	1132
			758	1131
			759	1130
			760	1129
			761	1128
			762	1127
			762	1126
			763	1125
			764	1124
			765	1123
			766	1122
			767	1121
			767	1120
			768	1119
			769	1118
			770	1117
			771	1116
			771	1115
			772	1114
			773	1113
			774	1112
			775	1112
			776	1111
			776	1110
			777	1109
			778	1108
			779	1107
			780	1106
			780	1105
			781	1104
			782	1103
			783	1102
			784	1101
			785	1100
			785	1099
			786	1098
			787	1097
			788	1096
			789	1095
			790	1094
			791	1093
			791	1092
			792	1092
			793	1091
			793	1090
			794	1090
			794	1089
			795	1088
			796	1088
			796	1087
			797	1086
			798	1085
			799	1084
			800	1083
			800	1082
			801	1081
			802	1080
			803	1080
			803	1079
			804	1078
			805	1077
			805	1076
			806	1076
			807	1075
			807	1074
			808	1073
			809	1072
			810	1072
			810	1071
			811	1070
			812	1069
			813	1068
			814	1067
			815	1066
			816	1065
			816	1064
			817	1063
			818	1062
			819	1061
			820	1060
			821	1059
			822	1058
			822	1057
			823	1057
			824	1056
			825	1055
			826	1054
			827	1053
			827	1052
			828	1051
			829	1050
			830	1049
			831	1048
			832	1047
			832	1046
			833	1046
			834	1045
			835	1044
			836	1043
			837	1042
			838	1041
			838	1040
			839	1039
			840	1038
			841	1037
			842	1036
			843	1036
			843	1035
			844	1034
			845	1033
			846	1032
			847	1031
			848	1030
			848	1029
			849	1028
			850	1027
			851	1027
			852	1026
			853	1025
			853	1024
			854	1023
			855	1022
			856	1021
			857	1020
			858	1020
			858	1019
			859	1018
			860	1017
			861	1016
			862	1015
			863	1014
			864	1013
			865	1012
			866	1011
			867	1010
			868	1009
			868	1008
			869	1008
			870	1007
			870	1006
			871	1006
			871	1005
			872	1005
			873	1004
			873	1003
			874	1003
			874	1002
			875	1001
			876	1001
			876	1000
			877	1000
			877	999
			878	998
			879	998
			879	997
			880	997
			880	996
			881	995
			882	995
			882	994
			883	993
			884	992
			885	991
			886	990
			887	989
			888	988
			889	988
			889	987
			890	986
			891	985
			892	985
			892	984
			893	983
			894	983
			894	982
			895	981
			896	980
			897	980
			897	979
			898	978
			899	978
			899	977
			900	976
			901	975
			902	975
			902	974
			903	973
			904	973
			905	972
			905	971
			906	970
			907	970
			907	969
			908	968
			909	968
			910	967
			910	966
			911	966
			912	965
			912	964
			913	963
			914	963
			915	962
			915	961
			916	961
			917	960
			917	959
			918	959
			919	958
			920	957
			920	956
			921	956
			922	955
			922	954
			923	954
			924	953
			925	952
			926	952
			927	951
			928	950
			929	949
			930	948
			931	948
			932	947
			933	946
			934	946
			935	945
			936	944
			937	944
			937	943
			938	943
			939	942
			940	941
			941	941
			942	940
			943	939
			944	938
			945	938
			946	937
			947	936
			948	936
			949	935
			950	934
			951	933
			952	933
			953	932
			954	932
			955	931
			956	930
			957	930
			958	929
			959	928
			960	928
			961	927
			962	926
			963	925
			964	925
			965	924
			966	924
			967	923
			968	923
			969	922
			970	921
			971	920
			972	920
			973	919
			974	918
			975	918
			976	917
			977	917
			977	916
			978	916
			979	916
			979	915
			980	915
			980	914
			981	914
			982	914
			982	913
			983	913
			984	912
			985	912
			986	911
			987	910
			988	910
			989	909
			990	909
			990	908
			991	908
			992	907
			993	907
			993	906
			994	906
			995	905
			996	905
			996	904
			997	904
			998	904
			999	903
			1000	902
			1001	902
			1002	901
			1003	901
			1004	900
			1005	900
			1005	899
			1006	898
			1007	898
			1008	897
			1009	897
			1010	896
			1011	896
			1012	895
			1013	895
			1013	894
			1014	894
			1015	893
			1016	893
			1017	892
			1018	892
			1019	891
			1020	891
			1021	890
			1022	889
			1023	888
			1024	888
			1025	888
			1026	887
			1027	886
			1028	886
			1029	885
			1030	885
			1031	884
			1032	884
			1033	883
			1034	883
			1035	882
			1036	882
			1037	881
			1038	881
			1039	880
			1040	879
			1041	878
			1042	878
			1043	878
			1043	877
			1044	877
			1045	877
			1045	876
			1046	876
			1047	876
			1047	875
			1048	875
			1049	875
			1049	874
			1050	874
			1051	874
			1051	873
			1052	873
			1053	873
			1053	872
			1054	872
			1055	871
			1056	871
			1057	870
			1058	869
			1059	869
			1060	869
			1061	868
			1062	868
			1062	867
			1063	867
			1064	867
			1065	866
			1066	866
			1066	865
			1067	865
			1068	865
			1069	864
			1070	864
			1071	863
			1072	863
			1073	862
			1074	862
			1075	861
			1076	861
			1077	860
			1078	860
			1079	859
			1080	859
			1081	859
			1081	858
			1082	858
			1083	857
			1084	857
			1085	856
			1086	856
			1087	855
			1088	855
			1089	855
			1090	854
			1091	854
			1092	853
			1093	853
			1094	852
			1095	852
			1096	851
			1097	851
			1098	851
			1098	850
			1099	850
			1100	850
			1100	849
			1101	849
			1102	849
			1103	848
			1104	848
			1105	847
			1106	847
			1107	847
			1108	846
			1109	846
			1110	845
			1111	845
			1112	844
			1113	844
			1114	844
			1115	843
			1116	843
			1117	842
			1118	842
			1119	842
			1120	841
			1121	841
			1122	840
			1123	840
			1124	840
			1125	839
			1126	839
			1126	838
			1127	838
			1128	838
			1129	837
			1130	837
			1131	837
			1132	836
			1133	836
			1134	836
			1135	835
			1136	835
			1137	834
			1138	834
			1139	834
			1140	833
			1141	833
			1142	833
			1143	832
			1144	832
			1145	832
			1145	831
			1146	831
			1147	831
			1148	830
			1149	830
			1150	830
			1151	829
			1152	829
			1153	829
			1154	828
			1155	828
			1156	828
			1157	827
			1158	827
			1159	827
			1160	826
			1161	826
			1162	826
			1162	825
			1163	825
			1164	825
			1165	824
			1166	824
			1167	824
			1168	824
			1169	823
			1170	823
			1171	823
			1172	822
			1173	822
			1174	822
			1175	821
			1176	821
			1177	821
			1178	820
			1179	820
			1180	820
			1181	820
			1182	819
			1183	819
			1184	819
			1185	818
			1186	818
			1187	818
			1188	817
			1189	817
			1190	817
			1191	817
			1192	816
			1193	816
			1194	816
			1195	816
			1196	815
			1197	815
			1198	815
			1199	815
			1200	814
			1201	814
			1202	814
			1203	814
			1204	813
			1205	813
			1206	813
			1207	812
			1208	812
			1209	812
			1210	812
			1211	812
			1212	811
			1213	811
			1214	811
			1215	811
			1216	810
			1217	810
			1218	810
			1219	810
			1220	809
			1221	809
			1222	809
			1223	809
			1224	809
			1225	808
			1226	808
			1227	808
			1228	808
			1229	808
			1230	807
			1231	807
			1232	807
			1233	807
			1234	807
			1235	806
			1236	806
			1237	806
			1238	806
			1239	806
			1240	805
			1241	805
			1242	805
			1243	805
			1244	805
			1245	805
			1246	804
			1247	804
			1248	804
			1249	804
			1250	804
			1251	804
			1252	803
			1253	803
			1254	803
			1255	803
			1256	803
			1257	803
			1258	802
			1259	802
			1260	802
			1261	802
			1262	802
			1263	801
			1264	801
			1265	801
			1266	801
			1267	800
			1268	800
			1269	800
			1270	800
			1270	799
			1271	799
			1272	799
			1273	799
			1274	799
			1275	798
			1276	798
			1277	798
			1278	798
			1279	797
			1280	797
			1281	797
			1282	797
			1283	797
			1284	796
			1285	796
			1286	796
			1287	796
			1288	796
			1289	795
			1290	795
			1291	795
			1292	795
			1293	795
			1294	795
			1294	794
			1295	794
			1296	794
			1297	794
			1298	794
			1299	794
			1300	794
			1301	793
			1302	793
			1303	793
			1304	793
			1305	793
			1306	793
			1307	793
			1308	792
			1309	792
			1310	792
			1311	792
			1312	792
			1313	792
			1314	792
			1315	792
			1316	792
			1317	791
			1318	791
			1319	791
			1320	791
			1321	791
			1322	791
			1323	791
			1324	791
			1325	791
			1326	791
			1327	791
			1328	791
			1329	791
			1330	791
			1331	790
			1332	790
			1333	790
			1334	790
			1335	790
			1336	790
			1337	790
			1338	790
			1339	790
			1340	790
			1341	790
			1342	790
			1343	790
			1344	790
			1345	790
			1346	790
			1347	790
			1348	790
			1349	790
			1350	790
			1351	790
			1352	790
			1353	790
			1354	790
			1355	790
			1356	790
			1357	790
			1358	790
			1359	791
			1360	791
			1361	791
			1362	791
			1363	791
			1364	791
			1365	791
			1366	791
			1367	791
			1368	791
			1369	791
			1370	791
			1371	791
			1372	791
			1373	792
			1374	792
			1375	792
			1376	792
			1377	792
			1378	792
			1379	792
			1380	792
			1381	793
			1382	793
			1383	793
			1384	793
			1385	793
			1386	793
			1387	793
			1388	793
			1389	794
			1390	794
			1391	794
			1392	794
			1393	794
			1394	794
			1395	795
			1396	795
			1397	795
			1398	795
			1399	795
			1400	796
			1401	796
			1402	796
			1403	796
			1404	796
			1405	797
			1406	797
			1407	797
			1408	797
			1409	797
			1410	798
			1411	798
			1412	798
			1413	798
			1414	799
			1415	799
			1416	799
			1417	799
			1417	800
			1418	800
			1419	800
			1420	800
			1421	801
			1422	801
			1423	801
			1424	801
			1425	802
			1426	802
			1427	802
			1428	803
			1429	803
			1430	803
			1431	803
			1432	804
			1433	804
			1434	804
			1435	805
			1436	805
			1437	805
			1438	806
			1439	806
			1440	806
			1441	807
			1442	807
			1443	807
			1444	808
			1445	808
			1446	808
			1447	809
			1448	809
			1449	810
			1450	810
			1451	810
			1452	811
			1453	811
			1454	811
			1454	812
			1455	812
			1456	813
			1457	813
			1458	813
			1459	814
			1460	814
			1461	815
			1462	815
			1463	815
			1464	816
			1465	816
			1466	817
			1467	817
			1468	818
			1469	818
			1470	818
			1471	819
			1472	819
			1473	820
			1474	820
			1475	821
			1476	821
			1476	822
			1477	822
			1478	823
			1479	823
			1480	824
			1481	824
			1482	825
			1483	826
			1484	826
			1485	827
			1486	827
			1487	828
			1488	828
			1489	829
			1490	830
			1491	831
			1492	831
			1493	832
			1494	833
			1495	833
			1496	834
			1497	835
			1498	835
			1499	836
			1500	836
			1500	837
			1501	837
			1502	838
			1503	839
			1504	839
			1504	840
			1505	840
			1506	841
			1507	842
			1508	842
			1508	843
			1509	843
			1510	844
			1511	845
			1512	845
			1512	846
			1513	847
			1514	847
			1515	848
			1516	849
			1517	850
			1518	851
			1519	852
			1520	852
			1521	853
			1522	854
			1523	855
			1524	856
			1525	857
			1526	857
			1527	858
			1528	859
			1529	860
			1530	861
			1531	862
			1532	863
			1533	864
			1534	865
			1535	866
			1536	866
			1537	867
			1538	868
			1539	869
			1540	870
			1541	871
			1542	872
			1543	873
			1543	874
			1544	875
			1545	876
			1546	877
			1547	878
			1548	879
			1549	880
			1550	881
			1551	882
			1552	883
			1553	884
			1554	885
			1555	886
			1556	887
			1557	888
			1557	889
			1558	889
			1558	890
			1559	891
			1560	891
			1560	892
			1561	893
			1562	894
			1563	895
			1564	896
			1564	897
			1565	898
			1566	899
			1567	899
			1567	900
			1568	901
			1569	902
			1569	903
			1570	904
			1571	904
			1571	905
			1572	906
			1573	907
			1574	908
			1574	909
			1575	910
			1576	910
			1576	911
			1577	912
			1578	913
			1578	914
			1579	915
			1580	916
			1581	917
			1581	918
			1582	918
			1583	919
			1583	920
			1584	921
			1585	922
			1585	923
			1586	924
			1587	925
			1588	926
			1588	927
			1589	928
			1590	929
			1591	930
			1591	931
			1592	932
			1593	932
			1593	933
			1594	934
			1594	935
			1595	935
			1595	936
			1596	937
			1597	938
			1598	939
			1598	940
			1599	941
			1599	942
			1600	943
			1601	944
			1601	945
			1602	945
			1602	946
			1603	947
			1604	948
			1604	949
			1605	950
			1605	951
			1606	952
			1607	952
			1607	953
			1608	954
			1608	955
			1609	956
			1610	957
			1610	958
			1611	959
			1611	960
			1612	960
			1613	961
			1613	962
			1614	963
			1614	964
			1615	965
			1616	966
			1616	967
			1617	968
			1617	969
			1618	970
			1619	971
			1619	972
			1620	972
			1620	973
			1621	974
			1622	975
			1622	976
			1623	977
			1623	978
			1624	979
			1625	980
			1625	981
			1626	982
			1626	983
			1627	984
			1628	985
			1628	986
			1629	987
			1630	988
			1630	989
			1631	990
			1631	991
			1632	992
			1633	993
			1633	994
			1634	995
			1634	996
			1635	997
			1636	998
			1636	999
			1637	1000
			1637	1001
			1638	1002
			1639	1003
			1639	1004
			1640	1005
			1640	1006
			1641	1007
			1642	1008
			1642	1009
			1643	1010
			1643	1011
			1644	1012
			1645	1013
			1645	1014
			1646	1015
			1646	1016
			1647	1017
			1648	1018
			1648	1019
			1649	1020
			1649	1021
			1650	1022
			1650	1023
			1651	1024
			1651	1025
			1652	1026
			1653	1027
			1653	1028
			1654	1029
			1654	1030
			1655	1031
			1655	1032
			1656	1033
			1656	1034
			1657	1035
			1657	1036
			1658	1037
			1658	1038
			1659	1039
			1660	1040
			1660	1041
			1661	1042
			1661	1043
			1662	1044
			1662	1045
			1663	1046
			1663	1047
			1664	1048
			1664	1049
			1665	1049
			1665	1050
			1665	1051
			1666	1052
			1666	1053
			1667	1054
			1668	1055
			1668	1056
			1669	1057
			1669	1058
			1670	1059
			1670	1060
			1671	1061
			1671	1062
			1672	1063
			1672	1064
			1673	1065
			1673	1066
			1674	1067
			1674	1068
			1675	1069
			1675	1070
			1676	1071
			1676	1072
			1677	1073
			1677	1074
			1678	1075
			1678	1076
			1679	1076
			1679	1077
			1679	1078
			1680	1079
			1680	1080
			1681	1080
			1681	1081
			1681	1082
			1682	1083
			1683	1084
			1683	1085
			1683	1086
			1684	1087
			1684	1088
			1685	1089
			1685	1090
			1686	1091
			1687	1092
			1687	1093
			1688	1094
			1688	1095
			1689	1096
			1689	1097
			1690	1098
			1690	1099
			1690	1100
			1691	1100
			1691	1101
			1692	1102
			1692	1103
			1692	1104
			1693	1104
			1693	1105
			1693	1106
			1694	1107
			1695	1108
			1695	1109
			1696	1110
			1696	1111
			1696	1112
			1697	1113
			1697	1114
			1698	1114
			1698	1115
			1699	1116
			1699	1117
			1700	1118
			1700	1119
			1701	1120
			1701	1121
			1701	1122
			1702	1123
			1703	1124
			1703	1125
			1704	1126
			1704	1127
			1705	1128
			1705	1129
			1706	1130
			1706	1131
			1707	1132
			1707	1133
			1707	1134
			1708	1134
			1708	1135
			1708	1136
			1709	1137
			1709	1138
			1710	1139
			1711	1140
			1711	1141
			1712	1142
			1712	1143
			1712	1144
			1713	1145
			1713	1146
			1714	1147
			1715	1148
			1715	1149
			1716	1150
			1716	1151
			1716	1152
			1717	1153
			1717	1154
			1718	1155
			1718	1156
			1719	1157
			1719	1158
			1720	1159
			1720	1160
			1721	1161
			1721	1162
			1722	1163
			1722	1164
			1722	1165
			1723	1165
			1723	1166
			1724	1167
			1724	1168
			1724	1169
			1725	1170
			1725	1171
			1726	1171
			1726	1172
			1727	1173
			1727	1174
			1727	1175
			1728	1176
			1728	1177
			1729	1177
			1729	1178
			1729	1179
			1730	1180
			1730	1181
			1731	1182
			1731	1183
			1732	1184
			1732	1185
			1733	1186
			1733	1187
			1734	1188
			1734	1189
			1735	1190
			1735	1191
			1736	1192
			1736	1193
			1736	1194
			1737	1195
			1737	1196
			1738	1197
			1738	1198
			1739	1199
			1739	1200
			1740	1201
			1740	1202
			1740	1203
			1741	1204
			1741	1205
			1742	1206
			1742	1207
			1743	1208
			1743	1209
			1744	1209
			1744	1210
			1744	1211
			1745	1212
			1745	1213
			1746	1214
			1746	1215
			1746	1216
			1747	1217
			1747	1218
			1748	1219
			1748	1220
			1749	1221
			1749	1222
			1750	1223
			1750	1224
			1750	1225
			1751	1225
			1751	1226
			1751	1227
			1752	1227
			1752	1228
			1752	1229
			1753	1230
			1753	1231
			1754	1232
			1754	1233
			1754	1234
			1755	1235
			1755	1236
			1756	1237
			1756	1238
			1757	1239
			1757	1240
			1757	1241
			1758	1242
			1759	1243
			1759	1244
			1759	1245
			1760	1246
			1760	1247
			1761	1248
			1761	1249
			1761	1250
			1762	1250
			1762	1251
			1762	1252
			1763	1253
			1763	1254
			1764	1255
			1764	1256
			1764	1257
			1765	1258
			1765	1259
			1766	1260
			1766	1261
			1767	1262
			1767	1263
			1767	1264
			1768	1265
			1768	1266
			1769	1267
			1769	1268
			1769	1269
			1770	1270
			1770	1271
			1771	1272
			1771	1273
		</c1>
		<c2 type=matrix rownames=FALSE colnames=FALSE nrow=1104 ncol=2 as.numeric=TRUE >
			1771	1273
			1770	1273
			1769	1274
			1768	1274
			1767	1274
			1766	1274
			1765	1275
			1764	1275
			1763	1275
			1762	1275
			1761	1275
			1760	1275
			1759	1275
			1758	1275
			1757	1275
			1756	1275
			1755	1275
			1754	1275
			1753	1275
			1752	1275
			1751	1275
			1750	1275
			1749	1275
			1748	1275
			1747	1275
			1746	1275
			1745	1275
			1744	1275
			1743	1274
			1742	1274
			1741	1274
			1740	1274
			1739	1274
			1738	1274
			1737	1274
			1736	1274
			1735	1274
			1734	1273
			1733	1273
			1732	1273
			1731	1273
			1730	1273
			1729	1273
			1728	1273
			1727	1273
			1726	1272
			1725	1272
			1724	1272
			1723	1272
			1722	1272
			1721	1272
			1720	1271
			1719	1271
			1718	1271
			1717	1271
			1716	1271
			1715	1270
			1714	1270
			1713	1270
			1712	1270
			1711	1270
			1710	1269
			1709	1269
			1708	1269
			1707	1269
			1706	1269
			1705	1269
			1704	1268
			1703	1268
			1702	1268
			1701	1268
			1700	1268
			1699	1267
			1698	1267
			1697	1267
			1696	1267
			1695	1267
			1695	1266
			1694	1266
			1693	1266
			1692	1266
			1691	1266
			1690	1265
			1689	1265
			1688	1265
			1687	1265
			1686	1265
			1685	1264
			1684	1264
			1683	1264
			1682	1264
			1681	1263
			1680	1263
			1679	1263
			1678	1263
			1677	1263
			1676	1262
			1675	1262
			1674	1262
			1673	1262
			1672	1261
			1671	1261
			1670	1261
			1669	1261
			1668	1260
			1667	1260
			1666	1260
			1665	1260
			1664	1259
			1663	1259
			1662	1259
			1661	1259
			1660	1260
			1659	1260
			1658	1260
			1657	1260
			1656	1260
			1655	1261
			1654	1261
			1653	1261
			1652	1261
			1651	1261
			1651	1262
			1650	1262
			1649	1262
			1648	1262
			1647	1262
			1646	1262
			1645	1263
			1644	1263
			1643	1263
			1642	1263
			1641	1263
			1640	1263
			1639	1263
			1638	1263
			1637	1263
			1636	1264
			1635	1264
			1634	1264
			1633	1264
			1632	1264
			1631	1264
			1630	1264
			1629	1264
			1628	1264
			1627	1264
			1626	1264
			1625	1264
			1624	1264
			1623	1264
			1622	1264
			1621	1264
			1620	1264
			1619	1264
			1618	1264
			1617	1264
			1616	1263
			1615	1263
			1614	1263
			1613	1263
			1612	1263
			1611	1263
			1610	1263
			1609	1263
			1609	1262
			1608	1262
			1607	1262
			1606	1262
			1605	1262
			1604	1262
			1603	1261
			1602	1261
			1601	1261
			1600	1261
			1599	1260
			1598	1260
			1597	1260
			1596	1259
			1595	1259
			1594	1259
			1593	1258
			1592	1258
			1591	1258
			1590	1257
			1589	1257
			1588	1257
			1587	1256
			1586	1256
			1585	1255
			1584	1255
			1583	1254
			1582	1254
			1581	1254
			1580	1254
			1579	1254
			1578	1254
			1577	1254
			1576	1255
			1575	1255
			1574	1255
			1573	1255
			1572	1255
			1571	1255
			1570	1255
			1569	1255
			1568	1255
			1567	1255
			1566	1255
			1565	1255
			1564	1256
			1563	1256
			1562	1256
			1561	1256
			1560	1256
			1559	1256
			1558	1256
			1557	1256
			1556	1256
			1555	1256
			1554	1256
			1553	1256
			1552	1256
			1551	1256
			1550	1256
			1549	1256
			1548	1256
			1547	1256
			1546	1256
			1545	1256
			1544	1256
			1543	1256
			1542	1256
			1541	1256
			1540	1257
			1539	1257
			1538	1257
			1537	1257
			1536	1257
			1535	1257
			1534	1257
			1533	1257
			1532	1257
			1531	1257
			1530	1257
			1529	1257
			1528	1257
			1527	1257
			1526	1257
			1525	1257
			1524	1256
			1523	1256
			1522	1256
			1521	1256
			1520	1256
			1519	1256
			1518	1256
			1517	1256
			1516	1256
			1515	1256
			1514	1256
			1513	1256
			1512	1256
			1511	1256
			1510	1256
			1509	1256
			1508	1256
			1507	1256
			1506	1256
			1505	1256
			1504	1256
			1503	1255
			1502	1255
			1501	1255
			1500	1255
			1499	1255
			1498	1255
			1497	1255
			1496	1255
			1495	1255
			1494	1255
			1493	1254
			1492	1254
			1491	1254
			1490	1254
			1489	1254
			1488	1254
			1487	1254
			1486	1254
			1485	1254
			1485	1253
			1484	1253
			1483	1253
			1482	1253
			1481	1253
			1480	1253
			1479	1253
			1478	1252
			1477	1252
			1476	1252
			1475	1252
			1474	1252
			1473	1251
			1472	1251
			1471	1251
			1470	1251
			1469	1251
			1468	1250
			1467	1250
			1466	1250
			1465	1250
			1464	1250
			1463	1249
			1462	1249
			1461	1249
			1460	1249
			1459	1249
			1458	1249
			1457	1249
			1456	1249
			1455	1249
			1454	1249
			1453	1249
			1452	1249
			1451	1249
			1450	1249
			1449	1249
			1448	1249
			1447	1249
			1446	1249
			1445	1249
			1444	1249
			1443	1249
			1442	1249
			1441	1249
			1440	1249
			1439	1249
			1438	1249
			1437	1249
			1436	1249
			1435	1249
			1434	1249
			1433	1249
			1432	1249
			1431	1249
			1430	1249
			1429	1249
			1428	1249
			1427	1249
			1426	1249
			1425	1249
			1424	1249
			1423	1249
			1422	1249
			1421	1249
			1420	1249
			1419	1249
			1418	1249
			1417	1249
			1416	1249
			1415	1249
			1414	1249
			1413	1249
			1412	1249
			1411	1249
			1410	1249
			1409	1249
			1408	1249
			1407	1249
			1406	1249
			1405	1249
			1404	1249
			1403	1249
			1402	1249
			1401	1249
			1400	1249
			1399	1249
			1398	1249
			1397	1249
			1396	1249
			1395	1249
			1394	1249
			1393	1249
			1392	1249
			1391	1249
			1390	1249
			1389	1249
			1388	1249
			1387	1249
			1386	1249
			1385	1249
			1384	1249
			1383	1249
			1382	1249
			1381	1249
			1380	1249
			1379	1249
			1378	1249
			1377	1249
			1376	1249
			1375	1249
			1374	1249
			1373	1249
			1372	1249
			1371	1249
			1370	1249
			1369	1249
			1368	1249
			1367	1249
			1366	1249
			1365	1249
			1364	1249
			1363	1249
			1362	1249
			1361	1249
			1360	1249
			1359	1249
			1358	1249
			1357	1249
			1356	1249
			1355	1249
			1354	1250
			1353	1250
			1352	1250
			1351	1250
			1350	1250
			1349	1250
			1348	1250
			1347	1250
			1346	1250
			1345	1250
			1344	1250
			1343	1250
			1342	1250
			1341	1250
			1340	1250
			1339	1250
			1338	1250
			1337	1250
			1336	1250
			1335	1250
			1334	1250
			1333	1250
			1332	1250
			1331	1250
			1330	1250
			1329	1250
			1328	1250
			1327	1250
			1326	1250
			1325	1250
			1324	1250
			1323	1250
			1322	1250
			1321	1250
			1320	1250
			1319	1250
			1318	1250
			1317	1250
			1316	1250
			1315	1250
			1314	1250
			1313	1250
			1312	1250
			1311	1251
			1310	1251
			1309	1251
			1308	1251
			1307	1251
			1306	1251
			1305	1251
			1304	1251
			1303	1251
			1302	1251
			1301	1251
			1300	1251
			1299	1251
			1298	1251
			1297	1251
			1296	1251
			1295	1251
			1294	1251
			1293	1251
			1292	1251
			1291	1251
			1290	1251
			1289	1251
			1288	1251
			1287	1251
			1286	1251
			1285	1251
			1284	1251
			1283	1251
			1282	1251
			1281	1251
			1280	1251
			1279	1251
			1278	1251
			1277	1252
			1276	1252
			1275	1252
			1274	1252
			1273	1252
			1272	1252
			1271	1252
			1270	1252
			1269	1252
			1268	1252
			1267	1252
			1266	1252
			1265	1252
			1264	1252
			1263	1252
			1262	1252
			1261	1252
			1260	1252
			1259	1252
			1258	1252
			1257	1252
			1256	1252
			1255	1252
			1254	1252
			1253	1252
			1252	1252
			1251	1252
			1250	1252
			1249	1252
			1248	1252
			1247	1252
			1246	1253
			1245	1253
			1244	1253
			1243	1253
			1242	1253
			1241	1253
			1240	1253
			1239	1253
			1238	1253
			1237	1253
			1236	1253
			1235	1253
			1234	1253
			1233	1253
			1232	1253
			1231	1253
			1230	1253
			1229	1253
			1228	1253
			1227	1253
			1226	1253
			1225	1253
			1224	1253
			1223	1253
			1222	1253
			1221	1253
			1220	1253
			1219	1253
			1218	1253
			1217	1254
			1216	1254
			1215	1254
			1214	1254
			1213	1254
			1212	1254
			1211	1254
			1210	1254
			1209	1254
			1208	1254
			1207	1254
			1206	1254
			1205	1254
			1204	1254
			1203	1254
			1202	1254
			1201	1254
			1200	1254
			1199	1254
			1198	1254
			1197	1254
			1196	1254
			1195	1254
			1194	1254
			1193	1254
			1192	1254
			1191	1254
			1190	1255
			1189	1255
			1188	1255
			1187	1255
			1186	1255
			1185	1255
			1184	1255
			1183	1255
			1182	1255
			1181	1255
			1180	1255
			1179	1255
			1178	1255
			1177	1255
			1176	1255
			1175	1255
			1174	1255
			1173	1255
			1172	1255
			1171	1255
			1170	1255
			1169	1255
			1168	1255
			1167	1255
			1166	1255
			1165	1256
			1164	1256
			1163	1256
			1162	1256
			1161	1256
			1160	1256
			1159	1256
			1158	1256
			1157	1256
			1156	1256
			1155	1256
			1154	1256
			1153	1256
			1152	1256
			1151	1256
			1150	1256
			1149	1256
			1148	1256
			1147	1256
			1146	1256
			1145	1256
			1144	1256
			1143	1256
			1142	1256
			1141	1256
			1140	1257
			1139	1257
			1138	1257
			1137	1257
			1136	1257
			1135	1257
			1134	1257
			1133	1257
			1132	1257
			1131	1257
			1130	1257
			1129	1257
			1128	1257
			1127	1257
			1126	1257
			1125	1257
			1124	1257
			1123	1257
			1122	1257
			1121	1257
			1120	1257
			1119	1257
			1118	1257
			1117	1258
			1116	1258
			1115	1258
			1114	1258
			1113	1258
			1112	1258
			1111	1258
			1110	1258
			1109	1258
			1108	1258
			1107	1258
			1106	1258
			1105	1258
			1104	1258
			1103	1258
			1102	1258
			1101	1258
			1100	1258
			1099	1258
			1098	1258
			1097	1258
			1096	1258
			1095	1258
			1094	1258
			1093	1259
			1092	1259
			1091	1259
			1090	1259
			1089	1259
			1088	1259
			1087	1259
			1086	1259
			1085	1259
			1084	1259
			1083	1259
			1082	1259
			1081	1259
			1080	1259
			1079	1259
			1078	1259
			1077	1259
			1076	1259
			1075	1260
			1074	1260
			1073	1260
			1072	1260
			1071	1260
			1070	1260
			1069	1260
			1068	1260
			1067	1260
			1066	1260
			1065	1260
			1064	1260
			1063	1260
			1062	1260
			1061	1260
			1060	1260
			1059	1260
			1058	1261
			1057	1261
			1056	1261
			1055	1261
			1054	1261
			1053	1261
			1052	1261
			1051	1261
			1050	1261
			1049	1261
			1048	1261
			1047	1261
			1046	1261
			1045	1261
			1044	1261
			1043	1261
			1042	1261
			1041	1261
			1040	1261
			1039	1262
			1038	1262
			1037	1262
			1036	1262
			1035	1262
			1034	1262
			1033	1262
			1032	1262
			1031	1262
			1030	1262
			1029	1262
			1028	1262
			1027	1262
			1026	1262
			1025	1262
			1024	1262
			1023	1262
			1022	1262
			1021	1262
			1020	1262
			1019	1263
			1018	1263
			1017	1263
			1016	1263
			1015	1263
			1014	1263
			1013	1263
			1012	1263
			1011	1263
			1010	1263
			1009	1263
			1008	1263
			1007	1263
			1006	1263
			1005	1263
			1004	1263
			1003	1263
			1002	1263
			1001	1263
			1000	1263
			999	1263
			998	1263
			997	1263
			996	1264
			995	1264
			994	1264
			993	1264
			992	1264
			991	1264
			990	1264
			989	1264
			988	1264
			987	1264
			986	1264
			985	1264
			984	1264
			983	1264
			982	1264
			981	1264
			980	1264
			979	1264
			978	1264
			977	1264
			976	1264
			975	1264
			974	1264
			973	1264
			972	1264
			971	1264
			970	1264
			969	1265
			968	1265
			967	1265
			966	1265
			965	1265
			964	1265
			963	1265
			962	1265
			961	1265
			960	1265
			959	1265
			958	1265
			957	1265
			956	1265
			955	1265
			954	1265
			953	1265
			952	1265
			951	1265
			950	1265
			949	1265
			948	1265
			947	1265
			946	1265
			945	1265
			944	1265
			943	1265
			942	1265
			941	1265
			940	1265
			939	1265
			938	1265
			937	1265
			936	1265
			935	1265
			934	1266
			933	1266
			932	1266
			931	1266
			930	1266
			929	1266
			928	1266
			927	1266
			926	1266
			925	1266
			924	1266
			923	1266
			922	1266
			921	1266
			920	1266
			919	1266
			918	1266
			917	1266
			916	1266
			915	1266
			914	1266
			913	1266
			912	1266
			911	1266
			910	1266
			909	1266
			908	1266
			907	1266
			906	1266
			905	1266
			904	1266
			903	1266
			902	1266
			901	1266
			900	1266
			899	1266
			898	1266
			897	1266
			896	1266
			895	1266
			894	1266
			893	1266
			892	1266
			891	1266
			890	1266
			889	1266
			888	1266
			887	1266
			886	1266
			885	1266
			884	1266
			883	1266
			882	1266
			881	1267
			880	1267
			879	1267
			878	1267
			877	1267
			876	1267
			875	1267
			874	1267
			873	1267
			872	1267
			871	1267
			870	1267
			869	1267
			868	1267
			867	1267
			866	1267
			865	1267
			864	1267
			863	1267
			862	1267
			861	1267
			860	1267
			859	1267
			858	1267
			857	1267
			856	1267
			855	1267
			854	1267
			853	1267
			852	1267
			851	1267
			850	1267
			849	1267
			848	1267
			847	1267
			846	1267
			845	1267
			844	1267
			843	1267
			842	1267
			841	1267
			840	1267
			839	1267
			838	1267
			837	1267
			836	1267
			835	1267
			834	1267
			833	1267
			832	1267
			831	1267
			830	1267
			829	1267
			828	1267
			827	1267
			826	1267
			825	1267
			824	1267
			823	1267
			822	1267
			821	1267
			820	1267
			819	1267
			818	1267
			817	1267
			816	1267
			815	1267
			814	1267
			813	1267
			812	1267
			811	1267
			810	1267
			809	1267
			808	1267
			807	1267
			806	1267
			805	1267
			804	1267
			803	1267
			802	1267
			801	1267
			800	1267
			799	1267
			798	1267
			797	1267
			796	1267
			795	1267
			794	1267
			793	1267
			792	1268
			791	1268
			790	1268
			789	1268
			788	1268
			787	1268
			786	1268
			785	1268
			784	1268
			783	1268
			782	1268
			781	1268
			780	1268
			779	1268
			778	1268
			777	1268
			776	1268
			775	1268
			774	1268
			773	1268
			772	1268
			771	1268
			770	1268
			769	1268
			768	1268
			767	1268
			766	1268
			765	1268
			764	1268
			763	1268
			762	1269
			761	1269
			760	1269
			759	1269
			758	1269
			757	1269
			756	1269
			755	1269
			754	1269
			753	1269
			752	1269
			751	1269
			750	1269
			749	1269
			748	1269
			747	1269
			746	1269
			745	1269
			744	1269
			743	1269
			742	1269
			741	1269
			740	1269
			739	1269
			738	1269
			737	1269
			736	1269
			735	1269
			734	1270
			733	1270
			732	1270
			731	1270
			730	1270
			729	1270
			728	1270
			727	1270
			726	1270
			725	1270
			724	1270
			723	1270
			722	1270
			721	1270
			720	1270
			719	1270
			718	1270
			717	1270
			716	1270
			715	1270
			714	1270
			713	1270
			712	1270
			711	1270
			710	1270
			709	1270
			708	1270
			707	1271
			706	1271
			705	1271
			704	1271
			703	1271
			702	1271
			701	1271
			700	1271
			699	1271
			698	1271
			697	1271
			696	1271
			695	1271
			694	1271
			693	1271
			692	1271
			691	1271
			690	1271
			689	1271
			688	1271
			687	1271
			686	1271
			685	1271
			684	1271
			683	1272
			682	1272
			681	1272
			680	1272
			679	1272
			678	1272
			677	1272
			676	1272
			675	1272
			674	1272
			673	1272
			672	1272
		</c2>
	</curves.pixel>
	<curves.scaled type=list>
		<c1 type=matrix rownames=FALSE colnames=FALSE nrow=1440 ncol=2 as.numeric=TRUE >
			27.0912687556264	-51.27990157315
			27.0912687556264	-51.2395871851208
			27.0509543675972	-51.1992727970915
			27.0509543675972	-51.1589584090623
			27.0509543675972	-51.1186440210331
			27.010639979568	-51.0783296330039
			27.010639979568	-51.0380152449747
			27.010639979568	-50.9977008569455
			27.010639979568	-50.9573864689163
			27.010639979568	-50.9170720808871
			26.9703255915388	-50.8767576928579
			26.9703255915388	-50.8364433048287
			26.9703255915388	-50.7961289167995
			26.9703255915388	-50.7558145287703
			26.9703255915388	-50.7155001407411
			26.9703255915388	-50.6751857527119
			26.9703255915388	-50.6348713646827
			26.9703255915388	-50.5945569766535
			26.9703255915388	-50.5542425886243
			26.9703255915388	-50.513928200595
			27.010639979568	-50.4736138125658
			27.010639979568	-50.4332994245366
			27.010639979568	-50.3929850365074
			27.010639979568	-50.3526706484782
			27.010639979568	-50.312356260449
			27.010639979568	-50.2720418724198
			27.0509543675972	-50.2317274843906
			27.0509543675972	-50.1914130963614
			27.0509543675972	-50.1510987083322
			27.0912687556264	-50.110784320303
			27.0912687556264	-50.0704699322738
			27.0912687556264	-50.0301555442446
			27.1315831436556	-49.9898411562154
			27.1315831436556	-49.9495267681862
			27.1315831436556	-49.909212380157
			27.1718975316848	-49.8688979921277
			27.1718975316848	-49.8285836040985
			27.212211919714	-49.7882692160693
			27.212211919714	-49.7479548280401
			27.2525263077432	-49.7076404400109
			27.2525263077432	-49.6673260519817
			27.2928406957724	-49.6270116639525
			27.2928406957724	-49.5866972759233
			27.3331550838016	-49.5463828878941
			27.3331550838016	-49.5060684998649
			27.3734694718308	-49.4657541118357
			27.3734694718308	-49.4254397238065
			27.41378385986	-49.3851253357773
			27.4540982478892	-49.3448109477481
			27.4540982478892	-49.3044965597189
			27.4944126359185	-49.2641821716897
			27.5347270239477	-49.2238677836605
			27.5347270239477	-49.1835533956313
			27.5750414119769	-49.143239007602
			27.6153558000061	-49.1029246195728
			27.6153558000061	-49.0626102315436
			27.6556701880353	-49.0222958435144
			27.6959845760645	-48.9819814554852
			27.7362989640937	-48.941667067456
			27.7766133521229	-48.9013526794268
			27.8169277401521	-48.8610382913976
			27.8169277401521	-48.8207239033684
			27.8572421281813	-48.7804095153392
			27.8975565162105	-48.7804095153392
			27.8975565162105	-48.74009512731
			27.9378709042397	-48.6997807392808
			27.9781852922689	-48.6594663512516
			28.0184996802981	-48.6191519632224
			28.0588140683273	-48.5788375751932
			28.0991284563565	-48.538523187164
			28.1394428443857	-48.4982087991348
			28.179757232415	-48.4578944111055
			28.2200716204442	-48.4175800230763
			28.2200716204442	-48.3772656350471
			28.2603860084734	-48.3772656350471
			28.3007003965026	-48.3369512470179
			28.3410147845318	-48.2966368589887
			28.381329172561	-48.2563224709595
			28.4216435605902	-48.2160080829303
			28.4619579486194	-48.1756936949011
			28.5022723366486	-48.1353793068719
			28.5022723366486	-48.0950649188427
			28.5425867246778	-48.0547505308135
			28.582901112707	-48.0144361427843
			28.6232155007362	-47.9741217547551
			28.6635298887654	-47.9338073667259
			28.6635298887654	-47.8934929786967
			28.7038442767946	-47.8531785906675
			28.7441586648238	-47.8128642026382
			28.784473052853	-47.772549814609
			28.8247874408823	-47.7322354265798
			28.8247874408823	-47.6919210385506
			28.8651018289115	-47.6516066505214
			28.9054162169407	-47.6112922624922
			28.9457306049699	-47.570977874463
			28.9860449929991	-47.5306634864338
			28.9860449929991	-47.4903490984046
			29.0263593810283	-47.4500347103754
			29.0666737690575	-47.4097203223462
			29.1069881570867	-47.369405934317
			29.1473025451159	-47.3290915462878
			29.1473025451159	-47.2887771582586
			29.1876169331451	-47.2484627702294
			29.2279313211743	-47.2081483822002
			29.2682457092035	-47.167833994171
			29.3085600972327	-47.1275196061417
			29.3085600972327	-47.0872052181125
			29.3488744852619	-47.0468908300833
			29.3891888732911	-47.0065764420541
			29.4295032613203	-46.9662620540249
			29.4698176493495	-46.9259476659957
			29.5101320373787	-46.8856332779665
			29.550446425408	-46.8453188899373
			29.550446425408	-46.8050045019081
			29.5907608134372	-46.7646901138789
			29.6310752014664	-46.7243757258497
			29.6713895894956	-46.6840613378205
			29.7117039775248	-46.6437469497913
			29.7117039775248	-46.6034325617621
			29.752018365554	-46.5631181737329
			29.7923327535832	-46.5228037857037
			29.8326471416124	-46.5228037857037
			29.8326471416124	-46.4824893976744
			29.8729615296416	-46.4421750096452
			29.9132759176708	-46.401860621616
			29.9132759176708	-46.3615462335868
			29.9535903057	-46.3212318455576
			29.9939046937292	-46.3212318455576
			29.9939046937292	-46.2809174575284
			30.0342190817584	-46.2406030694992
			30.0745334697876	-46.20028868147
			30.0745334697876	-46.1599742934408
			30.1148478578168	-46.1196599054116
			30.155162245846	-46.1196599054116
			30.155162245846	-46.0793455173824
			30.1954766338753	-46.0390311293532
			30.2357910219045	-45.998716741324
			30.2357910219045	-45.9584023532948
			30.2761054099337	-45.9180879652656
			30.3164197979629	-45.9180879652656
			30.3164197979629	-45.8777735772364
			30.3567341859921	-45.8374591892072
			30.3970485740213	-45.797144801178
			30.4373629620505	-45.7568304131487
			30.4776773500797	-45.7165160251195
			30.5179917381089	-45.6762016370903
			30.5583061261381	-45.6358872490611
			30.5583061261381	-45.5955728610319
			30.5986205141673	-45.5552584730027
			30.6389349021965	-45.5149440849735
			30.6792492902257	-45.4746296969443
			30.7195636782549	-45.4343153089151
			30.7195636782549	-45.3940009208859
			30.7598780662841	-45.3536865328567
			30.8001924543133	-45.3133721448275
			30.8405068423425	-45.2730577567983
			30.8808212303718	-45.2327433687691
			30.921135618401	-45.1924289807399
			30.921135618401	-45.1521145927107
			30.9614500064302	-45.1118002046815
			31.0017643944594	-45.0714858166522
			31.0420787824886	-45.031171428623
			31.0823931705178	-44.9908570405938
			31.0823931705178	-44.9505426525646
			31.122707558547	-44.9102282645354
			31.1630219465762	-44.8699138765062
			31.2033363346054	-44.829599488477
			31.2436507226346	-44.829599488477
			31.2839651106638	-44.7892851004478
			31.2839651106638	-44.7489707124186
			31.324279498693	-44.7086563243894
			31.3645938867222	-44.6683419363602
			31.4049082747514	-44.628027548331
			31.4452226627806	-44.5877131603018
			31.4452226627806	-44.5473987722726
			31.4855370508098	-44.5070843842434
			31.525851438839	-44.4667699962142
			31.5661658268683	-44.426455608185
			31.6064802148975	-44.3861412201557
			31.6467946029267	-44.3458268321265
			31.6467946029267	-44.3055124440973
			31.6871089909559	-44.2651980560681
			31.7274233789851	-44.2248836680389
			31.7677377670143	-44.1845692800097
			31.8080521550435	-44.1442548919805
			31.8483665430727	-44.1039405039513
			31.8886809311019	-44.0636261159221
			31.8886809311019	-44.0233117278929
			31.9289953191311	-44.0233117278929
			31.9693097071603	-43.9829973398637
			31.9693097071603	-43.9426829518345
			32.0096240951895	-43.9426829518345
			32.0096240951895	-43.9023685638053
			32.0499384832187	-43.8620541757761
			32.0902528712479	-43.8620541757761
			32.0902528712479	-43.8217397877469
			32.1305672592771	-43.7814253997177
			32.1708816473063	-43.7411110116884
			32.2111960353355	-43.7007966236592
			32.2515104233648	-43.66048223563
			32.2515104233648	-43.6201678476008
			32.291824811394	-43.5798534595716
			32.3321391994232	-43.5395390715424
			32.3724535874524	-43.5395390715424
			32.3724535874524	-43.4992246835132
			32.4127679754816	-43.458910295484
			32.4530823635108	-43.4185959074548
			32.4530823635108	-43.3782815194256
			32.49339675154	-43.3782815194256
			32.5337111395692	-43.3379671313964
			32.5337111395692	-43.2976527433672
			32.5740255275984	-43.257338355338
			32.6143399156276	-43.2170239673088
			32.6546543036568	-43.2170239673088
			32.6546543036568	-43.1767095792796
			32.694968691686	-43.1363951912504
			32.7352830797152	-43.0960808032212
			32.7755974677444	-43.0557664151919
			32.8159118557736	-43.0154520271627
			32.8562262438028	-42.9751376391335
			32.896540631832	-42.9348232511043
			32.896540631832	-42.8945088630751
			32.9368550198613	-42.8541944750459
			32.9771694078905	-42.8138800870167
			33.0174837959197	-42.7735656989875
			33.0577981839489	-42.7332513109583
			33.0981125719781	-42.6929369229291
			33.1384269600073	-42.6526225348999
			33.1384269600073	-42.6123081468707
			33.1787413480365	-42.6123081468707
			33.2190557360657	-42.5719937588415
			33.2593701240949	-42.5316793708123
			33.2996845121241	-42.4913649827831
			33.3399989001533	-42.4510505947539
			33.3399989001533	-42.4107362067246
			33.3803132881825	-42.3704218186954
			33.4206276762117	-42.3301074306662
			33.4609420642409	-42.289793042637
			33.5012564522701	-42.2494786546078
			33.5415708402993	-42.2091642665786
			33.5415708402993	-42.1688498785494
			33.5818852283286	-42.1688498785494
			33.6221996163578	-42.1285354905202
			33.662514004387	-42.088221102491
			33.7028283924162	-42.0479067144618
			33.7431427804454	-42.0075923264326
			33.7834571684746	-41.9672779384034
			33.7834571684746	-41.9269635503742
			33.8237715565038	-41.886649162345
			33.864085944533	-41.8463347743158
			33.9044003325622	-41.8060203862866
			33.9447147205914	-41.7657059982574
			33.9850291086206	-41.7657059982574
			33.9850291086206	-41.7253916102282
			34.0253434966498	-41.6850772221989
			34.065657884679	-41.6447628341697
			34.1059722727082	-41.6044484461405
			34.1462866607374	-41.5641340581113
			34.1866010487666	-41.5238196700821
			34.1866010487666	-41.4835052820529
			34.2269154367958	-41.4431908940237
			34.2672298248251	-41.4028765059945
			34.3075442128543	-41.4028765059945
			34.3478586008835	-41.3625621179653
			34.3881729889127	-41.3222477299361
			34.3881729889127	-41.2819333419069
			34.4284873769419	-41.2416189538777
			34.4688017649711	-41.2013045658485
			34.5091161530003	-41.1609901778193
			34.5494305410295	-41.1206757897901
			34.5897449290587	-41.1206757897901
			34.5897449290587	-41.0803614017609
			34.6300593170879	-41.0400470137317
			34.6703737051171	-40.9997326257024
			34.7106880931463	-40.9594182376732
			34.7510024811755	-40.919103849644
			34.7913168692047	-40.8787894616148
			34.8316312572339	-40.8384750735856
			34.8719456452631	-40.7981606855564
			34.9122600332923	-40.7578462975272
			34.9525744213216	-40.717531909498
			34.9928888093508	-40.6772175214688
			34.9928888093508	-40.6369031334396
			35.03320319738	-40.6369031334396
			35.0735175854092	-40.5965887454104
			35.0735175854092	-40.5562743573812
			35.1138319734384	-40.5562743573812
			35.1138319734384	-40.515959969352
			35.1541463614676	-40.515959969352
			35.1944607494968	-40.4756455813228
			35.1944607494968	-40.4353311932936
			35.234775137526	-40.4353311932936
			35.234775137526	-40.3950168052644
			35.2750895255552	-40.3547024172351
			35.3154039135844	-40.3547024172351
			35.3154039135844	-40.3143880292059
			35.3557183016136	-40.3143880292059
			35.3557183016136	-40.2740736411767
			35.3960326896428	-40.2337592531475
			35.436347077672	-40.2337592531475
			35.436347077672	-40.1934448651183
			35.4766614657012	-40.1934448651183
			35.4766614657012	-40.1531304770891
			35.5169758537304	-40.1128160890599
			35.5572902417596	-40.1128160890599
			35.5572902417596	-40.0725017010307
			35.5976046297888	-40.0321873130015
			35.6379190178181	-39.9918729249723
			35.6782334058473	-39.9515585369431
			35.7185477938765	-39.9112441489139
			35.7588621819057	-39.8709297608847
			35.7991765699349	-39.8306153728555
			35.8394909579641	-39.8306153728555
			35.8394909579641	-39.7903009848263
			35.8798053459933	-39.7499865967971
			35.9201197340225	-39.7096722087679
			35.9604341220517	-39.7096722087679
			35.9604341220517	-39.6693578207386
			36.0007485100809	-39.6290434327094
			36.0410628981101	-39.6290434327094
			36.0410628981101	-39.5887290446802
			36.0813772861393	-39.548414656651
			36.1216916741685	-39.5081002686218
			36.1620060621977	-39.5081002686218
			36.1620060621977	-39.4677858805926
			36.2023204502269	-39.4274714925634
			36.2426348382561	-39.4274714925634
			36.2426348382561	-39.3871571045342
			36.2829492262853	-39.346842716505
			36.3232636143146	-39.3065283284758
			36.3635780023438	-39.3065283284758
			36.3635780023438	-39.2662139404466
			36.403892390373	-39.2258995524174
			36.4442067784022	-39.2258995524174
			36.4845211664314	-39.1855851643882
			36.4845211664314	-39.145270776359
			36.5248355544606	-39.1049563883298
			36.5651499424898	-39.1049563883298
			36.5651499424898	-39.0646420003006
			36.605464330519	-39.0243276122713
			36.6457787185482	-39.0243276122713
			36.6860931065774	-38.9840132242421
			36.6860931065774	-38.9436988362129
			36.7264074946066	-38.9436988362129
			36.7667218826358	-38.9033844481837
			36.7667218826358	-38.8630700601545
			36.807036270665	-38.8227556721253
			36.8473506586942	-38.8227556721253
			36.8876650467234	-38.7824412840961
			36.8876650467234	-38.7421268960669
			36.9279794347526	-38.7421268960669
			36.9682938227819	-38.7018125080377
			36.9682938227819	-38.6614981200085
			37.0086082108111	-38.6614981200085
			37.0489225988403	-38.6211837319793
			37.0892369868695	-38.5808693439501
			37.0892369868695	-38.5405549559209
			37.1295513748987	-38.5405549559209
			37.1698657629279	-38.5002405678917
			37.1698657629279	-38.4599261798625
			37.2101801509571	-38.4599261798625
			37.2504945389863	-38.4196117918333
			37.2908089270155	-38.3792974038041
			37.3311233150447	-38.3792974038041
			37.3714377030739	-38.3389830157749
			37.4117520911031	-38.2986686277456
			37.4520664791323	-38.2583542397164
			37.4923808671615	-38.2180398516872
			37.5326952551907	-38.2180398516872
			37.5730096432199	-38.177725463658
			37.6133240312491	-38.1374110756288
			37.6536384192784	-38.1374110756288
			37.6939528073076	-38.0970966875996
			37.7342671953368	-38.0567822995704
			37.774581583366	-38.0567822995704
			37.774581583366	-38.0164679115412
			37.8148959713952	-38.0164679115412
			37.8552103594244	-37.976153523512
			37.8955247474536	-37.9358391354828
			37.9358391354828	-37.9358391354828
			37.976153523512	-37.8955247474536
			38.0164679115412	-37.8552103594244
			38.0567822995704	-37.8148959713952
			38.0970966875996	-37.8148959713952
			38.1374110756288	-37.774581583366
			38.177725463658	-37.7342671953368
			38.2180398516872	-37.7342671953368
			38.2583542397164	-37.6939528073076
			38.2986686277456	-37.6536384192784
			38.3389830157749	-37.6133240312491
			38.3792974038041	-37.6133240312491
			38.4196117918333	-37.5730096432199
			38.4599261798625	-37.5730096432199
			38.5002405678917	-37.5326952551907
			38.5405549559209	-37.4923808671615
			38.5808693439501	-37.4923808671615
			38.6211837319793	-37.4520664791323
			38.6614981200085	-37.4117520911031
			38.7018125080377	-37.4117520911031
			38.7421268960669	-37.3714377030739
			38.7824412840961	-37.3311233150447
			38.8227556721253	-37.2908089270155
			38.8630700601545	-37.2908089270155
			38.9033844481837	-37.2504945389863
			38.9436988362129	-37.2504945389863
			38.9840132242421	-37.2101801509571
			39.0243276122713	-37.2101801509571
			39.0646420003006	-37.1698657629279
			39.1049563883298	-37.1295513748987
			39.145270776359	-37.0892369868695
			39.1855851643882	-37.0892369868695
			39.2258995524174	-37.0489225988403
			39.2662139404466	-37.0086082108111
			39.3065283284758	-37.0086082108111
			39.346842716505	-36.9682938227819
			39.3871571045342	-36.9682938227819
			39.3871571045342	-36.9279794347526
			39.4274714925634	-36.9279794347526
			39.4677858805926	-36.9279794347526
			39.4677858805926	-36.8876650467234
			39.5081002686218	-36.8876650467234
			39.5081002686218	-36.8473506586942
			39.548414656651	-36.8473506586942
			39.5887290446802	-36.8473506586942
			39.5887290446802	-36.807036270665
			39.6290434327094	-36.807036270665
			39.6693578207386	-36.7667218826358
			39.7096722087679	-36.7667218826358
			39.7499865967971	-36.7264074946066
			39.7903009848263	-36.6860931065774
			39.8306153728555	-36.6860931065774
			39.8709297608847	-36.6457787185482
			39.9112441489139	-36.6457787185482
			39.9112441489139	-36.605464330519
			39.9515585369431	-36.605464330519
			39.9918729249723	-36.5651499424898
			40.0321873130015	-36.5651499424898
			40.0321873130015	-36.5248355544606
			40.0725017010307	-36.5248355544606
			40.1128160890599	-36.4845211664314
			40.1531304770891	-36.4845211664314
			40.1531304770891	-36.4442067784022
			40.1934448651183	-36.4442067784022
			40.2337592531475	-36.4442067784022
			40.2740736411767	-36.403892390373
			40.3143880292059	-36.3635780023438
			40.3547024172351	-36.3635780023438
			40.3950168052644	-36.3232636143146
			40.4353311932936	-36.3232636143146
			40.4756455813228	-36.2829492262853
			40.515959969352	-36.2829492262853
			40.515959969352	-36.2426348382561
			40.5562743573812	-36.2023204502269
			40.5965887454104	-36.2023204502269
			40.6369031334396	-36.1620060621977
			40.6772175214688	-36.1620060621977
			40.717531909498	-36.1216916741685
			40.7578462975272	-36.1216916741685
			40.7981606855564	-36.0813772861393
			40.8384750735856	-36.0813772861393
			40.8384750735856	-36.0410628981101
			40.8787894616148	-36.0410628981101
			40.919103849644	-36.0007485100809
			40.9594182376732	-36.0007485100809
			40.9997326257024	-35.9604341220517
			41.0400470137317	-35.9604341220517
			41.0803614017609	-35.9201197340225
			41.1206757897901	-35.9201197340225
			41.1609901778193	-35.8798053459933
			41.2013045658485	-35.8394909579641
			41.2416189538777	-35.7991765699349
			41.2819333419069	-35.7991765699349
			41.3222477299361	-35.7991765699349
			41.3625621179653	-35.7588621819057
			41.4028765059945	-35.7185477938765
			41.4431908940237	-35.7185477938765
			41.4835052820529	-35.6782334058473
			41.5238196700821	-35.6782334058473
			41.5641340581113	-35.6379190178181
			41.6044484461405	-35.6379190178181
			41.6447628341697	-35.5976046297888
			41.6850772221989	-35.5976046297888
			41.7253916102282	-35.5572902417596
			41.7657059982574	-35.5572902417596
			41.8060203862866	-35.5169758537304
			41.8463347743158	-35.5169758537304
			41.886649162345	-35.4766614657012
			41.9269635503742	-35.436347077672
			41.9672779384034	-35.3960326896428
			42.0075923264326	-35.3960326896428
			42.0479067144618	-35.3960326896428
			42.0479067144618	-35.3557183016136
			42.088221102491	-35.3557183016136
			42.1285354905202	-35.3557183016136
			42.1285354905202	-35.3154039135844
			42.1688498785494	-35.3154039135844
			42.2091642665786	-35.3154039135844
			42.2091642665786	-35.2750895255552
			42.2494786546078	-35.2750895255552
			42.289793042637	-35.2750895255552
			42.289793042637	-35.234775137526
			42.3301074306662	-35.234775137526
			42.3704218186954	-35.234775137526
			42.3704218186954	-35.1944607494968
			42.4107362067246	-35.1944607494968
			42.4510505947539	-35.1944607494968
			42.4510505947539	-35.1541463614676
			42.4913649827831	-35.1541463614676
			42.5316793708123	-35.1138319734384
			42.5719937588415	-35.1138319734384
			42.6123081468707	-35.0735175854092
			42.6526225348999	-35.03320319738
			42.6929369229291	-35.03320319738
			42.7332513109583	-35.03320319738
			42.7735656989875	-34.9928888093508
			42.8138800870167	-34.9928888093508
			42.8138800870167	-34.9525744213216
			42.8541944750459	-34.9525744213216
			42.8945088630751	-34.9525744213216
			42.9348232511043	-34.9122600332923
			42.9751376391335	-34.9122600332923
			42.9751376391335	-34.8719456452631
			43.0154520271627	-34.8719456452631
			43.0557664151919	-34.8719456452631
			43.0960808032212	-34.8316312572339
			43.1363951912504	-34.8316312572339
			43.1767095792796	-34.7913168692047
			43.2170239673088	-34.7913168692047
			43.257338355338	-34.7510024811755
			43.2976527433672	-34.7510024811755
			43.3379671313964	-34.7106880931463
			43.3782815194256	-34.7106880931463
			43.4185959074548	-34.6703737051171
			43.458910295484	-34.6703737051171
			43.4992246835132	-34.6300593170879
			43.5395390715424	-34.6300593170879
			43.5798534595716	-34.6300593170879
			43.5798534595716	-34.5897449290587
			43.6201678476008	-34.5897449290587
			43.66048223563	-34.5494305410295
			43.7007966236592	-34.5494305410295
			43.7411110116884	-34.5091161530003
			43.7814253997177	-34.5091161530003
			43.8217397877469	-34.4688017649711
			43.8620541757761	-34.4688017649711
			43.9023685638053	-34.4688017649711
			43.9426829518345	-34.4284873769419
			43.9829973398637	-34.4284873769419
			44.0233117278929	-34.3881729889127
			44.0636261159221	-34.3881729889127
			44.1039405039513	-34.3478586008835
			44.1442548919805	-34.3478586008835
			44.1845692800097	-34.3075442128543
			44.2248836680389	-34.3075442128543
			44.2651980560681	-34.3075442128543
			44.2651980560681	-34.2672298248251
			44.3055124440973	-34.2672298248251
			44.3458268321265	-34.2672298248251
			44.3458268321265	-34.2269154367958
			44.3861412201557	-34.2269154367958
			44.426455608185	-34.2269154367958
			44.4667699962142	-34.1866010487666
			44.5070843842434	-34.1866010487666
			44.5473987722726	-34.1462866607374
			44.5877131603018	-34.1462866607374
			44.628027548331	-34.1462866607374
			44.6683419363602	-34.1059722727082
			44.7086563243894	-34.1059722727082
			44.7489707124186	-34.065657884679
			44.7892851004478	-34.065657884679
			44.829599488477	-34.0253434966498
			44.8699138765062	-34.0253434966498
			44.9102282645354	-34.0253434966498
			44.9505426525646	-33.9850291086206
			44.9908570405938	-33.9850291086206
			45.031171428623	-33.9447147205914
			45.0714858166522	-33.9447147205914
			45.1118002046815	-33.9447147205914
			45.1521145927107	-33.9044003325622
			45.1924289807399	-33.9044003325622
			45.2327433687691	-33.864085944533
			45.2730577567983	-33.864085944533
			45.3133721448275	-33.864085944533
			45.3536865328567	-33.8237715565038
			45.3940009208859	-33.8237715565038
			45.3940009208859	-33.7834571684746
			45.4343153089151	-33.7834571684746
			45.4746296969443	-33.7834571684746
			45.5149440849735	-33.7431427804454
			45.5552584730027	-33.7431427804454
			45.5955728610319	-33.7431427804454
			45.6358872490611	-33.7028283924162
			45.6762016370903	-33.7028283924162
			45.7165160251195	-33.7028283924162
			45.7568304131487	-33.662514004387
			45.797144801178	-33.662514004387
			45.8374591892072	-33.6221996163578
			45.8777735772364	-33.6221996163578
			45.9180879652656	-33.6221996163578
			45.9584023532948	-33.5818852283286
			45.998716741324	-33.5818852283286
			46.0390311293532	-33.5818852283286
			46.0793455173824	-33.5415708402993
			46.1196599054116	-33.5415708402993
			46.1599742934408	-33.5415708402993
			46.1599742934408	-33.5012564522701
			46.20028868147	-33.5012564522701
			46.2406030694992	-33.5012564522701
			46.2809174575284	-33.4609420642409
			46.3212318455576	-33.4609420642409
			46.3615462335868	-33.4609420642409
			46.401860621616	-33.4206276762117
			46.4421750096452	-33.4206276762117
			46.4824893976744	-33.4206276762117
			46.5228037857037	-33.3803132881825
			46.5631181737329	-33.3803132881825
			46.6034325617621	-33.3803132881825
			46.6437469497913	-33.3399989001533
			46.6840613378205	-33.3399989001533
			46.7243757258497	-33.3399989001533
			46.7646901138789	-33.2996845121241
			46.8050045019081	-33.2996845121241
			46.8453188899373	-33.2996845121241
			46.8453188899373	-33.2593701240949
			46.8856332779665	-33.2593701240949
			46.9259476659957	-33.2593701240949
			46.9662620540249	-33.2190557360657
			47.0065764420541	-33.2190557360657
			47.0468908300833	-33.2190557360657
			47.0872052181125	-33.2190557360657
			47.1275196061417	-33.1787413480365
			47.167833994171	-33.1787413480365
			47.2081483822002	-33.1787413480365
			47.2484627702294	-33.1384269600073
			47.2887771582586	-33.1384269600073
			47.3290915462878	-33.1384269600073
			47.369405934317	-33.0981125719781
			47.4097203223462	-33.0981125719781
			47.4500347103754	-33.0981125719781
			47.4903490984046	-33.0577981839489
			47.5306634864338	-33.0577981839489
			47.570977874463	-33.0577981839489
			47.6112922624922	-33.0577981839489
			47.6516066505214	-33.0174837959197
			47.6919210385506	-33.0174837959197
			47.7322354265798	-33.0174837959197
			47.772549814609	-32.9771694078905
			47.8128642026382	-32.9771694078905
			47.8531785906675	-32.9771694078905
			47.8934929786967	-32.9368550198613
			47.9338073667259	-32.9368550198613
			47.9741217547551	-32.9368550198613
			48.0144361427843	-32.9368550198613
			48.0547505308135	-32.896540631832
			48.0950649188427	-32.896540631832
			48.1353793068719	-32.896540631832
			48.1756936949011	-32.896540631832
			48.2160080829303	-32.8562262438028
			48.2563224709595	-32.8562262438028
			48.2966368589887	-32.8562262438028
			48.3369512470179	-32.8562262438028
			48.3772656350471	-32.8159118557736
			48.4175800230763	-32.8159118557736
			48.4578944111055	-32.8159118557736
			48.4982087991348	-32.8159118557736
			48.538523187164	-32.7755974677444
			48.5788375751932	-32.7755974677444
			48.6191519632224	-32.7755974677444
			48.6594663512516	-32.7352830797152
			48.6997807392808	-32.7352830797152
			48.74009512731	-32.7352830797152
			48.7804095153392	-32.7352830797152
			48.8207239033684	-32.7352830797152
			48.8610382913976	-32.694968691686
			48.9013526794268	-32.694968691686
			48.941667067456	-32.694968691686
			48.9819814554852	-32.694968691686
			49.0222958435144	-32.6546543036568
			49.0626102315436	-32.6546543036568
			49.1029246195728	-32.6546543036568
			49.143239007602	-32.6546543036568
			49.1835533956313	-32.6143399156276
			49.2238677836605	-32.6143399156276
			49.2641821716897	-32.6143399156276
			49.3044965597189	-32.6143399156276
			49.3448109477481	-32.6143399156276
			49.3851253357773	-32.5740255275984
			49.4254397238065	-32.5740255275984
			49.4657541118357	-32.5740255275984
			49.5060684998649	-32.5740255275984
			49.5463828878941	-32.5740255275984
			49.5866972759233	-32.5337111395692
			49.6270116639525	-32.5337111395692
			49.6673260519817	-32.5337111395692
			49.7076404400109	-32.5337111395692
			49.7479548280401	-32.5337111395692
			49.7882692160693	-32.49339675154
			49.8285836040985	-32.49339675154
			49.8688979921277	-32.49339675154
			49.909212380157	-32.49339675154
			49.9495267681862	-32.49339675154
			49.9898411562154	-32.4530823635108
			50.0301555442446	-32.4530823635108
			50.0704699322738	-32.4530823635108
			50.110784320303	-32.4530823635108
			50.1510987083322	-32.4530823635108
			50.1914130963614	-32.4530823635108
			50.2317274843906	-32.4127679754816
			50.2720418724198	-32.4127679754816
			50.312356260449	-32.4127679754816
			50.3526706484782	-32.4127679754816
			50.3929850365074	-32.4127679754816
			50.4332994245366	-32.4127679754816
			50.4736138125658	-32.3724535874524
			50.513928200595	-32.3724535874524
			50.5542425886243	-32.3724535874524
			50.5945569766535	-32.3724535874524
			50.6348713646827	-32.3724535874524
			50.6751857527119	-32.3724535874524
			50.7155001407411	-32.3321391994232
			50.7558145287703	-32.3321391994232
			50.7961289167995	-32.3321391994232
			50.8364433048287	-32.3321391994232
			50.8767576928579	-32.3321391994232
			50.9170720808871	-32.291824811394
			50.9573864689163	-32.291824811394
			50.9977008569455	-32.291824811394
			51.0380152449747	-32.291824811394
			51.0783296330039	-32.2515104233648
			51.1186440210331	-32.2515104233648
			51.1589584090623	-32.2515104233648
			51.1992727970915	-32.2515104233648
			51.1992727970915	-32.2111960353355
			51.2395871851208	-32.2111960353355
			51.27990157315	-32.2111960353355
			51.3202159611792	-32.2111960353355
			51.3605303492084	-32.2111960353355
			51.4008447372376	-32.1708816473063
			51.4411591252668	-32.1708816473063
			51.481473513296	-32.1708816473063
			51.5217879013252	-32.1708816473063
			51.5621022893544	-32.1305672592771
			51.6024166773836	-32.1305672592771
			51.6427310654128	-32.1305672592771
			51.683045453442	-32.1305672592771
			51.7233598414712	-32.1305672592771
			51.7636742295004	-32.0902528712479
			51.8039886175296	-32.0902528712479
			51.8443030055588	-32.0902528712479
			51.8846173935881	-32.0902528712479
			51.9249317816173	-32.0902528712479
			51.9652461696465	-32.0499384832187
			52.0055605576757	-32.0499384832187
			52.0458749457049	-32.0499384832187
			52.0861893337341	-32.0499384832187
			52.1265037217633	-32.0499384832187
			52.1668181097925	-32.0499384832187
			52.1668181097925	-32.0096240951895
			52.2071324978217	-32.0096240951895
			52.2474468858509	-32.0096240951895
			52.2877612738801	-32.0096240951895
			52.3280756619093	-32.0096240951895
			52.3683900499385	-32.0096240951895
			52.4087044379677	-32.0096240951895
			52.4490188259969	-31.9693097071603
			52.4893332140261	-31.9693097071603
			52.5296476020553	-31.9693097071603
			52.5699619900846	-31.9693097071603
			52.6102763781138	-31.9693097071603
			52.650590766143	-31.9693097071603
			52.6909051541722	-31.9693097071603
			52.7312195422014	-31.9289953191311
			52.7715339302306	-31.9289953191311
			52.8118483182598	-31.9289953191311
			52.852162706289	-31.9289953191311
			52.8924770943182	-31.9289953191311
			52.9327914823474	-31.9289953191311
			52.9731058703766	-31.9289953191311
			53.0134202584058	-31.9289953191311
			53.053734646435	-31.9289953191311
			53.0940490344642	-31.8886809311019
			53.1343634224934	-31.8886809311019
			53.1746778105226	-31.8886809311019
			53.2149921985518	-31.8886809311019
			53.255306586581	-31.8886809311019
			53.2956209746103	-31.8886809311019
			53.3359353626395	-31.8886809311019
			53.3762497506687	-31.8886809311019
			53.4165641386979	-31.8886809311019
			53.4568785267271	-31.8886809311019
			53.4971929147563	-31.8886809311019
			53.5375073027855	-31.8886809311019
			53.5778216908147	-31.8886809311019
			53.6181360788439	-31.8886809311019
			53.6584504668731	-31.8483665430727
			53.6987648549023	-31.8483665430727
			53.7390792429315	-31.8483665430727
			53.7793936309607	-31.8483665430727
			53.8197080189899	-31.8483665430727
			53.8600224070191	-31.8483665430727
			53.9003367950483	-31.8483665430727
			53.9406511830775	-31.8483665430727
			53.9809655711068	-31.8483665430727
			54.021279959136	-31.8483665430727
			54.0615943471652	-31.8483665430727
			54.1019087351944	-31.8483665430727
			54.1422231232236	-31.8483665430727
			54.1825375112528	-31.8483665430727
			54.222851899282	-31.8483665430727
			54.2631662873112	-31.8483665430727
			54.3034806753404	-31.8483665430727
			54.3437950633696	-31.8483665430727
			54.3841094513988	-31.8483665430727
			54.424423839428	-31.8483665430727
			54.4647382274572	-31.8483665430727
			54.5050526154864	-31.8483665430727
			54.5453670035156	-31.8483665430727
			54.5856813915448	-31.8483665430727
			54.6259957795741	-31.8483665430727
			54.6663101676033	-31.8483665430727
			54.7066245556325	-31.8483665430727
			54.7469389436617	-31.8483665430727
			54.7872533316909	-31.8886809311019
			54.8275677197201	-31.8886809311019
			54.8678821077493	-31.8886809311019
			54.9081964957785	-31.8886809311019
			54.9485108838077	-31.8886809311019
			54.9888252718369	-31.8886809311019
			55.0291396598661	-31.8886809311019
			55.0694540478953	-31.8886809311019
			55.1097684359245	-31.8886809311019
			55.1500828239537	-31.8886809311019
			55.1903972119829	-31.8886809311019
			55.2307116000121	-31.8886809311019
			55.2710259880413	-31.8886809311019
			55.3113403760706	-31.8886809311019
			55.3516547640998	-31.9289953191311
			55.391969152129	-31.9289953191311
			55.4322835401582	-31.9289953191311
			55.4725979281874	-31.9289953191311
			55.5129123162166	-31.9289953191311
			55.5532267042458	-31.9289953191311
			55.593541092275	-31.9289953191311
			55.6338554803042	-31.9289953191311
			55.6741698683334	-31.9693097071603
			55.7144842563626	-31.9693097071603
			55.7547986443918	-31.9693097071603
			55.795113032421	-31.9693097071603
			55.8354274204502	-31.9693097071603
			55.8757418084794	-31.9693097071603
			55.9160561965086	-31.9693097071603
			55.9563705845379	-31.9693097071603
			55.9966849725671	-32.0096240951895
			56.0369993605963	-32.0096240951895
			56.0773137486255	-32.0096240951895
			56.1176281366547	-32.0096240951895
			56.1579425246839	-32.0096240951895
			56.1982569127131	-32.0096240951895
			56.2385713007423	-32.0499384832187
			56.2788856887715	-32.0499384832187
			56.3192000768007	-32.0499384832187
			56.3595144648299	-32.0499384832187
			56.3998288528591	-32.0499384832187
			56.4401432408883	-32.0902528712479
			56.4804576289175	-32.0902528712479
			56.5207720169467	-32.0902528712479
			56.5610864049759	-32.0902528712479
			56.6014007930051	-32.0902528712479
			56.6417151810343	-32.1305672592771
			56.6820295690636	-32.1305672592771
			56.7223439570928	-32.1305672592771
			56.762658345122	-32.1305672592771
			56.8029727331512	-32.1305672592771
			56.8432871211804	-32.1708816473063
			56.8836015092096	-32.1708816473063
			56.9239158972388	-32.1708816473063
			56.964230285268	-32.1708816473063
			57.0045446732972	-32.2111960353355
			57.0448590613264	-32.2111960353355
			57.0851734493556	-32.2111960353355
			57.1254878373848	-32.2111960353355
			57.1254878373848	-32.2515104233648
			57.165802225414	-32.2515104233648
			57.2061166134432	-32.2515104233648
			57.2464310014724	-32.2515104233648
			57.2867453895016	-32.291824811394
			57.3270597775308	-32.291824811394
			57.3673741655601	-32.291824811394
			57.4076885535893	-32.291824811394
			57.4480029416185	-32.3321391994232
			57.4883173296477	-32.3321391994232
			57.5286317176769	-32.3321391994232
			57.5689461057061	-32.3724535874524
			57.6092604937353	-32.3724535874524
			57.6495748817645	-32.3724535874524
			57.6898892697937	-32.3724535874524
			57.7302036578229	-32.4127679754816
			57.7705180458521	-32.4127679754816
			57.8108324338813	-32.4127679754816
			57.8511468219105	-32.4530823635108
			57.8914612099397	-32.4530823635108
			57.9317755979689	-32.4530823635108
			57.9720899859981	-32.49339675154
			58.0124043740274	-32.49339675154
			58.0527187620566	-32.49339675154
			58.0930331500858	-32.5337111395692
			58.133347538115	-32.5337111395692
			58.1736619261442	-32.5337111395692
			58.2139763141734	-32.5740255275984
			58.2542907022026	-32.5740255275984
			58.2946050902318	-32.5740255275984
			58.334919478261	-32.6143399156276
			58.3752338662902	-32.6143399156276
			58.4155482543194	-32.6546543036568
			58.4558626423486	-32.6546543036568
			58.4961770303778	-32.6546543036568
			58.536491418407	-32.694968691686
			58.5768058064362	-32.694968691686
			58.6171201944654	-32.694968691686
			58.6171201944654	-32.7352830797152
			58.6574345824946	-32.7352830797152
			58.6977489705239	-32.7755974677444
			58.7380633585531	-32.7755974677444
			58.7783777465823	-32.7755974677444
			58.8186921346115	-32.8159118557736
			58.8590065226407	-32.8159118557736
			58.8993209106699	-32.8562262438028
			58.9396352986991	-32.8562262438028
			58.9799496867283	-32.8562262438028
			59.0202640747575	-32.896540631832
			59.0605784627867	-32.896540631832
			59.1008928508159	-32.9368550198613
			59.1412072388451	-32.9368550198613
			59.1815216268743	-32.9771694078905
			59.2218360149035	-32.9771694078905
			59.2621504029327	-32.9771694078905
			59.3024647909619	-33.0174837959197
			59.3427791789912	-33.0174837959197
			59.3830935670204	-33.0577981839489
			59.4234079550496	-33.0577981839489
			59.4637223430788	-33.0981125719781
			59.504036731108	-33.0981125719781
			59.504036731108	-33.1384269600073
			59.5443511191372	-33.1384269600073
			59.5846655071664	-33.1787413480365
			59.6249798951956	-33.1787413480365
			59.6652942832248	-33.2190557360657
			59.705608671254	-33.2190557360657
			59.7459230592832	-33.2593701240949
			59.7862374473124	-33.2996845121241
			59.8265518353416	-33.2996845121241
			59.8668662233708	-33.3399989001533
			59.9071806114	-33.3399989001533
			59.9474949994292	-33.3803132881825
			59.9878093874584	-33.3803132881825
			60.0281237754876	-33.4206276762117
			60.0684381635169	-33.4609420642409
			60.1087525515461	-33.5012564522701
			60.1490669395753	-33.5012564522701
			60.1893813276045	-33.5415708402993
			60.2296957156337	-33.5818852283286
			60.2700101036629	-33.5818852283286
			60.3103244916921	-33.6221996163578
			60.3506388797213	-33.662514004387
			60.3909532677505	-33.662514004387
			60.4312676557797	-33.7028283924162
			60.4715820438089	-33.7028283924162
			60.4715820438089	-33.7431427804454
			60.5118964318381	-33.7431427804454
			60.5522108198673	-33.7834571684746
			60.5925252078965	-33.8237715565038
			60.6328395959257	-33.8237715565038
			60.6328395959257	-33.864085944533
			60.6731539839549	-33.864085944533
			60.7134683719841	-33.9044003325622
			60.7537827600134	-33.9447147205914
			60.7940971480426	-33.9447147205914
			60.7940971480426	-33.9850291086206
			60.8344115360718	-33.9850291086206
			60.874725924101	-34.0253434966498
			60.9150403121302	-34.065657884679
			60.9553547001594	-34.065657884679
			60.9553547001594	-34.1059722727082
			60.9956690881886	-34.1462866607374
			61.0359834762178	-34.1462866607374
			61.076297864247	-34.1866010487666
			61.1166122522762	-34.2269154367958
			61.1569266403054	-34.2672298248251
			61.1972410283346	-34.3075442128543
			61.2375554163638	-34.3478586008835
			61.277869804393	-34.3478586008835
			61.3181841924222	-34.3881729889127
			61.3584985804514	-34.4284873769419
			61.3988129684806	-34.4688017649711
			61.4391273565099	-34.5091161530003
			61.4794417445391	-34.5494305410295
			61.5197561325683	-34.5494305410295
			61.5600705205975	-34.5897449290587
			61.6003849086267	-34.6300593170879
			61.6406992966559	-34.6703737051171
			61.6810136846851	-34.7106880931463
			61.7213280727143	-34.7510024811755
			61.7616424607435	-34.7913168692047
			61.8019568487727	-34.8316312572339
			61.8422712368019	-34.8719456452631
			61.8825856248311	-34.9122600332923
			61.9229000128603	-34.9122600332923
			61.9632144008895	-34.9525744213216
			62.0035287889187	-34.9928888093508
			62.0438431769479	-35.03320319738
			62.0841575649772	-35.0735175854092
			62.1244719530064	-35.1138319734384
			62.1647863410356	-35.1541463614676
			62.2051007290648	-35.1944607494968
			62.2051007290648	-35.234775137526
			62.245415117094	-35.2750895255552
			62.2857295051232	-35.3154039135844
			62.3260438931524	-35.3557183016136
			62.3663582811816	-35.3960326896428
			62.4066726692108	-35.436347077672
			62.44698705724	-35.4766614657012
			62.4873014452692	-35.5169758537304
			62.5276158332984	-35.5572902417596
			62.5679302213276	-35.5976046297888
			62.6082446093568	-35.6379190178181
			62.648558997386	-35.6782334058473
			62.6888733854152	-35.7185477938765
			62.7291877734444	-35.7588621819057
			62.7695021614737	-35.7991765699349
			62.7695021614737	-35.8394909579641
			62.8098165495029	-35.8394909579641
			62.8098165495029	-35.8798053459933
			62.8501309375321	-35.9201197340225
			62.8904453255613	-35.9201197340225
			62.8904453255613	-35.9604341220517
			62.9307597135905	-36.0007485100809
			62.9710741016197	-36.0410628981101
			63.0113884896489	-36.0813772861393
			63.0517028776781	-36.1216916741685
			63.0517028776781	-36.1620060621977
			63.0920172657073	-36.2023204502269
			63.1323316537365	-36.2426348382561
			63.1726460417657	-36.2426348382561
			63.1726460417657	-36.2829492262853
			63.2129604297949	-36.3232636143146
			63.2532748178241	-36.3635780023438
			63.2532748178241	-36.403892390373
			63.2935892058533	-36.4442067784022
			63.3339035938825	-36.4442067784022
			63.3339035938825	-36.4845211664314
			63.3742179819117	-36.5248355544606
			63.414532369941	-36.5651499424898
			63.4548467579702	-36.605464330519
			63.4548467579702	-36.6457787185482
			63.4951611459994	-36.6860931065774
			63.5354755340286	-36.6860931065774
			63.5354755340286	-36.7264074946066
			63.5757899220578	-36.7667218826358
			63.616104310087	-36.807036270665
			63.616104310087	-36.8473506586942
			63.6564186981162	-36.8876650467234
			63.6967330861454	-36.9279794347526
			63.7370474741746	-36.9682938227819
			63.7370474741746	-37.0086082108111
			63.7773618622038	-37.0086082108111
			63.817676250233	-37.0489225988403
			63.817676250233	-37.0892369868695
			63.8579906382622	-37.1295513748987
			63.8983050262914	-37.1698657629279
			63.8983050262914	-37.2101801509571
			63.9386194143206	-37.2504945389863
			63.9789338023498	-37.2908089270155
			64.019248190379	-37.3311233150447
			64.019248190379	-37.3714377030739
			64.0595625784082	-37.4117520911031
			64.0998769664374	-37.4520664791323
			64.1401913544667	-37.4923808671615
			64.1401913544667	-37.5326952551907
			64.1805057424959	-37.5730096432199
			64.2208201305251	-37.5730096432199
			64.2208201305251	-37.6133240312491
			64.2611345185543	-37.6536384192784
			64.2611345185543	-37.6939528073076
			64.3014489065835	-37.6939528073076
			64.3014489065835	-37.7342671953368
			64.3417632946127	-37.774581583366
			64.3820776826419	-37.8148959713952
			64.4223920706711	-37.8552103594244
			64.4223920706711	-37.8955247474536
			64.4627064587003	-37.9358391354828
			64.4627064587003	-37.976153523512
			64.5030208467295	-38.0164679115412
			64.5433352347587	-38.0567822995704
			64.5433352347587	-38.0970966875996
			64.5836496227879	-38.0970966875996
			64.5836496227879	-38.1374110756288
			64.6239640108171	-38.177725463658
			64.6642783988463	-38.2180398516872
			64.6642783988463	-38.2583542397164
			64.7045927868755	-38.2986686277456
			64.7045927868755	-38.3389830157749
			64.7449071749047	-38.3792974038041
			64.785221562934	-38.3792974038041
			64.785221562934	-38.4196117918333
			64.8255359509632	-38.4599261798625
			64.8255359509632	-38.5002405678917
			64.8658503389924	-38.5405549559209
			64.9061647270216	-38.5808693439501
			64.9061647270216	-38.6211837319793
			64.9464791150508	-38.6614981200085
			64.9464791150508	-38.7018125080377
			64.98679350308	-38.7018125080377
			65.0271078911092	-38.7421268960669
			65.0271078911092	-38.7824412840961
			65.0674222791384	-38.8227556721253
			65.0674222791384	-38.8630700601545
			65.1077366671676	-38.9033844481837
			65.1480510551968	-38.9436988362129
			65.1480510551968	-38.9840132242421
			65.188365443226	-39.0243276122713
			65.188365443226	-39.0646420003006
			65.2286798312552	-39.1049563883298
			65.2689942192844	-39.145270776359
			65.2689942192844	-39.1855851643882
			65.3093086073136	-39.1855851643882
			65.3093086073136	-39.2258995524174
			65.3496229953428	-39.2662139404466
			65.389937383372	-39.3065283284758
			65.389937383372	-39.346842716505
			65.4302517714012	-39.3871571045342
			65.4302517714012	-39.4274714925634
			65.4705661594304	-39.4677858805926
			65.5108805474597	-39.5081002686218
			65.5108805474597	-39.548414656651
			65.5511949354889	-39.5887290446802
			65.5511949354889	-39.6290434327094
			65.5915093235181	-39.6693578207386
			65.6318237115473	-39.7096722087679
			65.6318237115473	-39.7499865967971
			65.6721380995765	-39.7903009848263
			65.7124524876057	-39.8306153728555
			65.7124524876057	-39.8709297608847
			65.7527668756349	-39.9112441489139
			65.7527668756349	-39.9515585369431
			65.7930812636641	-39.9918729249723
			65.8333956516933	-40.0321873130015
			65.8333956516933	-40.0725017010307
			65.8737100397225	-40.1128160890599
			65.8737100397225	-40.1531304770891
			65.9140244277517	-40.1934448651183
			65.9543388157809	-40.2337592531475
			65.9543388157809	-40.2740736411767
			65.9946532038101	-40.3143880292059
			65.9946532038101	-40.3547024172351
			66.0349675918393	-40.3950168052644
			66.0752819798685	-40.4353311932936
			66.0752819798685	-40.4756455813228
			66.1155963678978	-40.515959969352
			66.1155963678978	-40.5562743573812
			66.155910755927	-40.5965887454104
			66.1962251439562	-40.6369031334396
			66.1962251439562	-40.6772175214688
			66.2365395319854	-40.717531909498
			66.2365395319854	-40.7578462975272
			66.2768539200146	-40.7981606855564
			66.3171683080438	-40.8384750735856
			66.3171683080438	-40.8787894616148
			66.357482696073	-40.919103849644
			66.357482696073	-40.9594182376732
			66.3977970841022	-40.9997326257024
			66.4381114721314	-41.0400470137317
			66.4381114721314	-41.0803614017609
			66.4784258601606	-41.1206757897901
			66.4784258601606	-41.1609901778193
			66.5187402481898	-41.2013045658485
			66.5187402481898	-41.2416189538777
			66.559054636219	-41.2819333419069
			66.559054636219	-41.3222477299361
			66.5993690242482	-41.3625621179653
			66.6396834122774	-41.4028765059945
			66.6396834122774	-41.4431908940237
			66.6799978003066	-41.4835052820529
			66.6799978003066	-41.5238196700821
			66.7203121883358	-41.5641340581113
			66.7203121883358	-41.6044484461405
			66.760626576365	-41.6447628341697
			66.760626576365	-41.6850772221989
			66.8009409643942	-41.7253916102282
			66.8009409643942	-41.7657059982574
			66.8412553524235	-41.8060203862866
			66.8412553524235	-41.8463347743158
			66.8815697404527	-41.886649162345
			66.9218841284819	-41.9269635503742
			66.9218841284819	-41.9672779384034
			66.9621985165111	-42.0075923264326
			66.9621985165111	-42.0479067144618
			67.0025129045403	-42.088221102491
			67.0025129045403	-42.1285354905202
			67.0428272925695	-42.1688498785494
			67.0428272925695	-42.2091642665786
			67.0831416805987	-42.2494786546078
			67.0831416805987	-42.289793042637
			67.1234560686279	-42.289793042637
			67.1234560686279	-42.3301074306662
			67.1234560686279	-42.3704218186954
			67.1637704566571	-42.4107362067246
			67.1637704566571	-42.4510505947539
			67.2040848446863	-42.4913649827831
			67.2443992327155	-42.5316793708123
			67.2443992327155	-42.5719937588415
			67.2847136207447	-42.6123081468707
			67.2847136207447	-42.6526225348999
			67.3250280087739	-42.6929369229291
			67.3250280087739	-42.7332513109583
			67.3653423968031	-42.7735656989875
			67.3653423968031	-42.8138800870167
			67.4056567848323	-42.8541944750459
			67.4056567848323	-42.8945088630751
			67.4459711728615	-42.9348232511043
			67.4459711728615	-42.9751376391335
			67.4862855608907	-43.0154520271627
			67.4862855608907	-43.0557664151919
			67.52659994892	-43.0960808032212
			67.52659994892	-43.1363951912504
			67.5669143369492	-43.1767095792796
			67.5669143369492	-43.2170239673088
			67.6072287249784	-43.257338355338
			67.6072287249784	-43.2976527433672
			67.6475431130076	-43.3379671313964
			67.6475431130076	-43.3782815194256
			67.6878575010368	-43.3782815194256
			67.6878575010368	-43.4185959074548
			67.6878575010368	-43.458910295484
			67.728171889066	-43.4992246835132
			67.728171889066	-43.5395390715424
			67.7684862770952	-43.5395390715424
			67.7684862770952	-43.5798534595716
			67.7684862770952	-43.6201678476008
			67.8088006651244	-43.66048223563
			67.8491150531536	-43.7007966236592
			67.8491150531536	-43.7411110116884
			67.8491150531536	-43.7814253997177
			67.8894294411828	-43.8217397877469
			67.8894294411828	-43.8620541757761
			67.929743829212	-43.9023685638053
			67.929743829212	-43.9426829518345
			67.9700582172412	-43.9829973398637
			68.0103726052704	-44.0233117278929
			68.0103726052704	-44.0636261159221
			68.0506869932996	-44.1039405039513
			68.0506869932996	-44.1442548919805
			68.0910013813288	-44.1845692800097
			68.0910013813288	-44.2248836680389
			68.131315769358	-44.2651980560681
			68.131315769358	-44.3055124440973
			68.131315769358	-44.3458268321265
			68.1716301573873	-44.3458268321265
			68.1716301573873	-44.3861412201557
			68.2119445454165	-44.426455608185
			68.2119445454165	-44.4667699962142
			68.2119445454165	-44.5070843842434
			68.2522589334457	-44.5070843842434
			68.2522589334457	-44.5473987722726
			68.2522589334457	-44.5877131603018
			68.2925733214749	-44.628027548331
			68.3328877095041	-44.6683419363602
			68.3328877095041	-44.7086563243894
			68.3732020975333	-44.7489707124186
			68.3732020975333	-44.7892851004478
			68.3732020975333	-44.829599488477
			68.4135164855625	-44.8699138765062
			68.4135164855625	-44.9102282645354
			68.4538308735917	-44.9102282645354
			68.4538308735917	-44.9505426525646
			68.4941452616209	-44.9908570405938
			68.4941452616209	-45.031171428623
			68.5344596496501	-45.0714858166522
			68.5344596496501	-45.1118002046815
			68.5747740376793	-45.1521145927107
			68.5747740376793	-45.1924289807399
			68.5747740376793	-45.2327433687691
			68.6150884257085	-45.2730577567983
			68.6554028137377	-45.3133721448275
			68.6554028137377	-45.3536865328567
			68.6957172017669	-45.3940009208859
			68.6957172017669	-45.4343153089151
			68.7360315897961	-45.4746296969443
			68.7360315897961	-45.5149440849735
			68.7763459778253	-45.5552584730027
			68.7763459778253	-45.5955728610319
			68.8166603658545	-45.6358872490611
			68.8166603658545	-45.6762016370903
			68.8166603658545	-45.7165160251195
			68.8569747538837	-45.7165160251195
			68.8569747538837	-45.7568304131487
			68.8569747538837	-45.797144801178
			68.8972891419129	-45.8374591892072
			68.8972891419129	-45.8777735772364
			68.9376035299422	-45.9180879652656
			68.9779179179714	-45.9584023532948
			68.9779179179714	-45.998716741324
			69.0182323060006	-46.0390311293532
			69.0182323060006	-46.0793455173824
			69.0182323060006	-46.1196599054116
			69.0585466940298	-46.1599742934408
			69.0585466940298	-46.20028868147
			69.098861082059	-46.2406030694992
			69.1391754700882	-46.2809174575284
			69.1391754700882	-46.3212318455576
			69.1794898581174	-46.3615462335868
			69.1794898581174	-46.401860621616
			69.1794898581174	-46.4421750096452
			69.2198042461466	-46.4824893976744
			69.2198042461466	-46.5228037857037
			69.2601186341758	-46.5631181737329
			69.2601186341758	-46.6034325617621
			69.300433022205	-46.6437469497913
			69.300433022205	-46.6840613378205
			69.3407474102342	-46.7243757258497
			69.3407474102342	-46.7646901138789
			69.3810617982634	-46.8050045019081
			69.3810617982634	-46.8453188899373
			69.4213761862926	-46.8856332779665
			69.4213761862926	-46.9259476659957
			69.4213761862926	-46.9662620540249
			69.4616905743218	-46.9662620540249
			69.4616905743218	-47.0065764420541
			69.5020049623511	-47.0468908300833
			69.5020049623511	-47.0872052181125
			69.5020049623511	-47.1275196061417
			69.5423193503803	-47.167833994171
			69.5423193503803	-47.2081483822002
			69.5826337384095	-47.2081483822002
			69.5826337384095	-47.2484627702294
			69.6229481264387	-47.2887771582586
			69.6229481264387	-47.3290915462878
			69.6229481264387	-47.369405934317
			69.6632625144679	-47.4097203223462
			69.6632625144679	-47.4500347103754
			69.7035769024971	-47.4500347103754
			69.7035769024971	-47.4903490984046
			69.7035769024971	-47.5306634864338
			69.7438912905263	-47.570977874463
			69.7438912905263	-47.6112922624922
			69.7842056785555	-47.6516066505214
			69.7842056785555	-47.6919210385506
			69.8245200665847	-47.7322354265798
			69.8245200665847	-47.772549814609
			69.8648344546139	-47.8128642026382
			69.8648344546139	-47.8531785906675
			69.9051488426431	-47.8934929786967
			69.9051488426431	-47.9338073667259
			69.9454632306723	-47.9741217547551
			69.9454632306723	-48.0144361427843
			69.9857776187015	-48.0547505308135
			69.9857776187015	-48.0950649188427
			69.9857776187015	-48.1353793068719
			70.0260920067307	-48.1756936949011
			70.0260920067307	-48.2160080829303
			70.0664063947599	-48.2563224709595
			70.0664063947599	-48.2966368589887
			70.1067207827891	-48.3369512470179
			70.1067207827891	-48.3772656350471
			70.1470351708183	-48.4175800230763
			70.1470351708183	-48.4578944111055
			70.1470351708183	-48.4982087991348
			70.1873495588475	-48.538523187164
			70.1873495588475	-48.5788375751932
			70.2276639468767	-48.6191519632224
			70.2276639468767	-48.6594663512516
			70.267978334906	-48.6997807392808
			70.267978334906	-48.74009512731
			70.3082927229352	-48.74009512731
			70.3082927229352	-48.7804095153392
			70.3082927229352	-48.8207239033684
			70.3486071109644	-48.8610382913976
			70.3486071109644	-48.9013526794268
			70.3889214989936	-48.941667067456
			70.3889214989936	-48.9819814554852
			70.3889214989936	-49.0222958435144
			70.4292358870228	-49.0626102315436
			70.4292358870228	-49.1029246195728
			70.469550275052	-49.143239007602
			70.469550275052	-49.1835533956313
			70.5098646630812	-49.2238677836605
			70.5098646630812	-49.2641821716897
			70.5501790511104	-49.3044965597189
			70.5501790511104	-49.3448109477481
			70.5501790511104	-49.3851253357773
			70.5904934391396	-49.3851253357773
			70.5904934391396	-49.4254397238065
			70.5904934391396	-49.4657541118357
			70.6308078271688	-49.4657541118357
			70.6308078271688	-49.5060684998649
			70.6308078271688	-49.5463828878941
			70.671122215198	-49.5866972759233
			70.671122215198	-49.6270116639525
			70.7114366032272	-49.6673260519817
			70.7114366032272	-49.7076404400109
			70.7114366032272	-49.7479548280401
			70.7517509912564	-49.7882692160693
			70.7517509912564	-49.8285836040985
			70.7920653792856	-49.8688979921277
			70.7920653792856	-49.909212380157
			70.8323797673148	-49.9495267681862
			70.8323797673148	-49.9898411562154
			70.8323797673148	-50.0301555442446
			70.872694155344	-50.0704699322738
			70.9130085433733	-50.110784320303
			70.9130085433733	-50.1510987083322
			70.9130085433733	-50.1914130963614
			70.9533229314025	-50.2317274843906
			70.9533229314025	-50.2720418724198
			70.9936373194317	-50.312356260449
			70.9936373194317	-50.3526706484782
			70.9936373194317	-50.3929850365074
			71.0339517074609	-50.3929850365074
			71.0339517074609	-50.4332994245366
			71.0339517074609	-50.4736138125658
			71.0742660954901	-50.513928200595
			71.0742660954901	-50.5542425886243
			71.1145804835193	-50.5945569766535
			71.1145804835193	-50.6348713646827
			71.1145804835193	-50.6751857527119
			71.1548948715485	-50.7155001407411
			71.1548948715485	-50.7558145287703
			71.1952092595777	-50.7961289167995
			71.1952092595777	-50.8364433048287
			71.2355236476069	-50.8767576928579
			71.2355236476069	-50.9170720808871
			71.2355236476069	-50.9573864689163
			71.2758380356361	-50.9977008569455
			71.2758380356361	-51.0380152449747
			71.3161524236653	-51.0783296330039
			71.3161524236653	-51.1186440210331
			71.3161524236653	-51.1589584090623
			71.3564668116945	-51.1992727970915
			71.3564668116945	-51.2395871851208
			71.3967811997237	-51.27990157315
			71.3967811997237	-51.3202159611792
		</c1>
		<c2 type=matrix rownames=FALSE colnames=FALSE nrow=1104 ncol=2 as.numeric=TRUE >
			71.3967811997237	-51.3202159611792
			71.3564668116945	-51.3202159611792
			71.3161524236653	-51.3605303492084
			71.2758380356361	-51.3605303492084
			71.2355236476069	-51.3605303492084
			71.1952092595777	-51.3605303492084
			71.1548948715485	-51.4008447372376
			71.1145804835193	-51.4008447372376
			71.0742660954901	-51.4008447372376
			71.0339517074609	-51.4008447372376
			70.9936373194317	-51.4008447372376
			70.9533229314025	-51.4008447372376
			70.9130085433733	-51.4008447372376
			70.872694155344	-51.4008447372376
			70.8323797673148	-51.4008447372376
			70.7920653792856	-51.4008447372376
			70.7517509912564	-51.4008447372376
			70.7114366032272	-51.4008447372376
			70.671122215198	-51.4008447372376
			70.6308078271688	-51.4008447372376
			70.5904934391396	-51.4008447372376
			70.5501790511104	-51.4008447372376
			70.5098646630812	-51.4008447372376
			70.469550275052	-51.4008447372376
			70.4292358870228	-51.4008447372376
			70.3889214989936	-51.4008447372376
			70.3486071109644	-51.4008447372376
			70.3082927229352	-51.4008447372376
			70.267978334906	-51.3605303492084
			70.2276639468767	-51.3605303492084
			70.1873495588475	-51.3605303492084
			70.1470351708183	-51.3605303492084
			70.1067207827891	-51.3605303492084
			70.0664063947599	-51.3605303492084
			70.0260920067307	-51.3605303492084
			69.9857776187015	-51.3605303492084
			69.9454632306723	-51.3605303492084
			69.9051488426431	-51.3202159611792
			69.8648344546139	-51.3202159611792
			69.8245200665847	-51.3202159611792
			69.7842056785555	-51.3202159611792
			69.7438912905263	-51.3202159611792
			69.7035769024971	-51.3202159611792
			69.6632625144679	-51.3202159611792
			69.6229481264387	-51.3202159611792
			69.5826337384095	-51.27990157315
			69.5423193503803	-51.27990157315
			69.5020049623511	-51.27990157315
			69.4616905743218	-51.27990157315
			69.4213761862926	-51.27990157315
			69.3810617982634	-51.27990157315
			69.3407474102342	-51.2395871851208
			69.300433022205	-51.2395871851208
			69.2601186341758	-51.2395871851208
			69.2198042461466	-51.2395871851208
			69.1794898581174	-51.2395871851208
			69.1391754700882	-51.1992727970915
			69.098861082059	-51.1992727970915
			69.0585466940298	-51.1992727970915
			69.0182323060006	-51.1992727970915
			68.9779179179714	-51.1992727970915
			68.9376035299422	-51.1589584090623
			68.8972891419129	-51.1589584090623
			68.8569747538837	-51.1589584090623
			68.8166603658545	-51.1589584090623
			68.7763459778253	-51.1589584090623
			68.7360315897961	-51.1589584090623
			68.6957172017669	-51.1186440210331
			68.6554028137377	-51.1186440210331
			68.6150884257085	-51.1186440210331
			68.5747740376793	-51.1186440210331
			68.5344596496501	-51.1186440210331
			68.4941452616209	-51.0783296330039
			68.4538308735917	-51.0783296330039
			68.4135164855625	-51.0783296330039
			68.3732020975333	-51.0783296330039
			68.3328877095041	-51.0783296330039
			68.3328877095041	-51.0380152449747
			68.2925733214749	-51.0380152449747
			68.2522589334457	-51.0380152449747
			68.2119445454165	-51.0380152449747
			68.1716301573873	-51.0380152449747
			68.131315769358	-50.9977008569455
			68.0910013813288	-50.9977008569455
			68.0506869932996	-50.9977008569455
			68.0103726052704	-50.9977008569455
			67.9700582172412	-50.9977008569455
			67.929743829212	-50.9573864689163
			67.8894294411828	-50.9573864689163
			67.8491150531536	-50.9573864689163
			67.8088006651244	-50.9573864689163
			67.7684862770952	-50.9170720808871
			67.728171889066	-50.9170720808871
			67.6878575010368	-50.9170720808871
			67.6475431130076	-50.9170720808871
			67.6072287249784	-50.9170720808871
			67.5669143369492	-50.8767576928579
			67.52659994892	-50.8767576928579
			67.4862855608907	-50.8767576928579
			67.4459711728615	-50.8767576928579
			67.4056567848323	-50.8364433048287
			67.3653423968031	-50.8364433048287
			67.3250280087739	-50.8364433048287
			67.2847136207447	-50.8364433048287
			67.2443992327155	-50.7961289167995
			67.2040848446863	-50.7961289167995
			67.1637704566571	-50.7961289167995
			67.1234560686279	-50.7961289167995
			67.0831416805987	-50.7558145287703
			67.0428272925695	-50.7558145287703
			67.0025129045403	-50.7558145287703
			66.9621985165111	-50.7558145287703
			66.9218841284819	-50.7961289167995
			66.8815697404527	-50.7961289167995
			66.8412553524235	-50.7961289167995
			66.8009409643942	-50.7961289167995
			66.760626576365	-50.7961289167995
			66.7203121883358	-50.8364433048287
			66.6799978003066	-50.8364433048287
			66.6396834122774	-50.8364433048287
			66.5993690242482	-50.8364433048287
			66.559054636219	-50.8364433048287
			66.559054636219	-50.8767576928579
			66.5187402481898	-50.8767576928579
			66.4784258601606	-50.8767576928579
			66.4381114721314	-50.8767576928579
			66.3977970841022	-50.8767576928579
			66.357482696073	-50.8767576928579
			66.3171683080438	-50.9170720808871
			66.2768539200146	-50.9170720808871
			66.2365395319854	-50.9170720808871
			66.1962251439562	-50.9170720808871
			66.155910755927	-50.9170720808871
			66.1155963678978	-50.9170720808871
			66.0752819798685	-50.9170720808871
			66.0349675918393	-50.9170720808871
			65.9946532038101	-50.9170720808871
			65.9543388157809	-50.9573864689163
			65.9140244277517	-50.9573864689163
			65.8737100397225	-50.9573864689163
			65.8333956516933	-50.9573864689163
			65.7930812636641	-50.9573864689163
			65.7527668756349	-50.9573864689163
			65.7124524876057	-50.9573864689163
			65.6721380995765	-50.9573864689163
			65.6318237115473	-50.9573864689163
			65.5915093235181	-50.9573864689163
			65.5511949354889	-50.9573864689163
			65.5108805474597	-50.9573864689163
			65.4705661594304	-50.9573864689163
			65.4302517714012	-50.9573864689163
			65.389937383372	-50.9573864689163
			65.3496229953428	-50.9573864689163
			65.3093086073136	-50.9573864689163
			65.2689942192844	-50.9573864689163
			65.2286798312552	-50.9573864689163
			65.188365443226	-50.9573864689163
			65.1480510551968	-50.9170720808871
			65.1077366671676	-50.9170720808871
			65.0674222791384	-50.9170720808871
			65.0271078911092	-50.9170720808871
			64.98679350308	-50.9170720808871
			64.9464791150508	-50.9170720808871
			64.9061647270216	-50.9170720808871
			64.8658503389924	-50.9170720808871
			64.8658503389924	-50.8767576928579
			64.8255359509632	-50.8767576928579
			64.785221562934	-50.8767576928579
			64.7449071749047	-50.8767576928579
			64.7045927868755	-50.8767576928579
			64.6642783988463	-50.8767576928579
			64.6239640108171	-50.8364433048287
			64.5836496227879	-50.8364433048287
			64.5433352347587	-50.8364433048287
			64.5030208467295	-50.8364433048287
			64.4627064587003	-50.7961289167995
			64.4223920706711	-50.7961289167995
			64.3820776826419	-50.7961289167995
			64.3417632946127	-50.7558145287703
			64.3014489065835	-50.7558145287703
			64.2611345185543	-50.7558145287703
			64.2208201305251	-50.7155001407411
			64.1805057424959	-50.7155001407411
			64.1401913544667	-50.7155001407411
			64.0998769664374	-50.6751857527119
			64.0595625784082	-50.6751857527119
			64.019248190379	-50.6751857527119
			63.9789338023498	-50.6348713646827
			63.9386194143206	-50.6348713646827
			63.8983050262914	-50.5945569766535
			63.8579906382622	-50.5945569766535
			63.817676250233	-50.5542425886243
			63.7773618622038	-50.5542425886243
			63.7370474741746	-50.5542425886243
			63.6967330861454	-50.5542425886243
			63.6564186981162	-50.5542425886243
			63.616104310087	-50.5542425886243
			63.5757899220578	-50.5542425886243
			63.5354755340286	-50.5945569766535
			63.4951611459994	-50.5945569766535
			63.4548467579702	-50.5945569766535
			63.414532369941	-50.5945569766535
			63.3742179819117	-50.5945569766535
			63.3339035938825	-50.5945569766535
			63.2935892058533	-50.5945569766535
			63.2532748178241	-50.5945569766535
			63.2129604297949	-50.5945569766535
			63.1726460417657	-50.5945569766535
			63.1323316537365	-50.5945569766535
			63.0920172657073	-50.5945569766535
			63.0517028776781	-50.6348713646827
			63.0113884896489	-50.6348713646827
			62.9710741016197	-50.6348713646827
			62.9307597135905	-50.6348713646827
			62.8904453255613	-50.6348713646827
			62.8501309375321	-50.6348713646827
			62.8098165495029	-50.6348713646827
			62.7695021614737	-50.6348713646827
			62.7291877734444	-50.6348713646827
			62.6888733854152	-50.6348713646827
			62.648558997386	-50.6348713646827
			62.6082446093568	-50.6348713646827
			62.5679302213276	-50.6348713646827
			62.5276158332984	-50.6348713646827
			62.4873014452692	-50.6348713646827
			62.44698705724	-50.6348713646827
			62.4066726692108	-50.6348713646827
			62.3663582811816	-50.6348713646827
			62.3260438931524	-50.6348713646827
			62.2857295051232	-50.6348713646827
			62.245415117094	-50.6348713646827
			62.2051007290648	-50.6348713646827
			62.1647863410356	-50.6348713646827
			62.1244719530064	-50.6348713646827
			62.0841575649772	-50.6751857527119
			62.0438431769479	-50.6751857527119
			62.0035287889187	-50.6751857527119
			61.9632144008895	-50.6751857527119
			61.9229000128603	-50.6751857527119
			61.8825856248311	-50.6751857527119
			61.8422712368019	-50.6751857527119
			61.8019568487727	-50.6751857527119
			61.7616424607435	-50.6751857527119
			61.7213280727143	-50.6751857527119
			61.6810136846851	-50.6751857527119
			61.6406992966559	-50.6751857527119
			61.6003849086267	-50.6751857527119
			61.5600705205975	-50.6751857527119
			61.5197561325683	-50.6751857527119
			61.4794417445391	-50.6751857527119
			61.4391273565099	-50.6348713646827
			61.3988129684806	-50.6348713646827
			61.3584985804514	-50.6348713646827
			61.3181841924222	-50.6348713646827
			61.277869804393	-50.6348713646827
			61.2375554163638	-50.6348713646827
			61.1972410283346	-50.6348713646827
			61.1569266403054	-50.6348713646827
			61.1166122522762	-50.6348713646827
			61.076297864247	-50.6348713646827
			61.0359834762178	-50.6348713646827
			60.9956690881886	-50.6348713646827
			60.9553547001594	-50.6348713646827
			60.9150403121302	-50.6348713646827
			60.874725924101	-50.6348713646827
			60.8344115360718	-50.6348713646827
			60.7940971480426	-50.6348713646827
			60.7537827600134	-50.6348713646827
			60.7134683719841	-50.6348713646827
			60.6731539839549	-50.6348713646827
			60.6328395959257	-50.6348713646827
			60.5925252078965	-50.5945569766535
			60.5522108198673	-50.5945569766535
			60.5118964318381	-50.5945569766535
			60.4715820438089	-50.5945569766535
			60.4312676557797	-50.5945569766535
			60.3909532677505	-50.5945569766535
			60.3506388797213	-50.5945569766535
			60.3103244916921	-50.5945569766535
			60.2700101036629	-50.5945569766535
			60.2296957156337	-50.5945569766535
			60.1893813276045	-50.5542425886243
			60.1490669395753	-50.5542425886243
			60.1087525515461	-50.5542425886243
			60.0684381635169	-50.5542425886243
			60.0281237754876	-50.5542425886243
			59.9878093874584	-50.5542425886243
			59.9474949994292	-50.5542425886243
			59.9071806114	-50.5542425886243
			59.8668662233708	-50.5542425886243
			59.8668662233708	-50.513928200595
			59.8265518353416	-50.513928200595
			59.7862374473124	-50.513928200595
			59.7459230592832	-50.513928200595
			59.705608671254	-50.513928200595
			59.6652942832248	-50.513928200595
			59.6249798951956	-50.513928200595
			59.5846655071664	-50.4736138125658
			59.5443511191372	-50.4736138125658
			59.504036731108	-50.4736138125658
			59.4637223430788	-50.4736138125658
			59.4234079550496	-50.4736138125658
			59.3830935670204	-50.4332994245366
			59.3427791789912	-50.4332994245366
			59.3024647909619	-50.4332994245366
			59.2621504029327	-50.4332994245366
			59.2218360149035	-50.4332994245366
			59.1815216268743	-50.3929850365074
			59.1412072388451	-50.3929850365074
			59.1008928508159	-50.3929850365074
			59.0605784627867	-50.3929850365074
			59.0202640747575	-50.3929850365074
			58.9799496867283	-50.3526706484782
			58.9396352986991	-50.3526706484782
			58.8993209106699	-50.3526706484782
			58.8590065226407	-50.3526706484782
			58.8186921346115	-50.3526706484782
			58.7783777465823	-50.3526706484782
			58.7380633585531	-50.3526706484782
			58.6977489705239	-50.3526706484782
			58.6574345824946	-50.3526706484782
			58.6171201944654	-50.3526706484782
			58.5768058064362	-50.3526706484782
			58.536491418407	-50.3526706484782
			58.4961770303778	-50.3526706484782
			58.4558626423486	-50.3526706484782
			58.4155482543194	-50.3526706484782
			58.3752338662902	-50.3526706484782
			58.334919478261	-50.3526706484782
			58.2946050902318	-50.3526706484782
			58.2542907022026	-50.3526706484782
			58.2139763141734	-50.3526706484782
			58.1736619261442	-50.3526706484782
			58.133347538115	-50.3526706484782
			58.0930331500858	-50.3526706484782
			58.0527187620566	-50.3526706484782
			58.0124043740274	-50.3526706484782
			57.9720899859981	-50.3526706484782
			57.9317755979689	-50.3526706484782
			57.8914612099397	-50.3526706484782
			57.8511468219105	-50.3526706484782
			57.8108324338813	-50.3526706484782
			57.7705180458521	-50.3526706484782
			57.7302036578229	-50.3526706484782
			57.6898892697937	-50.3526706484782
			57.6495748817645	-50.3526706484782
			57.6092604937353	-50.3526706484782
			57.5689461057061	-50.3526706484782
			57.5286317176769	-50.3526706484782
			57.4883173296477	-50.3526706484782
			57.4480029416185	-50.3526706484782
			57.4076885535893	-50.3526706484782
			57.3673741655601	-50.3526706484782
			57.3270597775308	-50.3526706484782
			57.2867453895016	-50.3526706484782
			57.2464310014724	-50.3526706484782
			57.2061166134432	-50.3526706484782
			57.165802225414	-50.3526706484782
			57.1254878373848	-50.3526706484782
			57.0851734493556	-50.3526706484782
			57.0448590613264	-50.3526706484782
			57.0045446732972	-50.3526706484782
			56.964230285268	-50.3526706484782
			56.9239158972388	-50.3526706484782
			56.8836015092096	-50.3526706484782
			56.8432871211804	-50.3526706484782
			56.8029727331512	-50.3526706484782
			56.762658345122	-50.3526706484782
			56.7223439570928	-50.3526706484782
			56.6820295690636	-50.3526706484782
			56.6417151810343	-50.3526706484782
			56.6014007930051	-50.3526706484782
			56.5610864049759	-50.3526706484782
			56.5207720169467	-50.3526706484782
			56.4804576289175	-50.3526706484782
			56.4401432408883	-50.3526706484782
			56.3998288528591	-50.3526706484782
			56.3595144648299	-50.3526706484782
			56.3192000768007	-50.3526706484782
			56.2788856887715	-50.3526706484782
			56.2385713007423	-50.3526706484782
			56.1982569127131	-50.3526706484782
			56.1579425246839	-50.3526706484782
			56.1176281366547	-50.3526706484782
			56.0773137486255	-50.3526706484782
			56.0369993605963	-50.3526706484782
			55.9966849725671	-50.3526706484782
			55.9563705845379	-50.3526706484782
			55.9160561965086	-50.3526706484782
			55.8757418084794	-50.3526706484782
			55.8354274204502	-50.3526706484782
			55.795113032421	-50.3526706484782
			55.7547986443918	-50.3526706484782
			55.7144842563626	-50.3526706484782
			55.6741698683334	-50.3526706484782
			55.6338554803042	-50.3526706484782
			55.593541092275	-50.3526706484782
			55.5532267042458	-50.3526706484782
			55.5129123162166	-50.3526706484782
			55.4725979281874	-50.3526706484782
			55.4322835401582	-50.3526706484782
			55.391969152129	-50.3526706484782
			55.3516547640998	-50.3526706484782
			55.3113403760706	-50.3526706484782
			55.2710259880413	-50.3526706484782
			55.2307116000121	-50.3526706484782
			55.1903972119829	-50.3526706484782
			55.1500828239537	-50.3526706484782
			55.1097684359245	-50.3526706484782
			55.0694540478953	-50.3526706484782
			55.0291396598661	-50.3526706484782
			54.9888252718369	-50.3526706484782
			54.9485108838077	-50.3526706484782
			54.9081964957785	-50.3526706484782
			54.8678821077493	-50.3526706484782
			54.8275677197201	-50.3526706484782
			54.7872533316909	-50.3526706484782
			54.7469389436617	-50.3526706484782
			54.7066245556325	-50.3526706484782
			54.6663101676033	-50.3526706484782
			54.6259957795741	-50.3526706484782
			54.5856813915448	-50.3929850365074
			54.5453670035156	-50.3929850365074
			54.5050526154864	-50.3929850365074
			54.4647382274572	-50.3929850365074
			54.424423839428	-50.3929850365074
			54.3841094513988	-50.3929850365074
			54.3437950633696	-50.3929850365074
			54.3034806753404	-50.3929850365074
			54.2631662873112	-50.3929850365074
			54.222851899282	-50.3929850365074
			54.1825375112528	-50.3929850365074
			54.1422231232236	-50.3929850365074
			54.1019087351944	-50.3929850365074
			54.0615943471652	-50.3929850365074
			54.021279959136	-50.3929850365074
			53.9809655711068	-50.3929850365074
			53.9406511830775	-50.3929850365074
			53.9003367950483	-50.3929850365074
			53.8600224070191	-50.3929850365074
			53.8197080189899	-50.3929850365074
			53.7793936309607	-50.3929850365074
			53.7390792429315	-50.3929850365074
			53.6987648549023	-50.3929850365074
			53.6584504668731	-50.3929850365074
			53.6181360788439	-50.3929850365074
			53.5778216908147	-50.3929850365074
			53.5375073027855	-50.3929850365074
			53.4971929147563	-50.3929850365074
			53.4568785267271	-50.3929850365074
			53.4165641386979	-50.3929850365074
			53.3762497506687	-50.3929850365074
			53.3359353626395	-50.3929850365074
			53.2956209746103	-50.3929850365074
			53.255306586581	-50.3929850365074
			53.2149921985518	-50.3929850365074
			53.1746778105226	-50.3929850365074
			53.1343634224934	-50.3929850365074
			53.0940490344642	-50.3929850365074
			53.053734646435	-50.3929850365074
			53.0134202584058	-50.3929850365074
			52.9731058703766	-50.3929850365074
			52.9327914823474	-50.3929850365074
			52.8924770943182	-50.3929850365074
			52.852162706289	-50.4332994245366
			52.8118483182598	-50.4332994245366
			52.7715339302306	-50.4332994245366
			52.7312195422014	-50.4332994245366
			52.6909051541722	-50.4332994245366
			52.650590766143	-50.4332994245366
			52.6102763781138	-50.4332994245366
			52.5699619900846	-50.4332994245366
			52.5296476020553	-50.4332994245366
			52.4893332140261	-50.4332994245366
			52.4490188259969	-50.4332994245366
			52.4087044379677	-50.4332994245366
			52.3683900499385	-50.4332994245366
			52.3280756619093	-50.4332994245366
			52.2877612738801	-50.4332994245366
			52.2474468858509	-50.4332994245366
			52.2071324978217	-50.4332994245366
			52.1668181097925	-50.4332994245366
			52.1265037217633	-50.4332994245366
			52.0861893337341	-50.4332994245366
			52.0458749457049	-50.4332994245366
			52.0055605576757	-50.4332994245366
			51.9652461696465	-50.4332994245366
			51.9249317816173	-50.4332994245366
			51.8846173935881	-50.4332994245366
			51.8443030055588	-50.4332994245366
			51.8039886175296	-50.4332994245366
			51.7636742295004	-50.4332994245366
			51.7233598414712	-50.4332994245366
			51.683045453442	-50.4332994245366
			51.6427310654128	-50.4332994245366
			51.6024166773836	-50.4332994245366
			51.5621022893544	-50.4332994245366
			51.5217879013252	-50.4332994245366
			51.481473513296	-50.4736138125658
			51.4411591252668	-50.4736138125658
			51.4008447372376	-50.4736138125658
			51.3605303492084	-50.4736138125658
			51.3202159611792	-50.4736138125658
			51.27990157315	-50.4736138125658
			51.2395871851208	-50.4736138125658
			51.1992727970915	-50.4736138125658
			51.1589584090623	-50.4736138125658
			51.1186440210331	-50.4736138125658
			51.0783296330039	-50.4736138125658
			51.0380152449747	-50.4736138125658
			50.9977008569455	-50.4736138125658
			50.9573864689163	-50.4736138125658
			50.9170720808871	-50.4736138125658
			50.8767576928579	-50.4736138125658
			50.8364433048287	-50.4736138125658
			50.7961289167995	-50.4736138125658
			50.7558145287703	-50.4736138125658
			50.7155001407411	-50.4736138125658
			50.6751857527119	-50.4736138125658
			50.6348713646827	-50.4736138125658
			50.5945569766535	-50.4736138125658
			50.5542425886243	-50.4736138125658
			50.513928200595	-50.4736138125658
			50.4736138125658	-50.4736138125658
			50.4332994245366	-50.4736138125658
			50.3929850365074	-50.4736138125658
			50.3526706484782	-50.4736138125658
			50.312356260449	-50.4736138125658
			50.2720418724198	-50.4736138125658
			50.2317274843906	-50.513928200595
			50.1914130963614	-50.513928200595
			50.1510987083322	-50.513928200595
			50.110784320303	-50.513928200595
			50.0704699322738	-50.513928200595
			50.0301555442446	-50.513928200595
			49.9898411562154	-50.513928200595
			49.9495267681862	-50.513928200595
			49.909212380157	-50.513928200595
			49.8688979921277	-50.513928200595
			49.8285836040985	-50.513928200595
			49.7882692160693	-50.513928200595
			49.7479548280401	-50.513928200595
			49.7076404400109	-50.513928200595
			49.6673260519817	-50.513928200595
			49.6270116639525	-50.513928200595
			49.5866972759233	-50.513928200595
			49.5463828878941	-50.513928200595
			49.5060684998649	-50.513928200595
			49.4657541118357	-50.513928200595
			49.4254397238065	-50.513928200595
			49.3851253357773	-50.513928200595
			49.3448109477481	-50.513928200595
			49.3044965597189	-50.513928200595
			49.2641821716897	-50.513928200595
			49.2238677836605	-50.513928200595
			49.1835533956313	-50.513928200595
			49.143239007602	-50.513928200595
			49.1029246195728	-50.513928200595
			49.0626102315436	-50.5542425886243
			49.0222958435144	-50.5542425886243
			48.9819814554852	-50.5542425886243
			48.941667067456	-50.5542425886243
			48.9013526794268	-50.5542425886243
			48.8610382913976	-50.5542425886243
			48.8207239033684	-50.5542425886243
			48.7804095153392	-50.5542425886243
			48.74009512731	-50.5542425886243
			48.6997807392808	-50.5542425886243
			48.6594663512516	-50.5542425886243
			48.6191519632224	-50.5542425886243
			48.5788375751932	-50.5542425886243
			48.538523187164	-50.5542425886243
			48.4982087991348	-50.5542425886243
			48.4578944111055	-50.5542425886243
			48.4175800230763	-50.5542425886243
			48.3772656350471	-50.5542425886243
			48.3369512470179	-50.5542425886243
			48.2966368589887	-50.5542425886243
			48.2563224709595	-50.5542425886243
			48.2160080829303	-50.5542425886243
			48.1756936949011	-50.5542425886243
			48.1353793068719	-50.5542425886243
			48.0950649188427	-50.5542425886243
			48.0547505308135	-50.5542425886243
			48.0144361427843	-50.5542425886243
			47.9741217547551	-50.5945569766535
			47.9338073667259	-50.5945569766535
			47.8934929786967	-50.5945569766535
			47.8531785906675	-50.5945569766535
			47.8128642026382	-50.5945569766535
			47.772549814609	-50.5945569766535
			47.7322354265798	-50.5945569766535
			47.6919210385506	-50.5945569766535
			47.6516066505214	-50.5945569766535
			47.6112922624922	-50.5945569766535
			47.570977874463	-50.5945569766535
			47.5306634864338	-50.5945569766535
			47.4903490984046	-50.5945569766535
			47.4500347103754	-50.5945569766535
			47.4097203223462	-50.5945569766535
			47.369405934317	-50.5945569766535
			47.3290915462878	-50.5945569766535
			47.2887771582586	-50.5945569766535
			47.2484627702294	-50.5945569766535
			47.2081483822002	-50.5945569766535
			47.167833994171	-50.5945569766535
			47.1275196061417	-50.5945569766535
			47.0872052181125	-50.5945569766535
			47.0468908300833	-50.5945569766535
			47.0065764420541	-50.5945569766535
			46.9662620540249	-50.6348713646827
			46.9259476659957	-50.6348713646827
			46.8856332779665	-50.6348713646827
			46.8453188899373	-50.6348713646827
			46.8050045019081	-50.6348713646827
			46.7646901138789	-50.6348713646827
			46.7243757258497	-50.6348713646827
			46.6840613378205	-50.6348713646827
			46.6437469497913	-50.6348713646827
			46.6034325617621	-50.6348713646827
			46.5631181737329	-50.6348713646827
			46.5228037857037	-50.6348713646827
			46.4824893976744	-50.6348713646827
			46.4421750096452	-50.6348713646827
			46.401860621616	-50.6348713646827
			46.3615462335868	-50.6348713646827
			46.3212318455576	-50.6348713646827
			46.2809174575284	-50.6348713646827
			46.2406030694992	-50.6348713646827
			46.20028868147	-50.6348713646827
			46.1599742934408	-50.6348713646827
			46.1196599054116	-50.6348713646827
			46.0793455173824	-50.6348713646827
			46.0390311293532	-50.6348713646827
			45.998716741324	-50.6348713646827
			45.9584023532948	-50.6751857527119
			45.9180879652656	-50.6751857527119
			45.8777735772364	-50.6751857527119
			45.8374591892072	-50.6751857527119
			45.797144801178	-50.6751857527119
			45.7568304131487	-50.6751857527119
			45.7165160251195	-50.6751857527119
			45.6762016370903	-50.6751857527119
			45.6358872490611	-50.6751857527119
			45.5955728610319	-50.6751857527119
			45.5552584730027	-50.6751857527119
			45.5149440849735	-50.6751857527119
			45.4746296969443	-50.6751857527119
			45.4343153089151	-50.6751857527119
			45.3940009208859	-50.6751857527119
			45.3536865328567	-50.6751857527119
			45.3133721448275	-50.6751857527119
			45.2730577567983	-50.6751857527119
			45.2327433687691	-50.6751857527119
			45.1924289807399	-50.6751857527119
			45.1521145927107	-50.6751857527119
			45.1118002046815	-50.6751857527119
			45.0714858166522	-50.6751857527119
			45.031171428623	-50.7155001407411
			44.9908570405938	-50.7155001407411
			44.9505426525646	-50.7155001407411
			44.9102282645354	-50.7155001407411
			44.8699138765062	-50.7155001407411
			44.829599488477	-50.7155001407411
			44.7892851004478	-50.7155001407411
			44.7489707124186	-50.7155001407411
			44.7086563243894	-50.7155001407411
			44.6683419363602	-50.7155001407411
			44.628027548331	-50.7155001407411
			44.5877131603018	-50.7155001407411
			44.5473987722726	-50.7155001407411
			44.5070843842434	-50.7155001407411
			44.4667699962142	-50.7155001407411
			44.426455608185	-50.7155001407411
			44.3861412201557	-50.7155001407411
			44.3458268321265	-50.7155001407411
			44.3055124440973	-50.7155001407411
			44.2651980560681	-50.7155001407411
			44.2248836680389	-50.7155001407411
			44.1845692800097	-50.7155001407411
			44.1442548919805	-50.7155001407411
			44.1039405039513	-50.7155001407411
			44.0636261159221	-50.7558145287703
			44.0233117278929	-50.7558145287703
			43.9829973398637	-50.7558145287703
			43.9426829518345	-50.7558145287703
			43.9023685638053	-50.7558145287703
			43.8620541757761	-50.7558145287703
			43.8217397877469	-50.7558145287703
			43.7814253997177	-50.7558145287703
			43.7411110116884	-50.7558145287703
			43.7007966236592	-50.7558145287703
			43.66048223563	-50.7558145287703
			43.6201678476008	-50.7558145287703
			43.5798534595716	-50.7558145287703
			43.5395390715424	-50.7558145287703
			43.4992246835132	-50.7558145287703
			43.458910295484	-50.7558145287703
			43.4185959074548	-50.7558145287703
			43.3782815194256	-50.7558145287703
			43.3379671313964	-50.7961289167995
			43.2976527433672	-50.7961289167995
			43.257338355338	-50.7961289167995
			43.2170239673088	-50.7961289167995
			43.1767095792796	-50.7961289167995
			43.1363951912504	-50.7961289167995
			43.0960808032212	-50.7961289167995
			43.0557664151919	-50.7961289167995
			43.0154520271627	-50.7961289167995
			42.9751376391335	-50.7961289167995
			42.9348232511043	-50.7961289167995
			42.8945088630751	-50.7961289167995
			42.8541944750459	-50.7961289167995
			42.8138800870167	-50.7961289167995
			42.7735656989875	-50.7961289167995
			42.7332513109583	-50.7961289167995
			42.6929369229291	-50.7961289167995
			42.6526225348999	-50.8364433048287
			42.6123081468707	-50.8364433048287
			42.5719937588415	-50.8364433048287
			42.5316793708123	-50.8364433048287
			42.4913649827831	-50.8364433048287
			42.4510505947539	-50.8364433048287
			42.4107362067246	-50.8364433048287
			42.3704218186954	-50.8364433048287
			42.3301074306662	-50.8364433048287
			42.289793042637	-50.8364433048287
			42.2494786546078	-50.8364433048287
			42.2091642665786	-50.8364433048287
			42.1688498785494	-50.8364433048287
			42.1285354905202	-50.8364433048287
			42.088221102491	-50.8364433048287
			42.0479067144618	-50.8364433048287
			42.0075923264326	-50.8364433048287
			41.9672779384034	-50.8364433048287
			41.9269635503742	-50.8364433048287
			41.886649162345	-50.8767576928579
			41.8463347743158	-50.8767576928579
			41.8060203862866	-50.8767576928579
			41.7657059982574	-50.8767576928579
			41.7253916102282	-50.8767576928579
			41.6850772221989	-50.8767576928579
			41.6447628341697	-50.8767576928579
			41.6044484461405	-50.8767576928579
			41.5641340581113	-50.8767576928579
			41.5238196700821	-50.8767576928579
			41.4835052820529	-50.8767576928579
			41.4431908940237	-50.8767576928579
			41.4028765059945	-50.8767576928579
			41.3625621179653	-50.8767576928579
			41.3222477299361	-50.8767576928579
			41.2819333419069	-50.8767576928579
			41.2416189538777	-50.8767576928579
			41.2013045658485	-50.8767576928579
			41.1609901778193	-50.8767576928579
			41.1206757897901	-50.8767576928579
			41.0803614017609	-50.9170720808871
			41.0400470137317	-50.9170720808871
			40.9997326257024	-50.9170720808871
			40.9594182376732	-50.9170720808871
			40.919103849644	-50.9170720808871
			40.8787894616148	-50.9170720808871
			40.8384750735856	-50.9170720808871
			40.7981606855564	-50.9170720808871
			40.7578462975272	-50.9170720808871
			40.717531909498	-50.9170720808871
			40.6772175214688	-50.9170720808871
			40.6369031334396	-50.9170720808871
			40.5965887454104	-50.9170720808871
			40.5562743573812	-50.9170720808871
			40.515959969352	-50.9170720808871
			40.4756455813228	-50.9170720808871
			40.4353311932936	-50.9170720808871
			40.3950168052644	-50.9170720808871
			40.3547024172351	-50.9170720808871
			40.3143880292059	-50.9170720808871
			40.2740736411767	-50.9170720808871
			40.2337592531475	-50.9170720808871
			40.1934448651183	-50.9170720808871
			40.1531304770891	-50.9573864689163
			40.1128160890599	-50.9573864689163
			40.0725017010307	-50.9573864689163
			40.0321873130015	-50.9573864689163
			39.9918729249723	-50.9573864689163
			39.9515585369431	-50.9573864689163
			39.9112441489139	-50.9573864689163
			39.8709297608847	-50.9573864689163
			39.8306153728555	-50.9573864689163
			39.7903009848263	-50.9573864689163
			39.7499865967971	-50.9573864689163
			39.7096722087679	-50.9573864689163
			39.6693578207386	-50.9573864689163
			39.6290434327094	-50.9573864689163
			39.5887290446802	-50.9573864689163
			39.548414656651	-50.9573864689163
			39.5081002686218	-50.9573864689163
			39.4677858805926	-50.9573864689163
			39.4274714925634	-50.9573864689163
			39.3871571045342	-50.9573864689163
			39.346842716505	-50.9573864689163
			39.3065283284758	-50.9573864689163
			39.2662139404466	-50.9573864689163
			39.2258995524174	-50.9573864689163
			39.1855851643882	-50.9573864689163
			39.145270776359	-50.9573864689163
			39.1049563883298	-50.9573864689163
			39.0646420003006	-50.9977008569455
			39.0243276122713	-50.9977008569455
			38.9840132242421	-50.9977008569455
			38.9436988362129	-50.9977008569455
			38.9033844481837	-50.9977008569455
			38.8630700601545	-50.9977008569455
			38.8227556721253	-50.9977008569455
			38.7824412840961	-50.9977008569455
			38.7421268960669	-50.9977008569455
			38.7018125080377	-50.9977008569455
			38.6614981200085	-50.9977008569455
			38.6211837319793	-50.9977008569455
			38.5808693439501	-50.9977008569455
			38.5405549559209	-50.9977008569455
			38.5002405678917	-50.9977008569455
			38.4599261798625	-50.9977008569455
			38.4196117918333	-50.9977008569455
			38.3792974038041	-50.9977008569455
			38.3389830157749	-50.9977008569455
			38.2986686277456	-50.9977008569455
			38.2583542397164	-50.9977008569455
			38.2180398516872	-50.9977008569455
			38.177725463658	-50.9977008569455
			38.1374110756288	-50.9977008569455
			38.0970966875996	-50.9977008569455
			38.0567822995704	-50.9977008569455
			38.0164679115412	-50.9977008569455
			37.976153523512	-50.9977008569455
			37.9358391354828	-50.9977008569455
			37.8955247474536	-50.9977008569455
			37.8552103594244	-50.9977008569455
			37.8148959713952	-50.9977008569455
			37.774581583366	-50.9977008569455
			37.7342671953368	-50.9977008569455
			37.6939528073076	-50.9977008569455
			37.6536384192784	-51.0380152449747
			37.6133240312491	-51.0380152449747
			37.5730096432199	-51.0380152449747
			37.5326952551907	-51.0380152449747
			37.4923808671615	-51.0380152449747
			37.4520664791323	-51.0380152449747
			37.4117520911031	-51.0380152449747
			37.3714377030739	-51.0380152449747
			37.3311233150447	-51.0380152449747
			37.2908089270155	-51.0380152449747
			37.2504945389863	-51.0380152449747
			37.2101801509571	-51.0380152449747
			37.1698657629279	-51.0380152449747
			37.1295513748987	-51.0380152449747
			37.0892369868695	-51.0380152449747
			37.0489225988403	-51.0380152449747
			37.0086082108111	-51.0380152449747
			36.9682938227819	-51.0380152449747
			36.9279794347526	-51.0380152449747
			36.8876650467234	-51.0380152449747
			36.8473506586942	-51.0380152449747
			36.807036270665	-51.0380152449747
			36.7667218826358	-51.0380152449747
			36.7264074946066	-51.0380152449747
			36.6860931065774	-51.0380152449747
			36.6457787185482	-51.0380152449747
			36.605464330519	-51.0380152449747
			36.5651499424898	-51.0380152449747
			36.5248355544606	-51.0380152449747
			36.4845211664314	-51.0380152449747
			36.4442067784022	-51.0380152449747
			36.403892390373	-51.0380152449747
			36.3635780023438	-51.0380152449747
			36.3232636143146	-51.0380152449747
			36.2829492262853	-51.0380152449747
			36.2426348382561	-51.0380152449747
			36.2023204502269	-51.0380152449747
			36.1620060621977	-51.0380152449747
			36.1216916741685	-51.0380152449747
			36.0813772861393	-51.0380152449747
			36.0410628981101	-51.0380152449747
			36.0007485100809	-51.0380152449747
			35.9604341220517	-51.0380152449747
			35.9201197340225	-51.0380152449747
			35.8798053459933	-51.0380152449747
			35.8394909579641	-51.0380152449747
			35.7991765699349	-51.0380152449747
			35.7588621819057	-51.0380152449747
			35.7185477938765	-51.0380152449747
			35.6782334058473	-51.0380152449747
			35.6379190178181	-51.0380152449747
			35.5976046297888	-51.0380152449747
			35.5572902417596	-51.0380152449747
			35.5169758537304	-51.0783296330039
			35.4766614657012	-51.0783296330039
			35.436347077672	-51.0783296330039
			35.3960326896428	-51.0783296330039
			35.3557183016136	-51.0783296330039
			35.3154039135844	-51.0783296330039
			35.2750895255552	-51.0783296330039
			35.234775137526	-51.0783296330039
			35.1944607494968	-51.0783296330039
			35.1541463614676	-51.0783296330039
			35.1138319734384	-51.0783296330039
			35.0735175854092	-51.0783296330039
			35.03320319738	-51.0783296330039
			34.9928888093508	-51.0783296330039
			34.9525744213216	-51.0783296330039
			34.9122600332923	-51.0783296330039
			34.8719456452631	-51.0783296330039
			34.8316312572339	-51.0783296330039
			34.7913168692047	-51.0783296330039
			34.7510024811755	-51.0783296330039
			34.7106880931463	-51.0783296330039
			34.6703737051171	-51.0783296330039
			34.6300593170879	-51.0783296330039
			34.5897449290587	-51.0783296330039
			34.5494305410295	-51.0783296330039
			34.5091161530003	-51.0783296330039
			34.4688017649711	-51.0783296330039
			34.4284873769419	-51.0783296330039
			34.3881729889127	-51.0783296330039
			34.3478586008835	-51.0783296330039
			34.3075442128543	-51.0783296330039
			34.2672298248251	-51.0783296330039
			34.2269154367958	-51.0783296330039
			34.1866010487666	-51.0783296330039
			34.1462866607374	-51.0783296330039
			34.1059722727082	-51.0783296330039
			34.065657884679	-51.0783296330039
			34.0253434966498	-51.0783296330039
			33.9850291086206	-51.0783296330039
			33.9447147205914	-51.0783296330039
			33.9044003325622	-51.0783296330039
			33.864085944533	-51.0783296330039
			33.8237715565038	-51.0783296330039
			33.7834571684746	-51.0783296330039
			33.7431427804454	-51.0783296330039
			33.7028283924162	-51.0783296330039
			33.662514004387	-51.0783296330039
			33.6221996163578	-51.0783296330039
			33.5818852283286	-51.0783296330039
			33.5415708402993	-51.0783296330039
			33.5012564522701	-51.0783296330039
			33.4609420642409	-51.0783296330039
			33.4206276762117	-51.0783296330039
			33.3803132881825	-51.0783296330039
			33.3399989001533	-51.0783296330039
			33.2996845121241	-51.0783296330039
			33.2593701240949	-51.0783296330039
			33.2190557360657	-51.0783296330039
			33.1787413480365	-51.0783296330039
			33.1384269600073	-51.0783296330039
			33.0981125719781	-51.0783296330039
			33.0577981839489	-51.0783296330039
			33.0174837959197	-51.0783296330039
			32.9771694078905	-51.0783296330039
			32.9368550198613	-51.0783296330039
			32.896540631832	-51.0783296330039
			32.8562262438028	-51.0783296330039
			32.8159118557736	-51.0783296330039
			32.7755974677444	-51.0783296330039
			32.7352830797152	-51.0783296330039
			32.694968691686	-51.0783296330039
			32.6546543036568	-51.0783296330039
			32.6143399156276	-51.0783296330039
			32.5740255275984	-51.0783296330039
			32.5337111395692	-51.0783296330039
			32.49339675154	-51.0783296330039
			32.4530823635108	-51.0783296330039
			32.4127679754816	-51.0783296330039
			32.3724535874524	-51.0783296330039
			32.3321391994232	-51.0783296330039
			32.291824811394	-51.0783296330039
			32.2515104233648	-51.0783296330039
			32.2111960353355	-51.0783296330039
			32.1708816473063	-51.0783296330039
			32.1305672592771	-51.0783296330039
			32.0902528712479	-51.0783296330039
			32.0499384832187	-51.0783296330039
			32.0096240951895	-51.0783296330039
			31.9693097071603	-51.0783296330039
			31.9289953191311	-51.1186440210331
			31.8886809311019	-51.1186440210331
			31.8483665430727	-51.1186440210331
			31.8080521550435	-51.1186440210331
			31.7677377670143	-51.1186440210331
			31.7274233789851	-51.1186440210331
			31.6871089909559	-51.1186440210331
			31.6467946029267	-51.1186440210331
			31.6064802148975	-51.1186440210331
			31.5661658268683	-51.1186440210331
			31.525851438839	-51.1186440210331
			31.4855370508098	-51.1186440210331
			31.4452226627806	-51.1186440210331
			31.4049082747514	-51.1186440210331
			31.3645938867222	-51.1186440210331
			31.324279498693	-51.1186440210331
			31.2839651106638	-51.1186440210331
			31.2436507226346	-51.1186440210331
			31.2033363346054	-51.1186440210331
			31.1630219465762	-51.1186440210331
			31.122707558547	-51.1186440210331
			31.0823931705178	-51.1186440210331
			31.0420787824886	-51.1186440210331
			31.0017643944594	-51.1186440210331
			30.9614500064302	-51.1186440210331
			30.921135618401	-51.1186440210331
			30.8808212303718	-51.1186440210331
			30.8405068423425	-51.1186440210331
			30.8001924543133	-51.1186440210331
			30.7598780662841	-51.1186440210331
			30.7195636782549	-51.1589584090623
			30.6792492902257	-51.1589584090623
			30.6389349021965	-51.1589584090623
			30.5986205141673	-51.1589584090623
			30.5583061261381	-51.1589584090623
			30.5179917381089	-51.1589584090623
			30.4776773500797	-51.1589584090623
			30.4373629620505	-51.1589584090623
			30.3970485740213	-51.1589584090623
			30.3567341859921	-51.1589584090623
			30.3164197979629	-51.1589584090623
			30.2761054099337	-51.1589584090623
			30.2357910219045	-51.1589584090623
			30.1954766338753	-51.1589584090623
			30.155162245846	-51.1589584090623
			30.1148478578168	-51.1589584090623
			30.0745334697876	-51.1589584090623
			30.0342190817584	-51.1589584090623
			29.9939046937292	-51.1589584090623
			29.9535903057	-51.1589584090623
			29.9132759176708	-51.1589584090623
			29.8729615296416	-51.1589584090623
			29.8326471416124	-51.1589584090623
			29.7923327535832	-51.1589584090623
			29.752018365554	-51.1589584090623
			29.7117039775248	-51.1589584090623
			29.6713895894956	-51.1589584090623
			29.6310752014664	-51.1589584090623
			29.5907608134372	-51.1992727970915
			29.550446425408	-51.1992727970915
			29.5101320373787	-51.1992727970915
			29.4698176493495	-51.1992727970915
			29.4295032613203	-51.1992727970915
			29.3891888732911	-51.1992727970915
			29.3488744852619	-51.1992727970915
			29.3085600972327	-51.1992727970915
			29.2682457092035	-51.1992727970915
			29.2279313211743	-51.1992727970915
			29.1876169331451	-51.1992727970915
			29.1473025451159	-51.1992727970915
			29.1069881570867	-51.1992727970915
			29.0666737690575	-51.1992727970915
			29.0263593810283	-51.1992727970915
			28.9860449929991	-51.1992727970915
			28.9457306049699	-51.1992727970915
			28.9054162169407	-51.1992727970915
			28.8651018289115	-51.1992727970915
			28.8247874408823	-51.1992727970915
			28.784473052853	-51.1992727970915
			28.7441586648238	-51.1992727970915
			28.7038442767946	-51.1992727970915
			28.6635298887654	-51.1992727970915
			28.6232155007362	-51.1992727970915
			28.582901112707	-51.1992727970915
			28.5425867246778	-51.1992727970915
			28.5022723366486	-51.2395871851208
			28.4619579486194	-51.2395871851208
			28.4216435605902	-51.2395871851208
			28.381329172561	-51.2395871851208
			28.3410147845318	-51.2395871851208
			28.3007003965026	-51.2395871851208
			28.2603860084734	-51.2395871851208
			28.2200716204442	-51.2395871851208
			28.179757232415	-51.2395871851208
			28.1394428443857	-51.2395871851208
			28.0991284563565	-51.2395871851208
			28.0588140683273	-51.2395871851208
			28.0184996802981	-51.2395871851208
			27.9781852922689	-51.2395871851208
			27.9378709042397	-51.2395871851208
			27.8975565162105	-51.2395871851208
			27.8572421281813	-51.2395871851208
			27.8169277401521	-51.2395871851208
			27.7766133521229	-51.2395871851208
			27.7362989640937	-51.2395871851208
			27.6959845760645	-51.2395871851208
			27.6556701880353	-51.2395871851208
			27.6153558000061	-51.2395871851208
			27.5750414119769	-51.2395871851208
			27.5347270239477	-51.27990157315
			27.4944126359185	-51.27990157315
			27.4540982478892	-51.27990157315
			27.41378385986	-51.27990157315
			27.3734694718308	-51.27990157315
			27.3331550838016	-51.27990157315
			27.2928406957724	-51.27990157315
			27.2525263077432	-51.27990157315
			27.212211919714	-51.27990157315
			27.1718975316848	-51.27990157315
			27.1315831436556	-51.27990157315
			27.0912687556264	-51.27990157315
		</c2>
	</curves.scaled>
	<ruler.points type=matrix rownames=TRUE colnames=FALSE nrow=2 ncol=2 as.numeric=TRUE >
		Ruler point 1	2048	279
		Ruler point 2	2296	274
	</ruler.points>
</shapes>

