<shapes type=list>
	<ruler.pixel type=vector names=FALSE length=1 as.numeric=TRUE >248.050398104901</ruler.pixel>
	<ruler.interval type=vector names=FALSE length=1 as.numeric=TRUE >10</ruler.interval>
	<scaling.units type=vector names=FALSE length=1 as.numeric=FALSE >undefined</scaling.units>
	<scaling type=vector names=FALSE length=1 as.numeric=TRUE >0.0403143880292059</scaling>
	<landmarks.pixel type=matrix rownames=TRUE colnames=FALSE nrow=2 ncol=2 as.numeric=TRUE >
		LM1	638	1263
		LM2	1776	1262
	</landmarks.pixel>
	<landmarks.scaled type=matrix rownames=TRUE colnames=FALSE nrow=2 ncol=2 as.numeric=TRUE >
		LM1	25.7205795626334	-50.9170720808871
		LM2	71.5983531398698	-50.8767576928579
	</landmarks.scaled>
	<curves.control type=list>
		<c1 type=matrix rownames=FALSE colnames=FALSE nrow=13 ncol=2 as.numeric=TRUE >
			638	1263
			657	1203
			690	1187
			815	1022
			906	958
			1096	807
			1173	807
			1374	790
			1486	828
			1554	874
			1578	936
			1728	1126
			1776	1262
		</c1>
		<c2 type=matrix rownames=FALSE colnames=FALSE nrow=13 ncol=2 as.numeric=TRUE >
			1776	1262
			1708	1268
			1630	1261
			1588	1267
			1529	1257
			1509	1270
			1402	1261
			1283	1259
			1049	1266
			912	1263
			786	1275
			715	1270
			638	1263
		</c2>
	</curves.control>
	<curves.pixel type=list>
		<c1 type=matrix rownames=FALSE colnames=FALSE nrow=1429 ncol=2 as.numeric=TRUE >
			638	1263
			638	1262
			639	1261
			639	1260
			639	1259
			639	1258
			640	1258
			640	1257
			640	1256
			641	1255
			641	1254
			641	1253
			642	1252
			642	1251
			643	1250
			643	1249
			643	1248
			644	1247
			644	1246
			644	1245
			645	1244
			645	1243
			646	1242
			646	1241
			646	1240
			647	1239
			647	1238
			648	1237
			648	1236
			649	1235
			649	1234
			650	1233
			650	1232
			651	1231
			651	1230
			652	1229
			652	1228
			653	1227
			653	1226
			654	1225
			654	1224
			655	1223
			655	1222
			656	1222
			656	1221
			656	1220
			657	1220
			657	1219
			658	1218
			658	1217
			659	1216
			660	1215
			661	1214
			661	1213
			662	1212
			662	1211
			663	1211
			663	1210
			664	1209
			665	1208
			666	1207
			667	1206
			667	1205
			668	1204
			669	1203
			670	1202
			671	1201
			672	1200
			673	1199
			674	1198
			675	1197
			676	1196
			677	1195
			678	1194
			679	1194
			680	1193
			681	1192
			682	1191
			683	1191
			684	1190
			685	1189
			686	1189
			687	1188
			688	1188
			689	1187
			690	1187
			690	1186
			691	1186
			692	1185
			692	1184
			693	1183
			694	1182
			694	1181
			695	1181
			696	1180
			696	1179
			697	1178
			697	1177
			698	1176
			699	1176
			699	1175
			700	1174
			701	1173
			701	1172
			702	1171
			703	1171
			703	1170
			704	1169
			704	1168
			705	1167
			706	1167
			706	1166
			707	1165
			708	1164
			708	1163
			709	1162
			710	1161
			711	1160
			712	1159
			712	1158
			713	1157
			714	1156
			715	1155
			715	1154
			716	1153
			717	1152
			718	1151
			718	1150
			719	1149
			720	1148
			721	1148
			721	1147
			722	1146
			723	1145
			724	1144
			724	1143
			725	1142
			726	1141
			726	1140
			727	1139
			728	1138
			729	1137
			729	1136
			730	1135
			731	1135
			732	1134
			732	1133
			733	1132
			734	1131
			735	1130
			735	1129
			736	1128
			737	1127
			738	1126
			739	1125
			740	1124
			741	1123
			741	1122
			742	1121
			743	1120
			744	1119
			744	1118
			745	1117
			746	1116
			747	1115
			748	1114
			748	1113
			749	1112
			750	1111
			751	1110
			752	1109
			753	1108
			754	1107
			754	1106
			755	1105
			756	1105
			756	1104
			757	1103
			758	1102
			759	1101
			760	1100
			760	1099
			761	1098
			762	1097
			763	1096
			764	1095
			764	1094
			765	1093
			766	1092
			767	1091
			768	1090
			769	1089
			770	1088
			771	1087
			772	1086
			773	1085
			774	1084
			774	1083
			775	1082
			776	1081
			777	1080
			778	1079
			779	1078
			779	1077
			780	1076
			781	1076
			781	1075
			782	1074
			783	1073
			784	1072
			785	1071
			785	1070
			786	1069
			787	1069
			788	1068
			788	1067
			789	1066
			790	1065
			791	1064
			792	1063
			793	1062
			794	1061
			795	1060
			796	1059
			797	1058
			798	1057
			799	1056
			799	1055
			800	1054
			801	1053
			802	1052
			803	1051
			804	1050
			805	1049
			806	1048
			807	1047
			807	1046
			808	1045
			809	1044
			810	1043
			811	1042
			812	1042
			813	1041
			814	1040
			815	1039
			815	1038
			816	1037
			817	1036
			818	1035
			819	1034
			820	1033
			821	1033
			822	1032
			822	1031
			823	1030
			824	1029
			825	1028
			826	1027
			827	1026
			828	1026
			828	1025
			829	1024
			830	1023
			831	1022
			832	1021
			833	1020
			834	1020
			834	1019
			835	1018
			836	1017
			837	1016
			838	1015
			839	1015
			840	1014
			840	1013
			841	1012
			842	1011
			843	1011
			844	1010
			845	1009
			845	1008
			846	1007
			847	1007
			848	1006
			849	1005
			850	1004
			851	1003
			852	1002
			853	1001
			854	1000
			855	999
			856	998
			857	997
			858	996
			859	996
			860	995
			861	994
			862	993
			863	992
			864	991
			865	990
			866	990
			867	989
			868	988
			869	987
			870	986
			871	985
			872	985
			873	984
			874	983
			875	982
			876	981
			877	981
			878	980
			878	979
			879	978
			880	977
			881	977
			882	976
			883	975
			884	974
			885	974
			886	973
			887	972
			888	971
			889	971
			890	970
			891	969
			892	969
			893	968
			893	967
			894	966
			895	966
			896	965
			897	964
			898	964
			899	963
			900	962
			901	962
			902	961
			903	960
			904	960
			904	959
			905	958
			906	958
			907	957
			908	957
			908	956
			909	956
			910	955
			910	954
			911	954
			912	953
			913	952
			914	951
			915	951
			916	950
			917	949
			918	949
			918	948
			919	948
			920	947
			921	946
			922	946
			922	945
			923	944
			924	944
			925	943
			926	943
			926	942
			927	941
			928	941
			929	940
			930	940
			930	939
			931	938
			932	938
			933	937
			934	936
			935	935
			936	935
			937	934
			938	933
			939	932
			940	932
			941	931
			942	930
			943	929
			944	928
			945	928
			946	927
			947	926
			948	925
			949	925
			950	924
			951	923
			952	923
			952	922
			953	922
			954	921
			955	920
			956	919
			957	919
			958	918
			959	917
			960	917
			961	916
			962	915
			963	914
			964	914
			964	913
			965	912
			966	912
			967	911
			968	910
			969	910
			970	909
			971	908
			972	908
			973	907
			974	907
			974	906
			975	905
			976	905
			977	904
			978	903
			979	903
			980	902
			981	901
			982	901
			982	900
			983	899
			984	899
			985	898
			986	898
			987	897
			988	896
			989	896
			989	895
			990	895
			991	894
			992	893
			993	893
			994	892
			995	892
			995	891
			996	890
			997	890
			998	889
			999	889
			1000	888
			1001	887
			1002	886
			1003	885
			1004	885
			1005	884
			1006	883
			1007	883
			1008	882
			1009	881
			1010	881
			1011	880
			1012	879
			1013	879
			1014	878
			1015	877
			1016	877
			1017	876
			1018	875
			1019	875
			1020	874
			1021	873
			1022	873
			1023	872
			1024	872
			1025	871
			1026	870
			1027	870
			1028	869
			1029	868
			1030	868
			1031	867
			1032	867
			1032	866
			1033	865
			1034	865
			1035	864
			1036	864
			1037	863
			1038	862
			1039	862
			1040	861
			1041	861
			1042	860
			1043	860
			1044	859
			1045	858
			1046	857
			1047	857
			1048	856
			1049	856
			1050	855
			1051	854
			1052	854
			1053	853
			1054	853
			1055	852
			1056	852
			1057	851
			1058	850
			1059	850
			1060	849
			1061	849
			1062	848
			1063	847
			1064	847
			1065	846
			1066	846
			1067	845
			1068	845
			1069	844
			1070	843
			1071	843
			1072	843
			1072	842
			1073	842
			1074	841
			1075	841
			1076	840
			1077	840
			1078	839
			1079	839
			1080	838
			1081	837
			1082	837
			1083	836
			1084	836
			1085	835
			1086	835
			1087	834
			1088	834
			1089	833
			1090	833
			1091	832
			1092	832
			1093	832
			1093	831
			1094	831
			1095	830
			1096	830
			1097	829
			1098	829
			1099	829
			1100	828
			1101	827
			1102	827
			1103	826
			1104	826
			1105	825
			1106	825
			1107	825
			1108	824
			1109	824
			1110	823
			1111	823
			1112	822
			1113	822
			1114	822
			1115	821
			1116	821
			1117	820
			1118	820
			1119	820
			1120	819
			1121	819
			1122	819
			1123	818
			1124	818
			1125	817
			1126	817
			1127	817
			1127	816
			1128	816
			1129	816
			1130	816
			1131	815
			1132	815
			1133	814
			1134	814
			1135	814
			1136	813
			1137	813
			1138	813
			1139	813
			1140	812
			1141	812
			1142	812
			1143	811
			1144	811
			1145	811
			1146	811
			1147	810
			1148	810
			1149	810
			1150	810
			1151	809
			1152	809
			1153	809
			1154	809
			1155	809
			1156	809
			1157	808
			1158	808
			1159	808
			1160	808
			1161	808
			1162	808
			1163	808
			1164	807
			1165	807
			1166	807
			1167	807
			1168	807
			1169	807
			1170	807
			1171	807
			1172	807
			1173	807
			1174	807
			1175	807
			1176	807
			1177	807
			1178	807
			1179	807
			1180	806
			1181	806
			1182	806
			1183	806
			1184	806
			1185	806
			1186	806
			1187	806
			1188	806
			1189	806
			1190	806
			1191	806
			1192	805
			1193	805
			1194	805
			1195	805
			1196	805
			1197	805
			1198	805
			1199	805
			1200	805
			1201	805
			1202	805
			1203	805
			1204	805
			1205	805
			1206	805
			1207	804
			1208	804
			1209	804
			1210	804
			1211	804
			1212	804
			1213	804
			1214	804
			1215	804
			1216	804
			1217	804
			1218	804
			1219	804
			1220	804
			1221	804
			1222	804
			1223	804
			1224	803
			1225	803
			1226	803
			1227	803
			1228	803
			1229	803
			1230	803
			1231	803
			1232	803
			1233	803
			1234	803
			1235	803
			1236	803
			1237	803
			1238	803
			1239	803
			1240	803
			1241	803
			1242	803
			1243	803
			1244	803
			1245	803
			1246	803
			1247	802
			1248	802
			1249	802
			1250	802
			1251	802
			1252	802
			1253	802
			1254	802
			1255	802
			1256	802
			1257	802
			1258	802
			1259	802
			1260	802
			1261	802
			1262	802
			1263	802
			1264	802
			1265	802
			1266	802
			1267	802
			1268	802
			1269	802
			1270	802
			1271	802
			1272	802
			1273	802
			1274	802
			1275	802
			1276	802
			1277	802
			1278	802
			1279	802
			1280	802
			1281	802
			1282	802
			1283	802
			1284	802
			1285	802
			1286	802
			1287	802
			1288	802
			1289	802
			1290	802
			1291	802
			1292	802
			1293	802
			1294	802
			1295	802
			1296	802
			1297	802
			1298	802
			1299	802
			1300	802
			1301	802
			1302	802
			1303	802
			1304	802
			1305	802
			1306	802
			1307	802
			1308	802
			1309	802
			1310	802
			1311	802
			1312	802
			1313	802
			1314	802
			1315	802
			1316	802
			1317	802
			1318	802
			1319	802
			1320	802
			1321	802
			1322	802
			1323	802
			1324	802
			1325	802
			1326	802
			1327	802
			1328	803
			1329	803
			1330	803
			1331	803
			1332	803
			1333	803
			1334	803
			1335	803
			1336	803
			1337	803
			1338	803
			1339	803
			1340	803
			1341	803
			1342	803
			1343	803
			1344	803
			1345	803
			1346	803
			1347	803
			1348	804
			1349	804
			1350	804
			1351	804
			1352	804
			1353	804
			1354	804
			1355	804
			1356	804
			1357	804
			1358	804
			1359	804
			1360	804
			1361	804
			1362	804
			1363	805
			1364	805
			1365	805
			1366	805
			1367	805
			1368	805
			1369	805
			1370	805
			1371	805
			1372	805
			1373	806
			1374	806
			1375	806
			1376	806
			1377	806
			1378	806
			1379	806
			1380	806
			1381	806
			1382	806
			1383	806
			1384	807
			1385	807
			1386	807
			1387	807
			1388	807
			1389	807
			1390	807
			1391	807
			1392	808
			1393	808
			1394	808
			1395	808
			1396	808
			1397	808
			1398	808
			1399	808
			1400	809
			1401	809
			1402	809
			1403	809
			1404	809
			1405	809
			1406	809
			1407	810
			1408	810
			1409	810
			1410	810
			1411	810
			1412	810
			1413	810
			1414	811
			1415	811
			1416	811
			1417	811
			1418	811
			1419	811
			1420	812
			1421	812
			1422	812
			1423	812
			1424	812
			1425	812
			1425	813
			1426	813
			1427	813
			1428	813
			1429	813
			1430	813
			1431	814
			1432	814
			1433	814
			1434	814
			1435	814
			1436	815
			1437	815
			1438	815
			1439	815
			1440	815
			1441	816
			1442	816
			1443	816
			1444	816
			1445	817
			1446	817
			1447	817
			1448	817
			1449	817
			1450	818
			1451	818
			1452	818
			1453	818
			1454	819
			1455	819
			1456	819
			1457	819
			1458	820
			1459	820
			1460	820
			1461	821
			1462	821
			1463	821
			1464	821
			1465	822
			1466	822
			1467	822
			1468	822
			1468	823
			1469	823
			1470	823
			1471	823
			1472	824
			1473	824
			1474	824
			1475	824
			1476	825
			1477	825
			1478	826
			1479	826
			1480	826
			1481	826
			1482	827
			1483	827
			1484	827
			1485	828
			1486	828
			1487	829
			1488	829
			1489	830
			1490	831
			1491	832
			1492	832
			1493	833
			1494	834
			1495	834
			1495	835
			1496	835
			1497	835
			1497	836
			1498	836
			1498	837
			1499	837
			1500	838
			1501	839
			1502	839
			1503	840
			1504	841
			1505	842
			1506	843
			1507	843
			1508	844
			1509	845
			1510	846
			1511	847
			1512	847
			1513	848
			1514	849
			1515	850
			1516	851
			1517	852
			1518	853
			1519	853
			1520	854
			1521	855
			1522	856
			1522	857
			1523	858
			1524	858
			1525	859
			1526	860
			1527	861
			1528	862
			1529	863
			1530	864
			1531	865
			1532	866
			1533	867
			1534	868
			1535	869
			1536	870
			1537	871
			1538	872
			1539	873
			1539	874
			1540	874
			1540	875
			1541	876
			1542	877
			1543	878
			1544	879
			1545	880
			1545	881
			1546	882
			1547	882
			1547	883
			1548	884
			1549	885
			1549	886
			1550	886
			1550	887
			1551	888
			1552	889
			1552	890
			1553	890
			1553	891
			1554	892
			1554	893
			1555	893
			1556	894
			1556	895
			1557	896
			1557	897
			1558	897
			1558	898
			1559	899
			1559	900
			1560	901
			1561	902
			1562	903
			1562	904
			1563	905
			1563	906
			1564	907
			1565	908
			1565	909
			1566	910
			1566	911
			1567	912
			1567	913
			1568	914
			1568	915
			1569	916
			1569	917
			1570	918
			1571	919
			1571	920
			1572	921
			1572	922
			1573	923
			1573	924
			1573	925
			1574	926
			1574	927
			1575	928
			1575	929
			1576	930
			1576	931
			1576	932
			1577	933
			1577	934
			1578	935
			1578	936
			1579	937
			1580	938
			1580	939
			1581	940
			1582	941
			1582	942
			1583	942
			1584	943
			1584	944
			1585	945
			1586	946
			1586	947
			1587	947
			1588	948
			1588	949
			1589	950
			1589	951
			1590	952
			1591	952
			1591	953
			1592	954
			1593	955
			1593	956
			1594	956
			1595	957
			1595	958
			1596	959
			1596	960
			1597	961
			1598	961
			1598	962
			1599	963
			1600	964
			1600	965
			1601	965
			1602	966
			1602	967
			1603	968
			1603	969
			1604	970
			1605	970
			1605	971
			1606	972
			1606	973
			1607	974
			1608	974
			1608	975
			1609	976
			1610	977
			1610	978
			1611	978
			1611	979
			1612	980
			1613	981
			1613	982
			1614	982
			1614	983
			1615	984
			1616	985
			1616	986
			1617	986
			1617	987
			1618	988
			1619	989
			1619	990
			1620	990
			1620	991
			1621	992
			1622	993
			1622	994
			1623	994
			1623	995
			1624	996
			1624	997
			1625	998
			1626	998
			1626	999
			1627	1000
			1627	1001
			1628	1002
			1629	1002
			1629	1003
			1630	1004
			1630	1005
			1631	1006
			1632	1007
			1633	1008
			1633	1009
			1634	1010
			1635	1011
			1635	1012
			1636	1013
			1637	1014
			1637	1015
			1638	1016
			1639	1017
			1639	1018
			1640	1018
			1641	1019
			1641	1020
			1642	1021
			1643	1022
			1643	1023
			1644	1024
			1645	1025
			1645	1026
			1646	1027
			1647	1028
			1647	1029
			1648	1030
			1649	1031
			1650	1032
			1650	1033
			1651	1034
			1652	1035
			1653	1036
			1653	1037
			1654	1038
			1654	1039
			1655	1040
			1656	1040
			1656	1041
			1657	1042
			1657	1043
			1658	1044
			1659	1045
			1659	1046
			1660	1047
			1661	1048
			1661	1049
			1662	1050
			1663	1051
			1663	1052
			1664	1053
			1665	1054
			1665	1055
			1666	1056
			1667	1056
			1667	1057
			1668	1058
			1668	1059
			1669	1060
			1670	1061
			1670	1062
			1671	1063
			1672	1064
			1672	1065
			1673	1066
			1673	1067
			1674	1068
			1675	1069
			1675	1070
			1676	1070
			1676	1071
			1677	1072
			1678	1073
			1678	1074
			1679	1075
			1680	1076
			1680	1077
			1681	1078
			1681	1079
			1682	1080
			1683	1081
			1683	1082
			1684	1082
			1684	1083
			1685	1084
			1685	1085
			1686	1086
			1687	1087
			1687	1088
			1688	1089
			1688	1090
			1689	1091
			1690	1092
			1690	1093
			1691	1093
			1691	1094
			1692	1095
			1692	1096
			1693	1097
			1694	1098
			1694	1099
			1695	1100
			1695	1101
			1696	1102
			1697	1103
			1698	1104
			1698	1105
			1698	1106
			1699	1106
			1699	1107
			1700	1108
			1700	1109
			1701	1110
			1702	1111
			1702	1112
			1703	1113
			1703	1114
			1704	1115
			1705	1116
			1705	1117
			1706	1118
			1706	1119
			1707	1120
			1707	1121
			1708	1121
			1708	1122
			1709	1123
			1710	1124
			1710	1125
			1711	1126
			1711	1127
			1712	1128
			1712	1129
			1713	1130
			1713	1131
			1714	1131
			1714	1132
			1715	1133
			1715	1134
			1716	1135
			1716	1136
			1717	1137
			1717	1138
			1718	1139
			1718	1140
			1719	1140
			1719	1141
			1720	1142
			1720	1143
			1721	1144
			1721	1145
			1722	1146
			1722	1147
			1723	1148
			1724	1149
			1725	1150
			1725	1151
			1725	1152
			1726	1152
			1726	1153
			1726	1154
			1727	1154
			1727	1155
			1727	1156
			1728	1156
			1728	1157
			1729	1158
			1729	1159
			1730	1160
			1730	1161
			1731	1162
			1731	1163
			1732	1164
			1732	1165
			1733	1166
			1733	1167
			1734	1168
			1734	1169
			1735	1169
			1735	1170
			1736	1171
			1736	1172
			1737	1173
			1737	1174
			1738	1175
			1738	1176
			1739	1177
			1739	1178
			1740	1179
			1740	1180
			1741	1181
			1742	1182
			1742	1183
			1742	1184
			1743	1184
			1743	1185
			1743	1186
			1744	1187
			1744	1188
			1745	1189
			1745	1190
			1746	1191
			1746	1192
			1747	1193
			1747	1194
			1748	1195
			1748	1196
			1749	1197
			1749	1198
			1749	1199
			1750	1199
			1750	1200
			1751	1201
			1751	1202
			1752	1203
			1752	1204
			1752	1205
			1753	1206
			1753	1207
			1754	1208
			1755	1209
			1755	1210
			1755	1211
			1756	1212
			1756	1213
			1757	1214
			1757	1215
			1758	1216
			1758	1217
			1758	1218
			1759	1219
			1759	1220
			1760	1221
			1760	1222
			1761	1223
			1761	1224
			1761	1225
			1762	1226
			1762	1227
			1763	1228
			1763	1229
			1763	1230
			1764	1230
			1764	1231
			1764	1232
			1765	1232
			1765	1233
			1765	1234
			1766	1235
			1766	1236
			1767	1237
			1767	1238
			1767	1239
			1768	1240
			1768	1241
			1769	1242
			1769	1243
			1769	1244
			1770	1245
			1770	1246
			1770	1247
			1771	1248
			1771	1249
			1772	1250
			1772	1251
			1772	1252
			1773	1253
			1773	1254
			1774	1255
			1774	1256
			1774	1257
			1774	1258
			1775	1258
			1775	1259
			1775	1260
			1776	1261
			1776	1262
		</c1>
		<c2 type=matrix rownames=FALSE colnames=FALSE nrow=1144 ncol=2 as.numeric=TRUE >
			1776	1262
			1775	1262
			1774	1262
			1773	1262
			1772	1262
			1771	1262
			1770	1262
			1770	1263
			1769	1263
			1768	1263
			1767	1263
			1766	1263
			1765	1263
			1764	1263
			1763	1263
			1762	1263
			1761	1263
			1760	1263
			1759	1263
			1758	1263
			1757	1263
			1756	1263
			1755	1264
			1754	1264
			1753	1264
			1752	1264
			1751	1264
			1750	1264
			1749	1264
			1748	1264
			1747	1264
			1746	1264
			1745	1264
			1744	1264
			1743	1264
			1742	1264
			1741	1264
			1740	1264
			1739	1264
			1738	1264
			1737	1264
			1736	1264
			1735	1264
			1734	1264
			1733	1264
			1732	1264
			1731	1265
			1730	1265
			1729	1265
			1728	1265
			1727	1265
			1726	1265
			1725	1265
			1724	1265
			1723	1265
			1722	1265
			1721	1265
			1720	1265
			1719	1265
			1718	1265
			1717	1265
			1716	1265
			1715	1265
			1714	1265
			1713	1265
			1712	1265
			1711	1265
			1710	1265
			1709	1265
			1708	1265
			1707	1265
			1706	1265
			1705	1265
			1704	1265
			1703	1265
			1702	1265
			1701	1265
			1700	1265
			1699	1265
			1698	1265
			1697	1265
			1696	1265
			1695	1265
			1694	1265
			1693	1265
			1692	1265
			1691	1265
			1690	1265
			1689	1264
			1688	1264
			1687	1264
			1686	1264
			1685	1264
			1684	1264
			1683	1264
			1682	1264
			1681	1264
			1680	1264
			1679	1264
			1678	1264
			1677	1264
			1676	1264
			1675	1264
			1674	1264
			1673	1264
			1672	1264
			1671	1264
			1670	1264
			1669	1264
			1668	1264
			1667	1264
			1666	1264
			1665	1264
			1664	1263
			1663	1263
			1662	1263
			1661	1263
			1660	1263
			1659	1263
			1658	1263
			1657	1263
			1656	1263
			1655	1263
			1654	1263
			1653	1263
			1652	1263
			1651	1263
			1650	1263
			1649	1263
			1648	1262
			1647	1262
			1646	1262
			1645	1262
			1644	1262
			1643	1262
			1642	1262
			1641	1262
			1640	1262
			1639	1262
			1638	1262
			1637	1262
			1636	1262
			1635	1261
			1634	1261
			1633	1261
			1632	1261
			1631	1261
			1630	1261
			1629	1261
			1628	1261
			1627	1261
			1626	1262
			1625	1262
			1624	1262
			1623	1262
			1622	1262
			1621	1262
			1620	1262
			1619	1262
			1618	1262
			1617	1262
			1616	1262
			1616	1263
			1615	1263
			1614	1263
			1613	1263
			1612	1263
			1611	1263
			1610	1263
			1609	1263
			1608	1263
			1607	1263
			1606	1263
			1605	1263
			1604	1263
			1603	1263
			1602	1263
			1601	1263
			1600	1263
			1599	1263
			1598	1263
			1597	1263
			1596	1263
			1595	1263
			1594	1263
			1593	1263
			1592	1263
			1591	1263
			1590	1263
			1589	1263
			1588	1263
			1587	1263
			1586	1263
			1585	1263
			1584	1263
			1583	1263
			1582	1263
			1581	1263
			1580	1263
			1579	1263
			1578	1263
			1577	1263
			1576	1263
			1575	1263
			1574	1262
			1573	1262
			1572	1262
			1571	1262
			1570	1262
			1569	1262
			1568	1262
			1567	1262
			1566	1262
			1565	1262
			1564	1262
			1563	1262
			1562	1261
			1561	1261
			1560	1261
			1559	1261
			1558	1261
			1557	1261
			1556	1261
			1555	1261
			1554	1261
			1553	1261
			1553	1260
			1552	1260
			1551	1260
			1550	1260
			1549	1260
			1548	1260
			1547	1260
			1546	1260
			1545	1259
			1544	1259
			1543	1259
			1542	1259
			1541	1259
			1540	1259
			1539	1259
			1538	1258
			1537	1258
			1536	1258
			1535	1258
			1534	1258
			1533	1258
			1532	1258
			1531	1257
			1530	1257
			1529	1257
			1528	1257
			1528	1258
			1527	1258
			1526	1259
			1525	1259
			1524	1259
			1523	1260
			1522	1260
			1521	1260
			1520	1261
			1519	1261
			1518	1261
			1517	1261
			1516	1262
			1515	1262
			1514	1262
			1513	1262
			1512	1262
			1511	1263
			1510	1263
			1509	1263
			1508	1263
			1507	1263
			1506	1263
			1505	1263
			1504	1263
			1503	1264
			1502	1264
			1501	1264
			1500	1264
			1499	1264
			1498	1264
			1497	1264
			1496	1264
			1495	1264
			1494	1264
			1493	1264
			1492	1264
			1491	1264
			1490	1264
			1489	1264
			1488	1264
			1487	1265
			1486	1265
			1485	1265
			1484	1265
			1483	1265
			1482	1265
			1481	1265
			1480	1265
			1479	1265
			1478	1265
			1477	1265
			1476	1265
			1475	1265
			1474	1265
			1473	1265
			1472	1265
			1471	1265
			1470	1265
			1469	1265
			1468	1265
			1467	1265
			1466	1265
			1465	1265
			1464	1265
			1463	1265
			1462	1265
			1461	1264
			1460	1264
			1459	1264
			1458	1264
			1457	1264
			1456	1264
			1455	1264
			1454	1264
			1453	1264
			1452	1264
			1451	1264
			1450	1264
			1449	1264
			1448	1264
			1447	1264
			1446	1264
			1445	1264
			1444	1264
			1443	1264
			1442	1264
			1441	1264
			1440	1264
			1439	1264
			1438	1264
			1437	1263
			1436	1263
			1435	1263
			1434	1263
			1433	1263
			1432	1263
			1431	1263
			1430	1263
			1429	1263
			1428	1263
			1427	1263
			1426	1263
			1425	1263
			1424	1263
			1423	1263
			1422	1263
			1421	1262
			1420	1262
			1419	1262
			1418	1262
			1417	1262
			1416	1262
			1415	1262
			1414	1262
			1413	1262
			1412	1262
			1411	1262
			1410	1262
			1409	1262
			1408	1261
			1407	1261
			1406	1261
			1405	1261
			1404	1261
			1403	1261
			1402	1261
			1401	1261
			1400	1261
			1399	1261
			1398	1261
			1397	1261
			1396	1261
			1395	1261
			1394	1261
			1393	1261
			1392	1261
			1391	1261
			1390	1261
			1389	1261
			1388	1261
			1387	1261
			1386	1261
			1385	1261
			1384	1261
			1383	1261
			1382	1261
			1381	1261
			1380	1261
			1379	1261
			1378	1261
			1377	1261
			1376	1261
			1375	1261
			1374	1261
			1373	1261
			1372	1261
			1371	1261
			1370	1261
			1369	1261
			1368	1261
			1367	1261
			1366	1261
			1365	1261
			1364	1261
			1363	1261
			1362	1261
			1361	1261
			1360	1261
			1359	1261
			1358	1261
			1357	1261
			1356	1261
			1355	1261
			1354	1261
			1353	1261
			1352	1261
			1351	1261
			1350	1261
			1349	1261
			1348	1261
			1347	1261
			1346	1261
			1345	1261
			1344	1261
			1343	1261
			1342	1261
			1341	1261
			1340	1261
			1339	1261
			1338	1261
			1337	1261
			1336	1261
			1335	1261
			1334	1261
			1333	1261
			1332	1261
			1331	1261
			1330	1261
			1329	1261
			1328	1261
			1327	1261
			1326	1261
			1325	1261
			1324	1261
			1323	1261
			1322	1261
			1321	1261
			1320	1261
			1319	1261
			1318	1261
			1317	1261
			1316	1261
			1315	1261
			1314	1261
			1313	1261
			1312	1261
			1311	1261
			1310	1261
			1309	1261
			1308	1261
			1307	1261
			1306	1261
			1305	1261
			1304	1261
			1303	1261
			1302	1261
			1301	1261
			1300	1261
			1299	1261
			1298	1261
			1297	1261
			1296	1261
			1295	1261
			1294	1261
			1293	1261
			1292	1261
			1291	1261
			1290	1261
			1289	1261
			1288	1261
			1287	1261
			1286	1261
			1285	1261
			1284	1261
			1283	1261
			1282	1261
			1281	1261
			1280	1261
			1279	1261
			1278	1261
			1277	1261
			1276	1261
			1275	1261
			1274	1261
			1273	1261
			1272	1261
			1271	1261
			1270	1261
			1269	1261
			1268	1261
			1267	1261
			1266	1261
			1265	1261
			1264	1261
			1263	1261
			1262	1261
			1261	1261
			1260	1261
			1259	1261
			1258	1261
			1257	1261
			1256	1261
			1255	1261
			1254	1261
			1253	1261
			1252	1261
			1251	1261
			1250	1261
			1249	1261
			1248	1261
			1247	1261
			1246	1261
			1245	1261
			1244	1261
			1243	1261
			1242	1261
			1241	1261
			1240	1261
			1239	1261
			1238	1261
			1237	1262
			1236	1262
			1235	1262
			1234	1262
			1233	1262
			1232	1262
			1231	1262
			1230	1262
			1229	1262
			1228	1262
			1227	1262
			1226	1262
			1225	1262
			1224	1262
			1223	1262
			1222	1262
			1221	1262
			1220	1262
			1219	1262
			1218	1262
			1217	1262
			1216	1262
			1215	1262
			1214	1262
			1213	1262
			1212	1262
			1211	1262
			1210	1262
			1209	1262
			1208	1262
			1207	1262
			1206	1262
			1205	1262
			1204	1262
			1203	1262
			1202	1262
			1201	1262
			1200	1262
			1199	1262
			1198	1262
			1197	1262
			1196	1262
			1195	1262
			1194	1262
			1193	1262
			1192	1262
			1191	1262
			1190	1262
			1189	1262
			1188	1262
			1187	1262
			1186	1262
			1185	1262
			1184	1263
			1183	1263
			1182	1263
			1181	1263
			1180	1263
			1179	1263
			1178	1263
			1177	1263
			1176	1263
			1175	1263
			1174	1263
			1173	1263
			1172	1263
			1171	1263
			1170	1263
			1169	1263
			1168	1263
			1167	1263
			1166	1263
			1165	1263
			1164	1263
			1163	1263
			1162	1263
			1161	1263
			1160	1263
			1159	1263
			1158	1263
			1157	1263
			1156	1263
			1155	1263
			1154	1263
			1153	1263
			1152	1263
			1151	1263
			1150	1263
			1149	1263
			1148	1263
			1147	1263
			1146	1263
			1145	1263
			1144	1263
			1143	1263
			1142	1263
			1141	1263
			1140	1264
			1139	1264
			1138	1264
			1137	1264
			1136	1264
			1135	1264
			1134	1264
			1133	1264
			1132	1264
			1131	1264
			1130	1264
			1129	1264
			1128	1264
			1127	1264
			1126	1264
			1125	1264
			1124	1264
			1123	1264
			1122	1264
			1121	1264
			1120	1264
			1119	1264
			1118	1264
			1117	1264
			1116	1264
			1115	1264
			1114	1264
			1113	1264
			1112	1264
			1111	1264
			1110	1264
			1109	1264
			1108	1264
			1107	1264
			1106	1264
			1105	1264
			1104	1264
			1103	1264
			1102	1264
			1101	1265
			1100	1265
			1099	1265
			1098	1265
			1097	1265
			1096	1265
			1095	1265
			1094	1265
			1093	1265
			1092	1265
			1091	1265
			1090	1265
			1089	1265
			1088	1265
			1087	1265
			1086	1265
			1085	1265
			1084	1265
			1083	1265
			1082	1265
			1081	1265
			1080	1265
			1079	1265
			1078	1265
			1077	1265
			1076	1265
			1075	1265
			1074	1265
			1073	1265
			1072	1265
			1071	1265
			1070	1265
			1069	1265
			1068	1265
			1067	1265
			1066	1266
			1065	1266
			1064	1266
			1063	1266
			1062	1266
			1061	1266
			1060	1266
			1059	1266
			1058	1266
			1057	1266
			1056	1266
			1055	1266
			1054	1266
			1053	1266
			1052	1266
			1051	1266
			1050	1266
			1049	1266
			1048	1266
			1047	1266
			1046	1266
			1045	1266
			1044	1266
			1043	1266
			1042	1266
			1041	1266
			1040	1266
			1039	1266
			1038	1266
			1037	1266
			1036	1266
			1035	1266
			1034	1266
			1033	1266
			1032	1266
			1031	1266
			1030	1266
			1029	1266
			1028	1266
			1027	1266
			1026	1266
			1025	1266
			1024	1266
			1023	1266
			1022	1266
			1021	1266
			1020	1266
			1019	1266
			1018	1266
			1017	1266
			1016	1265
			1015	1265
			1014	1265
			1013	1265
			1012	1265
			1011	1265
			1010	1265
			1009	1265
			1008	1265
			1007	1265
			1006	1265
			1005	1265
			1004	1265
			1003	1265
			1002	1265
			1001	1265
			1000	1265
			999	1265
			998	1265
			997	1265
			996	1265
			995	1265
			994	1265
			993	1265
			992	1265
			991	1265
			990	1265
			989	1265
			988	1265
			987	1265
			986	1265
			985	1265
			984	1265
			983	1265
			982	1265
			981	1265
			980	1265
			979	1265
			978	1265
			977	1265
			976	1265
			975	1265
			974	1265
			973	1266
			972	1266
			971	1266
			970	1266
			969	1266
			968	1266
			967	1266
			966	1266
			965	1266
			964	1266
			963	1266
			962	1266
			961	1266
			960	1266
			959	1266
			958	1266
			957	1266
			956	1266
			955	1266
			954	1266
			953	1266
			952	1266
			951	1266
			950	1266
			949	1266
			948	1266
			947	1266
			946	1266
			945	1266
			944	1266
			943	1266
			942	1266
			941	1266
			940	1266
			939	1266
			938	1266
			937	1266
			936	1266
			935	1266
			934	1266
			933	1266
			932	1266
			931	1266
			930	1266
			929	1266
			928	1266
			927	1266
			926	1266
			925	1266
			924	1266
			923	1266
			922	1267
			921	1267
			920	1267
			919	1267
			918	1267
			917	1267
			916	1267
			915	1267
			914	1267
			913	1267
			912	1267
			911	1267
			910	1267
			909	1267
			908	1267
			907	1267
			906	1267
			905	1267
			904	1267
			903	1267
			902	1267
			901	1267
			900	1267
			899	1267
			898	1267
			897	1267
			896	1267
			895	1268
			894	1268
			893	1268
			892	1268
			891	1268
			890	1268
			889	1268
			888	1268
			887	1268
			886	1268
			885	1268
			884	1268
			883	1268
			882	1268
			881	1268
			880	1268
			879	1268
			878	1268
			877	1268
			876	1268
			875	1268
			874	1269
			873	1269
			872	1269
			871	1269
			870	1269
			869	1269
			868	1269
			867	1269
			866	1269
			865	1269
			864	1269
			863	1269
			862	1269
			861	1269
			860	1269
			859	1269
			858	1269
			857	1270
			856	1270
			855	1270
			854	1270
			853	1270
			852	1270
			851	1270
			850	1270
			849	1270
			848	1270
			847	1270
			846	1270
			845	1270
			844	1270
			843	1270
			842	1270
			841	1271
			840	1271
			839	1271
			838	1271
			837	1271
			836	1271
			835	1271
			834	1271
			833	1271
			832	1271
			831	1271
			830	1271
			829	1271
			828	1271
			827	1272
			826	1272
			825	1272
			824	1272
			823	1272
			822	1272
			821	1272
			820	1272
			819	1272
			818	1272
			817	1272
			816	1272
			815	1272
			814	1273
			813	1273
			812	1273
			811	1273
			810	1273
			809	1273
			808	1273
			807	1273
			806	1273
			805	1273
			804	1273
			803	1273
			802	1274
			801	1274
			800	1274
			799	1274
			798	1274
			797	1274
			796	1274
			795	1274
			794	1274
			793	1274
			792	1274
			791	1275
			790	1275
			789	1275
			788	1275
			787	1275
			786	1275
			785	1275
			784	1275
			783	1275
			782	1275
			781	1275
			780	1275
			779	1275
			779	1274
			778	1274
			777	1274
			776	1274
			775	1274
			774	1274
			773	1274
			772	1274
			771	1274
			770	1274
			769	1274
			768	1274
			767	1274
			766	1274
			765	1273
			764	1273
			763	1273
			762	1273
			761	1273
			760	1273
			759	1273
			758	1273
			757	1273
			756	1273
			755	1273
			754	1273
			753	1273
			752	1273
			751	1272
			750	1272
			749	1272
			748	1272
			747	1272
			746	1272
			745	1272
			744	1272
			743	1272
			742	1272
			741	1272
			740	1272
			739	1272
			738	1271
			737	1271
			736	1271
			735	1271
			734	1271
			733	1271
			732	1271
			731	1271
			730	1271
			729	1271
			728	1271
			727	1271
			726	1270
			725	1270
			724	1270
			723	1270
			722	1270
			721	1270
			720	1270
			719	1270
			718	1270
			717	1270
			716	1270
			715	1270
			714	1270
			713	1269
			712	1269
			711	1269
			710	1269
			709	1269
			708	1269
			707	1269
			706	1269
			705	1269
			704	1269
			703	1269
			702	1269
			701	1268
			700	1268
			699	1268
			698	1268
			697	1268
			696	1268
			695	1268
			694	1268
			693	1268
			692	1268
			691	1268
			690	1268
			689	1267
			688	1267
			687	1267
			686	1267
			685	1267
			684	1267
			683	1267
			682	1267
			681	1267
			680	1267
			679	1267
			678	1267
			677	1266
			676	1266
			675	1266
			674	1266
			673	1266
			672	1266
			671	1266
			670	1266
			669	1266
			668	1266
			667	1266
			666	1265
			665	1265
			664	1265
			663	1265
			662	1265
			661	1265
			660	1265
			659	1265
			658	1265
			657	1265
			656	1265
			655	1265
			654	1264
			653	1264
			652	1264
			651	1264
			650	1264
			649	1264
			648	1264
			647	1264
			646	1264
			645	1264
			644	1264
			643	1263
			642	1263
			641	1263
			640	1263
			639	1263
			638	1263
		</c2>
	</curves.pixel>
	<curves.scaled type=list>
		<c1 type=matrix rownames=FALSE colnames=FALSE nrow=1429 ncol=2 as.numeric=TRUE >
			25.7205795626334	-50.9170720808871
			25.7205795626334	-50.8767576928579
			25.7608939506626	-50.8364433048287
			25.7608939506626	-50.7961289167995
			25.7608939506626	-50.7558145287703
			25.7608939506626	-50.7155001407411
			25.8012083386918	-50.7155001407411
			25.8012083386918	-50.6751857527119
			25.8012083386918	-50.6348713646827
			25.841522726721	-50.5945569766535
			25.841522726721	-50.5542425886243
			25.841522726721	-50.513928200595
			25.8818371147502	-50.4736138125658
			25.8818371147502	-50.4332994245366
			25.9221515027794	-50.3929850365074
			25.9221515027794	-50.3526706484782
			25.9221515027794	-50.312356260449
			25.9624658908086	-50.2720418724198
			25.9624658908086	-50.2317274843906
			25.9624658908086	-50.1914130963614
			26.0027802788378	-50.1510987083322
			26.0027802788378	-50.110784320303
			26.043094666867	-50.0704699322738
			26.043094666867	-50.0301555442446
			26.043094666867	-49.9898411562154
			26.0834090548962	-49.9495267681862
			26.0834090548962	-49.909212380157
			26.1237234429254	-49.8688979921277
			26.1237234429254	-49.8285836040985
			26.1640378309547	-49.7882692160693
			26.1640378309547	-49.7479548280401
			26.2043522189839	-49.7076404400109
			26.2043522189839	-49.6673260519817
			26.2446666070131	-49.6270116639525
			26.2446666070131	-49.5866972759233
			26.2849809950423	-49.5463828878941
			26.2849809950423	-49.5060684998649
			26.3252953830715	-49.4657541118357
			26.3252953830715	-49.4254397238065
			26.3656097711007	-49.3851253357773
			26.3656097711007	-49.3448109477481
			26.4059241591299	-49.3044965597189
			26.4059241591299	-49.2641821716897
			26.4462385471591	-49.2641821716897
			26.4462385471591	-49.2238677836605
			26.4462385471591	-49.1835533956313
			26.4865529351883	-49.1835533956313
			26.4865529351883	-49.143239007602
			26.5268673232175	-49.1029246195728
			26.5268673232175	-49.0626102315436
			26.5671817112467	-49.0222958435144
			26.6074960992759	-48.9819814554852
			26.6478104873051	-48.941667067456
			26.6478104873051	-48.9013526794268
			26.6881248753343	-48.8610382913976
			26.6881248753343	-48.8207239033684
			26.7284392633635	-48.8207239033684
			26.7284392633635	-48.7804095153392
			26.7687536513927	-48.74009512731
			26.809068039422	-48.6997807392808
			26.8493824274512	-48.6594663512516
			26.8896968154804	-48.6191519632224
			26.8896968154804	-48.5788375751932
			26.9300112035096	-48.538523187164
			26.9703255915388	-48.4982087991348
			27.010639979568	-48.4578944111055
			27.0509543675972	-48.4175800230763
			27.0912687556264	-48.3772656350471
			27.1315831436556	-48.3369512470179
			27.1718975316848	-48.2966368589887
			27.212211919714	-48.2563224709595
			27.2525263077432	-48.2160080829303
			27.2928406957724	-48.1756936949011
			27.3331550838016	-48.1353793068719
			27.3734694718308	-48.1353793068719
			27.41378385986	-48.0950649188427
			27.4540982478892	-48.0547505308135
			27.4944126359185	-48.0144361427843
			27.5347270239477	-48.0144361427843
			27.5750414119769	-47.9741217547551
			27.6153558000061	-47.9338073667259
			27.6556701880353	-47.9338073667259
			27.6959845760645	-47.8934929786967
			27.7362989640937	-47.8934929786967
			27.7766133521229	-47.8531785906675
			27.8169277401521	-47.8531785906675
			27.8169277401521	-47.8128642026382
			27.8572421281813	-47.8128642026382
			27.8975565162105	-47.772549814609
			27.8975565162105	-47.7322354265798
			27.9378709042397	-47.6919210385506
			27.9781852922689	-47.6516066505214
			27.9781852922689	-47.6112922624922
			28.0184996802981	-47.6112922624922
			28.0588140683273	-47.570977874463
			28.0588140683273	-47.5306634864338
			28.0991284563565	-47.4903490984046
			28.0991284563565	-47.4500347103754
			28.1394428443857	-47.4097203223462
			28.179757232415	-47.4097203223462
			28.179757232415	-47.369405934317
			28.2200716204442	-47.3290915462878
			28.2603860084734	-47.2887771582586
			28.2603860084734	-47.2484627702294
			28.3007003965026	-47.2081483822002
			28.3410147845318	-47.2081483822002
			28.3410147845318	-47.167833994171
			28.381329172561	-47.1275196061417
			28.381329172561	-47.0872052181125
			28.4216435605902	-47.0468908300833
			28.4619579486194	-47.0468908300833
			28.4619579486194	-47.0065764420541
			28.5022723366486	-46.9662620540249
			28.5425867246778	-46.9259476659957
			28.5425867246778	-46.8856332779665
			28.582901112707	-46.8453188899373
			28.6232155007362	-46.8050045019081
			28.6635298887654	-46.7646901138789
			28.7038442767946	-46.7243757258497
			28.7038442767946	-46.6840613378205
			28.7441586648238	-46.6437469497913
			28.784473052853	-46.6034325617621
			28.8247874408823	-46.5631181737329
			28.8247874408823	-46.5228037857037
			28.8651018289115	-46.4824893976744
			28.9054162169407	-46.4421750096452
			28.9457306049699	-46.401860621616
			28.9457306049699	-46.3615462335868
			28.9860449929991	-46.3212318455576
			29.0263593810283	-46.2809174575284
			29.0666737690575	-46.2809174575284
			29.0666737690575	-46.2406030694992
			29.1069881570867	-46.20028868147
			29.1473025451159	-46.1599742934408
			29.1876169331451	-46.1196599054116
			29.1876169331451	-46.0793455173824
			29.2279313211743	-46.0390311293532
			29.2682457092035	-45.998716741324
			29.2682457092035	-45.9584023532948
			29.3085600972327	-45.9180879652656
			29.3488744852619	-45.8777735772364
			29.3891888732911	-45.8374591892072
			29.3891888732911	-45.797144801178
			29.4295032613203	-45.7568304131487
			29.4698176493495	-45.7568304131487
			29.5101320373787	-45.7165160251195
			29.5101320373787	-45.6762016370903
			29.550446425408	-45.6358872490611
			29.5907608134372	-45.5955728610319
			29.6310752014664	-45.5552584730027
			29.6310752014664	-45.5149440849735
			29.6713895894956	-45.4746296969443
			29.7117039775248	-45.4343153089151
			29.752018365554	-45.3940009208859
			29.7923327535832	-45.3536865328567
			29.8326471416124	-45.3133721448275
			29.8729615296416	-45.2730577567983
			29.8729615296416	-45.2327433687691
			29.9132759176708	-45.1924289807399
			29.9535903057	-45.1521145927107
			29.9939046937292	-45.1118002046815
			29.9939046937292	-45.0714858166522
			30.0342190817584	-45.031171428623
			30.0745334697876	-44.9908570405938
			30.1148478578168	-44.9505426525646
			30.155162245846	-44.9102282645354
			30.155162245846	-44.8699138765062
			30.1954766338753	-44.829599488477
			30.2357910219045	-44.7892851004478
			30.2761054099337	-44.7489707124186
			30.3164197979629	-44.7086563243894
			30.3567341859921	-44.6683419363602
			30.3970485740213	-44.628027548331
			30.3970485740213	-44.5877131603018
			30.4373629620505	-44.5473987722726
			30.4776773500797	-44.5473987722726
			30.4776773500797	-44.5070843842434
			30.5179917381089	-44.4667699962142
			30.5583061261381	-44.426455608185
			30.5986205141673	-44.3861412201557
			30.6389349021965	-44.3458268321265
			30.6389349021965	-44.3055124440973
			30.6792492902257	-44.2651980560681
			30.7195636782549	-44.2248836680389
			30.7598780662841	-44.1845692800097
			30.8001924543133	-44.1442548919805
			30.8001924543133	-44.1039405039513
			30.8405068423425	-44.0636261159221
			30.8808212303718	-44.0233117278929
			30.921135618401	-43.9829973398637
			30.9614500064302	-43.9426829518345
			31.0017643944594	-43.9023685638053
			31.0420787824886	-43.8620541757761
			31.0823931705178	-43.8217397877469
			31.122707558547	-43.7814253997177
			31.1630219465762	-43.7411110116884
			31.2033363346054	-43.7007966236592
			31.2033363346054	-43.66048223563
			31.2436507226346	-43.6201678476008
			31.2839651106638	-43.5798534595716
			31.324279498693	-43.5395390715424
			31.3645938867222	-43.4992246835132
			31.4049082747514	-43.458910295484
			31.4049082747514	-43.4185959074548
			31.4452226627806	-43.3782815194256
			31.4855370508098	-43.3782815194256
			31.4855370508098	-43.3379671313964
			31.525851438839	-43.2976527433672
			31.5661658268683	-43.257338355338
			31.6064802148975	-43.2170239673088
			31.6467946029267	-43.1767095792796
			31.6467946029267	-43.1363951912504
			31.6871089909559	-43.0960808032212
			31.7274233789851	-43.0960808032212
			31.7677377670143	-43.0557664151919
			31.7677377670143	-43.0154520271627
			31.8080521550435	-42.9751376391335
			31.8483665430727	-42.9348232511043
			31.8886809311019	-42.8945088630751
			31.9289953191311	-42.8541944750459
			31.9693097071603	-42.8138800870167
			32.0096240951895	-42.7735656989875
			32.0499384832187	-42.7332513109583
			32.0902528712479	-42.6929369229291
			32.1305672592771	-42.6526225348999
			32.1708816473063	-42.6123081468707
			32.2111960353355	-42.5719937588415
			32.2111960353355	-42.5316793708123
			32.2515104233648	-42.4913649827831
			32.291824811394	-42.4510505947539
			32.3321391994232	-42.4107362067246
			32.3724535874524	-42.3704218186954
			32.4127679754816	-42.3301074306662
			32.4530823635108	-42.289793042637
			32.49339675154	-42.2494786546078
			32.5337111395692	-42.2091642665786
			32.5337111395692	-42.1688498785494
			32.5740255275984	-42.1285354905202
			32.6143399156276	-42.088221102491
			32.6546543036568	-42.0479067144618
			32.694968691686	-42.0075923264326
			32.7352830797152	-42.0075923264326
			32.7755974677444	-41.9672779384034
			32.8159118557736	-41.9269635503742
			32.8562262438028	-41.886649162345
			32.8562262438028	-41.8463347743158
			32.896540631832	-41.8060203862866
			32.9368550198613	-41.7657059982574
			32.9771694078905	-41.7253916102282
			33.0174837959197	-41.6850772221989
			33.0577981839489	-41.6447628341697
			33.0981125719781	-41.6447628341697
			33.1384269600073	-41.6044484461405
			33.1384269600073	-41.5641340581113
			33.1787413480365	-41.5238196700821
			33.2190557360657	-41.4835052820529
			33.2593701240949	-41.4431908940237
			33.2996845121241	-41.4028765059945
			33.3399989001533	-41.3625621179653
			33.3803132881825	-41.3625621179653
			33.3803132881825	-41.3222477299361
			33.4206276762117	-41.2819333419069
			33.4609420642409	-41.2416189538777
			33.5012564522701	-41.2013045658485
			33.5415708402993	-41.1609901778193
			33.5818852283286	-41.1206757897901
			33.6221996163578	-41.1206757897901
			33.6221996163578	-41.0803614017609
			33.662514004387	-41.0400470137317
			33.7028283924162	-40.9997326257024
			33.7431427804454	-40.9594182376732
			33.7834571684746	-40.919103849644
			33.8237715565038	-40.919103849644
			33.864085944533	-40.8787894616148
			33.864085944533	-40.8384750735856
			33.9044003325622	-40.7981606855564
			33.9447147205914	-40.7578462975272
			33.9850291086206	-40.7578462975272
			34.0253434966498	-40.717531909498
			34.065657884679	-40.6772175214688
			34.065657884679	-40.6369031334396
			34.1059722727082	-40.5965887454104
			34.1462866607374	-40.5965887454104
			34.1866010487666	-40.5562743573812
			34.2269154367958	-40.515959969352
			34.2672298248251	-40.4756455813228
			34.3075442128543	-40.4353311932936
			34.3478586008835	-40.3950168052644
			34.3881729889127	-40.3547024172351
			34.4284873769419	-40.3143880292059
			34.4688017649711	-40.2740736411767
			34.5091161530003	-40.2337592531475
			34.5494305410295	-40.1934448651183
			34.5897449290587	-40.1531304770891
			34.6300593170879	-40.1531304770891
			34.6703737051171	-40.1128160890599
			34.7106880931463	-40.0725017010307
			34.7510024811755	-40.0321873130015
			34.7913168692047	-39.9918729249723
			34.8316312572339	-39.9515585369431
			34.8719456452631	-39.9112441489139
			34.9122600332923	-39.9112441489139
			34.9525744213216	-39.8709297608847
			34.9928888093508	-39.8306153728555
			35.03320319738	-39.7903009848263
			35.0735175854092	-39.7499865967971
			35.1138319734384	-39.7096722087679
			35.1541463614676	-39.7096722087679
			35.1944607494968	-39.6693578207386
			35.234775137526	-39.6290434327094
			35.2750895255552	-39.5887290446802
			35.3154039135844	-39.548414656651
			35.3557183016136	-39.548414656651
			35.3960326896428	-39.5081002686218
			35.3960326896428	-39.4677858805926
			35.436347077672	-39.4274714925634
			35.4766614657012	-39.3871571045342
			35.5169758537304	-39.3871571045342
			35.5572902417596	-39.346842716505
			35.5976046297888	-39.3065283284758
			35.6379190178181	-39.2662139404466
			35.6782334058473	-39.2662139404466
			35.7185477938765	-39.2258995524174
			35.7588621819057	-39.1855851643882
			35.7991765699349	-39.145270776359
			35.8394909579641	-39.145270776359
			35.8798053459933	-39.1049563883298
			35.9201197340225	-39.0646420003006
			35.9604341220517	-39.0646420003006
			36.0007485100809	-39.0243276122713
			36.0007485100809	-38.9840132242421
			36.0410628981101	-38.9436988362129
			36.0813772861393	-38.9436988362129
			36.1216916741685	-38.9033844481837
			36.1620060621977	-38.8630700601545
			36.2023204502269	-38.8630700601545
			36.2426348382561	-38.8227556721253
			36.2829492262853	-38.7824412840961
			36.3232636143146	-38.7824412840961
			36.3635780023438	-38.7421268960669
			36.403892390373	-38.7018125080377
			36.4442067784022	-38.7018125080377
			36.4442067784022	-38.6614981200085
			36.4845211664314	-38.6211837319793
			36.5248355544606	-38.6211837319793
			36.5651499424898	-38.5808693439501
			36.605464330519	-38.5808693439501
			36.605464330519	-38.5405549559209
			36.6457787185482	-38.5405549559209
			36.6860931065774	-38.5002405678917
			36.6860931065774	-38.4599261798625
			36.7264074946066	-38.4599261798625
			36.7667218826358	-38.4196117918333
			36.807036270665	-38.3792974038041
			36.8473506586942	-38.3389830157749
			36.8876650467234	-38.3389830157749
			36.9279794347526	-38.2986686277456
			36.9682938227819	-38.2583542397164
			37.0086082108111	-38.2583542397164
			37.0086082108111	-38.2180398516872
			37.0489225988403	-38.2180398516872
			37.0892369868695	-38.177725463658
			37.1295513748987	-38.1374110756288
			37.1698657629279	-38.1374110756288
			37.1698657629279	-38.0970966875996
			37.2101801509571	-38.0567822995704
			37.2504945389863	-38.0567822995704
			37.2908089270155	-38.0164679115412
			37.3311233150447	-38.0164679115412
			37.3311233150447	-37.976153523512
			37.3714377030739	-37.9358391354828
			37.4117520911031	-37.9358391354828
			37.4520664791323	-37.8955247474536
			37.4923808671615	-37.8955247474536
			37.4923808671615	-37.8552103594244
			37.5326952551907	-37.8148959713952
			37.5730096432199	-37.8148959713952
			37.6133240312491	-37.774581583366
			37.6536384192784	-37.7342671953368
			37.6939528073076	-37.6939528073076
			37.7342671953368	-37.6939528073076
			37.774581583366	-37.6536384192784
			37.8148959713952	-37.6133240312491
			37.8552103594244	-37.5730096432199
			37.8955247474536	-37.5730096432199
			37.9358391354828	-37.5326952551907
			37.976153523512	-37.4923808671615
			38.0164679115412	-37.4520664791323
			38.0567822995704	-37.4117520911031
			38.0970966875996	-37.4117520911031
			38.1374110756288	-37.3714377030739
			38.177725463658	-37.3311233150447
			38.2180398516872	-37.2908089270155
			38.2583542397164	-37.2908089270155
			38.2986686277456	-37.2504945389863
			38.3389830157749	-37.2101801509571
			38.3792974038041	-37.2101801509571
			38.3792974038041	-37.1698657629279
			38.4196117918333	-37.1698657629279
			38.4599261798625	-37.1295513748987
			38.5002405678917	-37.0892369868695
			38.5405549559209	-37.0489225988403
			38.5808693439501	-37.0489225988403
			38.6211837319793	-37.0086082108111
			38.6614981200085	-36.9682938227819
			38.7018125080377	-36.9682938227819
			38.7421268960669	-36.9279794347526
			38.7824412840961	-36.8876650467234
			38.8227556721253	-36.8473506586942
			38.8630700601545	-36.8473506586942
			38.8630700601545	-36.807036270665
			38.9033844481837	-36.7667218826358
			38.9436988362129	-36.7667218826358
			38.9840132242421	-36.7264074946066
			39.0243276122713	-36.6860931065774
			39.0646420003006	-36.6860931065774
			39.1049563883298	-36.6457787185482
			39.145270776359	-36.605464330519
			39.1855851643882	-36.605464330519
			39.2258995524174	-36.5651499424898
			39.2662139404466	-36.5651499424898
			39.2662139404466	-36.5248355544606
			39.3065283284758	-36.4845211664314
			39.346842716505	-36.4845211664314
			39.3871571045342	-36.4442067784022
			39.4274714925634	-36.403892390373
			39.4677858805926	-36.403892390373
			39.5081002686218	-36.3635780023438
			39.548414656651	-36.3232636143146
			39.5887290446802	-36.3232636143146
			39.5887290446802	-36.2829492262853
			39.6290434327094	-36.2426348382561
			39.6693578207386	-36.2426348382561
			39.7096722087679	-36.2023204502269
			39.7499865967971	-36.2023204502269
			39.7903009848263	-36.1620060621977
			39.8306153728555	-36.1216916741685
			39.8709297608847	-36.1216916741685
			39.8709297608847	-36.0813772861393
			39.9112441489139	-36.0813772861393
			39.9515585369431	-36.0410628981101
			39.9918729249723	-36.0007485100809
			40.0321873130015	-36.0007485100809
			40.0725017010307	-35.9604341220517
			40.1128160890599	-35.9604341220517
			40.1128160890599	-35.9201197340225
			40.1531304770891	-35.8798053459933
			40.1934448651183	-35.8798053459933
			40.2337592531475	-35.8394909579641
			40.2740736411767	-35.8394909579641
			40.3143880292059	-35.7991765699349
			40.3547024172351	-35.7588621819057
			40.3950168052644	-35.7185477938765
			40.4353311932936	-35.6782334058473
			40.4756455813228	-35.6782334058473
			40.515959969352	-35.6379190178181
			40.5562743573812	-35.5976046297888
			40.5965887454104	-35.5976046297888
			40.6369031334396	-35.5572902417596
			40.6772175214688	-35.5169758537304
			40.717531909498	-35.5169758537304
			40.7578462975272	-35.4766614657012
			40.7981606855564	-35.436347077672
			40.8384750735856	-35.436347077672
			40.8787894616148	-35.3960326896428
			40.919103849644	-35.3557183016136
			40.9594182376732	-35.3557183016136
			40.9997326257024	-35.3154039135844
			41.0400470137317	-35.2750895255552
			41.0803614017609	-35.2750895255552
			41.1206757897901	-35.234775137526
			41.1609901778193	-35.1944607494968
			41.2013045658485	-35.1944607494968
			41.2416189538777	-35.1541463614676
			41.2819333419069	-35.1541463614676
			41.3222477299361	-35.1138319734384
			41.3625621179653	-35.0735175854092
			41.4028765059945	-35.0735175854092
			41.4431908940237	-35.03320319738
			41.4835052820529	-34.9928888093508
			41.5238196700821	-34.9928888093508
			41.5641340581113	-34.9525744213216
			41.6044484461405	-34.9525744213216
			41.6044484461405	-34.9122600332923
			41.6447628341697	-34.8719456452631
			41.6850772221989	-34.8719456452631
			41.7253916102282	-34.8316312572339
			41.7657059982574	-34.8316312572339
			41.8060203862866	-34.7913168692047
			41.8463347743158	-34.7510024811755
			41.886649162345	-34.7510024811755
			41.9269635503742	-34.7106880931463
			41.9672779384034	-34.7106880931463
			42.0075923264326	-34.6703737051171
			42.0479067144618	-34.6703737051171
			42.088221102491	-34.6300593170879
			42.1285354905202	-34.5897449290587
			42.1688498785494	-34.5494305410295
			42.2091642665786	-34.5494305410295
			42.2494786546078	-34.5091161530003
			42.289793042637	-34.5091161530003
			42.3301074306662	-34.4688017649711
			42.3704218186954	-34.4284873769419
			42.4107362067246	-34.4284873769419
			42.4510505947539	-34.3881729889127
			42.4913649827831	-34.3881729889127
			42.5316793708123	-34.3478586008835
			42.5719937588415	-34.3478586008835
			42.6123081468707	-34.3075442128543
			42.6526225348999	-34.2672298248251
			42.6929369229291	-34.2672298248251
			42.7332513109583	-34.2269154367958
			42.7735656989875	-34.2269154367958
			42.8138800870167	-34.1866010487666
			42.8541944750459	-34.1462866607374
			42.8945088630751	-34.1462866607374
			42.9348232511043	-34.1059722727082
			42.9751376391335	-34.1059722727082
			43.0154520271627	-34.065657884679
			43.0557664151919	-34.065657884679
			43.0960808032212	-34.0253434966498
			43.1363951912504	-33.9850291086206
			43.1767095792796	-33.9850291086206
			43.2170239673088	-33.9850291086206
			43.2170239673088	-33.9447147205914
			43.257338355338	-33.9447147205914
			43.2976527433672	-33.9044003325622
			43.3379671313964	-33.9044003325622
			43.3782815194256	-33.864085944533
			43.4185959074548	-33.864085944533
			43.458910295484	-33.8237715565038
			43.4992246835132	-33.8237715565038
			43.5395390715424	-33.7834571684746
			43.5798534595716	-33.7431427804454
			43.6201678476008	-33.7431427804454
			43.66048223563	-33.7028283924162
			43.7007966236592	-33.7028283924162
			43.7411110116884	-33.662514004387
			43.7814253997177	-33.662514004387
			43.8217397877469	-33.6221996163578
			43.8620541757761	-33.6221996163578
			43.9023685638053	-33.5818852283286
			43.9426829518345	-33.5818852283286
			43.9829973398637	-33.5415708402993
			44.0233117278929	-33.5415708402993
			44.0636261159221	-33.5415708402993
			44.0636261159221	-33.5012564522701
			44.1039405039513	-33.5012564522701
			44.1442548919805	-33.4609420642409
			44.1845692800097	-33.4609420642409
			44.2248836680389	-33.4206276762117
			44.2651980560681	-33.4206276762117
			44.3055124440973	-33.4206276762117
			44.3458268321265	-33.3803132881825
			44.3861412201557	-33.3399989001533
			44.426455608185	-33.3399989001533
			44.4667699962142	-33.2996845121241
			44.5070843842434	-33.2996845121241
			44.5473987722726	-33.2593701240949
			44.5877131603018	-33.2593701240949
			44.628027548331	-33.2593701240949
			44.6683419363602	-33.2190557360657
			44.7086563243894	-33.2190557360657
			44.7489707124186	-33.1787413480365
			44.7892851004478	-33.1787413480365
			44.829599488477	-33.1384269600073
			44.8699138765062	-33.1384269600073
			44.9102282645354	-33.1384269600073
			44.9505426525646	-33.0981125719781
			44.9908570405938	-33.0981125719781
			45.031171428623	-33.0577981839489
			45.0714858166522	-33.0577981839489
			45.1118002046815	-33.0577981839489
			45.1521145927107	-33.0174837959197
			45.1924289807399	-33.0174837959197
			45.2327433687691	-33.0174837959197
			45.2730577567983	-32.9771694078905
			45.3133721448275	-32.9771694078905
			45.3536865328567	-32.9368550198613
			45.3940009208859	-32.9368550198613
			45.4343153089151	-32.9368550198613
			45.4343153089151	-32.896540631832
			45.4746296969443	-32.896540631832
			45.5149440849735	-32.896540631832
			45.5552584730027	-32.896540631832
			45.5955728610319	-32.8562262438028
			45.6358872490611	-32.8562262438028
			45.6762016370903	-32.8159118557736
			45.7165160251195	-32.8159118557736
			45.7568304131487	-32.8159118557736
			45.797144801178	-32.7755974677444
			45.8374591892072	-32.7755974677444
			45.8777735772364	-32.7755974677444
			45.9180879652656	-32.7755974677444
			45.9584023532948	-32.7352830797152
			45.998716741324	-32.7352830797152
			46.0390311293532	-32.7352830797152
			46.0793455173824	-32.694968691686
			46.1196599054116	-32.694968691686
			46.1599742934408	-32.694968691686
			46.20028868147	-32.694968691686
			46.2406030694992	-32.6546543036568
			46.2809174575284	-32.6546543036568
			46.3212318455576	-32.6546543036568
			46.3615462335868	-32.6546543036568
			46.401860621616	-32.6143399156276
			46.4421750096452	-32.6143399156276
			46.4824893976744	-32.6143399156276
			46.5228037857037	-32.6143399156276
			46.5631181737329	-32.6143399156276
			46.6034325617621	-32.6143399156276
			46.6437469497913	-32.5740255275984
			46.6840613378205	-32.5740255275984
			46.7243757258497	-32.5740255275984
			46.7646901138789	-32.5740255275984
			46.8050045019081	-32.5740255275984
			46.8453188899373	-32.5740255275984
			46.8856332779665	-32.5740255275984
			46.9259476659957	-32.5337111395692
			46.9662620540249	-32.5337111395692
			47.0065764420541	-32.5337111395692
			47.0468908300833	-32.5337111395692
			47.0872052181125	-32.5337111395692
			47.1275196061417	-32.5337111395692
			47.167833994171	-32.5337111395692
			47.2081483822002	-32.5337111395692
			47.2484627702294	-32.5337111395692
			47.2887771582586	-32.5337111395692
			47.3290915462878	-32.5337111395692
			47.369405934317	-32.5337111395692
			47.4097203223462	-32.5337111395692
			47.4500347103754	-32.5337111395692
			47.4903490984046	-32.5337111395692
			47.5306634864338	-32.5337111395692
			47.570977874463	-32.49339675154
			47.6112922624922	-32.49339675154
			47.6516066505214	-32.49339675154
			47.6919210385506	-32.49339675154
			47.7322354265798	-32.49339675154
			47.772549814609	-32.49339675154
			47.8128642026382	-32.49339675154
			47.8531785906675	-32.49339675154
			47.8934929786967	-32.49339675154
			47.9338073667259	-32.49339675154
			47.9741217547551	-32.49339675154
			48.0144361427843	-32.49339675154
			48.0547505308135	-32.4530823635108
			48.0950649188427	-32.4530823635108
			48.1353793068719	-32.4530823635108
			48.1756936949011	-32.4530823635108
			48.2160080829303	-32.4530823635108
			48.2563224709595	-32.4530823635108
			48.2966368589887	-32.4530823635108
			48.3369512470179	-32.4530823635108
			48.3772656350471	-32.4530823635108
			48.4175800230763	-32.4530823635108
			48.4578944111055	-32.4530823635108
			48.4982087991348	-32.4530823635108
			48.538523187164	-32.4530823635108
			48.5788375751932	-32.4530823635108
			48.6191519632224	-32.4530823635108
			48.6594663512516	-32.4127679754816
			48.6997807392808	-32.4127679754816
			48.74009512731	-32.4127679754816
			48.7804095153392	-32.4127679754816
			48.8207239033684	-32.4127679754816
			48.8610382913976	-32.4127679754816
			48.9013526794268	-32.4127679754816
			48.941667067456	-32.4127679754816
			48.9819814554852	-32.4127679754816
			49.0222958435144	-32.4127679754816
			49.0626102315436	-32.4127679754816
			49.1029246195728	-32.4127679754816
			49.143239007602	-32.4127679754816
			49.1835533956313	-32.4127679754816
			49.2238677836605	-32.4127679754816
			49.2641821716897	-32.4127679754816
			49.3044965597189	-32.4127679754816
			49.3448109477481	-32.3724535874524
			49.3851253357773	-32.3724535874524
			49.4254397238065	-32.3724535874524
			49.4657541118357	-32.3724535874524
			49.5060684998649	-32.3724535874524
			49.5463828878941	-32.3724535874524
			49.5866972759233	-32.3724535874524
			49.6270116639525	-32.3724535874524
			49.6673260519817	-32.3724535874524
			49.7076404400109	-32.3724535874524
			49.7479548280401	-32.3724535874524
			49.7882692160693	-32.3724535874524
			49.8285836040985	-32.3724535874524
			49.8688979921277	-32.3724535874524
			49.909212380157	-32.3724535874524
			49.9495267681862	-32.3724535874524
			49.9898411562154	-32.3724535874524
			50.0301555442446	-32.3724535874524
			50.0704699322738	-32.3724535874524
			50.110784320303	-32.3724535874524
			50.1510987083322	-32.3724535874524
			50.1914130963614	-32.3724535874524
			50.2317274843906	-32.3724535874524
			50.2720418724198	-32.3321391994232
			50.312356260449	-32.3321391994232
			50.3526706484782	-32.3321391994232
			50.3929850365074	-32.3321391994232
			50.4332994245366	-32.3321391994232
			50.4736138125658	-32.3321391994232
			50.513928200595	-32.3321391994232
			50.5542425886243	-32.3321391994232
			50.5945569766535	-32.3321391994232
			50.6348713646827	-32.3321391994232
			50.6751857527119	-32.3321391994232
			50.7155001407411	-32.3321391994232
			50.7558145287703	-32.3321391994232
			50.7961289167995	-32.3321391994232
			50.8364433048287	-32.3321391994232
			50.8767576928579	-32.3321391994232
			50.9170720808871	-32.3321391994232
			50.9573864689163	-32.3321391994232
			50.9977008569455	-32.3321391994232
			51.0380152449747	-32.3321391994232
			51.0783296330039	-32.3321391994232
			51.1186440210331	-32.3321391994232
			51.1589584090623	-32.3321391994232
			51.1992727970915	-32.3321391994232
			51.2395871851208	-32.3321391994232
			51.27990157315	-32.3321391994232
			51.3202159611792	-32.3321391994232
			51.3605303492084	-32.3321391994232
			51.4008447372376	-32.3321391994232
			51.4411591252668	-32.3321391994232
			51.481473513296	-32.3321391994232
			51.5217879013252	-32.3321391994232
			51.5621022893544	-32.3321391994232
			51.6024166773836	-32.3321391994232
			51.6427310654128	-32.3321391994232
			51.683045453442	-32.3321391994232
			51.7233598414712	-32.3321391994232
			51.7636742295004	-32.3321391994232
			51.8039886175296	-32.3321391994232
			51.8443030055588	-32.3321391994232
			51.8846173935881	-32.3321391994232
			51.9249317816173	-32.3321391994232
			51.9652461696465	-32.3321391994232
			52.0055605576757	-32.3321391994232
			52.0458749457049	-32.3321391994232
			52.0861893337341	-32.3321391994232
			52.1265037217633	-32.3321391994232
			52.1668181097925	-32.3321391994232
			52.2071324978217	-32.3321391994232
			52.2474468858509	-32.3321391994232
			52.2877612738801	-32.3321391994232
			52.3280756619093	-32.3321391994232
			52.3683900499385	-32.3321391994232
			52.4087044379677	-32.3321391994232
			52.4490188259969	-32.3321391994232
			52.4893332140261	-32.3321391994232
			52.5296476020553	-32.3321391994232
			52.5699619900846	-32.3321391994232
			52.6102763781138	-32.3321391994232
			52.650590766143	-32.3321391994232
			52.6909051541722	-32.3321391994232
			52.7312195422014	-32.3321391994232
			52.7715339302306	-32.3321391994232
			52.8118483182598	-32.3321391994232
			52.852162706289	-32.3321391994232
			52.8924770943182	-32.3321391994232
			52.9327914823474	-32.3321391994232
			52.9731058703766	-32.3321391994232
			53.0134202584058	-32.3321391994232
			53.053734646435	-32.3321391994232
			53.0940490344642	-32.3321391994232
			53.1343634224934	-32.3321391994232
			53.1746778105226	-32.3321391994232
			53.2149921985518	-32.3321391994232
			53.255306586581	-32.3321391994232
			53.2956209746103	-32.3321391994232
			53.3359353626395	-32.3321391994232
			53.3762497506687	-32.3321391994232
			53.4165641386979	-32.3321391994232
			53.4568785267271	-32.3321391994232
			53.4971929147563	-32.3321391994232
			53.5375073027855	-32.3724535874524
			53.5778216908147	-32.3724535874524
			53.6181360788439	-32.3724535874524
			53.6584504668731	-32.3724535874524
			53.6987648549023	-32.3724535874524
			53.7390792429315	-32.3724535874524
			53.7793936309607	-32.3724535874524
			53.8197080189899	-32.3724535874524
			53.8600224070191	-32.3724535874524
			53.9003367950483	-32.3724535874524
			53.9406511830775	-32.3724535874524
			53.9809655711068	-32.3724535874524
			54.021279959136	-32.3724535874524
			54.0615943471652	-32.3724535874524
			54.1019087351944	-32.3724535874524
			54.1422231232236	-32.3724535874524
			54.1825375112528	-32.3724535874524
			54.222851899282	-32.3724535874524
			54.2631662873112	-32.3724535874524
			54.3034806753404	-32.3724535874524
			54.3437950633696	-32.4127679754816
			54.3841094513988	-32.4127679754816
			54.424423839428	-32.4127679754816
			54.4647382274572	-32.4127679754816
			54.5050526154864	-32.4127679754816
			54.5453670035156	-32.4127679754816
			54.5856813915448	-32.4127679754816
			54.6259957795741	-32.4127679754816
			54.6663101676033	-32.4127679754816
			54.7066245556325	-32.4127679754816
			54.7469389436617	-32.4127679754816
			54.7872533316909	-32.4127679754816
			54.8275677197201	-32.4127679754816
			54.8678821077493	-32.4127679754816
			54.9081964957785	-32.4127679754816
			54.9485108838077	-32.4530823635108
			54.9888252718369	-32.4530823635108
			55.0291396598661	-32.4530823635108
			55.0694540478953	-32.4530823635108
			55.1097684359245	-32.4530823635108
			55.1500828239537	-32.4530823635108
			55.1903972119829	-32.4530823635108
			55.2307116000121	-32.4530823635108
			55.2710259880413	-32.4530823635108
			55.3113403760706	-32.4530823635108
			55.3516547640998	-32.49339675154
			55.391969152129	-32.49339675154
			55.4322835401582	-32.49339675154
			55.4725979281874	-32.49339675154
			55.5129123162166	-32.49339675154
			55.5532267042458	-32.49339675154
			55.593541092275	-32.49339675154
			55.6338554803042	-32.49339675154
			55.6741698683334	-32.49339675154
			55.7144842563626	-32.49339675154
			55.7547986443918	-32.49339675154
			55.795113032421	-32.5337111395692
			55.8354274204502	-32.5337111395692
			55.8757418084794	-32.5337111395692
			55.9160561965086	-32.5337111395692
			55.9563705845379	-32.5337111395692
			55.9966849725671	-32.5337111395692
			56.0369993605963	-32.5337111395692
			56.0773137486255	-32.5337111395692
			56.1176281366547	-32.5740255275984
			56.1579425246839	-32.5740255275984
			56.1982569127131	-32.5740255275984
			56.2385713007423	-32.5740255275984
			56.2788856887715	-32.5740255275984
			56.3192000768007	-32.5740255275984
			56.3595144648299	-32.5740255275984
			56.3998288528591	-32.5740255275984
			56.4401432408883	-32.6143399156276
			56.4804576289175	-32.6143399156276
			56.5207720169467	-32.6143399156276
			56.5610864049759	-32.6143399156276
			56.6014007930051	-32.6143399156276
			56.6417151810343	-32.6143399156276
			56.6820295690636	-32.6143399156276
			56.7223439570928	-32.6546543036568
			56.762658345122	-32.6546543036568
			56.8029727331512	-32.6546543036568
			56.8432871211804	-32.6546543036568
			56.8836015092096	-32.6546543036568
			56.9239158972388	-32.6546543036568
			56.964230285268	-32.6546543036568
			57.0045446732972	-32.694968691686
			57.0448590613264	-32.694968691686
			57.0851734493556	-32.694968691686
			57.1254878373848	-32.694968691686
			57.165802225414	-32.694968691686
			57.2061166134432	-32.694968691686
			57.2464310014724	-32.7352830797152
			57.2867453895016	-32.7352830797152
			57.3270597775308	-32.7352830797152
			57.3673741655601	-32.7352830797152
			57.4076885535893	-32.7352830797152
			57.4480029416185	-32.7352830797152
			57.4480029416185	-32.7755974677444
			57.4883173296477	-32.7755974677444
			57.5286317176769	-32.7755974677444
			57.5689461057061	-32.7755974677444
			57.6092604937353	-32.7755974677444
			57.6495748817645	-32.7755974677444
			57.6898892697937	-32.8159118557736
			57.7302036578229	-32.8159118557736
			57.7705180458521	-32.8159118557736
			57.8108324338813	-32.8159118557736
			57.8511468219105	-32.8159118557736
			57.8914612099397	-32.8562262438028
			57.9317755979689	-32.8562262438028
			57.9720899859981	-32.8562262438028
			58.0124043740274	-32.8562262438028
			58.0527187620566	-32.8562262438028
			58.0930331500858	-32.896540631832
			58.133347538115	-32.896540631832
			58.1736619261442	-32.896540631832
			58.2139763141734	-32.896540631832
			58.2542907022026	-32.9368550198613
			58.2946050902318	-32.9368550198613
			58.334919478261	-32.9368550198613
			58.3752338662902	-32.9368550198613
			58.4155482543194	-32.9368550198613
			58.4558626423486	-32.9771694078905
			58.4961770303778	-32.9771694078905
			58.536491418407	-32.9771694078905
			58.5768058064362	-32.9771694078905
			58.6171201944654	-33.0174837959197
			58.6574345824946	-33.0174837959197
			58.6977489705239	-33.0174837959197
			58.7380633585531	-33.0174837959197
			58.7783777465823	-33.0577981839489
			58.8186921346115	-33.0577981839489
			58.8590065226407	-33.0577981839489
			58.8993209106699	-33.0981125719781
			58.9396352986991	-33.0981125719781
			58.9799496867283	-33.0981125719781
			59.0202640747575	-33.0981125719781
			59.0605784627867	-33.1384269600073
			59.1008928508159	-33.1384269600073
			59.1412072388451	-33.1384269600073
			59.1815216268743	-33.1384269600073
			59.1815216268743	-33.1787413480365
			59.2218360149035	-33.1787413480365
			59.2621504029327	-33.1787413480365
			59.3024647909619	-33.1787413480365
			59.3427791789912	-33.2190557360657
			59.3830935670204	-33.2190557360657
			59.4234079550496	-33.2190557360657
			59.4637223430788	-33.2190557360657
			59.504036731108	-33.2593701240949
			59.5443511191372	-33.2593701240949
			59.5846655071664	-33.2996845121241
			59.6249798951956	-33.2996845121241
			59.6652942832248	-33.2996845121241
			59.705608671254	-33.2996845121241
			59.7459230592832	-33.3399989001533
			59.7862374473124	-33.3399989001533
			59.8265518353416	-33.3399989001533
			59.8668662233708	-33.3803132881825
			59.9071806114	-33.3803132881825
			59.9474949994292	-33.4206276762117
			59.9878093874584	-33.4206276762117
			60.0281237754876	-33.4609420642409
			60.0684381635169	-33.5012564522701
			60.1087525515461	-33.5415708402993
			60.1490669395753	-33.5415708402993
			60.1893813276045	-33.5818852283286
			60.2296957156337	-33.6221996163578
			60.2700101036629	-33.6221996163578
			60.2700101036629	-33.662514004387
			60.3103244916921	-33.662514004387
			60.3506388797213	-33.662514004387
			60.3506388797213	-33.7028283924162
			60.3909532677505	-33.7028283924162
			60.3909532677505	-33.7431427804454
			60.4312676557797	-33.7431427804454
			60.4715820438089	-33.7834571684746
			60.5118964318381	-33.8237715565038
			60.5522108198673	-33.8237715565038
			60.5925252078965	-33.864085944533
			60.6328395959257	-33.9044003325622
			60.6731539839549	-33.9447147205914
			60.7134683719841	-33.9850291086206
			60.7537827600134	-33.9850291086206
			60.7940971480426	-34.0253434966498
			60.8344115360718	-34.065657884679
			60.874725924101	-34.1059722727082
			60.9150403121302	-34.1462866607374
			60.9553547001594	-34.1462866607374
			60.9956690881886	-34.1866010487666
			61.0359834762178	-34.2269154367958
			61.076297864247	-34.2672298248251
			61.1166122522762	-34.3075442128543
			61.1569266403054	-34.3478586008835
			61.1972410283346	-34.3881729889127
			61.2375554163638	-34.3881729889127
			61.277869804393	-34.4284873769419
			61.3181841924222	-34.4688017649711
			61.3584985804514	-34.5091161530003
			61.3584985804514	-34.5494305410295
			61.3988129684806	-34.5897449290587
			61.4391273565099	-34.5897449290587
			61.4794417445391	-34.6300593170879
			61.5197561325683	-34.6703737051171
			61.5600705205975	-34.7106880931463
			61.6003849086267	-34.7510024811755
			61.6406992966559	-34.7913168692047
			61.6810136846851	-34.8316312572339
			61.7213280727143	-34.8719456452631
			61.7616424607435	-34.9122600332923
			61.8019568487727	-34.9525744213216
			61.8422712368019	-34.9928888093508
			61.8825856248311	-35.03320319738
			61.9229000128603	-35.0735175854092
			61.9632144008895	-35.1138319734384
			62.0035287889187	-35.1541463614676
			62.0438431769479	-35.1944607494968
			62.0438431769479	-35.234775137526
			62.0841575649772	-35.234775137526
			62.0841575649772	-35.2750895255552
			62.1244719530064	-35.3154039135844
			62.1647863410356	-35.3557183016136
			62.2051007290648	-35.3960326896428
			62.245415117094	-35.436347077672
			62.2857295051232	-35.4766614657012
			62.2857295051232	-35.5169758537304
			62.3260438931524	-35.5572902417596
			62.3663582811816	-35.5572902417596
			62.3663582811816	-35.5976046297888
			62.4066726692108	-35.6379190178181
			62.44698705724	-35.6782334058473
			62.44698705724	-35.7185477938765
			62.4873014452692	-35.7185477938765
			62.4873014452692	-35.7588621819057
			62.5276158332984	-35.7991765699349
			62.5679302213276	-35.8394909579641
			62.5679302213276	-35.8798053459933
			62.6082446093568	-35.8798053459933
			62.6082446093568	-35.9201197340225
			62.648558997386	-35.9604341220517
			62.648558997386	-36.0007485100809
			62.6888733854152	-36.0007485100809
			62.7291877734444	-36.0410628981101
			62.7291877734444	-36.0813772861393
			62.7695021614737	-36.1216916741685
			62.7695021614737	-36.1620060621977
			62.8098165495029	-36.1620060621977
			62.8098165495029	-36.2023204502269
			62.8501309375321	-36.2426348382561
			62.8501309375321	-36.2829492262853
			62.8904453255613	-36.3232636143146
			62.9307597135905	-36.3635780023438
			62.9710741016197	-36.403892390373
			62.9710741016197	-36.4442067784022
			63.0113884896489	-36.4845211664314
			63.0113884896489	-36.5248355544606
			63.0517028776781	-36.5651499424898
			63.0920172657073	-36.605464330519
			63.0920172657073	-36.6457787185482
			63.1323316537365	-36.6860931065774
			63.1323316537365	-36.7264074946066
			63.1726460417657	-36.7667218826358
			63.1726460417657	-36.807036270665
			63.2129604297949	-36.8473506586942
			63.2129604297949	-36.8876650467234
			63.2532748178241	-36.9279794347526
			63.2532748178241	-36.9682938227819
			63.2935892058533	-37.0086082108111
			63.3339035938825	-37.0489225988403
			63.3339035938825	-37.0892369868695
			63.3742179819117	-37.1295513748987
			63.3742179819117	-37.1698657629279
			63.414532369941	-37.2101801509571
			63.414532369941	-37.2504945389863
			63.414532369941	-37.2908089270155
			63.4548467579702	-37.3311233150447
			63.4548467579702	-37.3714377030739
			63.4951611459994	-37.4117520911031
			63.4951611459994	-37.4520664791323
			63.5354755340286	-37.4923808671615
			63.5354755340286	-37.5326952551907
			63.5354755340286	-37.5730096432199
			63.5757899220578	-37.6133240312491
			63.5757899220578	-37.6536384192784
			63.616104310087	-37.6939528073076
			63.616104310087	-37.7342671953368
			63.6564186981162	-37.774581583366
			63.6967330861454	-37.8148959713952
			63.6967330861454	-37.8552103594244
			63.7370474741746	-37.8955247474536
			63.7773618622038	-37.9358391354828
			63.7773618622038	-37.976153523512
			63.817676250233	-37.976153523512
			63.8579906382622	-38.0164679115412
			63.8579906382622	-38.0567822995704
			63.8983050262914	-38.0970966875996
			63.9386194143206	-38.1374110756288
			63.9386194143206	-38.177725463658
			63.9789338023498	-38.177725463658
			64.019248190379	-38.2180398516872
			64.019248190379	-38.2583542397164
			64.0595625784082	-38.2986686277456
			64.0595625784082	-38.3389830157749
			64.0998769664374	-38.3792974038041
			64.1401913544667	-38.3792974038041
			64.1401913544667	-38.4196117918333
			64.1805057424959	-38.4599261798625
			64.2208201305251	-38.5002405678917
			64.2208201305251	-38.5405549559209
			64.2611345185543	-38.5405549559209
			64.3014489065835	-38.5808693439501
			64.3014489065835	-38.6211837319793
			64.3417632946127	-38.6614981200085
			64.3417632946127	-38.7018125080377
			64.3820776826419	-38.7421268960669
			64.4223920706711	-38.7421268960669
			64.4223920706711	-38.7824412840961
			64.4627064587003	-38.8227556721253
			64.5030208467295	-38.8630700601545
			64.5030208467295	-38.9033844481837
			64.5433352347587	-38.9033844481837
			64.5836496227879	-38.9436988362129
			64.5836496227879	-38.9840132242421
			64.6239640108171	-39.0243276122713
			64.6239640108171	-39.0646420003006
			64.6642783988463	-39.1049563883298
			64.7045927868755	-39.1049563883298
			64.7045927868755	-39.145270776359
			64.7449071749047	-39.1855851643882
			64.7449071749047	-39.2258995524174
			64.785221562934	-39.2662139404466
			64.8255359509632	-39.2662139404466
			64.8255359509632	-39.3065283284758
			64.8658503389924	-39.346842716505
			64.9061647270216	-39.3871571045342
			64.9061647270216	-39.4274714925634
			64.9464791150508	-39.4274714925634
			64.9464791150508	-39.4677858805926
			64.98679350308	-39.5081002686218
			65.0271078911092	-39.548414656651
			65.0271078911092	-39.5887290446802
			65.0674222791384	-39.5887290446802
			65.0674222791384	-39.6290434327094
			65.1077366671676	-39.6693578207386
			65.1480510551968	-39.7096722087679
			65.1480510551968	-39.7499865967971
			65.188365443226	-39.7499865967971
			65.188365443226	-39.7903009848263
			65.2286798312552	-39.8306153728555
			65.2689942192844	-39.8709297608847
			65.2689942192844	-39.9112441489139
			65.3093086073136	-39.9112441489139
			65.3093086073136	-39.9515585369431
			65.3496229953428	-39.9918729249723
			65.389937383372	-40.0321873130015
			65.389937383372	-40.0725017010307
			65.4302517714012	-40.0725017010307
			65.4302517714012	-40.1128160890599
			65.4705661594304	-40.1531304770891
			65.4705661594304	-40.1934448651183
			65.5108805474597	-40.2337592531475
			65.5511949354889	-40.2337592531475
			65.5511949354889	-40.2740736411767
			65.5915093235181	-40.3143880292059
			65.5915093235181	-40.3547024172351
			65.6318237115473	-40.3950168052644
			65.6721380995765	-40.3950168052644
			65.6721380995765	-40.4353311932936
			65.7124524876057	-40.4756455813228
			65.7124524876057	-40.515959969352
			65.7527668756349	-40.5562743573812
			65.7930812636641	-40.5965887454104
			65.8333956516933	-40.6369031334396
			65.8333956516933	-40.6772175214688
			65.8737100397225	-40.717531909498
			65.9140244277517	-40.7578462975272
			65.9140244277517	-40.7981606855564
			65.9543388157809	-40.8384750735856
			65.9946532038101	-40.8787894616148
			65.9946532038101	-40.919103849644
			66.0349675918393	-40.9594182376732
			66.0752819798685	-40.9997326257024
			66.0752819798685	-41.0400470137317
			66.1155963678978	-41.0400470137317
			66.155910755927	-41.0803614017609
			66.155910755927	-41.1206757897901
			66.1962251439562	-41.1609901778193
			66.2365395319854	-41.2013045658485
			66.2365395319854	-41.2416189538777
			66.2768539200146	-41.2819333419069
			66.3171683080438	-41.3222477299361
			66.3171683080438	-41.3625621179653
			66.357482696073	-41.4028765059945
			66.3977970841022	-41.4431908940237
			66.3977970841022	-41.4835052820529
			66.4381114721314	-41.5238196700821
			66.4784258601606	-41.5641340581113
			66.5187402481898	-41.6044484461405
			66.5187402481898	-41.6447628341697
			66.559054636219	-41.6850772221989
			66.5993690242482	-41.7253916102282
			66.6396834122774	-41.7657059982574
			66.6396834122774	-41.8060203862866
			66.6799978003066	-41.8463347743158
			66.6799978003066	-41.886649162345
			66.7203121883358	-41.9269635503742
			66.760626576365	-41.9269635503742
			66.760626576365	-41.9672779384034
			66.8009409643942	-42.0075923264326
			66.8009409643942	-42.0479067144618
			66.8412553524235	-42.088221102491
			66.8815697404527	-42.1285354905202
			66.8815697404527	-42.1688498785494
			66.9218841284819	-42.2091642665786
			66.9621985165111	-42.2494786546078
			66.9621985165111	-42.289793042637
			67.0025129045403	-42.3301074306662
			67.0428272925695	-42.3704218186954
			67.0428272925695	-42.4107362067246
			67.0831416805987	-42.4510505947539
			67.1234560686279	-42.4913649827831
			67.1234560686279	-42.5316793708123
			67.1637704566571	-42.5719937588415
			67.2040848446863	-42.5719937588415
			67.2040848446863	-42.6123081468707
			67.2443992327155	-42.6526225348999
			67.2443992327155	-42.6929369229291
			67.2847136207447	-42.7332513109583
			67.3250280087739	-42.7735656989875
			67.3250280087739	-42.8138800870167
			67.3653423968031	-42.8541944750459
			67.4056567848323	-42.8945088630751
			67.4056567848323	-42.9348232511043
			67.4459711728615	-42.9751376391335
			67.4459711728615	-43.0154520271627
			67.4862855608907	-43.0557664151919
			67.52659994892	-43.0960808032212
			67.52659994892	-43.1363951912504
			67.5669143369492	-43.1363951912504
			67.5669143369492	-43.1767095792796
			67.6072287249784	-43.2170239673088
			67.6475431130076	-43.257338355338
			67.6475431130076	-43.2976527433672
			67.6878575010368	-43.3379671313964
			67.728171889066	-43.3782815194256
			67.728171889066	-43.4185959074548
			67.7684862770952	-43.458910295484
			67.7684862770952	-43.4992246835132
			67.8088006651244	-43.5395390715424
			67.8491150531536	-43.5798534595716
			67.8491150531536	-43.6201678476008
			67.8894294411828	-43.6201678476008
			67.8894294411828	-43.66048223563
			67.929743829212	-43.7007966236592
			67.929743829212	-43.7411110116884
			67.9700582172412	-43.7814253997177
			68.0103726052704	-43.8217397877469
			68.0103726052704	-43.8620541757761
			68.0506869932996	-43.9023685638053
			68.0506869932996	-43.9426829518345
			68.0910013813288	-43.9829973398637
			68.131315769358	-44.0233117278929
			68.131315769358	-44.0636261159221
			68.1716301573873	-44.0636261159221
			68.1716301573873	-44.1039405039513
			68.2119445454165	-44.1442548919805
			68.2119445454165	-44.1845692800097
			68.2522589334457	-44.2248836680389
			68.2925733214749	-44.2651980560681
			68.2925733214749	-44.3055124440973
			68.3328877095041	-44.3458268321265
			68.3328877095041	-44.3861412201557
			68.3732020975333	-44.426455608185
			68.4135164855625	-44.4667699962142
			68.4538308735917	-44.5070843842434
			68.4538308735917	-44.5473987722726
			68.4538308735917	-44.5877131603018
			68.4941452616209	-44.5877131603018
			68.4941452616209	-44.628027548331
			68.5344596496501	-44.6683419363602
			68.5344596496501	-44.7086563243894
			68.5747740376793	-44.7489707124186
			68.6150884257085	-44.7892851004478
			68.6150884257085	-44.829599488477
			68.6554028137377	-44.8699138765062
			68.6554028137377	-44.9102282645354
			68.6957172017669	-44.9505426525646
			68.7360315897961	-44.9908570405938
			68.7360315897961	-45.031171428623
			68.7763459778253	-45.0714858166522
			68.7763459778253	-45.1118002046815
			68.8166603658545	-45.1521145927107
			68.8166603658545	-45.1924289807399
			68.8569747538837	-45.1924289807399
			68.8569747538837	-45.2327433687691
			68.8972891419129	-45.2730577567983
			68.9376035299422	-45.3133721448275
			68.9376035299422	-45.3536865328567
			68.9779179179714	-45.3940009208859
			68.9779179179714	-45.4343153089151
			69.0182323060006	-45.4746296969443
			69.0182323060006	-45.5149440849735
			69.0585466940298	-45.5552584730027
			69.0585466940298	-45.5955728610319
			69.098861082059	-45.5955728610319
			69.098861082059	-45.6358872490611
			69.1391754700882	-45.6762016370903
			69.1391754700882	-45.7165160251195
			69.1794898581174	-45.7568304131487
			69.1794898581174	-45.797144801178
			69.2198042461466	-45.8374591892072
			69.2198042461466	-45.8777735772364
			69.2601186341758	-45.9180879652656
			69.2601186341758	-45.9584023532948
			69.300433022205	-45.9584023532948
			69.300433022205	-45.998716741324
			69.3407474102342	-46.0390311293532
			69.3407474102342	-46.0793455173824
			69.3810617982634	-46.1196599054116
			69.3810617982634	-46.1599742934408
			69.4213761862926	-46.20028868147
			69.4213761862926	-46.2406030694992
			69.4616905743218	-46.2809174575284
			69.5020049623511	-46.3212318455576
			69.5423193503803	-46.3615462335868
			69.5423193503803	-46.401860621616
			69.5423193503803	-46.4421750096452
			69.5826337384095	-46.4421750096452
			69.5826337384095	-46.4824893976744
			69.5826337384095	-46.5228037857037
			69.6229481264387	-46.5228037857037
			69.6229481264387	-46.5631181737329
			69.6229481264387	-46.6034325617621
			69.6632625144679	-46.6034325617621
			69.6632625144679	-46.6437469497913
			69.7035769024971	-46.6840613378205
			69.7035769024971	-46.7243757258497
			69.7438912905263	-46.7646901138789
			69.7438912905263	-46.8050045019081
			69.7842056785555	-46.8453188899373
			69.7842056785555	-46.8856332779665
			69.8245200665847	-46.9259476659957
			69.8245200665847	-46.9662620540249
			69.8648344546139	-47.0065764420541
			69.8648344546139	-47.0468908300833
			69.9051488426431	-47.0872052181125
			69.9051488426431	-47.1275196061417
			69.9454632306723	-47.1275196061417
			69.9454632306723	-47.167833994171
			69.9857776187015	-47.2081483822002
			69.9857776187015	-47.2484627702294
			70.0260920067307	-47.2887771582586
			70.0260920067307	-47.3290915462878
			70.0664063947599	-47.369405934317
			70.0664063947599	-47.4097203223462
			70.1067207827891	-47.4500347103754
			70.1067207827891	-47.4903490984046
			70.1470351708183	-47.5306634864338
			70.1470351708183	-47.570977874463
			70.1873495588475	-47.6112922624922
			70.2276639468767	-47.6516066505214
			70.2276639468767	-47.6919210385506
			70.2276639468767	-47.7322354265798
			70.267978334906	-47.7322354265798
			70.267978334906	-47.772549814609
			70.267978334906	-47.8128642026382
			70.3082927229352	-47.8531785906675
			70.3082927229352	-47.8934929786967
			70.3486071109644	-47.9338073667259
			70.3486071109644	-47.9741217547551
			70.3889214989936	-48.0144361427843
			70.3889214989936	-48.0547505308135
			70.4292358870228	-48.0950649188427
			70.4292358870228	-48.1353793068719
			70.469550275052	-48.1756936949011
			70.469550275052	-48.2160080829303
			70.5098646630812	-48.2563224709595
			70.5098646630812	-48.2966368589887
			70.5098646630812	-48.3369512470179
			70.5501790511104	-48.3369512470179
			70.5501790511104	-48.3772656350471
			70.5904934391396	-48.4175800230763
			70.5904934391396	-48.4578944111055
			70.6308078271688	-48.4982087991348
			70.6308078271688	-48.538523187164
			70.6308078271688	-48.5788375751932
			70.671122215198	-48.6191519632224
			70.671122215198	-48.6594663512516
			70.7114366032272	-48.6997807392808
			70.7517509912564	-48.74009512731
			70.7517509912564	-48.7804095153392
			70.7517509912564	-48.8207239033684
			70.7920653792856	-48.8610382913976
			70.7920653792856	-48.9013526794268
			70.8323797673148	-48.941667067456
			70.8323797673148	-48.9819814554852
			70.872694155344	-49.0222958435144
			70.872694155344	-49.0626102315436
			70.872694155344	-49.1029246195728
			70.9130085433733	-49.143239007602
			70.9130085433733	-49.1835533956313
			70.9533229314025	-49.2238677836605
			70.9533229314025	-49.2641821716897
			70.9936373194317	-49.3044965597189
			70.9936373194317	-49.3448109477481
			70.9936373194317	-49.3851253357773
			71.0339517074609	-49.4254397238065
			71.0339517074609	-49.4657541118357
			71.0742660954901	-49.5060684998649
			71.0742660954901	-49.5463828878941
			71.0742660954901	-49.5866972759233
			71.1145804835193	-49.5866972759233
			71.1145804835193	-49.6270116639525
			71.1145804835193	-49.6673260519817
			71.1548948715485	-49.6673260519817
			71.1548948715485	-49.7076404400109
			71.1548948715485	-49.7479548280401
			71.1952092595777	-49.7882692160693
			71.1952092595777	-49.8285836040985
			71.2355236476069	-49.8688979921277
			71.2355236476069	-49.909212380157
			71.2355236476069	-49.9495267681862
			71.2758380356361	-49.9898411562154
			71.2758380356361	-50.0301555442446
			71.3161524236653	-50.0704699322738
			71.3161524236653	-50.110784320303
			71.3161524236653	-50.1510987083322
			71.3564668116945	-50.1914130963614
			71.3564668116945	-50.2317274843906
			71.3564668116945	-50.2720418724198
			71.3967811997237	-50.312356260449
			71.3967811997237	-50.3526706484782
			71.4370955877529	-50.3929850365074
			71.4370955877529	-50.4332994245366
			71.4370955877529	-50.4736138125658
			71.4774099757821	-50.513928200595
			71.4774099757821	-50.5542425886243
			71.5177243638113	-50.5945569766535
			71.5177243638113	-50.6348713646827
			71.5177243638113	-50.6751857527119
			71.5177243638113	-50.7155001407411
			71.5580387518405	-50.7155001407411
			71.5580387518405	-50.7558145287703
			71.5580387518405	-50.7961289167995
			71.5983531398698	-50.8364433048287
			71.5983531398698	-50.8767576928579
		</c1>
		<c2 type=matrix rownames=FALSE colnames=FALSE nrow=1144 ncol=2 as.numeric=TRUE >
			71.5983531398698	-50.8767576928579
			71.5580387518405	-50.8767576928579
			71.5177243638113	-50.8767576928579
			71.4774099757821	-50.8767576928579
			71.4370955877529	-50.8767576928579
			71.3967811997237	-50.8767576928579
			71.3564668116945	-50.8767576928579
			71.3564668116945	-50.9170720808871
			71.3161524236653	-50.9170720808871
			71.2758380356361	-50.9170720808871
			71.2355236476069	-50.9170720808871
			71.1952092595777	-50.9170720808871
			71.1548948715485	-50.9170720808871
			71.1145804835193	-50.9170720808871
			71.0742660954901	-50.9170720808871
			71.0339517074609	-50.9170720808871
			70.9936373194317	-50.9170720808871
			70.9533229314025	-50.9170720808871
			70.9130085433733	-50.9170720808871
			70.872694155344	-50.9170720808871
			70.8323797673148	-50.9170720808871
			70.7920653792856	-50.9170720808871
			70.7517509912564	-50.9573864689163
			70.7114366032272	-50.9573864689163
			70.671122215198	-50.9573864689163
			70.6308078271688	-50.9573864689163
			70.5904934391396	-50.9573864689163
			70.5501790511104	-50.9573864689163
			70.5098646630812	-50.9573864689163
			70.469550275052	-50.9573864689163
			70.4292358870228	-50.9573864689163
			70.3889214989936	-50.9573864689163
			70.3486071109644	-50.9573864689163
			70.3082927229352	-50.9573864689163
			70.267978334906	-50.9573864689163
			70.2276639468767	-50.9573864689163
			70.1873495588475	-50.9573864689163
			70.1470351708183	-50.9573864689163
			70.1067207827891	-50.9573864689163
			70.0664063947599	-50.9573864689163
			70.0260920067307	-50.9573864689163
			69.9857776187015	-50.9573864689163
			69.9454632306723	-50.9573864689163
			69.9051488426431	-50.9573864689163
			69.8648344546139	-50.9573864689163
			69.8245200665847	-50.9573864689163
			69.7842056785555	-50.9977008569455
			69.7438912905263	-50.9977008569455
			69.7035769024971	-50.9977008569455
			69.6632625144679	-50.9977008569455
			69.6229481264387	-50.9977008569455
			69.5826337384095	-50.9977008569455
			69.5423193503803	-50.9977008569455
			69.5020049623511	-50.9977008569455
			69.4616905743218	-50.9977008569455
			69.4213761862926	-50.9977008569455
			69.3810617982634	-50.9977008569455
			69.3407474102342	-50.9977008569455
			69.300433022205	-50.9977008569455
			69.2601186341758	-50.9977008569455
			69.2198042461466	-50.9977008569455
			69.1794898581174	-50.9977008569455
			69.1391754700882	-50.9977008569455
			69.098861082059	-50.9977008569455
			69.0585466940298	-50.9977008569455
			69.0182323060006	-50.9977008569455
			68.9779179179714	-50.9977008569455
			68.9376035299422	-50.9977008569455
			68.8972891419129	-50.9977008569455
			68.8569747538837	-50.9977008569455
			68.8166603658545	-50.9977008569455
			68.7763459778253	-50.9977008569455
			68.7360315897961	-50.9977008569455
			68.6957172017669	-50.9977008569455
			68.6554028137377	-50.9977008569455
			68.6150884257085	-50.9977008569455
			68.5747740376793	-50.9977008569455
			68.5344596496501	-50.9977008569455
			68.4941452616209	-50.9977008569455
			68.4538308735917	-50.9977008569455
			68.4135164855625	-50.9977008569455
			68.3732020975333	-50.9977008569455
			68.3328877095041	-50.9977008569455
			68.2925733214749	-50.9977008569455
			68.2522589334457	-50.9977008569455
			68.2119445454165	-50.9977008569455
			68.1716301573873	-50.9977008569455
			68.131315769358	-50.9977008569455
			68.0910013813288	-50.9573864689163
			68.0506869932996	-50.9573864689163
			68.0103726052704	-50.9573864689163
			67.9700582172412	-50.9573864689163
			67.929743829212	-50.9573864689163
			67.8894294411828	-50.9573864689163
			67.8491150531536	-50.9573864689163
			67.8088006651244	-50.9573864689163
			67.7684862770952	-50.9573864689163
			67.728171889066	-50.9573864689163
			67.6878575010368	-50.9573864689163
			67.6475431130076	-50.9573864689163
			67.6072287249784	-50.9573864689163
			67.5669143369492	-50.9573864689163
			67.52659994892	-50.9573864689163
			67.4862855608907	-50.9573864689163
			67.4459711728615	-50.9573864689163
			67.4056567848323	-50.9573864689163
			67.3653423968031	-50.9573864689163
			67.3250280087739	-50.9573864689163
			67.2847136207447	-50.9573864689163
			67.2443992327155	-50.9573864689163
			67.2040848446863	-50.9573864689163
			67.1637704566571	-50.9573864689163
			67.1234560686279	-50.9573864689163
			67.0831416805987	-50.9170720808871
			67.0428272925695	-50.9170720808871
			67.0025129045403	-50.9170720808871
			66.9621985165111	-50.9170720808871
			66.9218841284819	-50.9170720808871
			66.8815697404527	-50.9170720808871
			66.8412553524235	-50.9170720808871
			66.8009409643942	-50.9170720808871
			66.760626576365	-50.9170720808871
			66.7203121883358	-50.9170720808871
			66.6799978003066	-50.9170720808871
			66.6396834122774	-50.9170720808871
			66.5993690242482	-50.9170720808871
			66.559054636219	-50.9170720808871
			66.5187402481898	-50.9170720808871
			66.4784258601606	-50.9170720808871
			66.4381114721314	-50.8767576928579
			66.3977970841022	-50.8767576928579
			66.357482696073	-50.8767576928579
			66.3171683080438	-50.8767576928579
			66.2768539200146	-50.8767576928579
			66.2365395319854	-50.8767576928579
			66.1962251439562	-50.8767576928579
			66.155910755927	-50.8767576928579
			66.1155963678978	-50.8767576928579
			66.0752819798685	-50.8767576928579
			66.0349675918393	-50.8767576928579
			65.9946532038101	-50.8767576928579
			65.9543388157809	-50.8767576928579
			65.9140244277517	-50.8364433048287
			65.8737100397225	-50.8364433048287
			65.8333956516933	-50.8364433048287
			65.7930812636641	-50.8364433048287
			65.7527668756349	-50.8364433048287
			65.7124524876057	-50.8364433048287
			65.6721380995765	-50.8364433048287
			65.6318237115473	-50.8364433048287
			65.5915093235181	-50.8364433048287
			65.5511949354889	-50.8767576928579
			65.5108805474597	-50.8767576928579
			65.4705661594304	-50.8767576928579
			65.4302517714012	-50.8767576928579
			65.389937383372	-50.8767576928579
			65.3496229953428	-50.8767576928579
			65.3093086073136	-50.8767576928579
			65.2689942192844	-50.8767576928579
			65.2286798312552	-50.8767576928579
			65.188365443226	-50.8767576928579
			65.1480510551968	-50.8767576928579
			65.1480510551968	-50.9170720808871
			65.1077366671676	-50.9170720808871
			65.0674222791384	-50.9170720808871
			65.0271078911092	-50.9170720808871
			64.98679350308	-50.9170720808871
			64.9464791150508	-50.9170720808871
			64.9061647270216	-50.9170720808871
			64.8658503389924	-50.9170720808871
			64.8255359509632	-50.9170720808871
			64.785221562934	-50.9170720808871
			64.7449071749047	-50.9170720808871
			64.7045927868755	-50.9170720808871
			64.6642783988463	-50.9170720808871
			64.6239640108171	-50.9170720808871
			64.5836496227879	-50.9170720808871
			64.5433352347587	-50.9170720808871
			64.5030208467295	-50.9170720808871
			64.4627064587003	-50.9170720808871
			64.4223920706711	-50.9170720808871
			64.3820776826419	-50.9170720808871
			64.3417632946127	-50.9170720808871
			64.3014489065835	-50.9170720808871
			64.2611345185543	-50.9170720808871
			64.2208201305251	-50.9170720808871
			64.1805057424959	-50.9170720808871
			64.1401913544667	-50.9170720808871
			64.0998769664374	-50.9170720808871
			64.0595625784082	-50.9170720808871
			64.019248190379	-50.9170720808871
			63.9789338023498	-50.9170720808871
			63.9386194143206	-50.9170720808871
			63.8983050262914	-50.9170720808871
			63.8579906382622	-50.9170720808871
			63.817676250233	-50.9170720808871
			63.7773618622038	-50.9170720808871
			63.7370474741746	-50.9170720808871
			63.6967330861454	-50.9170720808871
			63.6564186981162	-50.9170720808871
			63.616104310087	-50.9170720808871
			63.5757899220578	-50.9170720808871
			63.5354755340286	-50.9170720808871
			63.4951611459994	-50.9170720808871
			63.4548467579702	-50.8767576928579
			63.414532369941	-50.8767576928579
			63.3742179819117	-50.8767576928579
			63.3339035938825	-50.8767576928579
			63.2935892058533	-50.8767576928579
			63.2532748178241	-50.8767576928579
			63.2129604297949	-50.8767576928579
			63.1726460417657	-50.8767576928579
			63.1323316537365	-50.8767576928579
			63.0920172657073	-50.8767576928579
			63.0517028776781	-50.8767576928579
			63.0113884896489	-50.8767576928579
			62.9710741016197	-50.8364433048287
			62.9307597135905	-50.8364433048287
			62.8904453255613	-50.8364433048287
			62.8501309375321	-50.8364433048287
			62.8098165495029	-50.8364433048287
			62.7695021614737	-50.8364433048287
			62.7291877734444	-50.8364433048287
			62.6888733854152	-50.8364433048287
			62.648558997386	-50.8364433048287
			62.6082446093568	-50.8364433048287
			62.6082446093568	-50.7961289167995
			62.5679302213276	-50.7961289167995
			62.5276158332984	-50.7961289167995
			62.4873014452692	-50.7961289167995
			62.44698705724	-50.7961289167995
			62.4066726692108	-50.7961289167995
			62.3663582811816	-50.7961289167995
			62.3260438931524	-50.7961289167995
			62.2857295051232	-50.7558145287703
			62.245415117094	-50.7558145287703
			62.2051007290648	-50.7558145287703
			62.1647863410356	-50.7558145287703
			62.1244719530064	-50.7558145287703
			62.0841575649772	-50.7558145287703
			62.0438431769479	-50.7558145287703
			62.0035287889187	-50.7155001407411
			61.9632144008895	-50.7155001407411
			61.9229000128603	-50.7155001407411
			61.8825856248311	-50.7155001407411
			61.8422712368019	-50.7155001407411
			61.8019568487727	-50.7155001407411
			61.7616424607435	-50.7155001407411
			61.7213280727143	-50.6751857527119
			61.6810136846851	-50.6751857527119
			61.6406992966559	-50.6751857527119
			61.6003849086267	-50.6751857527119
			61.6003849086267	-50.7155001407411
			61.5600705205975	-50.7155001407411
			61.5197561325683	-50.7558145287703
			61.4794417445391	-50.7558145287703
			61.4391273565099	-50.7558145287703
			61.3988129684806	-50.7961289167995
			61.3584985804514	-50.7961289167995
			61.3181841924222	-50.7961289167995
			61.277869804393	-50.8364433048287
			61.2375554163638	-50.8364433048287
			61.1972410283346	-50.8364433048287
			61.1569266403054	-50.8364433048287
			61.1166122522762	-50.8767576928579
			61.076297864247	-50.8767576928579
			61.0359834762178	-50.8767576928579
			60.9956690881886	-50.8767576928579
			60.9553547001594	-50.8767576928579
			60.9150403121302	-50.9170720808871
			60.874725924101	-50.9170720808871
			60.8344115360718	-50.9170720808871
			60.7940971480426	-50.9170720808871
			60.7537827600134	-50.9170720808871
			60.7134683719841	-50.9170720808871
			60.6731539839549	-50.9170720808871
			60.6328395959257	-50.9170720808871
			60.5925252078965	-50.9573864689163
			60.5522108198673	-50.9573864689163
			60.5118964318381	-50.9573864689163
			60.4715820438089	-50.9573864689163
			60.4312676557797	-50.9573864689163
			60.3909532677505	-50.9573864689163
			60.3506388797213	-50.9573864689163
			60.3103244916921	-50.9573864689163
			60.2700101036629	-50.9573864689163
			60.2296957156337	-50.9573864689163
			60.1893813276045	-50.9573864689163
			60.1490669395753	-50.9573864689163
			60.1087525515461	-50.9573864689163
			60.0684381635169	-50.9573864689163
			60.0281237754876	-50.9573864689163
			59.9878093874584	-50.9573864689163
			59.9474949994292	-50.9977008569455
			59.9071806114	-50.9977008569455
			59.8668662233708	-50.9977008569455
			59.8265518353416	-50.9977008569455
			59.7862374473124	-50.9977008569455
			59.7459230592832	-50.9977008569455
			59.705608671254	-50.9977008569455
			59.6652942832248	-50.9977008569455
			59.6249798951956	-50.9977008569455
			59.5846655071664	-50.9977008569455
			59.5443511191372	-50.9977008569455
			59.504036731108	-50.9977008569455
			59.4637223430788	-50.9977008569455
			59.4234079550496	-50.9977008569455
			59.3830935670204	-50.9977008569455
			59.3427791789912	-50.9977008569455
			59.3024647909619	-50.9977008569455
			59.2621504029327	-50.9977008569455
			59.2218360149035	-50.9977008569455
			59.1815216268743	-50.9977008569455
			59.1412072388451	-50.9977008569455
			59.1008928508159	-50.9977008569455
			59.0605784627867	-50.9977008569455
			59.0202640747575	-50.9977008569455
			58.9799496867283	-50.9977008569455
			58.9396352986991	-50.9977008569455
			58.8993209106699	-50.9573864689163
			58.8590065226407	-50.9573864689163
			58.8186921346115	-50.9573864689163
			58.7783777465823	-50.9573864689163
			58.7380633585531	-50.9573864689163
			58.6977489705239	-50.9573864689163
			58.6574345824946	-50.9573864689163
			58.6171201944654	-50.9573864689163
			58.5768058064362	-50.9573864689163
			58.536491418407	-50.9573864689163
			58.4961770303778	-50.9573864689163
			58.4558626423486	-50.9573864689163
			58.4155482543194	-50.9573864689163
			58.3752338662902	-50.9573864689163
			58.334919478261	-50.9573864689163
			58.2946050902318	-50.9573864689163
			58.2542907022026	-50.9573864689163
			58.2139763141734	-50.9573864689163
			58.1736619261442	-50.9573864689163
			58.133347538115	-50.9573864689163
			58.0930331500858	-50.9573864689163
			58.0527187620566	-50.9573864689163
			58.0124043740274	-50.9573864689163
			57.9720899859981	-50.9573864689163
			57.9317755979689	-50.9170720808871
			57.8914612099397	-50.9170720808871
			57.8511468219105	-50.9170720808871
			57.8108324338813	-50.9170720808871
			57.7705180458521	-50.9170720808871
			57.7302036578229	-50.9170720808871
			57.6898892697937	-50.9170720808871
			57.6495748817645	-50.9170720808871
			57.6092604937353	-50.9170720808871
			57.5689461057061	-50.9170720808871
			57.5286317176769	-50.9170720808871
			57.4883173296477	-50.9170720808871
			57.4480029416185	-50.9170720808871
			57.4076885535893	-50.9170720808871
			57.3673741655601	-50.9170720808871
			57.3270597775308	-50.9170720808871
			57.2867453895016	-50.8767576928579
			57.2464310014724	-50.8767576928579
			57.2061166134432	-50.8767576928579
			57.165802225414	-50.8767576928579
			57.1254878373848	-50.8767576928579
			57.0851734493556	-50.8767576928579
			57.0448590613264	-50.8767576928579
			57.0045446732972	-50.8767576928579
			56.964230285268	-50.8767576928579
			56.9239158972388	-50.8767576928579
			56.8836015092096	-50.8767576928579
			56.8432871211804	-50.8767576928579
			56.8029727331512	-50.8767576928579
			56.762658345122	-50.8364433048287
			56.7223439570928	-50.8364433048287
			56.6820295690636	-50.8364433048287
			56.6417151810343	-50.8364433048287
			56.6014007930051	-50.8364433048287
			56.5610864049759	-50.8364433048287
			56.5207720169467	-50.8364433048287
			56.4804576289175	-50.8364433048287
			56.4401432408883	-50.8364433048287
			56.3998288528591	-50.8364433048287
			56.3595144648299	-50.8364433048287
			56.3192000768007	-50.8364433048287
			56.2788856887715	-50.8364433048287
			56.2385713007423	-50.8364433048287
			56.1982569127131	-50.8364433048287
			56.1579425246839	-50.8364433048287
			56.1176281366547	-50.8364433048287
			56.0773137486255	-50.8364433048287
			56.0369993605963	-50.8364433048287
			55.9966849725671	-50.8364433048287
			55.9563705845379	-50.8364433048287
			55.9160561965086	-50.8364433048287
			55.8757418084794	-50.8364433048287
			55.8354274204502	-50.8364433048287
			55.795113032421	-50.8364433048287
			55.7547986443918	-50.8364433048287
			55.7144842563626	-50.8364433048287
			55.6741698683334	-50.8364433048287
			55.6338554803042	-50.8364433048287
			55.593541092275	-50.8364433048287
			55.5532267042458	-50.8364433048287
			55.5129123162166	-50.8364433048287
			55.4725979281874	-50.8364433048287
			55.4322835401582	-50.8364433048287
			55.391969152129	-50.8364433048287
			55.3516547640998	-50.8364433048287
			55.3113403760706	-50.8364433048287
			55.2710259880413	-50.8364433048287
			55.2307116000121	-50.8364433048287
			55.1903972119829	-50.8364433048287
			55.1500828239537	-50.8364433048287
			55.1097684359245	-50.8364433048287
			55.0694540478953	-50.8364433048287
			55.0291396598661	-50.8364433048287
			54.9888252718369	-50.8364433048287
			54.9485108838077	-50.8364433048287
			54.9081964957785	-50.8364433048287
			54.8678821077493	-50.8364433048287
			54.8275677197201	-50.8364433048287
			54.7872533316909	-50.8364433048287
			54.7469389436617	-50.8364433048287
			54.7066245556325	-50.8364433048287
			54.6663101676033	-50.8364433048287
			54.6259957795741	-50.8364433048287
			54.5856813915448	-50.8364433048287
			54.5453670035156	-50.8364433048287
			54.5050526154864	-50.8364433048287
			54.4647382274572	-50.8364433048287
			54.424423839428	-50.8364433048287
			54.3841094513988	-50.8364433048287
			54.3437950633696	-50.8364433048287
			54.3034806753404	-50.8364433048287
			54.2631662873112	-50.8364433048287
			54.222851899282	-50.8364433048287
			54.1825375112528	-50.8364433048287
			54.1422231232236	-50.8364433048287
			54.1019087351944	-50.8364433048287
			54.0615943471652	-50.8364433048287
			54.021279959136	-50.8364433048287
			53.9809655711068	-50.8364433048287
			53.9406511830775	-50.8364433048287
			53.9003367950483	-50.8364433048287
			53.8600224070191	-50.8364433048287
			53.8197080189899	-50.8364433048287
			53.7793936309607	-50.8364433048287
			53.7390792429315	-50.8364433048287
			53.6987648549023	-50.8364433048287
			53.6584504668731	-50.8364433048287
			53.6181360788439	-50.8364433048287
			53.5778216908147	-50.8364433048287
			53.5375073027855	-50.8364433048287
			53.4971929147563	-50.8364433048287
			53.4568785267271	-50.8364433048287
			53.4165641386979	-50.8364433048287
			53.3762497506687	-50.8364433048287
			53.3359353626395	-50.8364433048287
			53.2956209746103	-50.8364433048287
			53.255306586581	-50.8364433048287
			53.2149921985518	-50.8364433048287
			53.1746778105226	-50.8364433048287
			53.1343634224934	-50.8364433048287
			53.0940490344642	-50.8364433048287
			53.053734646435	-50.8364433048287
			53.0134202584058	-50.8364433048287
			52.9731058703766	-50.8364433048287
			52.9327914823474	-50.8364433048287
			52.8924770943182	-50.8364433048287
			52.852162706289	-50.8364433048287
			52.8118483182598	-50.8364433048287
			52.7715339302306	-50.8364433048287
			52.7312195422014	-50.8364433048287
			52.6909051541722	-50.8364433048287
			52.650590766143	-50.8364433048287
			52.6102763781138	-50.8364433048287
			52.5699619900846	-50.8364433048287
			52.5296476020553	-50.8364433048287
			52.4893332140261	-50.8364433048287
			52.4490188259969	-50.8364433048287
			52.4087044379677	-50.8364433048287
			52.3683900499385	-50.8364433048287
			52.3280756619093	-50.8364433048287
			52.2877612738801	-50.8364433048287
			52.2474468858509	-50.8364433048287
			52.2071324978217	-50.8364433048287
			52.1668181097925	-50.8364433048287
			52.1265037217633	-50.8364433048287
			52.0861893337341	-50.8364433048287
			52.0458749457049	-50.8364433048287
			52.0055605576757	-50.8364433048287
			51.9652461696465	-50.8364433048287
			51.9249317816173	-50.8364433048287
			51.8846173935881	-50.8364433048287
			51.8443030055588	-50.8364433048287
			51.8039886175296	-50.8364433048287
			51.7636742295004	-50.8364433048287
			51.7233598414712	-50.8364433048287
			51.683045453442	-50.8364433048287
			51.6427310654128	-50.8364433048287
			51.6024166773836	-50.8364433048287
			51.5621022893544	-50.8364433048287
			51.5217879013252	-50.8364433048287
			51.481473513296	-50.8364433048287
			51.4411591252668	-50.8364433048287
			51.4008447372376	-50.8364433048287
			51.3605303492084	-50.8364433048287
			51.3202159611792	-50.8364433048287
			51.27990157315	-50.8364433048287
			51.2395871851208	-50.8364433048287
			51.1992727970915	-50.8364433048287
			51.1589584090623	-50.8364433048287
			51.1186440210331	-50.8364433048287
			51.0783296330039	-50.8364433048287
			51.0380152449747	-50.8364433048287
			50.9977008569455	-50.8364433048287
			50.9573864689163	-50.8364433048287
			50.9170720808871	-50.8364433048287
			50.8767576928579	-50.8364433048287
			50.8364433048287	-50.8364433048287
			50.7961289167995	-50.8364433048287
			50.7558145287703	-50.8364433048287
			50.7155001407411	-50.8364433048287
			50.6751857527119	-50.8364433048287
			50.6348713646827	-50.8364433048287
			50.5945569766535	-50.8364433048287
			50.5542425886243	-50.8364433048287
			50.513928200595	-50.8364433048287
			50.4736138125658	-50.8364433048287
			50.4332994245366	-50.8364433048287
			50.3929850365074	-50.8364433048287
			50.3526706484782	-50.8364433048287
			50.312356260449	-50.8364433048287
			50.2720418724198	-50.8364433048287
			50.2317274843906	-50.8364433048287
			50.1914130963614	-50.8364433048287
			50.1510987083322	-50.8364433048287
			50.110784320303	-50.8364433048287
			50.0704699322738	-50.8364433048287
			50.0301555442446	-50.8364433048287
			49.9898411562154	-50.8364433048287
			49.9495267681862	-50.8364433048287
			49.909212380157	-50.8364433048287
			49.8688979921277	-50.8767576928579
			49.8285836040985	-50.8767576928579
			49.7882692160693	-50.8767576928579
			49.7479548280401	-50.8767576928579
			49.7076404400109	-50.8767576928579
			49.6673260519817	-50.8767576928579
			49.6270116639525	-50.8767576928579
			49.5866972759233	-50.8767576928579
			49.5463828878941	-50.8767576928579
			49.5060684998649	-50.8767576928579
			49.4657541118357	-50.8767576928579
			49.4254397238065	-50.8767576928579
			49.3851253357773	-50.8767576928579
			49.3448109477481	-50.8767576928579
			49.3044965597189	-50.8767576928579
			49.2641821716897	-50.8767576928579
			49.2238677836605	-50.8767576928579
			49.1835533956313	-50.8767576928579
			49.143239007602	-50.8767576928579
			49.1029246195728	-50.8767576928579
			49.0626102315436	-50.8767576928579
			49.0222958435144	-50.8767576928579
			48.9819814554852	-50.8767576928579
			48.941667067456	-50.8767576928579
			48.9013526794268	-50.8767576928579
			48.8610382913976	-50.8767576928579
			48.8207239033684	-50.8767576928579
			48.7804095153392	-50.8767576928579
			48.74009512731	-50.8767576928579
			48.6997807392808	-50.8767576928579
			48.6594663512516	-50.8767576928579
			48.6191519632224	-50.8767576928579
			48.5788375751932	-50.8767576928579
			48.538523187164	-50.8767576928579
			48.4982087991348	-50.8767576928579
			48.4578944111055	-50.8767576928579
			48.4175800230763	-50.8767576928579
			48.3772656350471	-50.8767576928579
			48.3369512470179	-50.8767576928579
			48.2966368589887	-50.8767576928579
			48.2563224709595	-50.8767576928579
			48.2160080829303	-50.8767576928579
			48.1756936949011	-50.8767576928579
			48.1353793068719	-50.8767576928579
			48.0950649188427	-50.8767576928579
			48.0547505308135	-50.8767576928579
			48.0144361427843	-50.8767576928579
			47.9741217547551	-50.8767576928579
			47.9338073667259	-50.8767576928579
			47.8934929786967	-50.8767576928579
			47.8531785906675	-50.8767576928579
			47.8128642026382	-50.8767576928579
			47.772549814609	-50.8767576928579
			47.7322354265798	-50.9170720808871
			47.6919210385506	-50.9170720808871
			47.6516066505214	-50.9170720808871
			47.6112922624922	-50.9170720808871
			47.570977874463	-50.9170720808871
			47.5306634864338	-50.9170720808871
			47.4903490984046	-50.9170720808871
			47.4500347103754	-50.9170720808871
			47.4097203223462	-50.9170720808871
			47.369405934317	-50.9170720808871
			47.3290915462878	-50.9170720808871
			47.2887771582586	-50.9170720808871
			47.2484627702294	-50.9170720808871
			47.2081483822002	-50.9170720808871
			47.167833994171	-50.9170720808871
			47.1275196061417	-50.9170720808871
			47.0872052181125	-50.9170720808871
			47.0468908300833	-50.9170720808871
			47.0065764420541	-50.9170720808871
			46.9662620540249	-50.9170720808871
			46.9259476659957	-50.9170720808871
			46.8856332779665	-50.9170720808871
			46.8453188899373	-50.9170720808871
			46.8050045019081	-50.9170720808871
			46.7646901138789	-50.9170720808871
			46.7243757258497	-50.9170720808871
			46.6840613378205	-50.9170720808871
			46.6437469497913	-50.9170720808871
			46.6034325617621	-50.9170720808871
			46.5631181737329	-50.9170720808871
			46.5228037857037	-50.9170720808871
			46.4824893976744	-50.9170720808871
			46.4421750096452	-50.9170720808871
			46.401860621616	-50.9170720808871
			46.3615462335868	-50.9170720808871
			46.3212318455576	-50.9170720808871
			46.2809174575284	-50.9170720808871
			46.2406030694992	-50.9170720808871
			46.20028868147	-50.9170720808871
			46.1599742934408	-50.9170720808871
			46.1196599054116	-50.9170720808871
			46.0793455173824	-50.9170720808871
			46.0390311293532	-50.9170720808871
			45.998716741324	-50.9170720808871
			45.9584023532948	-50.9573864689163
			45.9180879652656	-50.9573864689163
			45.8777735772364	-50.9573864689163
			45.8374591892072	-50.9573864689163
			45.797144801178	-50.9573864689163
			45.7568304131487	-50.9573864689163
			45.7165160251195	-50.9573864689163
			45.6762016370903	-50.9573864689163
			45.6358872490611	-50.9573864689163
			45.5955728610319	-50.9573864689163
			45.5552584730027	-50.9573864689163
			45.5149440849735	-50.9573864689163
			45.4746296969443	-50.9573864689163
			45.4343153089151	-50.9573864689163
			45.3940009208859	-50.9573864689163
			45.3536865328567	-50.9573864689163
			45.3133721448275	-50.9573864689163
			45.2730577567983	-50.9573864689163
			45.2327433687691	-50.9573864689163
			45.1924289807399	-50.9573864689163
			45.1521145927107	-50.9573864689163
			45.1118002046815	-50.9573864689163
			45.0714858166522	-50.9573864689163
			45.031171428623	-50.9573864689163
			44.9908570405938	-50.9573864689163
			44.9505426525646	-50.9573864689163
			44.9102282645354	-50.9573864689163
			44.8699138765062	-50.9573864689163
			44.829599488477	-50.9573864689163
			44.7892851004478	-50.9573864689163
			44.7489707124186	-50.9573864689163
			44.7086563243894	-50.9573864689163
			44.6683419363602	-50.9573864689163
			44.628027548331	-50.9573864689163
			44.5877131603018	-50.9573864689163
			44.5473987722726	-50.9573864689163
			44.5070843842434	-50.9573864689163
			44.4667699962142	-50.9573864689163
			44.426455608185	-50.9573864689163
			44.3861412201557	-50.9977008569455
			44.3458268321265	-50.9977008569455
			44.3055124440973	-50.9977008569455
			44.2651980560681	-50.9977008569455
			44.2248836680389	-50.9977008569455
			44.1845692800097	-50.9977008569455
			44.1442548919805	-50.9977008569455
			44.1039405039513	-50.9977008569455
			44.0636261159221	-50.9977008569455
			44.0233117278929	-50.9977008569455
			43.9829973398637	-50.9977008569455
			43.9426829518345	-50.9977008569455
			43.9023685638053	-50.9977008569455
			43.8620541757761	-50.9977008569455
			43.8217397877469	-50.9977008569455
			43.7814253997177	-50.9977008569455
			43.7411110116884	-50.9977008569455
			43.7007966236592	-50.9977008569455
			43.66048223563	-50.9977008569455
			43.6201678476008	-50.9977008569455
			43.5798534595716	-50.9977008569455
			43.5395390715424	-50.9977008569455
			43.4992246835132	-50.9977008569455
			43.458910295484	-50.9977008569455
			43.4185959074548	-50.9977008569455
			43.3782815194256	-50.9977008569455
			43.3379671313964	-50.9977008569455
			43.2976527433672	-50.9977008569455
			43.257338355338	-50.9977008569455
			43.2170239673088	-50.9977008569455
			43.1767095792796	-50.9977008569455
			43.1363951912504	-50.9977008569455
			43.0960808032212	-50.9977008569455
			43.0557664151919	-50.9977008569455
			43.0154520271627	-50.9977008569455
			42.9751376391335	-51.0380152449747
			42.9348232511043	-51.0380152449747
			42.8945088630751	-51.0380152449747
			42.8541944750459	-51.0380152449747
			42.8138800870167	-51.0380152449747
			42.7735656989875	-51.0380152449747
			42.7332513109583	-51.0380152449747
			42.6929369229291	-51.0380152449747
			42.6526225348999	-51.0380152449747
			42.6123081468707	-51.0380152449747
			42.5719937588415	-51.0380152449747
			42.5316793708123	-51.0380152449747
			42.4913649827831	-51.0380152449747
			42.4510505947539	-51.0380152449747
			42.4107362067246	-51.0380152449747
			42.3704218186954	-51.0380152449747
			42.3301074306662	-51.0380152449747
			42.289793042637	-51.0380152449747
			42.2494786546078	-51.0380152449747
			42.2091642665786	-51.0380152449747
			42.1688498785494	-51.0380152449747
			42.1285354905202	-51.0380152449747
			42.088221102491	-51.0380152449747
			42.0479067144618	-51.0380152449747
			42.0075923264326	-51.0380152449747
			41.9672779384034	-51.0380152449747
			41.9269635503742	-51.0380152449747
			41.886649162345	-51.0380152449747
			41.8463347743158	-51.0380152449747
			41.8060203862866	-51.0380152449747
			41.7657059982574	-51.0380152449747
			41.7253916102282	-51.0380152449747
			41.6850772221989	-51.0380152449747
			41.6447628341697	-51.0380152449747
			41.6044484461405	-51.0380152449747
			41.5641340581113	-51.0380152449747
			41.5238196700821	-51.0380152449747
			41.4835052820529	-51.0380152449747
			41.4431908940237	-51.0380152449747
			41.4028765059945	-51.0380152449747
			41.3625621179653	-51.0380152449747
			41.3222477299361	-51.0380152449747
			41.2819333419069	-51.0380152449747
			41.2416189538777	-51.0380152449747
			41.2013045658485	-51.0380152449747
			41.1609901778193	-51.0380152449747
			41.1206757897901	-51.0380152449747
			41.0803614017609	-51.0380152449747
			41.0400470137317	-51.0380152449747
			40.9997326257024	-51.0380152449747
			40.9594182376732	-50.9977008569455
			40.919103849644	-50.9977008569455
			40.8787894616148	-50.9977008569455
			40.8384750735856	-50.9977008569455
			40.7981606855564	-50.9977008569455
			40.7578462975272	-50.9977008569455
			40.717531909498	-50.9977008569455
			40.6772175214688	-50.9977008569455
			40.6369031334396	-50.9977008569455
			40.5965887454104	-50.9977008569455
			40.5562743573812	-50.9977008569455
			40.515959969352	-50.9977008569455
			40.4756455813228	-50.9977008569455
			40.4353311932936	-50.9977008569455
			40.3950168052644	-50.9977008569455
			40.3547024172351	-50.9977008569455
			40.3143880292059	-50.9977008569455
			40.2740736411767	-50.9977008569455
			40.2337592531475	-50.9977008569455
			40.1934448651183	-50.9977008569455
			40.1531304770891	-50.9977008569455
			40.1128160890599	-50.9977008569455
			40.0725017010307	-50.9977008569455
			40.0321873130015	-50.9977008569455
			39.9918729249723	-50.9977008569455
			39.9515585369431	-50.9977008569455
			39.9112441489139	-50.9977008569455
			39.8709297608847	-50.9977008569455
			39.8306153728555	-50.9977008569455
			39.7903009848263	-50.9977008569455
			39.7499865967971	-50.9977008569455
			39.7096722087679	-50.9977008569455
			39.6693578207386	-50.9977008569455
			39.6290434327094	-50.9977008569455
			39.5887290446802	-50.9977008569455
			39.548414656651	-50.9977008569455
			39.5081002686218	-50.9977008569455
			39.4677858805926	-50.9977008569455
			39.4274714925634	-50.9977008569455
			39.3871571045342	-50.9977008569455
			39.346842716505	-50.9977008569455
			39.3065283284758	-50.9977008569455
			39.2662139404466	-50.9977008569455
			39.2258995524174	-51.0380152449747
			39.1855851643882	-51.0380152449747
			39.145270776359	-51.0380152449747
			39.1049563883298	-51.0380152449747
			39.0646420003006	-51.0380152449747
			39.0243276122713	-51.0380152449747
			38.9840132242421	-51.0380152449747
			38.9436988362129	-51.0380152449747
			38.9033844481837	-51.0380152449747
			38.8630700601545	-51.0380152449747
			38.8227556721253	-51.0380152449747
			38.7824412840961	-51.0380152449747
			38.7421268960669	-51.0380152449747
			38.7018125080377	-51.0380152449747
			38.6614981200085	-51.0380152449747
			38.6211837319793	-51.0380152449747
			38.5808693439501	-51.0380152449747
			38.5405549559209	-51.0380152449747
			38.5002405678917	-51.0380152449747
			38.4599261798625	-51.0380152449747
			38.4196117918333	-51.0380152449747
			38.3792974038041	-51.0380152449747
			38.3389830157749	-51.0380152449747
			38.2986686277456	-51.0380152449747
			38.2583542397164	-51.0380152449747
			38.2180398516872	-51.0380152449747
			38.177725463658	-51.0380152449747
			38.1374110756288	-51.0380152449747
			38.0970966875996	-51.0380152449747
			38.0567822995704	-51.0380152449747
			38.0164679115412	-51.0380152449747
			37.976153523512	-51.0380152449747
			37.9358391354828	-51.0380152449747
			37.8955247474536	-51.0380152449747
			37.8552103594244	-51.0380152449747
			37.8148959713952	-51.0380152449747
			37.774581583366	-51.0380152449747
			37.7342671953368	-51.0380152449747
			37.6939528073076	-51.0380152449747
			37.6536384192784	-51.0380152449747
			37.6133240312491	-51.0380152449747
			37.5730096432199	-51.0380152449747
			37.5326952551907	-51.0380152449747
			37.4923808671615	-51.0380152449747
			37.4520664791323	-51.0380152449747
			37.4117520911031	-51.0380152449747
			37.3714377030739	-51.0380152449747
			37.3311233150447	-51.0380152449747
			37.2908089270155	-51.0380152449747
			37.2504945389863	-51.0380152449747
			37.2101801509571	-51.0380152449747
			37.1698657629279	-51.0783296330039
			37.1295513748987	-51.0783296330039
			37.0892369868695	-51.0783296330039
			37.0489225988403	-51.0783296330039
			37.0086082108111	-51.0783296330039
			36.9682938227819	-51.0783296330039
			36.9279794347526	-51.0783296330039
			36.8876650467234	-51.0783296330039
			36.8473506586942	-51.0783296330039
			36.807036270665	-51.0783296330039
			36.7667218826358	-51.0783296330039
			36.7264074946066	-51.0783296330039
			36.6860931065774	-51.0783296330039
			36.6457787185482	-51.0783296330039
			36.605464330519	-51.0783296330039
			36.5651499424898	-51.0783296330039
			36.5248355544606	-51.0783296330039
			36.4845211664314	-51.0783296330039
			36.4442067784022	-51.0783296330039
			36.403892390373	-51.0783296330039
			36.3635780023438	-51.0783296330039
			36.3232636143146	-51.0783296330039
			36.2829492262853	-51.0783296330039
			36.2426348382561	-51.0783296330039
			36.2023204502269	-51.0783296330039
			36.1620060621977	-51.0783296330039
			36.1216916741685	-51.0783296330039
			36.0813772861393	-51.1186440210331
			36.0410628981101	-51.1186440210331
			36.0007485100809	-51.1186440210331
			35.9604341220517	-51.1186440210331
			35.9201197340225	-51.1186440210331
			35.8798053459933	-51.1186440210331
			35.8394909579641	-51.1186440210331
			35.7991765699349	-51.1186440210331
			35.7588621819057	-51.1186440210331
			35.7185477938765	-51.1186440210331
			35.6782334058473	-51.1186440210331
			35.6379190178181	-51.1186440210331
			35.5976046297888	-51.1186440210331
			35.5572902417596	-51.1186440210331
			35.5169758537304	-51.1186440210331
			35.4766614657012	-51.1186440210331
			35.436347077672	-51.1186440210331
			35.3960326896428	-51.1186440210331
			35.3557183016136	-51.1186440210331
			35.3154039135844	-51.1186440210331
			35.2750895255552	-51.1186440210331
			35.234775137526	-51.1589584090623
			35.1944607494968	-51.1589584090623
			35.1541463614676	-51.1589584090623
			35.1138319734384	-51.1589584090623
			35.0735175854092	-51.1589584090623
			35.03320319738	-51.1589584090623
			34.9928888093508	-51.1589584090623
			34.9525744213216	-51.1589584090623
			34.9122600332923	-51.1589584090623
			34.8719456452631	-51.1589584090623
			34.8316312572339	-51.1589584090623
			34.7913168692047	-51.1589584090623
			34.7510024811755	-51.1589584090623
			34.7106880931463	-51.1589584090623
			34.6703737051171	-51.1589584090623
			34.6300593170879	-51.1589584090623
			34.5897449290587	-51.1589584090623
			34.5494305410295	-51.1992727970915
			34.5091161530003	-51.1992727970915
			34.4688017649711	-51.1992727970915
			34.4284873769419	-51.1992727970915
			34.3881729889127	-51.1992727970915
			34.3478586008835	-51.1992727970915
			34.3075442128543	-51.1992727970915
			34.2672298248251	-51.1992727970915
			34.2269154367958	-51.1992727970915
			34.1866010487666	-51.1992727970915
			34.1462866607374	-51.1992727970915
			34.1059722727082	-51.1992727970915
			34.065657884679	-51.1992727970915
			34.0253434966498	-51.1992727970915
			33.9850291086206	-51.1992727970915
			33.9447147205914	-51.1992727970915
			33.9044003325622	-51.2395871851208
			33.864085944533	-51.2395871851208
			33.8237715565038	-51.2395871851208
			33.7834571684746	-51.2395871851208
			33.7431427804454	-51.2395871851208
			33.7028283924162	-51.2395871851208
			33.662514004387	-51.2395871851208
			33.6221996163578	-51.2395871851208
			33.5818852283286	-51.2395871851208
			33.5415708402993	-51.2395871851208
			33.5012564522701	-51.2395871851208
			33.4609420642409	-51.2395871851208
			33.4206276762117	-51.2395871851208
			33.3803132881825	-51.2395871851208
			33.3399989001533	-51.27990157315
			33.2996845121241	-51.27990157315
			33.2593701240949	-51.27990157315
			33.2190557360657	-51.27990157315
			33.1787413480365	-51.27990157315
			33.1384269600073	-51.27990157315
			33.0981125719781	-51.27990157315
			33.0577981839489	-51.27990157315
			33.0174837959197	-51.27990157315
			32.9771694078905	-51.27990157315
			32.9368550198613	-51.27990157315
			32.896540631832	-51.27990157315
			32.8562262438028	-51.27990157315
			32.8159118557736	-51.3202159611792
			32.7755974677444	-51.3202159611792
			32.7352830797152	-51.3202159611792
			32.694968691686	-51.3202159611792
			32.6546543036568	-51.3202159611792
			32.6143399156276	-51.3202159611792
			32.5740255275984	-51.3202159611792
			32.5337111395692	-51.3202159611792
			32.49339675154	-51.3202159611792
			32.4530823635108	-51.3202159611792
			32.4127679754816	-51.3202159611792
			32.3724535874524	-51.3202159611792
			32.3321391994232	-51.3605303492084
			32.291824811394	-51.3605303492084
			32.2515104233648	-51.3605303492084
			32.2111960353355	-51.3605303492084
			32.1708816473063	-51.3605303492084
			32.1305672592771	-51.3605303492084
			32.0902528712479	-51.3605303492084
			32.0499384832187	-51.3605303492084
			32.0096240951895	-51.3605303492084
			31.9693097071603	-51.3605303492084
			31.9289953191311	-51.3605303492084
			31.8886809311019	-51.4008447372376
			31.8483665430727	-51.4008447372376
			31.8080521550435	-51.4008447372376
			31.7677377670143	-51.4008447372376
			31.7274233789851	-51.4008447372376
			31.6871089909559	-51.4008447372376
			31.6467946029267	-51.4008447372376
			31.6064802148975	-51.4008447372376
			31.5661658268683	-51.4008447372376
			31.525851438839	-51.4008447372376
			31.4855370508098	-51.4008447372376
			31.4452226627806	-51.4008447372376
			31.4049082747514	-51.4008447372376
			31.4049082747514	-51.3605303492084
			31.3645938867222	-51.3605303492084
			31.324279498693	-51.3605303492084
			31.2839651106638	-51.3605303492084
			31.2436507226346	-51.3605303492084
			31.2033363346054	-51.3605303492084
			31.1630219465762	-51.3605303492084
			31.122707558547	-51.3605303492084
			31.0823931705178	-51.3605303492084
			31.0420787824886	-51.3605303492084
			31.0017643944594	-51.3605303492084
			30.9614500064302	-51.3605303492084
			30.921135618401	-51.3605303492084
			30.8808212303718	-51.3605303492084
			30.8405068423425	-51.3202159611792
			30.8001924543133	-51.3202159611792
			30.7598780662841	-51.3202159611792
			30.7195636782549	-51.3202159611792
			30.6792492902257	-51.3202159611792
			30.6389349021965	-51.3202159611792
			30.5986205141673	-51.3202159611792
			30.5583061261381	-51.3202159611792
			30.5179917381089	-51.3202159611792
			30.4776773500797	-51.3202159611792
			30.4373629620505	-51.3202159611792
			30.3970485740213	-51.3202159611792
			30.3567341859921	-51.3202159611792
			30.3164197979629	-51.3202159611792
			30.2761054099337	-51.27990157315
			30.2357910219045	-51.27990157315
			30.1954766338753	-51.27990157315
			30.155162245846	-51.27990157315
			30.1148478578168	-51.27990157315
			30.0745334697876	-51.27990157315
			30.0342190817584	-51.27990157315
			29.9939046937292	-51.27990157315
			29.9535903057	-51.27990157315
			29.9132759176708	-51.27990157315
			29.8729615296416	-51.27990157315
			29.8326471416124	-51.27990157315
			29.7923327535832	-51.27990157315
			29.752018365554	-51.2395871851208
			29.7117039775248	-51.2395871851208
			29.6713895894956	-51.2395871851208
			29.6310752014664	-51.2395871851208
			29.5907608134372	-51.2395871851208
			29.550446425408	-51.2395871851208
			29.5101320373787	-51.2395871851208
			29.4698176493495	-51.2395871851208
			29.4295032613203	-51.2395871851208
			29.3891888732911	-51.2395871851208
			29.3488744852619	-51.2395871851208
			29.3085600972327	-51.2395871851208
			29.2682457092035	-51.1992727970915
			29.2279313211743	-51.1992727970915
			29.1876169331451	-51.1992727970915
			29.1473025451159	-51.1992727970915
			29.1069881570867	-51.1992727970915
			29.0666737690575	-51.1992727970915
			29.0263593810283	-51.1992727970915
			28.9860449929991	-51.1992727970915
			28.9457306049699	-51.1992727970915
			28.9054162169407	-51.1992727970915
			28.8651018289115	-51.1992727970915
			28.8247874408823	-51.1992727970915
			28.784473052853	-51.1992727970915
			28.7441586648238	-51.1589584090623
			28.7038442767946	-51.1589584090623
			28.6635298887654	-51.1589584090623
			28.6232155007362	-51.1589584090623
			28.582901112707	-51.1589584090623
			28.5425867246778	-51.1589584090623
			28.5022723366486	-51.1589584090623
			28.4619579486194	-51.1589584090623
			28.4216435605902	-51.1589584090623
			28.381329172561	-51.1589584090623
			28.3410147845318	-51.1589584090623
			28.3007003965026	-51.1589584090623
			28.2603860084734	-51.1186440210331
			28.2200716204442	-51.1186440210331
			28.179757232415	-51.1186440210331
			28.1394428443857	-51.1186440210331
			28.0991284563565	-51.1186440210331
			28.0588140683273	-51.1186440210331
			28.0184996802981	-51.1186440210331
			27.9781852922689	-51.1186440210331
			27.9378709042397	-51.1186440210331
			27.8975565162105	-51.1186440210331
			27.8572421281813	-51.1186440210331
			27.8169277401521	-51.1186440210331
			27.7766133521229	-51.0783296330039
			27.7362989640937	-51.0783296330039
			27.6959845760645	-51.0783296330039
			27.6556701880353	-51.0783296330039
			27.6153558000061	-51.0783296330039
			27.5750414119769	-51.0783296330039
			27.5347270239477	-51.0783296330039
			27.4944126359185	-51.0783296330039
			27.4540982478892	-51.0783296330039
			27.41378385986	-51.0783296330039
			27.3734694718308	-51.0783296330039
			27.3331550838016	-51.0783296330039
			27.2928406957724	-51.0380152449747
			27.2525263077432	-51.0380152449747
			27.212211919714	-51.0380152449747
			27.1718975316848	-51.0380152449747
			27.1315831436556	-51.0380152449747
			27.0912687556264	-51.0380152449747
			27.0509543675972	-51.0380152449747
			27.010639979568	-51.0380152449747
			26.9703255915388	-51.0380152449747
			26.9300112035096	-51.0380152449747
			26.8896968154804	-51.0380152449747
			26.8493824274512	-50.9977008569455
			26.809068039422	-50.9977008569455
			26.7687536513927	-50.9977008569455
			26.7284392633635	-50.9977008569455
			26.6881248753343	-50.9977008569455
			26.6478104873051	-50.9977008569455
			26.6074960992759	-50.9977008569455
			26.5671817112467	-50.9977008569455
			26.5268673232175	-50.9977008569455
			26.4865529351883	-50.9977008569455
			26.4462385471591	-50.9977008569455
			26.4059241591299	-50.9977008569455
			26.3656097711007	-50.9573864689163
			26.3252953830715	-50.9573864689163
			26.2849809950423	-50.9573864689163
			26.2446666070131	-50.9573864689163
			26.2043522189839	-50.9573864689163
			26.1640378309547	-50.9573864689163
			26.1237234429254	-50.9573864689163
			26.0834090548962	-50.9573864689163
			26.043094666867	-50.9573864689163
			26.0027802788378	-50.9573864689163
			25.9624658908086	-50.9573864689163
			25.9221515027794	-50.9170720808871
			25.8818371147502	-50.9170720808871
			25.841522726721	-50.9170720808871
			25.8012083386918	-50.9170720808871
			25.7608939506626	-50.9170720808871
			25.7205795626334	-50.9170720808871
		</c2>
	</curves.scaled>
	<ruler.points type=matrix rownames=TRUE colnames=FALSE nrow=2 ncol=2 as.numeric=TRUE >
		Ruler point 1	2048	279
		Ruler point 2	2296	274
	</ruler.points>
</shapes>

