<shapes type=list>
	<ruler.pixel type=vector names=FALSE length=1 as.numeric=TRUE >248.050398104901</ruler.pixel>
	<ruler.interval type=vector names=FALSE length=1 as.numeric=TRUE >10</ruler.interval>
	<scaling.units type=vector names=FALSE length=1 as.numeric=FALSE >undefined</scaling.units>
	<scaling type=vector names=FALSE length=1 as.numeric=TRUE >0.0403143880292059</scaling>
	<landmarks.pixel type=matrix rownames=TRUE colnames=FALSE nrow=2 ncol=2 as.numeric=TRUE >
		LM1	664	1325
		LM2	1817	1354
	</landmarks.pixel>
	<landmarks.scaled type=matrix rownames=TRUE colnames=FALSE nrow=2 ncol=2 as.numeric=TRUE >
		LM1	26.7687536513927	-53.4165641386979
		LM2	73.2512430490672	-54.5856813915448
	</landmarks.scaled>
	<curves.control type=list>
		<c1 type=matrix rownames=FALSE colnames=FALSE nrow=13 ncol=2 as.numeric=TRUE >
			664	1325
			665	1281
			696	1263
			788	1126
			885	1041
			1081	850
			1173	807
			1406	695
			1532	814
			1629	904
			1760	1218
			1818	1308
			1817	1354
		</c1>
		<c2 type=matrix rownames=FALSE colnames=FALSE nrow=13 ncol=2 as.numeric=TRUE >
			1817	1354
			1799	1357
			1744	1351
			1643	1346
			1588	1324
			1512	1294
			1404	1314
			1258	1322
			985	1318
			889	1328
			750	1324
			717	1333
			664	1325
		</c2>
	</curves.control>
	<curves.pixel type=list>
		<c1 type=matrix rownames=FALSE colnames=FALSE nrow=1562 ncol=2 as.numeric=TRUE >
			664	1325
			664	1324
			664	1323
			664	1322
			664	1321
			664	1320
			664	1319
			664	1318
			664	1317
			665	1316
			665	1315
			665	1314
			665	1313
			665	1312
			665	1311
			665	1310
			666	1309
			666	1308
			666	1307
			666	1306
			666	1305
			666	1304
			667	1304
			667	1303
			667	1302
			667	1301
			668	1300
			668	1299
			668	1298
			669	1297
			669	1296
			669	1295
			670	1294
			670	1293
			670	1292
			671	1291
			671	1290
			672	1289
			672	1288
			673	1287
			673	1286
			674	1286
			674	1285
			675	1284
			675	1283
			676	1282
			676	1281
			677	1281
			677	1280
			678	1279
			678	1278
			679	1277
			680	1277
			680	1276
			681	1275
			682	1274
			683	1273
			684	1272
			685	1271
			686	1270
			687	1269
			688	1269
			689	1268
			690	1267
			691	1266
			692	1266
			693	1265
			694	1264
			695	1264
			696	1263
			696	1262
			697	1261
			698	1260
			698	1259
			699	1258
			700	1257
			700	1256
			701	1255
			702	1254
			703	1253
			703	1252
			704	1251
			705	1250
			705	1249
			706	1248
			707	1247
			707	1246
			708	1245
			709	1244
			709	1243
			710	1242
			711	1241
			711	1240
			712	1239
			713	1238
			714	1237
			714	1236
			715	1236
			716	1235
			716	1234
			717	1233
			718	1232
			718	1231
			719	1230
			720	1229
			720	1228
			721	1227
			722	1226
			722	1225
			723	1224
			724	1223
			725	1222
			725	1221
			726	1220
			727	1219
			727	1218
			728	1217
			729	1216
			729	1215
			730	1214
			731	1213
			731	1212
			732	1212
			733	1211
			733	1210
			734	1209
			735	1208
			736	1207
			736	1206
			737	1205
			738	1204
			738	1203
			739	1202
			740	1201
			740	1200
			741	1199
			742	1198
			743	1197
			744	1196
			744	1195
			745	1194
			746	1193
			747	1192
			748	1191
			748	1190
			749	1189
			749	1188
			750	1188
			751	1187
			751	1186
			752	1185
			753	1184
			754	1183
			754	1182
			755	1181
			756	1180
			757	1179
			757	1178
			758	1177
			759	1176
			759	1175
			760	1175
			761	1174
			762	1173
			762	1172
			763	1171
			764	1170
			765	1169
			765	1168
			766	1167
			767	1166
			767	1165
			768	1165
			769	1164
			770	1163
			770	1162
			771	1161
			772	1160
			772	1159
			773	1158
			774	1157
			775	1157
			775	1156
			776	1155
			777	1154
			778	1153
			778	1152
			779	1151
			780	1150
			780	1149
			781	1149
			782	1148
			783	1147
			783	1146
			784	1145
			785	1144
			786	1143
			787	1142
			788	1141
			789	1140
			790	1139
			790	1138
			791	1137
			792	1136
			793	1135
			794	1134
			794	1133
			795	1133
			795	1132
			796	1131
			797	1130
			798	1129
			799	1128
			800	1127
			801	1126
			801	1125
			802	1125
			802	1124
			803	1123
			804	1122
			805	1121
			806	1120
			807	1119
			808	1118
			809	1117
			809	1116
			810	1115
			811	1114
			812	1114
			812	1113
			813	1112
			814	1111
			815	1110
			815	1109
			816	1109
			817	1108
			818	1107
			818	1106
			819	1105
			820	1105
			821	1104
			821	1103
			822	1102
			823	1101
			824	1100
			825	1099
			826	1098
			827	1097
			828	1096
			829	1095
			830	1094
			831	1093
			832	1092
			833	1091
			833	1090
			834	1089
			835	1088
			836	1087
			837	1086
			838	1085
			839	1085
			840	1084
			841	1083
			842	1082
			843	1081
			844	1080
			844	1079
			845	1078
			846	1077
			847	1076
			848	1075
			849	1074
			850	1074
			851	1073
			852	1072
			853	1071
			854	1070
			855	1069
			856	1068
			856	1067
			857	1066
			858	1065
			859	1065
			860	1064
			861	1063
			862	1062
			863	1061
			864	1060
			865	1059
			866	1058
			867	1058
			868	1057
			868	1056
			869	1055
			870	1054
			871	1053
			872	1053
			873	1052
			874	1051
			875	1050
			876	1049
			877	1048
			878	1047
			879	1047
			880	1046
			880	1045
			881	1044
			882	1043
			883	1043
			884	1042
			885	1041
			886	1040
			887	1039
			888	1038
			889	1037
			890	1036
			891	1035
			892	1034
			893	1033
			894	1033
			894	1032
			895	1031
			896	1030
			897	1030
			898	1029
			898	1028
			899	1027
			900	1026
			901	1026
			902	1025
			902	1024
			903	1023
			904	1023
			905	1022
			906	1021
			906	1020
			907	1020
			908	1019
			909	1018
			909	1017
			910	1017
			911	1016
			912	1015
			913	1014
			914	1013
			915	1012
			916	1011
			917	1010
			918	1009
			919	1008
			920	1008
			921	1007
			922	1006
			923	1005
			923	1004
			924	1003
			925	1002
			926	1001
			927	1001
			928	1000
			929	999
			930	998
			931	997
			932	996
			933	995
			934	994
			935	993
			936	992
			937	991
			938	990
			939	990
			939	989
			940	988
			941	988
			941	987
			942	987
			943	986
			943	985
			944	985
			945	984
			946	983
			947	982
			948	981
			949	980
			950	979
			951	978
			952	977
			953	976
			954	975
			955	974
			956	974
			957	973
			958	972
			959	971
			959	970
			960	969
			961	969
			962	968
			963	967
			964	966
			965	965
			966	965
			967	964
			968	963
			968	962
			969	961
			970	960
			971	960
			972	959
			973	958
			974	957
			975	956
			976	956
			976	955
			977	954
			978	953
			979	952
			980	952
			981	951
			982	950
			982	949
			983	949
			984	948
			985	947
			986	946
			987	945
			988	945
			988	944
			989	943
			990	942
			991	942
			992	941
			993	940
			994	939
			995	938
			996	937
			997	936
			998	935
			999	934
			1000	933
			1001	933
			1002	932
			1003	931
			1004	930
			1005	929
			1006	928
			1007	927
			1008	926
			1009	926
			1010	925
			1011	924
			1012	923
			1013	922
			1014	921
			1015	920
			1016	920
			1017	919
			1018	918
			1019	917
			1020	916
			1021	915
			1022	915
			1023	914
			1024	913
			1025	912
			1026	911
			1027	911
			1028	910
			1029	909
			1030	908
			1031	907
			1032	906
			1033	905
			1034	905
			1034	904
			1035	903
			1036	903
			1036	902
			1037	902
			1038	901
			1039	900
			1040	899
			1041	898
			1042	898
			1043	897
			1044	896
			1045	895
			1046	894
			1047	893
			1048	893
			1049	892
			1050	891
			1051	890
			1052	890
			1053	889
			1054	888
			1055	887
			1056	886
			1057	885
			1058	884
			1059	884
			1059	883
			1060	883
			1061	882
			1062	881
			1063	880
			1064	880
			1065	879
			1066	878
			1067	877
			1068	876
			1069	876
			1070	875
			1071	874
			1072	874
			1073	873
			1074	872
			1075	871
			1076	870
			1077	869
			1078	869
			1079	868
			1080	867
			1081	866
			1082	866
			1083	865
			1084	864
			1085	863
			1086	863
			1087	862
			1088	861
			1089	860
			1090	860
			1091	859
			1092	858
			1093	857
			1094	856
			1095	856
			1096	855
			1097	854
			1098	854
			1098	853
			1099	853
			1100	852
			1101	852
			1102	851
			1103	850
			1104	849
			1105	849
			1106	848
			1107	847
			1108	846
			1109	846
			1110	845
			1111	845
			1111	844
			1112	843
			1113	843
			1114	842
			1115	842
			1116	841
			1117	840
			1118	840
			1118	839
			1119	839
			1120	838
			1121	837
			1122	837
			1123	836
			1124	835
			1125	835
			1126	834
			1127	833
			1128	833
			1129	832
			1130	831
			1131	831
			1132	830
			1133	829
			1134	829
			1135	828
			1136	828
			1137	827
			1138	826
			1139	826
			1140	825
			1141	825
			1142	824
			1143	823
			1144	823
			1145	822
			1146	821
			1147	821
			1148	820
			1149	820
			1150	819
			1151	818
			1152	818
			1153	817
			1154	817
			1155	816
			1156	816
			1157	815
			1158	815
			1158	814
			1159	814
			1160	813
			1161	813
			1162	812
			1163	812
			1164	812
			1165	811
			1166	810
			1167	810
			1168	809
			1169	809
			1170	808
			1171	808
			1172	807
			1173	807
			1174	806
			1175	806
			1176	806
			1177	805
			1178	805
			1179	804
			1180	804
			1180	803
			1181	803
			1182	803
			1183	802
			1184	802
			1185	801
			1186	801
			1187	801
			1187	800
			1188	800
			1189	799
			1190	799
			1191	799
			1192	798
			1193	798
			1194	797
			1195	797
			1196	796
			1197	796
			1198	795
			1199	795
			1200	795
			1201	794
			1202	794
			1203	793
			1204	793
			1205	793
			1205	792
			1206	792
			1207	792
			1208	791
			1209	791
			1210	790
			1211	790
			1212	790
			1213	789
			1214	789
			1215	789
			1215	788
			1216	788
			1217	787
			1218	787
			1219	787
			1220	786
			1221	786
			1222	786
			1223	785
			1224	785
			1225	784
			1226	784
			1227	783
			1228	783
			1229	783
			1230	783
			1230	782
			1231	782
			1232	782
			1233	781
			1234	781
			1235	780
			1236	780
			1237	780
			1238	780
			1238	779
			1239	779
			1240	779
			1241	779
			1241	778
			1242	778
			1243	778
			1244	778
			1244	777
			1245	777
			1246	777
			1247	776
			1248	776
			1249	776
			1250	775
			1251	775
			1252	775
			1252	774
			1253	774
			1254	774
			1255	774
			1256	773
			1257	773
			1258	773
			1259	772
			1260	772
			1261	772
			1262	771
			1263	771
			1264	771
			1265	771
			1266	770
			1267	770
			1268	770
			1269	769
			1270	769
			1271	769
			1272	768
			1273	768
			1274	768
			1275	768
			1276	767
			1277	767
			1278	767
			1279	766
			1280	766
			1281	766
			1282	766
			1283	765
			1284	765
			1285	765
			1286	765
			1287	764
			1288	764
			1289	764
			1290	764
			1291	763
			1292	763
			1293	763
			1294	763
			1295	762
			1296	762
			1297	762
			1298	762
			1299	761
			1300	761
			1301	761
			1302	761
			1303	761
			1304	760
			1305	760
			1306	760
			1307	760
			1308	760
			1309	759
			1310	759
			1311	759
			1312	759
			1313	759
			1314	758
			1315	758
			1316	758
			1317	758
			1318	758
			1319	758
			1320	757
			1321	757
			1322	757
			1323	757
			1324	757
			1325	757
			1326	756
			1327	756
			1328	756
			1329	756
			1330	756
			1331	756
			1332	756
			1333	755
			1334	755
			1335	755
			1336	755
			1337	755
			1338	755
			1339	755
			1340	755
			1341	754
			1342	754
			1343	754
			1344	754
			1345	754
			1346	754
			1347	754
			1348	754
			1349	754
			1350	754
			1351	754
			1352	753
			1353	753
			1354	753
			1355	753
			1356	753
			1357	753
			1358	753
			1359	753
			1360	753
			1361	753
			1362	753
			1363	753
			1364	753
			1365	753
			1366	753
			1367	753
			1368	753
			1369	753
			1370	753
			1371	753
			1372	753
			1373	753
			1374	753
			1375	753
			1376	753
			1377	753
			1378	753
			1379	753
			1380	753
			1381	753
			1382	753
			1383	753
			1384	753
			1385	753
			1386	753
			1387	753
			1388	753
			1389	753
			1390	753
			1391	753
			1392	753
			1393	753
			1394	753
			1395	754
			1396	754
			1397	754
			1398	754
			1399	754
			1400	754
			1401	754
			1402	754
			1403	754
			1404	754
			1405	755
			1406	755
			1407	755
			1408	755
			1409	755
			1410	755
			1411	755
			1412	755
			1413	756
			1414	756
			1415	756
			1416	756
			1417	756
			1418	756
			1419	757
			1420	757
			1421	757
			1422	757
			1423	757
			1424	758
			1425	758
			1426	758
			1427	758
			1428	758
			1429	759
			1430	759
			1431	759
			1432	759
			1433	759
			1434	760
			1435	760
			1436	760
			1437	761
			1438	761
			1439	761
			1440	761
			1441	762
			1442	762
			1443	762
			1444	762
			1445	763
			1446	763
			1447	763
			1448	764
			1449	764
			1450	764
			1451	765
			1452	765
			1453	765
			1454	766
			1455	766
			1456	767
			1457	767
			1458	767
			1459	768
			1460	768
			1461	768
			1462	769
			1463	769
			1464	769
			1464	770
			1465	770
			1466	770
			1467	771
			1468	771
			1469	772
			1470	772
			1471	773
			1472	773
			1473	773
			1474	774
			1475	774
			1476	775
			1477	776
			1478	776
			1479	777
			1480	777
			1481	777
			1481	778
			1482	778
			1483	778
			1483	779
			1484	779
			1485	779
			1485	780
			1486	780
			1487	780
			1487	781
			1488	781
			1488	782
			1489	782
			1490	782
			1490	783
			1491	783
			1492	783
			1492	784
			1493	784
			1493	785
			1494	785
			1495	785
			1495	786
			1496	786
			1497	786
			1497	787
			1498	787
			1498	788
			1499	788
			1500	788
			1500	789
			1501	789
			1502	790
			1503	790
			1504	791
			1505	792
			1506	793
			1507	793
			1508	794
			1509	795
			1510	796
			1511	797
			1512	797
			1513	798
			1514	799
			1515	799
			1516	800
			1517	801
			1518	802
			1519	803
			1520	804
			1521	804
			1522	805
			1523	806
			1524	807
			1525	808
			1526	809
			1527	810
			1528	810
			1529	811
			1530	812
			1531	813
			1532	814
			1533	815
			1534	816
			1535	817
			1536	818
			1537	819
			1538	820
			1539	820
			1540	821
			1540	822
			1541	823
			1542	824
			1543	825
			1544	826
			1545	827
			1546	828
			1547	829
			1548	830
			1549	831
			1550	832
			1550	833
			1551	834
			1552	835
			1553	836
			1554	837
			1555	838
			1556	839
			1557	840
			1558	841
			1559	842
			1560	843
			1560	844
			1561	845
			1561	846
			1562	846
			1563	847
			1563	848
			1564	848
			1564	849
			1565	850
			1566	851
			1567	852
			1568	853
			1568	854
			1569	855
			1570	856
			1570	857
			1571	858
			1572	859
			1573	859
			1573	860
			1574	861
			1575	862
			1575	863
			1576	864
			1577	865
			1577	866
			1578	867
			1579	868
			1579	869
			1580	870
			1581	870
			1581	871
			1582	872
			1583	873
			1584	874
			1584	875
			1585	876
			1586	877
			1586	878
			1587	879
			1588	880
			1588	881
			1589	882
			1590	883
			1591	884
			1591	885
			1592	886
			1593	887
			1593	888
			1594	889
			1595	890
			1595	891
			1596	892
			1597	893
			1597	894
			1598	895
			1598	896
			1599	897
			1600	898
			1601	899
			1601	900
			1602	901
			1602	902
			1603	903
			1604	904
			1604	905
			1605	906
			1606	907
			1606	908
			1607	909
			1607	910
			1608	911
			1609	912
			1609	913
			1610	914
			1611	915
			1611	916
			1612	917
			1612	918
			1613	919
			1614	920
			1614	921
			1615	922
			1616	923
			1616	924
			1617	925
			1617	926
			1618	927
			1619	928
			1619	929
			1620	930
			1621	931
			1621	932
			1622	933
			1623	934
			1623	935
			1624	936
			1624	937
			1625	938
			1625	939
			1626	940
			1627	941
			1627	942
			1628	943
			1628	944
			1629	945
			1629	946
			1630	946
			1630	947
			1631	948
			1631	949
			1632	950
			1632	951
			1633	952
			1634	953
			1634	954
			1635	955
			1635	956
			1636	957
			1636	958
			1637	959
			1638	960
			1638	961
			1639	962
			1639	963
			1640	964
			1640	965
			1641	966
			1641	967
			1642	968
			1643	969
			1643	970
			1644	971
			1644	972
			1645	973
			1645	974
			1646	975
			1647	976
			1647	977
			1648	978
			1648	979
			1649	980
			1649	981
			1650	982
			1650	983
			1651	984
			1651	985
			1652	986
			1652	987
			1653	987
			1653	988
			1653	989
			1654	990
			1655	991
			1655	992
			1656	993
			1656	994
			1657	995
			1657	996
			1658	997
			1658	998
			1659	999
			1659	1000
			1660	1001
			1660	1002
			1661	1002
			1661	1003
			1662	1004
			1662	1005
			1663	1006
			1663	1007
			1664	1008
			1664	1009
			1665	1010
			1665	1011
			1666	1012
			1666	1013
			1667	1014
			1667	1015
			1668	1016
			1668	1017
			1669	1018
			1669	1019
			1670	1020
			1670	1021
			1671	1022
			1671	1023
			1672	1024
			1672	1025
			1673	1026
			1673	1027
			1674	1028
			1674	1029
			1675	1030
			1675	1031
			1676	1032
			1676	1033
			1677	1034
			1677	1035
			1678	1036
			1678	1037
			1679	1038
			1679	1039
			1680	1040
			1680	1041
			1681	1042
			1681	1043
			1682	1044
			1682	1045
			1683	1046
			1683	1047
			1684	1048
			1684	1049
			1685	1050
			1685	1051
			1686	1052
			1686	1053
			1686	1054
			1687	1054
			1687	1055
			1687	1056
			1688	1057
			1689	1058
			1689	1059
			1689	1060
			1690	1061
			1690	1062
			1691	1063
			1691	1064
			1692	1065
			1692	1066
			1693	1066
			1693	1067
			1693	1068
			1694	1069
			1694	1070
			1695	1071
			1695	1072
			1696	1073
			1696	1074
			1697	1075
			1697	1076
			1698	1077
			1698	1078
			1698	1079
			1699	1080
			1699	1081
			1700	1082
			1700	1083
			1701	1084
			1701	1085
			1702	1085
			1702	1086
			1702	1087
			1703	1088
			1703	1089
			1704	1090
			1704	1091
			1705	1092
			1705	1093
			1706	1094
			1706	1095
			1707	1096
			1707	1097
			1707	1098
			1708	1099
			1708	1100
			1709	1101
			1709	1102
			1710	1103
			1710	1104
			1711	1105
			1711	1106
			1712	1107
			1712	1108
			1713	1109
			1713	1110
			1713	1111
			1714	1112
			1714	1113
			1715	1114
			1715	1115
			1716	1116
			1716	1117
			1717	1118
			1717	1119
			1718	1120
			1718	1121
			1718	1122
			1719	1123
			1719	1124
			1720	1125
			1720	1126
			1721	1127
			1721	1128
			1722	1129
			1722	1130
			1723	1131
			1723	1132
			1723	1133
			1724	1134
			1724	1135
			1725	1136
			1725	1137
			1726	1138
			1726	1139
			1727	1140
			1727	1141
			1727	1142
			1728	1143
			1728	1144
			1729	1145
			1729	1146
			1729	1147
			1730	1148
			1731	1149
			1731	1150
			1731	1151
			1732	1152
			1732	1153
			1733	1154
			1733	1155
			1734	1156
			1734	1157
			1734	1158
			1735	1158
			1735	1159
			1735	1160
			1736	1161
			1736	1162
			1737	1163
			1737	1164
			1738	1165
			1738	1166
			1738	1167
			1739	1168
			1739	1169
			1740	1170
			1740	1171
			1740	1172
			1741	1173
			1741	1174
			1742	1175
			1742	1176
			1743	1177
			1743	1178
			1743	1179
			1744	1180
			1744	1181
			1745	1182
			1745	1183
			1746	1184
			1746	1185
			1746	1186
			1747	1187
			1747	1188
			1748	1189
			1748	1190
			1749	1191
			1749	1192
			1749	1193
			1750	1194
			1750	1195
			1751	1196
			1751	1197
			1752	1198
			1752	1199
			1752	1200
			1753	1201
			1753	1202
			1754	1203
			1754	1204
			1755	1205
			1755	1206
			1755	1207
			1756	1208
			1756	1209
			1757	1210
			1757	1211
			1758	1212
			1758	1213
			1758	1214
			1759	1215
			1759	1216
			1760	1217
			1760	1218
			1760	1219
			1761	1219
			1761	1220
			1762	1220
			1762	1221
			1762	1222
			1763	1222
			1763	1223
			1764	1224
			1765	1225
			1765	1226
			1766	1227
			1766	1228
			1767	1229
			1767	1230
			1768	1230
			1768	1231
			1769	1232
			1769	1233
			1770	1234
			1771	1235
			1771	1236
			1772	1237
			1772	1238
			1773	1238
			1773	1239
			1774	1240
			1774	1241
			1775	1242
			1776	1243
			1776	1244
			1777	1245
			1777	1246
			1778	1247
			1778	1248
			1779	1249
			1779	1250
			1780	1251
			1780	1252
			1781	1253
			1782	1253
			1782	1254
			1783	1255
			1783	1256
			1784	1257
			1784	1258
			1785	1259
			1785	1260
			1786	1261
			1786	1262
			1787	1263
			1787	1264
			1788	1265
			1789	1266
			1789	1267
			1790	1268
			1790	1269
			1790	1270
			1791	1271
			1792	1272
			1792	1273
			1793	1274
			1793	1275
			1794	1276
			1794	1277
			1795	1278
			1795	1279
			1795	1280
			1796	1280
			1796	1281
			1797	1282
			1797	1283
			1797	1284
			1798	1285
			1798	1286
			1799	1286
			1799	1287
			1799	1288
			1800	1289
			1800	1290
			1800	1291
			1801	1291
			1801	1292
			1802	1293
			1802	1294
			1802	1295
			1803	1296
			1803	1297
			1804	1298
			1804	1299
			1804	1300
			1805	1301
			1805	1302
			1806	1303
			1806	1304
			1806	1305
			1807	1306
			1807	1307
			1808	1308
			1808	1309
			1808	1310
			1809	1311
			1809	1312
			1809	1313
			1810	1314
			1810	1315
			1810	1316
			1811	1317
			1811	1318
			1811	1319
			1812	1320
			1812	1321
			1812	1322
			1813	1323
			1813	1324
			1813	1325
			1813	1326
			1814	1327
			1814	1328
			1814	1329
			1814	1330
			1815	1331
			1815	1332
			1815	1333
			1815	1334
			1815	1335
			1815	1336
			1816	1337
			1816	1338
			1816	1339
			1816	1340
			1816	1341
			1816	1342
			1816	1343
			1817	1344
			1817	1345
			1817	1346
			1817	1347
			1817	1348
			1817	1349
			1817	1350
			1817	1351
			1817	1352
			1817	1353
			1817	1354
		</c1>
		<c2 type=matrix rownames=FALSE colnames=FALSE nrow=1160 ncol=2 as.numeric=TRUE >
			1817	1354
			1816	1354
			1815	1354
			1814	1354
			1813	1355
			1812	1355
			1811	1355
			1810	1355
			1809	1355
			1808	1355
			1807	1355
			1806	1355
			1805	1355
			1804	1355
			1803	1355
			1802	1355
			1801	1355
			1800	1355
			1799	1355
			1798	1355
			1797	1355
			1796	1355
			1795	1355
			1794	1355
			1793	1355
			1792	1355
			1791	1355
			1790	1355
			1789	1355
			1788	1355
			1787	1355
			1786	1355
			1785	1355
			1784	1354
			1783	1354
			1782	1354
			1781	1354
			1780	1354
			1779	1354
			1778	1354
			1777	1354
			1776	1354
			1775	1354
			1774	1354
			1773	1354
			1772	1354
			1771	1354
			1770	1354
			1769	1353
			1768	1353
			1767	1353
			1766	1353
			1765	1353
			1764	1353
			1763	1353
			1762	1353
			1761	1353
			1760	1353
			1759	1352
			1758	1352
			1757	1352
			1756	1352
			1755	1352
			1754	1352
			1753	1352
			1752	1352
			1751	1352
			1750	1352
			1749	1352
			1748	1351
			1747	1351
			1746	1351
			1745	1351
			1744	1351
			1743	1351
			1742	1351
			1741	1351
			1740	1351
			1739	1351
			1738	1351
			1737	1351
			1736	1351
			1735	1351
			1734	1350
			1733	1350
			1732	1350
			1731	1350
			1730	1350
			1729	1350
			1728	1350
			1727	1350
			1726	1350
			1725	1350
			1724	1350
			1723	1350
			1722	1350
			1721	1350
			1720	1350
			1719	1349
			1718	1349
			1717	1349
			1716	1349
			1715	1349
			1714	1349
			1713	1349
			1712	1349
			1711	1349
			1710	1349
			1709	1349
			1708	1349
			1707	1348
			1706	1348
			1705	1348
			1704	1348
			1703	1348
			1702	1348
			1701	1348
			1700	1348
			1699	1348
			1698	1348
			1697	1348
			1696	1347
			1695	1347
			1694	1347
			1693	1347
			1692	1347
			1691	1347
			1690	1347
			1689	1347
			1688	1347
			1687	1346
			1686	1346
			1685	1346
			1684	1346
			1683	1346
			1682	1346
			1681	1346
			1680	1346
			1679	1345
			1678	1345
			1677	1345
			1676	1345
			1675	1345
			1674	1345
			1673	1345
			1672	1344
			1671	1344
			1670	1344
			1669	1344
			1668	1344
			1667	1344
			1666	1344
			1665	1344
			1665	1343
			1664	1343
			1663	1343
			1662	1343
			1661	1343
			1660	1343
			1659	1342
			1658	1342
			1657	1342
			1656	1342
			1655	1342
			1654	1342
			1653	1342
			1653	1341
			1652	1341
			1651	1341
			1650	1341
			1649	1341
			1648	1341
			1647	1340
			1646	1340
			1645	1340
			1644	1340
			1643	1340
			1642	1339
			1641	1339
			1640	1339
			1639	1339
			1638	1339
			1637	1338
			1636	1338
			1635	1338
			1634	1338
			1633	1338
			1632	1337
			1631	1337
			1630	1337
			1629	1337
			1628	1336
			1627	1336
			1626	1336
			1625	1336
			1624	1335
			1623	1335
			1622	1335
			1621	1335
			1620	1334
			1619	1334
			1618	1334
			1617	1334
			1616	1333
			1615	1333
			1614	1333
			1613	1333
			1612	1332
			1611	1332
			1610	1332
			1609	1331
			1608	1331
			1607	1331
			1606	1330
			1605	1330
			1604	1330
			1603	1329
			1602	1329
			1601	1329
			1600	1328
			1599	1328
			1598	1328
			1597	1327
			1596	1327
			1595	1327
			1594	1326
			1593	1326
			1592	1325
			1591	1325
			1590	1325
			1589	1324
			1588	1324
			1587	1324
			1586	1323
			1585	1323
			1584	1323
			1583	1322
			1582	1322
			1581	1321
			1580	1321
			1579	1321
			1578	1320
			1577	1320
			1576	1320
			1575	1319
			1574	1319
			1573	1319
			1572	1318
			1571	1318
			1570	1318
			1569	1317
			1568	1317
			1567	1317
			1566	1317
			1565	1316
			1564	1316
			1563	1316
			1562	1315
			1561	1315
			1560	1315
			1559	1315
			1558	1314
			1557	1314
			1556	1314
			1555	1314
			1554	1313
			1553	1313
			1552	1313
			1551	1313
			1550	1313
			1549	1312
			1548	1312
			1547	1312
			1546	1312
			1545	1312
			1545	1311
			1544	1311
			1543	1311
			1542	1311
			1541	1311
			1540	1311
			1539	1310
			1538	1310
			1537	1310
			1536	1310
			1535	1310
			1534	1310
			1533	1309
			1532	1309
			1531	1309
			1530	1309
			1529	1309
			1528	1309
			1527	1309
			1526	1308
			1525	1308
			1524	1308
			1523	1308
			1522	1308
			1521	1308
			1520	1308
			1519	1308
			1518	1308
			1517	1307
			1516	1307
			1515	1307
			1514	1307
			1513	1307
			1512	1307
			1511	1307
			1510	1307
			1509	1307
			1508	1307
			1507	1307
			1506	1307
			1505	1307
			1504	1306
			1503	1306
			1502	1306
			1501	1306
			1500	1306
			1499	1306
			1498	1306
			1497	1306
			1496	1306
			1495	1306
			1494	1306
			1493	1306
			1492	1306
			1491	1306
			1490	1306
			1489	1306
			1488	1306
			1487	1306
			1486	1306
			1485	1306
			1484	1306
			1483	1306
			1482	1306
			1481	1306
			1480	1306
			1479	1306
			1478	1306
			1477	1306
			1476	1306
			1475	1306
			1474	1306
			1473	1306
			1472	1306
			1471	1306
			1470	1306
			1469	1306
			1468	1306
			1467	1306
			1466	1307
			1465	1307
			1464	1307
			1463	1307
			1462	1307
			1461	1307
			1460	1307
			1459	1307
			1458	1307
			1457	1307
			1456	1307
			1455	1307
			1454	1307
			1453	1307
			1452	1307
			1451	1308
			1450	1308
			1449	1308
			1448	1308
			1447	1308
			1446	1308
			1445	1308
			1444	1308
			1443	1308
			1442	1308
			1441	1309
			1440	1309
			1439	1309
			1438	1309
			1437	1309
			1436	1309
			1435	1309
			1434	1309
			1433	1309
			1432	1310
			1431	1310
			1430	1310
			1429	1310
			1428	1310
			1427	1310
			1426	1310
			1425	1311
			1424	1311
			1423	1311
			1422	1311
			1421	1311
			1420	1311
			1419	1311
			1418	1312
			1417	1312
			1416	1312
			1415	1312
			1414	1312
			1413	1312
			1412	1313
			1411	1313
			1410	1313
			1409	1313
			1408	1313
			1407	1314
			1406	1314
			1405	1314
			1404	1314
			1403	1314
			1402	1314
			1401	1314
			1400	1314
			1399	1314
			1398	1314
			1397	1314
			1396	1314
			1395	1314
			1394	1315
			1393	1315
			1392	1315
			1391	1315
			1390	1315
			1389	1315
			1388	1315
			1387	1315
			1386	1315
			1385	1315
			1384	1315
			1383	1315
			1382	1315
			1381	1315
			1380	1315
			1379	1315
			1378	1315
			1377	1315
			1376	1315
			1375	1315
			1374	1315
			1373	1316
			1372	1316
			1371	1316
			1370	1316
			1369	1316
			1368	1316
			1367	1316
			1366	1316
			1365	1316
			1364	1316
			1363	1316
			1362	1316
			1361	1316
			1360	1316
			1359	1316
			1358	1316
			1357	1316
			1356	1316
			1355	1316
			1354	1316
			1353	1316
			1352	1316
			1351	1316
			1350	1316
			1349	1316
			1348	1316
			1347	1316
			1347	1317
			1346	1317
			1345	1317
			1344	1317
			1343	1317
			1342	1317
			1341	1317
			1340	1317
			1339	1317
			1338	1317
			1337	1317
			1336	1317
			1335	1317
			1334	1317
			1333	1317
			1332	1317
			1331	1317
			1330	1317
			1329	1317
			1328	1317
			1327	1317
			1326	1317
			1325	1317
			1324	1317
			1323	1317
			1322	1317
			1321	1317
			1320	1317
			1319	1317
			1318	1317
			1317	1317
			1316	1317
			1315	1317
			1314	1318
			1313	1318
			1312	1318
			1311	1318
			1310	1318
			1309	1318
			1308	1318
			1307	1318
			1306	1318
			1305	1318
			1304	1318
			1303	1318
			1302	1318
			1301	1318
			1300	1318
			1299	1318
			1298	1318
			1297	1318
			1296	1318
			1295	1318
			1294	1318
			1293	1318
			1292	1318
			1291	1318
			1290	1318
			1289	1318
			1288	1318
			1287	1318
			1286	1318
			1285	1318
			1284	1318
			1283	1318
			1282	1318
			1281	1318
			1280	1318
			1279	1318
			1278	1318
			1277	1318
			1276	1318
			1275	1318
			1274	1318
			1273	1318
			1272	1318
			1271	1318
			1270	1318
			1269	1318
			1268	1318
			1267	1318
			1266	1318
			1265	1319
			1264	1319
			1263	1319
			1262	1319
			1261	1319
			1260	1319
			1259	1319
			1258	1319
			1257	1319
			1256	1319
			1255	1319
			1254	1319
			1253	1319
			1252	1319
			1251	1319
			1250	1319
			1249	1319
			1248	1319
			1247	1319
			1246	1319
			1245	1319
			1244	1319
			1243	1319
			1242	1319
			1241	1319
			1240	1319
			1239	1319
			1238	1319
			1237	1319
			1236	1319
			1235	1319
			1234	1319
			1233	1319
			1232	1319
			1231	1319
			1230	1319
			1229	1319
			1228	1319
			1227	1319
			1226	1319
			1225	1319
			1224	1319
			1223	1319
			1222	1319
			1221	1319
			1220	1319
			1219	1319
			1218	1319
			1217	1319
			1216	1319
			1215	1319
			1214	1319
			1213	1319
			1212	1319
			1211	1319
			1210	1319
			1209	1319
			1208	1319
			1207	1319
			1206	1319
			1205	1319
			1204	1319
			1203	1319
			1202	1319
			1201	1319
			1200	1319
			1199	1319
			1198	1319
			1197	1319
			1196	1319
			1195	1319
			1194	1319
			1193	1319
			1192	1319
			1191	1319
			1190	1319
			1189	1319
			1188	1319
			1187	1319
			1186	1319
			1185	1319
			1184	1319
			1183	1319
			1182	1319
			1181	1319
			1180	1319
			1179	1319
			1178	1319
			1177	1319
			1176	1319
			1175	1319
			1174	1319
			1173	1319
			1172	1319
			1171	1319
			1170	1319
			1169	1319
			1168	1319
			1167	1319
			1166	1319
			1165	1319
			1164	1319
			1163	1319
			1162	1319
			1161	1319
			1160	1319
			1159	1319
			1158	1319
			1157	1319
			1156	1319
			1155	1319
			1154	1319
			1153	1319
			1152	1319
			1151	1319
			1150	1319
			1149	1319
			1148	1319
			1147	1319
			1146	1319
			1145	1319
			1144	1319
			1143	1319
			1142	1319
			1141	1319
			1140	1319
			1139	1319
			1138	1319
			1137	1319
			1136	1319
			1135	1319
			1134	1319
			1133	1319
			1132	1319
			1131	1319
			1130	1319
			1129	1319
			1128	1319
			1127	1319
			1126	1319
			1125	1319
			1124	1319
			1123	1319
			1122	1319
			1121	1319
			1120	1319
			1119	1319
			1118	1319
			1117	1319
			1116	1319
			1115	1319
			1114	1319
			1113	1319
			1112	1319
			1111	1319
			1110	1319
			1109	1319
			1108	1319
			1107	1319
			1106	1319
			1105	1319
			1104	1319
			1103	1319
			1102	1319
			1101	1319
			1100	1319
			1099	1319
			1098	1319
			1097	1319
			1096	1319
			1095	1319
			1094	1319
			1093	1319
			1092	1319
			1091	1319
			1090	1319
			1089	1319
			1088	1319
			1087	1319
			1086	1319
			1085	1319
			1084	1319
			1083	1319
			1082	1319
			1081	1319
			1080	1319
			1079	1319
			1078	1319
			1077	1319
			1076	1319
			1075	1319
			1074	1319
			1073	1319
			1072	1319
			1071	1319
			1070	1319
			1069	1319
			1068	1319
			1067	1319
			1066	1319
			1065	1319
			1064	1319
			1063	1319
			1062	1319
			1061	1319
			1060	1319
			1059	1319
			1058	1319
			1057	1319
			1056	1319
			1055	1319
			1054	1319
			1053	1319
			1052	1319
			1051	1319
			1050	1319
			1049	1319
			1048	1319
			1047	1319
			1046	1319
			1045	1319
			1044	1319
			1043	1319
			1042	1319
			1041	1319
			1040	1319
			1039	1319
			1038	1319
			1037	1319
			1036	1319
			1035	1319
			1034	1319
			1033	1319
			1032	1319
			1031	1319
			1030	1319
			1029	1319
			1028	1319
			1027	1319
			1026	1319
			1025	1319
			1024	1319
			1023	1319
			1022	1318
			1021	1318
			1020	1318
			1019	1318
			1018	1318
			1017	1318
			1016	1318
			1015	1318
			1014	1318
			1013	1318
			1012	1318
			1011	1318
			1010	1318
			1009	1318
			1008	1318
			1007	1318
			1006	1318
			1005	1318
			1004	1318
			1003	1318
			1002	1318
			1001	1318
			1000	1318
			999	1318
			998	1318
			997	1318
			996	1318
			995	1318
			994	1318
			993	1318
			992	1318
			991	1318
			990	1318
			989	1318
			988	1318
			987	1318
			986	1318
			985	1318
			984	1318
			983	1318
			982	1318
			981	1318
			980	1319
			979	1319
			978	1319
			977	1319
			976	1319
			975	1319
			974	1319
			973	1319
			972	1319
			971	1319
			970	1319
			969	1320
			968	1320
			967	1320
			966	1320
			965	1320
			964	1320
			963	1320
			962	1320
			961	1320
			960	1320
			959	1320
			958	1320
			957	1321
			956	1321
			955	1321
			954	1321
			953	1321
			952	1321
			951	1321
			950	1321
			949	1321
			948	1321
			947	1321
			946	1321
			945	1321
			944	1322
			943	1322
			942	1322
			941	1322
			940	1322
			939	1322
			938	1322
			937	1322
			936	1322
			935	1322
			934	1322
			933	1322
			932	1322
			931	1322
			930	1322
			929	1322
			928	1322
			927	1323
			926	1323
			925	1323
			924	1323
			923	1323
			922	1323
			921	1323
			920	1323
			919	1323
			918	1323
			917	1323
			916	1323
			915	1323
			914	1323
			913	1323
			912	1323
			911	1323
			910	1323
			909	1323
			908	1323
			907	1324
			906	1324
			905	1324
			904	1324
			903	1324
			902	1324
			901	1324
			900	1324
			899	1324
			898	1324
			897	1324
			896	1324
			895	1324
			894	1324
			893	1324
			892	1324
			891	1324
			890	1324
			889	1324
			888	1324
			887	1324
			886	1324
			885	1324
			884	1324
			883	1324
			882	1324
			881	1324
			880	1324
			879	1324
			878	1325
			877	1325
			876	1325
			875	1325
			874	1325
			873	1325
			872	1325
			871	1325
			870	1325
			869	1325
			868	1325
			867	1325
			866	1325
			865	1325
			864	1325
			863	1325
			862	1325
			861	1325
			860	1325
			859	1325
			858	1325
			857	1325
			856	1325
			855	1325
			854	1325
			853	1325
			852	1325
			851	1325
			850	1325
			849	1325
			848	1325
			847	1325
			846	1325
			845	1325
			844	1325
			843	1325
			842	1325
			841	1325
			840	1325
			839	1325
			838	1325
			837	1325
			836	1325
			835	1325
			834	1325
			833	1325
			832	1325
			831	1325
			830	1325
			829	1325
			828	1325
			827	1325
			826	1325
			825	1325
			824	1325
			823	1325
			822	1325
			821	1325
			820	1325
			819	1325
			818	1325
			817	1325
			816	1325
			815	1325
			814	1325
			813	1325
			812	1325
			811	1325
			810	1325
			809	1325
			808	1325
			807	1325
			806	1325
			805	1325
			804	1325
			803	1325
			802	1325
			801	1325
			800	1325
			799	1325
			798	1325
			797	1325
			796	1325
			795	1325
			794	1325
			793	1325
			792	1325
			791	1325
			790	1325
			789	1325
			788	1325
			787	1325
			786	1325
			785	1325
			784	1325
			783	1325
			782	1325
			781	1325
			780	1325
			779	1325
			778	1325
			777	1325
			776	1325
			775	1325
			774	1325
			773	1325
			772	1325
			771	1325
			770	1325
			769	1324
			768	1324
			767	1324
			766	1324
			765	1324
			764	1324
			763	1324
			762	1324
			761	1324
			760	1324
			759	1324
			758	1324
			757	1324
			756	1324
			755	1324
			754	1324
			753	1324
			752	1324
			751	1324
			750	1324
			749	1324
			748	1324
			747	1325
			746	1325
			745	1325
			744	1325
			743	1326
			742	1326
			741	1326
			740	1326
			739	1326
			738	1327
			737	1327
			736	1327
			735	1327
			734	1327
			733	1327
			732	1327
			731	1328
			730	1328
			729	1328
			728	1328
			727	1328
			726	1328
			725	1328
			724	1328
			723	1328
			722	1328
			721	1328
			720	1328
			719	1329
			718	1329
			717	1329
			716	1329
			715	1329
			714	1329
			713	1329
			712	1329
			711	1329
			710	1329
			709	1329
			708	1329
			707	1329
			706	1329
			705	1329
			704	1329
			703	1329
			702	1329
			701	1329
			700	1329
			699	1329
			698	1328
			697	1328
			696	1328
			695	1328
			694	1328
			693	1328
			692	1328
			691	1328
			690	1328
			689	1328
			688	1328
			687	1328
			686	1328
			685	1328
			684	1327
			683	1327
			682	1327
			681	1327
			680	1327
			679	1327
			678	1327
			677	1327
			676	1327
			675	1327
			675	1326
			674	1326
			673	1326
			672	1326
			671	1326
			670	1326
			669	1326
			668	1326
			667	1326
			667	1325
			666	1325
			665	1325
			664	1325
		</c2>
	</curves.pixel>
	<curves.scaled type=list>
		<c1 type=matrix rownames=FALSE colnames=FALSE nrow=1562 ncol=2 as.numeric=TRUE >
			26.7687536513927	-53.4165641386979
			26.7687536513927	-53.3762497506687
			26.7687536513927	-53.3359353626395
			26.7687536513927	-53.2956209746103
			26.7687536513927	-53.255306586581
			26.7687536513927	-53.2149921985518
			26.7687536513927	-53.1746778105226
			26.7687536513927	-53.1343634224934
			26.7687536513927	-53.0940490344642
			26.809068039422	-53.053734646435
			26.809068039422	-53.0134202584058
			26.809068039422	-52.9731058703766
			26.809068039422	-52.9327914823474
			26.809068039422	-52.8924770943182
			26.809068039422	-52.852162706289
			26.809068039422	-52.8118483182598
			26.8493824274512	-52.7715339302306
			26.8493824274512	-52.7312195422014
			26.8493824274512	-52.6909051541722
			26.8493824274512	-52.650590766143
			26.8493824274512	-52.6102763781138
			26.8493824274512	-52.5699619900846
			26.8896968154804	-52.5699619900846
			26.8896968154804	-52.5296476020553
			26.8896968154804	-52.4893332140261
			26.8896968154804	-52.4490188259969
			26.9300112035096	-52.4087044379677
			26.9300112035096	-52.3683900499385
			26.9300112035096	-52.3280756619093
			26.9703255915388	-52.2877612738801
			26.9703255915388	-52.2474468858509
			26.9703255915388	-52.2071324978217
			27.010639979568	-52.1668181097925
			27.010639979568	-52.1265037217633
			27.010639979568	-52.0861893337341
			27.0509543675972	-52.0458749457049
			27.0509543675972	-52.0055605576757
			27.0912687556264	-51.9652461696465
			27.0912687556264	-51.9249317816173
			27.1315831436556	-51.8846173935881
			27.1315831436556	-51.8443030055588
			27.1718975316848	-51.8443030055588
			27.1718975316848	-51.8039886175296
			27.212211919714	-51.7636742295004
			27.212211919714	-51.7233598414712
			27.2525263077432	-51.683045453442
			27.2525263077432	-51.6427310654128
			27.2928406957724	-51.6427310654128
			27.2928406957724	-51.6024166773836
			27.3331550838016	-51.5621022893544
			27.3331550838016	-51.5217879013252
			27.3734694718308	-51.481473513296
			27.41378385986	-51.481473513296
			27.41378385986	-51.4411591252668
			27.4540982478892	-51.4008447372376
			27.4944126359185	-51.3605303492084
			27.5347270239477	-51.3202159611792
			27.5750414119769	-51.27990157315
			27.6153558000061	-51.2395871851208
			27.6556701880353	-51.1992727970915
			27.6959845760645	-51.1589584090623
			27.7362989640937	-51.1589584090623
			27.7766133521229	-51.1186440210331
			27.8169277401521	-51.0783296330039
			27.8572421281813	-51.0380152449747
			27.8975565162105	-51.0380152449747
			27.9378709042397	-50.9977008569455
			27.9781852922689	-50.9573864689163
			28.0184996802981	-50.9573864689163
			28.0588140683273	-50.9170720808871
			28.0588140683273	-50.8767576928579
			28.0991284563565	-50.8364433048287
			28.1394428443857	-50.7961289167995
			28.1394428443857	-50.7558145287703
			28.179757232415	-50.7155001407411
			28.2200716204442	-50.6751857527119
			28.2200716204442	-50.6348713646827
			28.2603860084734	-50.5945569766535
			28.3007003965026	-50.5542425886243
			28.3410147845318	-50.513928200595
			28.3410147845318	-50.4736138125658
			28.381329172561	-50.4332994245366
			28.4216435605902	-50.3929850365074
			28.4216435605902	-50.3526706484782
			28.4619579486194	-50.312356260449
			28.5022723366486	-50.2720418724198
			28.5022723366486	-50.2317274843906
			28.5425867246778	-50.1914130963614
			28.582901112707	-50.1510987083322
			28.582901112707	-50.110784320303
			28.6232155007362	-50.0704699322738
			28.6635298887654	-50.0301555442446
			28.6635298887654	-49.9898411562154
			28.7038442767946	-49.9495267681862
			28.7441586648238	-49.909212380157
			28.784473052853	-49.8688979921277
			28.784473052853	-49.8285836040985
			28.8247874408823	-49.8285836040985
			28.8651018289115	-49.7882692160693
			28.8651018289115	-49.7479548280401
			28.9054162169407	-49.7076404400109
			28.9457306049699	-49.6673260519817
			28.9457306049699	-49.6270116639525
			28.9860449929991	-49.5866972759233
			29.0263593810283	-49.5463828878941
			29.0263593810283	-49.5060684998649
			29.0666737690575	-49.4657541118357
			29.1069881570867	-49.4254397238065
			29.1069881570867	-49.3851253357773
			29.1473025451159	-49.3448109477481
			29.1876169331451	-49.3044965597189
			29.2279313211743	-49.2641821716897
			29.2279313211743	-49.2238677836605
			29.2682457092035	-49.1835533956313
			29.3085600972327	-49.143239007602
			29.3085600972327	-49.1029246195728
			29.3488744852619	-49.0626102315436
			29.3891888732911	-49.0222958435144
			29.3891888732911	-48.9819814554852
			29.4295032613203	-48.941667067456
			29.4698176493495	-48.9013526794268
			29.4698176493495	-48.8610382913976
			29.5101320373787	-48.8610382913976
			29.550446425408	-48.8207239033684
			29.550446425408	-48.7804095153392
			29.5907608134372	-48.74009512731
			29.6310752014664	-48.6997807392808
			29.6713895894956	-48.6594663512516
			29.6713895894956	-48.6191519632224
			29.7117039775248	-48.5788375751932
			29.752018365554	-48.538523187164
			29.752018365554	-48.4982087991348
			29.7923327535832	-48.4578944111055
			29.8326471416124	-48.4175800230763
			29.8326471416124	-48.3772656350471
			29.8729615296416	-48.3369512470179
			29.9132759176708	-48.2966368589887
			29.9535903057	-48.2563224709595
			29.9939046937292	-48.2160080829303
			29.9939046937292	-48.1756936949011
			30.0342190817584	-48.1353793068719
			30.0745334697876	-48.0950649188427
			30.1148478578168	-48.0547505308135
			30.155162245846	-48.0144361427843
			30.155162245846	-47.9741217547551
			30.1954766338753	-47.9338073667259
			30.1954766338753	-47.8934929786967
			30.2357910219045	-47.8934929786967
			30.2761054099337	-47.8531785906675
			30.2761054099337	-47.8128642026382
			30.3164197979629	-47.772549814609
			30.3567341859921	-47.7322354265798
			30.3970485740213	-47.6919210385506
			30.3970485740213	-47.6516066505214
			30.4373629620505	-47.6112922624922
			30.4776773500797	-47.570977874463
			30.5179917381089	-47.5306634864338
			30.5179917381089	-47.4903490984046
			30.5583061261381	-47.4500347103754
			30.5986205141673	-47.4097203223462
			30.5986205141673	-47.369405934317
			30.6389349021965	-47.369405934317
			30.6792492902257	-47.3290915462878
			30.7195636782549	-47.2887771582586
			30.7195636782549	-47.2484627702294
			30.7598780662841	-47.2081483822002
			30.8001924543133	-47.167833994171
			30.8405068423425	-47.1275196061417
			30.8405068423425	-47.0872052181125
			30.8808212303718	-47.0468908300833
			30.921135618401	-47.0065764420541
			30.921135618401	-46.9662620540249
			30.9614500064302	-46.9662620540249
			31.0017643944594	-46.9259476659957
			31.0420787824886	-46.8856332779665
			31.0420787824886	-46.8453188899373
			31.0823931705178	-46.8050045019081
			31.122707558547	-46.7646901138789
			31.122707558547	-46.7243757258497
			31.1630219465762	-46.6840613378205
			31.2033363346054	-46.6437469497913
			31.2436507226346	-46.6437469497913
			31.2436507226346	-46.6034325617621
			31.2839651106638	-46.5631181737329
			31.324279498693	-46.5228037857037
			31.3645938867222	-46.4824893976744
			31.3645938867222	-46.4421750096452
			31.4049082747514	-46.401860621616
			31.4452226627806	-46.3615462335868
			31.4452226627806	-46.3212318455576
			31.4855370508098	-46.3212318455576
			31.525851438839	-46.2809174575284
			31.5661658268683	-46.2406030694992
			31.5661658268683	-46.20028868147
			31.6064802148975	-46.1599742934408
			31.6467946029267	-46.1196599054116
			31.6871089909559	-46.0793455173824
			31.7274233789851	-46.0390311293532
			31.7677377670143	-45.998716741324
			31.8080521550435	-45.9584023532948
			31.8483665430727	-45.9180879652656
			31.8483665430727	-45.8777735772364
			31.8886809311019	-45.8374591892072
			31.9289953191311	-45.797144801178
			31.9693097071603	-45.7568304131487
			32.0096240951895	-45.7165160251195
			32.0096240951895	-45.6762016370903
			32.0499384832187	-45.6762016370903
			32.0499384832187	-45.6358872490611
			32.0902528712479	-45.5955728610319
			32.1305672592771	-45.5552584730027
			32.1708816473063	-45.5149440849735
			32.2111960353355	-45.4746296969443
			32.2515104233648	-45.4343153089151
			32.291824811394	-45.3940009208859
			32.291824811394	-45.3536865328567
			32.3321391994232	-45.3536865328567
			32.3321391994232	-45.3133721448275
			32.3724535874524	-45.2730577567983
			32.4127679754816	-45.2327433687691
			32.4530823635108	-45.1924289807399
			32.49339675154	-45.1521145927107
			32.5337111395692	-45.1118002046815
			32.5740255275984	-45.0714858166522
			32.6143399156276	-45.031171428623
			32.6143399156276	-44.9908570405938
			32.6546543036568	-44.9505426525646
			32.694968691686	-44.9102282645354
			32.7352830797152	-44.9102282645354
			32.7352830797152	-44.8699138765062
			32.7755974677444	-44.829599488477
			32.8159118557736	-44.7892851004478
			32.8562262438028	-44.7489707124186
			32.8562262438028	-44.7086563243894
			32.896540631832	-44.7086563243894
			32.9368550198613	-44.6683419363602
			32.9771694078905	-44.628027548331
			32.9771694078905	-44.5877131603018
			33.0174837959197	-44.5473987722726
			33.0577981839489	-44.5473987722726
			33.0981125719781	-44.5070843842434
			33.0981125719781	-44.4667699962142
			33.1384269600073	-44.426455608185
			33.1787413480365	-44.3861412201557
			33.2190557360657	-44.3458268321265
			33.2593701240949	-44.3055124440973
			33.2996845121241	-44.2651980560681
			33.3399989001533	-44.2248836680389
			33.3803132881825	-44.1845692800097
			33.4206276762117	-44.1442548919805
			33.4609420642409	-44.1039405039513
			33.5012564522701	-44.0636261159221
			33.5415708402993	-44.0233117278929
			33.5818852283286	-43.9829973398637
			33.5818852283286	-43.9426829518345
			33.6221996163578	-43.9023685638053
			33.662514004387	-43.8620541757761
			33.7028283924162	-43.8217397877469
			33.7431427804454	-43.7814253997177
			33.7834571684746	-43.7411110116884
			33.8237715565038	-43.7411110116884
			33.864085944533	-43.7007966236592
			33.9044003325622	-43.66048223563
			33.9447147205914	-43.6201678476008
			33.9850291086206	-43.5798534595716
			34.0253434966498	-43.5395390715424
			34.0253434966498	-43.4992246835132
			34.065657884679	-43.458910295484
			34.1059722727082	-43.4185959074548
			34.1462866607374	-43.3782815194256
			34.1866010487666	-43.3379671313964
			34.2269154367958	-43.2976527433672
			34.2672298248251	-43.2976527433672
			34.3075442128543	-43.257338355338
			34.3478586008835	-43.2170239673088
			34.3881729889127	-43.1767095792796
			34.4284873769419	-43.1363951912504
			34.4688017649711	-43.0960808032212
			34.5091161530003	-43.0557664151919
			34.5091161530003	-43.0154520271627
			34.5494305410295	-42.9751376391335
			34.5897449290587	-42.9348232511043
			34.6300593170879	-42.9348232511043
			34.6703737051171	-42.8945088630751
			34.7106880931463	-42.8541944750459
			34.7510024811755	-42.8138800870167
			34.7913168692047	-42.7735656989875
			34.8316312572339	-42.7332513109583
			34.8719456452631	-42.6929369229291
			34.9122600332923	-42.6526225348999
			34.9525744213216	-42.6526225348999
			34.9928888093508	-42.6123081468707
			34.9928888093508	-42.5719937588415
			35.03320319738	-42.5316793708123
			35.0735175854092	-42.4913649827831
			35.1138319734384	-42.4510505947539
			35.1541463614676	-42.4510505947539
			35.1944607494968	-42.4107362067246
			35.234775137526	-42.3704218186954
			35.2750895255552	-42.3301074306662
			35.3154039135844	-42.289793042637
			35.3557183016136	-42.2494786546078
			35.3960326896428	-42.2091642665786
			35.436347077672	-42.2091642665786
			35.4766614657012	-42.1688498785494
			35.4766614657012	-42.1285354905202
			35.5169758537304	-42.088221102491
			35.5572902417596	-42.0479067144618
			35.5976046297888	-42.0479067144618
			35.6379190178181	-42.0075923264326
			35.6782334058473	-41.9672779384034
			35.7185477938765	-41.9269635503742
			35.7588621819057	-41.886649162345
			35.7991765699349	-41.8463347743158
			35.8394909579641	-41.8060203862866
			35.8798053459933	-41.7657059982574
			35.9201197340225	-41.7253916102282
			35.9604341220517	-41.6850772221989
			36.0007485100809	-41.6447628341697
			36.0410628981101	-41.6447628341697
			36.0410628981101	-41.6044484461405
			36.0813772861393	-41.5641340581113
			36.1216916741685	-41.5238196700821
			36.1620060621977	-41.5238196700821
			36.2023204502269	-41.4835052820529
			36.2023204502269	-41.4431908940237
			36.2426348382561	-41.4028765059945
			36.2829492262853	-41.3625621179653
			36.3232636143146	-41.3625621179653
			36.3635780023438	-41.3222477299361
			36.3635780023438	-41.2819333419069
			36.403892390373	-41.2416189538777
			36.4442067784022	-41.2416189538777
			36.4845211664314	-41.2013045658485
			36.5248355544606	-41.1609901778193
			36.5248355544606	-41.1206757897901
			36.5651499424898	-41.1206757897901
			36.605464330519	-41.0803614017609
			36.6457787185482	-41.0400470137317
			36.6457787185482	-40.9997326257024
			36.6860931065774	-40.9997326257024
			36.7264074946066	-40.9594182376732
			36.7667218826358	-40.919103849644
			36.807036270665	-40.8787894616148
			36.8473506586942	-40.8384750735856
			36.8876650467234	-40.7981606855564
			36.9279794347526	-40.7578462975272
			36.9682938227819	-40.717531909498
			37.0086082108111	-40.6772175214688
			37.0489225988403	-40.6369031334396
			37.0892369868695	-40.6369031334396
			37.1295513748987	-40.5965887454104
			37.1698657629279	-40.5562743573812
			37.2101801509571	-40.515959969352
			37.2101801509571	-40.4756455813228
			37.2504945389863	-40.4353311932936
			37.2908089270155	-40.3950168052644
			37.3311233150447	-40.3547024172351
			37.3714377030739	-40.3547024172351
			37.4117520911031	-40.3143880292059
			37.4520664791323	-40.2740736411767
			37.4923808671615	-40.2337592531475
			37.5326952551907	-40.1934448651183
			37.5730096432199	-40.1531304770891
			37.6133240312491	-40.1128160890599
			37.6536384192784	-40.0725017010307
			37.6939528073076	-40.0321873130015
			37.7342671953368	-39.9918729249723
			37.774581583366	-39.9515585369431
			37.8148959713952	-39.9112441489139
			37.8552103594244	-39.9112441489139
			37.8552103594244	-39.8709297608847
			37.8955247474536	-39.8306153728555
			37.9358391354828	-39.8306153728555
			37.9358391354828	-39.7903009848263
			37.976153523512	-39.7903009848263
			38.0164679115412	-39.7499865967971
			38.0164679115412	-39.7096722087679
			38.0567822995704	-39.7096722087679
			38.0970966875996	-39.6693578207386
			38.1374110756288	-39.6290434327094
			38.177725463658	-39.5887290446802
			38.2180398516872	-39.548414656651
			38.2583542397164	-39.5081002686218
			38.2986686277456	-39.4677858805926
			38.3389830157749	-39.4274714925634
			38.3792974038041	-39.3871571045342
			38.4196117918333	-39.346842716505
			38.4599261798625	-39.3065283284758
			38.5002405678917	-39.2662139404466
			38.5405549559209	-39.2662139404466
			38.5808693439501	-39.2258995524174
			38.6211837319793	-39.1855851643882
			38.6614981200085	-39.145270776359
			38.6614981200085	-39.1049563883298
			38.7018125080377	-39.0646420003006
			38.7421268960669	-39.0646420003006
			38.7824412840961	-39.0243276122713
			38.8227556721253	-38.9840132242421
			38.8630700601545	-38.9436988362129
			38.9033844481837	-38.9033844481837
			38.9436988362129	-38.9033844481837
			38.9840132242421	-38.8630700601545
			39.0243276122713	-38.8227556721253
			39.0243276122713	-38.7824412840961
			39.0646420003006	-38.7421268960669
			39.1049563883298	-38.7018125080377
			39.145270776359	-38.7018125080377
			39.1855851643882	-38.6614981200085
			39.2258995524174	-38.6211837319793
			39.2662139404466	-38.5808693439501
			39.3065283284758	-38.5405549559209
			39.346842716505	-38.5405549559209
			39.346842716505	-38.5002405678917
			39.3871571045342	-38.4599261798625
			39.4274714925634	-38.4196117918333
			39.4677858805926	-38.3792974038041
			39.5081002686218	-38.3792974038041
			39.548414656651	-38.3389830157749
			39.5887290446802	-38.2986686277456
			39.5887290446802	-38.2583542397164
			39.6290434327094	-38.2583542397164
			39.6693578207386	-38.2180398516872
			39.7096722087679	-38.177725463658
			39.7499865967971	-38.1374110756288
			39.7903009848263	-38.0970966875996
			39.8306153728555	-38.0970966875996
			39.8306153728555	-38.0567822995704
			39.8709297608847	-38.0164679115412
			39.9112441489139	-37.976153523512
			39.9515585369431	-37.976153523512
			39.9918729249723	-37.9358391354828
			40.0321873130015	-37.8955247474536
			40.0725017010307	-37.8552103594244
			40.1128160890599	-37.8148959713952
			40.1531304770891	-37.774581583366
			40.1934448651183	-37.7342671953368
			40.2337592531475	-37.6939528073076
			40.2740736411767	-37.6536384192784
			40.3143880292059	-37.6133240312491
			40.3547024172351	-37.6133240312491
			40.3950168052644	-37.5730096432199
			40.4353311932936	-37.5326952551907
			40.4756455813228	-37.4923808671615
			40.515959969352	-37.4520664791323
			40.5562743573812	-37.4117520911031
			40.5965887454104	-37.3714377030739
			40.6369031334396	-37.3311233150447
			40.6772175214688	-37.3311233150447
			40.717531909498	-37.2908089270155
			40.7578462975272	-37.2504945389863
			40.7981606855564	-37.2101801509571
			40.8384750735856	-37.1698657629279
			40.8787894616148	-37.1295513748987
			40.919103849644	-37.0892369868695
			40.9594182376732	-37.0892369868695
			40.9997326257024	-37.0489225988403
			41.0400470137317	-37.0086082108111
			41.0803614017609	-36.9682938227819
			41.1206757897901	-36.9279794347526
			41.1609901778193	-36.8876650467234
			41.2013045658485	-36.8876650467234
			41.2416189538777	-36.8473506586942
			41.2819333419069	-36.807036270665
			41.3222477299361	-36.7667218826358
			41.3625621179653	-36.7264074946066
			41.4028765059945	-36.7264074946066
			41.4431908940237	-36.6860931065774
			41.4835052820529	-36.6457787185482
			41.5238196700821	-36.605464330519
			41.5641340581113	-36.5651499424898
			41.6044484461405	-36.5248355544606
			41.6447628341697	-36.4845211664314
			41.6850772221989	-36.4845211664314
			41.6850772221989	-36.4442067784022
			41.7253916102282	-36.403892390373
			41.7657059982574	-36.403892390373
			41.7657059982574	-36.3635780023438
			41.8060203862866	-36.3635780023438
			41.8463347743158	-36.3232636143146
			41.886649162345	-36.2829492262853
			41.9269635503742	-36.2426348382561
			41.9672779384034	-36.2023204502269
			42.0075923264326	-36.2023204502269
			42.0479067144618	-36.1620060621977
			42.088221102491	-36.1216916741685
			42.1285354905202	-36.0813772861393
			42.1688498785494	-36.0410628981101
			42.2091642665786	-36.0007485100809
			42.2494786546078	-36.0007485100809
			42.289793042637	-35.9604341220517
			42.3301074306662	-35.9201197340225
			42.3704218186954	-35.8798053459933
			42.4107362067246	-35.8798053459933
			42.4510505947539	-35.8394909579641
			42.4913649827831	-35.7991765699349
			42.5316793708123	-35.7588621819057
			42.5719937588415	-35.7185477938765
			42.6123081468707	-35.6782334058473
			42.6526225348999	-35.6379190178181
			42.6929369229291	-35.6379190178181
			42.6929369229291	-35.5976046297888
			42.7332513109583	-35.5976046297888
			42.7735656989875	-35.5572902417596
			42.8138800870167	-35.5169758537304
			42.8541944750459	-35.4766614657012
			42.8945088630751	-35.4766614657012
			42.9348232511043	-35.436347077672
			42.9751376391335	-35.3960326896428
			43.0154520271627	-35.3557183016136
			43.0557664151919	-35.3154039135844
			43.0960808032212	-35.3154039135844
			43.1363951912504	-35.2750895255552
			43.1767095792796	-35.234775137526
			43.2170239673088	-35.234775137526
			43.257338355338	-35.1944607494968
			43.2976527433672	-35.1541463614676
			43.3379671313964	-35.1138319734384
			43.3782815194256	-35.0735175854092
			43.4185959074548	-35.03320319738
			43.458910295484	-35.03320319738
			43.4992246835132	-34.9928888093508
			43.5395390715424	-34.9525744213216
			43.5798534595716	-34.9122600332923
			43.6201678476008	-34.9122600332923
			43.66048223563	-34.8719456452631
			43.7007966236592	-34.8316312572339
			43.7411110116884	-34.7913168692047
			43.7814253997177	-34.7913168692047
			43.8217397877469	-34.7510024811755
			43.8620541757761	-34.7106880931463
			43.9023685638053	-34.6703737051171
			43.9426829518345	-34.6703737051171
			43.9829973398637	-34.6300593170879
			44.0233117278929	-34.5897449290587
			44.0636261159221	-34.5494305410295
			44.1039405039513	-34.5091161530003
			44.1442548919805	-34.5091161530003
			44.1845692800097	-34.4688017649711
			44.2248836680389	-34.4284873769419
			44.2651980560681	-34.4284873769419
			44.2651980560681	-34.3881729889127
			44.3055124440973	-34.3881729889127
			44.3458268321265	-34.3478586008835
			44.3861412201557	-34.3478586008835
			44.426455608185	-34.3075442128543
			44.4667699962142	-34.2672298248251
			44.5070843842434	-34.2269154367958
			44.5473987722726	-34.2269154367958
			44.5877131603018	-34.1866010487666
			44.628027548331	-34.1462866607374
			44.6683419363602	-34.1059722727082
			44.7086563243894	-34.1059722727082
			44.7489707124186	-34.065657884679
			44.7892851004478	-34.065657884679
			44.7892851004478	-34.0253434966498
			44.829599488477	-33.9850291086206
			44.8699138765062	-33.9850291086206
			44.9102282645354	-33.9447147205914
			44.9505426525646	-33.9447147205914
			44.9908570405938	-33.9044003325622
			45.031171428623	-33.864085944533
			45.0714858166522	-33.864085944533
			45.0714858166522	-33.8237715565038
			45.1118002046815	-33.8237715565038
			45.1521145927107	-33.7834571684746
			45.1924289807399	-33.7431427804454
			45.2327433687691	-33.7431427804454
			45.2730577567983	-33.7028283924162
			45.3133721448275	-33.662514004387
			45.3536865328567	-33.662514004387
			45.3940009208859	-33.6221996163578
			45.4343153089151	-33.5818852283286
			45.4746296969443	-33.5818852283286
			45.5149440849735	-33.5415708402993
			45.5552584730027	-33.5012564522701
			45.5955728610319	-33.5012564522701
			45.6358872490611	-33.4609420642409
			45.6762016370903	-33.4206276762117
			45.7165160251195	-33.4206276762117
			45.7568304131487	-33.3803132881825
			45.797144801178	-33.3803132881825
			45.8374591892072	-33.3399989001533
			45.8777735772364	-33.2996845121241
			45.9180879652656	-33.2996845121241
			45.9584023532948	-33.2593701240949
			45.998716741324	-33.2593701240949
			46.0390311293532	-33.2190557360657
			46.0793455173824	-33.1787413480365
			46.1196599054116	-33.1787413480365
			46.1599742934408	-33.1384269600073
			46.20028868147	-33.0981125719781
			46.2406030694992	-33.0981125719781
			46.2809174575284	-33.0577981839489
			46.3212318455576	-33.0577981839489
			46.3615462335868	-33.0174837959197
			46.401860621616	-32.9771694078905
			46.4421750096452	-32.9771694078905
			46.4824893976744	-32.9368550198613
			46.5228037857037	-32.9368550198613
			46.5631181737329	-32.896540631832
			46.6034325617621	-32.896540631832
			46.6437469497913	-32.8562262438028
			46.6840613378205	-32.8562262438028
			46.6840613378205	-32.8159118557736
			46.7243757258497	-32.8159118557736
			46.7646901138789	-32.7755974677444
			46.8050045019081	-32.7755974677444
			46.8453188899373	-32.7352830797152
			46.8856332779665	-32.7352830797152
			46.9259476659957	-32.7352830797152
			46.9662620540249	-32.694968691686
			47.0065764420541	-32.6546543036568
			47.0468908300833	-32.6546543036568
			47.0872052181125	-32.6143399156276
			47.1275196061417	-32.6143399156276
			47.167833994171	-32.5740255275984
			47.2081483822002	-32.5740255275984
			47.2484627702294	-32.5337111395692
			47.2887771582586	-32.5337111395692
			47.3290915462878	-32.49339675154
			47.369405934317	-32.49339675154
			47.4097203223462	-32.49339675154
			47.4500347103754	-32.4530823635108
			47.4903490984046	-32.4530823635108
			47.5306634864338	-32.4127679754816
			47.570977874463	-32.4127679754816
			47.570977874463	-32.3724535874524
			47.6112922624922	-32.3724535874524
			47.6516066505214	-32.3724535874524
			47.6919210385506	-32.3321391994232
			47.7322354265798	-32.3321391994232
			47.772549814609	-32.291824811394
			47.8128642026382	-32.291824811394
			47.8531785906675	-32.291824811394
			47.8531785906675	-32.2515104233648
			47.8934929786967	-32.2515104233648
			47.9338073667259	-32.2111960353355
			47.9741217547551	-32.2111960353355
			48.0144361427843	-32.2111960353355
			48.0547505308135	-32.1708816473063
			48.0950649188427	-32.1708816473063
			48.1353793068719	-32.1305672592771
			48.1756936949011	-32.1305672592771
			48.2160080829303	-32.0902528712479
			48.2563224709595	-32.0902528712479
			48.2966368589887	-32.0499384832187
			48.3369512470179	-32.0499384832187
			48.3772656350471	-32.0499384832187
			48.4175800230763	-32.0096240951895
			48.4578944111055	-32.0096240951895
			48.4982087991348	-31.9693097071603
			48.538523187164	-31.9693097071603
			48.5788375751932	-31.9693097071603
			48.5788375751932	-31.9289953191311
			48.6191519632224	-31.9289953191311
			48.6594663512516	-31.9289953191311
			48.6997807392808	-31.8886809311019
			48.74009512731	-31.8886809311019
			48.7804095153392	-31.8483665430727
			48.8207239033684	-31.8483665430727
			48.8610382913976	-31.8483665430727
			48.9013526794268	-31.8080521550435
			48.941667067456	-31.8080521550435
			48.9819814554852	-31.8080521550435
			48.9819814554852	-31.7677377670143
			49.0222958435144	-31.7677377670143
			49.0626102315436	-31.7274233789851
			49.1029246195728	-31.7274233789851
			49.143239007602	-31.7274233789851
			49.1835533956313	-31.6871089909559
			49.2238677836605	-31.6871089909559
			49.2641821716897	-31.6871089909559
			49.3044965597189	-31.6467946029267
			49.3448109477481	-31.6467946029267
			49.3851253357773	-31.6064802148975
			49.4254397238065	-31.6064802148975
			49.4657541118357	-31.5661658268683
			49.5060684998649	-31.5661658268683
			49.5463828878941	-31.5661658268683
			49.5866972759233	-31.5661658268683
			49.5866972759233	-31.525851438839
			49.6270116639525	-31.525851438839
			49.6673260519817	-31.525851438839
			49.7076404400109	-31.4855370508098
			49.7479548280401	-31.4855370508098
			49.7882692160693	-31.4452226627806
			49.8285836040985	-31.4452226627806
			49.8688979921277	-31.4452226627806
			49.909212380157	-31.4452226627806
			49.909212380157	-31.4049082747514
			49.9495267681862	-31.4049082747514
			49.9898411562154	-31.4049082747514
			50.0301555442446	-31.4049082747514
			50.0301555442446	-31.3645938867222
			50.0704699322738	-31.3645938867222
			50.110784320303	-31.3645938867222
			50.1510987083322	-31.3645938867222
			50.1510987083322	-31.324279498693
			50.1914130963614	-31.324279498693
			50.2317274843906	-31.324279498693
			50.2720418724198	-31.2839651106638
			50.312356260449	-31.2839651106638
			50.3526706484782	-31.2839651106638
			50.3929850365074	-31.2436507226346
			50.4332994245366	-31.2436507226346
			50.4736138125658	-31.2436507226346
			50.4736138125658	-31.2033363346054
			50.513928200595	-31.2033363346054
			50.5542425886243	-31.2033363346054
			50.5945569766535	-31.2033363346054
			50.6348713646827	-31.1630219465762
			50.6751857527119	-31.1630219465762
			50.7155001407411	-31.1630219465762
			50.7558145287703	-31.122707558547
			50.7961289167995	-31.122707558547
			50.8364433048287	-31.122707558547
			50.8767576928579	-31.0823931705178
			50.9170720808871	-31.0823931705178
			50.9573864689163	-31.0823931705178
			50.9977008569455	-31.0823931705178
			51.0380152449747	-31.0420787824886
			51.0783296330039	-31.0420787824886
			51.1186440210331	-31.0420787824886
			51.1589584090623	-31.0017643944594
			51.1992727970915	-31.0017643944594
			51.2395871851208	-31.0017643944594
			51.27990157315	-30.9614500064302
			51.3202159611792	-30.9614500064302
			51.3605303492084	-30.9614500064302
			51.4008447372376	-30.9614500064302
			51.4411591252668	-30.921135618401
			51.481473513296	-30.921135618401
			51.5217879013252	-30.921135618401
			51.5621022893544	-30.8808212303718
			51.6024166773836	-30.8808212303718
			51.6427310654128	-30.8808212303718
			51.683045453442	-30.8808212303718
			51.7233598414712	-30.8405068423425
			51.7636742295004	-30.8405068423425
			51.8039886175296	-30.8405068423425
			51.8443030055588	-30.8405068423425
			51.8846173935881	-30.8001924543133
			51.9249317816173	-30.8001924543133
			51.9652461696465	-30.8001924543133
			52.0055605576757	-30.8001924543133
			52.0458749457049	-30.7598780662841
			52.0861893337341	-30.7598780662841
			52.1265037217633	-30.7598780662841
			52.1668181097925	-30.7598780662841
			52.2071324978217	-30.7195636782549
			52.2474468858509	-30.7195636782549
			52.2877612738801	-30.7195636782549
			52.3280756619093	-30.7195636782549
			52.3683900499385	-30.6792492902257
			52.4087044379677	-30.6792492902257
			52.4490188259969	-30.6792492902257
			52.4893332140261	-30.6792492902257
			52.5296476020553	-30.6792492902257
			52.5699619900846	-30.6389349021965
			52.6102763781138	-30.6389349021965
			52.650590766143	-30.6389349021965
			52.6909051541722	-30.6389349021965
			52.7312195422014	-30.6389349021965
			52.7715339302306	-30.5986205141673
			52.8118483182598	-30.5986205141673
			52.852162706289	-30.5986205141673
			52.8924770943182	-30.5986205141673
			52.9327914823474	-30.5986205141673
			52.9731058703766	-30.5583061261381
			53.0134202584058	-30.5583061261381
			53.053734646435	-30.5583061261381
			53.0940490344642	-30.5583061261381
			53.1343634224934	-30.5583061261381
			53.1746778105226	-30.5583061261381
			53.2149921985518	-30.5179917381089
			53.255306586581	-30.5179917381089
			53.2956209746103	-30.5179917381089
			53.3359353626395	-30.5179917381089
			53.3762497506687	-30.5179917381089
			53.4165641386979	-30.5179917381089
			53.4568785267271	-30.4776773500797
			53.4971929147563	-30.4776773500797
			53.5375073027855	-30.4776773500797
			53.5778216908147	-30.4776773500797
			53.6181360788439	-30.4776773500797
			53.6584504668731	-30.4776773500797
			53.6987648549023	-30.4776773500797
			53.7390792429315	-30.4373629620505
			53.7793936309607	-30.4373629620505
			53.8197080189899	-30.4373629620505
			53.8600224070191	-30.4373629620505
			53.9003367950483	-30.4373629620505
			53.9406511830775	-30.4373629620505
			53.9809655711068	-30.4373629620505
			54.021279959136	-30.4373629620505
			54.0615943471652	-30.3970485740213
			54.1019087351944	-30.3970485740213
			54.1422231232236	-30.3970485740213
			54.1825375112528	-30.3970485740213
			54.222851899282	-30.3970485740213
			54.2631662873112	-30.3970485740213
			54.3034806753404	-30.3970485740213
			54.3437950633696	-30.3970485740213
			54.3841094513988	-30.3970485740213
			54.424423839428	-30.3970485740213
			54.4647382274572	-30.3970485740213
			54.5050526154864	-30.3567341859921
			54.5453670035156	-30.3567341859921
			54.5856813915448	-30.3567341859921
			54.6259957795741	-30.3567341859921
			54.6663101676033	-30.3567341859921
			54.7066245556325	-30.3567341859921
			54.7469389436617	-30.3567341859921
			54.7872533316909	-30.3567341859921
			54.8275677197201	-30.3567341859921
			54.8678821077493	-30.3567341859921
			54.9081964957785	-30.3567341859921
			54.9485108838077	-30.3567341859921
			54.9888252718369	-30.3567341859921
			55.0291396598661	-30.3567341859921
			55.0694540478953	-30.3567341859921
			55.1097684359245	-30.3567341859921
			55.1500828239537	-30.3567341859921
			55.1903972119829	-30.3567341859921
			55.2307116000121	-30.3567341859921
			55.2710259880413	-30.3567341859921
			55.3113403760706	-30.3567341859921
			55.3516547640998	-30.3567341859921
			55.391969152129	-30.3567341859921
			55.4322835401582	-30.3567341859921
			55.4725979281874	-30.3567341859921
			55.5129123162166	-30.3567341859921
			55.5532267042458	-30.3567341859921
			55.593541092275	-30.3567341859921
			55.6338554803042	-30.3567341859921
			55.6741698683334	-30.3567341859921
			55.7144842563626	-30.3567341859921
			55.7547986443918	-30.3567341859921
			55.795113032421	-30.3567341859921
			55.8354274204502	-30.3567341859921
			55.8757418084794	-30.3567341859921
			55.9160561965086	-30.3567341859921
			55.9563705845379	-30.3567341859921
			55.9966849725671	-30.3567341859921
			56.0369993605963	-30.3567341859921
			56.0773137486255	-30.3567341859921
			56.1176281366547	-30.3567341859921
			56.1579425246839	-30.3567341859921
			56.1982569127131	-30.3567341859921
			56.2385713007423	-30.3970485740213
			56.2788856887715	-30.3970485740213
			56.3192000768007	-30.3970485740213
			56.3595144648299	-30.3970485740213
			56.3998288528591	-30.3970485740213
			56.4401432408883	-30.3970485740213
			56.4804576289175	-30.3970485740213
			56.5207720169467	-30.3970485740213
			56.5610864049759	-30.3970485740213
			56.6014007930051	-30.3970485740213
			56.6417151810343	-30.4373629620505
			56.6820295690636	-30.4373629620505
			56.7223439570928	-30.4373629620505
			56.762658345122	-30.4373629620505
			56.8029727331512	-30.4373629620505
			56.8432871211804	-30.4373629620505
			56.8836015092096	-30.4373629620505
			56.9239158972388	-30.4373629620505
			56.964230285268	-30.4776773500797
			57.0045446732972	-30.4776773500797
			57.0448590613264	-30.4776773500797
			57.0851734493556	-30.4776773500797
			57.1254878373848	-30.4776773500797
			57.165802225414	-30.4776773500797
			57.2061166134432	-30.5179917381089
			57.2464310014724	-30.5179917381089
			57.2867453895016	-30.5179917381089
			57.3270597775308	-30.5179917381089
			57.3673741655601	-30.5179917381089
			57.4076885535893	-30.5583061261381
			57.4480029416185	-30.5583061261381
			57.4883173296477	-30.5583061261381
			57.5286317176769	-30.5583061261381
			57.5689461057061	-30.5583061261381
			57.6092604937353	-30.5986205141673
			57.6495748817645	-30.5986205141673
			57.6898892697937	-30.5986205141673
			57.7302036578229	-30.5986205141673
			57.7705180458521	-30.5986205141673
			57.8108324338813	-30.6389349021965
			57.8511468219105	-30.6389349021965
			57.8914612099397	-30.6389349021965
			57.9317755979689	-30.6792492902257
			57.9720899859981	-30.6792492902257
			58.0124043740274	-30.6792492902257
			58.0527187620566	-30.6792492902257
			58.0930331500858	-30.7195636782549
			58.133347538115	-30.7195636782549
			58.1736619261442	-30.7195636782549
			58.2139763141734	-30.7195636782549
			58.2542907022026	-30.7598780662841
			58.2946050902318	-30.7598780662841
			58.334919478261	-30.7598780662841
			58.3752338662902	-30.8001924543133
			58.4155482543194	-30.8001924543133
			58.4558626423486	-30.8001924543133
			58.4961770303778	-30.8405068423425
			58.536491418407	-30.8405068423425
			58.5768058064362	-30.8405068423425
			58.6171201944654	-30.8808212303718
			58.6574345824946	-30.8808212303718
			58.6977489705239	-30.921135618401
			58.7380633585531	-30.921135618401
			58.7783777465823	-30.921135618401
			58.8186921346115	-30.9614500064302
			58.8590065226407	-30.9614500064302
			58.8993209106699	-30.9614500064302
			58.9396352986991	-31.0017643944594
			58.9799496867283	-31.0017643944594
			59.0202640747575	-31.0017643944594
			59.0202640747575	-31.0420787824886
			59.0605784627867	-31.0420787824886
			59.1008928508159	-31.0420787824886
			59.1412072388451	-31.0823931705178
			59.1815216268743	-31.0823931705178
			59.2218360149035	-31.122707558547
			59.2621504029327	-31.122707558547
			59.3024647909619	-31.1630219465762
			59.3427791789912	-31.1630219465762
			59.3830935670204	-31.1630219465762
			59.4234079550496	-31.2033363346054
			59.4637223430788	-31.2033363346054
			59.504036731108	-31.2436507226346
			59.5443511191372	-31.2839651106638
			59.5846655071664	-31.2839651106638
			59.6249798951956	-31.324279498693
			59.6652942832248	-31.324279498693
			59.705608671254	-31.324279498693
			59.705608671254	-31.3645938867222
			59.7459230592832	-31.3645938867222
			59.7862374473124	-31.3645938867222
			59.7862374473124	-31.4049082747514
			59.8265518353416	-31.4049082747514
			59.8668662233708	-31.4049082747514
			59.8668662233708	-31.4452226627806
			59.9071806114	-31.4452226627806
			59.9474949994292	-31.4452226627806
			59.9474949994292	-31.4855370508098
			59.9878093874584	-31.4855370508098
			59.9878093874584	-31.525851438839
			60.0281237754876	-31.525851438839
			60.0684381635169	-31.525851438839
			60.0684381635169	-31.5661658268683
			60.1087525515461	-31.5661658268683
			60.1490669395753	-31.5661658268683
			60.1490669395753	-31.6064802148975
			60.1893813276045	-31.6064802148975
			60.1893813276045	-31.6467946029267
			60.2296957156337	-31.6467946029267
			60.2700101036629	-31.6467946029267
			60.2700101036629	-31.6871089909559
			60.3103244916921	-31.6871089909559
			60.3506388797213	-31.6871089909559
			60.3506388797213	-31.7274233789851
			60.3909532677505	-31.7274233789851
			60.3909532677505	-31.7677377670143
			60.4312676557797	-31.7677377670143
			60.4715820438089	-31.7677377670143
			60.4715820438089	-31.8080521550435
			60.5118964318381	-31.8080521550435
			60.5522108198673	-31.8483665430727
			60.5925252078965	-31.8483665430727
			60.6328395959257	-31.8886809311019
			60.6731539839549	-31.9289953191311
			60.7134683719841	-31.9693097071603
			60.7537827600134	-31.9693097071603
			60.7940971480426	-32.0096240951895
			60.8344115360718	-32.0499384832187
			60.874725924101	-32.0902528712479
			60.9150403121302	-32.1305672592771
			60.9553547001594	-32.1305672592771
			60.9956690881886	-32.1708816473063
			61.0359834762178	-32.2111960353355
			61.076297864247	-32.2111960353355
			61.1166122522762	-32.2515104233648
			61.1569266403054	-32.291824811394
			61.1972410283346	-32.3321391994232
			61.2375554163638	-32.3724535874524
			61.277869804393	-32.4127679754816
			61.3181841924222	-32.4127679754816
			61.3584985804514	-32.4530823635108
			61.3988129684806	-32.49339675154
			61.4391273565099	-32.5337111395692
			61.4794417445391	-32.5740255275984
			61.5197561325683	-32.6143399156276
			61.5600705205975	-32.6546543036568
			61.6003849086267	-32.6546543036568
			61.6406992966559	-32.694968691686
			61.6810136846851	-32.7352830797152
			61.7213280727143	-32.7755974677444
			61.7616424607435	-32.8159118557736
			61.8019568487727	-32.8562262438028
			61.8422712368019	-32.896540631832
			61.8825856248311	-32.9368550198613
			61.9229000128603	-32.9771694078905
			61.9632144008895	-33.0174837959197
			62.0035287889187	-33.0577981839489
			62.0438431769479	-33.0577981839489
			62.0841575649772	-33.0981125719781
			62.0841575649772	-33.1384269600073
			62.1244719530064	-33.1787413480365
			62.1647863410356	-33.2190557360657
			62.2051007290648	-33.2593701240949
			62.245415117094	-33.2996845121241
			62.2857295051232	-33.3399989001533
			62.3260438931524	-33.3803132881825
			62.3663582811816	-33.4206276762117
			62.4066726692108	-33.4609420642409
			62.44698705724	-33.5012564522701
			62.4873014452692	-33.5415708402993
			62.4873014452692	-33.5818852283286
			62.5276158332984	-33.6221996163578
			62.5679302213276	-33.662514004387
			62.6082446093568	-33.7028283924162
			62.648558997386	-33.7431427804454
			62.6888733854152	-33.7834571684746
			62.7291877734444	-33.8237715565038
			62.7695021614737	-33.864085944533
			62.8098165495029	-33.9044003325622
			62.8501309375321	-33.9447147205914
			62.8904453255613	-33.9850291086206
			62.8904453255613	-34.0253434966498
			62.9307597135905	-34.065657884679
			62.9307597135905	-34.1059722727082
			62.9710741016197	-34.1059722727082
			63.0113884896489	-34.1462866607374
			63.0113884896489	-34.1866010487666
			63.0517028776781	-34.1866010487666
			63.0517028776781	-34.2269154367958
			63.0920172657073	-34.2672298248251
			63.1323316537365	-34.3075442128543
			63.1726460417657	-34.3478586008835
			63.2129604297949	-34.3881729889127
			63.2129604297949	-34.4284873769419
			63.2532748178241	-34.4688017649711
			63.2935892058533	-34.5091161530003
			63.2935892058533	-34.5494305410295
			63.3339035938825	-34.5897449290587
			63.3742179819117	-34.6300593170879
			63.414532369941	-34.6300593170879
			63.414532369941	-34.6703737051171
			63.4548467579702	-34.7106880931463
			63.4951611459994	-34.7510024811755
			63.4951611459994	-34.7913168692047
			63.5354755340286	-34.8316312572339
			63.5757899220578	-34.8719456452631
			63.5757899220578	-34.9122600332923
			63.616104310087	-34.9525744213216
			63.6564186981162	-34.9928888093508
			63.6564186981162	-35.03320319738
			63.6967330861454	-35.0735175854092
			63.7370474741746	-35.0735175854092
			63.7370474741746	-35.1138319734384
			63.7773618622038	-35.1541463614676
			63.817676250233	-35.1944607494968
			63.8579906382622	-35.234775137526
			63.8579906382622	-35.2750895255552
			63.8983050262914	-35.3154039135844
			63.9386194143206	-35.3557183016136
			63.9386194143206	-35.3960326896428
			63.9789338023498	-35.436347077672
			64.019248190379	-35.4766614657012
			64.019248190379	-35.5169758537304
			64.0595625784082	-35.5572902417596
			64.0998769664374	-35.5976046297888
			64.1401913544667	-35.6379190178181
			64.1401913544667	-35.6782334058473
			64.1805057424959	-35.7185477938765
			64.2208201305251	-35.7588621819057
			64.2208201305251	-35.7991765699349
			64.2611345185543	-35.8394909579641
			64.3014489065835	-35.8798053459933
			64.3014489065835	-35.9201197340225
			64.3417632946127	-35.9604341220517
			64.3820776826419	-36.0007485100809
			64.3820776826419	-36.0410628981101
			64.4223920706711	-36.0813772861393
			64.4223920706711	-36.1216916741685
			64.4627064587003	-36.1620060621977
			64.5030208467295	-36.2023204502269
			64.5433352347587	-36.2426348382561
			64.5433352347587	-36.2829492262853
			64.5836496227879	-36.3232636143146
			64.5836496227879	-36.3635780023438
			64.6239640108171	-36.403892390373
			64.6642783988463	-36.4442067784022
			64.6642783988463	-36.4845211664314
			64.7045927868755	-36.5248355544606
			64.7449071749047	-36.5651499424898
			64.7449071749047	-36.605464330519
			64.785221562934	-36.6457787185482
			64.785221562934	-36.6860931065774
			64.8255359509632	-36.7264074946066
			64.8658503389924	-36.7667218826358
			64.8658503389924	-36.807036270665
			64.9061647270216	-36.8473506586942
			64.9464791150508	-36.8876650467234
			64.9464791150508	-36.9279794347526
			64.98679350308	-36.9682938227819
			64.98679350308	-37.0086082108111
			65.0271078911092	-37.0489225988403
			65.0674222791384	-37.0892369868695
			65.0674222791384	-37.1295513748987
			65.1077366671676	-37.1698657629279
			65.1480510551968	-37.2101801509571
			65.1480510551968	-37.2504945389863
			65.188365443226	-37.2908089270155
			65.188365443226	-37.3311233150447
			65.2286798312552	-37.3714377030739
			65.2689942192844	-37.4117520911031
			65.2689942192844	-37.4520664791323
			65.3093086073136	-37.4923808671615
			65.3496229953428	-37.5326952551907
			65.3496229953428	-37.5730096432199
			65.389937383372	-37.6133240312491
			65.4302517714012	-37.6536384192784
			65.4302517714012	-37.6939528073076
			65.4705661594304	-37.7342671953368
			65.4705661594304	-37.774581583366
			65.5108805474597	-37.8148959713952
			65.5108805474597	-37.8552103594244
			65.5511949354889	-37.8955247474536
			65.5915093235181	-37.9358391354828
			65.5915093235181	-37.976153523512
			65.6318237115473	-38.0164679115412
			65.6318237115473	-38.0567822995704
			65.6721380995765	-38.0970966875996
			65.6721380995765	-38.1374110756288
			65.7124524876057	-38.1374110756288
			65.7124524876057	-38.177725463658
			65.7527668756349	-38.2180398516872
			65.7527668756349	-38.2583542397164
			65.7930812636641	-38.2986686277456
			65.7930812636641	-38.3389830157749
			65.8333956516933	-38.3792974038041
			65.8737100397225	-38.4196117918333
			65.8737100397225	-38.4599261798625
			65.9140244277517	-38.5002405678917
			65.9140244277517	-38.5405549559209
			65.9543388157809	-38.5808693439501
			65.9543388157809	-38.6211837319793
			65.9946532038101	-38.6614981200085
			66.0349675918393	-38.7018125080377
			66.0349675918393	-38.7421268960669
			66.0752819798685	-38.7824412840961
			66.0752819798685	-38.8227556721253
			66.1155963678978	-38.8630700601545
			66.1155963678978	-38.9033844481837
			66.155910755927	-38.9436988362129
			66.155910755927	-38.9840132242421
			66.1962251439562	-39.0243276122713
			66.2365395319854	-39.0646420003006
			66.2365395319854	-39.1049563883298
			66.2768539200146	-39.145270776359
			66.2768539200146	-39.1855851643882
			66.3171683080438	-39.2258995524174
			66.3171683080438	-39.2662139404466
			66.357482696073	-39.3065283284758
			66.3977970841022	-39.346842716505
			66.3977970841022	-39.3871571045342
			66.4381114721314	-39.4274714925634
			66.4381114721314	-39.4677858805926
			66.4784258601606	-39.5081002686218
			66.4784258601606	-39.548414656651
			66.5187402481898	-39.5887290446802
			66.5187402481898	-39.6290434327094
			66.559054636219	-39.6693578207386
			66.559054636219	-39.7096722087679
			66.5993690242482	-39.7499865967971
			66.5993690242482	-39.7903009848263
			66.6396834122774	-39.7903009848263
			66.6396834122774	-39.8306153728555
			66.6396834122774	-39.8709297608847
			66.6799978003066	-39.9112441489139
			66.7203121883358	-39.9515585369431
			66.7203121883358	-39.9918729249723
			66.760626576365	-40.0321873130015
			66.760626576365	-40.0725017010307
			66.8009409643942	-40.1128160890599
			66.8009409643942	-40.1531304770891
			66.8412553524235	-40.1934448651183
			66.8412553524235	-40.2337592531475
			66.8815697404527	-40.2740736411767
			66.8815697404527	-40.3143880292059
			66.9218841284819	-40.3547024172351
			66.9218841284819	-40.3950168052644
			66.9621985165111	-40.3950168052644
			66.9621985165111	-40.4353311932936
			67.0025129045403	-40.4756455813228
			67.0025129045403	-40.515959969352
			67.0428272925695	-40.5562743573812
			67.0428272925695	-40.5965887454104
			67.0831416805987	-40.6369031334396
			67.0831416805987	-40.6772175214688
			67.1234560686279	-40.717531909498
			67.1234560686279	-40.7578462975272
			67.1637704566571	-40.7981606855564
			67.1637704566571	-40.8384750735856
			67.2040848446863	-40.8787894616148
			67.2040848446863	-40.919103849644
			67.2443992327155	-40.9594182376732
			67.2443992327155	-40.9997326257024
			67.2847136207447	-41.0400470137317
			67.2847136207447	-41.0803614017609
			67.3250280087739	-41.1206757897901
			67.3250280087739	-41.1609901778193
			67.3653423968031	-41.2013045658485
			67.3653423968031	-41.2416189538777
			67.4056567848323	-41.2819333419069
			67.4056567848323	-41.3222477299361
			67.4459711728615	-41.3625621179653
			67.4459711728615	-41.4028765059945
			67.4862855608907	-41.4431908940237
			67.4862855608907	-41.4835052820529
			67.52659994892	-41.5238196700821
			67.52659994892	-41.5641340581113
			67.5669143369492	-41.6044484461405
			67.5669143369492	-41.6447628341697
			67.6072287249784	-41.6850772221989
			67.6072287249784	-41.7253916102282
			67.6475431130076	-41.7657059982574
			67.6475431130076	-41.8060203862866
			67.6878575010368	-41.8463347743158
			67.6878575010368	-41.886649162345
			67.728171889066	-41.9269635503742
			67.728171889066	-41.9672779384034
			67.7684862770952	-42.0075923264326
			67.7684862770952	-42.0479067144618
			67.8088006651244	-42.088221102491
			67.8088006651244	-42.1285354905202
			67.8491150531536	-42.1688498785494
			67.8491150531536	-42.2091642665786
			67.8894294411828	-42.2494786546078
			67.8894294411828	-42.289793042637
			67.929743829212	-42.3301074306662
			67.929743829212	-42.3704218186954
			67.9700582172412	-42.4107362067246
			67.9700582172412	-42.4510505947539
			67.9700582172412	-42.4913649827831
			68.0103726052704	-42.4913649827831
			68.0103726052704	-42.5316793708123
			68.0103726052704	-42.5719937588415
			68.0506869932996	-42.6123081468707
			68.0910013813288	-42.6526225348999
			68.0910013813288	-42.6929369229291
			68.0910013813288	-42.7332513109583
			68.131315769358	-42.7735656989875
			68.131315769358	-42.8138800870167
			68.1716301573873	-42.8541944750459
			68.1716301573873	-42.8945088630751
			68.2119445454165	-42.9348232511043
			68.2119445454165	-42.9751376391335
			68.2522589334457	-42.9751376391335
			68.2522589334457	-43.0154520271627
			68.2522589334457	-43.0557664151919
			68.2925733214749	-43.0960808032212
			68.2925733214749	-43.1363951912504
			68.3328877095041	-43.1767095792796
			68.3328877095041	-43.2170239673088
			68.3732020975333	-43.257338355338
			68.3732020975333	-43.2976527433672
			68.4135164855625	-43.3379671313964
			68.4135164855625	-43.3782815194256
			68.4538308735917	-43.4185959074548
			68.4538308735917	-43.458910295484
			68.4538308735917	-43.4992246835132
			68.4941452616209	-43.5395390715424
			68.4941452616209	-43.5798534595716
			68.5344596496501	-43.6201678476008
			68.5344596496501	-43.66048223563
			68.5747740376793	-43.7007966236592
			68.5747740376793	-43.7411110116884
			68.6150884257085	-43.7411110116884
			68.6150884257085	-43.7814253997177
			68.6150884257085	-43.8217397877469
			68.6554028137377	-43.8620541757761
			68.6554028137377	-43.9023685638053
			68.6957172017669	-43.9426829518345
			68.6957172017669	-43.9829973398637
			68.7360315897961	-44.0233117278929
			68.7360315897961	-44.0636261159221
			68.7763459778253	-44.1039405039513
			68.7763459778253	-44.1442548919805
			68.8166603658545	-44.1845692800097
			68.8166603658545	-44.2248836680389
			68.8166603658545	-44.2651980560681
			68.8569747538837	-44.3055124440973
			68.8569747538837	-44.3458268321265
			68.8972891419129	-44.3861412201557
			68.8972891419129	-44.426455608185
			68.9376035299422	-44.4667699962142
			68.9376035299422	-44.5070843842434
			68.9779179179714	-44.5473987722726
			68.9779179179714	-44.5877131603018
			69.0182323060006	-44.628027548331
			69.0182323060006	-44.6683419363602
			69.0585466940298	-44.7086563243894
			69.0585466940298	-44.7489707124186
			69.0585466940298	-44.7892851004478
			69.098861082059	-44.829599488477
			69.098861082059	-44.8699138765062
			69.1391754700882	-44.9102282645354
			69.1391754700882	-44.9505426525646
			69.1794898581174	-44.9908570405938
			69.1794898581174	-45.031171428623
			69.2198042461466	-45.0714858166522
			69.2198042461466	-45.1118002046815
			69.2601186341758	-45.1521145927107
			69.2601186341758	-45.1924289807399
			69.2601186341758	-45.2327433687691
			69.300433022205	-45.2730577567983
			69.300433022205	-45.3133721448275
			69.3407474102342	-45.3536865328567
			69.3407474102342	-45.3940009208859
			69.3810617982634	-45.4343153089151
			69.3810617982634	-45.4746296969443
			69.4213761862926	-45.5149440849735
			69.4213761862926	-45.5552584730027
			69.4616905743218	-45.5955728610319
			69.4616905743218	-45.6358872490611
			69.4616905743218	-45.6762016370903
			69.5020049623511	-45.7165160251195
			69.5020049623511	-45.7568304131487
			69.5423193503803	-45.797144801178
			69.5423193503803	-45.8374591892072
			69.5826337384095	-45.8777735772364
			69.5826337384095	-45.9180879652656
			69.6229481264387	-45.9584023532948
			69.6229481264387	-45.998716741324
			69.6229481264387	-46.0390311293532
			69.6632625144679	-46.0793455173824
			69.6632625144679	-46.1196599054116
			69.7035769024971	-46.1599742934408
			69.7035769024971	-46.20028868147
			69.7035769024971	-46.2406030694992
			69.7438912905263	-46.2809174575284
			69.7842056785555	-46.3212318455576
			69.7842056785555	-46.3615462335868
			69.7842056785555	-46.401860621616
			69.8245200665847	-46.4421750096452
			69.8245200665847	-46.4824893976744
			69.8648344546139	-46.5228037857037
			69.8648344546139	-46.5631181737329
			69.9051488426431	-46.6034325617621
			69.9051488426431	-46.6437469497913
			69.9051488426431	-46.6840613378205
			69.9454632306723	-46.6840613378205
			69.9454632306723	-46.7243757258497
			69.9454632306723	-46.7646901138789
			69.9857776187015	-46.8050045019081
			69.9857776187015	-46.8453188899373
			70.0260920067307	-46.8856332779665
			70.0260920067307	-46.9259476659957
			70.0664063947599	-46.9662620540249
			70.0664063947599	-47.0065764420541
			70.0664063947599	-47.0468908300833
			70.1067207827891	-47.0872052181125
			70.1067207827891	-47.1275196061417
			70.1470351708183	-47.167833994171
			70.1470351708183	-47.2081483822002
			70.1470351708183	-47.2484627702294
			70.1873495588475	-47.2887771582586
			70.1873495588475	-47.3290915462878
			70.2276639468767	-47.369405934317
			70.2276639468767	-47.4097203223462
			70.267978334906	-47.4500347103754
			70.267978334906	-47.4903490984046
			70.267978334906	-47.5306634864338
			70.3082927229352	-47.570977874463
			70.3082927229352	-47.6112922624922
			70.3486071109644	-47.6516066505214
			70.3486071109644	-47.6919210385506
			70.3889214989936	-47.7322354265798
			70.3889214989936	-47.772549814609
			70.3889214989936	-47.8128642026382
			70.4292358870228	-47.8531785906675
			70.4292358870228	-47.8934929786967
			70.469550275052	-47.9338073667259
			70.469550275052	-47.9741217547551
			70.5098646630812	-48.0144361427843
			70.5098646630812	-48.0547505308135
			70.5098646630812	-48.0950649188427
			70.5501790511104	-48.1353793068719
			70.5501790511104	-48.1756936949011
			70.5904934391396	-48.2160080829303
			70.5904934391396	-48.2563224709595
			70.6308078271688	-48.2966368589887
			70.6308078271688	-48.3369512470179
			70.6308078271688	-48.3772656350471
			70.671122215198	-48.4175800230763
			70.671122215198	-48.4578944111055
			70.7114366032272	-48.4982087991348
			70.7114366032272	-48.538523187164
			70.7517509912564	-48.5788375751932
			70.7517509912564	-48.6191519632224
			70.7517509912564	-48.6594663512516
			70.7920653792856	-48.6997807392808
			70.7920653792856	-48.74009512731
			70.8323797673148	-48.7804095153392
			70.8323797673148	-48.8207239033684
			70.872694155344	-48.8610382913976
			70.872694155344	-48.9013526794268
			70.872694155344	-48.941667067456
			70.9130085433733	-48.9819814554852
			70.9130085433733	-49.0222958435144
			70.9533229314025	-49.0626102315436
			70.9533229314025	-49.1029246195728
			70.9533229314025	-49.143239007602
			70.9936373194317	-49.143239007602
			70.9936373194317	-49.1835533956313
			71.0339517074609	-49.1835533956313
			71.0339517074609	-49.2238677836605
			71.0339517074609	-49.2641821716897
			71.0742660954901	-49.2641821716897
			71.0742660954901	-49.3044965597189
			71.1145804835193	-49.3448109477481
			71.1548948715485	-49.3851253357773
			71.1548948715485	-49.4254397238065
			71.1952092595777	-49.4657541118357
			71.1952092595777	-49.5060684998649
			71.2355236476069	-49.5463828878941
			71.2355236476069	-49.5866972759233
			71.2758380356361	-49.5866972759233
			71.2758380356361	-49.6270116639525
			71.3161524236653	-49.6673260519817
			71.3161524236653	-49.7076404400109
			71.3564668116945	-49.7479548280401
			71.3967811997237	-49.7882692160693
			71.3967811997237	-49.8285836040985
			71.4370955877529	-49.8688979921277
			71.4370955877529	-49.909212380157
			71.4774099757821	-49.909212380157
			71.4774099757821	-49.9495267681862
			71.5177243638113	-49.9898411562154
			71.5177243638113	-50.0301555442446
			71.5580387518405	-50.0704699322738
			71.5983531398698	-50.110784320303
			71.5983531398698	-50.1510987083322
			71.638667527899	-50.1914130963614
			71.638667527899	-50.2317274843906
			71.6789819159282	-50.2720418724198
			71.6789819159282	-50.312356260449
			71.7192963039574	-50.3526706484782
			71.7192963039574	-50.3929850365074
			71.7596106919866	-50.4332994245366
			71.7596106919866	-50.4736138125658
			71.7999250800158	-50.513928200595
			71.840239468045	-50.513928200595
			71.840239468045	-50.5542425886243
			71.8805538560742	-50.5945569766535
			71.8805538560742	-50.6348713646827
			71.9208682441034	-50.6751857527119
			71.9208682441034	-50.7155001407411
			71.9611826321326	-50.7558145287703
			71.9611826321326	-50.7961289167995
			72.0014970201618	-50.8364433048287
			72.0014970201618	-50.8767576928579
			72.041811408191	-50.9170720808871
			72.041811408191	-50.9573864689163
			72.0821257962202	-50.9977008569455
			72.1224401842494	-51.0380152449747
			72.1224401842494	-51.0783296330039
			72.1627545722786	-51.1186440210331
			72.1627545722786	-51.1589584090623
			72.1627545722786	-51.1992727970915
			72.2030689603078	-51.2395871851208
			72.243383348337	-51.27990157315
			72.243383348337	-51.3202159611792
			72.2836977363662	-51.3605303492084
			72.2836977363662	-51.4008447372376
			72.3240121243955	-51.4411591252668
			72.3240121243955	-51.481473513296
			72.3643265124247	-51.5217879013252
			72.3643265124247	-51.5621022893544
			72.3643265124247	-51.6024166773836
			72.4046409004539	-51.6024166773836
			72.4046409004539	-51.6427310654128
			72.4449552884831	-51.683045453442
			72.4449552884831	-51.7233598414712
			72.4449552884831	-51.7636742295004
			72.4852696765123	-51.8039886175296
			72.4852696765123	-51.8443030055588
			72.5255840645415	-51.8443030055588
			72.5255840645415	-51.8846173935881
			72.5255840645415	-51.9249317816173
			72.5658984525707	-51.9652461696465
			72.5658984525707	-52.0055605576757
			72.5658984525707	-52.0458749457049
			72.6062128405999	-52.0458749457049
			72.6062128405999	-52.0861893337341
			72.6465272286291	-52.1265037217633
			72.6465272286291	-52.1668181097925
			72.6465272286291	-52.2071324978217
			72.6868416166583	-52.2474468858509
			72.6868416166583	-52.2877612738801
			72.7271560046875	-52.3280756619093
			72.7271560046875	-52.3683900499385
			72.7271560046875	-52.4087044379677
			72.7674703927167	-52.4490188259969
			72.7674703927167	-52.4893332140261
			72.8077847807459	-52.5296476020553
			72.8077847807459	-52.5699619900846
			72.8077847807459	-52.6102763781138
			72.8480991687751	-52.650590766143
			72.8480991687751	-52.6909051541722
			72.8884135568043	-52.7312195422014
			72.8884135568043	-52.7715339302306
			72.8884135568043	-52.8118483182598
			72.9287279448336	-52.852162706289
			72.9287279448336	-52.8924770943182
			72.9287279448336	-52.9327914823474
			72.9690423328628	-52.9731058703766
			72.9690423328628	-53.0134202584058
			72.9690423328628	-53.053734646435
			73.009356720892	-53.0940490344642
			73.009356720892	-53.1343634224934
			73.009356720892	-53.1746778105226
			73.0496711089212	-53.2149921985518
			73.0496711089212	-53.255306586581
			73.0496711089212	-53.2956209746103
			73.0899854969504	-53.3359353626395
			73.0899854969504	-53.3762497506687
			73.0899854969504	-53.4165641386979
			73.0899854969504	-53.4568785267271
			73.1302998849796	-53.4971929147563
			73.1302998849796	-53.5375073027855
			73.1302998849796	-53.5778216908147
			73.1302998849796	-53.6181360788439
			73.1706142730088	-53.6584504668731
			73.1706142730088	-53.6987648549023
			73.1706142730088	-53.7390792429315
			73.1706142730088	-53.7793936309607
			73.1706142730088	-53.8197080189899
			73.1706142730088	-53.8600224070191
			73.210928661038	-53.9003367950483
			73.210928661038	-53.9406511830775
			73.210928661038	-53.9809655711068
			73.210928661038	-54.021279959136
			73.210928661038	-54.0615943471652
			73.210928661038	-54.1019087351944
			73.210928661038	-54.1422231232236
			73.2512430490672	-54.1825375112528
			73.2512430490672	-54.222851899282
			73.2512430490672	-54.2631662873112
			73.2512430490672	-54.3034806753404
			73.2512430490672	-54.3437950633696
			73.2512430490672	-54.3841094513988
			73.2512430490672	-54.424423839428
			73.2512430490672	-54.4647382274572
			73.2512430490672	-54.5050526154864
			73.2512430490672	-54.5453670035156
			73.2512430490672	-54.5856813915448
		</c1>
		<c2 type=matrix rownames=FALSE colnames=FALSE nrow=1160 ncol=2 as.numeric=TRUE >
			73.2512430490672	-54.5856813915448
			73.210928661038	-54.5856813915448
			73.1706142730088	-54.5856813915448
			73.1302998849796	-54.5856813915448
			73.0899854969504	-54.6259957795741
			73.0496711089212	-54.6259957795741
			73.009356720892	-54.6259957795741
			72.9690423328628	-54.6259957795741
			72.9287279448336	-54.6259957795741
			72.8884135568043	-54.6259957795741
			72.8480991687751	-54.6259957795741
			72.8077847807459	-54.6259957795741
			72.7674703927167	-54.6259957795741
			72.7271560046875	-54.6259957795741
			72.6868416166583	-54.6259957795741
			72.6465272286291	-54.6259957795741
			72.6062128405999	-54.6259957795741
			72.5658984525707	-54.6259957795741
			72.5255840645415	-54.6259957795741
			72.4852696765123	-54.6259957795741
			72.4449552884831	-54.6259957795741
			72.4046409004539	-54.6259957795741
			72.3643265124247	-54.6259957795741
			72.3240121243955	-54.6259957795741
			72.2836977363662	-54.6259957795741
			72.243383348337	-54.6259957795741
			72.2030689603078	-54.6259957795741
			72.1627545722786	-54.6259957795741
			72.1224401842494	-54.6259957795741
			72.0821257962202	-54.6259957795741
			72.041811408191	-54.6259957795741
			72.0014970201618	-54.6259957795741
			71.9611826321326	-54.6259957795741
			71.9208682441034	-54.5856813915448
			71.8805538560742	-54.5856813915448
			71.840239468045	-54.5856813915448
			71.7999250800158	-54.5856813915448
			71.7596106919866	-54.5856813915448
			71.7192963039574	-54.5856813915448
			71.6789819159282	-54.5856813915448
			71.638667527899	-54.5856813915448
			71.5983531398698	-54.5856813915448
			71.5580387518405	-54.5856813915448
			71.5177243638113	-54.5856813915448
			71.4774099757821	-54.5856813915448
			71.4370955877529	-54.5856813915448
			71.3967811997237	-54.5856813915448
			71.3564668116945	-54.5856813915448
			71.3161524236653	-54.5453670035156
			71.2758380356361	-54.5453670035156
			71.2355236476069	-54.5453670035156
			71.1952092595777	-54.5453670035156
			71.1548948715485	-54.5453670035156
			71.1145804835193	-54.5453670035156
			71.0742660954901	-54.5453670035156
			71.0339517074609	-54.5453670035156
			70.9936373194317	-54.5453670035156
			70.9533229314025	-54.5453670035156
			70.9130085433733	-54.5050526154864
			70.872694155344	-54.5050526154864
			70.8323797673148	-54.5050526154864
			70.7920653792856	-54.5050526154864
			70.7517509912564	-54.5050526154864
			70.7114366032272	-54.5050526154864
			70.671122215198	-54.5050526154864
			70.6308078271688	-54.5050526154864
			70.5904934391396	-54.5050526154864
			70.5501790511104	-54.5050526154864
			70.5098646630812	-54.5050526154864
			70.469550275052	-54.4647382274572
			70.4292358870228	-54.4647382274572
			70.3889214989936	-54.4647382274572
			70.3486071109644	-54.4647382274572
			70.3082927229352	-54.4647382274572
			70.267978334906	-54.4647382274572
			70.2276639468767	-54.4647382274572
			70.1873495588475	-54.4647382274572
			70.1470351708183	-54.4647382274572
			70.1067207827891	-54.4647382274572
			70.0664063947599	-54.4647382274572
			70.0260920067307	-54.4647382274572
			69.9857776187015	-54.4647382274572
			69.9454632306723	-54.4647382274572
			69.9051488426431	-54.424423839428
			69.8648344546139	-54.424423839428
			69.8245200665847	-54.424423839428
			69.7842056785555	-54.424423839428
			69.7438912905263	-54.424423839428
			69.7035769024971	-54.424423839428
			69.6632625144679	-54.424423839428
			69.6229481264387	-54.424423839428
			69.5826337384095	-54.424423839428
			69.5423193503803	-54.424423839428
			69.5020049623511	-54.424423839428
			69.4616905743218	-54.424423839428
			69.4213761862926	-54.424423839428
			69.3810617982634	-54.424423839428
			69.3407474102342	-54.424423839428
			69.300433022205	-54.3841094513988
			69.2601186341758	-54.3841094513988
			69.2198042461466	-54.3841094513988
			69.1794898581174	-54.3841094513988
			69.1391754700882	-54.3841094513988
			69.098861082059	-54.3841094513988
			69.0585466940298	-54.3841094513988
			69.0182323060006	-54.3841094513988
			68.9779179179714	-54.3841094513988
			68.9376035299422	-54.3841094513988
			68.8972891419129	-54.3841094513988
			68.8569747538837	-54.3841094513988
			68.8166603658545	-54.3437950633696
			68.7763459778253	-54.3437950633696
			68.7360315897961	-54.3437950633696
			68.6957172017669	-54.3437950633696
			68.6554028137377	-54.3437950633696
			68.6150884257085	-54.3437950633696
			68.5747740376793	-54.3437950633696
			68.5344596496501	-54.3437950633696
			68.4941452616209	-54.3437950633696
			68.4538308735917	-54.3437950633696
			68.4135164855625	-54.3437950633696
			68.3732020975333	-54.3034806753404
			68.3328877095041	-54.3034806753404
			68.2925733214749	-54.3034806753404
			68.2522589334457	-54.3034806753404
			68.2119445454165	-54.3034806753404
			68.1716301573873	-54.3034806753404
			68.131315769358	-54.3034806753404
			68.0910013813288	-54.3034806753404
			68.0506869932996	-54.3034806753404
			68.0103726052704	-54.2631662873112
			67.9700582172412	-54.2631662873112
			67.929743829212	-54.2631662873112
			67.8894294411828	-54.2631662873112
			67.8491150531536	-54.2631662873112
			67.8088006651244	-54.2631662873112
			67.7684862770952	-54.2631662873112
			67.728171889066	-54.2631662873112
			67.6878575010368	-54.222851899282
			67.6475431130076	-54.222851899282
			67.6072287249784	-54.222851899282
			67.5669143369492	-54.222851899282
			67.52659994892	-54.222851899282
			67.4862855608907	-54.222851899282
			67.4459711728615	-54.222851899282
			67.4056567848323	-54.1825375112528
			67.3653423968031	-54.1825375112528
			67.3250280087739	-54.1825375112528
			67.2847136207447	-54.1825375112528
			67.2443992327155	-54.1825375112528
			67.2040848446863	-54.1825375112528
			67.1637704566571	-54.1825375112528
			67.1234560686279	-54.1825375112528
			67.1234560686279	-54.1422231232236
			67.0831416805987	-54.1422231232236
			67.0428272925695	-54.1422231232236
			67.0025129045403	-54.1422231232236
			66.9621985165111	-54.1422231232236
			66.9218841284819	-54.1422231232236
			66.8815697404527	-54.1019087351944
			66.8412553524235	-54.1019087351944
			66.8009409643942	-54.1019087351944
			66.760626576365	-54.1019087351944
			66.7203121883358	-54.1019087351944
			66.6799978003066	-54.1019087351944
			66.6396834122774	-54.1019087351944
			66.6396834122774	-54.0615943471652
			66.5993690242482	-54.0615943471652
			66.559054636219	-54.0615943471652
			66.5187402481898	-54.0615943471652
			66.4784258601606	-54.0615943471652
			66.4381114721314	-54.0615943471652
			66.3977970841022	-54.021279959136
			66.357482696073	-54.021279959136
			66.3171683080438	-54.021279959136
			66.2768539200146	-54.021279959136
			66.2365395319854	-54.021279959136
			66.1962251439562	-53.9809655711068
			66.155910755927	-53.9809655711068
			66.1155963678978	-53.9809655711068
			66.0752819798685	-53.9809655711068
			66.0349675918393	-53.9809655711068
			65.9946532038101	-53.9406511830775
			65.9543388157809	-53.9406511830775
			65.9140244277517	-53.9406511830775
			65.8737100397225	-53.9406511830775
			65.8333956516933	-53.9406511830775
			65.7930812636641	-53.9003367950483
			65.7527668756349	-53.9003367950483
			65.7124524876057	-53.9003367950483
			65.6721380995765	-53.9003367950483
			65.6318237115473	-53.8600224070191
			65.5915093235181	-53.8600224070191
			65.5511949354889	-53.8600224070191
			65.5108805474597	-53.8600224070191
			65.4705661594304	-53.8197080189899
			65.4302517714012	-53.8197080189899
			65.389937383372	-53.8197080189899
			65.3496229953428	-53.8197080189899
			65.3093086073136	-53.7793936309607
			65.2689942192844	-53.7793936309607
			65.2286798312552	-53.7793936309607
			65.188365443226	-53.7793936309607
			65.1480510551968	-53.7390792429315
			65.1077366671676	-53.7390792429315
			65.0674222791384	-53.7390792429315
			65.0271078911092	-53.7390792429315
			64.98679350308	-53.6987648549023
			64.9464791150508	-53.6987648549023
			64.9061647270216	-53.6987648549023
			64.8658503389924	-53.6584504668731
			64.8255359509632	-53.6584504668731
			64.785221562934	-53.6584504668731
			64.7449071749047	-53.6181360788439
			64.7045927868755	-53.6181360788439
			64.6642783988463	-53.6181360788439
			64.6239640108171	-53.5778216908147
			64.5836496227879	-53.5778216908147
			64.5433352347587	-53.5778216908147
			64.5030208467295	-53.5375073027855
			64.4627064587003	-53.5375073027855
			64.4223920706711	-53.5375073027855
			64.3820776826419	-53.4971929147563
			64.3417632946127	-53.4971929147563
			64.3014489065835	-53.4971929147563
			64.2611345185543	-53.4568785267271
			64.2208201305251	-53.4568785267271
			64.1805057424959	-53.4165641386979
			64.1401913544667	-53.4165641386979
			64.0998769664374	-53.4165641386979
			64.0595625784082	-53.3762497506687
			64.019248190379	-53.3762497506687
			63.9789338023498	-53.3762497506687
			63.9386194143206	-53.3359353626395
			63.8983050262914	-53.3359353626395
			63.8579906382622	-53.3359353626395
			63.817676250233	-53.2956209746103
			63.7773618622038	-53.2956209746103
			63.7370474741746	-53.255306586581
			63.6967330861454	-53.255306586581
			63.6564186981162	-53.255306586581
			63.616104310087	-53.2149921985518
			63.5757899220578	-53.2149921985518
			63.5354755340286	-53.2149921985518
			63.4951611459994	-53.1746778105226
			63.4548467579702	-53.1746778105226
			63.414532369941	-53.1746778105226
			63.3742179819117	-53.1343634224934
			63.3339035938825	-53.1343634224934
			63.2935892058533	-53.1343634224934
			63.2532748178241	-53.0940490344642
			63.2129604297949	-53.0940490344642
			63.1726460417657	-53.0940490344642
			63.1323316537365	-53.0940490344642
			63.0920172657073	-53.053734646435
			63.0517028776781	-53.053734646435
			63.0113884896489	-53.053734646435
			62.9710741016197	-53.0134202584058
			62.9307597135905	-53.0134202584058
			62.8904453255613	-53.0134202584058
			62.8501309375321	-53.0134202584058
			62.8098165495029	-52.9731058703766
			62.7695021614737	-52.9731058703766
			62.7291877734444	-52.9731058703766
			62.6888733854152	-52.9731058703766
			62.648558997386	-52.9327914823474
			62.6082446093568	-52.9327914823474
			62.5679302213276	-52.9327914823474
			62.5276158332984	-52.9327914823474
			62.4873014452692	-52.9327914823474
			62.44698705724	-52.8924770943182
			62.4066726692108	-52.8924770943182
			62.3663582811816	-52.8924770943182
			62.3260438931524	-52.8924770943182
			62.2857295051232	-52.8924770943182
			62.2857295051232	-52.852162706289
			62.245415117094	-52.852162706289
			62.2051007290648	-52.852162706289
			62.1647863410356	-52.852162706289
			62.1244719530064	-52.852162706289
			62.0841575649772	-52.852162706289
			62.0438431769479	-52.8118483182598
			62.0035287889187	-52.8118483182598
			61.9632144008895	-52.8118483182598
			61.9229000128603	-52.8118483182598
			61.8825856248311	-52.8118483182598
			61.8422712368019	-52.8118483182598
			61.8019568487727	-52.7715339302306
			61.7616424607435	-52.7715339302306
			61.7213280727143	-52.7715339302306
			61.6810136846851	-52.7715339302306
			61.6406992966559	-52.7715339302306
			61.6003849086267	-52.7715339302306
			61.5600705205975	-52.7715339302306
			61.5197561325683	-52.7312195422014
			61.4794417445391	-52.7312195422014
			61.4391273565099	-52.7312195422014
			61.3988129684806	-52.7312195422014
			61.3584985804514	-52.7312195422014
			61.3181841924222	-52.7312195422014
			61.277869804393	-52.7312195422014
			61.2375554163638	-52.7312195422014
			61.1972410283346	-52.7312195422014
			61.1569266403054	-52.6909051541722
			61.1166122522762	-52.6909051541722
			61.076297864247	-52.6909051541722
			61.0359834762178	-52.6909051541722
			60.9956690881886	-52.6909051541722
			60.9553547001594	-52.6909051541722
			60.9150403121302	-52.6909051541722
			60.874725924101	-52.6909051541722
			60.8344115360718	-52.6909051541722
			60.7940971480426	-52.6909051541722
			60.7537827600134	-52.6909051541722
			60.7134683719841	-52.6909051541722
			60.6731539839549	-52.6909051541722
			60.6328395959257	-52.650590766143
			60.5925252078965	-52.650590766143
			60.5522108198673	-52.650590766143
			60.5118964318381	-52.650590766143
			60.4715820438089	-52.650590766143
			60.4312676557797	-52.650590766143
			60.3909532677505	-52.650590766143
			60.3506388797213	-52.650590766143
			60.3103244916921	-52.650590766143
			60.2700101036629	-52.650590766143
			60.2296957156337	-52.650590766143
			60.1893813276045	-52.650590766143
			60.1490669395753	-52.650590766143
			60.1087525515461	-52.650590766143
			60.0684381635169	-52.650590766143
			60.0281237754876	-52.650590766143
			59.9878093874584	-52.650590766143
			59.9474949994292	-52.650590766143
			59.9071806114	-52.650590766143
			59.8668662233708	-52.650590766143
			59.8265518353416	-52.650590766143
			59.7862374473124	-52.650590766143
			59.7459230592832	-52.650590766143
			59.705608671254	-52.650590766143
			59.6652942832248	-52.650590766143
			59.6249798951956	-52.650590766143
			59.5846655071664	-52.650590766143
			59.5443511191372	-52.650590766143
			59.504036731108	-52.650590766143
			59.4637223430788	-52.650590766143
			59.4234079550496	-52.650590766143
			59.3830935670204	-52.650590766143
			59.3427791789912	-52.650590766143
			59.3024647909619	-52.650590766143
			59.2621504029327	-52.650590766143
			59.2218360149035	-52.650590766143
			59.1815216268743	-52.650590766143
			59.1412072388451	-52.650590766143
			59.1008928508159	-52.6909051541722
			59.0605784627867	-52.6909051541722
			59.0202640747575	-52.6909051541722
			58.9799496867283	-52.6909051541722
			58.9396352986991	-52.6909051541722
			58.8993209106699	-52.6909051541722
			58.8590065226407	-52.6909051541722
			58.8186921346115	-52.6909051541722
			58.7783777465823	-52.6909051541722
			58.7380633585531	-52.6909051541722
			58.6977489705239	-52.6909051541722
			58.6574345824946	-52.6909051541722
			58.6171201944654	-52.6909051541722
			58.5768058064362	-52.6909051541722
			58.536491418407	-52.6909051541722
			58.4961770303778	-52.7312195422014
			58.4558626423486	-52.7312195422014
			58.4155482543194	-52.7312195422014
			58.3752338662902	-52.7312195422014
			58.334919478261	-52.7312195422014
			58.2946050902318	-52.7312195422014
			58.2542907022026	-52.7312195422014
			58.2139763141734	-52.7312195422014
			58.1736619261442	-52.7312195422014
			58.133347538115	-52.7312195422014
			58.0930331500858	-52.7715339302306
			58.0527187620566	-52.7715339302306
			58.0124043740274	-52.7715339302306
			57.9720899859981	-52.7715339302306
			57.9317755979689	-52.7715339302306
			57.8914612099397	-52.7715339302306
			57.8511468219105	-52.7715339302306
			57.8108324338813	-52.7715339302306
			57.7705180458521	-52.7715339302306
			57.7302036578229	-52.8118483182598
			57.6898892697937	-52.8118483182598
			57.6495748817645	-52.8118483182598
			57.6092604937353	-52.8118483182598
			57.5689461057061	-52.8118483182598
			57.5286317176769	-52.8118483182598
			57.4883173296477	-52.8118483182598
			57.4480029416185	-52.852162706289
			57.4076885535893	-52.852162706289
			57.3673741655601	-52.852162706289
			57.3270597775308	-52.852162706289
			57.2867453895016	-52.852162706289
			57.2464310014724	-52.852162706289
			57.2061166134432	-52.852162706289
			57.165802225414	-52.8924770943182
			57.1254878373848	-52.8924770943182
			57.0851734493556	-52.8924770943182
			57.0448590613264	-52.8924770943182
			57.0045446732972	-52.8924770943182
			56.964230285268	-52.8924770943182
			56.9239158972388	-52.9327914823474
			56.8836015092096	-52.9327914823474
			56.8432871211804	-52.9327914823474
			56.8029727331512	-52.9327914823474
			56.762658345122	-52.9327914823474
			56.7223439570928	-52.9731058703766
			56.6820295690636	-52.9731058703766
			56.6417151810343	-52.9731058703766
			56.6014007930051	-52.9731058703766
			56.5610864049759	-52.9731058703766
			56.5207720169467	-52.9731058703766
			56.4804576289175	-52.9731058703766
			56.4401432408883	-52.9731058703766
			56.3998288528591	-52.9731058703766
			56.3595144648299	-52.9731058703766
			56.3192000768007	-52.9731058703766
			56.2788856887715	-52.9731058703766
			56.2385713007423	-52.9731058703766
			56.1982569127131	-53.0134202584058
			56.1579425246839	-53.0134202584058
			56.1176281366547	-53.0134202584058
			56.0773137486255	-53.0134202584058
			56.0369993605963	-53.0134202584058
			55.9966849725671	-53.0134202584058
			55.9563705845379	-53.0134202584058
			55.9160561965086	-53.0134202584058
			55.8757418084794	-53.0134202584058
			55.8354274204502	-53.0134202584058
			55.795113032421	-53.0134202584058
			55.7547986443918	-53.0134202584058
			55.7144842563626	-53.0134202584058
			55.6741698683334	-53.0134202584058
			55.6338554803042	-53.0134202584058
			55.593541092275	-53.0134202584058
			55.5532267042458	-53.0134202584058
			55.5129123162166	-53.0134202584058
			55.4725979281874	-53.0134202584058
			55.4322835401582	-53.0134202584058
			55.391969152129	-53.0134202584058
			55.3516547640998	-53.053734646435
			55.3113403760706	-53.053734646435
			55.2710259880413	-53.053734646435
			55.2307116000121	-53.053734646435
			55.1903972119829	-53.053734646435
			55.1500828239537	-53.053734646435
			55.1097684359245	-53.053734646435
			55.0694540478953	-53.053734646435
			55.0291396598661	-53.053734646435
			54.9888252718369	-53.053734646435
			54.9485108838077	-53.053734646435
			54.9081964957785	-53.053734646435
			54.8678821077493	-53.053734646435
			54.8275677197201	-53.053734646435
			54.7872533316909	-53.053734646435
			54.7469389436617	-53.053734646435
			54.7066245556325	-53.053734646435
			54.6663101676033	-53.053734646435
			54.6259957795741	-53.053734646435
			54.5856813915448	-53.053734646435
			54.5453670035156	-53.053734646435
			54.5050526154864	-53.053734646435
			54.4647382274572	-53.053734646435
			54.424423839428	-53.053734646435
			54.3841094513988	-53.053734646435
			54.3437950633696	-53.053734646435
			54.3034806753404	-53.053734646435
			54.3034806753404	-53.0940490344642
			54.2631662873112	-53.0940490344642
			54.222851899282	-53.0940490344642
			54.1825375112528	-53.0940490344642
			54.1422231232236	-53.0940490344642
			54.1019087351944	-53.0940490344642
			54.0615943471652	-53.0940490344642
			54.021279959136	-53.0940490344642
			53.9809655711068	-53.0940490344642
			53.9406511830775	-53.0940490344642
			53.9003367950483	-53.0940490344642
			53.8600224070191	-53.0940490344642
			53.8197080189899	-53.0940490344642
			53.7793936309607	-53.0940490344642
			53.7390792429315	-53.0940490344642
			53.6987648549023	-53.0940490344642
			53.6584504668731	-53.0940490344642
			53.6181360788439	-53.0940490344642
			53.5778216908147	-53.0940490344642
			53.5375073027855	-53.0940490344642
			53.4971929147563	-53.0940490344642
			53.4568785267271	-53.0940490344642
			53.4165641386979	-53.0940490344642
			53.3762497506687	-53.0940490344642
			53.3359353626395	-53.0940490344642
			53.2956209746103	-53.0940490344642
			53.255306586581	-53.0940490344642
			53.2149921985518	-53.0940490344642
			53.1746778105226	-53.0940490344642
			53.1343634224934	-53.0940490344642
			53.0940490344642	-53.0940490344642
			53.053734646435	-53.0940490344642
			53.0134202584058	-53.0940490344642
			52.9731058703766	-53.1343634224934
			52.9327914823474	-53.1343634224934
			52.8924770943182	-53.1343634224934
			52.852162706289	-53.1343634224934
			52.8118483182598	-53.1343634224934
			52.7715339302306	-53.1343634224934
			52.7312195422014	-53.1343634224934
			52.6909051541722	-53.1343634224934
			52.650590766143	-53.1343634224934
			52.6102763781138	-53.1343634224934
			52.5699619900846	-53.1343634224934
			52.5296476020553	-53.1343634224934
			52.4893332140261	-53.1343634224934
			52.4490188259969	-53.1343634224934
			52.4087044379677	-53.1343634224934
			52.3683900499385	-53.1343634224934
			52.3280756619093	-53.1343634224934
			52.2877612738801	-53.1343634224934
			52.2474468858509	-53.1343634224934
			52.2071324978217	-53.1343634224934
			52.1668181097925	-53.1343634224934
			52.1265037217633	-53.1343634224934
			52.0861893337341	-53.1343634224934
			52.0458749457049	-53.1343634224934
			52.0055605576757	-53.1343634224934
			51.9652461696465	-53.1343634224934
			51.9249317816173	-53.1343634224934
			51.8846173935881	-53.1343634224934
			51.8443030055588	-53.1343634224934
			51.8039886175296	-53.1343634224934
			51.7636742295004	-53.1343634224934
			51.7233598414712	-53.1343634224934
			51.683045453442	-53.1343634224934
			51.6427310654128	-53.1343634224934
			51.6024166773836	-53.1343634224934
			51.5621022893544	-53.1343634224934
			51.5217879013252	-53.1343634224934
			51.481473513296	-53.1343634224934
			51.4411591252668	-53.1343634224934
			51.4008447372376	-53.1343634224934
			51.3605303492084	-53.1343634224934
			51.3202159611792	-53.1343634224934
			51.27990157315	-53.1343634224934
			51.2395871851208	-53.1343634224934
			51.1992727970915	-53.1343634224934
			51.1589584090623	-53.1343634224934
			51.1186440210331	-53.1343634224934
			51.0783296330039	-53.1343634224934
			51.0380152449747	-53.1343634224934
			50.9977008569455	-53.1746778105226
			50.9573864689163	-53.1746778105226
			50.9170720808871	-53.1746778105226
			50.8767576928579	-53.1746778105226
			50.8364433048287	-53.1746778105226
			50.7961289167995	-53.1746778105226
			50.7558145287703	-53.1746778105226
			50.7155001407411	-53.1746778105226
			50.6751857527119	-53.1746778105226
			50.6348713646827	-53.1746778105226
			50.5945569766535	-53.1746778105226
			50.5542425886243	-53.1746778105226
			50.513928200595	-53.1746778105226
			50.4736138125658	-53.1746778105226
			50.4332994245366	-53.1746778105226
			50.3929850365074	-53.1746778105226
			50.3526706484782	-53.1746778105226
			50.312356260449	-53.1746778105226
			50.2720418724198	-53.1746778105226
			50.2317274843906	-53.1746778105226
			50.1914130963614	-53.1746778105226
			50.1510987083322	-53.1746778105226
			50.110784320303	-53.1746778105226
			50.0704699322738	-53.1746778105226
			50.0301555442446	-53.1746778105226
			49.9898411562154	-53.1746778105226
			49.9495267681862	-53.1746778105226
			49.909212380157	-53.1746778105226
			49.8688979921277	-53.1746778105226
			49.8285836040985	-53.1746778105226
			49.7882692160693	-53.1746778105226
			49.7479548280401	-53.1746778105226
			49.7076404400109	-53.1746778105226
			49.6673260519817	-53.1746778105226
			49.6270116639525	-53.1746778105226
			49.5866972759233	-53.1746778105226
			49.5463828878941	-53.1746778105226
			49.5060684998649	-53.1746778105226
			49.4657541118357	-53.1746778105226
			49.4254397238065	-53.1746778105226
			49.3851253357773	-53.1746778105226
			49.3448109477481	-53.1746778105226
			49.3044965597189	-53.1746778105226
			49.2641821716897	-53.1746778105226
			49.2238677836605	-53.1746778105226
			49.1835533956313	-53.1746778105226
			49.143239007602	-53.1746778105226
			49.1029246195728	-53.1746778105226
			49.0626102315436	-53.1746778105226
			49.0222958435144	-53.1746778105226
			48.9819814554852	-53.1746778105226
			48.941667067456	-53.1746778105226
			48.9013526794268	-53.1746778105226
			48.8610382913976	-53.1746778105226
			48.8207239033684	-53.1746778105226
			48.7804095153392	-53.1746778105226
			48.74009512731	-53.1746778105226
			48.6997807392808	-53.1746778105226
			48.6594663512516	-53.1746778105226
			48.6191519632224	-53.1746778105226
			48.5788375751932	-53.1746778105226
			48.538523187164	-53.1746778105226
			48.4982087991348	-53.1746778105226
			48.4578944111055	-53.1746778105226
			48.4175800230763	-53.1746778105226
			48.3772656350471	-53.1746778105226
			48.3369512470179	-53.1746778105226
			48.2966368589887	-53.1746778105226
			48.2563224709595	-53.1746778105226
			48.2160080829303	-53.1746778105226
			48.1756936949011	-53.1746778105226
			48.1353793068719	-53.1746778105226
			48.0950649188427	-53.1746778105226
			48.0547505308135	-53.1746778105226
			48.0144361427843	-53.1746778105226
			47.9741217547551	-53.1746778105226
			47.9338073667259	-53.1746778105226
			47.8934929786967	-53.1746778105226
			47.8531785906675	-53.1746778105226
			47.8128642026382	-53.1746778105226
			47.772549814609	-53.1746778105226
			47.7322354265798	-53.1746778105226
			47.6919210385506	-53.1746778105226
			47.6516066505214	-53.1746778105226
			47.6112922624922	-53.1746778105226
			47.570977874463	-53.1746778105226
			47.5306634864338	-53.1746778105226
			47.4903490984046	-53.1746778105226
			47.4500347103754	-53.1746778105226
			47.4097203223462	-53.1746778105226
			47.369405934317	-53.1746778105226
			47.3290915462878	-53.1746778105226
			47.2887771582586	-53.1746778105226
			47.2484627702294	-53.1746778105226
			47.2081483822002	-53.1746778105226
			47.167833994171	-53.1746778105226
			47.1275196061417	-53.1746778105226
			47.0872052181125	-53.1746778105226
			47.0468908300833	-53.1746778105226
			47.0065764420541	-53.1746778105226
			46.9662620540249	-53.1746778105226
			46.9259476659957	-53.1746778105226
			46.8856332779665	-53.1746778105226
			46.8453188899373	-53.1746778105226
			46.8050045019081	-53.1746778105226
			46.7646901138789	-53.1746778105226
			46.7243757258497	-53.1746778105226
			46.6840613378205	-53.1746778105226
			46.6437469497913	-53.1746778105226
			46.6034325617621	-53.1746778105226
			46.5631181737329	-53.1746778105226
			46.5228037857037	-53.1746778105226
			46.4824893976744	-53.1746778105226
			46.4421750096452	-53.1746778105226
			46.401860621616	-53.1746778105226
			46.3615462335868	-53.1746778105226
			46.3212318455576	-53.1746778105226
			46.2809174575284	-53.1746778105226
			46.2406030694992	-53.1746778105226
			46.20028868147	-53.1746778105226
			46.1599742934408	-53.1746778105226
			46.1196599054116	-53.1746778105226
			46.0793455173824	-53.1746778105226
			46.0390311293532	-53.1746778105226
			45.998716741324	-53.1746778105226
			45.9584023532948	-53.1746778105226
			45.9180879652656	-53.1746778105226
			45.8777735772364	-53.1746778105226
			45.8374591892072	-53.1746778105226
			45.797144801178	-53.1746778105226
			45.7568304131487	-53.1746778105226
			45.7165160251195	-53.1746778105226
			45.6762016370903	-53.1746778105226
			45.6358872490611	-53.1746778105226
			45.5955728610319	-53.1746778105226
			45.5552584730027	-53.1746778105226
			45.5149440849735	-53.1746778105226
			45.4746296969443	-53.1746778105226
			45.4343153089151	-53.1746778105226
			45.3940009208859	-53.1746778105226
			45.3536865328567	-53.1746778105226
			45.3133721448275	-53.1746778105226
			45.2730577567983	-53.1746778105226
			45.2327433687691	-53.1746778105226
			45.1924289807399	-53.1746778105226
			45.1521145927107	-53.1746778105226
			45.1118002046815	-53.1746778105226
			45.0714858166522	-53.1746778105226
			45.031171428623	-53.1746778105226
			44.9908570405938	-53.1746778105226
			44.9505426525646	-53.1746778105226
			44.9102282645354	-53.1746778105226
			44.8699138765062	-53.1746778105226
			44.829599488477	-53.1746778105226
			44.7892851004478	-53.1746778105226
			44.7489707124186	-53.1746778105226
			44.7086563243894	-53.1746778105226
			44.6683419363602	-53.1746778105226
			44.628027548331	-53.1746778105226
			44.5877131603018	-53.1746778105226
			44.5473987722726	-53.1746778105226
			44.5070843842434	-53.1746778105226
			44.4667699962142	-53.1746778105226
			44.426455608185	-53.1746778105226
			44.3861412201557	-53.1746778105226
			44.3458268321265	-53.1746778105226
			44.3055124440973	-53.1746778105226
			44.2651980560681	-53.1746778105226
			44.2248836680389	-53.1746778105226
			44.1845692800097	-53.1746778105226
			44.1442548919805	-53.1746778105226
			44.1039405039513	-53.1746778105226
			44.0636261159221	-53.1746778105226
			44.0233117278929	-53.1746778105226
			43.9829973398637	-53.1746778105226
			43.9426829518345	-53.1746778105226
			43.9023685638053	-53.1746778105226
			43.8620541757761	-53.1746778105226
			43.8217397877469	-53.1746778105226
			43.7814253997177	-53.1746778105226
			43.7411110116884	-53.1746778105226
			43.7007966236592	-53.1746778105226
			43.66048223563	-53.1746778105226
			43.6201678476008	-53.1746778105226
			43.5798534595716	-53.1746778105226
			43.5395390715424	-53.1746778105226
			43.4992246835132	-53.1746778105226
			43.458910295484	-53.1746778105226
			43.4185959074548	-53.1746778105226
			43.3782815194256	-53.1746778105226
			43.3379671313964	-53.1746778105226
			43.2976527433672	-53.1746778105226
			43.257338355338	-53.1746778105226
			43.2170239673088	-53.1746778105226
			43.1767095792796	-53.1746778105226
			43.1363951912504	-53.1746778105226
			43.0960808032212	-53.1746778105226
			43.0557664151919	-53.1746778105226
			43.0154520271627	-53.1746778105226
			42.9751376391335	-53.1746778105226
			42.9348232511043	-53.1746778105226
			42.8945088630751	-53.1746778105226
			42.8541944750459	-53.1746778105226
			42.8138800870167	-53.1746778105226
			42.7735656989875	-53.1746778105226
			42.7332513109583	-53.1746778105226
			42.6929369229291	-53.1746778105226
			42.6526225348999	-53.1746778105226
			42.6123081468707	-53.1746778105226
			42.5719937588415	-53.1746778105226
			42.5316793708123	-53.1746778105226
			42.4913649827831	-53.1746778105226
			42.4510505947539	-53.1746778105226
			42.4107362067246	-53.1746778105226
			42.3704218186954	-53.1746778105226
			42.3301074306662	-53.1746778105226
			42.289793042637	-53.1746778105226
			42.2494786546078	-53.1746778105226
			42.2091642665786	-53.1746778105226
			42.1688498785494	-53.1746778105226
			42.1285354905202	-53.1746778105226
			42.088221102491	-53.1746778105226
			42.0479067144618	-53.1746778105226
			42.0075923264326	-53.1746778105226
			41.9672779384034	-53.1746778105226
			41.9269635503742	-53.1746778105226
			41.886649162345	-53.1746778105226
			41.8463347743158	-53.1746778105226
			41.8060203862866	-53.1746778105226
			41.7657059982574	-53.1746778105226
			41.7253916102282	-53.1746778105226
			41.6850772221989	-53.1746778105226
			41.6447628341697	-53.1746778105226
			41.6044484461405	-53.1746778105226
			41.5641340581113	-53.1746778105226
			41.5238196700821	-53.1746778105226
			41.4835052820529	-53.1746778105226
			41.4431908940237	-53.1746778105226
			41.4028765059945	-53.1746778105226
			41.3625621179653	-53.1746778105226
			41.3222477299361	-53.1746778105226
			41.2819333419069	-53.1746778105226
			41.2416189538777	-53.1746778105226
			41.2013045658485	-53.1343634224934
			41.1609901778193	-53.1343634224934
			41.1206757897901	-53.1343634224934
			41.0803614017609	-53.1343634224934
			41.0400470137317	-53.1343634224934
			40.9997326257024	-53.1343634224934
			40.9594182376732	-53.1343634224934
			40.919103849644	-53.1343634224934
			40.8787894616148	-53.1343634224934
			40.8384750735856	-53.1343634224934
			40.7981606855564	-53.1343634224934
			40.7578462975272	-53.1343634224934
			40.717531909498	-53.1343634224934
			40.6772175214688	-53.1343634224934
			40.6369031334396	-53.1343634224934
			40.5965887454104	-53.1343634224934
			40.5562743573812	-53.1343634224934
			40.515959969352	-53.1343634224934
			40.4756455813228	-53.1343634224934
			40.4353311932936	-53.1343634224934
			40.3950168052644	-53.1343634224934
			40.3547024172351	-53.1343634224934
			40.3143880292059	-53.1343634224934
			40.2740736411767	-53.1343634224934
			40.2337592531475	-53.1343634224934
			40.1934448651183	-53.1343634224934
			40.1531304770891	-53.1343634224934
			40.1128160890599	-53.1343634224934
			40.0725017010307	-53.1343634224934
			40.0321873130015	-53.1343634224934
			39.9918729249723	-53.1343634224934
			39.9515585369431	-53.1343634224934
			39.9112441489139	-53.1343634224934
			39.8709297608847	-53.1343634224934
			39.8306153728555	-53.1343634224934
			39.7903009848263	-53.1343634224934
			39.7499865967971	-53.1343634224934
			39.7096722087679	-53.1343634224934
			39.6693578207386	-53.1343634224934
			39.6290434327094	-53.1343634224934
			39.5887290446802	-53.1343634224934
			39.548414656651	-53.1343634224934
			39.5081002686218	-53.1746778105226
			39.4677858805926	-53.1746778105226
			39.4274714925634	-53.1746778105226
			39.3871571045342	-53.1746778105226
			39.346842716505	-53.1746778105226
			39.3065283284758	-53.1746778105226
			39.2662139404466	-53.1746778105226
			39.2258995524174	-53.1746778105226
			39.1855851643882	-53.1746778105226
			39.145270776359	-53.1746778105226
			39.1049563883298	-53.1746778105226
			39.0646420003006	-53.2149921985518
			39.0243276122713	-53.2149921985518
			38.9840132242421	-53.2149921985518
			38.9436988362129	-53.2149921985518
			38.9033844481837	-53.2149921985518
			38.8630700601545	-53.2149921985518
			38.8227556721253	-53.2149921985518
			38.7824412840961	-53.2149921985518
			38.7421268960669	-53.2149921985518
			38.7018125080377	-53.2149921985518
			38.6614981200085	-53.2149921985518
			38.6211837319793	-53.2149921985518
			38.5808693439501	-53.255306586581
			38.5405549559209	-53.255306586581
			38.5002405678917	-53.255306586581
			38.4599261798625	-53.255306586581
			38.4196117918333	-53.255306586581
			38.3792974038041	-53.255306586581
			38.3389830157749	-53.255306586581
			38.2986686277456	-53.255306586581
			38.2583542397164	-53.255306586581
			38.2180398516872	-53.255306586581
			38.177725463658	-53.255306586581
			38.1374110756288	-53.255306586581
			38.0970966875996	-53.255306586581
			38.0567822995704	-53.2956209746103
			38.0164679115412	-53.2956209746103
			37.976153523512	-53.2956209746103
			37.9358391354828	-53.2956209746103
			37.8955247474536	-53.2956209746103
			37.8552103594244	-53.2956209746103
			37.8148959713952	-53.2956209746103
			37.774581583366	-53.2956209746103
			37.7342671953368	-53.2956209746103
			37.6939528073076	-53.2956209746103
			37.6536384192784	-53.2956209746103
			37.6133240312491	-53.2956209746103
			37.5730096432199	-53.2956209746103
			37.5326952551907	-53.2956209746103
			37.4923808671615	-53.2956209746103
			37.4520664791323	-53.2956209746103
			37.4117520911031	-53.2956209746103
			37.3714377030739	-53.3359353626395
			37.3311233150447	-53.3359353626395
			37.2908089270155	-53.3359353626395
			37.2504945389863	-53.3359353626395
			37.2101801509571	-53.3359353626395
			37.1698657629279	-53.3359353626395
			37.1295513748987	-53.3359353626395
			37.0892369868695	-53.3359353626395
			37.0489225988403	-53.3359353626395
			37.0086082108111	-53.3359353626395
			36.9682938227819	-53.3359353626395
			36.9279794347526	-53.3359353626395
			36.8876650467234	-53.3359353626395
			36.8473506586942	-53.3359353626395
			36.807036270665	-53.3359353626395
			36.7667218826358	-53.3359353626395
			36.7264074946066	-53.3359353626395
			36.6860931065774	-53.3359353626395
			36.6457787185482	-53.3359353626395
			36.605464330519	-53.3359353626395
			36.5651499424898	-53.3762497506687
			36.5248355544606	-53.3762497506687
			36.4845211664314	-53.3762497506687
			36.4442067784022	-53.3762497506687
			36.403892390373	-53.3762497506687
			36.3635780023438	-53.3762497506687
			36.3232636143146	-53.3762497506687
			36.2829492262853	-53.3762497506687
			36.2426348382561	-53.3762497506687
			36.2023204502269	-53.3762497506687
			36.1620060621977	-53.3762497506687
			36.1216916741685	-53.3762497506687
			36.0813772861393	-53.3762497506687
			36.0410628981101	-53.3762497506687
			36.0007485100809	-53.3762497506687
			35.9604341220517	-53.3762497506687
			35.9201197340225	-53.3762497506687
			35.8798053459933	-53.3762497506687
			35.8394909579641	-53.3762497506687
			35.7991765699349	-53.3762497506687
			35.7588621819057	-53.3762497506687
			35.7185477938765	-53.3762497506687
			35.6782334058473	-53.3762497506687
			35.6379190178181	-53.3762497506687
			35.5976046297888	-53.3762497506687
			35.5572902417596	-53.3762497506687
			35.5169758537304	-53.3762497506687
			35.4766614657012	-53.3762497506687
			35.436347077672	-53.3762497506687
			35.3960326896428	-53.4165641386979
			35.3557183016136	-53.4165641386979
			35.3154039135844	-53.4165641386979
			35.2750895255552	-53.4165641386979
			35.234775137526	-53.4165641386979
			35.1944607494968	-53.4165641386979
			35.1541463614676	-53.4165641386979
			35.1138319734384	-53.4165641386979
			35.0735175854092	-53.4165641386979
			35.03320319738	-53.4165641386979
			34.9928888093508	-53.4165641386979
			34.9525744213216	-53.4165641386979
			34.9122600332923	-53.4165641386979
			34.8719456452631	-53.4165641386979
			34.8316312572339	-53.4165641386979
			34.7913168692047	-53.4165641386979
			34.7510024811755	-53.4165641386979
			34.7106880931463	-53.4165641386979
			34.6703737051171	-53.4165641386979
			34.6300593170879	-53.4165641386979
			34.5897449290587	-53.4165641386979
			34.5494305410295	-53.4165641386979
			34.5091161530003	-53.4165641386979
			34.4688017649711	-53.4165641386979
			34.4284873769419	-53.4165641386979
			34.3881729889127	-53.4165641386979
			34.3478586008835	-53.4165641386979
			34.3075442128543	-53.4165641386979
			34.2672298248251	-53.4165641386979
			34.2269154367958	-53.4165641386979
			34.1866010487666	-53.4165641386979
			34.1462866607374	-53.4165641386979
			34.1059722727082	-53.4165641386979
			34.065657884679	-53.4165641386979
			34.0253434966498	-53.4165641386979
			33.9850291086206	-53.4165641386979
			33.9447147205914	-53.4165641386979
			33.9044003325622	-53.4165641386979
			33.864085944533	-53.4165641386979
			33.8237715565038	-53.4165641386979
			33.7834571684746	-53.4165641386979
			33.7431427804454	-53.4165641386979
			33.7028283924162	-53.4165641386979
			33.662514004387	-53.4165641386979
			33.6221996163578	-53.4165641386979
			33.5818852283286	-53.4165641386979
			33.5415708402993	-53.4165641386979
			33.5012564522701	-53.4165641386979
			33.4609420642409	-53.4165641386979
			33.4206276762117	-53.4165641386979
			33.3803132881825	-53.4165641386979
			33.3399989001533	-53.4165641386979
			33.2996845121241	-53.4165641386979
			33.2593701240949	-53.4165641386979
			33.2190557360657	-53.4165641386979
			33.1787413480365	-53.4165641386979
			33.1384269600073	-53.4165641386979
			33.0981125719781	-53.4165641386979
			33.0577981839489	-53.4165641386979
			33.0174837959197	-53.4165641386979
			32.9771694078905	-53.4165641386979
			32.9368550198613	-53.4165641386979
			32.896540631832	-53.4165641386979
			32.8562262438028	-53.4165641386979
			32.8159118557736	-53.4165641386979
			32.7755974677444	-53.4165641386979
			32.7352830797152	-53.4165641386979
			32.694968691686	-53.4165641386979
			32.6546543036568	-53.4165641386979
			32.6143399156276	-53.4165641386979
			32.5740255275984	-53.4165641386979
			32.5337111395692	-53.4165641386979
			32.49339675154	-53.4165641386979
			32.4530823635108	-53.4165641386979
			32.4127679754816	-53.4165641386979
			32.3724535874524	-53.4165641386979
			32.3321391994232	-53.4165641386979
			32.291824811394	-53.4165641386979
			32.2515104233648	-53.4165641386979
			32.2111960353355	-53.4165641386979
			32.1708816473063	-53.4165641386979
			32.1305672592771	-53.4165641386979
			32.0902528712479	-53.4165641386979
			32.0499384832187	-53.4165641386979
			32.0096240951895	-53.4165641386979
			31.9693097071603	-53.4165641386979
			31.9289953191311	-53.4165641386979
			31.8886809311019	-53.4165641386979
			31.8483665430727	-53.4165641386979
			31.8080521550435	-53.4165641386979
			31.7677377670143	-53.4165641386979
			31.7274233789851	-53.4165641386979
			31.6871089909559	-53.4165641386979
			31.6467946029267	-53.4165641386979
			31.6064802148975	-53.4165641386979
			31.5661658268683	-53.4165641386979
			31.525851438839	-53.4165641386979
			31.4855370508098	-53.4165641386979
			31.4452226627806	-53.4165641386979
			31.4049082747514	-53.4165641386979
			31.3645938867222	-53.4165641386979
			31.324279498693	-53.4165641386979
			31.2839651106638	-53.4165641386979
			31.2436507226346	-53.4165641386979
			31.2033363346054	-53.4165641386979
			31.1630219465762	-53.4165641386979
			31.122707558547	-53.4165641386979
			31.0823931705178	-53.4165641386979
			31.0420787824886	-53.4165641386979
			31.0017643944594	-53.3762497506687
			30.9614500064302	-53.3762497506687
			30.921135618401	-53.3762497506687
			30.8808212303718	-53.3762497506687
			30.8405068423425	-53.3762497506687
			30.8001924543133	-53.3762497506687
			30.7598780662841	-53.3762497506687
			30.7195636782549	-53.3762497506687
			30.6792492902257	-53.3762497506687
			30.6389349021965	-53.3762497506687
			30.5986205141673	-53.3762497506687
			30.5583061261381	-53.3762497506687
			30.5179917381089	-53.3762497506687
			30.4776773500797	-53.3762497506687
			30.4373629620505	-53.3762497506687
			30.3970485740213	-53.3762497506687
			30.3567341859921	-53.3762497506687
			30.3164197979629	-53.3762497506687
			30.2761054099337	-53.3762497506687
			30.2357910219045	-53.3762497506687
			30.1954766338753	-53.3762497506687
			30.155162245846	-53.3762497506687
			30.1148478578168	-53.4165641386979
			30.0745334697876	-53.4165641386979
			30.0342190817584	-53.4165641386979
			29.9939046937292	-53.4165641386979
			29.9535903057	-53.4568785267271
			29.9132759176708	-53.4568785267271
			29.8729615296416	-53.4568785267271
			29.8326471416124	-53.4568785267271
			29.7923327535832	-53.4568785267271
			29.752018365554	-53.4971929147563
			29.7117039775248	-53.4971929147563
			29.6713895894956	-53.4971929147563
			29.6310752014664	-53.4971929147563
			29.5907608134372	-53.4971929147563
			29.550446425408	-53.4971929147563
			29.5101320373787	-53.4971929147563
			29.4698176493495	-53.5375073027855
			29.4295032613203	-53.5375073027855
			29.3891888732911	-53.5375073027855
			29.3488744852619	-53.5375073027855
			29.3085600972327	-53.5375073027855
			29.2682457092035	-53.5375073027855
			29.2279313211743	-53.5375073027855
			29.1876169331451	-53.5375073027855
			29.1473025451159	-53.5375073027855
			29.1069881570867	-53.5375073027855
			29.0666737690575	-53.5375073027855
			29.0263593810283	-53.5375073027855
			28.9860449929991	-53.5778216908147
			28.9457306049699	-53.5778216908147
			28.9054162169407	-53.5778216908147
			28.8651018289115	-53.5778216908147
			28.8247874408823	-53.5778216908147
			28.784473052853	-53.5778216908147
			28.7441586648238	-53.5778216908147
			28.7038442767946	-53.5778216908147
			28.6635298887654	-53.5778216908147
			28.6232155007362	-53.5778216908147
			28.582901112707	-53.5778216908147
			28.5425867246778	-53.5778216908147
			28.5022723366486	-53.5778216908147
			28.4619579486194	-53.5778216908147
			28.4216435605902	-53.5778216908147
			28.381329172561	-53.5778216908147
			28.3410147845318	-53.5778216908147
			28.3007003965026	-53.5778216908147
			28.2603860084734	-53.5778216908147
			28.2200716204442	-53.5778216908147
			28.179757232415	-53.5778216908147
			28.1394428443857	-53.5375073027855
			28.0991284563565	-53.5375073027855
			28.0588140683273	-53.5375073027855
			28.0184996802981	-53.5375073027855
			27.9781852922689	-53.5375073027855
			27.9378709042397	-53.5375073027855
			27.8975565162105	-53.5375073027855
			27.8572421281813	-53.5375073027855
			27.8169277401521	-53.5375073027855
			27.7766133521229	-53.5375073027855
			27.7362989640937	-53.5375073027855
			27.6959845760645	-53.5375073027855
			27.6556701880353	-53.5375073027855
			27.6153558000061	-53.5375073027855
			27.5750414119769	-53.4971929147563
			27.5347270239477	-53.4971929147563
			27.4944126359185	-53.4971929147563
			27.4540982478892	-53.4971929147563
			27.41378385986	-53.4971929147563
			27.3734694718308	-53.4971929147563
			27.3331550838016	-53.4971929147563
			27.2928406957724	-53.4971929147563
			27.2525263077432	-53.4971929147563
			27.212211919714	-53.4971929147563
			27.212211919714	-53.4568785267271
			27.1718975316848	-53.4568785267271
			27.1315831436556	-53.4568785267271
			27.0912687556264	-53.4568785267271
			27.0509543675972	-53.4568785267271
			27.010639979568	-53.4568785267271
			26.9703255915388	-53.4568785267271
			26.9300112035096	-53.4568785267271
			26.8896968154804	-53.4568785267271
			26.8896968154804	-53.4165641386979
			26.8493824274512	-53.4165641386979
			26.809068039422	-53.4165641386979
			26.7687536513927	-53.4165641386979
		</c2>
	</curves.scaled>
	<ruler.points type=matrix rownames=TRUE colnames=FALSE nrow=2 ncol=2 as.numeric=TRUE >
		Ruler point 1	2048	279
		Ruler point 2	2296	274
	</ruler.points>
</shapes>

