<shapes type=list>
	<ruler.pixel type=vector names=FALSE length=1 as.numeric=TRUE >249.00803199897</ruler.pixel>
	<ruler.interval type=vector names=FALSE length=1 as.numeric=TRUE >10</ruler.interval>
	<scaling.units type=vector names=FALSE length=1 as.numeric=FALSE >undefined</scaling.units>
	<scaling type=vector names=FALSE length=1 as.numeric=TRUE >0.0401593471492573</scaling>
	<landmarks.pixel type=matrix rownames=TRUE colnames=FALSE nrow=2 ncol=2 as.numeric=TRUE >
		LM1	452	1335
		LM2	2195	1345
	</landmarks.pixel>
	<landmarks.scaled type=matrix rownames=TRUE colnames=FALSE nrow=2 ncol=2 as.numeric=TRUE >
		LM1	18.1520249114643	-53.6127284442585
		LM2	88.1497669926198	-54.0143219157511
	</landmarks.scaled>
	<curves.control type=list>
		<c1 type=matrix rownames=FALSE colnames=FALSE nrow=13 ncol=2 as.numeric=TRUE >
			452	1335
			469	1305
			588	1263
			805	1152
			958	1093
			1196	992
			1288	963
			1493	902
			1538	955
			1737	1058
			1864	1132
			2121	1269
			2195	1345
		</c1>
		<c2 type=matrix rownames=FALSE colnames=FALSE nrow=25 ncol=2 as.numeric=TRUE >
			2195	1345
			2104	1356
			2078	1323
			2042	1365
			1993	1329
			1928	1367
			1871	1319
			1816	1371
			1757	1329
			1713	1352
			1639	1313
			1570	1346
			1502	1309
			1425	1343
			1361	1301
			1271	1335
			1142	1311
			1057	1342
			937	1307
			818	1348
			738	1315
			621	1347
			595	1317
			544	1348
			452	1335
		</c2>
	</curves.control>
	<curves.pixel type=list>
		<c1 type=matrix rownames=FALSE colnames=FALSE nrow=1837 ncol=2 as.numeric=TRUE >
			452	1335
			452	1334
			453	1334
			453	1333
			454	1332
			454	1331
			455	1330
			456	1330
			456	1329
			457	1328
			458	1327
			459	1327
			459	1326
			460	1325
			461	1324
			462	1323
			463	1323
			464	1322
			465	1321
			466	1320
			467	1319
			468	1319
			469	1318
			470	1317
			471	1316
			472	1315
			473	1314
			474	1314
			475	1313
			476	1313
			476	1312
			477	1312
			478	1311
			479	1311
			480	1310
			481	1310
			481	1309
			482	1309
			483	1308
			484	1308
			485	1307
			486	1307
			487	1306
			488	1306
			489	1305
			490	1304
			491	1304
			492	1303
			493	1303
			494	1302
			495	1302
			496	1301
			497	1301
			498	1300
			499	1300
			500	1299
			501	1299
			502	1298
			503	1298
			504	1297
			505	1297
			506	1296
			507	1296
			508	1295
			509	1295
			510	1294
			511	1294
			512	1294
			513	1293
			514	1293
			515	1292
			516	1292
			517	1291
			518	1291
			519	1290
			520	1290
			521	1289
			522	1289
			523	1288
			524	1288
			525	1287
			526	1287
			527	1287
			528	1286
			529	1286
			530	1285
			531	1285
			532	1284
			533	1284
			534	1283
			535	1283
			536	1283
			537	1282
			538	1282
			539	1282
			539	1281
			540	1281
			541	1281
			542	1280
			543	1280
			544	1280
			545	1279
			546	1279
			547	1278
			548	1278
			549	1277
			550	1277
			551	1277
			552	1276
			553	1276
			554	1276
			555	1275
			556	1275
			557	1274
			558	1274
			559	1274
			560	1273
			561	1273
			562	1272
			563	1272
			564	1272
			565	1271
			566	1271
			567	1271
			568	1270
			569	1270
			570	1269
			571	1269
			572	1269
			573	1268
			574	1268
			575	1268
			576	1267
			577	1267
			578	1267
			578	1266
			579	1266
			580	1266
			581	1266
			582	1265
			583	1265
			584	1264
			585	1264
			586	1264
			587	1263
			588	1263
			589	1262
			590	1262
			591	1261
			592	1261
			593	1261
			593	1260
			594	1260
			595	1260
			595	1259
			596	1259
			597	1259
			597	1258
			598	1258
			599	1258
			599	1257
			600	1257
			601	1256
			602	1256
			603	1255
			604	1255
			605	1255
			605	1254
			606	1254
			607	1253
			608	1253
			609	1252
			610	1252
			611	1251
			612	1251
			613	1250
			614	1250
			615	1249
			616	1249
			617	1248
			618	1248
			619	1247
			620	1247
			621	1246
			622	1246
			623	1245
			624	1245
			625	1244
			626	1244
			627	1243
			628	1243
			629	1242
			630	1242
			631	1241
			632	1241
			633	1240
			634	1240
			635	1239
			636	1239
			636	1238
			637	1238
			638	1238
			639	1237
			640	1237
			641	1236
			642	1236
			643	1235
			644	1235
			645	1234
			646	1234
			647	1233
			648	1233
			649	1232
			650	1232
			651	1231
			652	1231
			653	1230
			654	1230
			655	1229
			656	1229
			657	1228
			658	1228
			659	1227
			660	1227
			661	1226
			662	1226
			663	1225
			664	1225
			665	1224
			666	1224
			667	1223
			668	1223
			669	1222
			670	1222
			671	1221
			672	1221
			673	1220
			674	1220
			675	1219
			676	1219
			677	1218
			678	1218
			679	1217
			680	1217
			681	1217
			681	1216
			682	1216
			683	1215
			684	1215
			685	1215
			686	1214
			687	1213
			688	1213
			689	1212
			690	1212
			691	1211
			692	1211
			693	1211
			694	1210
			695	1210
			696	1209
			697	1209
			698	1208
			699	1208
			700	1207
			701	1207
			701	1206
			702	1206
			703	1205
			704	1205
			705	1205
			706	1204
			707	1204
			708	1203
			709	1203
			710	1202
			711	1202
			712	1201
			713	1201
			714	1200
			715	1200
			716	1200
			717	1199
			718	1199
			719	1198
			720	1197
			721	1197
			722	1197
			722	1196
			723	1196
			724	1196
			724	1195
			725	1195
			726	1195
			726	1194
			727	1194
			728	1194
			728	1193
			729	1193
			730	1193
			730	1192
			731	1192
			732	1192
			732	1191
			733	1191
			734	1191
			735	1190
			736	1190
			737	1189
			738	1189
			739	1188
			740	1188
			741	1187
			742	1187
			743	1186
			744	1186
			745	1185
			746	1185
			747	1185
			748	1184
			749	1184
			750	1183
			751	1183
			752	1182
			753	1182
			754	1181
			755	1181
			756	1181
			756	1180
			757	1180
			758	1179
			759	1179
			760	1178
			761	1178
			762	1177
			763	1177
			764	1177
			765	1176
			766	1176
			767	1175
			768	1175
			769	1174
			770	1174
			771	1173
			772	1173
			773	1173
			773	1172
			774	1172
			775	1172
			775	1171
			776	1171
			777	1171
			777	1170
			778	1170
			779	1170
			779	1169
			780	1169
			781	1169
			781	1168
			782	1168
			783	1168
			784	1167
			785	1167
			786	1166
			787	1166
			788	1166
			789	1165
			790	1164
			791	1164
			792	1164
			793	1163
			794	1163
			795	1162
			796	1162
			797	1161
			798	1161
			799	1161
			800	1160
			801	1160
			801	1159
			802	1159
			803	1158
			804	1158
			805	1158
			806	1157
			807	1157
			808	1156
			809	1156
			810	1155
			811	1155
			812	1155
			813	1154
			814	1154
			815	1153
			816	1153
			817	1152
			818	1152
			819	1151
			820	1151
			821	1150
			822	1150
			823	1150
			824	1149
			825	1149
			825	1148
			826	1148
			827	1148
			828	1147
			829	1147
			830	1146
			831	1146
			832	1146
			833	1145
			834	1145
			835	1144
			836	1144
			837	1143
			838	1143
			839	1143
			840	1142
			841	1141
			842	1141
			843	1141
			844	1140
			845	1140
			846	1139
			847	1139
			848	1139
			849	1138
			850	1138
			851	1137
			852	1137
			853	1136
			854	1136
			855	1135
			856	1135
			857	1135
			858	1134
			859	1134
			860	1133
			861	1133
			862	1133
			863	1132
			864	1132
			865	1131
			866	1130
			867	1130
			868	1130
			869	1129
			870	1129
			871	1129
			872	1128
			873	1128
			874	1127
			875	1127
			876	1126
			877	1126
			878	1126
			879	1125
			880	1125
			881	1124
			882	1124
			883	1123
			884	1123
			885	1123
			886	1122
			887	1122
			888	1121
			889	1121
			890	1121
			891	1120
			892	1119
			893	1119
			894	1119
			895	1118
			896	1118
			897	1117
			898	1117
			899	1117
			900	1116
			901	1116
			902	1115
			903	1115
			904	1115
			905	1114
			906	1114
			907	1113
			908	1113
			909	1113
			910	1112
			911	1112
			912	1111
			913	1111
			914	1111
			915	1110
			916	1110
			917	1109
			918	1109
			919	1109
			920	1108
			921	1107
			922	1107
			923	1107
			924	1106
			925	1106
			926	1106
			927	1105
			928	1105
			929	1104
			930	1104
			931	1104
			932	1103
			933	1103
			934	1102
			935	1102
			936	1102
			937	1101
			938	1101
			939	1100
			940	1100
			941	1100
			942	1099
			943	1099
			944	1099
			945	1098
			946	1098
			947	1097
			948	1097
			949	1097
			949	1096
			950	1096
			951	1096
			952	1095
			953	1095
			954	1094
			955	1094
			956	1094
			957	1093
			958	1093
			959	1092
			960	1092
			961	1092
			962	1091
			963	1091
			964	1091
			965	1090
			966	1090
			966	1089
			967	1089
			968	1089
			969	1088
			970	1088
			971	1088
			972	1087
			973	1087
			974	1086
			975	1086
			976	1085
			977	1085
			978	1084
			979	1084
			980	1084
			981	1083
			982	1083
			983	1082
			984	1082
			985	1082
			986	1081
			987	1081
			988	1080
			989	1080
			990	1079
			991	1079
			992	1079
			993	1078
			994	1078
			995	1077
			996	1077
			997	1076
			998	1076
			999	1076
			1000	1075
			1001	1075
			1002	1074
			1003	1074
			1004	1073
			1005	1073
			1006	1073
			1007	1072
			1008	1072
			1009	1071
			1010	1071
			1011	1071
			1012	1070
			1013	1070
			1014	1069
			1015	1069
			1016	1068
			1017	1068
			1018	1068
			1019	1067
			1020	1067
			1021	1067
			1021	1066
			1022	1066
			1023	1066
			1024	1065
			1025	1065
			1026	1064
			1027	1064
			1028	1063
			1029	1063
			1030	1063
			1031	1062
			1032	1062
			1033	1061
			1034	1061
			1035	1060
			1036	1060
			1037	1060
			1038	1059
			1039	1059
			1040	1058
			1041	1058
			1042	1058
			1043	1057
			1044	1057
			1045	1056
			1046	1056
			1047	1055
			1048	1055
			1049	1055
			1050	1054
			1051	1054
			1052	1053
			1053	1053
			1054	1053
			1055	1052
			1056	1052
			1057	1051
			1058	1051
			1059	1051
			1060	1050
			1061	1050
			1062	1049
			1063	1049
			1064	1049
			1065	1048
			1066	1048
			1067	1047
			1068	1047
			1069	1047
			1070	1046
			1071	1046
			1072	1045
			1073	1045
			1074	1045
			1075	1044
			1076	1044
			1077	1043
			1078	1043
			1079	1042
			1080	1042
			1081	1042
			1082	1041
			1083	1041
			1084	1040
			1085	1040
			1086	1040
			1086	1039
			1087	1039
			1088	1039
			1089	1038
			1090	1038
			1091	1037
			1092	1037
			1093	1037
			1094	1036
			1095	1036
			1096	1035
			1097	1035
			1098	1035
			1099	1034
			1100	1034
			1101	1034
			1102	1033
			1103	1033
			1103	1032
			1104	1032
			1105	1032
			1106	1031
			1107	1031
			1108	1031
			1109	1030
			1110	1030
			1111	1029
			1112	1029
			1113	1029
			1114	1028
			1115	1028
			1116	1027
			1117	1027
			1118	1027
			1118	1026
			1119	1026
			1120	1026
			1121	1025
			1122	1025
			1123	1025
			1124	1024
			1125	1024
			1126	1023
			1127	1023
			1128	1023
			1129	1022
			1130	1022
			1131	1021
			1132	1021
			1133	1020
			1134	1020
			1135	1020
			1136	1019
			1137	1019
			1138	1018
			1139	1018
			1140	1018
			1141	1017
			1142	1017
			1143	1016
			1144	1016
			1145	1016
			1146	1015
			1147	1015
			1148	1015
			1149	1014
			1150	1014
			1151	1013
			1152	1013
			1153	1012
			1154	1012
			1155	1012
			1156	1011
			1157	1011
			1158	1010
			1159	1010
			1160	1010
			1161	1010
			1161	1009
			1162	1009
			1163	1009
			1164	1008
			1165	1008
			1166	1007
			1167	1007
			1168	1007
			1169	1006
			1170	1006
			1171	1005
			1172	1005
			1173	1005
			1174	1004
			1175	1004
			1176	1003
			1177	1003
			1178	1003
			1179	1002
			1180	1002
			1181	1001
			1182	1001
			1183	1001
			1184	1001
			1184	1000
			1185	1000
			1186	1000
			1187	999
			1188	999
			1189	998
			1190	998
			1191	998
			1192	997
			1193	997
			1194	997
			1195	996
			1196	996
			1197	995
			1198	995
			1199	995
			1200	994
			1201	994
			1202	993
			1203	993
			1204	993
			1205	992
			1206	992
			1207	992
			1208	991
			1209	991
			1210	990
			1211	990
			1212	990
			1213	989
			1214	989
			1215	989
			1216	988
			1217	988
			1218	988
			1219	987
			1220	987
			1221	986
			1222	986
			1223	986
			1224	985
			1225	985
			1226	984
			1227	984
			1228	984
			1229	984
			1230	983
			1231	983
			1232	982
			1233	982
			1234	982
			1235	981
			1236	981
			1237	980
			1238	980
			1239	980
			1240	980
			1240	979
			1241	979
			1242	979
			1243	978
			1244	978
			1245	977
			1246	977
			1247	977
			1248	977
			1248	976
			1249	976
			1250	976
			1251	975
			1252	975
			1253	975
			1254	974
			1255	974
			1256	974
			1257	973
			1258	973
			1259	973
			1260	972
			1261	972
			1262	972
			1263	971
			1264	971
			1265	971
			1266	970
			1267	970
			1268	970
			1269	969
			1270	969
			1271	969
			1272	968
			1273	968
			1274	968
			1274	967
			1275	967
			1276	967
			1277	967
			1278	966
			1279	966
			1280	966
			1281	965
			1282	965
			1283	965
			1284	964
			1285	964
			1286	964
			1287	963
			1288	963
			1289	963
			1290	962
			1291	962
			1292	962
			1293	961
			1294	961
			1295	961
			1296	961
			1297	960
			1298	960
			1299	960
			1300	960
			1301	959
			1302	959
			1303	958
			1304	958
			1305	958
			1306	958
			1307	957
			1308	957
			1309	957
			1310	957
			1311	957
			1311	956
			1312	956
			1313	956
			1314	956
			1314	955
			1315	955
			1316	955
			1317	955
			1318	954
			1319	954
			1320	954
			1321	954
			1322	953
			1323	953
			1324	953
			1325	953
			1325	952
			1326	952
			1327	952
			1328	952
			1329	952
			1330	951
			1331	951
			1332	951
			1333	951
			1333	950
			1334	950
			1335	950
			1336	950
			1337	949
			1338	949
			1339	949
			1340	949
			1341	948
			1342	948
			1343	948
			1344	948
			1345	947
			1346	947
			1347	947
			1348	947
			1349	946
			1350	946
			1351	946
			1352	946
			1353	946
			1353	945
			1354	945
			1355	945
			1356	945
			1357	945
			1358	944
			1359	944
			1360	944
			1361	944
			1362	944
			1363	943
			1364	943
			1365	943
			1366	943
			1367	942
			1368	942
			1369	942
			1370	942
			1371	942
			1372	941
			1373	941
			1374	941
			1375	941
			1376	940
			1377	940
			1378	940
			1379	940
			1380	940
			1381	940
			1382	939
			1383	939
			1384	939
			1385	939
			1386	939
			1387	938
			1388	938
			1389	938
			1390	938
			1391	938
			1392	938
			1393	937
			1394	937
			1395	937
			1396	937
			1397	937
			1398	936
			1399	936
			1400	936
			1401	936
			1402	936
			1403	936
			1404	936
			1404	935
			1405	935
			1406	935
			1407	935
			1408	935
			1409	935
			1410	935
			1411	934
			1412	934
			1413	934
			1414	934
			1415	934
			1416	934
			1417	934
			1418	933
			1419	933
			1420	933
			1421	933
			1422	933
			1423	933
			1424	933
			1425	933
			1426	933
			1426	932
			1427	932
			1428	932
			1429	932
			1430	932
			1431	932
			1432	932
			1433	932
			1434	932
			1435	932
			1436	931
			1437	931
			1438	931
			1439	931
			1440	931
			1441	931
			1442	931
			1443	931
			1444	931
			1445	931
			1446	931
			1447	931
			1448	931
			1449	931
			1450	931
			1451	931
			1452	931
			1453	930
			1454	930
			1455	930
			1456	930
			1457	930
			1458	930
			1459	930
			1460	930
			1461	930
			1462	930
			1463	930
			1464	930
			1465	930
			1466	930
			1467	930
			1468	930
			1469	930
			1470	930
			1471	931
			1472	931
			1473	931
			1474	931
			1475	931
			1476	931
			1477	931
			1478	931
			1479	931
			1480	931
			1481	931
			1482	931
			1483	931
			1484	932
			1485	932
			1486	932
			1487	932
			1488	932
			1489	932
			1490	932
			1491	932
			1492	933
			1493	933
			1494	933
			1495	933
			1496	933
			1497	934
			1498	934
			1499	934
			1500	934
			1501	934
			1502	935
			1503	935
			1504	935
			1505	936
			1506	936
			1507	936
			1508	936
			1508	937
			1509	937
			1510	937
			1511	937
			1512	938
			1513	938
			1514	938
			1515	939
			1516	939
			1517	940
			1518	940
			1519	941
			1520	941
			1521	942
			1522	942
			1523	943
			1524	943
			1525	944
			1526	945
			1527	945
			1528	946
			1529	947
			1530	948
			1531	948
			1532	949
			1533	950
			1534	951
			1535	952
			1536	952
			1536	953
			1537	954
			1538	955
			1539	956
			1540	956
			1541	956
			1542	957
			1543	958
			1544	958
			1545	959
			1546	959
			1547	960
			1548	960
			1549	961
			1550	961
			1551	961
			1551	962
			1552	962
			1553	963
			1554	963
			1555	964
			1556	964
			1557	965
			1558	966
			1559	966
			1560	967
			1561	967
			1562	968
			1563	968
			1564	969
			1565	969
			1566	970
			1567	970
			1568	971
			1569	971
			1570	972
			1571	972
			1572	973
			1573	973
			1574	974
			1575	974
			1576	975
			1577	975
			1578	976
			1579	976
			1580	977
			1581	977
			1582	978
			1583	979
			1584	979
			1585	980
			1586	980
			1587	981
			1588	981
			1589	982
			1590	982
			1591	983
			1592	983
			1593	984
			1594	984
			1595	985
			1596	985
			1597	986
			1598	986
			1599	987
			1600	987
			1600	988
			1601	988
			1602	988
			1603	989
			1604	989
			1605	990
			1606	990
			1607	991
			1608	991
			1608	992
			1609	992
			1610	993
			1611	993
			1612	994
			1613	994
			1614	994
			1615	995
			1616	996
			1617	996
			1618	997
			1619	998
			1620	998
			1621	999
			1622	999
			1623	999
			1623	1000
			1624	1000
			1625	1000
			1625	1001
			1626	1001
			1627	1002
			1628	1002
			1629	1003
			1630	1003
			1631	1003
			1631	1004
			1632	1004
			1633	1005
			1634	1005
			1635	1006
			1636	1007
			1637	1007
			1638	1007
			1639	1008
			1640	1008
			1641	1009
			1642	1009
			1643	1010
			1644	1010
			1644	1011
			1645	1011
			1646	1012
			1647	1012
			1648	1013
			1649	1013
			1650	1013
			1650	1014
			1651	1014
			1652	1015
			1653	1015
			1654	1016
			1655	1016
			1656	1017
			1657	1017
			1657	1018
			1658	1018
			1659	1019
			1660	1019
			1661	1019
			1662	1020
			1663	1020
			1663	1021
			1664	1021
			1665	1022
			1666	1022
			1667	1023
			1668	1023
			1669	1024
			1670	1024
			1671	1025
			1672	1026
			1673	1026
			1674	1027
			1675	1027
			1676	1028
			1677	1028
			1678	1029
			1679	1029
			1680	1030
			1681	1030
			1682	1031
			1683	1032
			1684	1032
			1685	1033
			1686	1033
			1687	1034
			1688	1034
			1689	1035
			1690	1035
			1691	1036
			1692	1036
			1693	1037
			1694	1037
			1695	1038
			1696	1038
			1697	1039
			1698	1040
			1699	1040
			1700	1041
			1701	1041
			1702	1042
			1703	1042
			1704	1043
			1705	1043
			1706	1044
			1707	1044
			1708	1045
			1709	1045
			1710	1046
			1711	1046
			1712	1047
			1713	1047
			1714	1048
			1715	1049
			1716	1049
			1717	1050
			1718	1050
			1719	1051
			1720	1051
			1721	1052
			1722	1052
			1723	1053
			1724	1054
			1725	1054
			1726	1054
			1726	1055
			1727	1055
			1728	1056
			1729	1056
			1730	1057
			1731	1057
			1732	1058
			1733	1058
			1734	1059
			1735	1059
			1735	1060
			1736	1060
			1737	1061
			1738	1061
			1739	1061
			1739	1062
			1740	1062
			1741	1063
			1742	1063
			1743	1064
			1744	1064
			1745	1065
			1746	1066
			1747	1066
			1748	1067
			1749	1067
			1750	1068
			1751	1068
			1752	1069
			1753	1069
			1754	1070
			1755	1070
			1756	1071
			1757	1071
			1757	1072
			1758	1072
			1759	1073
			1760	1073
			1761	1074
			1762	1074
			1763	1075
			1764	1075
			1765	1076
			1766	1076
			1767	1077
			1768	1077
			1769	1078
			1770	1078
			1770	1079
			1771	1079
			1772	1080
			1773	1081
			1774	1081
			1775	1082
			1776	1082
			1777	1083
			1778	1083
			1779	1084
			1780	1084
			1781	1085
			1782	1086
			1783	1086
			1784	1087
			1785	1087
			1786	1088
			1787	1088
			1788	1089
			1789	1089
			1790	1090
			1791	1090
			1792	1091
			1793	1092
			1794	1092
			1795	1093
			1796	1093
			1797	1094
			1798	1094
			1799	1095
			1800	1096
			1801	1096
			1802	1097
			1803	1097
			1804	1098
			1805	1098
			1806	1099
			1807	1099
			1808	1100
			1809	1101
			1810	1101
			1811	1102
			1812	1102
			1813	1103
			1814	1103
			1815	1104
			1816	1104
			1817	1105
			1818	1105
			1818	1106
			1819	1106
			1820	1107
			1821	1107
			1822	1108
			1823	1108
			1824	1109
			1825	1109
			1826	1110
			1827	1110
			1827	1111
			1828	1111
			1829	1112
			1830	1113
			1831	1113
			1832	1114
			1833	1114
			1834	1115
			1835	1115
			1836	1116
			1837	1117
			1838	1117
			1839	1118
			1840	1118
			1841	1119
			1842	1119
			1843	1120
			1844	1120
			1845	1121
			1846	1122
			1847	1122
			1848	1123
			1849	1123
			1849	1124
			1850	1124
			1851	1124
			1852	1125
			1853	1126
			1854	1126
			1855	1127
			1856	1127
			1857	1128
			1858	1128
			1858	1129
			1859	1129
			1860	1130
			1861	1130
			1862	1131
			1863	1131
			1864	1132
			1865	1133
			1866	1133
			1867	1134
			1868	1134
			1869	1135
			1870	1135
			1871	1136
			1872	1136
			1873	1137
			1874	1138
			1875	1138
			1876	1139
			1877	1139
			1878	1140
			1879	1140
			1880	1141
			1881	1141
			1882	1142
			1883	1142
			1884	1143
			1885	1143
			1886	1144
			1887	1144
			1887	1145
			1888	1145
			1889	1145
			1889	1146
			1890	1146
			1891	1146
			1892	1147
			1893	1148
			1894	1148
			1895	1149
			1896	1149
			1897	1150
			1898	1150
			1899	1151
			1900	1152
			1901	1152
			1902	1153
			1903	1153
			1904	1154
			1905	1154
			1906	1155
			1907	1155
			1908	1156
			1909	1156
			1910	1157
			1911	1157
			1912	1158
			1913	1158
			1913	1159
			1914	1159
			1915	1159
			1915	1160
			1916	1160
			1917	1161
			1918	1161
			1919	1162
			1920	1162
			1921	1163
			1922	1163
			1923	1164
			1924	1165
			1925	1165
			1926	1166
			1927	1166
			1928	1167
			1929	1167
			1930	1168
			1931	1169
			1932	1169
			1933	1170
			1934	1170
			1935	1171
			1936	1171
			1937	1172
			1938	1173
			1939	1173
			1940	1174
			1941	1174
			1942	1175
			1943	1175
			1944	1176
			1945	1176
			1946	1177
			1947	1178
			1948	1178
			1949	1179
			1950	1179
			1951	1180
			1952	1180
			1953	1181
			1954	1181
			1955	1182
			1956	1183
			1957	1183
			1958	1184
			1959	1184
			1960	1185
			1961	1185
			1962	1186
			1963	1186
			1964	1187
			1965	1187
			1966	1188
			1967	1189
			1968	1189
			1969	1190
			1970	1190
			1971	1191
			1972	1191
			1972	1192
			1973	1192
			1974	1193
			1975	1193
			1976	1194
			1977	1194
			1978	1195
			1979	1196
			1980	1196
			1981	1197
			1982	1197
			1983	1198
			1984	1198
			1985	1199
			1986	1200
			1987	1200
			1988	1201
			1989	1201
			1990	1202
			1991	1203
			1992	1203
			1993	1203
			1993	1204
			1994	1204
			1995	1205
			1996	1205
			1997	1206
			1998	1207
			1999	1207
			2000	1208
			2001	1208
			2002	1209
			2003	1209
			2004	1210
			2005	1210
			2005	1211
			2006	1211
			2007	1212
			2008	1213
			2009	1213
			2010	1214
			2011	1214
			2012	1215
			2013	1215
			2014	1216
			2015	1217
			2016	1217
			2017	1218
			2018	1218
			2019	1219
			2020	1220
			2021	1220
			2022	1221
			2023	1221
			2024	1222
			2025	1223
			2026	1223
			2027	1224
			2028	1224
			2029	1225
			2030	1225
			2030	1226
			2031	1226
			2032	1227
			2033	1227
			2034	1228
			2035	1229
			2036	1229
			2037	1230
			2038	1231
			2039	1231
			2040	1232
			2041	1233
			2042	1233
			2043	1233
			2043	1234
			2044	1234
			2045	1234
			2045	1235
			2046	1235
			2046	1236
			2047	1236
			2048	1236
			2048	1237
			2049	1237
			2050	1238
			2051	1239
			2052	1239
			2053	1240
			2054	1240
			2055	1241
			2056	1242
			2057	1242
			2058	1243
			2059	1243
			2059	1244
			2060	1244
			2061	1245
			2062	1245
			2063	1246
			2064	1246
			2065	1247
			2066	1248
			2067	1249
			2068	1249
			2069	1250
			2070	1251
			2071	1251
			2072	1252
			2073	1252
			2074	1253
			2075	1254
			2076	1254
			2077	1255
			2078	1256
			2079	1256
			2080	1257
			2081	1257
			2082	1258
			2083	1259
			2084	1259
			2085	1260
			2086	1260
			2086	1261
			2087	1262
			2088	1262
			2089	1263
			2090	1263
			2091	1264
			2092	1265
			2093	1265
			2094	1266
			2095	1267
			2096	1267
			2097	1268
			2098	1269
			2099	1270
			2100	1270
			2101	1271
			2102	1271
			2102	1272
			2103	1272
			2104	1272
			2104	1273
			2105	1273
			2106	1274
			2107	1275
			2108	1275
			2109	1276
			2110	1277
			2111	1278
			2112	1278
			2113	1279
			2114	1280
			2115	1280
			2116	1281
			2117	1281
			2118	1282
			2118	1283
			2119	1283
			2120	1284
			2121	1284
			2122	1285
			2123	1286
			2124	1287
			2125	1287
			2126	1288
			2127	1289
			2128	1290
			2129	1290
			2130	1291
			2131	1292
			2132	1292
			2133	1293
			2134	1294
			2135	1294
			2136	1295
			2137	1296
			2138	1296
			2139	1297
			2139	1298
			2140	1299
			2141	1299
			2142	1300
			2143	1301
			2144	1301
			2145	1302
			2146	1303
			2147	1303
			2147	1304
			2148	1305
			2149	1305
			2150	1306
			2151	1307
			2152	1307
			2153	1308
			2154	1309
			2155	1310
			2156	1311
			2157	1311
			2158	1312
			2159	1313
			2160	1314
			2161	1315
			2162	1315
			2163	1316
			2164	1317
			2165	1318
			2166	1318
			2167	1319
			2167	1320
			2168	1321
			2169	1321
			2170	1322
			2171	1323
			2172	1324
			2173	1324
			2174	1325
			2174	1326
			2175	1326
			2176	1327
			2177	1328
			2178	1329
			2179	1329
			2179	1330
			2180	1331
			2181	1331
			2182	1332
			2182	1333
			2183	1334
			2184	1334
			2185	1335
			2186	1336
			2187	1337
			2188	1338
			2189	1339
			2190	1340
			2191	1341
			2192	1342
			2193	1343
			2194	1344
			2195	1345
		</c1>
		<c2 type=matrix rownames=FALSE colnames=FALSE nrow=1775 ncol=2 as.numeric=TRUE >
			2195	1345
			2194	1345
			2193	1345
			2192	1345
			2191	1345
			2190	1346
			2189	1346
			2188	1346
			2187	1346
			2186	1346
			2185	1346
			2184	1346
			2183	1346
			2182	1346
			2181	1346
			2180	1347
			2179	1347
			2178	1347
			2177	1347
			2176	1347
			2175	1347
			2174	1347
			2173	1347
			2172	1347
			2171	1347
			2170	1347
			2169	1347
			2168	1347
			2167	1347
			2166	1347
			2165	1348
			2164	1348
			2163	1348
			2162	1348
			2161	1348
			2160	1348
			2159	1348
			2158	1348
			2157	1348
			2156	1348
			2155	1348
			2154	1348
			2153	1348
			2152	1348
			2151	1348
			2150	1348
			2149	1348
			2148	1348
			2147	1348
			2146	1348
			2145	1348
			2144	1348
			2143	1347
			2142	1347
			2141	1347
			2140	1347
			2139	1347
			2138	1347
			2137	1347
			2136	1347
			2135	1347
			2134	1347
			2133	1347
			2132	1347
			2131	1347
			2130	1347
			2129	1346
			2128	1346
			2127	1346
			2126	1346
			2125	1346
			2124	1346
			2123	1345
			2122	1345
			2121	1345
			2120	1345
			2119	1345
			2118	1345
			2117	1344
			2116	1344
			2115	1344
			2114	1344
			2113	1343
			2112	1343
			2111	1343
			2110	1343
			2109	1342
			2108	1342
			2107	1342
			2106	1341
			2105	1341
			2104	1341
			2103	1340
			2102	1340
			2101	1339
			2100	1339
			2099	1339
			2098	1338
			2097	1338
			2096	1337
			2095	1337
			2094	1336
			2093	1336
			2092	1335
			2091	1334
			2090	1334
			2089	1333
			2088	1332
			2087	1332
			2086	1331
			2085	1330
			2084	1330
			2084	1329
			2083	1328
			2082	1327
			2081	1327
			2080	1326
			2080	1325
			2079	1324
			2078	1323
			2077	1324
			2076	1325
			2075	1326
			2075	1327
			2074	1327
			2073	1328
			2073	1329
			2072	1329
			2071	1330
			2071	1331
			2070	1331
			2069	1332
			2068	1333
			2067	1334
			2066	1335
			2065	1335
			2064	1336
			2063	1337
			2062	1337
			2061	1338
			2060	1339
			2059	1339
			2058	1340
			2057	1340
			2056	1341
			2055	1341
			2054	1342
			2053	1342
			2052	1343
			2051	1343
			2050	1343
			2049	1344
			2048	1344
			2047	1344
			2046	1344
			2045	1345
			2044	1345
			2043	1345
			2042	1345
			2041	1345
			2040	1345
			2039	1345
			2038	1346
			2037	1346
			2036	1346
			2035	1346
			2034	1346
			2033	1346
			2032	1346
			2031	1345
			2030	1345
			2029	1345
			2028	1345
			2027	1345
			2026	1345
			2025	1345
			2024	1344
			2023	1344
			2022	1344
			2021	1344
			2020	1343
			2019	1343
			2018	1343
			2017	1342
			2016	1342
			2015	1342
			2014	1341
			2013	1341
			2012	1340
			2011	1340
			2010	1339
			2009	1339
			2008	1338
			2007	1338
			2006	1337
			2005	1336
			2004	1336
			2003	1336
			2003	1335
			2002	1335
			2001	1335
			2001	1334
			2000	1334
			1999	1333
			1998	1332
			1997	1332
			1996	1331
			1995	1330
			1994	1330
			1993	1329
			1992	1330
			1991	1330
			1990	1331
			1989	1331
			1988	1332
			1987	1332
			1986	1333
			1985	1333
			1984	1334
			1983	1334
			1982	1335
			1981	1335
			1981	1336
			1980	1336
			1979	1336
			1978	1337
			1977	1337
			1976	1338
			1975	1338
			1974	1338
			1973	1339
			1972	1339
			1971	1340
			1970	1340
			1969	1340
			1968	1340
			1968	1341
			1967	1341
			1966	1341
			1965	1341
			1964	1342
			1963	1342
			1962	1342
			1961	1343
			1960	1343
			1959	1343
			1958	1343
			1957	1344
			1956	1344
			1955	1344
			1954	1344
			1953	1344
			1952	1345
			1951	1345
			1950	1345
			1949	1345
			1948	1345
			1947	1345
			1946	1345
			1945	1345
			1944	1346
			1943	1346
			1942	1346
			1941	1346
			1940	1346
			1939	1346
			1938	1346
			1937	1346
			1936	1346
			1935	1346
			1934	1346
			1933	1346
			1932	1346
			1931	1346
			1930	1346
			1930	1345
			1929	1345
			1928	1345
			1927	1345
			1926	1345
			1925	1345
			1924	1345
			1923	1345
			1922	1345
			1922	1344
			1921	1344
			1920	1344
			1919	1344
			1918	1344
			1917	1343
			1916	1343
			1915	1343
			1914	1343
			1913	1342
			1912	1342
			1911	1342
			1910	1342
			1909	1341
			1908	1341
			1907	1341
			1906	1340
			1905	1340
			1904	1339
			1903	1339
			1902	1338
			1901	1338
			1900	1338
			1899	1337
			1898	1337
			1897	1336
			1896	1336
			1895	1335
			1894	1335
			1893	1334
			1892	1334
			1891	1333
			1890	1333
			1889	1332
			1888	1331
			1887	1331
			1886	1330
			1885	1330
			1884	1329
			1883	1328
			1882	1328
			1882	1327
			1881	1326
			1880	1326
			1879	1325
			1878	1324
			1877	1324
			1876	1323
			1875	1322
			1874	1321
			1873	1321
			1872	1320
			1871	1319
			1870	1320
			1869	1320
			1868	1321
			1868	1322
			1867	1323
			1866	1324
			1865	1324
			1864	1325
			1863	1326
			1862	1327
			1861	1327
			1860	1328
			1859	1329
			1859	1330
			1858	1330
			1857	1331
			1856	1331
			1855	1332
			1854	1333
			1853	1333
			1852	1334
			1851	1335
			1850	1335
			1849	1336
			1848	1337
			1847	1337
			1846	1338
			1845	1338
			1844	1339
			1843	1339
			1842	1340
			1841	1340
			1840	1341
			1839	1341
			1838	1342
			1837	1342
			1836	1342
			1835	1343
			1834	1343
			1833	1344
			1832	1344
			1831	1344
			1830	1344
			1829	1345
			1828	1345
			1827	1345
			1826	1346
			1825	1346
			1824	1346
			1823	1346
			1822	1347
			1821	1347
			1820	1347
			1819	1347
			1818	1347
			1817	1347
			1816	1347
			1815	1347
			1814	1348
			1813	1348
			1812	1348
			1811	1348
			1810	1348
			1809	1348
			1808	1348
			1807	1348
			1806	1348
			1805	1348
			1804	1348
			1803	1347
			1802	1347
			1801	1347
			1800	1347
			1799	1347
			1798	1347
			1797	1347
			1796	1346
			1795	1346
			1794	1346
			1793	1346
			1792	1346
			1791	1346
			1791	1345
			1790	1345
			1789	1345
			1788	1345
			1787	1344
			1786	1344
			1785	1344
			1784	1343
			1783	1343
			1782	1343
			1781	1342
			1780	1342
			1779	1342
			1778	1341
			1777	1341
			1776	1340
			1775	1340
			1774	1339
			1773	1338
			1772	1338
			1771	1338
			1770	1337
			1769	1337
			1768	1336
			1767	1335
			1766	1335
			1765	1334
			1764	1334
			1763	1333
			1762	1332
			1761	1332
			1760	1331
			1759	1331
			1758	1330
			1757	1329
			1756	1330
			1755	1330
			1754	1330
			1753	1331
			1752	1331
			1752	1332
			1751	1332
			1750	1332
			1749	1333
			1748	1333
			1747	1333
			1746	1334
			1745	1334
			1744	1334
			1743	1335
			1742	1335
			1741	1335
			1740	1335
			1739	1336
			1738	1336
			1737	1336
			1736	1336
			1735	1336
			1734	1337
			1733	1337
			1732	1337
			1731	1337
			1730	1337
			1729	1337
			1728	1337
			1727	1337
			1726	1337
			1725	1337
			1724	1337
			1723	1337
			1722	1338
			1721	1338
			1720	1338
			1719	1338
			1718	1338
			1717	1337
			1716	1337
			1715	1337
			1714	1337
			1713	1337
			1712	1337
			1711	1337
			1710	1337
			1709	1337
			1708	1337
			1707	1337
			1706	1337
			1705	1336
			1704	1336
			1703	1336
			1702	1336
			1701	1336
			1700	1336
			1699	1335
			1698	1335
			1697	1335
			1696	1335
			1695	1335
			1694	1334
			1693	1334
			1692	1334
			1691	1334
			1690	1333
			1689	1333
			1688	1333
			1687	1333
			1686	1332
			1685	1332
			1684	1332
			1683	1331
			1682	1331
			1681	1331
			1680	1331
			1679	1330
			1678	1330
			1677	1330
			1676	1329
			1675	1329
			1674	1329
			1673	1328
			1672	1328
			1671	1328
			1670	1327
			1669	1327
			1668	1326
			1667	1326
			1666	1326
			1665	1325
			1664	1325
			1663	1324
			1662	1324
			1661	1324
			1660	1323
			1659	1323
			1658	1322
			1657	1322
			1656	1321
			1655	1321
			1654	1320
			1653	1320
			1652	1319
			1651	1319
			1650	1318
			1649	1318
			1648	1317
			1647	1317
			1646	1317
			1645	1316
			1644	1316
			1643	1315
			1642	1315
			1641	1314
			1640	1314
			1640	1313
			1639	1313
			1638	1313
			1637	1314
			1636	1314
			1635	1315
			1634	1315
			1633	1316
			1632	1316
			1631	1317
			1630	1317
			1629	1317
			1628	1318
			1627	1318
			1626	1319
			1625	1319
			1624	1320
			1623	1320
			1622	1320
			1621	1320
			1620	1321
			1619	1321
			1618	1322
			1617	1322
			1616	1322
			1615	1322
			1614	1323
			1613	1323
			1612	1323
			1611	1323
			1610	1324
			1609	1324
			1608	1324
			1607	1325
			1606	1325
			1605	1325
			1604	1325
			1603	1325
			1603	1326
			1602	1326
			1601	1326
			1600	1326
			1599	1326
			1598	1326
			1597	1327
			1596	1327
			1595	1327
			1594	1327
			1593	1327
			1592	1327
			1591	1327
			1590	1328
			1589	1328
			1588	1328
			1587	1328
			1586	1328
			1585	1328
			1584	1328
			1583	1328
			1582	1328
			1581	1328
			1580	1328
			1579	1328
			1578	1329
			1577	1329
			1576	1329
			1575	1329
			1574	1329
			1573	1329
			1572	1329
			1571	1329
			1570	1328
			1569	1328
			1568	1328
			1567	1328
			1566	1328
			1565	1328
			1564	1328
			1563	1328
			1562	1328
			1561	1328
			1560	1328
			1559	1328
			1558	1328
			1557	1328
			1556	1327
			1555	1327
			1554	1327
			1553	1327
			1552	1327
			1551	1327
			1550	1326
			1549	1326
			1548	1326
			1547	1326
			1546	1326
			1545	1325
			1544	1325
			1543	1325
			1542	1325
			1541	1324
			1540	1324
			1539	1324
			1538	1324
			1537	1323
			1536	1323
			1535	1323
			1534	1322
			1533	1322
			1532	1322
			1531	1322
			1530	1321
			1529	1321
			1528	1321
			1527	1320
			1526	1320
			1525	1319
			1524	1319
			1523	1319
			1522	1318
			1521	1318
			1520	1317
			1519	1317
			1518	1317
			1517	1316
			1516	1316
			1515	1315
			1514	1315
			1513	1314
			1512	1314
			1511	1314
			1510	1313
			1509	1313
			1508	1312
			1507	1312
			1506	1311
			1505	1311
			1504	1310
			1503	1310
			1502	1309
			1501	1310
			1500	1310
			1499	1310
			1498	1311
			1497	1311
			1496	1312
			1495	1312
			1494	1312
			1493	1313
			1492	1313
			1491	1313
			1491	1314
			1490	1314
			1489	1314
			1488	1315
			1487	1315
			1486	1315
			1485	1316
			1484	1316
			1483	1316
			1482	1317
			1481	1317
			1480	1317
			1479	1318
			1478	1318
			1477	1318
			1476	1318
			1475	1319
			1474	1319
			1473	1319
			1472	1320
			1471	1320
			1470	1320
			1469	1320
			1468	1321
			1467	1321
			1466	1321
			1465	1321
			1464	1321
			1463	1322
			1462	1322
			1461	1322
			1460	1322
			1459	1322
			1458	1322
			1457	1323
			1456	1323
			1455	1323
			1454	1323
			1453	1323
			1452	1323
			1451	1323
			1450	1323
			1449	1324
			1448	1324
			1447	1324
			1446	1324
			1445	1324
			1444	1324
			1443	1324
			1442	1324
			1441	1324
			1440	1324
			1439	1324
			1438	1324
			1437	1324
			1436	1324
			1435	1324
			1434	1324
			1433	1324
			1432	1324
			1431	1324
			1430	1324
			1429	1324
			1428	1324
			1427	1324
			1426	1324
			1425	1324
			1424	1324
			1423	1324
			1422	1324
			1421	1323
			1420	1323
			1419	1323
			1418	1323
			1417	1323
			1416	1323
			1415	1322
			1414	1322
			1413	1322
			1412	1322
			1411	1322
			1410	1322
			1409	1321
			1408	1321
			1407	1321
			1406	1321
			1405	1321
			1404	1320
			1403	1320
			1402	1320
			1401	1320
			1400	1319
			1399	1319
			1398	1319
			1397	1318
			1396	1318
			1395	1318
			1395	1317
			1394	1317
			1393	1317
			1392	1317
			1391	1316
			1390	1316
			1389	1315
			1388	1315
			1387	1315
			1386	1314
			1385	1314
			1384	1314
			1383	1313
			1382	1313
			1381	1312
			1380	1312
			1380	1311
			1379	1311
			1378	1311
			1377	1310
			1376	1310
			1375	1309
			1374	1309
			1373	1308
			1372	1308
			1371	1307
			1370	1307
			1369	1306
			1368	1305
			1367	1304
			1366	1304
			1365	1304
			1365	1303
			1364	1303
			1363	1302
			1362	1302
			1361	1301
			1360	1301
			1359	1302
			1358	1302
			1357	1303
			1356	1303
			1355	1303
			1354	1303
			1353	1304
			1352	1304
			1351	1305
			1350	1305
			1349	1305
			1348	1306
			1347	1306
			1346	1306
			1345	1306
			1344	1307
			1343	1307
			1342	1307
			1341	1308
			1340	1308
			1339	1308
			1338	1309
			1337	1309
			1336	1309
			1335	1309
			1334	1310
			1333	1310
			1332	1310
			1331	1310
			1330	1311
			1329	1311
			1328	1311
			1327	1311
			1326	1312
			1325	1312
			1324	1312
			1323	1312
			1322	1313
			1321	1313
			1320	1313
			1319	1313
			1318	1314
			1317	1314
			1316	1314
			1315	1314
			1314	1314
			1313	1315
			1312	1315
			1311	1315
			1310	1315
			1309	1315
			1308	1315
			1307	1316
			1306	1316
			1305	1316
			1304	1316
			1303	1316
			1302	1316
			1301	1317
			1300	1317
			1299	1317
			1298	1317
			1297	1317
			1296	1317
			1295	1318
			1294	1318
			1293	1318
			1292	1318
			1291	1318
			1290	1318
			1289	1318
			1288	1318
			1287	1318
			1286	1319
			1285	1319
			1284	1319
			1283	1319
			1282	1319
			1281	1319
			1280	1319
			1279	1319
			1278	1319
			1277	1319
			1276	1320
			1275	1320
			1274	1320
			1273	1320
			1272	1320
			1271	1320
			1270	1320
			1269	1320
			1268	1320
			1267	1320
			1266	1320
			1265	1320
			1264	1320
			1263	1320
			1262	1320
			1261	1321
			1260	1321
			1259	1321
			1258	1321
			1257	1321
			1256	1321
			1255	1321
			1254	1321
			1253	1321
			1252	1321
			1251	1321
			1250	1321
			1249	1321
			1248	1321
			1247	1321
			1246	1321
			1245	1321
			1244	1321
			1243	1321
			1242	1321
			1241	1321
			1240	1321
			1239	1321
			1238	1321
			1237	1321
			1236	1321
			1235	1321
			1234	1321
			1233	1321
			1232	1321
			1231	1321
			1230	1321
			1229	1321
			1228	1321
			1227	1321
			1226	1321
			1225	1321
			1224	1321
			1223	1321
			1222	1320
			1221	1320
			1220	1320
			1219	1320
			1218	1320
			1217	1320
			1216	1320
			1215	1320
			1214	1320
			1213	1320
			1212	1320
			1211	1320
			1210	1320
			1209	1320
			1208	1320
			1207	1320
			1206	1320
			1205	1319
			1204	1319
			1203	1319
			1202	1319
			1201	1319
			1200	1319
			1199	1319
			1198	1319
			1197	1319
			1196	1319
			1195	1319
			1194	1318
			1193	1318
			1192	1318
			1191	1318
			1190	1318
			1189	1318
			1188	1318
			1187	1318
			1186	1318
			1185	1318
			1184	1317
			1183	1317
			1182	1317
			1181	1317
			1180	1317
			1179	1317
			1178	1317
			1177	1317
			1176	1316
			1175	1316
			1174	1316
			1173	1316
			1172	1316
			1171	1316
			1170	1316
			1169	1315
			1168	1315
			1167	1315
			1166	1315
			1165	1315
			1164	1315
			1163	1315
			1162	1314
			1161	1314
			1160	1314
			1159	1314
			1158	1314
			1157	1314
			1156	1313
			1155	1313
			1154	1313
			1153	1313
			1152	1313
			1151	1313
			1150	1312
			1149	1312
			1148	1312
			1147	1312
			1146	1312
			1145	1312
			1144	1311
			1143	1311
			1142	1311
			1141	1311
			1140	1312
			1139	1312
			1138	1312
			1137	1313
			1136	1313
			1135	1313
			1134	1314
			1133	1314
			1132	1314
			1131	1315
			1130	1315
			1129	1315
			1128	1316
			1127	1316
			1126	1316
			1125	1316
			1124	1317
			1123	1317
			1122	1317
			1121	1317
			1121	1318
			1120	1318
			1119	1318
			1118	1318
			1117	1319
			1116	1319
			1115	1319
			1114	1319
			1113	1319
			1112	1320
			1111	1320
			1110	1320
			1109	1320
			1108	1321
			1107	1321
			1106	1321
			1105	1321
			1104	1321
			1103	1321
			1102	1322
			1101	1322
			1100	1322
			1099	1322
			1098	1322
			1097	1322
			1096	1323
			1095	1323
			1094	1323
			1093	1323
			1092	1323
			1091	1323
			1090	1323
			1089	1323
			1089	1324
			1088	1324
			1087	1324
			1086	1324
			1085	1324
			1084	1324
			1083	1324
			1082	1324
			1081	1324
			1080	1324
			1079	1325
			1078	1325
			1077	1325
			1076	1325
			1075	1325
			1074	1325
			1073	1325
			1072	1325
			1071	1325
			1070	1325
			1069	1325
			1068	1325
			1067	1325
			1066	1325
			1065	1325
			1064	1325
			1063	1325
			1062	1325
			1061	1325
			1060	1326
			1059	1326
			1058	1326
			1057	1326
			1056	1326
			1055	1326
			1054	1326
			1053	1326
			1052	1326
			1051	1326
			1050	1326
			1049	1326
			1048	1325
			1047	1325
			1046	1325
			1045	1325
			1044	1325
			1043	1325
			1042	1325
			1041	1325
			1040	1325
			1039	1325
			1038	1325
			1037	1325
			1036	1325
			1035	1325
			1034	1325
			1033	1325
			1032	1325
			1031	1325
			1030	1325
			1029	1325
			1028	1324
			1027	1324
			1026	1324
			1025	1324
			1024	1324
			1023	1324
			1022	1324
			1021	1324
			1020	1324
			1019	1324
			1018	1324
			1017	1323
			1016	1323
			1015	1323
			1014	1323
			1013	1323
			1012	1323
			1011	1323
			1010	1323
			1009	1323
			1008	1322
			1007	1322
			1006	1322
			1005	1322
			1004	1322
			1003	1322
			1002	1321
			1001	1321
			1000	1321
			999	1321
			998	1321
			997	1321
			996	1321
			995	1320
			994	1320
			993	1320
			992	1320
			991	1320
			990	1320
			989	1319
			988	1319
			987	1319
			986	1319
			985	1319
			984	1318
			983	1318
			982	1318
			981	1318
			980	1318
			979	1317
			978	1317
			977	1317
			976	1317
			975	1317
			974	1316
			973	1316
			972	1316
			971	1316
			970	1316
			969	1315
			968	1315
			967	1315
			966	1315
			965	1314
			964	1314
			963	1314
			962	1314
			961	1313
			960	1313
			959	1313
			958	1313
			957	1312
			956	1312
			955	1312
			954	1312
			953	1311
			952	1311
			951	1311
			950	1311
			949	1310
			948	1310
			947	1310
			946	1309
			945	1309
			944	1309
			943	1309
			942	1308
			941	1308
			940	1308
			939	1308
			938	1307
			937	1307
			936	1307
			935	1308
			934	1308
			933	1308
			932	1309
			931	1309
			930	1309
			929	1310
			928	1310
			927	1310
			926	1311
			925	1311
			924	1311
			923	1312
			922	1312
			921	1312
			920	1313
			919	1313
			918	1313
			917	1314
			916	1314
			915	1314
			914	1314
			913	1315
			912	1315
			911	1315
			910	1316
			909	1316
			908	1316
			907	1316
			906	1317
			905	1317
			904	1317
			903	1317
			903	1318
			902	1318
			901	1318
			900	1318
			899	1318
			898	1319
			897	1319
			896	1319
			895	1320
			894	1320
			893	1320
			892	1320
			891	1321
			890	1321
			889	1321
			888	1321
			887	1321
			886	1322
			885	1322
			884	1322
			883	1322
			882	1322
			881	1323
			880	1323
			879	1323
			878	1323
			877	1323
			877	1324
			876	1324
			875	1324
			874	1324
			873	1324
			872	1324
			871	1325
			870	1325
			869	1325
			868	1325
			867	1325
			866	1326
			865	1326
			864	1326
			863	1326
			862	1326
			861	1326
			860	1326
			859	1327
			858	1327
			857	1327
			856	1327
			855	1327
			854	1327
			853	1327
			852	1327
			851	1328
			850	1328
			849	1328
			848	1328
			847	1328
			846	1328
			845	1328
			844	1328
			843	1328
			842	1329
			841	1329
			840	1329
			839	1329
			838	1329
			837	1329
			836	1329
			835	1329
			834	1329
			833	1329
			832	1329
			831	1329
			830	1329
			829	1329
			828	1330
			827	1330
			826	1330
			825	1330
			824	1330
			823	1330
			822	1330
			821	1330
			820	1330
			819	1330
			818	1330
			817	1330
			816	1330
			815	1330
			814	1330
			813	1330
			812	1330
			811	1330
			810	1330
			809	1330
			808	1330
			807	1329
			806	1329
			805	1329
			804	1329
			803	1329
			802	1329
			801	1329
			800	1329
			799	1329
			798	1329
			797	1329
			796	1329
			795	1329
			794	1329
			793	1329
			792	1328
			791	1328
			790	1328
			789	1328
			788	1328
			787	1328
			786	1328
			785	1328
			784	1327
			783	1327
			782	1327
			781	1327
			780	1327
			779	1327
			778	1326
			777	1326
			776	1326
			775	1326
			774	1326
			773	1325
			772	1325
			771	1325
			770	1325
			769	1325
			768	1324
			767	1324
			766	1324
			765	1324
			764	1323
			763	1323
			762	1323
			761	1323
			760	1322
			759	1322
			758	1322
			757	1322
			756	1321
			755	1321
			754	1321
			753	1321
			752	1320
			751	1320
			750	1319
			749	1319
			748	1319
			747	1318
			746	1318
			745	1318
			744	1317
			743	1317
			742	1317
			741	1316
			740	1316
			739	1315
			738	1315
			737	1315
			736	1316
			735	1316
			734	1316
			733	1316
			732	1317
			731	1317
			730	1317
			729	1317
			728	1318
			727	1318
			726	1318
			725	1318
			724	1319
			723	1319
			722	1319
			721	1319
			721	1320
			720	1320
			719	1320
			718	1320
			717	1320
			716	1321
			715	1321
			714	1321
			713	1321
			712	1322
			711	1322
			710	1322
			709	1322
			708	1323
			707	1323
			706	1323
			705	1323
			704	1323
			703	1324
			702	1324
			701	1324
			700	1324
			699	1324
			699	1325
			698	1325
			697	1325
			696	1325
			695	1325
			694	1326
			693	1326
			692	1326
			691	1326
			690	1326
			689	1326
			689	1327
			688	1327
			687	1327
			686	1327
			685	1327
			684	1327
			683	1328
			682	1328
			681	1328
			680	1328
			679	1328
			678	1328
			677	1328
			676	1329
			675	1329
			674	1329
			673	1329
			672	1329
			671	1329
			670	1330
			669	1330
			668	1330
			667	1330
			666	1330
			665	1330
			664	1330
			663	1330
			662	1330
			661	1330
			660	1331
			659	1331
			658	1331
			657	1331
			656	1331
			655	1331
			654	1331
			653	1331
			652	1331
			651	1331
			650	1331
			649	1331
			648	1331
			647	1331
			646	1331
			645	1331
			644	1331
			643	1332
			642	1332
			641	1332
			640	1332
			639	1332
			639	1331
			638	1331
			637	1331
			636	1331
			635	1331
			634	1331
			633	1331
			632	1331
			631	1331
			630	1331
			629	1331
			628	1331
			627	1331
			626	1331
			625	1331
			624	1330
			623	1330
			622	1330
			621	1330
			620	1330
			619	1329
			618	1329
			617	1329
			616	1329
			615	1328
			614	1328
			613	1328
			612	1328
			611	1327
			610	1327
			609	1326
			608	1326
			607	1326
			606	1325
			605	1325
			604	1324
			603	1324
			602	1323
			601	1322
			600	1322
			599	1321
			598	1320
			597	1319
			596	1318
			595	1317
			594	1318
			593	1318
			592	1319
			591	1319
			590	1320
			589	1321
			588	1321
			587	1322
			586	1322
			585	1323
			584	1323
			583	1323
			582	1324
			581	1324
			580	1325
			579	1325
			578	1326
			577	1326
			576	1326
			576	1327
			575	1327
			574	1327
			573	1328
			572	1328
			571	1328
			570	1329
			569	1329
			568	1329
			567	1330
			566	1330
			565	1330
			564	1331
			563	1331
			562	1331
			561	1332
			560	1332
			559	1332
			558	1332
			557	1333
			556	1333
			555	1333
			554	1333
			553	1334
			552	1334
			551	1334
			550	1334
			549	1335
			548	1335
			547	1335
			546	1335
			545	1335
			544	1335
			543	1336
			542	1336
			541	1336
			540	1336
			539	1336
			538	1336
			537	1337
			536	1337
			535	1337
			534	1337
			533	1337
			532	1337
			531	1337
			530	1337
			529	1338
			528	1338
			527	1338
			526	1338
			525	1338
			524	1338
			523	1338
			522	1338
			521	1338
			520	1338
			519	1338
			518	1338
			517	1338
			516	1339
			515	1339
			514	1339
			513	1339
			512	1339
			511	1339
			510	1339
			509	1339
			508	1339
			507	1339
			506	1339
			505	1339
			504	1339
			503	1339
			502	1339
			501	1339
			500	1339
			499	1339
			498	1339
			497	1339
			496	1339
			495	1339
			494	1339
			493	1339
			492	1339
			491	1339
			490	1339
			489	1339
			488	1338
			487	1338
			486	1338
			485	1338
			484	1338
			483	1338
			482	1338
			481	1338
			480	1338
			479	1338
			478	1338
			477	1338
			476	1338
			475	1338
			474	1338
			473	1337
			472	1337
			471	1337
			470	1337
			469	1337
			468	1337
			467	1337
			466	1337
			465	1337
			464	1337
			463	1336
			462	1336
			461	1336
			460	1336
			459	1336
			458	1336
			457	1336
			456	1336
			455	1335
			454	1335
			453	1335
			452	1335
		</c2>
	</curves.pixel>
	<curves.scaled type=list>
		<c1 type=matrix rownames=FALSE colnames=FALSE nrow=1837 ncol=2 as.numeric=TRUE >
			18.1520249114643	-53.6127284442585
			18.1520249114643	-53.5725690971092
			18.1921842586136	-53.5725690971092
			18.1921842586136	-53.53240974996
			18.2323436057628	-53.4922504028107
			18.2323436057628	-53.4520910556615
			18.2725029529121	-53.4119317085122
			18.3126623000613	-53.4119317085122
			18.3126623000613	-53.3717723613629
			18.3528216472106	-53.3316130142137
			18.3929809943598	-53.2914536670644
			18.4331403415091	-53.2914536670644
			18.4331403415091	-53.2512943199152
			18.4732996886584	-53.2111349727659
			18.5134590358076	-53.1709756256167
			18.5536183829569	-53.1308162784674
			18.5937777301061	-53.1308162784674
			18.6339370772554	-53.0906569313181
			18.6740964244046	-53.0504975841689
			18.7142557715539	-53.0103382370196
			18.7544151187032	-52.9701788898704
			18.7945744658524	-52.9701788898704
			18.8347338130017	-52.9300195427211
			18.8748931601509	-52.8898601955719
			18.9150525073002	-52.8497008484226
			18.9552118544494	-52.8095415012733
			18.9953712015987	-52.7693821541241
			19.035530548748	-52.7693821541241
			19.0756898958972	-52.7292228069748
			19.1158492430465	-52.7292228069748
			19.1158492430465	-52.6890634598256
			19.1560085901957	-52.6890634598256
			19.196167937345	-52.6489041126763
			19.2363272844942	-52.6489041126763
			19.2764866316435	-52.608744765527
			19.3166459787928	-52.608744765527
			19.3166459787928	-52.5685854183778
			19.356805325942	-52.5685854183778
			19.3969646730913	-52.5284260712285
			19.4371240202405	-52.5284260712285
			19.4772833673898	-52.4882667240793
			19.517442714539	-52.4882667240793
			19.5576020616883	-52.44810737693
			19.5977614088376	-52.44810737693
			19.6379207559868	-52.4079480297808
			19.6780801031361	-52.3677886826315
			19.7182394502853	-52.3677886826315
			19.7583987974346	-52.3276293354822
			19.7985581445838	-52.3276293354822
			19.8387174917331	-52.287469988333
			19.8788768388824	-52.287469988333
			19.9190361860316	-52.2473106411837
			19.9591955331809	-52.2473106411837
			19.9993548803301	-52.2071512940345
			20.0395142274794	-52.2071512940345
			20.0796735746286	-52.1669919468852
			20.1198329217779	-52.1669919468852
			20.1599922689272	-52.126832599736
			20.2001516160764	-52.126832599736
			20.2403109632257	-52.0866732525867
			20.2804703103749	-52.0866732525867
			20.3206296575242	-52.0465139054375
			20.3607890046734	-52.0465139054375
			20.4009483518227	-52.0063545582882
			20.441107698972	-52.0063545582882
			20.4812670461212	-51.9661952111389
			20.5214263932705	-51.9661952111389
			20.5615857404197	-51.9661952111389
			20.601745087569	-51.9260358639897
			20.6419044347182	-51.9260358639897
			20.6820637818675	-51.8858765168404
			20.7222231290168	-51.8858765168404
			20.762382476166	-51.8457171696912
			20.8025418233153	-51.8457171696912
			20.8427011704645	-51.8055578225419
			20.8828605176138	-51.8055578225419
			20.923019864763	-51.7653984753927
			20.9631792119123	-51.7653984753927
			21.0033385590616	-51.7252391282434
			21.0434979062108	-51.7252391282434
			21.0836572533601	-51.6850797810941
			21.1238166005093	-51.6850797810941
			21.1639759476586	-51.6850797810941
			21.2041352948079	-51.6449204339449
			21.2442946419571	-51.6449204339449
			21.2844539891064	-51.6047610867956
			21.3246133362556	-51.6047610867956
			21.3647726834049	-51.5646017396464
			21.4049320305541	-51.5646017396464
			21.4450913777034	-51.5244423924971
			21.4852507248527	-51.5244423924971
			21.5254100720019	-51.5244423924971
			21.5655694191512	-51.4842830453479
			21.6057287663004	-51.4842830453479
			21.6458881134497	-51.4842830453479
			21.6458881134497	-51.4441236981986
			21.6860474605989	-51.4441236981986
			21.7262068077482	-51.4441236981986
			21.7663661548975	-51.4039643510493
			21.8065255020467	-51.4039643510493
			21.846684849196	-51.4039643510493
			21.8868441963452	-51.3638050039001
			21.9270035434945	-51.3638050039001
			21.9671628906437	-51.3236456567508
			22.007322237793	-51.3236456567508
			22.0474815849423	-51.2834863096016
			22.0876409320915	-51.2834863096016
			22.1278002792408	-51.2834863096016
			22.16795962639	-51.2433269624523
			22.2081189735393	-51.2433269624523
			22.2482783206885	-51.2433269624523
			22.2884376678378	-51.203167615303
			22.3285970149871	-51.203167615303
			22.3687563621363	-51.1630082681538
			22.4089157092856	-51.1630082681538
			22.4490750564348	-51.1630082681538
			22.4892344035841	-51.1228489210045
			22.5293937507333	-51.1228489210045
			22.5695530978826	-51.0826895738553
			22.6097124450319	-51.0826895738553
			22.6498717921811	-51.0826895738553
			22.6900311393304	-51.042530226706
			22.7301904864796	-51.042530226706
			22.7703498336289	-51.042530226706
			22.8105091807781	-51.0023708795568
			22.8506685279274	-51.0023708795568
			22.8908278750767	-50.9622115324075
			22.9309872222259	-50.9622115324075
			22.9711465693752	-50.9622115324075
			23.0113059165244	-50.9220521852582
			23.0514652636737	-50.9220521852582
			23.0916246108229	-50.9220521852582
			23.1317839579722	-50.881892838109
			23.1719433051215	-50.881892838109
			23.2121026522707	-50.881892838109
			23.2121026522707	-50.8417334909597
			23.25226199942	-50.8417334909597
			23.2924213465692	-50.8417334909597
			23.3325806937185	-50.8417334909597
			23.3727400408677	-50.8015741438105
			23.412899388017	-50.8015741438105
			23.4530587351663	-50.7614147966612
			23.4932180823155	-50.7614147966612
			23.5333774294648	-50.7614147966612
			23.573536776614	-50.721255449512
			23.6136961237633	-50.721255449512
			23.6538554709125	-50.6810961023627
			23.6940148180618	-50.6810961023627
			23.7341741652111	-50.6409367552134
			23.7743335123603	-50.6409367552134
			23.8144928595096	-50.6409367552134
			23.8144928595096	-50.6007774080642
			23.8546522066588	-50.6007774080642
			23.8948115538081	-50.6007774080642
			23.8948115538081	-50.5606180609149
			23.9349709009573	-50.5606180609149
			23.9751302481066	-50.5606180609149
			23.9751302481066	-50.5204587137657
			24.0152895952559	-50.5204587137657
			24.0554489424051	-50.5204587137657
			24.0554489424051	-50.4802993666164
			24.0956082895544	-50.4802993666164
			24.1357676367036	-50.4401400194672
			24.1759269838529	-50.4401400194672
			24.2160863310021	-50.3999806723179
			24.2562456781514	-50.3999806723179
			24.2964050253007	-50.3999806723179
			24.2964050253007	-50.3598213251686
			24.3365643724499	-50.3598213251686
			24.3767237195992	-50.3196619780194
			24.4168830667484	-50.3196619780194
			24.4570424138977	-50.2795026308701
			24.4972017610469	-50.2795026308701
			24.5373611081962	-50.2393432837209
			24.5775204553455	-50.2393432837209
			24.6176798024947	-50.1991839365716
			24.657839149644	-50.1991839365716
			24.6979984967932	-50.1590245894224
			24.7381578439425	-50.1590245894224
			24.7783171910917	-50.1188652422731
			24.818476538241	-50.1188652422731
			24.8586358853903	-50.0787058951238
			24.8987952325395	-50.0787058951238
			24.9389545796888	-50.0385465479746
			24.979113926838	-50.0385465479746
			25.0192732739873	-49.9983872008253
			25.0594326211366	-49.9983872008253
			25.0995919682858	-49.9582278536761
			25.1397513154351	-49.9582278536761
			25.1799106625843	-49.9180685065268
			25.2200700097336	-49.9180685065268
			25.2602293568828	-49.8779091593776
			25.3003887040321	-49.8779091593776
			25.3405480511814	-49.8377498122283
			25.3807073983306	-49.8377498122283
			25.4208667454799	-49.797590465079
			25.4610260926291	-49.797590465079
			25.5011854397784	-49.7574311179298
			25.5413447869276	-49.7574311179298
			25.5413447869276	-49.7172717707805
			25.5815041340769	-49.7172717707805
			25.6216634812262	-49.7172717707805
			25.6618228283754	-49.6771124236313
			25.7019821755247	-49.6771124236313
			25.7421415226739	-49.636953076482
			25.7823008698232	-49.636953076482
			25.8224602169724	-49.5967937293328
			25.8626195641217	-49.5967937293328
			25.902778911271	-49.5566343821835
			25.9429382584202	-49.5566343821835
			25.9830976055695	-49.5164750350342
			26.0232569527187	-49.5164750350342
			26.063416299868	-49.476315687885
			26.1035756470172	-49.476315687885
			26.1437349941665	-49.4361563407357
			26.1838943413158	-49.4361563407357
			26.224053688465	-49.3959969935865
			26.2642130356143	-49.3959969935865
			26.3043723827635	-49.3558376464372
			26.3445317299128	-49.3558376464372
			26.384691077062	-49.315678299288
			26.4248504242113	-49.315678299288
			26.4650097713606	-49.2755189521387
			26.5051691185098	-49.2755189521387
			26.5453284656591	-49.2353596049894
			26.5854878128083	-49.2353596049894
			26.6256471599576	-49.1952002578402
			26.6658065071068	-49.1952002578402
			26.7059658542561	-49.1550409106909
			26.7461252014054	-49.1550409106909
			26.7862845485546	-49.1148815635417
			26.8264438957039	-49.1148815635417
			26.8666032428531	-49.0747222163924
			26.9067625900024	-49.0747222163924
			26.9469219371516	-49.0345628692432
			26.9870812843009	-49.0345628692432
			27.0272406314502	-48.9944035220939
			27.0673999785994	-48.9944035220939
			27.1075593257487	-48.9542441749446
			27.1477186728979	-48.9542441749446
			27.1878780200472	-48.9140848277954
			27.2280373671964	-48.9140848277954
			27.2681967143457	-48.8739254806461
			27.308356061495	-48.8739254806461
			27.3485154086442	-48.8739254806461
			27.3485154086442	-48.8337661334969
			27.3886747557935	-48.8337661334969
			27.4288341029427	-48.7936067863476
			27.468993450092	-48.7936067863476
			27.5091527972412	-48.7936067863476
			27.5493121443905	-48.7534474391984
			27.5894714915398	-48.7132880920491
			27.629630838689	-48.7132880920491
			27.6697901858383	-48.6731287448998
			27.7099495329875	-48.6731287448998
			27.7501088801368	-48.6329693977506
			27.790268227286	-48.6329693977506
			27.8304275744353	-48.6329693977506
			27.8705869215846	-48.5928100506013
			27.9107462687338	-48.5928100506013
			27.9509056158831	-48.5526507034521
			27.9910649630323	-48.5526507034521
			28.0312243101816	-48.5124913563028
			28.0713836573308	-48.5124913563028
			28.1115430044801	-48.4723320091536
			28.1517023516294	-48.4723320091536
			28.1517023516294	-48.4321726620043
			28.1918616987786	-48.4321726620043
			28.2320210459279	-48.392013314855
			28.2721803930771	-48.392013314855
			28.3123397402264	-48.392013314855
			28.3524990873756	-48.3518539677058
			28.3926584345249	-48.3518539677058
			28.4328177816742	-48.3116946205565
			28.4729771288234	-48.3116946205565
			28.5131364759727	-48.2715352734073
			28.5532958231219	-48.2715352734073
			28.5934551702712	-48.231375926258
			28.6336145174204	-48.231375926258
			28.6737738645697	-48.1912165791087
			28.713933211719	-48.1912165791087
			28.7540925588682	-48.1912165791087
			28.7942519060175	-48.1510572319595
			28.8344112531667	-48.1510572319595
			28.874570600316	-48.1108978848102
			28.9147299474653	-48.070738537661
			28.9548892946145	-48.070738537661
			28.9950486417638	-48.070738537661
			28.9950486417638	-48.0305791905117
			29.035207988913	-48.0305791905117
			29.0753673360623	-48.0305791905117
			29.0753673360623	-47.9904198433625
			29.1155266832115	-47.9904198433625
			29.1556860303608	-47.9904198433625
			29.1556860303608	-47.9502604962132
			29.1958453775101	-47.9502604962132
			29.2360047246593	-47.9502604962132
			29.2360047246593	-47.9101011490639
			29.2761640718086	-47.9101011490639
			29.3163234189578	-47.9101011490639
			29.3163234189578	-47.8699418019147
			29.3564827661071	-47.8699418019147
			29.3966421132563	-47.8699418019147
			29.3966421132563	-47.8297824547654
			29.4368014604056	-47.8297824547654
			29.4769608075549	-47.8297824547654
			29.5171201547041	-47.7896231076162
			29.5572795018534	-47.7896231076162
			29.5974388490026	-47.7494637604669
			29.6375981961519	-47.7494637604669
			29.6777575433011	-47.7093044133177
			29.7179168904504	-47.7093044133177
			29.7580762375997	-47.6691450661684
			29.7982355847489	-47.6691450661684
			29.8383949318982	-47.6289857190191
			29.8785542790474	-47.6289857190191
			29.9187136261967	-47.5888263718699
			29.9588729733459	-47.5888263718699
			29.9990323204952	-47.5888263718699
			30.0391916676445	-47.5486670247206
			30.0793510147937	-47.5486670247206
			30.119510361943	-47.5085076775714
			30.1596697090922	-47.5085076775714
			30.1998290562415	-47.4683483304221
			30.2399884033907	-47.4683483304221
			30.28014775054	-47.4281889832729
			30.3203070976893	-47.4281889832729
			30.3604664448385	-47.4281889832729
			30.3604664448385	-47.3880296361236
			30.4006257919878	-47.3880296361236
			30.440785139137	-47.3478702889743
			30.4809444862863	-47.3478702889743
			30.5211038334355	-47.3077109418251
			30.5612631805848	-47.3077109418251
			30.6014225277341	-47.2675515946758
			30.6415818748833	-47.2675515946758
			30.6817412220326	-47.2675515946758
			30.7219005691818	-47.2273922475266
			30.7620599163311	-47.2273922475266
			30.8022192634803	-47.1872329003773
			30.8423786106296	-47.1872329003773
			30.8825379577789	-47.1470735532281
			30.9226973049281	-47.1470735532281
			30.9628566520774	-47.1069142060788
			31.0030159992266	-47.1069142060788
			31.0431753463759	-47.1069142060788
			31.0431753463759	-47.0667548589295
			31.0833346935251	-47.0667548589295
			31.1234940406744	-47.0667548589295
			31.1234940406744	-47.0265955117803
			31.1636533878237	-47.0265955117803
			31.2038127349729	-47.0265955117803
			31.2038127349729	-46.986436164631
			31.2439720821222	-46.986436164631
			31.2841314292714	-46.986436164631
			31.2841314292714	-46.9462768174818
			31.3242907764207	-46.9462768174818
			31.3644501235699	-46.9462768174818
			31.3644501235699	-46.9061174703325
			31.4046094707192	-46.9061174703325
			31.4447688178685	-46.9061174703325
			31.4849281650177	-46.8659581231833
			31.525087512167	-46.8659581231833
			31.5652468593162	-46.825798776034
			31.6054062064655	-46.825798776034
			31.6455655536147	-46.825798776034
			31.685724900764	-46.7856394288847
			31.7258842479133	-46.7454800817355
			31.7660435950625	-46.7454800817355
			31.8062029422118	-46.7454800817355
			31.846362289361	-46.7053207345862
			31.8865216365103	-46.7053207345862
			31.9266809836595	-46.665161387437
			31.9668403308088	-46.665161387437
			32.0069996779581	-46.6250020402877
			32.0471590251073	-46.6250020402877
			32.0873183722566	-46.6250020402877
			32.1274777194058	-46.5848426931385
			32.1676370665551	-46.5848426931385
			32.1676370665551	-46.5446833459892
			32.2077964137044	-46.5446833459892
			32.2479557608536	-46.5045239988399
			32.2881151080029	-46.5045239988399
			32.3282744551521	-46.5045239988399
			32.3684338023014	-46.4643646516907
			32.4085931494506	-46.4643646516907
			32.4487524965999	-46.4242053045414
			32.4889118437492	-46.4242053045414
			32.5290711908984	-46.3840459573922
			32.5692305380477	-46.3840459573922
			32.6093898851969	-46.3840459573922
			32.6495492323462	-46.3438866102429
			32.6897085794954	-46.3438866102429
			32.7298679266447	-46.3037272630937
			32.7700272737939	-46.3037272630937
			32.8101866209432	-46.2635679159444
			32.8503459680925	-46.2635679159444
			32.8905053152417	-46.2234085687951
			32.930664662391	-46.2234085687951
			32.9708240095402	-46.1832492216459
			33.0109833566895	-46.1832492216459
			33.0511427038387	-46.1832492216459
			33.091302050988	-46.1430898744966
			33.1314613981373	-46.1430898744966
			33.1314613981373	-46.1029305273474
			33.1716207452865	-46.1029305273474
			33.2117800924358	-46.1029305273474
			33.251939439585	-46.0627711801981
			33.2920987867343	-46.0627711801981
			33.3322581338835	-46.0226118330489
			33.3724174810328	-46.0226118330489
			33.4125768281821	-46.0226118330489
			33.4527361753313	-45.9824524858996
			33.4928955224806	-45.9824524858996
			33.5330548696298	-45.9422931387503
			33.5732142167791	-45.9422931387503
			33.6133735639284	-45.9021337916011
			33.6535329110776	-45.9021337916011
			33.6936922582269	-45.9021337916011
			33.7338516053761	-45.8619744444518
			33.7740109525254	-45.8218150973026
			33.8141702996746	-45.8218150973026
			33.8543296468239	-45.8218150973026
			33.8944889939732	-45.7816557501533
			33.9346483411224	-45.7816557501533
			33.9748076882717	-45.7414964030041
			34.0149670354209	-45.7414964030041
			34.0551263825702	-45.7414964030041
			34.0952857297194	-45.7013370558548
			34.1354450768687	-45.7013370558548
			34.175604424018	-45.6611777087055
			34.2157637711672	-45.6611777087055
			34.2559231183165	-45.6210183615563
			34.2960824654657	-45.6210183615563
			34.336241812615	-45.580859014407
			34.3764011597642	-45.580859014407
			34.4165605069135	-45.580859014407
			34.4567198540628	-45.5406996672578
			34.496879201212	-45.5406996672578
			34.5370385483613	-45.5005403201085
			34.5771978955105	-45.5005403201085
			34.6173572426598	-45.5005403201085
			34.657516589809	-45.4603809729593
			34.6976759369583	-45.4603809729593
			34.7378352841076	-45.42022162581
			34.7779946312568	-45.3800622786607
			34.8181539784061	-45.3800622786607
			34.8583133255553	-45.3800622786607
			34.8984726727046	-45.3399029315115
			34.9386320198538	-45.3399029315115
			34.9787913670031	-45.3399029315115
			35.0189507141524	-45.2997435843622
			35.0591100613016	-45.2997435843622
			35.0992694084509	-45.259584237213
			35.1394287556001	-45.259584237213
			35.1795881027494	-45.2194248900637
			35.2197474498986	-45.2194248900637
			35.2599067970479	-45.2194248900637
			35.3000661441972	-45.1792655429145
			35.3402254913464	-45.1792655429145
			35.3803848384957	-45.1391061957652
			35.4205441856449	-45.1391061957652
			35.4607035327942	-45.0989468486159
			35.5008628799434	-45.0989468486159
			35.5410222270927	-45.0989468486159
			35.581181574242	-45.0587875014667
			35.6213409213912	-45.0587875014667
			35.6615002685405	-45.0186281543174
			35.7016596156897	-45.0186281543174
			35.741818962839	-45.0186281543174
			35.7819783099882	-44.9784688071682
			35.8221376571375	-44.9383094600189
			35.8622970042868	-44.9383094600189
			35.902456351436	-44.9383094600189
			35.9426156985853	-44.8981501128697
			35.9827750457345	-44.8981501128697
			36.0229343928838	-44.8579907657204
			36.063093740033	-44.8579907657204
			36.1032530871823	-44.8579907657204
			36.1434124343316	-44.8178314185711
			36.1835717814808	-44.8178314185711
			36.2237311286301	-44.7776720714219
			36.2638904757793	-44.7776720714219
			36.3040498229286	-44.7776720714219
			36.3442091700778	-44.7375127242726
			36.3843685172271	-44.7375127242726
			36.4245278643764	-44.6973533771234
			36.4646872115256	-44.6973533771234
			36.5048465586749	-44.6973533771234
			36.5450059058241	-44.6571940299741
			36.5851652529734	-44.6571940299741
			36.6253246001227	-44.6170346828249
			36.6654839472719	-44.6170346828249
			36.7056432944212	-44.6170346828249
			36.7458026415704	-44.5768753356756
			36.7859619887197	-44.5768753356756
			36.8261213358689	-44.5367159885263
			36.8662806830182	-44.5367159885263
			36.9064400301675	-44.5367159885263
			36.9465993773167	-44.4965566413771
			36.986758724466	-44.4563972942278
			37.0269180716152	-44.4563972942278
			37.0670774187645	-44.4563972942278
			37.1072367659137	-44.4162379470786
			37.147396113063	-44.4162379470786
			37.1875554602123	-44.4162379470786
			37.2277148073615	-44.3760785999293
			37.2678741545108	-44.3760785999293
			37.30803350166	-44.3359192527801
			37.3481928488093	-44.3359192527801
			37.3883521959585	-44.3359192527801
			37.4285115431078	-44.2957599056308
			37.4686708902571	-44.2957599056308
			37.5088302374063	-44.2556005584815
			37.5489895845556	-44.2556005584815
			37.5891489317048	-44.2556005584815
			37.6293082788541	-44.2154412113323
			37.6694676260033	-44.2154412113323
			37.7096269731526	-44.175281864183
			37.7497863203019	-44.175281864183
			37.7899456674511	-44.175281864183
			37.8301050146004	-44.1351225170338
			37.8702643617496	-44.1351225170338
			37.9104237088989	-44.1351225170338
			37.9505830560481	-44.0949631698845
			37.9907424031974	-44.0949631698845
			38.0309017503467	-44.0548038227353
			38.0710610974959	-44.0548038227353
			38.1112204446452	-44.0548038227353
			38.1112204446452	-44.014644475586
			38.1513797917944	-44.014644475586
			38.1915391389437	-44.014644475586
			38.2316984860929	-43.9744851284367
			38.2718578332422	-43.9744851284367
			38.3120171803915	-43.9343257812875
			38.3521765275407	-43.9343257812875
			38.39233587469	-43.9343257812875
			38.4324952218392	-43.8941664341382
			38.4726545689885	-43.8941664341382
			38.5128139161377	-43.854007086989
			38.552973263287	-43.854007086989
			38.5931326104363	-43.854007086989
			38.6332919575855	-43.8138477398397
			38.6734513047348	-43.8138477398397
			38.713610651884	-43.8138477398397
			38.7537699990333	-43.7736883926904
			38.7939293461825	-43.7736883926904
			38.7939293461825	-43.7335290455412
			38.8340886933318	-43.7335290455412
			38.8742480404811	-43.7335290455412
			38.9144073876303	-43.6933696983919
			38.9545667347796	-43.6933696983919
			38.9947260819288	-43.6933696983919
			39.0348854290781	-43.6532103512427
			39.0750447762273	-43.6532103512427
			39.1152041233766	-43.6130510040934
			39.1553634705259	-43.6130510040934
			39.1955228176751	-43.5728916569442
			39.2356821648244	-43.5728916569442
			39.2758415119736	-43.5327323097949
			39.3160008591229	-43.5327323097949
			39.3561602062721	-43.5327323097949
			39.3963195534214	-43.4925729626456
			39.4364789005707	-43.4925729626456
			39.4766382477199	-43.4524136154964
			39.5167975948692	-43.4524136154964
			39.5569569420184	-43.4524136154964
			39.5971162891677	-43.4122542683471
			39.637275636317	-43.4122542683471
			39.6774349834662	-43.3720949211979
			39.7175943306155	-43.3720949211979
			39.7577536777647	-43.3319355740486
			39.797913024914	-43.3319355740486
			39.8380723720632	-43.3319355740486
			39.8782317192125	-43.2917762268994
			39.9183910663617	-43.2917762268994
			39.958550413511	-43.2516168797501
			39.9987097606603	-43.2516168797501
			40.0388691078095	-43.2114575326008
			40.0790284549588	-43.2114575326008
			40.119187802108	-43.2114575326008
			40.1593471492573	-43.1712981854516
			40.1995064964065	-43.1712981854516
			40.2396658435558	-43.1311388383023
			40.2798251907051	-43.1311388383023
			40.3199845378543	-43.0909794911531
			40.3601438850036	-43.0909794911531
			40.4003032321528	-43.0909794911531
			40.4404625793021	-43.0508201440038
			40.4806219264513	-43.0508201440038
			40.5207812736006	-43.0106607968546
			40.5609406207499	-43.0106607968546
			40.6010999678991	-43.0106607968546
			40.6412593150484	-42.9705014497053
			40.6814186621976	-42.9705014497053
			40.7215780093469	-42.930342102556
			40.7617373564961	-42.930342102556
			40.8018967036454	-42.8901827554068
			40.8420560507947	-42.8901827554068
			40.8822153979439	-42.8901827554068
			40.9223747450932	-42.8500234082575
			40.9625340922424	-42.8500234082575
			41.0026934393917	-42.8500234082575
			41.0026934393917	-42.8098640611083
			41.042852786541	-42.8098640611083
			41.0830121336902	-42.8098640611083
			41.1231714808395	-42.769704713959
			41.1633308279887	-42.769704713959
			41.203490175138	-42.7295453668098
			41.2436495222872	-42.7295453668098
			41.2838088694365	-42.6893860196605
			41.3239682165858	-42.6893860196605
			41.364127563735	-42.6893860196605
			41.4042869108843	-42.6492266725112
			41.4444462580335	-42.6492266725112
			41.4846056051828	-42.609067325362
			41.524764952332	-42.609067325362
			41.5649242994813	-42.5689079782127
			41.6050836466306	-42.5689079782127
			41.6452429937798	-42.5689079782127
			41.6854023409291	-42.5287486310635
			41.7255616880783	-42.5287486310635
			41.7657210352276	-42.4885892839142
			41.8058803823768	-42.4885892839142
			41.8460397295261	-42.4885892839142
			41.8861990766754	-42.448429936765
			41.9263584238246	-42.448429936765
			41.9665177709739	-42.4082705896157
			42.0066771181231	-42.4082705896157
			42.0468364652724	-42.3681112424664
			42.0869958124216	-42.3681112424664
			42.1271551595709	-42.3681112424664
			42.1673145067202	-42.3279518953172
			42.2074738538694	-42.3279518953172
			42.2476332010187	-42.2877925481679
			42.2877925481679	-42.2877925481679
			42.3279518953172	-42.2877925481679
			42.3681112424664	-42.2476332010187
			42.4082705896157	-42.2476332010187
			42.448429936765	-42.2074738538694
			42.4885892839142	-42.2074738538694
			42.5287486310635	-42.2074738538694
			42.5689079782127	-42.1673145067202
			42.609067325362	-42.1673145067202
			42.6492266725112	-42.1271551595709
			42.6893860196605	-42.1271551595709
			42.7295453668098	-42.1271551595709
			42.769704713959	-42.0869958124216
			42.8098640611083	-42.0869958124216
			42.8500234082575	-42.0468364652724
			42.8901827554068	-42.0468364652724
			42.930342102556	-42.0468364652724
			42.9705014497053	-42.0066771181231
			43.0106607968546	-42.0066771181231
			43.0508201440038	-41.9665177709739
			43.0909794911531	-41.9665177709739
			43.1311388383023	-41.9665177709739
			43.1712981854516	-41.9263584238246
			43.2114575326008	-41.9263584238246
			43.2516168797501	-41.8861990766754
			43.2917762268994	-41.8861990766754
			43.3319355740486	-41.8460397295261
			43.3720949211979	-41.8460397295261
			43.4122542683471	-41.8460397295261
			43.4524136154964	-41.8058803823768
			43.4925729626456	-41.8058803823768
			43.5327323097949	-41.7657210352276
			43.5728916569442	-41.7657210352276
			43.6130510040934	-41.7657210352276
			43.6130510040934	-41.7255616880783
			43.6532103512427	-41.7255616880783
			43.6933696983919	-41.7255616880783
			43.7335290455412	-41.6854023409291
			43.7736883926904	-41.6854023409291
			43.8138477398397	-41.6452429937798
			43.854007086989	-41.6452429937798
			43.8941664341382	-41.6452429937798
			43.9343257812875	-41.6050836466306
			43.9744851284367	-41.6050836466306
			44.014644475586	-41.5649242994813
			44.0548038227353	-41.5649242994813
			44.0949631698845	-41.5649242994813
			44.1351225170338	-41.524764952332
			44.175281864183	-41.524764952332
			44.2154412113323	-41.524764952332
			44.2556005584815	-41.4846056051828
			44.2957599056308	-41.4846056051828
			44.2957599056308	-41.4444462580335
			44.3359192527801	-41.4444462580335
			44.3760785999293	-41.4444462580335
			44.4162379470786	-41.4042869108843
			44.4563972942278	-41.4042869108843
			44.4965566413771	-41.4042869108843
			44.5367159885263	-41.364127563735
			44.5768753356756	-41.364127563735
			44.6170346828249	-41.3239682165858
			44.6571940299741	-41.3239682165858
			44.6973533771234	-41.3239682165858
			44.7375127242726	-41.2838088694365
			44.7776720714219	-41.2838088694365
			44.8178314185711	-41.2436495222872
			44.8579907657204	-41.2436495222872
			44.8981501128697	-41.2436495222872
			44.8981501128697	-41.203490175138
			44.9383094600189	-41.203490175138
			44.9784688071682	-41.203490175138
			45.0186281543174	-41.1633308279887
			45.0587875014667	-41.1633308279887
			45.0989468486159	-41.1633308279887
			45.1391061957652	-41.1231714808395
			45.1792655429145	-41.1231714808395
			45.2194248900637	-41.0830121336902
			45.259584237213	-41.0830121336902
			45.2997435843622	-41.0830121336902
			45.3399029315115	-41.042852786541
			45.3800622786607	-41.042852786541
			45.42022162581	-41.0026934393917
			45.4603809729593	-41.0026934393917
			45.5005403201085	-40.9625340922424
			45.5406996672578	-40.9625340922424
			45.580859014407	-40.9625340922424
			45.6210183615563	-40.9223747450932
			45.6611777087055	-40.9223747450932
			45.7013370558548	-40.8822153979439
			45.7414964030041	-40.8822153979439
			45.7816557501533	-40.8822153979439
			45.8218150973026	-40.8420560507947
			45.8619744444518	-40.8420560507947
			45.9021337916011	-40.8018967036454
			45.9422931387503	-40.8018967036454
			45.9824524858996	-40.8018967036454
			46.0226118330489	-40.7617373564961
			46.0627711801981	-40.7617373564961
			46.1029305273474	-40.7617373564961
			46.1430898744966	-40.7215780093469
			46.1832492216459	-40.7215780093469
			46.2234085687951	-40.6814186621976
			46.2635679159444	-40.6814186621976
			46.3037272630937	-40.6412593150484
			46.3438866102429	-40.6412593150484
			46.3840459573922	-40.6412593150484
			46.4242053045414	-40.6010999678991
			46.4643646516907	-40.6010999678991
			46.5045239988399	-40.5609406207499
			46.5446833459892	-40.5609406207499
			46.5848426931385	-40.5609406207499
			46.6250020402877	-40.5609406207499
			46.6250020402877	-40.5207812736006
			46.665161387437	-40.5207812736006
			46.7053207345862	-40.5207812736006
			46.7454800817355	-40.4806219264513
			46.7856394288847	-40.4806219264513
			46.825798776034	-40.4404625793021
			46.8659581231833	-40.4404625793021
			46.9061174703325	-40.4404625793021
			46.9462768174818	-40.4003032321528
			46.986436164631	-40.4003032321528
			47.0265955117803	-40.3601438850036
			47.0667548589295	-40.3601438850036
			47.1069142060788	-40.3601438850036
			47.1470735532281	-40.3199845378543
			47.1872329003773	-40.3199845378543
			47.2273922475266	-40.2798251907051
			47.2675515946758	-40.2798251907051
			47.3077109418251	-40.2798251907051
			47.3478702889743	-40.2396658435558
			47.3880296361236	-40.2396658435558
			47.4281889832729	-40.1995064964065
			47.4683483304221	-40.1995064964065
			47.5085076775714	-40.1995064964065
			47.5486670247206	-40.1995064964065
			47.5486670247206	-40.1593471492573
			47.5888263718699	-40.1593471492573
			47.6289857190191	-40.1593471492573
			47.6691450661684	-40.119187802108
			47.7093044133177	-40.119187802108
			47.7494637604669	-40.0790284549588
			47.7896231076162	-40.0790284549588
			47.8297824547654	-40.0790284549588
			47.8699418019147	-40.0388691078095
			47.9101011490639	-40.0388691078095
			47.9502604962132	-40.0388691078095
			47.9904198433625	-39.9987097606603
			48.0305791905117	-39.9987097606603
			48.070738537661	-39.958550413511
			48.1108978848102	-39.958550413511
			48.1510572319595	-39.958550413511
			48.1912165791087	-39.9183910663617
			48.231375926258	-39.9183910663617
			48.2715352734073	-39.8782317192125
			48.3116946205565	-39.8782317192125
			48.3518539677058	-39.8782317192125
			48.392013314855	-39.8380723720632
			48.4321726620043	-39.8380723720632
			48.4723320091536	-39.8380723720632
			48.5124913563028	-39.797913024914
			48.5526507034521	-39.797913024914
			48.5928100506013	-39.7577536777647
			48.6329693977506	-39.7577536777647
			48.6731287448998	-39.7577536777647
			48.7132880920491	-39.7175943306155
			48.7534474391984	-39.7175943306155
			48.7936067863476	-39.7175943306155
			48.8337661334969	-39.6774349834662
			48.8739254806461	-39.6774349834662
			48.9140848277954	-39.6774349834662
			48.9542441749446	-39.637275636317
			48.9944035220939	-39.637275636317
			49.0345628692432	-39.5971162891677
			49.0747222163924	-39.5971162891677
			49.1148815635417	-39.5971162891677
			49.1550409106909	-39.5569569420184
			49.1952002578402	-39.5569569420184
			49.2353596049894	-39.5167975948692
			49.2755189521387	-39.5167975948692
			49.315678299288	-39.5167975948692
			49.3558376464372	-39.5167975948692
			49.3959969935865	-39.4766382477199
			49.4361563407357	-39.4766382477199
			49.476315687885	-39.4364789005707
			49.5164750350342	-39.4364789005707
			49.5566343821835	-39.4364789005707
			49.5967937293328	-39.3963195534214
			49.636953076482	-39.3963195534214
			49.6771124236313	-39.3561602062721
			49.7172717707805	-39.3561602062721
			49.7574311179298	-39.3561602062721
			49.797590465079	-39.3561602062721
			49.797590465079	-39.3160008591229
			49.8377498122283	-39.3160008591229
			49.8779091593776	-39.3160008591229
			49.9180685065268	-39.2758415119736
			49.9582278536761	-39.2758415119736
			49.9983872008253	-39.2356821648244
			50.0385465479746	-39.2356821648244
			50.0787058951238	-39.2356821648244
			50.1188652422731	-39.2356821648244
			50.1188652422731	-39.1955228176751
			50.1590245894224	-39.1955228176751
			50.1991839365716	-39.1955228176751
			50.2393432837209	-39.1553634705259
			50.2795026308701	-39.1553634705259
			50.3196619780194	-39.1553634705259
			50.3598213251686	-39.1152041233766
			50.3999806723179	-39.1152041233766
			50.4401400194672	-39.1152041233766
			50.4802993666164	-39.0750447762273
			50.5204587137657	-39.0750447762273
			50.5606180609149	-39.0750447762273
			50.6007774080642	-39.0348854290781
			50.6409367552134	-39.0348854290781
			50.6810961023627	-39.0348854290781
			50.721255449512	-38.9947260819288
			50.7614147966612	-38.9947260819288
			50.8015741438105	-38.9947260819288
			50.8417334909597	-38.9545667347796
			50.881892838109	-38.9545667347796
			50.9220521852582	-38.9545667347796
			50.9622115324075	-38.9144073876303
			51.0023708795568	-38.9144073876303
			51.042530226706	-38.9144073876303
			51.0826895738553	-38.8742480404811
			51.1228489210045	-38.8742480404811
			51.1630082681538	-38.8742480404811
			51.1630082681538	-38.8340886933318
			51.203167615303	-38.8340886933318
			51.2433269624523	-38.8340886933318
			51.2834863096016	-38.8340886933318
			51.3236456567508	-38.7939293461825
			51.3638050039001	-38.7939293461825
			51.4039643510493	-38.7939293461825
			51.4441236981986	-38.7537699990333
			51.4842830453479	-38.7537699990333
			51.5244423924971	-38.7537699990333
			51.5646017396464	-38.713610651884
			51.6047610867956	-38.713610651884
			51.6449204339449	-38.713610651884
			51.6850797810941	-38.6734513047348
			51.7252391282434	-38.6734513047348
			51.7653984753927	-38.6734513047348
			51.8055578225419	-38.6332919575855
			51.8457171696912	-38.6332919575855
			51.8858765168404	-38.6332919575855
			51.9260358639897	-38.5931326104363
			51.9661952111389	-38.5931326104363
			52.0063545582882	-38.5931326104363
			52.0465139054375	-38.5931326104363
			52.0866732525867	-38.552973263287
			52.126832599736	-38.552973263287
			52.1669919468852	-38.552973263287
			52.2071512940345	-38.552973263287
			52.2473106411837	-38.5128139161377
			52.287469988333	-38.5128139161377
			52.3276293354822	-38.4726545689885
			52.3677886826315	-38.4726545689885
			52.4079480297808	-38.4726545689885
			52.44810737693	-38.4726545689885
			52.4882667240793	-38.4324952218392
			52.5284260712285	-38.4324952218392
			52.5685854183778	-38.4324952218392
			52.608744765527	-38.4324952218392
			52.6489041126763	-38.4324952218392
			52.6489041126763	-38.39233587469
			52.6890634598256	-38.39233587469
			52.7292228069748	-38.39233587469
			52.7693821541241	-38.39233587469
			52.7693821541241	-38.3521765275407
			52.8095415012733	-38.3521765275407
			52.8497008484226	-38.3521765275407
			52.8898601955719	-38.3521765275407
			52.9300195427211	-38.3120171803915
			52.9701788898704	-38.3120171803915
			53.0103382370196	-38.3120171803915
			53.0504975841689	-38.3120171803915
			53.0906569313181	-38.2718578332422
			53.1308162784674	-38.2718578332422
			53.1709756256167	-38.2718578332422
			53.2111349727659	-38.2718578332422
			53.2111349727659	-38.2316984860929
			53.2512943199152	-38.2316984860929
			53.2914536670644	-38.2316984860929
			53.3316130142137	-38.2316984860929
			53.3717723613629	-38.2316984860929
			53.4119317085122	-38.1915391389437
			53.4520910556615	-38.1915391389437
			53.4922504028107	-38.1915391389437
			53.53240974996	-38.1915391389437
			53.53240974996	-38.1513797917944
			53.5725690971092	-38.1513797917944
			53.6127284442585	-38.1513797917944
			53.6528877914077	-38.1513797917944
			53.693047138557	-38.1112204446452
			53.7332064857063	-38.1112204446452
			53.7733658328555	-38.1112204446452
			53.8135251800048	-38.1112204446452
			53.853684527154	-38.0710610974959
			53.8938438743033	-38.0710610974959
			53.9340032214525	-38.0710610974959
			53.9741625686018	-38.0710610974959
			54.0143219157511	-38.0309017503467
			54.0544812629003	-38.0309017503467
			54.0946406100496	-38.0309017503467
			54.1347999571988	-38.0309017503467
			54.1749593043481	-37.9907424031974
			54.2151186514973	-37.9907424031974
			54.2552779986466	-37.9907424031974
			54.2954373457959	-37.9907424031974
			54.3355966929451	-37.9907424031974
			54.3355966929451	-37.9505830560481
			54.3757560400944	-37.9505830560481
			54.4159153872436	-37.9505830560481
			54.4560747343929	-37.9505830560481
			54.4962340815421	-37.9505830560481
			54.5363934286914	-37.9104237088989
			54.5765527758407	-37.9104237088989
			54.6167121229899	-37.9104237088989
			54.6568714701392	-37.9104237088989
			54.6970308172884	-37.9104237088989
			54.7371901644377	-37.8702643617496
			54.7773495115869	-37.8702643617496
			54.8175088587362	-37.8702643617496
			54.8576682058855	-37.8702643617496
			54.8978275530347	-37.8301050146004
			54.937986900184	-37.8301050146004
			54.9781462473332	-37.8301050146004
			55.0183055944825	-37.8301050146004
			55.0584649416317	-37.8301050146004
			55.098624288781	-37.7899456674511
			55.1387836359303	-37.7899456674511
			55.1789429830795	-37.7899456674511
			55.2191023302288	-37.7899456674511
			55.259261677378	-37.7497863203019
			55.2994210245273	-37.7497863203019
			55.3395803716765	-37.7497863203019
			55.3797397188258	-37.7497863203019
			55.4198990659751	-37.7497863203019
			55.4600584131243	-37.7497863203019
			55.5002177602736	-37.7096269731526
			55.5403771074228	-37.7096269731526
			55.5805364545721	-37.7096269731526
			55.6206958017213	-37.7096269731526
			55.6608551488706	-37.7096269731526
			55.7010144960199	-37.6694676260033
			55.7411738431691	-37.6694676260033
			55.7813331903184	-37.6694676260033
			55.8214925374676	-37.6694676260033
			55.8616518846169	-37.6694676260033
			55.9018112317662	-37.6694676260033
			55.9419705789154	-37.6293082788541
			55.9821299260647	-37.6293082788541
			56.0222892732139	-37.6293082788541
			56.0624486203632	-37.6293082788541
			56.1026079675124	-37.6293082788541
			56.1427673146617	-37.5891489317048
			56.182926661811	-37.5891489317048
			56.2230860089602	-37.5891489317048
			56.2632453561095	-37.5891489317048
			56.3034047032587	-37.5891489317048
			56.343564050408	-37.5891489317048
			56.3837233975572	-37.5891489317048
			56.3837233975572	-37.5489895845556
			56.4238827447065	-37.5489895845556
			56.4640420918558	-37.5489895845556
			56.504201439005	-37.5489895845556
			56.5443607861543	-37.5489895845556
			56.5845201333035	-37.5489895845556
			56.6246794804528	-37.5489895845556
			56.664838827602	-37.5088302374063
			56.7049981747513	-37.5088302374063
			56.7451575219006	-37.5088302374063
			56.7853168690498	-37.5088302374063
			56.8254762161991	-37.5088302374063
			56.8656355633483	-37.5088302374063
			56.9057949104976	-37.5088302374063
			56.9459542576468	-37.4686708902571
			56.9861136047961	-37.4686708902571
			57.0262729519454	-37.4686708902571
			57.0664322990946	-37.4686708902571
			57.1065916462439	-37.4686708902571
			57.1467509933931	-37.4686708902571
			57.1869103405424	-37.4686708902571
			57.2270696876916	-37.4686708902571
			57.2672290348409	-37.4686708902571
			57.2672290348409	-37.4285115431078
			57.3073883819902	-37.4285115431078
			57.3475477291394	-37.4285115431078
			57.3877070762887	-37.4285115431078
			57.4278664234379	-37.4285115431078
			57.4680257705872	-37.4285115431078
			57.5081851177364	-37.4285115431078
			57.5483444648857	-37.4285115431078
			57.588503812035	-37.4285115431078
			57.6286631591842	-37.4285115431078
			57.6688225063335	-37.3883521959585
			57.7089818534827	-37.3883521959585
			57.749141200632	-37.3883521959585
			57.7893005477812	-37.3883521959585
			57.8294598949305	-37.3883521959585
			57.8696192420798	-37.3883521959585
			57.909778589229	-37.3883521959585
			57.9499379363783	-37.3883521959585
			57.9900972835275	-37.3883521959585
			58.0302566306768	-37.3883521959585
			58.070415977826	-37.3883521959585
			58.1105753249753	-37.3883521959585
			58.1507346721246	-37.3883521959585
			58.1908940192738	-37.3883521959585
			58.2310533664231	-37.3883521959585
			58.2712127135723	-37.3883521959585
			58.3113720607216	-37.3883521959585
			58.3515314078708	-37.3481928488093
			58.3916907550201	-37.3481928488093
			58.4318501021694	-37.3481928488093
			58.4720094493186	-37.3481928488093
			58.5121687964679	-37.3481928488093
			58.5523281436171	-37.3481928488093
			58.5924874907664	-37.3481928488093
			58.6326468379156	-37.3481928488093
			58.6728061850649	-37.3481928488093
			58.7129655322142	-37.3481928488093
			58.7531248793634	-37.3481928488093
			58.7932842265127	-37.3481928488093
			58.8334435736619	-37.3481928488093
			58.8736029208112	-37.3481928488093
			58.9137622679605	-37.3481928488093
			58.9539216151097	-37.3481928488093
			58.994080962259	-37.3481928488093
			59.0342403094082	-37.3481928488093
			59.0743996565575	-37.3883521959585
			59.1145590037067	-37.3883521959585
			59.154718350856	-37.3883521959585
			59.1948776980053	-37.3883521959585
			59.2350370451545	-37.3883521959585
			59.2751963923038	-37.3883521959585
			59.315355739453	-37.3883521959585
			59.3555150866023	-37.3883521959585
			59.3956744337515	-37.3883521959585
			59.4358337809008	-37.3883521959585
			59.47599312805	-37.3883521959585
			59.5161524751993	-37.3883521959585
			59.5563118223486	-37.3883521959585
			59.5964711694978	-37.4285115431078
			59.6366305166471	-37.4285115431078
			59.6767898637963	-37.4285115431078
			59.7169492109456	-37.4285115431078
			59.7571085580948	-37.4285115431078
			59.7972679052441	-37.4285115431078
			59.8374272523934	-37.4285115431078
			59.8775865995426	-37.4285115431078
			59.9177459466919	-37.4686708902571
			59.9579052938411	-37.4686708902571
			59.9980646409904	-37.4686708902571
			60.0382239881396	-37.4686708902571
			60.0783833352889	-37.4686708902571
			60.1185426824382	-37.5088302374063
			60.1587020295874	-37.5088302374063
			60.1988613767367	-37.5088302374063
			60.2390207238859	-37.5088302374063
			60.2791800710352	-37.5088302374063
			60.3193394181845	-37.5489895845556
			60.3594987653337	-37.5489895845556
			60.399658112483	-37.5489895845556
			60.4398174596322	-37.5891489317048
			60.4799768067815	-37.5891489317048
			60.5201361539307	-37.5891489317048
			60.56029550108	-37.5891489317048
			60.56029550108	-37.6293082788541
			60.6004548482293	-37.6293082788541
			60.6406141953785	-37.6293082788541
			60.6807735425278	-37.6293082788541
			60.720932889677	-37.6694676260033
			60.7610922368263	-37.6694676260033
			60.8012515839755	-37.6694676260033
			60.8414109311248	-37.7096269731526
			60.8815702782741	-37.7096269731526
			60.9217296254233	-37.7497863203019
			60.9618889725726	-37.7497863203019
			61.0020483197218	-37.7899456674511
			61.0422076668711	-37.7899456674511
			61.0823670140203	-37.8301050146004
			61.1225263611696	-37.8301050146004
			61.1626857083189	-37.8702643617496
			61.2028450554681	-37.8702643617496
			61.2430044026174	-37.9104237088989
			61.2831637497666	-37.9505830560481
			61.3233230969159	-37.9505830560481
			61.3634824440651	-37.9907424031974
			61.4036417912144	-38.0309017503467
			61.4438011383637	-38.0710610974959
			61.4839604855129	-38.0710610974959
			61.5241198326622	-38.1112204446452
			61.5642791798114	-38.1513797917944
			61.6044385269607	-38.1915391389437
			61.6445978741099	-38.2316984860929
			61.6847572212592	-38.2316984860929
			61.6847572212592	-38.2718578332422
			61.7249165684085	-38.3120171803915
			61.7650759155577	-38.3521765275407
			61.805235262707	-38.39233587469
			61.8453946098562	-38.39233587469
			61.8855539570055	-38.39233587469
			61.9257133041547	-38.4324952218392
			61.965872651304	-38.4726545689885
			62.0060319984533	-38.4726545689885
			62.0461913456025	-38.5128139161377
			62.0863506927518	-38.5128139161377
			62.126510039901	-38.552973263287
			62.1666693870503	-38.552973263287
			62.2068287341995	-38.5931326104363
			62.2469880813488	-38.5931326104363
			62.2871474284981	-38.5931326104363
			62.2871474284981	-38.6332919575855
			62.3273067756473	-38.6332919575855
			62.3674661227966	-38.6734513047348
			62.4076254699458	-38.6734513047348
			62.4477848170951	-38.713610651884
			62.4879441642443	-38.713610651884
			62.5281035113936	-38.7537699990333
			62.5682628585429	-38.7939293461825
			62.6084222056921	-38.7939293461825
			62.6485815528414	-38.8340886933318
			62.6887408999906	-38.8340886933318
			62.7289002471399	-38.8742480404811
			62.7690595942891	-38.8742480404811
			62.8092189414384	-38.9144073876303
			62.8493782885877	-38.9144073876303
			62.8895376357369	-38.9545667347796
			62.9296969828862	-38.9545667347796
			62.9698563300354	-38.9947260819288
			63.0100156771847	-38.9947260819288
			63.0501750243339	-39.0348854290781
			63.0903343714832	-39.0348854290781
			63.1304937186325	-39.0750447762273
			63.1706530657817	-39.0750447762273
			63.210812412931	-39.1152041233766
			63.2509717600802	-39.1152041233766
			63.2911311072295	-39.1553634705259
			63.3312904543788	-39.1553634705259
			63.371449801528	-39.1955228176751
			63.4116091486773	-39.1955228176751
			63.4517684958265	-39.2356821648244
			63.4919278429758	-39.2356821648244
			63.532087190125	-39.2758415119736
			63.5722465372743	-39.3160008591229
			63.6124058844236	-39.3160008591229
			63.6525652315728	-39.3561602062721
			63.6927245787221	-39.3561602062721
			63.7328839258713	-39.3963195534214
			63.7730432730206	-39.3963195534214
			63.8132026201698	-39.4364789005707
			63.8533619673191	-39.4364789005707
			63.8935213144684	-39.4766382477199
			63.9336806616176	-39.4766382477199
			63.9738400087669	-39.5167975948692
			64.0139993559161	-39.5167975948692
			64.0541587030654	-39.5569569420184
			64.0943180502146	-39.5569569420184
			64.1344773973639	-39.5971162891677
			64.1746367445132	-39.5971162891677
			64.2147960916624	-39.637275636317
			64.2549554388117	-39.637275636317
			64.2549554388117	-39.6774349834662
			64.2951147859609	-39.6774349834662
			64.3352741331102	-39.6774349834662
			64.3754334802594	-39.7175943306155
			64.4155928274087	-39.7175943306155
			64.455752174558	-39.7577536777647
			64.4959115217072	-39.7577536777647
			64.5360708688565	-39.797913024914
			64.5762302160057	-39.797913024914
			64.5762302160057	-39.8380723720632
			64.616389563155	-39.8380723720632
			64.6565489103042	-39.8782317192125
			64.6967082574535	-39.8782317192125
			64.7368676046028	-39.9183910663617
			64.777026951752	-39.9183910663617
			64.8171862989013	-39.9183910663617
			64.8573456460505	-39.958550413511
			64.8975049931998	-39.9987097606603
			64.937664340349	-39.9987097606603
			64.9778236874983	-40.0388691078095
			65.0179830346476	-40.0790284549588
			65.0581423817968	-40.0790284549588
			65.0983017289461	-40.119187802108
			65.1384610760953	-40.119187802108
			65.1786204232446	-40.119187802108
			65.1786204232446	-40.1593471492573
			65.2187797703938	-40.1593471492573
			65.2589391175431	-40.1593471492573
			65.2589391175431	-40.1995064964065
			65.2990984646924	-40.1995064964065
			65.3392578118416	-40.2396658435558
			65.3794171589909	-40.2396658435558
			65.4195765061401	-40.2798251907051
			65.4597358532894	-40.2798251907051
			65.4998952004386	-40.2798251907051
			65.4998952004386	-40.3199845378543
			65.5400545475879	-40.3199845378543
			65.5802138947372	-40.3601438850036
			65.6203732418864	-40.3601438850036
			65.6605325890357	-40.4003032321528
			65.7006919361849	-40.4404625793021
			65.7408512833342	-40.4404625793021
			65.7810106304835	-40.4404625793021
			65.8211699776327	-40.4806219264513
			65.861329324782	-40.4806219264513
			65.9014886719312	-40.5207812736006
			65.9416480190805	-40.5207812736006
			65.9818073662297	-40.5609406207499
			66.021966713379	-40.5609406207499
			66.021966713379	-40.6010999678991
			66.0621260605282	-40.6010999678991
			66.1022854076775	-40.6412593150484
			66.1424447548268	-40.6412593150484
			66.182604101976	-40.6814186621976
			66.2227634491253	-40.6814186621976
			66.2629227962745	-40.6814186621976
			66.2629227962745	-40.7215780093469
			66.3030821434238	-40.7215780093469
			66.343241490573	-40.7617373564961
			66.3834008377223	-40.7617373564961
			66.4235601848716	-40.8018967036454
			66.4637195320208	-40.8018967036454
			66.5038788791701	-40.8420560507947
			66.5440382263193	-40.8420560507947
			66.5440382263193	-40.8822153979439
			66.5841975734686	-40.8822153979439
			66.6243569206178	-40.9223747450932
			66.6645162677671	-40.9223747450932
			66.7046756149164	-40.9223747450932
			66.7448349620656	-40.9625340922424
			66.7849943092149	-40.9625340922424
			66.7849943092149	-41.0026934393917
			66.8251536563641	-41.0026934393917
			66.8653130035134	-41.042852786541
			66.9054723506626	-41.042852786541
			66.9456316978119	-41.0830121336902
			66.9857910449612	-41.0830121336902
			67.0259503921104	-41.1231714808395
			67.0661097392597	-41.1231714808395
			67.1062690864089	-41.1633308279887
			67.1464284335582	-41.203490175138
			67.1865877807075	-41.203490175138
			67.2267471278567	-41.2436495222872
			67.266906475006	-41.2436495222872
			67.3070658221552	-41.2838088694365
			67.3472251693045	-41.2838088694365
			67.3873845164537	-41.3239682165858
			67.427543863603	-41.3239682165858
			67.4677032107522	-41.364127563735
			67.5078625579015	-41.364127563735
			67.5480219050508	-41.4042869108843
			67.5881812522	-41.4444462580335
			67.6283405993493	-41.4444462580335
			67.6684999464985	-41.4846056051828
			67.7086592936478	-41.4846056051828
			67.7488186407971	-41.524764952332
			67.7889779879463	-41.524764952332
			67.8291373350956	-41.5649242994813
			67.8692966822448	-41.5649242994813
			67.9094560293941	-41.6050836466306
			67.9496153765433	-41.6050836466306
			67.9897747236926	-41.6452429937798
			68.0299340708418	-41.6452429937798
			68.0700934179911	-41.6854023409291
			68.1102527651404	-41.6854023409291
			68.1504121122896	-41.7255616880783
			68.1905714594389	-41.7657210352276
			68.2307308065881	-41.7657210352276
			68.2708901537374	-41.8058803823768
			68.3110495008867	-41.8058803823768
			68.3512088480359	-41.8460397295261
			68.3913681951852	-41.8460397295261
			68.4315275423344	-41.8861990766754
			68.4716868894837	-41.8861990766754
			68.5118462366329	-41.9263584238246
			68.5520055837822	-41.9263584238246
			68.5921649309315	-41.9665177709739
			68.6323242780807	-41.9665177709739
			68.67248362523	-42.0066771181231
			68.7126429723792	-42.0066771181231
			68.7528023195285	-42.0468364652724
			68.7929616666777	-42.0468364652724
			68.833121013827	-42.0869958124216
			68.8732803609763	-42.1271551595709
			68.9134397081255	-42.1271551595709
			68.9535990552748	-42.1673145067202
			68.993758402424	-42.1673145067202
			69.0339177495733	-42.2074738538694
			69.0740770967225	-42.2074738538694
			69.1142364438718	-42.2476332010187
			69.1543957910211	-42.2476332010187
			69.1945551381703	-42.2877925481679
			69.2347144853196	-42.3279518953172
			69.2748738324688	-42.3279518953172
			69.3150331796181	-42.3279518953172
			69.3150331796181	-42.3681112424664
			69.3551925267673	-42.3681112424664
			69.3953518739166	-42.4082705896157
			69.4355112210659	-42.4082705896157
			69.4756705682151	-42.448429936765
			69.5158299153644	-42.448429936765
			69.5559892625136	-42.4885892839142
			69.5961486096629	-42.4885892839142
			69.6363079568121	-42.5287486310635
			69.6764673039614	-42.5287486310635
			69.6764673039614	-42.5689079782127
			69.7166266511107	-42.5689079782127
			69.7567859982599	-42.609067325362
			69.7969453454092	-42.609067325362
			69.8371046925584	-42.609067325362
			69.8371046925584	-42.6492266725112
			69.8772640397077	-42.6492266725112
			69.9174233868569	-42.6893860196605
			69.9575827340062	-42.6893860196605
			69.9977420811555	-42.7295453668098
			70.0379014283047	-42.7295453668098
			70.078060775454	-42.769704713959
			70.1182201226032	-42.8098640611083
			70.1583794697525	-42.8098640611083
			70.1985388169017	-42.8500234082575
			70.238698164051	-42.8500234082575
			70.2788575112003	-42.8901827554068
			70.3190168583495	-42.8901827554068
			70.3591762054988	-42.930342102556
			70.399335552648	-42.930342102556
			70.4394948997973	-42.9705014497053
			70.4796542469466	-42.9705014497053
			70.5198135940958	-43.0106607968546
			70.5599729412451	-43.0106607968546
			70.5599729412451	-43.0508201440038
			70.6001322883943	-43.0508201440038
			70.6402916355436	-43.0909794911531
			70.6804509826928	-43.0909794911531
			70.7206103298421	-43.1311388383023
			70.7607696769913	-43.1311388383023
			70.8009290241406	-43.1712981854516
			70.8410883712899	-43.1712981854516
			70.8812477184391	-43.2114575326008
			70.9214070655884	-43.2114575326008
			70.9615664127376	-43.2516168797501
			71.0017257598869	-43.2516168797501
			71.0418851070362	-43.2917762268994
			71.0820444541854	-43.2917762268994
			71.0820444541854	-43.3319355740486
			71.1222038013347	-43.3319355740486
			71.1623631484839	-43.3720949211979
			71.2025224956332	-43.4122542683471
			71.2426818427824	-43.4122542683471
			71.2828411899317	-43.4524136154964
			71.3230005370809	-43.4524136154964
			71.3631598842302	-43.4925729626456
			71.4033192313795	-43.4925729626456
			71.4434785785287	-43.5327323097949
			71.483637925678	-43.5327323097949
			71.5237972728272	-43.5728916569442
			71.5639566199765	-43.6130510040934
			71.6041159671258	-43.6130510040934
			71.644275314275	-43.6532103512427
			71.6844346614243	-43.6532103512427
			71.7245940085735	-43.6933696983919
			71.7647533557228	-43.6933696983919
			71.804912702872	-43.7335290455412
			71.8450720500213	-43.7335290455412
			71.8852313971706	-43.7736883926904
			71.9253907443198	-43.7736883926904
			71.9655500914691	-43.8138477398397
			72.0057094386183	-43.854007086989
			72.0458687857676	-43.854007086989
			72.0860281329168	-43.8941664341382
			72.1261874800661	-43.8941664341382
			72.1663468272153	-43.9343257812875
			72.2065061743646	-43.9343257812875
			72.2466655215139	-43.9744851284367
			72.2868248686631	-44.014644475586
			72.3269842158124	-44.014644475586
			72.3671435629616	-44.0548038227353
			72.4073029101109	-44.0548038227353
			72.4474622572602	-44.0949631698845
			72.4876216044094	-44.0949631698845
			72.5277809515587	-44.1351225170338
			72.5679402987079	-44.1351225170338
			72.6080996458572	-44.175281864183
			72.6482589930064	-44.2154412113323
			72.6884183401557	-44.2154412113323
			72.728577687305	-44.2556005584815
			72.7687370344542	-44.2556005584815
			72.8088963816035	-44.2957599056308
			72.8490557287527	-44.2957599056308
			72.889215075902	-44.3359192527801
			72.9293744230512	-44.3359192527801
			72.9695337702005	-44.3760785999293
			73.0096931173498	-44.3760785999293
			73.0096931173498	-44.4162379470786
			73.049852464499	-44.4162379470786
			73.0900118116483	-44.4563972942278
			73.1301711587975	-44.4563972942278
			73.1703305059468	-44.4965566413771
			73.210489853096	-44.4965566413771
			73.2506492002453	-44.5367159885263
			73.2908085473946	-44.5367159885263
			73.3309678945438	-44.5768753356756
			73.3711272416931	-44.5768753356756
			73.3711272416931	-44.6170346828249
			73.4112865888423	-44.6170346828249
			73.4514459359916	-44.6571940299741
			73.4916052831408	-44.6973533771234
			73.5317646302901	-44.6973533771234
			73.5719239774394	-44.7375127242726
			73.6120833245886	-44.7375127242726
			73.6522426717379	-44.7776720714219
			73.6924020188871	-44.7776720714219
			73.7325613660364	-44.8178314185711
			73.7727207131856	-44.8579907657204
			73.8128800603349	-44.8579907657204
			73.8530394074842	-44.8981501128697
			73.8931987546334	-44.8981501128697
			73.9333581017827	-44.9383094600189
			73.9735174489319	-44.9383094600189
			74.0136767960812	-44.9784688071682
			74.0538361432304	-44.9784688071682
			74.0939954903797	-45.0186281543174
			74.134154837529	-45.0587875014667
			74.1743141846782	-45.0587875014667
			74.2144735318275	-45.0989468486159
			74.2546328789767	-45.0989468486159
			74.2546328789767	-45.1391061957652
			74.294792226126	-45.1391061957652
			74.3349515732752	-45.1391061957652
			74.3751109204245	-45.1792655429145
			74.4152702675738	-45.2194248900637
			74.455429614723	-45.2194248900637
			74.4955889618723	-45.259584237213
			74.5357483090215	-45.259584237213
			74.5759076561708	-45.2997435843622
			74.6160670033201	-45.2997435843622
			74.6160670033201	-45.3399029315115
			74.6562263504693	-45.3399029315115
			74.6963856976186	-45.3800622786607
			74.7365450447678	-45.3800622786607
			74.7767043919171	-45.42022162581
			74.8168637390663	-45.42022162581
			74.8570230862156	-45.4603809729593
			74.8971824333648	-45.5005403201085
			74.9373417805141	-45.5005403201085
			74.9775011276634	-45.5406996672578
			75.0176604748126	-45.5406996672578
			75.0578198219619	-45.580859014407
			75.0979791691111	-45.580859014407
			75.1381385162604	-45.6210183615563
			75.1782978634097	-45.6210183615563
			75.2184572105589	-45.6611777087055
			75.2586165577082	-45.7013370558548
			75.2987759048574	-45.7013370558548
			75.3389352520067	-45.7414964030041
			75.3790945991559	-45.7414964030041
			75.4192539463052	-45.7816557501533
			75.4594132934544	-45.7816557501533
			75.4995726406037	-45.8218150973026
			75.539731987753	-45.8218150973026
			75.5798913349022	-45.8619744444518
			75.6200506820515	-45.8619744444518
			75.6602100292007	-45.9021337916011
			75.70036937635	-45.9021337916011
			75.7405287234993	-45.9422931387503
			75.7806880706485	-45.9422931387503
			75.7806880706485	-45.9824524858996
			75.8208474177978	-45.9824524858996
			75.861006764947	-45.9824524858996
			75.861006764947	-46.0226118330489
			75.9011661120963	-46.0226118330489
			75.9413254592455	-46.0226118330489
			75.9814848063948	-46.0627711801981
			76.0216441535441	-46.1029305273474
			76.0618035006933	-46.1029305273474
			76.1019628478426	-46.1430898744966
			76.1421221949918	-46.1430898744966
			76.1822815421411	-46.1832492216459
			76.2224408892903	-46.1832492216459
			76.2626002364396	-46.2234085687951
			76.3027595835889	-46.2635679159444
			76.3429189307381	-46.2635679159444
			76.3830782778874	-46.3037272630937
			76.4232376250366	-46.3037272630937
			76.4633969721859	-46.3438866102429
			76.5035563193351	-46.3438866102429
			76.5437156664844	-46.3840459573922
			76.5838750136337	-46.3840459573922
			76.6240343607829	-46.4242053045414
			76.6641937079322	-46.4242053045414
			76.7043530550814	-46.4643646516907
			76.7445124022307	-46.4643646516907
			76.7846717493799	-46.5045239988399
			76.8248310965292	-46.5045239988399
			76.8248310965292	-46.5446833459892
			76.8649904436785	-46.5446833459892
			76.9051497908277	-46.5446833459892
			76.9051497908277	-46.5848426931385
			76.945309137977	-46.5848426931385
			76.9854684851262	-46.6250020402877
			77.0256278322755	-46.6250020402877
			77.0657871794247	-46.665161387437
			77.105946526574	-46.665161387437
			77.1461058737233	-46.7053207345862
			77.1862652208725	-46.7053207345862
			77.2264245680218	-46.7454800817355
			77.266583915171	-46.7856394288847
			77.3067432623203	-46.7856394288847
			77.3469026094695	-46.825798776034
			77.3870619566188	-46.825798776034
			77.4272213037681	-46.8659581231833
			77.4673806509173	-46.8659581231833
			77.5075399980666	-46.9061174703325
			77.5476993452158	-46.9462768174818
			77.5878586923651	-46.9462768174818
			77.6280180395143	-46.986436164631
			77.6681773866636	-46.986436164631
			77.7083367338129	-47.0265955117803
			77.7484960809621	-47.0265955117803
			77.7886554281114	-47.0667548589295
			77.8288147752606	-47.1069142060788
			77.8689741224099	-47.1069142060788
			77.9091334695592	-47.1470735532281
			77.9492928167084	-47.1470735532281
			77.9894521638577	-47.1872329003773
			78.0296115110069	-47.1872329003773
			78.0697708581562	-47.2273922475266
			78.1099302053054	-47.2273922475266
			78.1500895524547	-47.2675515946758
			78.1902488996039	-47.3077109418251
			78.2304082467532	-47.3077109418251
			78.2705675939025	-47.3478702889743
			78.3107269410517	-47.3478702889743
			78.350886288201	-47.3880296361236
			78.3910456353502	-47.3880296361236
			78.4312049824995	-47.4281889832729
			78.4713643296488	-47.4281889832729
			78.511523676798	-47.4683483304221
			78.5516830239473	-47.5085076775714
			78.5918423710965	-47.5085076775714
			78.6320017182458	-47.5486670247206
			78.672161065395	-47.5486670247206
			78.7123204125443	-47.5888263718699
			78.7524797596935	-47.5888263718699
			78.7926391068428	-47.6289857190191
			78.8327984539921	-47.6289857190191
			78.8729578011413	-47.6691450661684
			78.9131171482906	-47.6691450661684
			78.9532764954398	-47.7093044133177
			78.9934358425891	-47.7494637604669
			79.0335951897383	-47.7494637604669
			79.0737545368876	-47.7896231076162
			79.1139138840369	-47.7896231076162
			79.1540732311861	-47.8297824547654
			79.1942325783354	-47.8297824547654
			79.1942325783354	-47.8699418019147
			79.2343919254846	-47.8699418019147
			79.2745512726339	-47.9101011490639
			79.3147106197832	-47.9101011490639
			79.3548699669324	-47.9502604962132
			79.3950293140817	-47.9502604962132
			79.4351886612309	-47.9904198433625
			79.4753480083802	-48.0305791905117
			79.5155073555294	-48.0305791905117
			79.5556667026787	-48.070738537661
			79.5958260498279	-48.070738537661
			79.6359853969772	-48.1108978848102
			79.6761447441265	-48.1108978848102
			79.7163040912757	-48.1510572319595
			79.756463438425	-48.1912165791087
			79.7966227855742	-48.1912165791087
			79.8367821327235	-48.231375926258
			79.8769414798728	-48.231375926258
			79.917100827022	-48.2715352734073
			79.9572601741713	-48.3116946205565
			79.9974195213205	-48.3116946205565
			80.0375788684698	-48.3116946205565
			80.0375788684698	-48.3518539677058
			80.077738215619	-48.3518539677058
			80.1178975627683	-48.392013314855
			80.1580569099176	-48.392013314855
			80.1982162570668	-48.4321726620043
			80.2383756042161	-48.4723320091536
			80.2785349513653	-48.4723320091536
			80.3186942985146	-48.5124913563028
			80.3588536456638	-48.5124913563028
			80.3990129928131	-48.5526507034521
			80.4391723399624	-48.5526507034521
			80.4793316871116	-48.5928100506013
			80.5194910342609	-48.5928100506013
			80.5194910342609	-48.6329693977506
			80.5596503814101	-48.6329693977506
			80.5998097285594	-48.6731287448998
			80.6399690757086	-48.7132880920491
			80.6801284228579	-48.7132880920491
			80.7202877700072	-48.7534474391984
			80.7604471171564	-48.7534474391984
			80.8006064643057	-48.7936067863476
			80.8407658114549	-48.7936067863476
			80.8809251586042	-48.8337661334969
			80.9210845057534	-48.8739254806461
			80.9612438529027	-48.8739254806461
			81.001403200052	-48.9140848277954
			81.0415625472012	-48.9140848277954
			81.0817218943505	-48.9542441749446
			81.1218812414997	-48.9944035220939
			81.162040588649	-48.9944035220939
			81.2021999357982	-49.0345628692432
			81.2423592829475	-49.0345628692432
			81.2825186300968	-49.0747222163924
			81.322677977246	-49.1148815635417
			81.3628373243953	-49.1148815635417
			81.4029966715445	-49.1550409106909
			81.4431560186938	-49.1550409106909
			81.483315365843	-49.1952002578402
			81.5234747129923	-49.1952002578402
			81.5234747129923	-49.2353596049894
			81.5636340601416	-49.2353596049894
			81.6037934072908	-49.2755189521387
			81.6439527544401	-49.2755189521387
			81.6841121015893	-49.315678299288
			81.7242714487386	-49.3558376464372
			81.7644307958878	-49.3558376464372
			81.8045901430371	-49.3959969935865
			81.8447494901864	-49.4361563407357
			81.8849088373356	-49.4361563407357
			81.9250681844849	-49.476315687885
			81.9652275316341	-49.5164750350342
			82.0053868787834	-49.5164750350342
			82.0455462259327	-49.5164750350342
			82.0455462259327	-49.5566343821835
			82.0857055730819	-49.5566343821835
			82.1258649202312	-49.5566343821835
			82.1258649202312	-49.5967937293328
			82.1660242673804	-49.5967937293328
			82.1660242673804	-49.636953076482
			82.2061836145297	-49.636953076482
			82.2463429616789	-49.636953076482
			82.2463429616789	-49.6771124236313
			82.2865023088282	-49.6771124236313
			82.3266616559774	-49.7172717707805
			82.3668210031267	-49.7574311179298
			82.406980350276	-49.7574311179298
			82.4471396974252	-49.797590465079
			82.4872990445745	-49.797590465079
			82.5274583917237	-49.8377498122283
			82.567617738873	-49.8779091593776
			82.6077770860223	-49.8779091593776
			82.6479364331715	-49.9180685065268
			82.6880957803208	-49.9180685065268
			82.6880957803208	-49.9582278536761
			82.72825512747	-49.9582278536761
			82.7684144746193	-49.9983872008253
			82.8085738217685	-49.9983872008253
			82.8487331689178	-50.0385465479746
			82.888892516067	-50.0385465479746
			82.9290518632163	-50.0787058951238
			82.9692112103656	-50.1188652422731
			83.0093705575148	-50.1590245894224
			83.0495299046641	-50.1590245894224
			83.0896892518133	-50.1991839365716
			83.1298485989626	-50.2393432837209
			83.1700079461119	-50.2393432837209
			83.2101672932611	-50.2795026308701
			83.2503266404104	-50.2795026308701
			83.2904859875596	-50.3196619780194
			83.3306453347089	-50.3598213251686
			83.3708046818581	-50.3598213251686
			83.4109640290074	-50.3999806723179
			83.4511233761567	-50.4401400194672
			83.4912827233059	-50.4401400194672
			83.5314420704552	-50.4802993666164
			83.5716014176044	-50.4802993666164
			83.6117607647537	-50.5204587137657
			83.6519201119029	-50.5606180609149
			83.6920794590522	-50.5606180609149
			83.7322388062015	-50.6007774080642
			83.7723981533507	-50.6007774080642
			83.7723981533507	-50.6409367552134
			83.8125575005	-50.6810961023627
			83.8527168476492	-50.6810961023627
			83.8928761947985	-50.721255449512
			83.9330355419477	-50.721255449512
			83.973194889097	-50.7614147966612
			84.0133542362463	-50.8015741438105
			84.0535135833955	-50.8015741438105
			84.0936729305448	-50.8417334909597
			84.133832277694	-50.881892838109
			84.1739916248433	-50.881892838109
			84.2141509719925	-50.9220521852582
			84.2543103191418	-50.9622115324075
			84.2944696662911	-51.0023708795568
			84.3346290134403	-51.0023708795568
			84.3747883605896	-51.042530226706
			84.4149477077388	-51.042530226706
			84.4149477077388	-51.0826895738553
			84.4551070548881	-51.0826895738553
			84.4952664020373	-51.0826895738553
			84.4952664020373	-51.1228489210045
			84.5354257491866	-51.1228489210045
			84.5755850963359	-51.1630082681538
			84.6157444434851	-51.203167615303
			84.6559037906344	-51.203167615303
			84.6960631377836	-51.2433269624523
			84.7362224849329	-51.2834863096016
			84.7763818320821	-51.3236456567508
			84.8165411792314	-51.3236456567508
			84.8567005263807	-51.3638050039001
			84.8968598735299	-51.4039643510493
			84.9370192206792	-51.4039643510493
			84.9771785678284	-51.4441236981986
			85.0173379149777	-51.4441236981986
			85.0574972621269	-51.4842830453479
			85.0574972621269	-51.5244423924971
			85.0976566092762	-51.5244423924971
			85.1378159564255	-51.5646017396464
			85.1779753035747	-51.5646017396464
			85.218134650724	-51.6047610867956
			85.2582939978732	-51.6449204339449
			85.2984533450225	-51.6850797810941
			85.3386126921718	-51.6850797810941
			85.378772039321	-51.7252391282434
			85.4189313864703	-51.7653984753927
			85.4590907336195	-51.8055578225419
			85.4992500807688	-51.8055578225419
			85.539409427918	-51.8457171696912
			85.5795687750673	-51.8858765168404
			85.6197281222165	-51.8858765168404
			85.6598874693658	-51.9260358639897
			85.7000468165151	-51.9661952111389
			85.7402061636643	-51.9661952111389
			85.7803655108136	-52.0063545582882
			85.8205248579628	-52.0465139054375
			85.8606842051121	-52.0465139054375
			85.9008435522613	-52.0866732525867
			85.9008435522613	-52.126832599736
			85.9410028994106	-52.1669919468852
			85.9811622465599	-52.1669919468852
			86.0213215937091	-52.2071512940345
			86.0614809408584	-52.2473106411837
			86.1016402880076	-52.2473106411837
			86.1417996351569	-52.287469988333
			86.1819589823061	-52.3276293354822
			86.2221183294554	-52.3276293354822
			86.2221183294554	-52.3677886826315
			86.2622776766047	-52.4079480297808
			86.3024370237539	-52.4079480297808
			86.3425963709032	-52.44810737693
			86.3827557180524	-52.4882667240793
			86.4229150652017	-52.4882667240793
			86.4630744123509	-52.5284260712285
			86.5032337595002	-52.5685854183778
			86.5433931066495	-52.608744765527
			86.5835524537987	-52.6489041126763
			86.623711800948	-52.6489041126763
			86.6638711480972	-52.6890634598256
			86.7040304952465	-52.7292228069748
			86.7441898423958	-52.7693821541241
			86.784349189545	-52.8095415012733
			86.8245085366943	-52.8095415012733
			86.8646678838435	-52.8497008484226
			86.9048272309928	-52.8898601955719
			86.944986578142	-52.9300195427211
			86.9851459252913	-52.9300195427211
			87.0253052724405	-52.9701788898704
			87.0253052724405	-53.0103382370196
			87.0654646195898	-53.0504975841689
			87.1056239667391	-53.0504975841689
			87.1457833138883	-53.0906569313181
			87.1859426610376	-53.1308162784674
			87.2261020081868	-53.1709756256167
			87.2662613553361	-53.1709756256167
			87.3064207024854	-53.2111349727659
			87.3064207024854	-53.2512943199152
			87.3465800496346	-53.2512943199152
			87.3867393967839	-53.2914536670644
			87.4268987439331	-53.3316130142137
			87.4670580910824	-53.3717723613629
			87.5072174382316	-53.3717723613629
			87.5072174382316	-53.4119317085122
			87.5473767853809	-53.4520910556615
			87.5875361325301	-53.4520910556615
			87.6276954796794	-53.4922504028107
			87.6276954796794	-53.53240974996
			87.6678548268287	-53.5725690971092
			87.7080141739779	-53.5725690971092
			87.7481735211272	-53.6127284442585
			87.7883328682764	-53.6528877914077
			87.8284922154257	-53.693047138557
			87.868651562575	-53.7332064857063
			87.9088109097242	-53.7733658328555
			87.9489702568735	-53.8135251800048
			87.9891296040227	-53.853684527154
			88.029288951172	-53.8938438743033
			88.0694482983212	-53.9340032214525
			88.1096076454705	-53.9741625686018
			88.1497669926198	-54.0143219157511
		</c1>
		<c2 type=matrix rownames=FALSE colnames=FALSE nrow=1775 ncol=2 as.numeric=TRUE >
			88.1497669926198	-54.0143219157511
			88.1096076454705	-54.0143219157511
			88.0694482983212	-54.0143219157511
			88.029288951172	-54.0143219157511
			87.9891296040227	-54.0143219157511
			87.9489702568735	-54.0544812629003
			87.9088109097242	-54.0544812629003
			87.868651562575	-54.0544812629003
			87.8284922154257	-54.0544812629003
			87.7883328682764	-54.0544812629003
			87.7481735211272	-54.0544812629003
			87.7080141739779	-54.0544812629003
			87.6678548268287	-54.0544812629003
			87.6276954796794	-54.0544812629003
			87.5875361325301	-54.0544812629003
			87.5473767853809	-54.0946406100496
			87.5072174382316	-54.0946406100496
			87.4670580910824	-54.0946406100496
			87.4268987439331	-54.0946406100496
			87.3867393967839	-54.0946406100496
			87.3465800496346	-54.0946406100496
			87.3064207024854	-54.0946406100496
			87.2662613553361	-54.0946406100496
			87.2261020081868	-54.0946406100496
			87.1859426610376	-54.0946406100496
			87.1457833138883	-54.0946406100496
			87.1056239667391	-54.0946406100496
			87.0654646195898	-54.0946406100496
			87.0253052724405	-54.0946406100496
			86.9851459252913	-54.0946406100496
			86.944986578142	-54.1347999571988
			86.9048272309928	-54.1347999571988
			86.8646678838435	-54.1347999571988
			86.8245085366943	-54.1347999571988
			86.784349189545	-54.1347999571988
			86.7441898423958	-54.1347999571988
			86.7040304952465	-54.1347999571988
			86.6638711480972	-54.1347999571988
			86.623711800948	-54.1347999571988
			86.5835524537987	-54.1347999571988
			86.5433931066495	-54.1347999571988
			86.5032337595002	-54.1347999571988
			86.4630744123509	-54.1347999571988
			86.4229150652017	-54.1347999571988
			86.3827557180524	-54.1347999571988
			86.3425963709032	-54.1347999571988
			86.3024370237539	-54.1347999571988
			86.2622776766047	-54.1347999571988
			86.2221183294554	-54.1347999571988
			86.1819589823061	-54.1347999571988
			86.1417996351569	-54.1347999571988
			86.1016402880076	-54.1347999571988
			86.0614809408584	-54.0946406100496
			86.0213215937091	-54.0946406100496
			85.9811622465599	-54.0946406100496
			85.9410028994106	-54.0946406100496
			85.9008435522613	-54.0946406100496
			85.8606842051121	-54.0946406100496
			85.8205248579628	-54.0946406100496
			85.7803655108136	-54.0946406100496
			85.7402061636643	-54.0946406100496
			85.7000468165151	-54.0946406100496
			85.6598874693658	-54.0946406100496
			85.6197281222165	-54.0946406100496
			85.5795687750673	-54.0946406100496
			85.539409427918	-54.0946406100496
			85.4992500807688	-54.0544812629003
			85.4590907336195	-54.0544812629003
			85.4189313864703	-54.0544812629003
			85.378772039321	-54.0544812629003
			85.3386126921718	-54.0544812629003
			85.2984533450225	-54.0544812629003
			85.2582939978732	-54.0143219157511
			85.218134650724	-54.0143219157511
			85.1779753035747	-54.0143219157511
			85.1378159564255	-54.0143219157511
			85.0976566092762	-54.0143219157511
			85.0574972621269	-54.0143219157511
			85.0173379149777	-53.9741625686018
			84.9771785678284	-53.9741625686018
			84.9370192206792	-53.9741625686018
			84.8968598735299	-53.9741625686018
			84.8567005263807	-53.9340032214525
			84.8165411792314	-53.9340032214525
			84.7763818320821	-53.9340032214525
			84.7362224849329	-53.9340032214525
			84.6960631377836	-53.8938438743033
			84.6559037906344	-53.8938438743033
			84.6157444434851	-53.8938438743033
			84.5755850963359	-53.853684527154
			84.5354257491866	-53.853684527154
			84.4952664020373	-53.853684527154
			84.4551070548881	-53.8135251800048
			84.4149477077388	-53.8135251800048
			84.3747883605896	-53.7733658328555
			84.3346290134403	-53.7733658328555
			84.2944696662911	-53.7733658328555
			84.2543103191418	-53.7332064857063
			84.2141509719925	-53.7332064857063
			84.1739916248433	-53.693047138557
			84.133832277694	-53.693047138557
			84.0936729305448	-53.6528877914077
			84.0535135833955	-53.6528877914077
			84.0133542362463	-53.6127284442585
			83.973194889097	-53.5725690971092
			83.9330355419477	-53.5725690971092
			83.8928761947985	-53.53240974996
			83.8527168476492	-53.4922504028107
			83.8125575005	-53.4922504028107
			83.7723981533507	-53.4520910556615
			83.7322388062015	-53.4119317085122
			83.6920794590522	-53.4119317085122
			83.6920794590522	-53.3717723613629
			83.6519201119029	-53.3316130142137
			83.6117607647537	-53.2914536670644
			83.5716014176044	-53.2914536670644
			83.5314420704552	-53.2512943199152
			83.5314420704552	-53.2111349727659
			83.4912827233059	-53.1709756256167
			83.4511233761567	-53.1308162784674
			83.4109640290074	-53.1709756256167
			83.3708046818581	-53.2111349727659
			83.3306453347089	-53.2512943199152
			83.3306453347089	-53.2914536670644
			83.2904859875596	-53.2914536670644
			83.2503266404104	-53.3316130142137
			83.2503266404104	-53.3717723613629
			83.2101672932611	-53.3717723613629
			83.1700079461119	-53.4119317085122
			83.1700079461119	-53.4520910556615
			83.1298485989626	-53.4520910556615
			83.0896892518133	-53.4922504028107
			83.0495299046641	-53.53240974996
			83.0093705575148	-53.5725690971092
			82.9692112103656	-53.6127284442585
			82.9290518632163	-53.6127284442585
			82.888892516067	-53.6528877914077
			82.8487331689178	-53.693047138557
			82.8085738217685	-53.693047138557
			82.7684144746193	-53.7332064857063
			82.72825512747	-53.7733658328555
			82.6880957803208	-53.7733658328555
			82.6479364331715	-53.8135251800048
			82.6077770860223	-53.8135251800048
			82.567617738873	-53.853684527154
			82.5274583917237	-53.853684527154
			82.4872990445745	-53.8938438743033
			82.4471396974252	-53.8938438743033
			82.406980350276	-53.9340032214525
			82.3668210031267	-53.9340032214525
			82.3266616559774	-53.9340032214525
			82.2865023088282	-53.9741625686018
			82.2463429616789	-53.9741625686018
			82.2061836145297	-53.9741625686018
			82.1660242673804	-53.9741625686018
			82.1258649202312	-54.0143219157511
			82.0857055730819	-54.0143219157511
			82.0455462259327	-54.0143219157511
			82.0053868787834	-54.0143219157511
			81.9652275316341	-54.0143219157511
			81.9250681844849	-54.0143219157511
			81.8849088373356	-54.0143219157511
			81.8447494901864	-54.0544812629003
			81.8045901430371	-54.0544812629003
			81.7644307958878	-54.0544812629003
			81.7242714487386	-54.0544812629003
			81.6841121015893	-54.0544812629003
			81.6439527544401	-54.0544812629003
			81.6037934072908	-54.0544812629003
			81.5636340601416	-54.0143219157511
			81.5234747129923	-54.0143219157511
			81.483315365843	-54.0143219157511
			81.4431560186938	-54.0143219157511
			81.4029966715445	-54.0143219157511
			81.3628373243953	-54.0143219157511
			81.322677977246	-54.0143219157511
			81.2825186300968	-53.9741625686018
			81.2423592829475	-53.9741625686018
			81.2021999357982	-53.9741625686018
			81.162040588649	-53.9741625686018
			81.1218812414997	-53.9340032214525
			81.0817218943505	-53.9340032214525
			81.0415625472012	-53.9340032214525
			81.001403200052	-53.8938438743033
			80.9612438529027	-53.8938438743033
			80.9210845057534	-53.8938438743033
			80.8809251586042	-53.853684527154
			80.8407658114549	-53.853684527154
			80.8006064643057	-53.8135251800048
			80.7604471171564	-53.8135251800048
			80.7202877700072	-53.7733658328555
			80.6801284228579	-53.7733658328555
			80.6399690757086	-53.7332064857063
			80.5998097285594	-53.7332064857063
			80.5596503814101	-53.693047138557
			80.5194910342609	-53.6528877914077
			80.4793316871116	-53.6528877914077
			80.4391723399624	-53.6528877914077
			80.4391723399624	-53.6127284442585
			80.3990129928131	-53.6127284442585
			80.3588536456638	-53.6127284442585
			80.3588536456638	-53.5725690971092
			80.3186942985146	-53.5725690971092
			80.2785349513653	-53.53240974996
			80.2383756042161	-53.4922504028107
			80.1982162570668	-53.4922504028107
			80.1580569099176	-53.4520910556615
			80.1178975627683	-53.4119317085122
			80.077738215619	-53.4119317085122
			80.0375788684698	-53.3717723613629
			79.9974195213205	-53.4119317085122
			79.9572601741713	-53.4119317085122
			79.917100827022	-53.4520910556615
			79.8769414798728	-53.4520910556615
			79.8367821327235	-53.4922504028107
			79.7966227855742	-53.4922504028107
			79.756463438425	-53.53240974996
			79.7163040912757	-53.53240974996
			79.6761447441265	-53.5725690971092
			79.6359853969772	-53.5725690971092
			79.5958260498279	-53.6127284442585
			79.5556667026787	-53.6127284442585
			79.5556667026787	-53.6528877914077
			79.5155073555294	-53.6528877914077
			79.4753480083802	-53.6528877914077
			79.4351886612309	-53.693047138557
			79.3950293140817	-53.693047138557
			79.3548699669324	-53.7332064857063
			79.3147106197832	-53.7332064857063
			79.2745512726339	-53.7332064857063
			79.2343919254846	-53.7733658328555
			79.1942325783354	-53.7733658328555
			79.1540732311861	-53.8135251800048
			79.1139138840369	-53.8135251800048
			79.0737545368876	-53.8135251800048
			79.0335951897383	-53.8135251800048
			79.0335951897383	-53.853684527154
			78.9934358425891	-53.853684527154
			78.9532764954398	-53.853684527154
			78.9131171482906	-53.853684527154
			78.8729578011413	-53.8938438743033
			78.8327984539921	-53.8938438743033
			78.7926391068428	-53.8938438743033
			78.7524797596935	-53.9340032214525
			78.7123204125443	-53.9340032214525
			78.672161065395	-53.9340032214525
			78.6320017182458	-53.9340032214525
			78.5918423710965	-53.9741625686018
			78.5516830239473	-53.9741625686018
			78.511523676798	-53.9741625686018
			78.4713643296488	-53.9741625686018
			78.4312049824995	-53.9741625686018
			78.3910456353502	-54.0143219157511
			78.350886288201	-54.0143219157511
			78.3107269410517	-54.0143219157511
			78.2705675939025	-54.0143219157511
			78.2304082467532	-54.0143219157511
			78.1902488996039	-54.0143219157511
			78.1500895524547	-54.0143219157511
			78.1099302053054	-54.0143219157511
			78.0697708581562	-54.0544812629003
			78.0296115110069	-54.0544812629003
			77.9894521638577	-54.0544812629003
			77.9492928167084	-54.0544812629003
			77.9091334695592	-54.0544812629003
			77.8689741224099	-54.0544812629003
			77.8288147752606	-54.0544812629003
			77.7886554281114	-54.0544812629003
			77.7484960809621	-54.0544812629003
			77.7083367338129	-54.0544812629003
			77.6681773866636	-54.0544812629003
			77.6280180395143	-54.0544812629003
			77.5878586923651	-54.0544812629003
			77.5476993452158	-54.0544812629003
			77.5075399980666	-54.0544812629003
			77.5075399980666	-54.0143219157511
			77.4673806509173	-54.0143219157511
			77.4272213037681	-54.0143219157511
			77.3870619566188	-54.0143219157511
			77.3469026094695	-54.0143219157511
			77.3067432623203	-54.0143219157511
			77.266583915171	-54.0143219157511
			77.2264245680218	-54.0143219157511
			77.1862652208725	-54.0143219157511
			77.1862652208725	-53.9741625686018
			77.1461058737233	-53.9741625686018
			77.105946526574	-53.9741625686018
			77.0657871794247	-53.9741625686018
			77.0256278322755	-53.9741625686018
			76.9854684851262	-53.9340032214525
			76.945309137977	-53.9340032214525
			76.9051497908277	-53.9340032214525
			76.8649904436785	-53.9340032214525
			76.8248310965292	-53.8938438743033
			76.7846717493799	-53.8938438743033
			76.7445124022307	-53.8938438743033
			76.7043530550814	-53.8938438743033
			76.6641937079322	-53.853684527154
			76.6240343607829	-53.853684527154
			76.5838750136337	-53.853684527154
			76.5437156664844	-53.8135251800048
			76.5035563193351	-53.8135251800048
			76.4633969721859	-53.7733658328555
			76.4232376250366	-53.7733658328555
			76.3830782778874	-53.7332064857063
			76.3429189307381	-53.7332064857063
			76.3027595835889	-53.7332064857063
			76.2626002364396	-53.693047138557
			76.2224408892903	-53.693047138557
			76.1822815421411	-53.6528877914077
			76.1421221949918	-53.6528877914077
			76.1019628478426	-53.6127284442585
			76.0618035006933	-53.6127284442585
			76.0216441535441	-53.5725690971092
			75.9814848063948	-53.5725690971092
			75.9413254592455	-53.53240974996
			75.9011661120963	-53.53240974996
			75.861006764947	-53.4922504028107
			75.8208474177978	-53.4520910556615
			75.7806880706485	-53.4520910556615
			75.7405287234993	-53.4119317085122
			75.70036937635	-53.4119317085122
			75.6602100292007	-53.3717723613629
			75.6200506820515	-53.3316130142137
			75.5798913349022	-53.3316130142137
			75.5798913349022	-53.2914536670644
			75.539731987753	-53.2512943199152
			75.4995726406037	-53.2512943199152
			75.4594132934544	-53.2111349727659
			75.4192539463052	-53.1709756256167
			75.3790945991559	-53.1709756256167
			75.3389352520067	-53.1308162784674
			75.2987759048574	-53.0906569313181
			75.2586165577082	-53.0504975841689
			75.2184572105589	-53.0504975841689
			75.1782978634097	-53.0103382370196
			75.1381385162604	-52.9701788898704
			75.0979791691111	-53.0103382370196
			75.0578198219619	-53.0103382370196
			75.0176604748126	-53.0504975841689
			75.0176604748126	-53.0906569313181
			74.9775011276634	-53.1308162784674
			74.9373417805141	-53.1709756256167
			74.8971824333648	-53.1709756256167
			74.8570230862156	-53.2111349727659
			74.8168637390663	-53.2512943199152
			74.7767043919171	-53.2914536670644
			74.7365450447678	-53.2914536670644
			74.6963856976186	-53.3316130142137
			74.6562263504693	-53.3717723613629
			74.6562263504693	-53.4119317085122
			74.6160670033201	-53.4119317085122
			74.5759076561708	-53.4520910556615
			74.5357483090215	-53.4520910556615
			74.4955889618723	-53.4922504028107
			74.455429614723	-53.53240974996
			74.4152702675738	-53.53240974996
			74.3751109204245	-53.5725690971092
			74.3349515732752	-53.6127284442585
			74.294792226126	-53.6127284442585
			74.2546328789767	-53.6528877914077
			74.2144735318275	-53.693047138557
			74.1743141846782	-53.693047138557
			74.134154837529	-53.7332064857063
			74.0939954903797	-53.7332064857063
			74.0538361432304	-53.7733658328555
			74.0136767960812	-53.7733658328555
			73.9735174489319	-53.8135251800048
			73.9333581017827	-53.8135251800048
			73.8931987546334	-53.853684527154
			73.8530394074842	-53.853684527154
			73.8128800603349	-53.8938438743033
			73.7727207131856	-53.8938438743033
			73.7325613660364	-53.8938438743033
			73.6924020188871	-53.9340032214525
			73.6522426717379	-53.9340032214525
			73.6120833245886	-53.9741625686018
			73.5719239774394	-53.9741625686018
			73.5317646302901	-53.9741625686018
			73.4916052831408	-53.9741625686018
			73.4514459359916	-54.0143219157511
			73.4112865888423	-54.0143219157511
			73.3711272416931	-54.0143219157511
			73.3309678945438	-54.0544812629003
			73.2908085473946	-54.0544812629003
			73.2506492002453	-54.0544812629003
			73.210489853096	-54.0544812629003
			73.1703305059468	-54.0946406100496
			73.1301711587975	-54.0946406100496
			73.0900118116483	-54.0946406100496
			73.049852464499	-54.0946406100496
			73.0096931173498	-54.0946406100496
			72.9695337702005	-54.0946406100496
			72.9293744230512	-54.0946406100496
			72.889215075902	-54.0946406100496
			72.8490557287527	-54.1347999571988
			72.8088963816035	-54.1347999571988
			72.7687370344542	-54.1347999571988
			72.728577687305	-54.1347999571988
			72.6884183401557	-54.1347999571988
			72.6482589930064	-54.1347999571988
			72.6080996458572	-54.1347999571988
			72.5679402987079	-54.1347999571988
			72.5277809515587	-54.1347999571988
			72.4876216044094	-54.1347999571988
			72.4474622572602	-54.1347999571988
			72.4073029101109	-54.0946406100496
			72.3671435629616	-54.0946406100496
			72.3269842158124	-54.0946406100496
			72.2868248686631	-54.0946406100496
			72.2466655215139	-54.0946406100496
			72.2065061743646	-54.0946406100496
			72.1663468272153	-54.0946406100496
			72.1261874800661	-54.0544812629003
			72.0860281329168	-54.0544812629003
			72.0458687857676	-54.0544812629003
			72.0057094386183	-54.0544812629003
			71.9655500914691	-54.0544812629003
			71.9253907443198	-54.0544812629003
			71.9253907443198	-54.0143219157511
			71.8852313971706	-54.0143219157511
			71.8450720500213	-54.0143219157511
			71.804912702872	-54.0143219157511
			71.7647533557228	-53.9741625686018
			71.7245940085735	-53.9741625686018
			71.6844346614243	-53.9741625686018
			71.644275314275	-53.9340032214525
			71.6041159671258	-53.9340032214525
			71.5639566199765	-53.9340032214525
			71.5237972728272	-53.8938438743033
			71.483637925678	-53.8938438743033
			71.4434785785287	-53.8938438743033
			71.4033192313795	-53.853684527154
			71.3631598842302	-53.853684527154
			71.3230005370809	-53.8135251800048
			71.2828411899317	-53.8135251800048
			71.2426818427824	-53.7733658328555
			71.2025224956332	-53.7332064857063
			71.1623631484839	-53.7332064857063
			71.1222038013347	-53.7332064857063
			71.0820444541854	-53.693047138557
			71.0418851070362	-53.693047138557
			71.0017257598869	-53.6528877914077
			70.9615664127376	-53.6127284442585
			70.9214070655884	-53.6127284442585
			70.8812477184391	-53.5725690971092
			70.8410883712899	-53.5725690971092
			70.8009290241406	-53.53240974996
			70.7607696769913	-53.4922504028107
			70.7206103298421	-53.4922504028107
			70.6804509826928	-53.4520910556615
			70.6402916355436	-53.4520910556615
			70.6001322883943	-53.4119317085122
			70.5599729412451	-53.3717723613629
			70.5198135940958	-53.4119317085122
			70.4796542469466	-53.4119317085122
			70.4394948997973	-53.4119317085122
			70.399335552648	-53.4520910556615
			70.3591762054988	-53.4520910556615
			70.3591762054988	-53.4922504028107
			70.3190168583495	-53.4922504028107
			70.2788575112003	-53.4922504028107
			70.238698164051	-53.53240974996
			70.1985388169017	-53.53240974996
			70.1583794697525	-53.53240974996
			70.1182201226032	-53.5725690971092
			70.078060775454	-53.5725690971092
			70.0379014283047	-53.5725690971092
			69.9977420811555	-53.6127284442585
			69.9575827340062	-53.6127284442585
			69.9174233868569	-53.6127284442585
			69.8772640397077	-53.6127284442585
			69.8371046925584	-53.6528877914077
			69.7969453454092	-53.6528877914077
			69.7567859982599	-53.6528877914077
			69.7166266511107	-53.6528877914077
			69.6764673039614	-53.6528877914077
			69.6363079568121	-53.693047138557
			69.5961486096629	-53.693047138557
			69.5559892625136	-53.693047138557
			69.5158299153644	-53.693047138557
			69.4756705682151	-53.693047138557
			69.4355112210659	-53.693047138557
			69.3953518739166	-53.693047138557
			69.3551925267673	-53.693047138557
			69.3150331796181	-53.693047138557
			69.2748738324688	-53.693047138557
			69.2347144853196	-53.693047138557
			69.1945551381703	-53.693047138557
			69.1543957910211	-53.7332064857063
			69.1142364438718	-53.7332064857063
			69.0740770967225	-53.7332064857063
			69.0339177495733	-53.7332064857063
			68.993758402424	-53.7332064857063
			68.9535990552748	-53.693047138557
			68.9134397081255	-53.693047138557
			68.8732803609763	-53.693047138557
			68.833121013827	-53.693047138557
			68.7929616666777	-53.693047138557
			68.7528023195285	-53.693047138557
			68.7126429723792	-53.693047138557
			68.67248362523	-53.693047138557
			68.6323242780807	-53.693047138557
			68.5921649309315	-53.693047138557
			68.5520055837822	-53.693047138557
			68.5118462366329	-53.693047138557
			68.4716868894837	-53.6528877914077
			68.4315275423344	-53.6528877914077
			68.3913681951852	-53.6528877914077
			68.3512088480359	-53.6528877914077
			68.3110495008867	-53.6528877914077
			68.2708901537374	-53.6528877914077
			68.2307308065881	-53.6127284442585
			68.1905714594389	-53.6127284442585
			68.1504121122896	-53.6127284442585
			68.1102527651404	-53.6127284442585
			68.0700934179911	-53.6127284442585
			68.0299340708418	-53.5725690971092
			67.9897747236926	-53.5725690971092
			67.9496153765433	-53.5725690971092
			67.9094560293941	-53.5725690971092
			67.8692966822448	-53.53240974996
			67.8291373350956	-53.53240974996
			67.7889779879463	-53.53240974996
			67.7488186407971	-53.53240974996
			67.7086592936478	-53.4922504028107
			67.6684999464985	-53.4922504028107
			67.6283405993493	-53.4922504028107
			67.5881812522	-53.4520910556615
			67.5480219050508	-53.4520910556615
			67.5078625579015	-53.4520910556615
			67.4677032107522	-53.4520910556615
			67.427543863603	-53.4119317085122
			67.3873845164537	-53.4119317085122
			67.3472251693045	-53.4119317085122
			67.3070658221552	-53.3717723613629
			67.266906475006	-53.3717723613629
			67.2267471278567	-53.3717723613629
			67.1865877807075	-53.3316130142137
			67.1464284335582	-53.3316130142137
			67.1062690864089	-53.3316130142137
			67.0661097392597	-53.2914536670644
			67.0259503921104	-53.2914536670644
			66.9857910449612	-53.2512943199152
			66.9456316978119	-53.2512943199152
			66.9054723506626	-53.2512943199152
			66.8653130035134	-53.2111349727659
			66.8251536563641	-53.2111349727659
			66.7849943092149	-53.1709756256167
			66.7448349620656	-53.1709756256167
			66.7046756149164	-53.1709756256167
			66.6645162677671	-53.1308162784674
			66.6243569206178	-53.1308162784674
			66.5841975734686	-53.0906569313181
			66.5440382263193	-53.0906569313181
			66.5038788791701	-53.0504975841689
			66.4637195320208	-53.0504975841689
			66.4235601848716	-53.0103382370196
			66.3834008377223	-53.0103382370196
			66.343241490573	-52.9701788898704
			66.3030821434238	-52.9701788898704
			66.2629227962745	-52.9300195427211
			66.2227634491253	-52.9300195427211
			66.182604101976	-52.8898601955719
			66.1424447548268	-52.8898601955719
			66.1022854076775	-52.8898601955719
			66.0621260605282	-52.8497008484226
			66.021966713379	-52.8497008484226
			65.9818073662297	-52.8095415012733
			65.9416480190805	-52.8095415012733
			65.9014886719312	-52.7693821541241
			65.861329324782	-52.7693821541241
			65.861329324782	-52.7292228069748
			65.8211699776327	-52.7292228069748
			65.7810106304835	-52.7292228069748
			65.7408512833342	-52.7693821541241
			65.7006919361849	-52.7693821541241
			65.6605325890357	-52.8095415012733
			65.6203732418864	-52.8095415012733
			65.5802138947372	-52.8497008484226
			65.5400545475879	-52.8497008484226
			65.4998952004386	-52.8898601955719
			65.4597358532894	-52.8898601955719
			65.4195765061401	-52.8898601955719
			65.3794171589909	-52.9300195427211
			65.3392578118416	-52.9300195427211
			65.2990984646924	-52.9701788898704
			65.2589391175431	-52.9701788898704
			65.2187797703938	-53.0103382370196
			65.1786204232446	-53.0103382370196
			65.1384610760953	-53.0103382370196
			65.0983017289461	-53.0103382370196
			65.0581423817968	-53.0504975841689
			65.0179830346476	-53.0504975841689
			64.9778236874983	-53.0906569313181
			64.937664340349	-53.0906569313181
			64.8975049931998	-53.0906569313181
			64.8573456460505	-53.0906569313181
			64.8171862989013	-53.1308162784674
			64.777026951752	-53.1308162784674
			64.7368676046028	-53.1308162784674
			64.6967082574535	-53.1308162784674
			64.6565489103042	-53.1709756256167
			64.616389563155	-53.1709756256167
			64.5762302160057	-53.1709756256167
			64.5360708688565	-53.2111349727659
			64.4959115217072	-53.2111349727659
			64.455752174558	-53.2111349727659
			64.4155928274087	-53.2111349727659
			64.3754334802594	-53.2111349727659
			64.3754334802594	-53.2512943199152
			64.3352741331102	-53.2512943199152
			64.2951147859609	-53.2512943199152
			64.2549554388117	-53.2512943199152
			64.2147960916624	-53.2512943199152
			64.1746367445132	-53.2512943199152
			64.1344773973639	-53.2914536670644
			64.0943180502146	-53.2914536670644
			64.0541587030654	-53.2914536670644
			64.0139993559161	-53.2914536670644
			63.9738400087669	-53.2914536670644
			63.9336806616176	-53.2914536670644
			63.8935213144684	-53.2914536670644
			63.8533619673191	-53.3316130142137
			63.8132026201698	-53.3316130142137
			63.7730432730206	-53.3316130142137
			63.7328839258713	-53.3316130142137
			63.6927245787221	-53.3316130142137
			63.6525652315728	-53.3316130142137
			63.6124058844236	-53.3316130142137
			63.5722465372743	-53.3316130142137
			63.532087190125	-53.3316130142137
			63.4919278429758	-53.3316130142137
			63.4517684958265	-53.3316130142137
			63.4116091486773	-53.3316130142137
			63.371449801528	-53.3717723613629
			63.3312904543788	-53.3717723613629
			63.2911311072295	-53.3717723613629
			63.2509717600802	-53.3717723613629
			63.210812412931	-53.3717723613629
			63.1706530657817	-53.3717723613629
			63.1304937186325	-53.3717723613629
			63.0903343714832	-53.3717723613629
			63.0501750243339	-53.3316130142137
			63.0100156771847	-53.3316130142137
			62.9698563300354	-53.3316130142137
			62.9296969828862	-53.3316130142137
			62.8895376357369	-53.3316130142137
			62.8493782885877	-53.3316130142137
			62.8092189414384	-53.3316130142137
			62.7690595942891	-53.3316130142137
			62.7289002471399	-53.3316130142137
			62.6887408999906	-53.3316130142137
			62.6485815528414	-53.3316130142137
			62.6084222056921	-53.3316130142137
			62.5682628585429	-53.3316130142137
			62.5281035113936	-53.3316130142137
			62.4879441642443	-53.2914536670644
			62.4477848170951	-53.2914536670644
			62.4076254699458	-53.2914536670644
			62.3674661227966	-53.2914536670644
			62.3273067756473	-53.2914536670644
			62.2871474284981	-53.2914536670644
			62.2469880813488	-53.2512943199152
			62.2068287341995	-53.2512943199152
			62.1666693870503	-53.2512943199152
			62.126510039901	-53.2512943199152
			62.0863506927518	-53.2512943199152
			62.0461913456025	-53.2111349727659
			62.0060319984533	-53.2111349727659
			61.965872651304	-53.2111349727659
			61.9257133041547	-53.2111349727659
			61.8855539570055	-53.1709756256167
			61.8453946098562	-53.1709756256167
			61.805235262707	-53.1709756256167
			61.7650759155577	-53.1709756256167
			61.7249165684085	-53.1308162784674
			61.6847572212592	-53.1308162784674
			61.6445978741099	-53.1308162784674
			61.6044385269607	-53.0906569313181
			61.5642791798114	-53.0906569313181
			61.5241198326622	-53.0906569313181
			61.4839604855129	-53.0906569313181
			61.4438011383637	-53.0504975841689
			61.4036417912144	-53.0504975841689
			61.3634824440651	-53.0504975841689
			61.3233230969159	-53.0103382370196
			61.2831637497666	-53.0103382370196
			61.2430044026174	-52.9701788898704
			61.2028450554681	-52.9701788898704
			61.1626857083189	-52.9701788898704
			61.1225263611696	-52.9300195427211
			61.0823670140203	-52.9300195427211
			61.0422076668711	-52.8898601955719
			61.0020483197218	-52.8898601955719
			60.9618889725726	-52.8898601955719
			60.9217296254233	-52.8497008484226
			60.8815702782741	-52.8497008484226
			60.8414109311248	-52.8095415012733
			60.8012515839755	-52.8095415012733
			60.7610922368263	-52.7693821541241
			60.720932889677	-52.7693821541241
			60.6807735425278	-52.7693821541241
			60.6406141953785	-52.7292228069748
			60.6004548482293	-52.7292228069748
			60.56029550108	-52.6890634598256
			60.5201361539307	-52.6890634598256
			60.4799768067815	-52.6489041126763
			60.4398174596322	-52.6489041126763
			60.399658112483	-52.608744765527
			60.3594987653337	-52.608744765527
			60.3193394181845	-52.5685854183778
			60.2791800710352	-52.608744765527
			60.2390207238859	-52.608744765527
			60.1988613767367	-52.608744765527
			60.1587020295874	-52.6489041126763
			60.1185426824382	-52.6489041126763
			60.0783833352889	-52.6890634598256
			60.0382239881396	-52.6890634598256
			59.9980646409904	-52.6890634598256
			59.9579052938411	-52.7292228069748
			59.9177459466919	-52.7292228069748
			59.8775865995426	-52.7292228069748
			59.8775865995426	-52.7693821541241
			59.8374272523934	-52.7693821541241
			59.7972679052441	-52.7693821541241
			59.7571085580948	-52.8095415012733
			59.7169492109456	-52.8095415012733
			59.6767898637963	-52.8095415012733
			59.6366305166471	-52.8497008484226
			59.5964711694978	-52.8497008484226
			59.5563118223486	-52.8497008484226
			59.5161524751993	-52.8898601955719
			59.47599312805	-52.8898601955719
			59.4358337809008	-52.8898601955719
			59.3956744337515	-52.9300195427211
			59.3555150866023	-52.9300195427211
			59.315355739453	-52.9300195427211
			59.2751963923038	-52.9300195427211
			59.2350370451545	-52.9701788898704
			59.1948776980053	-52.9701788898704
			59.154718350856	-52.9701788898704
			59.1145590037067	-53.0103382370196
			59.0743996565575	-53.0103382370196
			59.0342403094082	-53.0103382370196
			58.994080962259	-53.0103382370196
			58.9539216151097	-53.0504975841689
			58.9137622679605	-53.0504975841689
			58.8736029208112	-53.0504975841689
			58.8334435736619	-53.0504975841689
			58.7932842265127	-53.0504975841689
			58.7531248793634	-53.0906569313181
			58.7129655322142	-53.0906569313181
			58.6728061850649	-53.0906569313181
			58.6326468379156	-53.0906569313181
			58.5924874907664	-53.0906569313181
			58.5523281436171	-53.0906569313181
			58.5121687964679	-53.1308162784674
			58.4720094493186	-53.1308162784674
			58.4318501021694	-53.1308162784674
			58.3916907550201	-53.1308162784674
			58.3515314078708	-53.1308162784674
			58.3113720607216	-53.1308162784674
			58.2712127135723	-53.1308162784674
			58.2310533664231	-53.1308162784674
			58.1908940192738	-53.1709756256167
			58.1507346721246	-53.1709756256167
			58.1105753249753	-53.1709756256167
			58.070415977826	-53.1709756256167
			58.0302566306768	-53.1709756256167
			57.9900972835275	-53.1709756256167
			57.9499379363783	-53.1709756256167
			57.909778589229	-53.1709756256167
			57.8696192420798	-53.1709756256167
			57.8294598949305	-53.1709756256167
			57.7893005477812	-53.1709756256167
			57.749141200632	-53.1709756256167
			57.7089818534827	-53.1709756256167
			57.6688225063335	-53.1709756256167
			57.6286631591842	-53.1709756256167
			57.588503812035	-53.1709756256167
			57.5483444648857	-53.1709756256167
			57.5081851177364	-53.1709756256167
			57.4680257705872	-53.1709756256167
			57.4278664234379	-53.1709756256167
			57.3877070762887	-53.1709756256167
			57.3475477291394	-53.1709756256167
			57.3073883819902	-53.1709756256167
			57.2672290348409	-53.1709756256167
			57.2270696876916	-53.1709756256167
			57.1869103405424	-53.1709756256167
			57.1467509933931	-53.1709756256167
			57.1065916462439	-53.1709756256167
			57.0664322990946	-53.1308162784674
			57.0262729519454	-53.1308162784674
			56.9861136047961	-53.1308162784674
			56.9459542576468	-53.1308162784674
			56.9057949104976	-53.1308162784674
			56.8656355633483	-53.1308162784674
			56.8254762161991	-53.0906569313181
			56.7853168690498	-53.0906569313181
			56.7451575219006	-53.0906569313181
			56.7049981747513	-53.0906569313181
			56.664838827602	-53.0906569313181
			56.6246794804528	-53.0906569313181
			56.5845201333035	-53.0504975841689
			56.5443607861543	-53.0504975841689
			56.504201439005	-53.0504975841689
			56.4640420918558	-53.0504975841689
			56.4238827447065	-53.0504975841689
			56.3837233975572	-53.0103382370196
			56.343564050408	-53.0103382370196
			56.3034047032587	-53.0103382370196
			56.2632453561095	-53.0103382370196
			56.2230860089602	-52.9701788898704
			56.182926661811	-52.9701788898704
			56.1427673146617	-52.9701788898704
			56.1026079675124	-52.9300195427211
			56.0624486203632	-52.9300195427211
			56.0222892732139	-52.9300195427211
			56.0222892732139	-52.8898601955719
			55.9821299260647	-52.8898601955719
			55.9419705789154	-52.8898601955719
			55.9018112317662	-52.8898601955719
			55.8616518846169	-52.8497008484226
			55.8214925374676	-52.8497008484226
			55.7813331903184	-52.8095415012733
			55.7411738431691	-52.8095415012733
			55.7010144960199	-52.8095415012733
			55.6608551488706	-52.7693821541241
			55.6206958017213	-52.7693821541241
			55.5805364545721	-52.7693821541241
			55.5403771074228	-52.7292228069748
			55.5002177602736	-52.7292228069748
			55.4600584131243	-52.6890634598256
			55.4198990659751	-52.6890634598256
			55.4198990659751	-52.6489041126763
			55.3797397188258	-52.6489041126763
			55.3395803716765	-52.6489041126763
			55.2994210245273	-52.608744765527
			55.259261677378	-52.608744765527
			55.2191023302288	-52.5685854183778
			55.1789429830795	-52.5685854183778
			55.1387836359303	-52.5284260712285
			55.098624288781	-52.5284260712285
			55.0584649416317	-52.4882667240793
			55.0183055944825	-52.4882667240793
			54.9781462473332	-52.44810737693
			54.937986900184	-52.4079480297808
			54.8978275530347	-52.3677886826315
			54.8576682058855	-52.3677886826315
			54.8175088587362	-52.3677886826315
			54.8175088587362	-52.3276293354822
			54.7773495115869	-52.3276293354822
			54.7371901644377	-52.287469988333
			54.6970308172884	-52.287469988333
			54.6568714701392	-52.2473106411837
			54.6167121229899	-52.2473106411837
			54.5765527758407	-52.287469988333
			54.5363934286914	-52.287469988333
			54.4962340815421	-52.3276293354822
			54.4560747343929	-52.3276293354822
			54.4159153872436	-52.3276293354822
			54.3757560400944	-52.3276293354822
			54.3355966929451	-52.3677886826315
			54.2954373457959	-52.3677886826315
			54.2552779986466	-52.4079480297808
			54.2151186514973	-52.4079480297808
			54.1749593043481	-52.4079480297808
			54.1347999571988	-52.44810737693
			54.0946406100496	-52.44810737693
			54.0544812629003	-52.44810737693
			54.0143219157511	-52.44810737693
			53.9741625686018	-52.4882667240793
			53.9340032214525	-52.4882667240793
			53.8938438743033	-52.4882667240793
			53.853684527154	-52.5284260712285
			53.8135251800048	-52.5284260712285
			53.7733658328555	-52.5284260712285
			53.7332064857063	-52.5685854183778
			53.693047138557	-52.5685854183778
			53.6528877914077	-52.5685854183778
			53.6127284442585	-52.5685854183778
			53.5725690971092	-52.608744765527
			53.53240974996	-52.608744765527
			53.4922504028107	-52.608744765527
			53.4520910556615	-52.608744765527
			53.4119317085122	-52.6489041126763
			53.3717723613629	-52.6489041126763
			53.3316130142137	-52.6489041126763
			53.2914536670644	-52.6489041126763
			53.2512943199152	-52.6890634598256
			53.2111349727659	-52.6890634598256
			53.1709756256167	-52.6890634598256
			53.1308162784674	-52.6890634598256
			53.0906569313181	-52.7292228069748
			53.0504975841689	-52.7292228069748
			53.0103382370196	-52.7292228069748
			52.9701788898704	-52.7292228069748
			52.9300195427211	-52.7693821541241
			52.8898601955719	-52.7693821541241
			52.8497008484226	-52.7693821541241
			52.8095415012733	-52.7693821541241
			52.7693821541241	-52.7693821541241
			52.7292228069748	-52.8095415012733
			52.6890634598256	-52.8095415012733
			52.6489041126763	-52.8095415012733
			52.608744765527	-52.8095415012733
			52.5685854183778	-52.8095415012733
			52.5284260712285	-52.8095415012733
			52.4882667240793	-52.8497008484226
			52.44810737693	-52.8497008484226
			52.4079480297808	-52.8497008484226
			52.3677886826315	-52.8497008484226
			52.3276293354822	-52.8497008484226
			52.287469988333	-52.8497008484226
			52.2473106411837	-52.8898601955719
			52.2071512940345	-52.8898601955719
			52.1669919468852	-52.8898601955719
			52.126832599736	-52.8898601955719
			52.0866732525867	-52.8898601955719
			52.0465139054375	-52.8898601955719
			52.0063545582882	-52.9300195427211
			51.9661952111389	-52.9300195427211
			51.9260358639897	-52.9300195427211
			51.8858765168404	-52.9300195427211
			51.8457171696912	-52.9300195427211
			51.8055578225419	-52.9300195427211
			51.7653984753927	-52.9300195427211
			51.7252391282434	-52.9300195427211
			51.6850797810941	-52.9300195427211
			51.6449204339449	-52.9701788898704
			51.6047610867956	-52.9701788898704
			51.5646017396464	-52.9701788898704
			51.5244423924971	-52.9701788898704
			51.4842830453479	-52.9701788898704
			51.4441236981986	-52.9701788898704
			51.4039643510493	-52.9701788898704
			51.3638050039001	-52.9701788898704
			51.3236456567508	-52.9701788898704
			51.2834863096016	-52.9701788898704
			51.2433269624523	-53.0103382370196
			51.203167615303	-53.0103382370196
			51.1630082681538	-53.0103382370196
			51.1228489210045	-53.0103382370196
			51.0826895738553	-53.0103382370196
			51.042530226706	-53.0103382370196
			51.0023708795568	-53.0103382370196
			50.9622115324075	-53.0103382370196
			50.9220521852582	-53.0103382370196
			50.881892838109	-53.0103382370196
			50.8417334909597	-53.0103382370196
			50.8015741438105	-53.0103382370196
			50.7614147966612	-53.0103382370196
			50.721255449512	-53.0103382370196
			50.6810961023627	-53.0103382370196
			50.6409367552134	-53.0504975841689
			50.6007774080642	-53.0504975841689
			50.5606180609149	-53.0504975841689
			50.5204587137657	-53.0504975841689
			50.4802993666164	-53.0504975841689
			50.4401400194672	-53.0504975841689
			50.3999806723179	-53.0504975841689
			50.3598213251686	-53.0504975841689
			50.3196619780194	-53.0504975841689
			50.2795026308701	-53.0504975841689
			50.2393432837209	-53.0504975841689
			50.1991839365716	-53.0504975841689
			50.1590245894224	-53.0504975841689
			50.1188652422731	-53.0504975841689
			50.0787058951238	-53.0504975841689
			50.0385465479746	-53.0504975841689
			49.9983872008253	-53.0504975841689
			49.9582278536761	-53.0504975841689
			49.9180685065268	-53.0504975841689
			49.8779091593776	-53.0504975841689
			49.8377498122283	-53.0504975841689
			49.797590465079	-53.0504975841689
			49.7574311179298	-53.0504975841689
			49.7172717707805	-53.0504975841689
			49.6771124236313	-53.0504975841689
			49.636953076482	-53.0504975841689
			49.5967937293328	-53.0504975841689
			49.5566343821835	-53.0504975841689
			49.5164750350342	-53.0504975841689
			49.476315687885	-53.0504975841689
			49.4361563407357	-53.0504975841689
			49.3959969935865	-53.0504975841689
			49.3558376464372	-53.0504975841689
			49.315678299288	-53.0504975841689
			49.2755189521387	-53.0504975841689
			49.2353596049894	-53.0504975841689
			49.1952002578402	-53.0504975841689
			49.1550409106909	-53.0504975841689
			49.1148815635417	-53.0504975841689
			49.0747222163924	-53.0103382370196
			49.0345628692432	-53.0103382370196
			48.9944035220939	-53.0103382370196
			48.9542441749446	-53.0103382370196
			48.9140848277954	-53.0103382370196
			48.8739254806461	-53.0103382370196
			48.8337661334969	-53.0103382370196
			48.7936067863476	-53.0103382370196
			48.7534474391984	-53.0103382370196
			48.7132880920491	-53.0103382370196
			48.6731287448998	-53.0103382370196
			48.6329693977506	-53.0103382370196
			48.5928100506013	-53.0103382370196
			48.5526507034521	-53.0103382370196
			48.5124913563028	-53.0103382370196
			48.4723320091536	-53.0103382370196
			48.4321726620043	-53.0103382370196
			48.392013314855	-52.9701788898704
			48.3518539677058	-52.9701788898704
			48.3116946205565	-52.9701788898704
			48.2715352734073	-52.9701788898704
			48.231375926258	-52.9701788898704
			48.1912165791087	-52.9701788898704
			48.1510572319595	-52.9701788898704
			48.1108978848102	-52.9701788898704
			48.070738537661	-52.9701788898704
			48.0305791905117	-52.9701788898704
			47.9904198433625	-52.9701788898704
			47.9502604962132	-52.9300195427211
			47.9101011490639	-52.9300195427211
			47.8699418019147	-52.9300195427211
			47.8297824547654	-52.9300195427211
			47.7896231076162	-52.9300195427211
			47.7494637604669	-52.9300195427211
			47.7093044133177	-52.9300195427211
			47.6691450661684	-52.9300195427211
			47.6289857190191	-52.9300195427211
			47.5888263718699	-52.9300195427211
			47.5486670247206	-52.8898601955719
			47.5085076775714	-52.8898601955719
			47.4683483304221	-52.8898601955719
			47.4281889832729	-52.8898601955719
			47.3880296361236	-52.8898601955719
			47.3478702889743	-52.8898601955719
			47.3077109418251	-52.8898601955719
			47.2675515946758	-52.8898601955719
			47.2273922475266	-52.8497008484226
			47.1872329003773	-52.8497008484226
			47.1470735532281	-52.8497008484226
			47.1069142060788	-52.8497008484226
			47.0667548589295	-52.8497008484226
			47.0265955117803	-52.8497008484226
			46.986436164631	-52.8497008484226
			46.9462768174818	-52.8095415012733
			46.9061174703325	-52.8095415012733
			46.8659581231833	-52.8095415012733
			46.825798776034	-52.8095415012733
			46.7856394288847	-52.8095415012733
			46.7454800817355	-52.8095415012733
			46.7053207345862	-52.8095415012733
			46.665161387437	-52.7693821541241
			46.6250020402877	-52.7693821541241
			46.5848426931385	-52.7693821541241
			46.5446833459892	-52.7693821541241
			46.5045239988399	-52.7693821541241
			46.4643646516907	-52.7693821541241
			46.4242053045414	-52.7292228069748
			46.3840459573922	-52.7292228069748
			46.3438866102429	-52.7292228069748
			46.3037272630937	-52.7292228069748
			46.2635679159444	-52.7292228069748
			46.2234085687951	-52.7292228069748
			46.1832492216459	-52.6890634598256
			46.1430898744966	-52.6890634598256
			46.1029305273474	-52.6890634598256
			46.0627711801981	-52.6890634598256
			46.0226118330489	-52.6890634598256
			45.9824524858996	-52.6890634598256
			45.9422931387503	-52.6489041126763
			45.9021337916011	-52.6489041126763
			45.8619744444518	-52.6489041126763
			45.8218150973026	-52.6489041126763
			45.7816557501533	-52.6890634598256
			45.7414964030041	-52.6890634598256
			45.7013370558548	-52.6890634598256
			45.6611777087055	-52.7292228069748
			45.6210183615563	-52.7292228069748
			45.580859014407	-52.7292228069748
			45.5406996672578	-52.7693821541241
			45.5005403201085	-52.7693821541241
			45.4603809729593	-52.7693821541241
			45.42022162581	-52.8095415012733
			45.3800622786607	-52.8095415012733
			45.3399029315115	-52.8095415012733
			45.2997435843622	-52.8497008484226
			45.259584237213	-52.8497008484226
			45.2194248900637	-52.8497008484226
			45.1792655429145	-52.8497008484226
			45.1391061957652	-52.8898601955719
			45.0989468486159	-52.8898601955719
			45.0587875014667	-52.8898601955719
			45.0186281543174	-52.8898601955719
			45.0186281543174	-52.9300195427211
			44.9784688071682	-52.9300195427211
			44.9383094600189	-52.9300195427211
			44.8981501128697	-52.9300195427211
			44.8579907657204	-52.9701788898704
			44.8178314185711	-52.9701788898704
			44.7776720714219	-52.9701788898704
			44.7375127242726	-52.9701788898704
			44.6973533771234	-52.9701788898704
			44.6571940299741	-53.0103382370196
			44.6170346828249	-53.0103382370196
			44.5768753356756	-53.0103382370196
			44.5367159885263	-53.0103382370196
			44.4965566413771	-53.0504975841689
			44.4563972942278	-53.0504975841689
			44.4162379470786	-53.0504975841689
			44.3760785999293	-53.0504975841689
			44.3359192527801	-53.0504975841689
			44.2957599056308	-53.0504975841689
			44.2556005584815	-53.0906569313181
			44.2154412113323	-53.0906569313181
			44.175281864183	-53.0906569313181
			44.1351225170338	-53.0906569313181
			44.0949631698845	-53.0906569313181
			44.0548038227353	-53.0906569313181
			44.014644475586	-53.1308162784674
			43.9744851284367	-53.1308162784674
			43.9343257812875	-53.1308162784674
			43.8941664341382	-53.1308162784674
			43.854007086989	-53.1308162784674
			43.8138477398397	-53.1308162784674
			43.7736883926904	-53.1308162784674
			43.7335290455412	-53.1308162784674
			43.7335290455412	-53.1709756256167
			43.6933696983919	-53.1709756256167
			43.6532103512427	-53.1709756256167
			43.6130510040934	-53.1709756256167
			43.5728916569442	-53.1709756256167
			43.5327323097949	-53.1709756256167
			43.4925729626456	-53.1709756256167
			43.4524136154964	-53.1709756256167
			43.4122542683471	-53.1709756256167
			43.3720949211979	-53.1709756256167
			43.3319355740486	-53.2111349727659
			43.2917762268994	-53.2111349727659
			43.2516168797501	-53.2111349727659
			43.2114575326008	-53.2111349727659
			43.1712981854516	-53.2111349727659
			43.1311388383023	-53.2111349727659
			43.0909794911531	-53.2111349727659
			43.0508201440038	-53.2111349727659
			43.0106607968546	-53.2111349727659
			42.9705014497053	-53.2111349727659
			42.930342102556	-53.2111349727659
			42.8901827554068	-53.2111349727659
			42.8500234082575	-53.2111349727659
			42.8098640611083	-53.2111349727659
			42.769704713959	-53.2111349727659
			42.7295453668098	-53.2111349727659
			42.6893860196605	-53.2111349727659
			42.6492266725112	-53.2111349727659
			42.609067325362	-53.2111349727659
			42.5689079782127	-53.2512943199152
			42.5287486310635	-53.2512943199152
			42.4885892839142	-53.2512943199152
			42.448429936765	-53.2512943199152
			42.4082705896157	-53.2512943199152
			42.3681112424664	-53.2512943199152
			42.3279518953172	-53.2512943199152
			42.2877925481679	-53.2512943199152
			42.2476332010187	-53.2512943199152
			42.2074738538694	-53.2512943199152
			42.1673145067202	-53.2512943199152
			42.1271551595709	-53.2512943199152
			42.0869958124216	-53.2111349727659
			42.0468364652724	-53.2111349727659
			42.0066771181231	-53.2111349727659
			41.9665177709739	-53.2111349727659
			41.9263584238246	-53.2111349727659
			41.8861990766754	-53.2111349727659
			41.8460397295261	-53.2111349727659
			41.8058803823768	-53.2111349727659
			41.7657210352276	-53.2111349727659
			41.7255616880783	-53.2111349727659
			41.6854023409291	-53.2111349727659
			41.6452429937798	-53.2111349727659
			41.6050836466306	-53.2111349727659
			41.5649242994813	-53.2111349727659
			41.524764952332	-53.2111349727659
			41.4846056051828	-53.2111349727659
			41.4444462580335	-53.2111349727659
			41.4042869108843	-53.2111349727659
			41.364127563735	-53.2111349727659
			41.3239682165858	-53.2111349727659
			41.2838088694365	-53.1709756256167
			41.2436495222872	-53.1709756256167
			41.203490175138	-53.1709756256167
			41.1633308279887	-53.1709756256167
			41.1231714808395	-53.1709756256167
			41.0830121336902	-53.1709756256167
			41.042852786541	-53.1709756256167
			41.0026934393917	-53.1709756256167
			40.9625340922424	-53.1709756256167
			40.9223747450932	-53.1709756256167
			40.8822153979439	-53.1709756256167
			40.8420560507947	-53.1308162784674
			40.8018967036454	-53.1308162784674
			40.7617373564961	-53.1308162784674
			40.7215780093469	-53.1308162784674
			40.6814186621976	-53.1308162784674
			40.6412593150484	-53.1308162784674
			40.6010999678991	-53.1308162784674
			40.5609406207499	-53.1308162784674
			40.5207812736006	-53.1308162784674
			40.4806219264513	-53.0906569313181
			40.4404625793021	-53.0906569313181
			40.4003032321528	-53.0906569313181
			40.3601438850036	-53.0906569313181
			40.3199845378543	-53.0906569313181
			40.2798251907051	-53.0906569313181
			40.2396658435558	-53.0504975841689
			40.1995064964065	-53.0504975841689
			40.1593471492573	-53.0504975841689
			40.119187802108	-53.0504975841689
			40.0790284549588	-53.0504975841689
			40.0388691078095	-53.0504975841689
			39.9987097606603	-53.0504975841689
			39.958550413511	-53.0103382370196
			39.9183910663617	-53.0103382370196
			39.8782317192125	-53.0103382370196
			39.8380723720632	-53.0103382370196
			39.797913024914	-53.0103382370196
			39.7577536777647	-53.0103382370196
			39.7175943306155	-52.9701788898704
			39.6774349834662	-52.9701788898704
			39.637275636317	-52.9701788898704
			39.5971162891677	-52.9701788898704
			39.5569569420184	-52.9701788898704
			39.5167975948692	-52.9300195427211
			39.4766382477199	-52.9300195427211
			39.4364789005707	-52.9300195427211
			39.3963195534214	-52.9300195427211
			39.3561602062721	-52.9300195427211
			39.3160008591229	-52.8898601955719
			39.2758415119736	-52.8898601955719
			39.2356821648244	-52.8898601955719
			39.1955228176751	-52.8898601955719
			39.1553634705259	-52.8898601955719
			39.1152041233766	-52.8497008484226
			39.0750447762273	-52.8497008484226
			39.0348854290781	-52.8497008484226
			38.9947260819288	-52.8497008484226
			38.9545667347796	-52.8497008484226
			38.9144073876303	-52.8095415012733
			38.8742480404811	-52.8095415012733
			38.8340886933318	-52.8095415012733
			38.7939293461825	-52.8095415012733
			38.7537699990333	-52.7693821541241
			38.713610651884	-52.7693821541241
			38.6734513047348	-52.7693821541241
			38.6332919575855	-52.7693821541241
			38.5931326104363	-52.7292228069748
			38.552973263287	-52.7292228069748
			38.5128139161377	-52.7292228069748
			38.4726545689885	-52.7292228069748
			38.4324952218392	-52.6890634598256
			38.39233587469	-52.6890634598256
			38.3521765275407	-52.6890634598256
			38.3120171803915	-52.6890634598256
			38.2718578332422	-52.6489041126763
			38.2316984860929	-52.6489041126763
			38.1915391389437	-52.6489041126763
			38.1513797917944	-52.6489041126763
			38.1112204446452	-52.608744765527
			38.0710610974959	-52.608744765527
			38.0309017503467	-52.608744765527
			37.9907424031974	-52.5685854183778
			37.9505830560481	-52.5685854183778
			37.9104237088989	-52.5685854183778
			37.8702643617496	-52.5685854183778
			37.8301050146004	-52.5284260712285
			37.7899456674511	-52.5284260712285
			37.7497863203019	-52.5284260712285
			37.7096269731526	-52.5284260712285
			37.6694676260033	-52.4882667240793
			37.6293082788541	-52.4882667240793
			37.5891489317048	-52.4882667240793
			37.5489895845556	-52.5284260712285
			37.5088302374063	-52.5284260712285
			37.4686708902571	-52.5284260712285
			37.4285115431078	-52.5685854183778
			37.3883521959585	-52.5685854183778
			37.3481928488093	-52.5685854183778
			37.30803350166	-52.608744765527
			37.2678741545108	-52.608744765527
			37.2277148073615	-52.608744765527
			37.1875554602123	-52.6489041126763
			37.147396113063	-52.6489041126763
			37.1072367659137	-52.6489041126763
			37.0670774187645	-52.6890634598256
			37.0269180716152	-52.6890634598256
			36.986758724466	-52.6890634598256
			36.9465993773167	-52.7292228069748
			36.9064400301675	-52.7292228069748
			36.8662806830182	-52.7292228069748
			36.8261213358689	-52.7693821541241
			36.7859619887197	-52.7693821541241
			36.7458026415704	-52.7693821541241
			36.7056432944212	-52.7693821541241
			36.6654839472719	-52.8095415012733
			36.6253246001227	-52.8095415012733
			36.5851652529734	-52.8095415012733
			36.5450059058241	-52.8497008484226
			36.5048465586749	-52.8497008484226
			36.4646872115256	-52.8497008484226
			36.4245278643764	-52.8497008484226
			36.3843685172271	-52.8898601955719
			36.3442091700778	-52.8898601955719
			36.3040498229286	-52.8898601955719
			36.2638904757793	-52.8898601955719
			36.2638904757793	-52.9300195427211
			36.2237311286301	-52.9300195427211
			36.1835717814808	-52.9300195427211
			36.1434124343316	-52.9300195427211
			36.1032530871823	-52.9300195427211
			36.063093740033	-52.9701788898704
			36.0229343928838	-52.9701788898704
			35.9827750457345	-52.9701788898704
			35.9426156985853	-53.0103382370196
			35.902456351436	-53.0103382370196
			35.8622970042868	-53.0103382370196
			35.8221376571375	-53.0103382370196
			35.7819783099882	-53.0504975841689
			35.741818962839	-53.0504975841689
			35.7016596156897	-53.0504975841689
			35.6615002685405	-53.0504975841689
			35.6213409213912	-53.0504975841689
			35.581181574242	-53.0906569313181
			35.5410222270927	-53.0906569313181
			35.5008628799434	-53.0906569313181
			35.4607035327942	-53.0906569313181
			35.4205441856449	-53.0906569313181
			35.3803848384957	-53.1308162784674
			35.3402254913464	-53.1308162784674
			35.3000661441972	-53.1308162784674
			35.2599067970479	-53.1308162784674
			35.2197474498986	-53.1308162784674
			35.2197474498986	-53.1709756256167
			35.1795881027494	-53.1709756256167
			35.1394287556001	-53.1709756256167
			35.0992694084509	-53.1709756256167
			35.0591100613016	-53.1709756256167
			35.0189507141524	-53.1709756256167
			34.9787913670031	-53.2111349727659
			34.9386320198538	-53.2111349727659
			34.8984726727046	-53.2111349727659
			34.8583133255553	-53.2111349727659
			34.8181539784061	-53.2111349727659
			34.7779946312568	-53.2512943199152
			34.7378352841076	-53.2512943199152
			34.6976759369583	-53.2512943199152
			34.657516589809	-53.2512943199152
			34.6173572426598	-53.2512943199152
			34.5771978955105	-53.2512943199152
			34.5370385483613	-53.2512943199152
			34.496879201212	-53.2914536670644
			34.4567198540628	-53.2914536670644
			34.4165605069135	-53.2914536670644
			34.3764011597642	-53.2914536670644
			34.336241812615	-53.2914536670644
			34.2960824654657	-53.2914536670644
			34.2559231183165	-53.2914536670644
			34.2157637711672	-53.2914536670644
			34.175604424018	-53.3316130142137
			34.1354450768687	-53.3316130142137
			34.0952857297194	-53.3316130142137
			34.0551263825702	-53.3316130142137
			34.0149670354209	-53.3316130142137
			33.9748076882717	-53.3316130142137
			33.9346483411224	-53.3316130142137
			33.8944889939732	-53.3316130142137
			33.8543296468239	-53.3316130142137
			33.8141702996746	-53.3717723613629
			33.7740109525254	-53.3717723613629
			33.7338516053761	-53.3717723613629
			33.6936922582269	-53.3717723613629
			33.6535329110776	-53.3717723613629
			33.6133735639284	-53.3717723613629
			33.5732142167791	-53.3717723613629
			33.5330548696298	-53.3717723613629
			33.4928955224806	-53.3717723613629
			33.4527361753313	-53.3717723613629
			33.4125768281821	-53.3717723613629
			33.3724174810328	-53.3717723613629
			33.3322581338835	-53.3717723613629
			33.2920987867343	-53.3717723613629
			33.251939439585	-53.4119317085122
			33.2117800924358	-53.4119317085122
			33.1716207452865	-53.4119317085122
			33.1314613981373	-53.4119317085122
			33.091302050988	-53.4119317085122
			33.0511427038387	-53.4119317085122
			33.0109833566895	-53.4119317085122
			32.9708240095402	-53.4119317085122
			32.930664662391	-53.4119317085122
			32.8905053152417	-53.4119317085122
			32.8503459680925	-53.4119317085122
			32.8101866209432	-53.4119317085122
			32.7700272737939	-53.4119317085122
			32.7298679266447	-53.4119317085122
			32.6897085794954	-53.4119317085122
			32.6495492323462	-53.4119317085122
			32.6093898851969	-53.4119317085122
			32.5692305380477	-53.4119317085122
			32.5290711908984	-53.4119317085122
			32.4889118437492	-53.4119317085122
			32.4487524965999	-53.4119317085122
			32.4085931494506	-53.3717723613629
			32.3684338023014	-53.3717723613629
			32.3282744551521	-53.3717723613629
			32.2881151080029	-53.3717723613629
			32.2479557608536	-53.3717723613629
			32.2077964137044	-53.3717723613629
			32.1676370665551	-53.3717723613629
			32.1274777194058	-53.3717723613629
			32.0873183722566	-53.3717723613629
			32.0471590251073	-53.3717723613629
			32.0069996779581	-53.3717723613629
			31.9668403308088	-53.3717723613629
			31.9266809836595	-53.3717723613629
			31.8865216365103	-53.3717723613629
			31.846362289361	-53.3717723613629
			31.8062029422118	-53.3316130142137
			31.7660435950625	-53.3316130142137
			31.7258842479133	-53.3316130142137
			31.685724900764	-53.3316130142137
			31.6455655536147	-53.3316130142137
			31.6054062064655	-53.3316130142137
			31.5652468593162	-53.3316130142137
			31.525087512167	-53.3316130142137
			31.4849281650177	-53.2914536670644
			31.4447688178685	-53.2914536670644
			31.4046094707192	-53.2914536670644
			31.3644501235699	-53.2914536670644
			31.3242907764207	-53.2914536670644
			31.2841314292714	-53.2914536670644
			31.2439720821222	-53.2512943199152
			31.2038127349729	-53.2512943199152
			31.1636533878237	-53.2512943199152
			31.1234940406744	-53.2512943199152
			31.0833346935251	-53.2512943199152
			31.0431753463759	-53.2111349727659
			31.0030159992266	-53.2111349727659
			30.9628566520774	-53.2111349727659
			30.9226973049281	-53.2111349727659
			30.8825379577789	-53.2111349727659
			30.8423786106296	-53.1709756256167
			30.8022192634803	-53.1709756256167
			30.7620599163311	-53.1709756256167
			30.7219005691818	-53.1709756256167
			30.6817412220326	-53.1308162784674
			30.6415818748833	-53.1308162784674
			30.6014225277341	-53.1308162784674
			30.5612631805848	-53.1308162784674
			30.5211038334355	-53.0906569313181
			30.4809444862863	-53.0906569313181
			30.440785139137	-53.0906569313181
			30.4006257919878	-53.0906569313181
			30.3604664448385	-53.0504975841689
			30.3203070976893	-53.0504975841689
			30.28014775054	-53.0504975841689
			30.2399884033907	-53.0504975841689
			30.1998290562415	-53.0103382370196
			30.1596697090922	-53.0103382370196
			30.119510361943	-52.9701788898704
			30.0793510147937	-52.9701788898704
			30.0391916676445	-52.9701788898704
			29.9990323204952	-52.9300195427211
			29.9588729733459	-52.9300195427211
			29.9187136261967	-52.9300195427211
			29.8785542790474	-52.8898601955719
			29.8383949318982	-52.8898601955719
			29.7982355847489	-52.8898601955719
			29.7580762375997	-52.8497008484226
			29.7179168904504	-52.8497008484226
			29.6777575433011	-52.8095415012733
			29.6375981961519	-52.8095415012733
			29.5974388490026	-52.8095415012733
			29.5572795018534	-52.8497008484226
			29.5171201547041	-52.8497008484226
			29.4769608075549	-52.8497008484226
			29.4368014604056	-52.8497008484226
			29.3966421132563	-52.8898601955719
			29.3564827661071	-52.8898601955719
			29.3163234189578	-52.8898601955719
			29.2761640718086	-52.8898601955719
			29.2360047246593	-52.9300195427211
			29.1958453775101	-52.9300195427211
			29.1556860303608	-52.9300195427211
			29.1155266832115	-52.9300195427211
			29.0753673360623	-52.9701788898704
			29.035207988913	-52.9701788898704
			28.9950486417638	-52.9701788898704
			28.9548892946145	-52.9701788898704
			28.9548892946145	-53.0103382370196
			28.9147299474653	-53.0103382370196
			28.874570600316	-53.0103382370196
			28.8344112531667	-53.0103382370196
			28.7942519060175	-53.0103382370196
			28.7540925588682	-53.0504975841689
			28.713933211719	-53.0504975841689
			28.6737738645697	-53.0504975841689
			28.6336145174204	-53.0504975841689
			28.5934551702712	-53.0906569313181
			28.5532958231219	-53.0906569313181
			28.5131364759727	-53.0906569313181
			28.4729771288234	-53.0906569313181
			28.4328177816742	-53.1308162784674
			28.3926584345249	-53.1308162784674
			28.3524990873756	-53.1308162784674
			28.3123397402264	-53.1308162784674
			28.2721803930771	-53.1308162784674
			28.2320210459279	-53.1709756256167
			28.1918616987786	-53.1709756256167
			28.1517023516294	-53.1709756256167
			28.1115430044801	-53.1709756256167
			28.0713836573308	-53.1709756256167
			28.0713836573308	-53.2111349727659
			28.0312243101816	-53.2111349727659
			27.9910649630323	-53.2111349727659
			27.9509056158831	-53.2111349727659
			27.9107462687338	-53.2111349727659
			27.8705869215846	-53.2512943199152
			27.8304275744353	-53.2512943199152
			27.790268227286	-53.2512943199152
			27.7501088801368	-53.2512943199152
			27.7099495329875	-53.2512943199152
			27.6697901858383	-53.2512943199152
			27.6697901858383	-53.2914536670644
			27.629630838689	-53.2914536670644
			27.5894714915398	-53.2914536670644
			27.5493121443905	-53.2914536670644
			27.5091527972412	-53.2914536670644
			27.468993450092	-53.2914536670644
			27.4288341029427	-53.3316130142137
			27.3886747557935	-53.3316130142137
			27.3485154086442	-53.3316130142137
			27.308356061495	-53.3316130142137
			27.2681967143457	-53.3316130142137
			27.2280373671964	-53.3316130142137
			27.1878780200472	-53.3316130142137
			27.1477186728979	-53.3717723613629
			27.1075593257487	-53.3717723613629
			27.0673999785994	-53.3717723613629
			27.0272406314502	-53.3717723613629
			26.9870812843009	-53.3717723613629
			26.9469219371516	-53.3717723613629
			26.9067625900024	-53.4119317085122
			26.8666032428531	-53.4119317085122
			26.8264438957039	-53.4119317085122
			26.7862845485546	-53.4119317085122
			26.7461252014054	-53.4119317085122
			26.7059658542561	-53.4119317085122
			26.6658065071068	-53.4119317085122
			26.6256471599576	-53.4119317085122
			26.5854878128083	-53.4119317085122
			26.5453284656591	-53.4119317085122
			26.5051691185098	-53.4520910556615
			26.4650097713606	-53.4520910556615
			26.4248504242113	-53.4520910556615
			26.384691077062	-53.4520910556615
			26.3445317299128	-53.4520910556615
			26.3043723827635	-53.4520910556615
			26.2642130356143	-53.4520910556615
			26.224053688465	-53.4520910556615
			26.1838943413158	-53.4520910556615
			26.1437349941665	-53.4520910556615
			26.1035756470172	-53.4520910556615
			26.063416299868	-53.4520910556615
			26.0232569527187	-53.4520910556615
			25.9830976055695	-53.4520910556615
			25.9429382584202	-53.4520910556615
			25.902778911271	-53.4520910556615
			25.8626195641217	-53.4520910556615
			25.8224602169724	-53.4922504028107
			25.7823008698232	-53.4922504028107
			25.7421415226739	-53.4922504028107
			25.7019821755247	-53.4922504028107
			25.6618228283754	-53.4922504028107
			25.6618228283754	-53.4520910556615
			25.6216634812262	-53.4520910556615
			25.5815041340769	-53.4520910556615
			25.5413447869276	-53.4520910556615
			25.5011854397784	-53.4520910556615
			25.4610260926291	-53.4520910556615
			25.4208667454799	-53.4520910556615
			25.3807073983306	-53.4520910556615
			25.3405480511814	-53.4520910556615
			25.3003887040321	-53.4520910556615
			25.2602293568828	-53.4520910556615
			25.2200700097336	-53.4520910556615
			25.1799106625843	-53.4520910556615
			25.1397513154351	-53.4520910556615
			25.0995919682858	-53.4520910556615
			25.0594326211366	-53.4119317085122
			25.0192732739873	-53.4119317085122
			24.979113926838	-53.4119317085122
			24.9389545796888	-53.4119317085122
			24.8987952325395	-53.4119317085122
			24.8586358853903	-53.3717723613629
			24.818476538241	-53.3717723613629
			24.7783171910917	-53.3717723613629
			24.7381578439425	-53.3717723613629
			24.6979984967932	-53.3316130142137
			24.657839149644	-53.3316130142137
			24.6176798024947	-53.3316130142137
			24.5775204553455	-53.3316130142137
			24.5373611081962	-53.2914536670644
			24.4972017610469	-53.2914536670644
			24.4570424138977	-53.2512943199152
			24.4168830667484	-53.2512943199152
			24.3767237195992	-53.2512943199152
			24.3365643724499	-53.2111349727659
			24.2964050253007	-53.2111349727659
			24.2562456781514	-53.1709756256167
			24.2160863310021	-53.1709756256167
			24.1759269838529	-53.1308162784674
			24.1357676367036	-53.0906569313181
			24.0956082895544	-53.0906569313181
			24.0554489424051	-53.0504975841689
			24.0152895952559	-53.0103382370196
			23.9751302481066	-52.9701788898704
			23.9349709009573	-52.9300195427211
			23.8948115538081	-52.8898601955719
			23.8546522066588	-52.9300195427211
			23.8144928595096	-52.9300195427211
			23.7743335123603	-52.9701788898704
			23.7341741652111	-52.9701788898704
			23.6940148180618	-53.0103382370196
			23.6538554709125	-53.0504975841689
			23.6136961237633	-53.0504975841689
			23.573536776614	-53.0906569313181
			23.5333774294648	-53.0906569313181
			23.4932180823155	-53.1308162784674
			23.4530587351663	-53.1308162784674
			23.412899388017	-53.1308162784674
			23.3727400408677	-53.1709756256167
			23.3325806937185	-53.1709756256167
			23.2924213465692	-53.2111349727659
			23.25226199942	-53.2111349727659
			23.2121026522707	-53.2512943199152
			23.1719433051215	-53.2512943199152
			23.1317839579722	-53.2512943199152
			23.1317839579722	-53.2914536670644
			23.0916246108229	-53.2914536670644
			23.0514652636737	-53.2914536670644
			23.0113059165244	-53.3316130142137
			22.9711465693752	-53.3316130142137
			22.9309872222259	-53.3316130142137
			22.8908278750767	-53.3717723613629
			22.8506685279274	-53.3717723613629
			22.8105091807781	-53.3717723613629
			22.7703498336289	-53.4119317085122
			22.7301904864796	-53.4119317085122
			22.6900311393304	-53.4119317085122
			22.6498717921811	-53.4520910556615
			22.6097124450319	-53.4520910556615
			22.5695530978826	-53.4520910556615
			22.5293937507333	-53.4922504028107
			22.4892344035841	-53.4922504028107
			22.4490750564348	-53.4922504028107
			22.4089157092856	-53.4922504028107
			22.3687563621363	-53.53240974996
			22.3285970149871	-53.53240974996
			22.2884376678378	-53.53240974996
			22.2482783206885	-53.53240974996
			22.2081189735393	-53.5725690971092
			22.16795962639	-53.5725690971092
			22.1278002792408	-53.5725690971092
			22.0876409320915	-53.5725690971092
			22.0474815849423	-53.6127284442585
			22.007322237793	-53.6127284442585
			21.9671628906437	-53.6127284442585
			21.9270035434945	-53.6127284442585
			21.8868441963452	-53.6127284442585
			21.846684849196	-53.6127284442585
			21.8065255020467	-53.6528877914077
			21.7663661548975	-53.6528877914077
			21.7262068077482	-53.6528877914077
			21.6860474605989	-53.6528877914077
			21.6458881134497	-53.6528877914077
			21.6057287663004	-53.6528877914077
			21.5655694191512	-53.693047138557
			21.5254100720019	-53.693047138557
			21.4852507248527	-53.693047138557
			21.4450913777034	-53.693047138557
			21.4049320305541	-53.693047138557
			21.3647726834049	-53.693047138557
			21.3246133362556	-53.693047138557
			21.2844539891064	-53.693047138557
			21.2442946419571	-53.7332064857063
			21.2041352948079	-53.7332064857063
			21.1639759476586	-53.7332064857063
			21.1238166005093	-53.7332064857063
			21.0836572533601	-53.7332064857063
			21.0434979062108	-53.7332064857063
			21.0033385590616	-53.7332064857063
			20.9631792119123	-53.7332064857063
			20.923019864763	-53.7332064857063
			20.8828605176138	-53.7332064857063
			20.8427011704645	-53.7332064857063
			20.8025418233153	-53.7332064857063
			20.762382476166	-53.7332064857063
			20.7222231290168	-53.7733658328555
			20.6820637818675	-53.7733658328555
			20.6419044347182	-53.7733658328555
			20.601745087569	-53.7733658328555
			20.5615857404197	-53.7733658328555
			20.5214263932705	-53.7733658328555
			20.4812670461212	-53.7733658328555
			20.441107698972	-53.7733658328555
			20.4009483518227	-53.7733658328555
			20.3607890046734	-53.7733658328555
			20.3206296575242	-53.7733658328555
			20.2804703103749	-53.7733658328555
			20.2403109632257	-53.7733658328555
			20.2001516160764	-53.7733658328555
			20.1599922689272	-53.7733658328555
			20.1198329217779	-53.7733658328555
			20.0796735746286	-53.7733658328555
			20.0395142274794	-53.7733658328555
			19.9993548803301	-53.7733658328555
			19.9591955331809	-53.7733658328555
			19.9190361860316	-53.7733658328555
			19.8788768388824	-53.7733658328555
			19.8387174917331	-53.7733658328555
			19.7985581445838	-53.7733658328555
			19.7583987974346	-53.7733658328555
			19.7182394502853	-53.7733658328555
			19.6780801031361	-53.7733658328555
			19.6379207559868	-53.7733658328555
			19.5977614088376	-53.7332064857063
			19.5576020616883	-53.7332064857063
			19.517442714539	-53.7332064857063
			19.4772833673898	-53.7332064857063
			19.4371240202405	-53.7332064857063
			19.3969646730913	-53.7332064857063
			19.356805325942	-53.7332064857063
			19.3166459787928	-53.7332064857063
			19.2764866316435	-53.7332064857063
			19.2363272844942	-53.7332064857063
			19.196167937345	-53.7332064857063
			19.1560085901957	-53.7332064857063
			19.1158492430465	-53.7332064857063
			19.0756898958972	-53.7332064857063
			19.035530548748	-53.7332064857063
			18.9953712015987	-53.693047138557
			18.9552118544494	-53.693047138557
			18.9150525073002	-53.693047138557
			18.8748931601509	-53.693047138557
			18.8347338130017	-53.693047138557
			18.7945744658524	-53.693047138557
			18.7544151187032	-53.693047138557
			18.7142557715539	-53.693047138557
			18.6740964244046	-53.693047138557
			18.6339370772554	-53.693047138557
			18.5937777301061	-53.6528877914077
			18.5536183829569	-53.6528877914077
			18.5134590358076	-53.6528877914077
			18.4732996886584	-53.6528877914077
			18.4331403415091	-53.6528877914077
			18.3929809943598	-53.6528877914077
			18.3528216472106	-53.6528877914077
			18.3126623000613	-53.6528877914077
			18.2725029529121	-53.6127284442585
			18.2323436057628	-53.6127284442585
			18.1921842586136	-53.6127284442585
			18.1520249114643	-53.6127284442585
		</c2>
	</curves.scaled>
	<ruler.points type=matrix rownames=TRUE colnames=FALSE nrow=2 ncol=2 as.numeric=TRUE >
		Ruler point 1	2162	269
		Ruler point 2	2411	267
	</ruler.points>
</shapes>

