<shapes type=list>
	<ruler.pixel type=vector names=FALSE length=1 as.numeric=TRUE >249.00803199897</ruler.pixel>
	<ruler.interval type=vector names=FALSE length=1 as.numeric=TRUE >10</ruler.interval>
	<scaling.units type=vector names=FALSE length=1 as.numeric=FALSE >undefined</scaling.units>
	<scaling type=vector names=FALSE length=1 as.numeric=TRUE >0.0401593471492573</scaling>
	<landmarks.pixel type=matrix rownames=TRUE colnames=FALSE nrow=2 ncol=2 as.numeric=TRUE >
		LM1	795	1255
		LM2	1946	1240
	</landmarks.pixel>
	<landmarks.scaled type=matrix rownames=TRUE colnames=FALSE nrow=2 ncol=2 as.numeric=TRUE >
		LM1	31.9266809836595	-50.3999806723179
		LM2	78.1500895524547	-49.797590465079
	</landmarks.scaled>
	<curves.control type=list>
		<c1 type=matrix rownames=FALSE colnames=FALSE nrow=11 ncol=2 as.numeric=TRUE >
			795	1255
			904	1209
			1055	1137
			1152	1091
			1295	1020
			1504	926
			1532	981
			1703	1053
			1741	1096
			1879	1184
			1946	1240
		</c1>
		<c2 type=matrix rownames=FALSE colnames=FALSE nrow=23 ncol=2 as.numeric=TRUE >
			1946	1240
			1926	1230
			1910	1235
			1892	1251
			1867	1243
			1848	1253
			1820	1246
			1795	1255
			1755	1245
			1702	1256
			1659	1243
			1600	1247
			1540	1233
			1466	1238
			1335	1233
			1259	1239
			1164	1232
			1108	1235
			1062	1235
			926	1239
			875	1247
			817	1255
			795	1255
		</c2>
	</curves.control>
	<curves.pixel type=list>
		<c1 type=matrix rownames=FALSE colnames=FALSE nrow=1200 ncol=2 as.numeric=TRUE >
			795	1255
			796	1255
			797	1254
			798	1254
			799	1253
			800	1253
			801	1252
			802	1252
			803	1251
			804	1251
			805	1251
			806	1250
			807	1250
			808	1249
			809	1249
			810	1249
			811	1248
			812	1248
			813	1247
			814	1247
			815	1246
			816	1246
			817	1246
			817	1245
			818	1245
			819	1245
			820	1244
			821	1244
			822	1243
			823	1243
			824	1243
			825	1242
			826	1242
			827	1241
			828	1241
			829	1241
			829	1240
			830	1240
			831	1239
			832	1239
			833	1239
			834	1238
			835	1238
			836	1237
			837	1237
			838	1237
			839	1236
			840	1236
			841	1235
			842	1235
			843	1235
			843	1234
			844	1234
			845	1233
			846	1233
			847	1233
			848	1232
			849	1232
			850	1231
			851	1231
			852	1230
			853	1230
			854	1230
			855	1229
			856	1229
			857	1228
			858	1228
			859	1227
			860	1227
			861	1227
			862	1226
			863	1226
			864	1225
			865	1225
			866	1224
			867	1224
			868	1223
			869	1223
			870	1223
			871	1222
			872	1222
			873	1221
			874	1221
			875	1220
			876	1220
			877	1219
			878	1219
			879	1219
			879	1218
			880	1218
			881	1218
			882	1217
			883	1217
			884	1216
			885	1216
			886	1215
			887	1215
			888	1214
			889	1214
			890	1213
			891	1213
			892	1213
			893	1212
			894	1212
			895	1211
			896	1211
			897	1211
			898	1210
			899	1209
			900	1209
			901	1209
			902	1208
			903	1208
			904	1207
			905	1207
			906	1206
			907	1206
			908	1206
			908	1205
			909	1205
			910	1205
			910	1204
			911	1204
			912	1204
			912	1203
			913	1203
			914	1203
			915	1202
			916	1202
			917	1201
			918	1201
			919	1201
			920	1200
			921	1199
			922	1199
			923	1199
			924	1198
			925	1198
			926	1197
			927	1197
			928	1196
			929	1196
			930	1195
			931	1195
			932	1195
			933	1194
			934	1194
			935	1193
			936	1193
			937	1192
			938	1192
			939	1191
			940	1191
			941	1190
			942	1190
			943	1190
			944	1189
			945	1189
			946	1188
			947	1188
			948	1187
			949	1187
			950	1186
			951	1186
			952	1185
			953	1185
			954	1184
			955	1184
			956	1183
			957	1183
			958	1183
			959	1182
			960	1182
			961	1181
			962	1181
			963	1180
			964	1180
			965	1179
			966	1179
			967	1178
			968	1178
			969	1177
			970	1177
			971	1176
			972	1176
			973	1175
			974	1175
			975	1174
			976	1174
			977	1174
			978	1173
			979	1173
			980	1172
			981	1172
			982	1171
			983	1171
			984	1170
			985	1170
			986	1170
			987	1169
			988	1169
			989	1168
			990	1168
			991	1167
			992	1167
			993	1166
			994	1166
			995	1165
			996	1165
			997	1164
			998	1164
			999	1163
			1000	1163
			1001	1163
			1001	1162
			1002	1162
			1003	1162
			1004	1161
			1005	1161
			1005	1160
			1006	1160
			1007	1160
			1008	1159
			1009	1159
			1010	1158
			1011	1158
			1012	1157
			1013	1157
			1014	1156
			1015	1156
			1016	1156
			1017	1155
			1018	1155
			1019	1154
			1020	1154
			1021	1153
			1022	1153
			1023	1152
			1024	1152
			1025	1151
			1026	1151
			1027	1150
			1028	1150
			1029	1150
			1030	1149
			1031	1149
			1032	1148
			1033	1148
			1034	1147
			1035	1147
			1036	1146
			1037	1145
			1038	1145
			1039	1145
			1040	1144
			1041	1144
			1042	1143
			1043	1143
			1044	1142
			1045	1142
			1046	1141
			1047	1141
			1048	1141
			1048	1140
			1049	1140
			1050	1139
			1051	1139
			1052	1138
			1053	1138
			1054	1138
			1055	1137
			1056	1137
			1057	1136
			1058	1136
			1059	1135
			1060	1134
			1061	1134
			1062	1134
			1063	1133
			1064	1133
			1065	1132
			1066	1132
			1067	1131
			1068	1131
			1069	1130
			1070	1130
			1071	1129
			1072	1129
			1073	1128
			1074	1128
			1075	1127
			1076	1127
			1077	1126
			1078	1126
			1079	1125
			1080	1125
			1081	1124
			1082	1124
			1083	1123
			1084	1123
			1085	1123
			1086	1122
			1087	1122
			1088	1121
			1089	1121
			1090	1120
			1091	1120
			1092	1119
			1093	1119
			1094	1118
			1095	1118
			1096	1117
			1097	1117
			1098	1117
			1099	1116
			1100	1116
			1101	1115
			1102	1114
			1103	1114
			1104	1114
			1105	1113
			1106	1113
			1107	1112
			1108	1112
			1109	1111
			1110	1111
			1111	1110
			1112	1110
			1113	1109
			1114	1109
			1115	1108
			1116	1108
			1117	1107
			1118	1107
			1119	1106
			1120	1106
			1121	1105
			1122	1105
			1123	1104
			1124	1104
			1125	1103
			1126	1103
			1127	1102
			1128	1102
			1129	1101
			1130	1101
			1131	1101
			1132	1100
			1133	1100
			1134	1099
			1135	1099
			1136	1098
			1137	1098
			1138	1097
			1139	1097
			1140	1096
			1141	1096
			1142	1095
			1143	1095
			1144	1094
			1145	1094
			1146	1093
			1147	1093
			1148	1092
			1149	1092
			1150	1091
			1151	1091
			1152	1090
			1153	1090
			1154	1089
			1155	1089
			1156	1088
			1157	1088
			1158	1087
			1159	1087
			1160	1087
			1161	1086
			1162	1086
			1162	1085
			1163	1085
			1164	1084
			1165	1084
			1166	1083
			1167	1083
			1168	1083
			1169	1082
			1170	1082
			1171	1081
			1172	1081
			1173	1080
			1174	1080
			1175	1079
			1176	1078
			1177	1078
			1178	1078
			1178	1077
			1179	1077
			1180	1077
			1180	1076
			1181	1076
			1182	1076
			1183	1075
			1184	1075
			1185	1074
			1186	1074
			1187	1073
			1188	1073
			1189	1072
			1190	1072
			1191	1071
			1192	1071
			1193	1070
			1194	1070
			1195	1069
			1196	1069
			1197	1068
			1198	1068
			1199	1067
			1200	1067
			1201	1066
			1202	1066
			1203	1065
			1204	1065
			1205	1064
			1206	1064
			1207	1063
			1208	1063
			1209	1062
			1210	1062
			1211	1061
			1212	1061
			1213	1061
			1213	1060
			1214	1060
			1215	1060
			1215	1059
			1216	1059
			1217	1059
			1218	1058
			1219	1058
			1220	1057
			1221	1057
			1221	1056
			1222	1056
			1223	1056
			1224	1055
			1225	1055
			1226	1054
			1227	1054
			1228	1053
			1229	1053
			1230	1052
			1231	1051
			1232	1051
			1233	1051
			1234	1050
			1235	1050
			1236	1049
			1237	1049
			1238	1048
			1239	1048
			1240	1047
			1241	1047
			1242	1046
			1243	1046
			1244	1045
			1245	1045
			1246	1044
			1247	1044
			1248	1043
			1249	1043
			1250	1042
			1251	1042
			1252	1041
			1253	1041
			1254	1040
			1255	1040
			1256	1039
			1257	1039
			1258	1039
			1259	1038
			1260	1038
			1261	1037
			1262	1037
			1263	1036
			1264	1036
			1265	1035
			1266	1034
			1267	1034
			1268	1033
			1269	1033
			1270	1032
			1271	1032
			1272	1031
			1273	1031
			1274	1030
			1275	1030
			1276	1030
			1277	1029
			1278	1029
			1278	1028
			1279	1028
			1280	1027
			1281	1027
			1282	1027
			1283	1026
			1284	1026
			1284	1025
			1285	1025
			1286	1024
			1287	1024
			1288	1024
			1289	1023
			1290	1023
			1291	1022
			1292	1021
			1293	1021
			1294	1020
			1295	1020
			1296	1020
			1297	1019
			1298	1019
			1299	1018
			1300	1018
			1301	1017
			1302	1017
			1303	1016
			1304	1016
			1305	1015
			1306	1015
			1307	1015
			1308	1014
			1309	1014
			1310	1013
			1311	1013
			1312	1012
			1313	1012
			1314	1012
			1315	1011
			1316	1011
			1317	1010
			1318	1010
			1319	1010
			1320	1009
			1321	1009
			1321	1008
			1322	1008
			1323	1008
			1324	1007
			1325	1007
			1326	1006
			1327	1006
			1328	1006
			1329	1005
			1330	1005
			1331	1004
			1332	1004
			1333	1003
			1334	1003
			1335	1003
			1336	1002
			1337	1002
			1338	1001
			1339	1001
			1340	1001
			1341	1000
			1342	1000
			1343	999
			1344	999
			1345	999
			1346	998
			1347	998
			1348	997
			1349	997
			1350	997
			1351	996
			1352	996
			1353	995
			1354	995
			1355	995
			1356	994
			1357	994
			1358	993
			1359	993
			1360	993
			1361	992
			1362	992
			1363	992
			1363	991
			1364	991
			1365	991
			1366	990
			1367	990
			1368	990
			1369	989
			1370	989
			1371	988
			1372	988
			1373	988
			1374	987
			1375	987
			1376	987
			1377	986
			1378	986
			1379	985
			1380	985
			1381	985
			1382	984
			1383	984
			1384	984
			1385	983
			1386	983
			1387	983
			1388	982
			1389	982
			1390	982
			1391	981
			1392	981
			1393	981
			1394	980
			1395	980
			1396	980
			1397	979
			1398	979
			1399	979
			1400	978
			1401	978
			1402	978
			1403	977
			1404	977
			1405	977
			1406	976
			1407	976
			1408	976
			1409	975
			1410	975
			1411	975
			1412	975
			1413	974
			1414	974
			1415	974
			1416	973
			1417	973
			1418	973
			1419	973
			1419	972
			1420	972
			1421	972
			1422	972
			1423	971
			1424	971
			1425	971
			1426	971
			1427	970
			1428	970
			1429	970
			1430	969
			1431	969
			1432	969
			1433	969
			1434	968
			1435	968
			1436	968
			1437	968
			1438	967
			1439	967
			1440	967
			1441	967
			1442	966
			1443	966
			1444	966
			1445	966
			1446	966
			1447	965
			1448	965
			1449	965
			1450	965
			1451	965
			1452	965
			1453	964
			1454	964
			1455	964
			1456	964
			1457	964
			1458	963
			1459	963
			1460	963
			1461	963
			1462	963
			1463	963
			1464	962
			1465	962
			1466	962
			1467	962
			1468	962
			1469	962
			1470	962
			1471	962
			1472	961
			1473	961
			1474	961
			1475	961
			1476	961
			1477	961
			1478	961
			1479	961
			1480	961
			1481	961
			1482	961
			1483	961
			1484	961
			1485	961
			1486	961
			1487	961
			1488	961
			1489	961
			1490	961
			1491	961
			1492	961
			1493	961
			1494	961
			1495	961
			1496	961
			1497	961
			1498	961
			1499	961
			1500	962
			1501	962
			1502	962
			1503	962
			1504	962
			1505	962
			1506	963
			1507	963
			1508	963
			1509	963
			1510	964
			1511	964
			1512	964
			1513	965
			1514	965
			1515	965
			1516	966
			1517	967
			1518	967
			1519	968
			1520	968
			1521	969
			1522	969
			1523	970
			1524	971
			1525	972
			1526	973
			1527	974
			1528	974
			1528	975
			1529	976
			1530	977
			1530	978
			1531	979
			1532	980
			1532	981
			1533	982
			1534	982
			1535	982
			1536	983
			1537	983
			1538	984
			1539	984
			1540	984
			1541	985
			1542	985
			1543	986
			1544	986
			1545	987
			1546	987
			1547	988
			1548	988
			1549	988
			1550	989
			1551	989
			1552	990
			1553	990
			1554	991
			1555	991
			1556	991
			1557	992
			1558	992
			1559	993
			1560	993
			1561	994
			1562	994
			1563	994
			1564	995
			1565	995
			1566	996
			1567	996
			1568	997
			1569	997
			1570	997
			1571	998
			1572	998
			1573	999
			1574	999
			1575	999
			1576	1000
			1577	1000
			1578	1001
			1579	1002
			1580	1002
			1581	1002
			1582	1003
			1583	1003
			1584	1004
			1585	1004
			1586	1004
			1587	1005
			1588	1005
			1589	1006
			1590	1006
			1591	1007
			1592	1007
			1593	1008
			1594	1008
			1595	1008
			1596	1009
			1597	1010
			1598	1010
			1599	1011
			1600	1011
			1601	1011
			1602	1012
			1603	1012
			1604	1013
			1605	1013
			1606	1014
			1607	1014
			1608	1015
			1609	1015
			1610	1016
			1611	1016
			1612	1016
			1613	1017
			1614	1017
			1614	1018
			1615	1018
			1616	1019
			1617	1019
			1618	1019
			1619	1020
			1620	1020
			1621	1021
			1622	1021
			1623	1022
			1624	1022
			1625	1023
			1626	1023
			1627	1024
			1628	1024
			1629	1025
			1630	1025
			1631	1026
			1632	1026
			1633	1027
			1634	1027
			1635	1028
			1636	1028
			1637	1029
			1638	1029
			1639	1029
			1639	1030
			1640	1030
			1641	1031
			1642	1031
			1643	1032
			1644	1032
			1645	1033
			1646	1033
			1647	1034
			1648	1034
			1649	1035
			1650	1035
			1651	1036
			1652	1036
			1653	1037
			1654	1037
			1655	1038
			1656	1038
			1657	1039
			1658	1039
			1658	1040
			1659	1040
			1660	1041
			1661	1041
			1662	1042
			1663	1042
			1664	1043
			1665	1043
			1666	1044
			1667	1044
			1668	1045
			1669	1046
			1670	1046
			1671	1047
			1672	1047
			1673	1048
			1674	1048
			1675	1049
			1676	1049
			1677	1050
			1678	1051
			1679	1051
			1680	1052
			1681	1052
			1682	1053
			1683	1053
			1684	1054
			1685	1054
			1686	1055
			1687	1056
			1688	1056
			1689	1057
			1690	1057
			1690	1058
			1691	1058
			1692	1059
			1693	1059
			1694	1060
			1695	1060
			1696	1061
			1697	1061
			1697	1062
			1698	1062
			1699	1063
			1700	1063
			1701	1064
			1702	1065
			1703	1066
			1704	1066
			1705	1067
			1706	1067
			1707	1068
			1708	1069
			1709	1069
			1710	1070
			1711	1071
			1712	1072
			1713	1072
			1714	1073
			1715	1074
			1716	1075
			1717	1075
			1718	1076
			1719	1077
			1720	1077
			1721	1078
			1722	1079
			1723	1079
			1724	1080
			1725	1081
			1725	1082
			1726	1082
			1727	1083
			1728	1084
			1729	1084
			1730	1085
			1730	1086
			1731	1086
			1732	1087
			1733	1088
			1734	1089
			1735	1090
			1736	1090
			1736	1091
			1737	1092
			1738	1093
			1739	1093
			1739	1094
			1740	1095
			1741	1096
			1742	1097
			1743	1097
			1744	1098
			1745	1098
			1746	1099
			1747	1100
			1748	1101
			1749	1101
			1750	1102
			1751	1103
			1752	1103
			1753	1104
			1754	1104
			1755	1105
			1756	1106
			1757	1106
			1758	1107
			1759	1108
			1760	1108
			1761	1109
			1762	1110
			1763	1110
			1764	1111
			1765	1111
			1766	1112
			1767	1113
			1768	1113
			1769	1114
			1770	1115
			1771	1115
			1772	1116
			1773	1116
			1774	1117
			1775	1118
			1776	1118
			1777	1119
			1777	1120
			1778	1120
			1779	1121
			1780	1121
			1781	1122
			1782	1123
			1783	1123
			1784	1124
			1785	1124
			1786	1125
			1787	1126
			1788	1126
			1789	1127
			1790	1127
			1790	1128
			1791	1129
			1792	1129
			1793	1130
			1794	1130
			1795	1131
			1796	1132
			1797	1132
			1798	1133
			1799	1133
			1800	1134
			1800	1135
			1801	1135
			1802	1136
			1803	1136
			1804	1137
			1805	1138
			1806	1138
			1807	1139
			1808	1139
			1808	1140
			1809	1141
			1810	1141
			1811	1142
			1812	1142
			1813	1143
			1814	1143
			1815	1144
			1815	1145
			1816	1145
			1817	1146
			1818	1146
			1819	1147
			1820	1147
			1821	1148
			1821	1149
			1822	1149
			1823	1150
			1824	1150
			1825	1151
			1826	1151
			1827	1152
			1827	1153
			1828	1153
			1829	1154
			1830	1154
			1831	1155
			1832	1155
			1832	1156
			1833	1157
			1834	1157
			1835	1158
			1836	1158
			1836	1159
			1837	1159
			1838	1160
			1839	1160
			1840	1161
			1840	1162
			1841	1162
			1842	1163
			1843	1163
			1844	1164
			1845	1165
			1846	1166
			1847	1166
			1848	1167
			1849	1168
			1850	1168
			1851	1169
			1852	1169
			1853	1170
			1854	1171
			1855	1171
			1856	1172
			1857	1173
			1858	1174
			1859	1175
			1860	1175
			1861	1176
			1862	1177
			1863	1177
			1864	1178
			1865	1179
			1866	1179
			1866	1180
			1867	1180
			1868	1181
			1869	1181
			1870	1182
			1871	1183
			1872	1184
			1873	1184
			1874	1185
			1875	1185
			1876	1186
			1876	1187
			1877	1187
			1878	1188
			1879	1189
			1880	1189
			1881	1190
			1882	1191
			1883	1191
			1883	1192
			1884	1192
			1885	1193
			1886	1194
			1887	1194
			1888	1195
			1889	1196
			1890	1197
			1891	1198
			1892	1198
			1893	1199
			1894	1200
			1895	1200
			1896	1201
			1897	1202
			1898	1203
			1899	1203
			1900	1204
			1901	1205
			1902	1206
			1903	1206
			1904	1207
			1905	1208
			1906	1208
			1907	1209
			1908	1210
			1909	1210
			1910	1211
			1911	1212
			1911	1213
			1912	1213
			1913	1214
			1914	1215
			1915	1215
			1916	1216
			1917	1217
			1918	1217
			1919	1218
			1920	1219
			1921	1220
			1922	1221
			1923	1222
			1924	1223
			1925	1223
			1926	1224
			1927	1225
			1928	1226
			1929	1227
			1930	1227
			1931	1228
			1932	1229
			1933	1230
			1934	1230
			1935	1231
			1936	1232
			1937	1233
			1938	1233
			1939	1234
			1940	1235
			1941	1236
			1942	1237
			1943	1237
			1944	1238
			1945	1239
			1945	1240
			1946	1240
		</c1>
		<c2 type=matrix rownames=FALSE colnames=FALSE nrow=1164 ncol=2 as.numeric=TRUE >
			1946	1240
			1945	1240
			1944	1239
			1943	1239
			1942	1238
			1941	1238
			1940	1237
			1939	1237
			1938	1237
			1937	1236
			1936	1236
			1935	1236
			1935	1235
			1934	1235
			1933	1235
			1932	1235
			1931	1235
			1930	1234
			1929	1234
			1928	1234
			1927	1234
			1926	1234
			1925	1234
			1924	1233
			1923	1233
			1922	1233
			1921	1233
			1920	1233
			1919	1233
			1918	1233
			1917	1234
			1916	1234
			1915	1234
			1914	1234
			1913	1234
			1912	1235
			1911	1235
			1910	1235
			1909	1236
			1908	1237
			1907	1237
			1906	1238
			1905	1239
			1904	1239
			1904	1240
			1903	1240
			1902	1241
			1901	1241
			1900	1242
			1899	1242
			1898	1243
			1897	1243
			1896	1243
			1895	1244
			1894	1244
			1893	1244
			1892	1245
			1891	1245
			1890	1245
			1889	1245
			1888	1245
			1887	1245
			1886	1246
			1885	1246
			1884	1246
			1883	1246
			1882	1246
			1881	1246
			1880	1246
			1879	1245
			1878	1245
			1877	1245
			1876	1245
			1875	1245
			1874	1245
			1873	1245
			1872	1244
			1871	1244
			1870	1244
			1869	1244
			1868	1243
			1867	1243
			1866	1244
			1865	1244
			1864	1244
			1864	1245
			1863	1245
			1862	1245
			1861	1246
			1860	1246
			1859	1246
			1858	1247
			1857	1247
			1856	1247
			1855	1248
			1854	1248
			1853	1248
			1852	1248
			1851	1248
			1850	1248
			1849	1248
			1848	1249
			1847	1249
			1846	1249
			1845	1249
			1844	1249
			1843	1249
			1842	1249
			1841	1249
			1840	1249
			1839	1249
			1838	1249
			1837	1249
			1836	1249
			1835	1249
			1834	1249
			1834	1248
			1833	1248
			1832	1248
			1831	1248
			1830	1248
			1829	1248
			1828	1248
			1827	1248
			1826	1247
			1825	1247
			1824	1247
			1823	1247
			1822	1246
			1821	1246
			1820	1246
			1819	1246
			1818	1247
			1817	1247
			1816	1247
			1815	1248
			1814	1248
			1813	1248
			1812	1248
			1811	1249
			1810	1249
			1809	1249
			1808	1249
			1807	1249
			1806	1249
			1805	1250
			1804	1250
			1803	1250
			1802	1250
			1801	1250
			1800	1250
			1799	1250
			1798	1250
			1797	1250
			1796	1250
			1795	1250
			1794	1250
			1793	1250
			1792	1250
			1791	1250
			1790	1250
			1789	1250
			1788	1250
			1787	1250
			1786	1250
			1785	1250
			1784	1250
			1783	1250
			1782	1250
			1781	1250
			1780	1250
			1779	1249
			1778	1249
			1777	1249
			1776	1249
			1775	1249
			1774	1249
			1773	1249
			1772	1248
			1771	1248
			1770	1248
			1769	1248
			1768	1248
			1767	1248
			1766	1247
			1765	1247
			1764	1247
			1763	1247
			1762	1247
			1761	1246
			1760	1246
			1759	1246
			1758	1246
			1757	1245
			1756	1245
			1755	1245
			1754	1245
			1753	1245
			1752	1246
			1751	1246
			1750	1246
			1749	1246
			1748	1246
			1747	1247
			1746	1247
			1745	1247
			1744	1247
			1743	1247
			1742	1247
			1741	1248
			1740	1248
			1739	1248
			1738	1248
			1737	1248
			1736	1248
			1735	1248
			1734	1249
			1733	1249
			1732	1249
			1731	1249
			1730	1249
			1729	1249
			1728	1249
			1727	1249
			1726	1249
			1725	1249
			1724	1249
			1723	1250
			1722	1250
			1721	1250
			1720	1250
			1719	1250
			1718	1250
			1717	1250
			1716	1250
			1715	1250
			1714	1250
			1713	1250
			1712	1250
			1711	1250
			1710	1250
			1709	1250
			1708	1250
			1707	1250
			1706	1250
			1705	1250
			1704	1250
			1703	1250
			1702	1250
			1701	1250
			1700	1250
			1699	1250
			1698	1250
			1697	1250
			1696	1250
			1695	1250
			1694	1249
			1693	1249
			1692	1249
			1691	1249
			1690	1249
			1689	1249
			1688	1249
			1687	1249
			1686	1249
			1685	1249
			1685	1248
			1684	1248
			1683	1248
			1682	1248
			1681	1248
			1680	1248
			1679	1248
			1678	1247
			1677	1247
			1676	1247
			1675	1247
			1674	1247
			1673	1247
			1673	1246
			1672	1246
			1671	1246
			1670	1246
			1669	1246
			1668	1245
			1667	1245
			1666	1245
			1665	1245
			1664	1245
			1664	1244
			1663	1244
			1662	1244
			1661	1244
			1660	1243
			1659	1243
			1658	1243
			1657	1243
			1656	1243
			1655	1243
			1654	1243
			1653	1243
			1652	1243
			1651	1243
			1650	1244
			1649	1244
			1648	1244
			1647	1244
			1646	1244
			1645	1244
			1644	1244
			1643	1244
			1642	1244
			1641	1244
			1640	1244
			1639	1244
			1638	1244
			1637	1244
			1636	1244
			1635	1244
			1634	1244
			1633	1244
			1632	1244
			1631	1244
			1630	1244
			1629	1244
			1628	1244
			1627	1244
			1626	1244
			1625	1244
			1624	1244
			1623	1244
			1622	1244
			1621	1244
			1620	1244
			1619	1244
			1618	1244
			1617	1244
			1616	1244
			1615	1243
			1614	1243
			1613	1243
			1612	1243
			1611	1243
			1610	1243
			1609	1243
			1608	1243
			1607	1243
			1606	1243
			1605	1243
			1604	1243
			1603	1243
			1602	1243
			1601	1243
			1600	1242
			1599	1242
			1598	1242
			1597	1242
			1596	1242
			1595	1242
			1594	1242
			1593	1242
			1592	1242
			1591	1242
			1590	1242
			1589	1241
			1588	1241
			1587	1241
			1586	1241
			1585	1241
			1584	1241
			1583	1241
			1582	1241
			1581	1240
			1580	1240
			1579	1240
			1578	1240
			1577	1240
			1576	1240
			1575	1240
			1574	1240
			1573	1239
			1572	1239
			1571	1239
			1570	1239
			1569	1239
			1568	1239
			1567	1238
			1566	1238
			1565	1238
			1564	1238
			1563	1238
			1562	1238
			1561	1237
			1560	1237
			1559	1237
			1558	1237
			1557	1237
			1556	1237
			1556	1236
			1555	1236
			1554	1236
			1553	1236
			1552	1236
			1551	1235
			1550	1235
			1549	1235
			1548	1235
			1547	1235
			1546	1234
			1545	1234
			1544	1234
			1543	1234
			1542	1233
			1541	1233
			1540	1233
			1539	1233
			1538	1233
			1537	1233
			1536	1233
			1535	1233
			1534	1233
			1533	1233
			1532	1233
			1531	1234
			1530	1234
			1529	1234
			1528	1234
			1527	1234
			1526	1234
			1525	1234
			1524	1234
			1523	1234
			1522	1234
			1521	1234
			1520	1234
			1519	1234
			1518	1234
			1517	1234
			1516	1234
			1515	1234
			1514	1234
			1513	1234
			1512	1234
			1511	1234
			1510	1235
			1509	1235
			1508	1235
			1507	1235
			1506	1235
			1505	1235
			1504	1235
			1503	1235
			1502	1235
			1501	1235
			1500	1235
			1499	1235
			1498	1235
			1497	1235
			1496	1235
			1495	1235
			1494	1235
			1493	1235
			1492	1235
			1491	1235
			1490	1235
			1489	1235
			1488	1235
			1487	1235
			1486	1235
			1485	1235
			1484	1235
			1483	1235
			1482	1235
			1481	1235
			1480	1235
			1479	1235
			1478	1235
			1477	1235
			1476	1235
			1475	1235
			1474	1235
			1473	1235
			1472	1235
			1471	1235
			1470	1235
			1469	1235
			1468	1235
			1467	1235
			1466	1235
			1465	1235
			1464	1235
			1463	1235
			1462	1235
			1461	1235
			1460	1235
			1459	1235
			1458	1235
			1457	1235
			1456	1235
			1455	1235
			1454	1235
			1453	1235
			1452	1235
			1451	1235
			1450	1235
			1449	1235
			1448	1235
			1447	1235
			1446	1235
			1445	1235
			1444	1235
			1443	1235
			1442	1235
			1441	1235
			1440	1235
			1439	1235
			1438	1235
			1437	1235
			1436	1235
			1435	1235
			1434	1235
			1433	1235
			1432	1235
			1431	1235
			1430	1235
			1429	1235
			1428	1235
			1427	1235
			1426	1235
			1425	1235
			1424	1235
			1423	1235
			1422	1235
			1421	1235
			1420	1235
			1419	1235
			1418	1235
			1417	1235
			1416	1235
			1415	1235
			1414	1235
			1413	1235
			1412	1235
			1411	1235
			1410	1235
			1409	1235
			1408	1235
			1407	1235
			1406	1235
			1405	1235
			1404	1235
			1403	1235
			1402	1235
			1401	1235
			1400	1235
			1399	1235
			1398	1235
			1397	1235
			1396	1235
			1395	1235
			1394	1235
			1393	1235
			1392	1235
			1391	1235
			1390	1235
			1389	1235
			1388	1235
			1387	1235
			1386	1235
			1385	1235
			1384	1235
			1383	1235
			1382	1235
			1381	1234
			1380	1234
			1379	1234
			1378	1234
			1377	1234
			1376	1234
			1375	1234
			1374	1234
			1373	1234
			1372	1234
			1371	1234
			1370	1234
			1369	1234
			1368	1234
			1367	1234
			1366	1234
			1365	1234
			1364	1234
			1363	1234
			1362	1234
			1361	1234
			1360	1234
			1359	1234
			1358	1234
			1357	1234
			1356	1234
			1355	1234
			1354	1234
			1353	1234
			1352	1234
			1351	1234
			1350	1234
			1349	1234
			1348	1233
			1347	1233
			1346	1233
			1345	1233
			1344	1233
			1343	1233
			1342	1233
			1341	1233
			1340	1233
			1339	1233
			1338	1233
			1337	1233
			1336	1233
			1335	1233
			1334	1233
			1333	1233
			1332	1233
			1331	1233
			1330	1233
			1329	1233
			1328	1233
			1328	1234
			1327	1234
			1326	1234
			1325	1234
			1324	1234
			1323	1234
			1322	1234
			1321	1234
			1320	1234
			1319	1234
			1318	1234
			1317	1234
			1316	1234
			1315	1234
			1314	1234
			1313	1234
			1312	1234
			1311	1235
			1310	1235
			1309	1235
			1308	1235
			1307	1235
			1306	1235
			1305	1235
			1304	1235
			1303	1235
			1302	1235
			1301	1235
			1300	1235
			1299	1235
			1298	1235
			1297	1235
			1296	1235
			1295	1235
			1294	1235
			1293	1235
			1292	1235
			1291	1235
			1290	1235
			1289	1235
			1288	1235
			1287	1235
			1286	1235
			1285	1235
			1284	1236
			1283	1236
			1282	1236
			1281	1236
			1280	1236
			1279	1236
			1278	1236
			1277	1236
			1276	1236
			1275	1236
			1274	1236
			1273	1236
			1272	1236
			1271	1236
			1270	1236
			1269	1236
			1268	1236
			1267	1236
			1266	1236
			1265	1236
			1264	1236
			1263	1236
			1262	1236
			1261	1236
			1260	1236
			1259	1236
			1258	1236
			1257	1236
			1256	1236
			1255	1236
			1254	1236
			1253	1236
			1252	1236
			1251	1236
			1250	1236
			1249	1236
			1248	1236
			1247	1236
			1246	1236
			1245	1236
			1244	1236
			1243	1236
			1242	1236
			1241	1236
			1240	1236
			1239	1236
			1238	1236
			1237	1236
			1236	1235
			1235	1235
			1234	1235
			1233	1235
			1232	1235
			1231	1235
			1230	1235
			1229	1235
			1228	1235
			1227	1235
			1226	1235
			1225	1235
			1224	1235
			1223	1235
			1222	1235
			1221	1235
			1220	1235
			1219	1235
			1218	1235
			1217	1235
			1216	1235
			1215	1235
			1214	1235
			1213	1235
			1212	1235
			1211	1235
			1210	1235
			1209	1235
			1208	1235
			1207	1235
			1206	1234
			1205	1234
			1204	1234
			1203	1234
			1202	1234
			1201	1234
			1200	1234
			1199	1234
			1198	1234
			1197	1234
			1196	1234
			1195	1234
			1194	1234
			1193	1234
			1192	1234
			1191	1234
			1190	1234
			1189	1234
			1188	1234
			1187	1234
			1186	1233
			1185	1233
			1184	1233
			1183	1233
			1182	1233
			1181	1233
			1180	1233
			1179	1233
			1178	1233
			1177	1233
			1176	1233
			1175	1233
			1174	1233
			1173	1233
			1172	1233
			1171	1232
			1170	1232
			1169	1232
			1168	1232
			1167	1232
			1166	1232
			1165	1232
			1164	1232
			1163	1232
			1162	1232
			1161	1232
			1160	1232
			1159	1232
			1158	1232
			1157	1232
			1156	1232
			1155	1232
			1154	1233
			1153	1233
			1152	1233
			1151	1233
			1150	1233
			1149	1233
			1148	1233
			1147	1233
			1146	1233
			1145	1233
			1144	1233
			1143	1233
			1142	1233
			1141	1233
			1140	1233
			1139	1233
			1138	1233
			1137	1233
			1136	1233
			1135	1233
			1134	1233
			1133	1233
			1132	1234
			1131	1234
			1130	1234
			1129	1234
			1128	1234
			1127	1234
			1126	1234
			1125	1234
			1124	1234
			1123	1234
			1122	1234
			1121	1234
			1120	1234
			1119	1234
			1118	1234
			1117	1234
			1116	1234
			1115	1234
			1114	1234
			1113	1234
			1112	1234
			1111	1234
			1110	1234
			1109	1234
			1108	1234
			1107	1234
			1106	1234
			1105	1234
			1104	1234
			1103	1234
			1102	1234
			1101	1235
			1100	1235
			1099	1235
			1098	1235
			1097	1235
			1096	1235
			1095	1235
			1094	1235
			1093	1235
			1092	1235
			1091	1235
			1090	1235
			1089	1235
			1088	1235
			1087	1235
			1086	1235
			1085	1235
			1084	1235
			1083	1235
			1082	1235
			1081	1235
			1080	1235
			1079	1235
			1078	1235
			1077	1235
			1076	1235
			1075	1235
			1074	1235
			1073	1235
			1072	1235
			1071	1235
			1070	1235
			1069	1235
			1068	1235
			1067	1235
			1066	1235
			1065	1235
			1064	1235
			1063	1235
			1062	1235
			1061	1235
			1060	1235
			1059	1235
			1058	1235
			1057	1235
			1056	1235
			1055	1235
			1054	1235
			1053	1235
			1052	1235
			1051	1235
			1050	1235
			1049	1235
			1048	1235
			1047	1235
			1046	1235
			1046	1236
			1045	1236
			1044	1236
			1043	1236
			1042	1236
			1041	1236
			1040	1236
			1039	1236
			1038	1236
			1037	1236
			1036	1236
			1035	1236
			1034	1236
			1033	1236
			1032	1236
			1031	1236
			1030	1236
			1029	1236
			1028	1236
			1027	1236
			1026	1236
			1025	1236
			1024	1236
			1023	1236
			1022	1236
			1021	1236
			1020	1236
			1019	1236
			1018	1236
			1017	1237
			1016	1237
			1015	1237
			1014	1237
			1013	1237
			1012	1237
			1011	1237
			1010	1237
			1009	1237
			1008	1237
			1007	1237
			1006	1237
			1005	1237
			1004	1237
			1003	1237
			1002	1237
			1001	1237
			1000	1237
			999	1237
			998	1237
			997	1237
			996	1237
			995	1237
			994	1237
			994	1238
			993	1238
			992	1238
			991	1238
			990	1238
			989	1238
			988	1238
			987	1238
			986	1238
			985	1238
			984	1238
			983	1238
			982	1238
			981	1238
			980	1238
			979	1238
			978	1238
			977	1238
			976	1238
			975	1238
			974	1238
			973	1239
			972	1239
			971	1239
			970	1239
			969	1239
			968	1239
			967	1239
			966	1239
			965	1239
			964	1239
			963	1239
			962	1239
			961	1239
			960	1239
			959	1239
			958	1239
			957	1239
			956	1239
			955	1240
			954	1240
			953	1240
			952	1240
			951	1240
			950	1240
			949	1240
			948	1240
			947	1240
			946	1240
			945	1240
			944	1240
			943	1240
			942	1240
			941	1240
			940	1240
			939	1241
			938	1241
			937	1241
			936	1241
			935	1241
			934	1241
			933	1241
			932	1241
			931	1241
			930	1241
			929	1241
			928	1241
			927	1241
			926	1242
			925	1242
			924	1242
			923	1242
			922	1242
			921	1242
			920	1242
			919	1242
			918	1242
			917	1242
			916	1242
			915	1242
			914	1243
			913	1243
			912	1243
			911	1243
			910	1243
			909	1243
			908	1243
			907	1243
			906	1243
			905	1243
			904	1243
			903	1244
			902	1244
			901	1244
			900	1244
			899	1244
			898	1244
			897	1244
			896	1244
			895	1244
			894	1244
			894	1245
			893	1245
			892	1245
			891	1245
			890	1245
			889	1245
			888	1245
			887	1245
			886	1245
			885	1246
			884	1246
			883	1246
			882	1246
			881	1246
			880	1246
			879	1246
			878	1247
			877	1247
			876	1247
			875	1247
			874	1247
			873	1247
			872	1247
			871	1248
			870	1248
			869	1248
			868	1248
			867	1248
			866	1248
			865	1248
			864	1249
			863	1249
			862	1249
			861	1249
			860	1249
			859	1249
			858	1249
			857	1249
			856	1250
			855	1250
			854	1250
			853	1250
			852	1250
			851	1250
			850	1250
			849	1250
			848	1251
			847	1251
			846	1251
			845	1251
			844	1251
			843	1251
			842	1251
			841	1251
			840	1251
			839	1252
			838	1252
			837	1252
			836	1252
			835	1252
			834	1252
			833	1252
			832	1252
			831	1253
			830	1253
			829	1253
			828	1253
			827	1253
			826	1253
			825	1253
			824	1253
			823	1253
			822	1253
			821	1254
			820	1254
			819	1254
			818	1254
			817	1254
			816	1254
			815	1254
			814	1254
			813	1254
			812	1254
			811	1254
			810	1254
			809	1254
			808	1255
			807	1255
			806	1255
			805	1255
			804	1255
			803	1255
			802	1255
			801	1255
			800	1255
			799	1255
			798	1255
			797	1255
			796	1255
			795	1255
		</c2>
	</curves.pixel>
	<curves.scaled type=list>
		<c1 type=matrix rownames=FALSE colnames=FALSE nrow=1200 ncol=2 as.numeric=TRUE >
			31.9266809836595	-50.3999806723179
			31.9668403308088	-50.3999806723179
			32.0069996779581	-50.3598213251686
			32.0471590251073	-50.3598213251686
			32.0873183722566	-50.3196619780194
			32.1274777194058	-50.3196619780194
			32.1676370665551	-50.2795026308701
			32.2077964137044	-50.2795026308701
			32.2479557608536	-50.2393432837209
			32.2881151080029	-50.2393432837209
			32.3282744551521	-50.2393432837209
			32.3684338023014	-50.1991839365716
			32.4085931494506	-50.1991839365716
			32.4487524965999	-50.1590245894224
			32.4889118437492	-50.1590245894224
			32.5290711908984	-50.1590245894224
			32.5692305380477	-50.1188652422731
			32.6093898851969	-50.1188652422731
			32.6495492323462	-50.0787058951238
			32.6897085794954	-50.0787058951238
			32.7298679266447	-50.0385465479746
			32.7700272737939	-50.0385465479746
			32.8101866209432	-50.0385465479746
			32.8101866209432	-49.9983872008253
			32.8503459680925	-49.9983872008253
			32.8905053152417	-49.9983872008253
			32.930664662391	-49.9582278536761
			32.9708240095402	-49.9582278536761
			33.0109833566895	-49.9180685065268
			33.0511427038387	-49.9180685065268
			33.091302050988	-49.9180685065268
			33.1314613981373	-49.8779091593776
			33.1716207452865	-49.8779091593776
			33.2117800924358	-49.8377498122283
			33.251939439585	-49.8377498122283
			33.2920987867343	-49.8377498122283
			33.2920987867343	-49.797590465079
			33.3322581338835	-49.797590465079
			33.3724174810328	-49.7574311179298
			33.4125768281821	-49.7574311179298
			33.4527361753313	-49.7574311179298
			33.4928955224806	-49.7172717707805
			33.5330548696298	-49.7172717707805
			33.5732142167791	-49.6771124236313
			33.6133735639284	-49.6771124236313
			33.6535329110776	-49.6771124236313
			33.6936922582269	-49.636953076482
			33.7338516053761	-49.636953076482
			33.7740109525254	-49.5967937293328
			33.8141702996746	-49.5967937293328
			33.8543296468239	-49.5967937293328
			33.8543296468239	-49.5566343821835
			33.8944889939732	-49.5566343821835
			33.9346483411224	-49.5164750350342
			33.9748076882717	-49.5164750350342
			34.0149670354209	-49.5164750350342
			34.0551263825702	-49.476315687885
			34.0952857297194	-49.476315687885
			34.1354450768687	-49.4361563407357
			34.175604424018	-49.4361563407357
			34.2157637711672	-49.3959969935865
			34.2559231183165	-49.3959969935865
			34.2960824654657	-49.3959969935865
			34.336241812615	-49.3558376464372
			34.3764011597642	-49.3558376464372
			34.4165605069135	-49.315678299288
			34.4567198540628	-49.315678299288
			34.496879201212	-49.2755189521387
			34.5370385483613	-49.2755189521387
			34.5771978955105	-49.2755189521387
			34.6173572426598	-49.2353596049894
			34.657516589809	-49.2353596049894
			34.6976759369583	-49.1952002578402
			34.7378352841076	-49.1952002578402
			34.7779946312568	-49.1550409106909
			34.8181539784061	-49.1550409106909
			34.8583133255553	-49.1148815635417
			34.8984726727046	-49.1148815635417
			34.9386320198538	-49.1148815635417
			34.9787913670031	-49.0747222163924
			35.0189507141524	-49.0747222163924
			35.0591100613016	-49.0345628692432
			35.0992694084509	-49.0345628692432
			35.1394287556001	-48.9944035220939
			35.1795881027494	-48.9944035220939
			35.2197474498986	-48.9542441749446
			35.2599067970479	-48.9542441749446
			35.3000661441972	-48.9542441749446
			35.3000661441972	-48.9140848277954
			35.3402254913464	-48.9140848277954
			35.3803848384957	-48.9140848277954
			35.4205441856449	-48.8739254806461
			35.4607035327942	-48.8739254806461
			35.5008628799434	-48.8337661334969
			35.5410222270927	-48.8337661334969
			35.581181574242	-48.7936067863476
			35.6213409213912	-48.7936067863476
			35.6615002685405	-48.7534474391984
			35.7016596156897	-48.7534474391984
			35.741818962839	-48.7132880920491
			35.7819783099882	-48.7132880920491
			35.8221376571375	-48.7132880920491
			35.8622970042868	-48.6731287448998
			35.902456351436	-48.6731287448998
			35.9426156985853	-48.6329693977506
			35.9827750457345	-48.6329693977506
			36.0229343928838	-48.6329693977506
			36.063093740033	-48.5928100506013
			36.1032530871823	-48.5526507034521
			36.1434124343316	-48.5526507034521
			36.1835717814808	-48.5526507034521
			36.2237311286301	-48.5124913563028
			36.2638904757793	-48.5124913563028
			36.3040498229286	-48.4723320091536
			36.3442091700778	-48.4723320091536
			36.3843685172271	-48.4321726620043
			36.4245278643764	-48.4321726620043
			36.4646872115256	-48.4321726620043
			36.4646872115256	-48.392013314855
			36.5048465586749	-48.392013314855
			36.5450059058241	-48.392013314855
			36.5450059058241	-48.3518539677058
			36.5851652529734	-48.3518539677058
			36.6253246001227	-48.3518539677058
			36.6253246001227	-48.3116946205565
			36.6654839472719	-48.3116946205565
			36.7056432944212	-48.3116946205565
			36.7458026415704	-48.2715352734073
			36.7859619887197	-48.2715352734073
			36.8261213358689	-48.231375926258
			36.8662806830182	-48.231375926258
			36.9064400301675	-48.231375926258
			36.9465993773167	-48.1912165791087
			36.986758724466	-48.1510572319595
			37.0269180716152	-48.1510572319595
			37.0670774187645	-48.1510572319595
			37.1072367659137	-48.1108978848102
			37.147396113063	-48.1108978848102
			37.1875554602123	-48.070738537661
			37.2277148073615	-48.070738537661
			37.2678741545108	-48.0305791905117
			37.30803350166	-48.0305791905117
			37.3481928488093	-47.9904198433625
			37.3883521959585	-47.9904198433625
			37.4285115431078	-47.9904198433625
			37.4686708902571	-47.9502604962132
			37.5088302374063	-47.9502604962132
			37.5489895845556	-47.9101011490639
			37.5891489317048	-47.9101011490639
			37.6293082788541	-47.8699418019147
			37.6694676260033	-47.8699418019147
			37.7096269731526	-47.8297824547654
			37.7497863203019	-47.8297824547654
			37.7899456674511	-47.7896231076162
			37.8301050146004	-47.7896231076162
			37.8702643617496	-47.7896231076162
			37.9104237088989	-47.7494637604669
			37.9505830560481	-47.7494637604669
			37.9907424031974	-47.7093044133177
			38.0309017503467	-47.7093044133177
			38.0710610974959	-47.6691450661684
			38.1112204446452	-47.6691450661684
			38.1513797917944	-47.6289857190191
			38.1915391389437	-47.6289857190191
			38.2316984860929	-47.5888263718699
			38.2718578332422	-47.5888263718699
			38.3120171803915	-47.5486670247206
			38.3521765275407	-47.5486670247206
			38.39233587469	-47.5085076775714
			38.4324952218392	-47.5085076775714
			38.4726545689885	-47.5085076775714
			38.5128139161377	-47.4683483304221
			38.552973263287	-47.4683483304221
			38.5931326104363	-47.4281889832729
			38.6332919575855	-47.4281889832729
			38.6734513047348	-47.3880296361236
			38.713610651884	-47.3880296361236
			38.7537699990333	-47.3478702889743
			38.7939293461825	-47.3478702889743
			38.8340886933318	-47.3077109418251
			38.8742480404811	-47.3077109418251
			38.9144073876303	-47.2675515946758
			38.9545667347796	-47.2675515946758
			38.9947260819288	-47.2273922475266
			39.0348854290781	-47.2273922475266
			39.0750447762273	-47.1872329003773
			39.1152041233766	-47.1872329003773
			39.1553634705259	-47.1470735532281
			39.1955228176751	-47.1470735532281
			39.2356821648244	-47.1470735532281
			39.2758415119736	-47.1069142060788
			39.3160008591229	-47.1069142060788
			39.3561602062721	-47.0667548589295
			39.3963195534214	-47.0667548589295
			39.4364789005707	-47.0265955117803
			39.4766382477199	-47.0265955117803
			39.5167975948692	-46.986436164631
			39.5569569420184	-46.986436164631
			39.5971162891677	-46.986436164631
			39.637275636317	-46.9462768174818
			39.6774349834662	-46.9462768174818
			39.7175943306155	-46.9061174703325
			39.7577536777647	-46.9061174703325
			39.797913024914	-46.8659581231833
			39.8380723720632	-46.8659581231833
			39.8782317192125	-46.825798776034
			39.9183910663617	-46.825798776034
			39.958550413511	-46.7856394288847
			39.9987097606603	-46.7856394288847
			40.0388691078095	-46.7454800817355
			40.0790284549588	-46.7454800817355
			40.119187802108	-46.7053207345862
			40.1593471492573	-46.7053207345862
			40.1995064964065	-46.7053207345862
			40.1995064964065	-46.665161387437
			40.2396658435558	-46.665161387437
			40.2798251907051	-46.665161387437
			40.3199845378543	-46.6250020402877
			40.3601438850036	-46.6250020402877
			40.3601438850036	-46.5848426931385
			40.4003032321528	-46.5848426931385
			40.4404625793021	-46.5848426931385
			40.4806219264513	-46.5446833459892
			40.5207812736006	-46.5446833459892
			40.5609406207499	-46.5045239988399
			40.6010999678991	-46.5045239988399
			40.6412593150484	-46.4643646516907
			40.6814186621976	-46.4643646516907
			40.7215780093469	-46.4242053045414
			40.7617373564961	-46.4242053045414
			40.8018967036454	-46.4242053045414
			40.8420560507947	-46.3840459573922
			40.8822153979439	-46.3840459573922
			40.9223747450932	-46.3438866102429
			40.9625340922424	-46.3438866102429
			41.0026934393917	-46.3037272630937
			41.042852786541	-46.3037272630937
			41.0830121336902	-46.2635679159444
			41.1231714808395	-46.2635679159444
			41.1633308279887	-46.2234085687951
			41.203490175138	-46.2234085687951
			41.2436495222872	-46.1832492216459
			41.2838088694365	-46.1832492216459
			41.3239682165858	-46.1832492216459
			41.364127563735	-46.1430898744966
			41.4042869108843	-46.1430898744966
			41.4444462580335	-46.1029305273474
			41.4846056051828	-46.1029305273474
			41.524764952332	-46.0627711801981
			41.5649242994813	-46.0627711801981
			41.6050836466306	-46.0226118330489
			41.6452429937798	-45.9824524858996
			41.6854023409291	-45.9824524858996
			41.7255616880783	-45.9824524858996
			41.7657210352276	-45.9422931387503
			41.8058803823768	-45.9422931387503
			41.8460397295261	-45.9021337916011
			41.8861990766754	-45.9021337916011
			41.9263584238246	-45.8619744444518
			41.9665177709739	-45.8619744444518
			42.0066771181231	-45.8218150973026
			42.0468364652724	-45.8218150973026
			42.0869958124216	-45.8218150973026
			42.0869958124216	-45.7816557501533
			42.1271551595709	-45.7816557501533
			42.1673145067202	-45.7414964030041
			42.2074738538694	-45.7414964030041
			42.2476332010187	-45.7013370558548
			42.2877925481679	-45.7013370558548
			42.3279518953172	-45.7013370558548
			42.3681112424664	-45.6611777087055
			42.4082705896157	-45.6611777087055
			42.448429936765	-45.6210183615563
			42.4885892839142	-45.6210183615563
			42.5287486310635	-45.580859014407
			42.5689079782127	-45.5406996672578
			42.609067325362	-45.5406996672578
			42.6492266725112	-45.5406996672578
			42.6893860196605	-45.5005403201085
			42.7295453668098	-45.5005403201085
			42.769704713959	-45.4603809729593
			42.8098640611083	-45.4603809729593
			42.8500234082575	-45.42022162581
			42.8901827554068	-45.42022162581
			42.930342102556	-45.3800622786607
			42.9705014497053	-45.3800622786607
			43.0106607968546	-45.3399029315115
			43.0508201440038	-45.3399029315115
			43.0909794911531	-45.2997435843622
			43.1311388383023	-45.2997435843622
			43.1712981854516	-45.259584237213
			43.2114575326008	-45.259584237213
			43.2516168797501	-45.2194248900637
			43.2917762268994	-45.2194248900637
			43.3319355740486	-45.1792655429145
			43.3720949211979	-45.1792655429145
			43.4122542683471	-45.1391061957652
			43.4524136154964	-45.1391061957652
			43.4925729626456	-45.0989468486159
			43.5327323097949	-45.0989468486159
			43.5728916569442	-45.0989468486159
			43.6130510040934	-45.0587875014667
			43.6532103512427	-45.0587875014667
			43.6933696983919	-45.0186281543174
			43.7335290455412	-45.0186281543174
			43.7736883926904	-44.9784688071682
			43.8138477398397	-44.9784688071682
			43.854007086989	-44.9383094600189
			43.8941664341382	-44.9383094600189
			43.9343257812875	-44.8981501128697
			43.9744851284367	-44.8981501128697
			44.014644475586	-44.8579907657204
			44.0548038227353	-44.8579907657204
			44.0949631698845	-44.8579907657204
			44.1351225170338	-44.8178314185711
			44.175281864183	-44.8178314185711
			44.2154412113323	-44.7776720714219
			44.2556005584815	-44.7375127242726
			44.2957599056308	-44.7375127242726
			44.3359192527801	-44.7375127242726
			44.3760785999293	-44.6973533771234
			44.4162379470786	-44.6973533771234
			44.4563972942278	-44.6571940299741
			44.4965566413771	-44.6571940299741
			44.5367159885263	-44.6170346828249
			44.5768753356756	-44.6170346828249
			44.6170346828249	-44.5768753356756
			44.6571940299741	-44.5768753356756
			44.6973533771234	-44.5367159885263
			44.7375127242726	-44.5367159885263
			44.7776720714219	-44.4965566413771
			44.8178314185711	-44.4965566413771
			44.8579907657204	-44.4563972942278
			44.8981501128697	-44.4563972942278
			44.9383094600189	-44.4162379470786
			44.9784688071682	-44.4162379470786
			45.0186281543174	-44.3760785999293
			45.0587875014667	-44.3760785999293
			45.0989468486159	-44.3359192527801
			45.1391061957652	-44.3359192527801
			45.1792655429145	-44.2957599056308
			45.2194248900637	-44.2957599056308
			45.259584237213	-44.2556005584815
			45.2997435843622	-44.2556005584815
			45.3399029315115	-44.2154412113323
			45.3800622786607	-44.2154412113323
			45.42022162581	-44.2154412113323
			45.4603809729593	-44.175281864183
			45.5005403201085	-44.175281864183
			45.5406996672578	-44.1351225170338
			45.580859014407	-44.1351225170338
			45.6210183615563	-44.0949631698845
			45.6611777087055	-44.0949631698845
			45.7013370558548	-44.0548038227353
			45.7414964030041	-44.0548038227353
			45.7816557501533	-44.014644475586
			45.8218150973026	-44.014644475586
			45.8619744444518	-43.9744851284367
			45.9021337916011	-43.9744851284367
			45.9422931387503	-43.9343257812875
			45.9824524858996	-43.9343257812875
			46.0226118330489	-43.8941664341382
			46.0627711801981	-43.8941664341382
			46.1029305273474	-43.854007086989
			46.1430898744966	-43.854007086989
			46.1832492216459	-43.8138477398397
			46.2234085687951	-43.8138477398397
			46.2635679159444	-43.7736883926904
			46.3037272630937	-43.7736883926904
			46.3438866102429	-43.7335290455412
			46.3840459573922	-43.7335290455412
			46.4242053045414	-43.6933696983919
			46.4643646516907	-43.6933696983919
			46.5045239988399	-43.6532103512427
			46.5446833459892	-43.6532103512427
			46.5848426931385	-43.6532103512427
			46.6250020402877	-43.6130510040934
			46.665161387437	-43.6130510040934
			46.665161387437	-43.5728916569442
			46.7053207345862	-43.5728916569442
			46.7454800817355	-43.5327323097949
			46.7856394288847	-43.5327323097949
			46.825798776034	-43.4925729626456
			46.8659581231833	-43.4925729626456
			46.9061174703325	-43.4925729626456
			46.9462768174818	-43.4524136154964
			46.986436164631	-43.4524136154964
			47.0265955117803	-43.4122542683471
			47.0667548589295	-43.4122542683471
			47.1069142060788	-43.3720949211979
			47.1470735532281	-43.3720949211979
			47.1872329003773	-43.3319355740486
			47.2273922475266	-43.2917762268994
			47.2675515946758	-43.2917762268994
			47.3077109418251	-43.2917762268994
			47.3077109418251	-43.2516168797501
			47.3478702889743	-43.2516168797501
			47.3880296361236	-43.2516168797501
			47.3880296361236	-43.2114575326008
			47.4281889832729	-43.2114575326008
			47.4683483304221	-43.2114575326008
			47.5085076775714	-43.1712981854516
			47.5486670247206	-43.1712981854516
			47.5888263718699	-43.1311388383023
			47.6289857190191	-43.1311388383023
			47.6691450661684	-43.0909794911531
			47.7093044133177	-43.0909794911531
			47.7494637604669	-43.0508201440038
			47.7896231076162	-43.0508201440038
			47.8297824547654	-43.0106607968546
			47.8699418019147	-43.0106607968546
			47.9101011490639	-42.9705014497053
			47.9502604962132	-42.9705014497053
			47.9904198433625	-42.930342102556
			48.0305791905117	-42.930342102556
			48.070738537661	-42.8901827554068
			48.1108978848102	-42.8901827554068
			48.1510572319595	-42.8500234082575
			48.1912165791087	-42.8500234082575
			48.231375926258	-42.8098640611083
			48.2715352734073	-42.8098640611083
			48.3116946205565	-42.769704713959
			48.3518539677058	-42.769704713959
			48.392013314855	-42.7295453668098
			48.4321726620043	-42.7295453668098
			48.4723320091536	-42.6893860196605
			48.5124913563028	-42.6893860196605
			48.5526507034521	-42.6492266725112
			48.5928100506013	-42.6492266725112
			48.6329693977506	-42.609067325362
			48.6731287448998	-42.609067325362
			48.7132880920491	-42.609067325362
			48.7132880920491	-42.5689079782127
			48.7534474391984	-42.5689079782127
			48.7936067863476	-42.5689079782127
			48.7936067863476	-42.5287486310635
			48.8337661334969	-42.5287486310635
			48.8739254806461	-42.5287486310635
			48.9140848277954	-42.4885892839142
			48.9542441749446	-42.4885892839142
			48.9944035220939	-42.448429936765
			49.0345628692432	-42.448429936765
			49.0345628692432	-42.4082705896157
			49.0747222163924	-42.4082705896157
			49.1148815635417	-42.4082705896157
			49.1550409106909	-42.3681112424664
			49.1952002578402	-42.3681112424664
			49.2353596049894	-42.3279518953172
			49.2755189521387	-42.3279518953172
			49.315678299288	-42.2877925481679
			49.3558376464372	-42.2877925481679
			49.3959969935865	-42.2476332010187
			49.4361563407357	-42.2074738538694
			49.476315687885	-42.2074738538694
			49.5164750350342	-42.2074738538694
			49.5566343821835	-42.1673145067202
			49.5967937293328	-42.1673145067202
			49.636953076482	-42.1271551595709
			49.6771124236313	-42.1271551595709
			49.7172717707805	-42.0869958124216
			49.7574311179298	-42.0869958124216
			49.797590465079	-42.0468364652724
			49.8377498122283	-42.0468364652724
			49.8779091593776	-42.0066771181231
			49.9180685065268	-42.0066771181231
			49.9582278536761	-41.9665177709739
			49.9983872008253	-41.9665177709739
			50.0385465479746	-41.9263584238246
			50.0787058951238	-41.9263584238246
			50.1188652422731	-41.8861990766754
			50.1590245894224	-41.8861990766754
			50.1991839365716	-41.8460397295261
			50.2393432837209	-41.8460397295261
			50.2795026308701	-41.8058803823768
			50.3196619780194	-41.8058803823768
			50.3598213251686	-41.7657210352276
			50.3999806723179	-41.7657210352276
			50.4401400194672	-41.7255616880783
			50.4802993666164	-41.7255616880783
			50.5204587137657	-41.7255616880783
			50.5606180609149	-41.6854023409291
			50.6007774080642	-41.6854023409291
			50.6409367552134	-41.6452429937798
			50.6810961023627	-41.6452429937798
			50.721255449512	-41.6050836466306
			50.7614147966612	-41.6050836466306
			50.8015741438105	-41.5649242994813
			50.8417334909597	-41.524764952332
			50.881892838109	-41.524764952332
			50.9220521852582	-41.4846056051828
			50.9622115324075	-41.4846056051828
			51.0023708795568	-41.4444462580335
			51.042530226706	-41.4444462580335
			51.0826895738553	-41.4042869108843
			51.1228489210045	-41.4042869108843
			51.1630082681538	-41.364127563735
			51.203167615303	-41.364127563735
			51.2433269624523	-41.364127563735
			51.2834863096016	-41.3239682165858
			51.3236456567508	-41.3239682165858
			51.3236456567508	-41.2838088694365
			51.3638050039001	-41.2838088694365
			51.4039643510493	-41.2436495222872
			51.4441236981986	-41.2436495222872
			51.4842830453479	-41.2436495222872
			51.5244423924971	-41.203490175138
			51.5646017396464	-41.203490175138
			51.5646017396464	-41.1633308279887
			51.6047610867956	-41.1633308279887
			51.6449204339449	-41.1231714808395
			51.6850797810941	-41.1231714808395
			51.7252391282434	-41.1231714808395
			51.7653984753927	-41.0830121336902
			51.8055578225419	-41.0830121336902
			51.8457171696912	-41.042852786541
			51.8858765168404	-41.0026934393917
			51.9260358639897	-41.0026934393917
			51.9661952111389	-40.9625340922424
			52.0063545582882	-40.9625340922424
			52.0465139054375	-40.9625340922424
			52.0866732525867	-40.9223747450932
			52.126832599736	-40.9223747450932
			52.1669919468852	-40.8822153979439
			52.2071512940345	-40.8822153979439
			52.2473106411837	-40.8420560507947
			52.287469988333	-40.8420560507947
			52.3276293354822	-40.8018967036454
			52.3677886826315	-40.8018967036454
			52.4079480297808	-40.7617373564961
			52.44810737693	-40.7617373564961
			52.4882667240793	-40.7617373564961
			52.5284260712285	-40.7215780093469
			52.5685854183778	-40.7215780093469
			52.608744765527	-40.6814186621976
			52.6489041126763	-40.6814186621976
			52.6890634598256	-40.6412593150484
			52.7292228069748	-40.6412593150484
			52.7693821541241	-40.6412593150484
			52.8095415012733	-40.6010999678991
			52.8497008484226	-40.6010999678991
			52.8898601955719	-40.5609406207499
			52.9300195427211	-40.5609406207499
			52.9701788898704	-40.5609406207499
			53.0103382370196	-40.5207812736006
			53.0504975841689	-40.5207812736006
			53.0504975841689	-40.4806219264513
			53.0906569313181	-40.4806219264513
			53.1308162784674	-40.4806219264513
			53.1709756256167	-40.4404625793021
			53.2111349727659	-40.4404625793021
			53.2512943199152	-40.4003032321528
			53.2914536670644	-40.4003032321528
			53.3316130142137	-40.4003032321528
			53.3717723613629	-40.3601438850036
			53.4119317085122	-40.3601438850036
			53.4520910556615	-40.3199845378543
			53.4922504028107	-40.3199845378543
			53.53240974996	-40.2798251907051
			53.5725690971092	-40.2798251907051
			53.6127284442585	-40.2798251907051
			53.6528877914077	-40.2396658435558
			53.693047138557	-40.2396658435558
			53.7332064857063	-40.1995064964065
			53.7733658328555	-40.1995064964065
			53.8135251800048	-40.1995064964065
			53.853684527154	-40.1593471492573
			53.8938438743033	-40.1593471492573
			53.9340032214525	-40.119187802108
			53.9741625686018	-40.119187802108
			54.0143219157511	-40.119187802108
			54.0544812629003	-40.0790284549588
			54.0946406100496	-40.0790284549588
			54.1347999571988	-40.0388691078095
			54.1749593043481	-40.0388691078095
			54.2151186514973	-40.0388691078095
			54.2552779986466	-39.9987097606603
			54.2954373457959	-39.9987097606603
			54.3355966929451	-39.958550413511
			54.3757560400944	-39.958550413511
			54.4159153872436	-39.958550413511
			54.4560747343929	-39.9183910663617
			54.4962340815421	-39.9183910663617
			54.5363934286914	-39.8782317192125
			54.5765527758407	-39.8782317192125
			54.6167121229899	-39.8782317192125
			54.6568714701392	-39.8380723720632
			54.6970308172884	-39.8380723720632
			54.7371901644377	-39.8380723720632
			54.7371901644377	-39.797913024914
			54.7773495115869	-39.797913024914
			54.8175088587362	-39.797913024914
			54.8576682058855	-39.7577536777647
			54.8978275530347	-39.7577536777647
			54.937986900184	-39.7577536777647
			54.9781462473332	-39.7175943306155
			55.0183055944825	-39.7175943306155
			55.0584649416317	-39.6774349834662
			55.098624288781	-39.6774349834662
			55.1387836359303	-39.6774349834662
			55.1789429830795	-39.637275636317
			55.2191023302288	-39.637275636317
			55.259261677378	-39.637275636317
			55.2994210245273	-39.5971162891677
			55.3395803716765	-39.5971162891677
			55.3797397188258	-39.5569569420184
			55.4198990659751	-39.5569569420184
			55.4600584131243	-39.5569569420184
			55.5002177602736	-39.5167975948692
			55.5403771074228	-39.5167975948692
			55.5805364545721	-39.5167975948692
			55.6206958017213	-39.4766382477199
			55.6608551488706	-39.4766382477199
			55.7010144960199	-39.4766382477199
			55.7411738431691	-39.4364789005707
			55.7813331903184	-39.4364789005707
			55.8214925374676	-39.4364789005707
			55.8616518846169	-39.3963195534214
			55.9018112317662	-39.3963195534214
			55.9419705789154	-39.3963195534214
			55.9821299260647	-39.3561602062721
			56.0222892732139	-39.3561602062721
			56.0624486203632	-39.3561602062721
			56.1026079675124	-39.3160008591229
			56.1427673146617	-39.3160008591229
			56.182926661811	-39.3160008591229
			56.2230860089602	-39.2758415119736
			56.2632453561095	-39.2758415119736
			56.3034047032587	-39.2758415119736
			56.343564050408	-39.2356821648244
			56.3837233975572	-39.2356821648244
			56.4238827447065	-39.2356821648244
			56.4640420918558	-39.1955228176751
			56.504201439005	-39.1955228176751
			56.5443607861543	-39.1955228176751
			56.5845201333035	-39.1553634705259
			56.6246794804528	-39.1553634705259
			56.664838827602	-39.1553634705259
			56.7049981747513	-39.1553634705259
			56.7451575219006	-39.1152041233766
			56.7853168690498	-39.1152041233766
			56.8254762161991	-39.1152041233766
			56.8656355633483	-39.0750447762273
			56.9057949104976	-39.0750447762273
			56.9459542576468	-39.0750447762273
			56.9861136047961	-39.0750447762273
			56.9861136047961	-39.0348854290781
			57.0262729519454	-39.0348854290781
			57.0664322990946	-39.0348854290781
			57.1065916462439	-39.0348854290781
			57.1467509933931	-38.9947260819288
			57.1869103405424	-38.9947260819288
			57.2270696876916	-38.9947260819288
			57.2672290348409	-38.9947260819288
			57.3073883819902	-38.9545667347796
			57.3475477291394	-38.9545667347796
			57.3877070762887	-38.9545667347796
			57.4278664234379	-38.9144073876303
			57.4680257705872	-38.9144073876303
			57.5081851177364	-38.9144073876303
			57.5483444648857	-38.9144073876303
			57.588503812035	-38.8742480404811
			57.6286631591842	-38.8742480404811
			57.6688225063335	-38.8742480404811
			57.7089818534827	-38.8742480404811
			57.749141200632	-38.8340886933318
			57.7893005477812	-38.8340886933318
			57.8294598949305	-38.8340886933318
			57.8696192420798	-38.8340886933318
			57.909778589229	-38.7939293461825
			57.9499379363783	-38.7939293461825
			57.9900972835275	-38.7939293461825
			58.0302566306768	-38.7939293461825
			58.070415977826	-38.7939293461825
			58.1105753249753	-38.7537699990333
			58.1507346721246	-38.7537699990333
			58.1908940192738	-38.7537699990333
			58.2310533664231	-38.7537699990333
			58.2712127135723	-38.7537699990333
			58.3113720607216	-38.7537699990333
			58.3515314078708	-38.713610651884
			58.3916907550201	-38.713610651884
			58.4318501021694	-38.713610651884
			58.4720094493186	-38.713610651884
			58.5121687964679	-38.713610651884
			58.5523281436171	-38.6734513047348
			58.5924874907664	-38.6734513047348
			58.6326468379156	-38.6734513047348
			58.6728061850649	-38.6734513047348
			58.7129655322142	-38.6734513047348
			58.7531248793634	-38.6734513047348
			58.7932842265127	-38.6332919575855
			58.8334435736619	-38.6332919575855
			58.8736029208112	-38.6332919575855
			58.9137622679605	-38.6332919575855
			58.9539216151097	-38.6332919575855
			58.994080962259	-38.6332919575855
			59.0342403094082	-38.6332919575855
			59.0743996565575	-38.6332919575855
			59.1145590037067	-38.5931326104363
			59.154718350856	-38.5931326104363
			59.1948776980053	-38.5931326104363
			59.2350370451545	-38.5931326104363
			59.2751963923038	-38.5931326104363
			59.315355739453	-38.5931326104363
			59.3555150866023	-38.5931326104363
			59.3956744337515	-38.5931326104363
			59.4358337809008	-38.5931326104363
			59.47599312805	-38.5931326104363
			59.5161524751993	-38.5931326104363
			59.5563118223486	-38.5931326104363
			59.5964711694978	-38.5931326104363
			59.6366305166471	-38.5931326104363
			59.6767898637963	-38.5931326104363
			59.7169492109456	-38.5931326104363
			59.7571085580948	-38.5931326104363
			59.7972679052441	-38.5931326104363
			59.8374272523934	-38.5931326104363
			59.8775865995426	-38.5931326104363
			59.9177459466919	-38.5931326104363
			59.9579052938411	-38.5931326104363
			59.9980646409904	-38.5931326104363
			60.0382239881396	-38.5931326104363
			60.0783833352889	-38.5931326104363
			60.1185426824382	-38.5931326104363
			60.1587020295874	-38.5931326104363
			60.1988613767367	-38.5931326104363
			60.2390207238859	-38.6332919575855
			60.2791800710352	-38.6332919575855
			60.3193394181845	-38.6332919575855
			60.3594987653337	-38.6332919575855
			60.399658112483	-38.6332919575855
			60.4398174596322	-38.6332919575855
			60.4799768067815	-38.6734513047348
			60.5201361539307	-38.6734513047348
			60.56029550108	-38.6734513047348
			60.6004548482293	-38.6734513047348
			60.6406141953785	-38.713610651884
			60.6807735425278	-38.713610651884
			60.720932889677	-38.713610651884
			60.7610922368263	-38.7537699990333
			60.8012515839755	-38.7537699990333
			60.8414109311248	-38.7537699990333
			60.8815702782741	-38.7939293461825
			60.9217296254233	-38.8340886933318
			60.9618889725726	-38.8340886933318
			61.0020483197218	-38.8742480404811
			61.0422076668711	-38.8742480404811
			61.0823670140203	-38.9144073876303
			61.1225263611696	-38.9144073876303
			61.1626857083189	-38.9545667347796
			61.2028450554681	-38.9947260819288
			61.2430044026174	-39.0348854290781
			61.2831637497666	-39.0750447762273
			61.3233230969159	-39.1152041233766
			61.3634824440651	-39.1152041233766
			61.3634824440651	-39.1553634705259
			61.4036417912144	-39.1955228176751
			61.4438011383637	-39.2356821648244
			61.4438011383637	-39.2758415119736
			61.4839604855129	-39.3160008591229
			61.5241198326622	-39.3561602062721
			61.5241198326622	-39.3963195534214
			61.5642791798114	-39.4364789005707
			61.6044385269607	-39.4364789005707
			61.6445978741099	-39.4364789005707
			61.6847572212592	-39.4766382477199
			61.7249165684085	-39.4766382477199
			61.7650759155577	-39.5167975948692
			61.805235262707	-39.5167975948692
			61.8453946098562	-39.5167975948692
			61.8855539570055	-39.5569569420184
			61.9257133041547	-39.5569569420184
			61.965872651304	-39.5971162891677
			62.0060319984533	-39.5971162891677
			62.0461913456025	-39.637275636317
			62.0863506927518	-39.637275636317
			62.126510039901	-39.6774349834662
			62.1666693870503	-39.6774349834662
			62.2068287341995	-39.6774349834662
			62.2469880813488	-39.7175943306155
			62.2871474284981	-39.7175943306155
			62.3273067756473	-39.7577536777647
			62.3674661227966	-39.7577536777647
			62.4076254699458	-39.797913024914
			62.4477848170951	-39.797913024914
			62.4879441642443	-39.797913024914
			62.5281035113936	-39.8380723720632
			62.5682628585429	-39.8380723720632
			62.6084222056921	-39.8782317192125
			62.6485815528414	-39.8782317192125
			62.6887408999906	-39.9183910663617
			62.7289002471399	-39.9183910663617
			62.7690595942891	-39.9183910663617
			62.8092189414384	-39.958550413511
			62.8493782885877	-39.958550413511
			62.8895376357369	-39.9987097606603
			62.9296969828862	-39.9987097606603
			62.9698563300354	-40.0388691078095
			63.0100156771847	-40.0388691078095
			63.0501750243339	-40.0388691078095
			63.0903343714832	-40.0790284549588
			63.1304937186325	-40.0790284549588
			63.1706530657817	-40.119187802108
			63.210812412931	-40.119187802108
			63.2509717600802	-40.119187802108
			63.2911311072295	-40.1593471492573
			63.3312904543788	-40.1593471492573
			63.371449801528	-40.1995064964065
			63.4116091486773	-40.2396658435558
			63.4517684958265	-40.2396658435558
			63.4919278429758	-40.2396658435558
			63.532087190125	-40.2798251907051
			63.5722465372743	-40.2798251907051
			63.6124058844236	-40.3199845378543
			63.6525652315728	-40.3199845378543
			63.6927245787221	-40.3199845378543
			63.7328839258713	-40.3601438850036
			63.7730432730206	-40.3601438850036
			63.8132026201698	-40.4003032321528
			63.8533619673191	-40.4003032321528
			63.8935213144684	-40.4404625793021
			63.9336806616176	-40.4404625793021
			63.9738400087669	-40.4806219264513
			64.0139993559161	-40.4806219264513
			64.0541587030654	-40.4806219264513
			64.0943180502146	-40.5207812736006
			64.1344773973639	-40.5609406207499
			64.1746367445132	-40.5609406207499
			64.2147960916624	-40.6010999678991
			64.2549554388117	-40.6010999678991
			64.2951147859609	-40.6010999678991
			64.3352741331102	-40.6412593150484
			64.3754334802594	-40.6412593150484
			64.4155928274087	-40.6814186621976
			64.455752174558	-40.6814186621976
			64.4959115217072	-40.7215780093469
			64.5360708688565	-40.7215780093469
			64.5762302160057	-40.7617373564961
			64.616389563155	-40.7617373564961
			64.6565489103042	-40.8018967036454
			64.6967082574535	-40.8018967036454
			64.7368676046028	-40.8018967036454
			64.777026951752	-40.8420560507947
			64.8171862989013	-40.8420560507947
			64.8171862989013	-40.8822153979439
			64.8573456460505	-40.8822153979439
			64.8975049931998	-40.9223747450932
			64.937664340349	-40.9223747450932
			64.9778236874983	-40.9223747450932
			65.0179830346476	-40.9625340922424
			65.0581423817968	-40.9625340922424
			65.0983017289461	-41.0026934393917
			65.1384610760953	-41.0026934393917
			65.1786204232446	-41.042852786541
			65.2187797703938	-41.042852786541
			65.2589391175431	-41.0830121336902
			65.2990984646924	-41.0830121336902
			65.3392578118416	-41.1231714808395
			65.3794171589909	-41.1231714808395
			65.4195765061401	-41.1633308279887
			65.4597358532894	-41.1633308279887
			65.4998952004386	-41.203490175138
			65.5400545475879	-41.203490175138
			65.5802138947372	-41.2436495222872
			65.6203732418864	-41.2436495222872
			65.6605325890357	-41.2838088694365
			65.7006919361849	-41.2838088694365
			65.7408512833342	-41.3239682165858
			65.7810106304835	-41.3239682165858
			65.8211699776327	-41.3239682165858
			65.8211699776327	-41.364127563735
			65.861329324782	-41.364127563735
			65.9014886719312	-41.4042869108843
			65.9416480190805	-41.4042869108843
			65.9818073662297	-41.4444462580335
			66.021966713379	-41.4444462580335
			66.0621260605282	-41.4846056051828
			66.1022854076775	-41.4846056051828
			66.1424447548268	-41.524764952332
			66.182604101976	-41.524764952332
			66.2227634491253	-41.5649242994813
			66.2629227962745	-41.5649242994813
			66.3030821434238	-41.6050836466306
			66.343241490573	-41.6050836466306
			66.3834008377223	-41.6452429937798
			66.4235601848716	-41.6452429937798
			66.4637195320208	-41.6854023409291
			66.5038788791701	-41.6854023409291
			66.5440382263193	-41.7255616880783
			66.5841975734686	-41.7255616880783
			66.5841975734686	-41.7657210352276
			66.6243569206178	-41.7657210352276
			66.6645162677671	-41.8058803823768
			66.7046756149164	-41.8058803823768
			66.7448349620656	-41.8460397295261
			66.7849943092149	-41.8460397295261
			66.8251536563641	-41.8861990766754
			66.8653130035134	-41.8861990766754
			66.9054723506626	-41.9263584238246
			66.9456316978119	-41.9263584238246
			66.9857910449612	-41.9665177709739
			67.0259503921104	-42.0066771181231
			67.0661097392597	-42.0066771181231
			67.1062690864089	-42.0468364652724
			67.1464284335582	-42.0468364652724
			67.1865877807075	-42.0869958124216
			67.2267471278567	-42.0869958124216
			67.266906475006	-42.1271551595709
			67.3070658221552	-42.1271551595709
			67.3472251693045	-42.1673145067202
			67.3873845164537	-42.2074738538694
			67.427543863603	-42.2074738538694
			67.4677032107522	-42.2476332010187
			67.5078625579015	-42.2476332010187
			67.5480219050508	-42.2877925481679
			67.5881812522	-42.2877925481679
			67.6283405993493	-42.3279518953172
			67.6684999464985	-42.3279518953172
			67.7086592936478	-42.3681112424664
			67.7488186407971	-42.4082705896157
			67.7889779879463	-42.4082705896157
			67.8291373350956	-42.448429936765
			67.8692966822448	-42.448429936765
			67.8692966822448	-42.4885892839142
			67.9094560293941	-42.4885892839142
			67.9496153765433	-42.5287486310635
			67.9897747236926	-42.5287486310635
			68.0299340708418	-42.5689079782127
			68.0700934179911	-42.5689079782127
			68.1102527651404	-42.609067325362
			68.1504121122896	-42.609067325362
			68.1504121122896	-42.6492266725112
			68.1905714594389	-42.6492266725112
			68.2307308065881	-42.6893860196605
			68.2708901537374	-42.6893860196605
			68.3110495008867	-42.7295453668098
			68.3512088480359	-42.769704713959
			68.3913681951852	-42.8098640611083
			68.4315275423344	-42.8098640611083
			68.4716868894837	-42.8500234082575
			68.5118462366329	-42.8500234082575
			68.5520055837822	-42.8901827554068
			68.5921649309315	-42.930342102556
			68.6323242780807	-42.930342102556
			68.67248362523	-42.9705014497053
			68.7126429723792	-43.0106607968546
			68.7528023195285	-43.0508201440038
			68.7929616666777	-43.0508201440038
			68.833121013827	-43.0909794911531
			68.8732803609763	-43.1311388383023
			68.9134397081255	-43.1712981854516
			68.9535990552748	-43.1712981854516
			68.993758402424	-43.2114575326008
			69.0339177495733	-43.2516168797501
			69.0740770967225	-43.2516168797501
			69.1142364438718	-43.2917762268994
			69.1543957910211	-43.3319355740486
			69.1945551381703	-43.3319355740486
			69.2347144853196	-43.3720949211979
			69.2748738324688	-43.4122542683471
			69.2748738324688	-43.4524136154964
			69.3150331796181	-43.4524136154964
			69.3551925267673	-43.4925729626456
			69.3953518739166	-43.5327323097949
			69.4355112210659	-43.5327323097949
			69.4756705682151	-43.5728916569442
			69.4756705682151	-43.6130510040934
			69.5158299153644	-43.6130510040934
			69.5559892625136	-43.6532103512427
			69.5961486096629	-43.6933696983919
			69.6363079568121	-43.7335290455412
			69.6764673039614	-43.7736883926904
			69.7166266511107	-43.7736883926904
			69.7166266511107	-43.8138477398397
			69.7567859982599	-43.854007086989
			69.7969453454092	-43.8941664341382
			69.8371046925584	-43.8941664341382
			69.8371046925584	-43.9343257812875
			69.8772640397077	-43.9744851284367
			69.9174233868569	-44.014644475586
			69.9575827340062	-44.0548038227353
			69.9977420811555	-44.0548038227353
			70.0379014283047	-44.0949631698845
			70.078060775454	-44.0949631698845
			70.1182201226032	-44.1351225170338
			70.1583794697525	-44.175281864183
			70.1985388169017	-44.2154412113323
			70.238698164051	-44.2154412113323
			70.2788575112003	-44.2556005584815
			70.3190168583495	-44.2957599056308
			70.3591762054988	-44.2957599056308
			70.399335552648	-44.3359192527801
			70.4394948997973	-44.3359192527801
			70.4796542469466	-44.3760785999293
			70.5198135940958	-44.4162379470786
			70.5599729412451	-44.4162379470786
			70.6001322883943	-44.4563972942278
			70.6402916355436	-44.4965566413771
			70.6804509826928	-44.4965566413771
			70.7206103298421	-44.5367159885263
			70.7607696769913	-44.5768753356756
			70.8009290241406	-44.5768753356756
			70.8410883712899	-44.6170346828249
			70.8812477184391	-44.6170346828249
			70.9214070655884	-44.6571940299741
			70.9615664127376	-44.6973533771234
			71.0017257598869	-44.6973533771234
			71.0418851070362	-44.7375127242726
			71.0820444541854	-44.7776720714219
			71.1222038013347	-44.7776720714219
			71.1623631484839	-44.8178314185711
			71.2025224956332	-44.8178314185711
			71.2426818427824	-44.8579907657204
			71.2828411899317	-44.8981501128697
			71.3230005370809	-44.8981501128697
			71.3631598842302	-44.9383094600189
			71.3631598842302	-44.9784688071682
			71.4033192313795	-44.9784688071682
			71.4434785785287	-45.0186281543174
			71.483637925678	-45.0186281543174
			71.5237972728272	-45.0587875014667
			71.5639566199765	-45.0989468486159
			71.6041159671258	-45.0989468486159
			71.644275314275	-45.1391061957652
			71.6844346614243	-45.1391061957652
			71.7245940085735	-45.1792655429145
			71.7647533557228	-45.2194248900637
			71.804912702872	-45.2194248900637
			71.8450720500213	-45.259584237213
			71.8852313971706	-45.259584237213
			71.8852313971706	-45.2997435843622
			71.9253907443198	-45.3399029315115
			71.9655500914691	-45.3399029315115
			72.0057094386183	-45.3800622786607
			72.0458687857676	-45.3800622786607
			72.0860281329168	-45.42022162581
			72.1261874800661	-45.4603809729593
			72.1663468272153	-45.4603809729593
			72.2065061743646	-45.5005403201085
			72.2466655215139	-45.5005403201085
			72.2868248686631	-45.5406996672578
			72.2868248686631	-45.580859014407
			72.3269842158124	-45.580859014407
			72.3671435629616	-45.6210183615563
			72.4073029101109	-45.6210183615563
			72.4474622572602	-45.6611777087055
			72.4876216044094	-45.7013370558548
			72.5277809515587	-45.7013370558548
			72.5679402987079	-45.7414964030041
			72.6080996458572	-45.7414964030041
			72.6080996458572	-45.7816557501533
			72.6482589930064	-45.8218150973026
			72.6884183401557	-45.8218150973026
			72.728577687305	-45.8619744444518
			72.7687370344542	-45.8619744444518
			72.8088963816035	-45.9021337916011
			72.8490557287527	-45.9021337916011
			72.889215075902	-45.9422931387503
			72.889215075902	-45.9824524858996
			72.9293744230512	-45.9824524858996
			72.9695337702005	-46.0226118330489
			73.0096931173498	-46.0226118330489
			73.049852464499	-46.0627711801981
			73.0900118116483	-46.0627711801981
			73.1301711587975	-46.1029305273474
			73.1301711587975	-46.1430898744966
			73.1703305059468	-46.1430898744966
			73.210489853096	-46.1832492216459
			73.2506492002453	-46.1832492216459
			73.2908085473946	-46.2234085687951
			73.3309678945438	-46.2234085687951
			73.3711272416931	-46.2635679159444
			73.3711272416931	-46.3037272630937
			73.4112865888423	-46.3037272630937
			73.4514459359916	-46.3438866102429
			73.4916052831408	-46.3438866102429
			73.5317646302901	-46.3840459573922
			73.5719239774394	-46.3840459573922
			73.5719239774394	-46.4242053045414
			73.6120833245886	-46.4643646516907
			73.6522426717379	-46.4643646516907
			73.6924020188871	-46.5045239988399
			73.7325613660364	-46.5045239988399
			73.7325613660364	-46.5446833459892
			73.7727207131856	-46.5446833459892
			73.8128800603349	-46.5848426931385
			73.8530394074842	-46.5848426931385
			73.8931987546334	-46.6250020402877
			73.8931987546334	-46.665161387437
			73.9333581017827	-46.665161387437
			73.9735174489319	-46.7053207345862
			74.0136767960812	-46.7053207345862
			74.0538361432304	-46.7454800817355
			74.0939954903797	-46.7856394288847
			74.134154837529	-46.825798776034
			74.1743141846782	-46.825798776034
			74.2144735318275	-46.8659581231833
			74.2546328789767	-46.9061174703325
			74.294792226126	-46.9061174703325
			74.3349515732752	-46.9462768174818
			74.3751109204245	-46.9462768174818
			74.4152702675738	-46.986436164631
			74.455429614723	-47.0265955117803
			74.4955889618723	-47.0265955117803
			74.5357483090215	-47.0667548589295
			74.5759076561708	-47.1069142060788
			74.6160670033201	-47.1470735532281
			74.6562263504693	-47.1872329003773
			74.6963856976186	-47.1872329003773
			74.7365450447678	-47.2273922475266
			74.7767043919171	-47.2675515946758
			74.8168637390663	-47.2675515946758
			74.8570230862156	-47.3077109418251
			74.8971824333648	-47.3478702889743
			74.9373417805141	-47.3478702889743
			74.9373417805141	-47.3880296361236
			74.9775011276634	-47.3880296361236
			75.0176604748126	-47.4281889832729
			75.0578198219619	-47.4281889832729
			75.0979791691111	-47.4683483304221
			75.1381385162604	-47.5085076775714
			75.1782978634097	-47.5486670247206
			75.2184572105589	-47.5486670247206
			75.2586165577082	-47.5888263718699
			75.2987759048574	-47.5888263718699
			75.3389352520067	-47.6289857190191
			75.3389352520067	-47.6691450661684
			75.3790945991559	-47.6691450661684
			75.4192539463052	-47.7093044133177
			75.4594132934544	-47.7494637604669
			75.4995726406037	-47.7494637604669
			75.539731987753	-47.7896231076162
			75.5798913349022	-47.8297824547654
			75.6200506820515	-47.8297824547654
			75.6200506820515	-47.8699418019147
			75.6602100292007	-47.8699418019147
			75.70036937635	-47.9101011490639
			75.7405287234993	-47.9502604962132
			75.7806880706485	-47.9502604962132
			75.8208474177978	-47.9904198433625
			75.861006764947	-48.0305791905117
			75.9011661120963	-48.070738537661
			75.9413254592455	-48.1108978848102
			75.9814848063948	-48.1108978848102
			76.0216441535441	-48.1510572319595
			76.0618035006933	-48.1912165791087
			76.1019628478426	-48.1912165791087
			76.1421221949918	-48.231375926258
			76.1822815421411	-48.2715352734073
			76.2224408892903	-48.3116946205565
			76.2626002364396	-48.3116946205565
			76.3027595835889	-48.3518539677058
			76.3429189307381	-48.392013314855
			76.3830782778874	-48.4321726620043
			76.4232376250366	-48.4321726620043
			76.4633969721859	-48.4723320091536
			76.5035563193351	-48.5124913563028
			76.5437156664844	-48.5124913563028
			76.5838750136337	-48.5526507034521
			76.6240343607829	-48.5928100506013
			76.6641937079322	-48.5928100506013
			76.7043530550814	-48.6329693977506
			76.7445124022307	-48.6731287448998
			76.7445124022307	-48.7132880920491
			76.7846717493799	-48.7132880920491
			76.8248310965292	-48.7534474391984
			76.8649904436785	-48.7936067863476
			76.9051497908277	-48.7936067863476
			76.945309137977	-48.8337661334969
			76.9854684851262	-48.8739254806461
			77.0256278322755	-48.8739254806461
			77.0657871794247	-48.9140848277954
			77.105946526574	-48.9542441749446
			77.1461058737233	-48.9944035220939
			77.1862652208725	-49.0345628692432
			77.2264245680218	-49.0747222163924
			77.266583915171	-49.1148815635417
			77.3067432623203	-49.1148815635417
			77.3469026094695	-49.1550409106909
			77.3870619566188	-49.1952002578402
			77.4272213037681	-49.2353596049894
			77.4673806509173	-49.2755189521387
			77.5075399980666	-49.2755189521387
			77.5476993452158	-49.315678299288
			77.5878586923651	-49.3558376464372
			77.6280180395143	-49.3959969935865
			77.6681773866636	-49.3959969935865
			77.7083367338129	-49.4361563407357
			77.7484960809621	-49.476315687885
			77.7886554281114	-49.5164750350342
			77.8288147752606	-49.5164750350342
			77.8689741224099	-49.5566343821835
			77.9091334695592	-49.5967937293328
			77.9492928167084	-49.636953076482
			77.9894521638577	-49.6771124236313
			78.0296115110069	-49.6771124236313
			78.0697708581562	-49.7172717707805
			78.1099302053054	-49.7574311179298
			78.1099302053054	-49.797590465079
			78.1500895524547	-49.797590465079
		</c1>
		<c2 type=matrix rownames=FALSE colnames=FALSE nrow=1164 ncol=2 as.numeric=TRUE >
			78.1500895524547	-49.797590465079
			78.1099302053054	-49.797590465079
			78.0697708581562	-49.7574311179298
			78.0296115110069	-49.7574311179298
			77.9894521638577	-49.7172717707805
			77.9492928167084	-49.7172717707805
			77.9091334695592	-49.6771124236313
			77.8689741224099	-49.6771124236313
			77.8288147752606	-49.6771124236313
			77.7886554281114	-49.636953076482
			77.7484960809621	-49.636953076482
			77.7083367338129	-49.636953076482
			77.7083367338129	-49.5967937293328
			77.6681773866636	-49.5967937293328
			77.6280180395143	-49.5967937293328
			77.5878586923651	-49.5967937293328
			77.5476993452158	-49.5967937293328
			77.5075399980666	-49.5566343821835
			77.4673806509173	-49.5566343821835
			77.4272213037681	-49.5566343821835
			77.3870619566188	-49.5566343821835
			77.3469026094695	-49.5566343821835
			77.3067432623203	-49.5566343821835
			77.266583915171	-49.5164750350342
			77.2264245680218	-49.5164750350342
			77.1862652208725	-49.5164750350342
			77.1461058737233	-49.5164750350342
			77.105946526574	-49.5164750350342
			77.0657871794247	-49.5164750350342
			77.0256278322755	-49.5164750350342
			76.9854684851262	-49.5566343821835
			76.945309137977	-49.5566343821835
			76.9051497908277	-49.5566343821835
			76.8649904436785	-49.5566343821835
			76.8248310965292	-49.5566343821835
			76.7846717493799	-49.5967937293328
			76.7445124022307	-49.5967937293328
			76.7043530550814	-49.5967937293328
			76.6641937079322	-49.636953076482
			76.6240343607829	-49.6771124236313
			76.5838750136337	-49.6771124236313
			76.5437156664844	-49.7172717707805
			76.5035563193351	-49.7574311179298
			76.4633969721859	-49.7574311179298
			76.4633969721859	-49.797590465079
			76.4232376250366	-49.797590465079
			76.3830782778874	-49.8377498122283
			76.3429189307381	-49.8377498122283
			76.3027595835889	-49.8779091593776
			76.2626002364396	-49.8779091593776
			76.2224408892903	-49.9180685065268
			76.1822815421411	-49.9180685065268
			76.1421221949918	-49.9180685065268
			76.1019628478426	-49.9582278536761
			76.0618035006933	-49.9582278536761
			76.0216441535441	-49.9582278536761
			75.9814848063948	-49.9983872008253
			75.9413254592455	-49.9983872008253
			75.9011661120963	-49.9983872008253
			75.861006764947	-49.9983872008253
			75.8208474177978	-49.9983872008253
			75.7806880706485	-49.9983872008253
			75.7405287234993	-50.0385465479746
			75.70036937635	-50.0385465479746
			75.6602100292007	-50.0385465479746
			75.6200506820515	-50.0385465479746
			75.5798913349022	-50.0385465479746
			75.539731987753	-50.0385465479746
			75.4995726406037	-50.0385465479746
			75.4594132934544	-49.9983872008253
			75.4192539463052	-49.9983872008253
			75.3790945991559	-49.9983872008253
			75.3389352520067	-49.9983872008253
			75.2987759048574	-49.9983872008253
			75.2586165577082	-49.9983872008253
			75.2184572105589	-49.9983872008253
			75.1782978634097	-49.9582278536761
			75.1381385162604	-49.9582278536761
			75.0979791691111	-49.9582278536761
			75.0578198219619	-49.9582278536761
			75.0176604748126	-49.9180685065268
			74.9775011276634	-49.9180685065268
			74.9373417805141	-49.9582278536761
			74.8971824333648	-49.9582278536761
			74.8570230862156	-49.9582278536761
			74.8570230862156	-49.9983872008253
			74.8168637390663	-49.9983872008253
			74.7767043919171	-49.9983872008253
			74.7365450447678	-50.0385465479746
			74.6963856976186	-50.0385465479746
			74.6562263504693	-50.0385465479746
			74.6160670033201	-50.0787058951238
			74.5759076561708	-50.0787058951238
			74.5357483090215	-50.0787058951238
			74.4955889618723	-50.1188652422731
			74.455429614723	-50.1188652422731
			74.4152702675738	-50.1188652422731
			74.3751109204245	-50.1188652422731
			74.3349515732752	-50.1188652422731
			74.294792226126	-50.1188652422731
			74.2546328789767	-50.1188652422731
			74.2144735318275	-50.1590245894224
			74.1743141846782	-50.1590245894224
			74.134154837529	-50.1590245894224
			74.0939954903797	-50.1590245894224
			74.0538361432304	-50.1590245894224
			74.0136767960812	-50.1590245894224
			73.9735174489319	-50.1590245894224
			73.9333581017827	-50.1590245894224
			73.8931987546334	-50.1590245894224
			73.8530394074842	-50.1590245894224
			73.8128800603349	-50.1590245894224
			73.7727207131856	-50.1590245894224
			73.7325613660364	-50.1590245894224
			73.6924020188871	-50.1590245894224
			73.6522426717379	-50.1590245894224
			73.6522426717379	-50.1188652422731
			73.6120833245886	-50.1188652422731
			73.5719239774394	-50.1188652422731
			73.5317646302901	-50.1188652422731
			73.4916052831408	-50.1188652422731
			73.4514459359916	-50.1188652422731
			73.4112865888423	-50.1188652422731
			73.3711272416931	-50.1188652422731
			73.3309678945438	-50.0787058951238
			73.2908085473946	-50.0787058951238
			73.2506492002453	-50.0787058951238
			73.210489853096	-50.0787058951238
			73.1703305059468	-50.0385465479746
			73.1301711587975	-50.0385465479746
			73.0900118116483	-50.0385465479746
			73.049852464499	-50.0385465479746
			73.0096931173498	-50.0787058951238
			72.9695337702005	-50.0787058951238
			72.9293744230512	-50.0787058951238
			72.889215075902	-50.1188652422731
			72.8490557287527	-50.1188652422731
			72.8088963816035	-50.1188652422731
			72.7687370344542	-50.1188652422731
			72.728577687305	-50.1590245894224
			72.6884183401557	-50.1590245894224
			72.6482589930064	-50.1590245894224
			72.6080996458572	-50.1590245894224
			72.5679402987079	-50.1590245894224
			72.5277809515587	-50.1590245894224
			72.4876216044094	-50.1991839365716
			72.4474622572602	-50.1991839365716
			72.4073029101109	-50.1991839365716
			72.3671435629616	-50.1991839365716
			72.3269842158124	-50.1991839365716
			72.2868248686631	-50.1991839365716
			72.2466655215139	-50.1991839365716
			72.2065061743646	-50.1991839365716
			72.1663468272153	-50.1991839365716
			72.1261874800661	-50.1991839365716
			72.0860281329168	-50.1991839365716
			72.0458687857676	-50.1991839365716
			72.0057094386183	-50.1991839365716
			71.9655500914691	-50.1991839365716
			71.9253907443198	-50.1991839365716
			71.8852313971706	-50.1991839365716
			71.8450720500213	-50.1991839365716
			71.804912702872	-50.1991839365716
			71.7647533557228	-50.1991839365716
			71.7245940085735	-50.1991839365716
			71.6844346614243	-50.1991839365716
			71.644275314275	-50.1991839365716
			71.6041159671258	-50.1991839365716
			71.5639566199765	-50.1991839365716
			71.5237972728272	-50.1991839365716
			71.483637925678	-50.1991839365716
			71.4434785785287	-50.1590245894224
			71.4033192313795	-50.1590245894224
			71.3631598842302	-50.1590245894224
			71.3230005370809	-50.1590245894224
			71.2828411899317	-50.1590245894224
			71.2426818427824	-50.1590245894224
			71.2025224956332	-50.1590245894224
			71.1623631484839	-50.1188652422731
			71.1222038013347	-50.1188652422731
			71.0820444541854	-50.1188652422731
			71.0418851070362	-50.1188652422731
			71.0017257598869	-50.1188652422731
			70.9615664127376	-50.1188652422731
			70.9214070655884	-50.0787058951238
			70.8812477184391	-50.0787058951238
			70.8410883712899	-50.0787058951238
			70.8009290241406	-50.0787058951238
			70.7607696769913	-50.0787058951238
			70.7206103298421	-50.0385465479746
			70.6804509826928	-50.0385465479746
			70.6402916355436	-50.0385465479746
			70.6001322883943	-50.0385465479746
			70.5599729412451	-49.9983872008253
			70.5198135940958	-49.9983872008253
			70.4796542469466	-49.9983872008253
			70.4394948997973	-49.9983872008253
			70.399335552648	-49.9983872008253
			70.3591762054988	-50.0385465479746
			70.3190168583495	-50.0385465479746
			70.2788575112003	-50.0385465479746
			70.238698164051	-50.0385465479746
			70.1985388169017	-50.0385465479746
			70.1583794697525	-50.0787058951238
			70.1182201226032	-50.0787058951238
			70.078060775454	-50.0787058951238
			70.0379014283047	-50.0787058951238
			69.9977420811555	-50.0787058951238
			69.9575827340062	-50.0787058951238
			69.9174233868569	-50.1188652422731
			69.8772640397077	-50.1188652422731
			69.8371046925584	-50.1188652422731
			69.7969453454092	-50.1188652422731
			69.7567859982599	-50.1188652422731
			69.7166266511107	-50.1188652422731
			69.6764673039614	-50.1188652422731
			69.6363079568121	-50.1590245894224
			69.5961486096629	-50.1590245894224
			69.5559892625136	-50.1590245894224
			69.5158299153644	-50.1590245894224
			69.4756705682151	-50.1590245894224
			69.4355112210659	-50.1590245894224
			69.3953518739166	-50.1590245894224
			69.3551925267673	-50.1590245894224
			69.3150331796181	-50.1590245894224
			69.2748738324688	-50.1590245894224
			69.2347144853196	-50.1590245894224
			69.1945551381703	-50.1991839365716
			69.1543957910211	-50.1991839365716
			69.1142364438718	-50.1991839365716
			69.0740770967225	-50.1991839365716
			69.0339177495733	-50.1991839365716
			68.993758402424	-50.1991839365716
			68.9535990552748	-50.1991839365716
			68.9134397081255	-50.1991839365716
			68.8732803609763	-50.1991839365716
			68.833121013827	-50.1991839365716
			68.7929616666777	-50.1991839365716
			68.7528023195285	-50.1991839365716
			68.7126429723792	-50.1991839365716
			68.67248362523	-50.1991839365716
			68.6323242780807	-50.1991839365716
			68.5921649309315	-50.1991839365716
			68.5520055837822	-50.1991839365716
			68.5118462366329	-50.1991839365716
			68.4716868894837	-50.1991839365716
			68.4315275423344	-50.1991839365716
			68.3913681951852	-50.1991839365716
			68.3512088480359	-50.1991839365716
			68.3110495008867	-50.1991839365716
			68.2708901537374	-50.1991839365716
			68.2307308065881	-50.1991839365716
			68.1905714594389	-50.1991839365716
			68.1504121122896	-50.1991839365716
			68.1102527651404	-50.1991839365716
			68.0700934179911	-50.1991839365716
			68.0299340708418	-50.1590245894224
			67.9897747236926	-50.1590245894224
			67.9496153765433	-50.1590245894224
			67.9094560293941	-50.1590245894224
			67.8692966822448	-50.1590245894224
			67.8291373350956	-50.1590245894224
			67.7889779879463	-50.1590245894224
			67.7488186407971	-50.1590245894224
			67.7086592936478	-50.1590245894224
			67.6684999464985	-50.1590245894224
			67.6684999464985	-50.1188652422731
			67.6283405993493	-50.1188652422731
			67.5881812522	-50.1188652422731
			67.5480219050508	-50.1188652422731
			67.5078625579015	-50.1188652422731
			67.4677032107522	-50.1188652422731
			67.427543863603	-50.1188652422731
			67.3873845164537	-50.0787058951238
			67.3472251693045	-50.0787058951238
			67.3070658221552	-50.0787058951238
			67.266906475006	-50.0787058951238
			67.2267471278567	-50.0787058951238
			67.1865877807075	-50.0787058951238
			67.1865877807075	-50.0385465479746
			67.1464284335582	-50.0385465479746
			67.1062690864089	-50.0385465479746
			67.0661097392597	-50.0385465479746
			67.0259503921104	-50.0385465479746
			66.9857910449612	-49.9983872008253
			66.9456316978119	-49.9983872008253
			66.9054723506626	-49.9983872008253
			66.8653130035134	-49.9983872008253
			66.8251536563641	-49.9983872008253
			66.8251536563641	-49.9582278536761
			66.7849943092149	-49.9582278536761
			66.7448349620656	-49.9582278536761
			66.7046756149164	-49.9582278536761
			66.6645162677671	-49.9180685065268
			66.6243569206178	-49.9180685065268
			66.5841975734686	-49.9180685065268
			66.5440382263193	-49.9180685065268
			66.5038788791701	-49.9180685065268
			66.4637195320208	-49.9180685065268
			66.4235601848716	-49.9180685065268
			66.3834008377223	-49.9180685065268
			66.343241490573	-49.9180685065268
			66.3030821434238	-49.9180685065268
			66.2629227962745	-49.9582278536761
			66.2227634491253	-49.9582278536761
			66.182604101976	-49.9582278536761
			66.1424447548268	-49.9582278536761
			66.1022854076775	-49.9582278536761
			66.0621260605282	-49.9582278536761
			66.021966713379	-49.9582278536761
			65.9818073662297	-49.9582278536761
			65.9416480190805	-49.9582278536761
			65.9014886719312	-49.9582278536761
			65.861329324782	-49.9582278536761
			65.8211699776327	-49.9582278536761
			65.7810106304835	-49.9582278536761
			65.7408512833342	-49.9582278536761
			65.7006919361849	-49.9582278536761
			65.6605325890357	-49.9582278536761
			65.6203732418864	-49.9582278536761
			65.5802138947372	-49.9582278536761
			65.5400545475879	-49.9582278536761
			65.4998952004386	-49.9582278536761
			65.4597358532894	-49.9582278536761
			65.4195765061401	-49.9582278536761
			65.3794171589909	-49.9582278536761
			65.3392578118416	-49.9582278536761
			65.2990984646924	-49.9582278536761
			65.2589391175431	-49.9582278536761
			65.2187797703938	-49.9582278536761
			65.1786204232446	-49.9582278536761
			65.1384610760953	-49.9582278536761
			65.0983017289461	-49.9582278536761
			65.0581423817968	-49.9582278536761
			65.0179830346476	-49.9582278536761
			64.9778236874983	-49.9582278536761
			64.937664340349	-49.9582278536761
			64.8975049931998	-49.9582278536761
			64.8573456460505	-49.9180685065268
			64.8171862989013	-49.9180685065268
			64.777026951752	-49.9180685065268
			64.7368676046028	-49.9180685065268
			64.6967082574535	-49.9180685065268
			64.6565489103042	-49.9180685065268
			64.616389563155	-49.9180685065268
			64.5762302160057	-49.9180685065268
			64.5360708688565	-49.9180685065268
			64.4959115217072	-49.9180685065268
			64.455752174558	-49.9180685065268
			64.4155928274087	-49.9180685065268
			64.3754334802594	-49.9180685065268
			64.3352741331102	-49.9180685065268
			64.2951147859609	-49.9180685065268
			64.2549554388117	-49.8779091593776
			64.2147960916624	-49.8779091593776
			64.1746367445132	-49.8779091593776
			64.1344773973639	-49.8779091593776
			64.0943180502146	-49.8779091593776
			64.0541587030654	-49.8779091593776
			64.0139993559161	-49.8779091593776
			63.9738400087669	-49.8779091593776
			63.9336806616176	-49.8779091593776
			63.8935213144684	-49.8779091593776
			63.8533619673191	-49.8779091593776
			63.8132026201698	-49.8377498122283
			63.7730432730206	-49.8377498122283
			63.7328839258713	-49.8377498122283
			63.6927245787221	-49.8377498122283
			63.6525652315728	-49.8377498122283
			63.6124058844236	-49.8377498122283
			63.5722465372743	-49.8377498122283
			63.532087190125	-49.8377498122283
			63.4919278429758	-49.797590465079
			63.4517684958265	-49.797590465079
			63.4116091486773	-49.797590465079
			63.371449801528	-49.797590465079
			63.3312904543788	-49.797590465079
			63.2911311072295	-49.797590465079
			63.2509717600802	-49.797590465079
			63.210812412931	-49.797590465079
			63.1706530657817	-49.7574311179298
			63.1304937186325	-49.7574311179298
			63.0903343714832	-49.7574311179298
			63.0501750243339	-49.7574311179298
			63.0100156771847	-49.7574311179298
			62.9698563300354	-49.7574311179298
			62.9296969828862	-49.7172717707805
			62.8895376357369	-49.7172717707805
			62.8493782885877	-49.7172717707805
			62.8092189414384	-49.7172717707805
			62.7690595942891	-49.7172717707805
			62.7289002471399	-49.7172717707805
			62.6887408999906	-49.6771124236313
			62.6485815528414	-49.6771124236313
			62.6084222056921	-49.6771124236313
			62.5682628585429	-49.6771124236313
			62.5281035113936	-49.6771124236313
			62.4879441642443	-49.6771124236313
			62.4879441642443	-49.636953076482
			62.4477848170951	-49.636953076482
			62.4076254699458	-49.636953076482
			62.3674661227966	-49.636953076482
			62.3273067756473	-49.636953076482
			62.2871474284981	-49.5967937293328
			62.2469880813488	-49.5967937293328
			62.2068287341995	-49.5967937293328
			62.1666693870503	-49.5967937293328
			62.126510039901	-49.5967937293328
			62.0863506927518	-49.5566343821835
			62.0461913456025	-49.5566343821835
			62.0060319984533	-49.5566343821835
			61.965872651304	-49.5566343821835
			61.9257133041547	-49.5164750350342
			61.8855539570055	-49.5164750350342
			61.8453946098562	-49.5164750350342
			61.805235262707	-49.5164750350342
			61.7650759155577	-49.5164750350342
			61.7249165684085	-49.5164750350342
			61.6847572212592	-49.5164750350342
			61.6445978741099	-49.5164750350342
			61.6044385269607	-49.5164750350342
			61.5642791798114	-49.5164750350342
			61.5241198326622	-49.5164750350342
			61.4839604855129	-49.5566343821835
			61.4438011383637	-49.5566343821835
			61.4036417912144	-49.5566343821835
			61.3634824440651	-49.5566343821835
			61.3233230969159	-49.5566343821835
			61.2831637497666	-49.5566343821835
			61.2430044026174	-49.5566343821835
			61.2028450554681	-49.5566343821835
			61.1626857083189	-49.5566343821835
			61.1225263611696	-49.5566343821835
			61.0823670140203	-49.5566343821835
			61.0422076668711	-49.5566343821835
			61.0020483197218	-49.5566343821835
			60.9618889725726	-49.5566343821835
			60.9217296254233	-49.5566343821835
			60.8815702782741	-49.5566343821835
			60.8414109311248	-49.5566343821835
			60.8012515839755	-49.5566343821835
			60.7610922368263	-49.5566343821835
			60.720932889677	-49.5566343821835
			60.6807735425278	-49.5566343821835
			60.6406141953785	-49.5967937293328
			60.6004548482293	-49.5967937293328
			60.56029550108	-49.5967937293328
			60.5201361539307	-49.5967937293328
			60.4799768067815	-49.5967937293328
			60.4398174596322	-49.5967937293328
			60.399658112483	-49.5967937293328
			60.3594987653337	-49.5967937293328
			60.3193394181845	-49.5967937293328
			60.2791800710352	-49.5967937293328
			60.2390207238859	-49.5967937293328
			60.1988613767367	-49.5967937293328
			60.1587020295874	-49.5967937293328
			60.1185426824382	-49.5967937293328
			60.0783833352889	-49.5967937293328
			60.0382239881396	-49.5967937293328
			59.9980646409904	-49.5967937293328
			59.9579052938411	-49.5967937293328
			59.9177459466919	-49.5967937293328
			59.8775865995426	-49.5967937293328
			59.8374272523934	-49.5967937293328
			59.7972679052441	-49.5967937293328
			59.7571085580948	-49.5967937293328
			59.7169492109456	-49.5967937293328
			59.6767898637963	-49.5967937293328
			59.6366305166471	-49.5967937293328
			59.5964711694978	-49.5967937293328
			59.5563118223486	-49.5967937293328
			59.5161524751993	-49.5967937293328
			59.47599312805	-49.5967937293328
			59.4358337809008	-49.5967937293328
			59.3956744337515	-49.5967937293328
			59.3555150866023	-49.5967937293328
			59.315355739453	-49.5967937293328
			59.2751963923038	-49.5967937293328
			59.2350370451545	-49.5967937293328
			59.1948776980053	-49.5967937293328
			59.154718350856	-49.5967937293328
			59.1145590037067	-49.5967937293328
			59.0743996565575	-49.5967937293328
			59.0342403094082	-49.5967937293328
			58.994080962259	-49.5967937293328
			58.9539216151097	-49.5967937293328
			58.9137622679605	-49.5967937293328
			58.8736029208112	-49.5967937293328
			58.8334435736619	-49.5967937293328
			58.7932842265127	-49.5967937293328
			58.7531248793634	-49.5967937293328
			58.7129655322142	-49.5967937293328
			58.6728061850649	-49.5967937293328
			58.6326468379156	-49.5967937293328
			58.5924874907664	-49.5967937293328
			58.5523281436171	-49.5967937293328
			58.5121687964679	-49.5967937293328
			58.4720094493186	-49.5967937293328
			58.4318501021694	-49.5967937293328
			58.3916907550201	-49.5967937293328
			58.3515314078708	-49.5967937293328
			58.3113720607216	-49.5967937293328
			58.2712127135723	-49.5967937293328
			58.2310533664231	-49.5967937293328
			58.1908940192738	-49.5967937293328
			58.1507346721246	-49.5967937293328
			58.1105753249753	-49.5967937293328
			58.070415977826	-49.5967937293328
			58.0302566306768	-49.5967937293328
			57.9900972835275	-49.5967937293328
			57.9499379363783	-49.5967937293328
			57.909778589229	-49.5967937293328
			57.8696192420798	-49.5967937293328
			57.8294598949305	-49.5967937293328
			57.7893005477812	-49.5967937293328
			57.749141200632	-49.5967937293328
			57.7089818534827	-49.5967937293328
			57.6688225063335	-49.5967937293328
			57.6286631591842	-49.5967937293328
			57.588503812035	-49.5967937293328
			57.5483444648857	-49.5967937293328
			57.5081851177364	-49.5967937293328
			57.4680257705872	-49.5967937293328
			57.4278664234379	-49.5967937293328
			57.3877070762887	-49.5967937293328
			57.3475477291394	-49.5967937293328
			57.3073883819902	-49.5967937293328
			57.2672290348409	-49.5967937293328
			57.2270696876916	-49.5967937293328
			57.1869103405424	-49.5967937293328
			57.1467509933931	-49.5967937293328
			57.1065916462439	-49.5967937293328
			57.0664322990946	-49.5967937293328
			57.0262729519454	-49.5967937293328
			56.9861136047961	-49.5967937293328
			56.9459542576468	-49.5967937293328
			56.9057949104976	-49.5967937293328
			56.8656355633483	-49.5967937293328
			56.8254762161991	-49.5967937293328
			56.7853168690498	-49.5967937293328
			56.7451575219006	-49.5967937293328
			56.7049981747513	-49.5967937293328
			56.664838827602	-49.5967937293328
			56.6246794804528	-49.5967937293328
			56.5845201333035	-49.5967937293328
			56.5443607861543	-49.5967937293328
			56.504201439005	-49.5967937293328
			56.4640420918558	-49.5967937293328
			56.4238827447065	-49.5967937293328
			56.3837233975572	-49.5967937293328
			56.343564050408	-49.5967937293328
			56.3034047032587	-49.5967937293328
			56.2632453561095	-49.5967937293328
			56.2230860089602	-49.5967937293328
			56.182926661811	-49.5967937293328
			56.1427673146617	-49.5967937293328
			56.1026079675124	-49.5967937293328
			56.0624486203632	-49.5967937293328
			56.0222892732139	-49.5967937293328
			55.9821299260647	-49.5967937293328
			55.9419705789154	-49.5967937293328
			55.9018112317662	-49.5967937293328
			55.8616518846169	-49.5967937293328
			55.8214925374676	-49.5967937293328
			55.7813331903184	-49.5967937293328
			55.7411738431691	-49.5967937293328
			55.7010144960199	-49.5967937293328
			55.6608551488706	-49.5967937293328
			55.6206958017213	-49.5967937293328
			55.5805364545721	-49.5967937293328
			55.5403771074228	-49.5967937293328
			55.5002177602736	-49.5967937293328
			55.4600584131243	-49.5566343821835
			55.4198990659751	-49.5566343821835
			55.3797397188258	-49.5566343821835
			55.3395803716765	-49.5566343821835
			55.2994210245273	-49.5566343821835
			55.259261677378	-49.5566343821835
			55.2191023302288	-49.5566343821835
			55.1789429830795	-49.5566343821835
			55.1387836359303	-49.5566343821835
			55.098624288781	-49.5566343821835
			55.0584649416317	-49.5566343821835
			55.0183055944825	-49.5566343821835
			54.9781462473332	-49.5566343821835
			54.937986900184	-49.5566343821835
			54.8978275530347	-49.5566343821835
			54.8576682058855	-49.5566343821835
			54.8175088587362	-49.5566343821835
			54.7773495115869	-49.5566343821835
			54.7371901644377	-49.5566343821835
			54.6970308172884	-49.5566343821835
			54.6568714701392	-49.5566343821835
			54.6167121229899	-49.5566343821835
			54.5765527758407	-49.5566343821835
			54.5363934286914	-49.5566343821835
			54.4962340815421	-49.5566343821835
			54.4560747343929	-49.5566343821835
			54.4159153872436	-49.5566343821835
			54.3757560400944	-49.5566343821835
			54.3355966929451	-49.5566343821835
			54.2954373457959	-49.5566343821835
			54.2552779986466	-49.5566343821835
			54.2151186514973	-49.5566343821835
			54.1749593043481	-49.5566343821835
			54.1347999571988	-49.5164750350342
			54.0946406100496	-49.5164750350342
			54.0544812629003	-49.5164750350342
			54.0143219157511	-49.5164750350342
			53.9741625686018	-49.5164750350342
			53.9340032214525	-49.5164750350342
			53.8938438743033	-49.5164750350342
			53.853684527154	-49.5164750350342
			53.8135251800048	-49.5164750350342
			53.7733658328555	-49.5164750350342
			53.7332064857063	-49.5164750350342
			53.693047138557	-49.5164750350342
			53.6528877914077	-49.5164750350342
			53.6127284442585	-49.5164750350342
			53.5725690971092	-49.5164750350342
			53.53240974996	-49.5164750350342
			53.4922504028107	-49.5164750350342
			53.4520910556615	-49.5164750350342
			53.4119317085122	-49.5164750350342
			53.3717723613629	-49.5164750350342
			53.3316130142137	-49.5164750350342
			53.3316130142137	-49.5566343821835
			53.2914536670644	-49.5566343821835
			53.2512943199152	-49.5566343821835
			53.2111349727659	-49.5566343821835
			53.1709756256167	-49.5566343821835
			53.1308162784674	-49.5566343821835
			53.0906569313181	-49.5566343821835
			53.0504975841689	-49.5566343821835
			53.0103382370196	-49.5566343821835
			52.9701788898704	-49.5566343821835
			52.9300195427211	-49.5566343821835
			52.8898601955719	-49.5566343821835
			52.8497008484226	-49.5566343821835
			52.8095415012733	-49.5566343821835
			52.7693821541241	-49.5566343821835
			52.7292228069748	-49.5566343821835
			52.6890634598256	-49.5566343821835
			52.6489041126763	-49.5967937293328
			52.608744765527	-49.5967937293328
			52.5685854183778	-49.5967937293328
			52.5284260712285	-49.5967937293328
			52.4882667240793	-49.5967937293328
			52.44810737693	-49.5967937293328
			52.4079480297808	-49.5967937293328
			52.3677886826315	-49.5967937293328
			52.3276293354822	-49.5967937293328
			52.287469988333	-49.5967937293328
			52.2473106411837	-49.5967937293328
			52.2071512940345	-49.5967937293328
			52.1669919468852	-49.5967937293328
			52.126832599736	-49.5967937293328
			52.0866732525867	-49.5967937293328
			52.0465139054375	-49.5967937293328
			52.0063545582882	-49.5967937293328
			51.9661952111389	-49.5967937293328
			51.9260358639897	-49.5967937293328
			51.8858765168404	-49.5967937293328
			51.8457171696912	-49.5967937293328
			51.8055578225419	-49.5967937293328
			51.7653984753927	-49.5967937293328
			51.7252391282434	-49.5967937293328
			51.6850797810941	-49.5967937293328
			51.6449204339449	-49.5967937293328
			51.6047610867956	-49.5967937293328
			51.5646017396464	-49.636953076482
			51.5244423924971	-49.636953076482
			51.4842830453479	-49.636953076482
			51.4441236981986	-49.636953076482
			51.4039643510493	-49.636953076482
			51.3638050039001	-49.636953076482
			51.3236456567508	-49.636953076482
			51.2834863096016	-49.636953076482
			51.2433269624523	-49.636953076482
			51.203167615303	-49.636953076482
			51.1630082681538	-49.636953076482
			51.1228489210045	-49.636953076482
			51.0826895738553	-49.636953076482
			51.042530226706	-49.636953076482
			51.0023708795568	-49.636953076482
			50.9622115324075	-49.636953076482
			50.9220521852582	-49.636953076482
			50.881892838109	-49.636953076482
			50.8417334909597	-49.636953076482
			50.8015741438105	-49.636953076482
			50.7614147966612	-49.636953076482
			50.721255449512	-49.636953076482
			50.6810961023627	-49.636953076482
			50.6409367552134	-49.636953076482
			50.6007774080642	-49.636953076482
			50.5606180609149	-49.636953076482
			50.5204587137657	-49.636953076482
			50.4802993666164	-49.636953076482
			50.4401400194672	-49.636953076482
			50.3999806723179	-49.636953076482
			50.3598213251686	-49.636953076482
			50.3196619780194	-49.636953076482
			50.2795026308701	-49.636953076482
			50.2393432837209	-49.636953076482
			50.1991839365716	-49.636953076482
			50.1590245894224	-49.636953076482
			50.1188652422731	-49.636953076482
			50.0787058951238	-49.636953076482
			50.0385465479746	-49.636953076482
			49.9983872008253	-49.636953076482
			49.9582278536761	-49.636953076482
			49.9180685065268	-49.636953076482
			49.8779091593776	-49.636953076482
			49.8377498122283	-49.636953076482
			49.797590465079	-49.636953076482
			49.7574311179298	-49.636953076482
			49.7172717707805	-49.636953076482
			49.6771124236313	-49.636953076482
			49.636953076482	-49.5967937293328
			49.5967937293328	-49.5967937293328
			49.5566343821835	-49.5967937293328
			49.5164750350342	-49.5967937293328
			49.476315687885	-49.5967937293328
			49.4361563407357	-49.5967937293328
			49.3959969935865	-49.5967937293328
			49.3558376464372	-49.5967937293328
			49.315678299288	-49.5967937293328
			49.2755189521387	-49.5967937293328
			49.2353596049894	-49.5967937293328
			49.1952002578402	-49.5967937293328
			49.1550409106909	-49.5967937293328
			49.1148815635417	-49.5967937293328
			49.0747222163924	-49.5967937293328
			49.0345628692432	-49.5967937293328
			48.9944035220939	-49.5967937293328
			48.9542441749446	-49.5967937293328
			48.9140848277954	-49.5967937293328
			48.8739254806461	-49.5967937293328
			48.8337661334969	-49.5967937293328
			48.7936067863476	-49.5967937293328
			48.7534474391984	-49.5967937293328
			48.7132880920491	-49.5967937293328
			48.6731287448998	-49.5967937293328
			48.6329693977506	-49.5967937293328
			48.5928100506013	-49.5967937293328
			48.5526507034521	-49.5967937293328
			48.5124913563028	-49.5967937293328
			48.4723320091536	-49.5967937293328
			48.4321726620043	-49.5566343821835
			48.392013314855	-49.5566343821835
			48.3518539677058	-49.5566343821835
			48.3116946205565	-49.5566343821835
			48.2715352734073	-49.5566343821835
			48.231375926258	-49.5566343821835
			48.1912165791087	-49.5566343821835
			48.1510572319595	-49.5566343821835
			48.1108978848102	-49.5566343821835
			48.070738537661	-49.5566343821835
			48.0305791905117	-49.5566343821835
			47.9904198433625	-49.5566343821835
			47.9502604962132	-49.5566343821835
			47.9101011490639	-49.5566343821835
			47.8699418019147	-49.5566343821835
			47.8297824547654	-49.5566343821835
			47.7896231076162	-49.5566343821835
			47.7494637604669	-49.5566343821835
			47.7093044133177	-49.5566343821835
			47.6691450661684	-49.5566343821835
			47.6289857190191	-49.5164750350342
			47.5888263718699	-49.5164750350342
			47.5486670247206	-49.5164750350342
			47.5085076775714	-49.5164750350342
			47.4683483304221	-49.5164750350342
			47.4281889832729	-49.5164750350342
			47.3880296361236	-49.5164750350342
			47.3478702889743	-49.5164750350342
			47.3077109418251	-49.5164750350342
			47.2675515946758	-49.5164750350342
			47.2273922475266	-49.5164750350342
			47.1872329003773	-49.5164750350342
			47.1470735532281	-49.5164750350342
			47.1069142060788	-49.5164750350342
			47.0667548589295	-49.5164750350342
			47.0265955117803	-49.476315687885
			46.986436164631	-49.476315687885
			46.9462768174818	-49.476315687885
			46.9061174703325	-49.476315687885
			46.8659581231833	-49.476315687885
			46.825798776034	-49.476315687885
			46.7856394288847	-49.476315687885
			46.7454800817355	-49.476315687885
			46.7053207345862	-49.476315687885
			46.665161387437	-49.476315687885
			46.6250020402877	-49.476315687885
			46.5848426931385	-49.476315687885
			46.5446833459892	-49.476315687885
			46.5045239988399	-49.476315687885
			46.4643646516907	-49.476315687885
			46.4242053045414	-49.476315687885
			46.3840459573922	-49.476315687885
			46.3438866102429	-49.5164750350342
			46.3037272630937	-49.5164750350342
			46.2635679159444	-49.5164750350342
			46.2234085687951	-49.5164750350342
			46.1832492216459	-49.5164750350342
			46.1430898744966	-49.5164750350342
			46.1029305273474	-49.5164750350342
			46.0627711801981	-49.5164750350342
			46.0226118330489	-49.5164750350342
			45.9824524858996	-49.5164750350342
			45.9422931387503	-49.5164750350342
			45.9021337916011	-49.5164750350342
			45.8619744444518	-49.5164750350342
			45.8218150973026	-49.5164750350342
			45.7816557501533	-49.5164750350342
			45.7414964030041	-49.5164750350342
			45.7013370558548	-49.5164750350342
			45.6611777087055	-49.5164750350342
			45.6210183615563	-49.5164750350342
			45.580859014407	-49.5164750350342
			45.5406996672578	-49.5164750350342
			45.5005403201085	-49.5164750350342
			45.4603809729593	-49.5566343821835
			45.42022162581	-49.5566343821835
			45.3800622786607	-49.5566343821835
			45.3399029315115	-49.5566343821835
			45.2997435843622	-49.5566343821835
			45.259584237213	-49.5566343821835
			45.2194248900637	-49.5566343821835
			45.1792655429145	-49.5566343821835
			45.1391061957652	-49.5566343821835
			45.0989468486159	-49.5566343821835
			45.0587875014667	-49.5566343821835
			45.0186281543174	-49.5566343821835
			44.9784688071682	-49.5566343821835
			44.9383094600189	-49.5566343821835
			44.8981501128697	-49.5566343821835
			44.8579907657204	-49.5566343821835
			44.8178314185711	-49.5566343821835
			44.7776720714219	-49.5566343821835
			44.7375127242726	-49.5566343821835
			44.6973533771234	-49.5566343821835
			44.6571940299741	-49.5566343821835
			44.6170346828249	-49.5566343821835
			44.5768753356756	-49.5566343821835
			44.5367159885263	-49.5566343821835
			44.4965566413771	-49.5566343821835
			44.4563972942278	-49.5566343821835
			44.4162379470786	-49.5566343821835
			44.3760785999293	-49.5566343821835
			44.3359192527801	-49.5566343821835
			44.2957599056308	-49.5566343821835
			44.2556005584815	-49.5566343821835
			44.2154412113323	-49.5967937293328
			44.175281864183	-49.5967937293328
			44.1351225170338	-49.5967937293328
			44.0949631698845	-49.5967937293328
			44.0548038227353	-49.5967937293328
			44.014644475586	-49.5967937293328
			43.9744851284367	-49.5967937293328
			43.9343257812875	-49.5967937293328
			43.8941664341382	-49.5967937293328
			43.854007086989	-49.5967937293328
			43.8138477398397	-49.5967937293328
			43.7736883926904	-49.5967937293328
			43.7335290455412	-49.5967937293328
			43.6933696983919	-49.5967937293328
			43.6532103512427	-49.5967937293328
			43.6130510040934	-49.5967937293328
			43.5728916569442	-49.5967937293328
			43.5327323097949	-49.5967937293328
			43.4925729626456	-49.5967937293328
			43.4524136154964	-49.5967937293328
			43.4122542683471	-49.5967937293328
			43.3720949211979	-49.5967937293328
			43.3319355740486	-49.5967937293328
			43.2917762268994	-49.5967937293328
			43.2516168797501	-49.5967937293328
			43.2114575326008	-49.5967937293328
			43.1712981854516	-49.5967937293328
			43.1311388383023	-49.5967937293328
			43.0909794911531	-49.5967937293328
			43.0508201440038	-49.5967937293328
			43.0106607968546	-49.5967937293328
			42.9705014497053	-49.5967937293328
			42.930342102556	-49.5967937293328
			42.8901827554068	-49.5967937293328
			42.8500234082575	-49.5967937293328
			42.8098640611083	-49.5967937293328
			42.769704713959	-49.5967937293328
			42.7295453668098	-49.5967937293328
			42.6893860196605	-49.5967937293328
			42.6492266725112	-49.5967937293328
			42.609067325362	-49.5967937293328
			42.5689079782127	-49.5967937293328
			42.5287486310635	-49.5967937293328
			42.4885892839142	-49.5967937293328
			42.448429936765	-49.5967937293328
			42.4082705896157	-49.5967937293328
			42.3681112424664	-49.5967937293328
			42.3279518953172	-49.5967937293328
			42.2877925481679	-49.5967937293328
			42.2476332010187	-49.5967937293328
			42.2074738538694	-49.5967937293328
			42.1673145067202	-49.5967937293328
			42.1271551595709	-49.5967937293328
			42.0869958124216	-49.5967937293328
			42.0468364652724	-49.5967937293328
			42.0066771181231	-49.5967937293328
			42.0066771181231	-49.636953076482
			41.9665177709739	-49.636953076482
			41.9263584238246	-49.636953076482
			41.8861990766754	-49.636953076482
			41.8460397295261	-49.636953076482
			41.8058803823768	-49.636953076482
			41.7657210352276	-49.636953076482
			41.7255616880783	-49.636953076482
			41.6854023409291	-49.636953076482
			41.6452429937798	-49.636953076482
			41.6050836466306	-49.636953076482
			41.5649242994813	-49.636953076482
			41.524764952332	-49.636953076482
			41.4846056051828	-49.636953076482
			41.4444462580335	-49.636953076482
			41.4042869108843	-49.636953076482
			41.364127563735	-49.636953076482
			41.3239682165858	-49.636953076482
			41.2838088694365	-49.636953076482
			41.2436495222872	-49.636953076482
			41.203490175138	-49.636953076482
			41.1633308279887	-49.636953076482
			41.1231714808395	-49.636953076482
			41.0830121336902	-49.636953076482
			41.042852786541	-49.636953076482
			41.0026934393917	-49.636953076482
			40.9625340922424	-49.636953076482
			40.9223747450932	-49.636953076482
			40.8822153979439	-49.636953076482
			40.8420560507947	-49.6771124236313
			40.8018967036454	-49.6771124236313
			40.7617373564961	-49.6771124236313
			40.7215780093469	-49.6771124236313
			40.6814186621976	-49.6771124236313
			40.6412593150484	-49.6771124236313
			40.6010999678991	-49.6771124236313
			40.5609406207499	-49.6771124236313
			40.5207812736006	-49.6771124236313
			40.4806219264513	-49.6771124236313
			40.4404625793021	-49.6771124236313
			40.4003032321528	-49.6771124236313
			40.3601438850036	-49.6771124236313
			40.3199845378543	-49.6771124236313
			40.2798251907051	-49.6771124236313
			40.2396658435558	-49.6771124236313
			40.1995064964065	-49.6771124236313
			40.1593471492573	-49.6771124236313
			40.119187802108	-49.6771124236313
			40.0790284549588	-49.6771124236313
			40.0388691078095	-49.6771124236313
			39.9987097606603	-49.6771124236313
			39.958550413511	-49.6771124236313
			39.9183910663617	-49.6771124236313
			39.9183910663617	-49.7172717707805
			39.8782317192125	-49.7172717707805
			39.8380723720632	-49.7172717707805
			39.797913024914	-49.7172717707805
			39.7577536777647	-49.7172717707805
			39.7175943306155	-49.7172717707805
			39.6774349834662	-49.7172717707805
			39.637275636317	-49.7172717707805
			39.5971162891677	-49.7172717707805
			39.5569569420184	-49.7172717707805
			39.5167975948692	-49.7172717707805
			39.4766382477199	-49.7172717707805
			39.4364789005707	-49.7172717707805
			39.3963195534214	-49.7172717707805
			39.3561602062721	-49.7172717707805
			39.3160008591229	-49.7172717707805
			39.2758415119736	-49.7172717707805
			39.2356821648244	-49.7172717707805
			39.1955228176751	-49.7172717707805
			39.1553634705259	-49.7172717707805
			39.1152041233766	-49.7172717707805
			39.0750447762273	-49.7574311179298
			39.0348854290781	-49.7574311179298
			38.9947260819288	-49.7574311179298
			38.9545667347796	-49.7574311179298
			38.9144073876303	-49.7574311179298
			38.8742480404811	-49.7574311179298
			38.8340886933318	-49.7574311179298
			38.7939293461825	-49.7574311179298
			38.7537699990333	-49.7574311179298
			38.713610651884	-49.7574311179298
			38.6734513047348	-49.7574311179298
			38.6332919575855	-49.7574311179298
			38.5931326104363	-49.7574311179298
			38.552973263287	-49.7574311179298
			38.5128139161377	-49.7574311179298
			38.4726545689885	-49.7574311179298
			38.4324952218392	-49.7574311179298
			38.39233587469	-49.7574311179298
			38.3521765275407	-49.797590465079
			38.3120171803915	-49.797590465079
			38.2718578332422	-49.797590465079
			38.2316984860929	-49.797590465079
			38.1915391389437	-49.797590465079
			38.1513797917944	-49.797590465079
			38.1112204446452	-49.797590465079
			38.0710610974959	-49.797590465079
			38.0309017503467	-49.797590465079
			37.9907424031974	-49.797590465079
			37.9505830560481	-49.797590465079
			37.9104237088989	-49.797590465079
			37.8702643617496	-49.797590465079
			37.8301050146004	-49.797590465079
			37.7899456674511	-49.797590465079
			37.7497863203019	-49.797590465079
			37.7096269731526	-49.8377498122283
			37.6694676260033	-49.8377498122283
			37.6293082788541	-49.8377498122283
			37.5891489317048	-49.8377498122283
			37.5489895845556	-49.8377498122283
			37.5088302374063	-49.8377498122283
			37.4686708902571	-49.8377498122283
			37.4285115431078	-49.8377498122283
			37.3883521959585	-49.8377498122283
			37.3481928488093	-49.8377498122283
			37.30803350166	-49.8377498122283
			37.2678741545108	-49.8377498122283
			37.2277148073615	-49.8377498122283
			37.1875554602123	-49.8779091593776
			37.147396113063	-49.8779091593776
			37.1072367659137	-49.8779091593776
			37.0670774187645	-49.8779091593776
			37.0269180716152	-49.8779091593776
			36.986758724466	-49.8779091593776
			36.9465993773167	-49.8779091593776
			36.9064400301675	-49.8779091593776
			36.8662806830182	-49.8779091593776
			36.8261213358689	-49.8779091593776
			36.7859619887197	-49.8779091593776
			36.7458026415704	-49.8779091593776
			36.7056432944212	-49.9180685065268
			36.6654839472719	-49.9180685065268
			36.6253246001227	-49.9180685065268
			36.5851652529734	-49.9180685065268
			36.5450059058241	-49.9180685065268
			36.5048465586749	-49.9180685065268
			36.4646872115256	-49.9180685065268
			36.4245278643764	-49.9180685065268
			36.3843685172271	-49.9180685065268
			36.3442091700778	-49.9180685065268
			36.3040498229286	-49.9180685065268
			36.2638904757793	-49.9582278536761
			36.2237311286301	-49.9582278536761
			36.1835717814808	-49.9582278536761
			36.1434124343316	-49.9582278536761
			36.1032530871823	-49.9582278536761
			36.063093740033	-49.9582278536761
			36.0229343928838	-49.9582278536761
			35.9827750457345	-49.9582278536761
			35.9426156985853	-49.9582278536761
			35.902456351436	-49.9582278536761
			35.902456351436	-49.9983872008253
			35.8622970042868	-49.9983872008253
			35.8221376571375	-49.9983872008253
			35.7819783099882	-49.9983872008253
			35.741818962839	-49.9983872008253
			35.7016596156897	-49.9983872008253
			35.6615002685405	-49.9983872008253
			35.6213409213912	-49.9983872008253
			35.581181574242	-49.9983872008253
			35.5410222270927	-50.0385465479746
			35.5008628799434	-50.0385465479746
			35.4607035327942	-50.0385465479746
			35.4205441856449	-50.0385465479746
			35.3803848384957	-50.0385465479746
			35.3402254913464	-50.0385465479746
			35.3000661441972	-50.0385465479746
			35.2599067970479	-50.0787058951238
			35.2197474498986	-50.0787058951238
			35.1795881027494	-50.0787058951238
			35.1394287556001	-50.0787058951238
			35.0992694084509	-50.0787058951238
			35.0591100613016	-50.0787058951238
			35.0189507141524	-50.0787058951238
			34.9787913670031	-50.1188652422731
			34.9386320198538	-50.1188652422731
			34.8984726727046	-50.1188652422731
			34.8583133255553	-50.1188652422731
			34.8181539784061	-50.1188652422731
			34.7779946312568	-50.1188652422731
			34.7378352841076	-50.1188652422731
			34.6976759369583	-50.1590245894224
			34.657516589809	-50.1590245894224
			34.6173572426598	-50.1590245894224
			34.5771978955105	-50.1590245894224
			34.5370385483613	-50.1590245894224
			34.496879201212	-50.1590245894224
			34.4567198540628	-50.1590245894224
			34.4165605069135	-50.1590245894224
			34.3764011597642	-50.1991839365716
			34.336241812615	-50.1991839365716
			34.2960824654657	-50.1991839365716
			34.2559231183165	-50.1991839365716
			34.2157637711672	-50.1991839365716
			34.175604424018	-50.1991839365716
			34.1354450768687	-50.1991839365716
			34.0952857297194	-50.1991839365716
			34.0551263825702	-50.2393432837209
			34.0149670354209	-50.2393432837209
			33.9748076882717	-50.2393432837209
			33.9346483411224	-50.2393432837209
			33.8944889939732	-50.2393432837209
			33.8543296468239	-50.2393432837209
			33.8141702996746	-50.2393432837209
			33.7740109525254	-50.2393432837209
			33.7338516053761	-50.2393432837209
			33.6936922582269	-50.2795026308701
			33.6535329110776	-50.2795026308701
			33.6133735639284	-50.2795026308701
			33.5732142167791	-50.2795026308701
			33.5330548696298	-50.2795026308701
			33.4928955224806	-50.2795026308701
			33.4527361753313	-50.2795026308701
			33.4125768281821	-50.2795026308701
			33.3724174810328	-50.3196619780194
			33.3322581338835	-50.3196619780194
			33.2920987867343	-50.3196619780194
			33.251939439585	-50.3196619780194
			33.2117800924358	-50.3196619780194
			33.1716207452865	-50.3196619780194
			33.1314613981373	-50.3196619780194
			33.091302050988	-50.3196619780194
			33.0511427038387	-50.3196619780194
			33.0109833566895	-50.3196619780194
			32.9708240095402	-50.3598213251686
			32.930664662391	-50.3598213251686
			32.8905053152417	-50.3598213251686
			32.8503459680925	-50.3598213251686
			32.8101866209432	-50.3598213251686
			32.7700272737939	-50.3598213251686
			32.7298679266447	-50.3598213251686
			32.6897085794954	-50.3598213251686
			32.6495492323462	-50.3598213251686
			32.6093898851969	-50.3598213251686
			32.5692305380477	-50.3598213251686
			32.5290711908984	-50.3598213251686
			32.4889118437492	-50.3598213251686
			32.4487524965999	-50.3999806723179
			32.4085931494506	-50.3999806723179
			32.3684338023014	-50.3999806723179
			32.3282744551521	-50.3999806723179
			32.2881151080029	-50.3999806723179
			32.2479557608536	-50.3999806723179
			32.2077964137044	-50.3999806723179
			32.1676370665551	-50.3999806723179
			32.1274777194058	-50.3999806723179
			32.0873183722566	-50.3999806723179
			32.0471590251073	-50.3999806723179
			32.0069996779581	-50.3999806723179
			31.9668403308088	-50.3999806723179
			31.9266809836595	-50.3999806723179
		</c2>
	</curves.scaled>
	<ruler.points type=matrix rownames=TRUE colnames=FALSE nrow=2 ncol=2 as.numeric=TRUE >
		Ruler point 1	2162	269
		Ruler point 2	2411	267
	</ruler.points>
</shapes>

