<shapes type=list>
	<ruler.pixel type=vector names=FALSE length=1 as.numeric=TRUE >251.007968001018</ruler.pixel>
	<ruler.interval type=vector names=FALSE length=1 as.numeric=TRUE >10</ruler.interval>
	<scaling.units type=vector names=FALSE length=1 as.numeric=FALSE >undefined</scaling.units>
	<scaling type=vector names=FALSE length=1 as.numeric=TRUE >0.0398393727483561</scaling>
	<landmarks.pixel type=matrix rownames=TRUE colnames=FALSE nrow=2 ncol=2 as.numeric=TRUE >
		LM1	1087	1175
		LM2	2013	1189
	</landmarks.pixel>
	<landmarks.scaled type=matrix rownames=TRUE colnames=FALSE nrow=2 ncol=2 as.numeric=TRUE >
		LM1	43.3053981774631	-46.8112629793185
		LM2	80.1966573424409	-47.3690141977955
	</landmarks.scaled>
	<curves.control type=list>
		<c1 type=matrix rownames=FALSE colnames=FALSE nrow=13 ncol=2 as.numeric=TRUE >
			1087	1175
			1116	1157
			1198	1104
			1316	1049
			1424	1017
			1490	986
			1564	967
			1682	931
			1682	961
			1698	990
			1820	1058
			1926	1123
			2013	1189
		</c1>
		<c2 type=matrix rownames=FALSE colnames=FALSE nrow=29 ncol=2 as.numeric=TRUE >
			2013	1189
			1992	1190
			1969	1179
			1957	1197
			1933	1182
			1918	1199
			1871	1186
			1846	1197
			1809	1182
			1741	1193
			1694	1182
			1649	1187
			1612	1177
			1593	1184
			1569	1178
			1515	1187
			1473	1179
			1420	1184
			1375	1171
			1333	1189
			1256	1177
			1215	1188
			1210	1176
			1181	1189
			1162	1183
			1144	1186
			1121	1179
			1099	1184
			1087	1175
		</c2>
	</curves.control>
	<curves.pixel type=list>
		<c1 type=matrix rownames=FALSE colnames=FALSE nrow=992 ncol=2 as.numeric=TRUE >
			1087	1175
			1088	1175
			1088	1174
			1089	1174
			1090	1173
			1091	1172
			1092	1172
			1093	1171
			1094	1171
			1095	1170
			1096	1169
			1097	1169
			1098	1168
			1099	1167
			1100	1167
			1101	1166
			1102	1165
			1103	1165
			1104	1164
			1105	1164
			1106	1163
			1107	1163
			1107	1162
			1108	1162
			1109	1161
			1110	1160
			1111	1160
			1112	1159
			1113	1159
			1114	1158
			1115	1157
			1116	1157
			1117	1156
			1118	1156
			1119	1155
			1120	1154
			1121	1154
			1122	1153
			1123	1152
			1124	1152
			1125	1151
			1126	1150
			1127	1150
			1128	1149
			1129	1148
			1130	1148
			1131	1147
			1132	1146
			1133	1146
			1134	1145
			1135	1144
			1136	1144
			1137	1143
			1138	1143
			1138	1142
			1139	1142
			1140	1141
			1141	1141
			1142	1140
			1143	1140
			1144	1139
			1145	1138
			1146	1137
			1147	1137
			1148	1136
			1149	1135
			1150	1135
			1151	1134
			1152	1133
			1153	1133
			1154	1132
			1155	1132
			1156	1131
			1157	1131
			1157	1130
			1158	1130
			1159	1129
			1160	1129
			1161	1128
			1162	1128
			1162	1127
			1163	1126
			1164	1126
			1165	1125
			1166	1125
			1167	1124
			1168	1124
			1168	1123
			1169	1122
			1170	1122
			1171	1121
			1172	1121
			1173	1120
			1174	1120
			1175	1119
			1176	1118
			1177	1118
			1177	1117
			1178	1117
			1179	1116
			1180	1115
			1181	1115
			1182	1114
			1183	1114
			1184	1113
			1185	1112
			1186	1112
			1187	1111
			1188	1111
			1189	1110
			1190	1109
			1191	1109
			1192	1108
			1193	1107
			1194	1107
			1195	1106
			1196	1106
			1197	1105
			1198	1104
			1199	1104
			1200	1103
			1201	1103
			1202	1102
			1203	1102
			1204	1101
			1205	1101
			1206	1100
			1207	1100
			1208	1099
			1209	1099
			1210	1098
			1211	1098
			1212	1097
			1213	1097
			1214	1097
			1215	1096
			1216	1096
			1217	1095
			1218	1095
			1219	1094
			1220	1094
			1221	1094
			1221	1093
			1222	1093
			1223	1093
			1224	1092
			1225	1092
			1226	1091
			1227	1091
			1228	1090
			1229	1090
			1230	1090
			1230	1089
			1231	1089
			1232	1088
			1233	1088
			1234	1088
			1235	1087
			1236	1087
			1237	1086
			1238	1086
			1239	1085
			1240	1085
			1241	1084
			1242	1084
			1243	1084
			1244	1083
			1245	1083
			1246	1082
			1247	1082
			1248	1082
			1248	1081
			1249	1081
			1250	1081
			1251	1080
			1252	1080
			1253	1079
			1254	1079
			1255	1079
			1256	1078
			1257	1078
			1258	1077
			1259	1077
			1260	1076
			1261	1076
			1262	1076
			1263	1075
			1264	1075
			1265	1074
			1266	1074
			1267	1073
			1268	1073
			1269	1073
			1269	1072
			1270	1072
			1271	1072
			1272	1072
			1272	1071
			1273	1071
			1274	1071
			1275	1070
			1276	1070
			1277	1069
			1278	1069
			1279	1068
			1280	1068
			1281	1068
			1282	1067
			1283	1067
			1284	1067
			1285	1066
			1286	1066
			1287	1065
			1288	1065
			1289	1064
			1290	1064
			1291	1064
			1292	1063
			1293	1063
			1294	1062
			1295	1062
			1296	1062
			1297	1061
			1298	1061
			1299	1060
			1300	1060
			1301	1060
			1302	1059
			1303	1059
			1304	1058
			1305	1058
			1306	1058
			1307	1057
			1308	1057
			1309	1057
			1310	1056
			1311	1056
			1312	1055
			1313	1055
			1314	1055
			1315	1054
			1316	1054
			1317	1053
			1318	1053
			1319	1053
			1320	1052
			1321	1052
			1322	1051
			1323	1051
			1324	1051
			1325	1050
			1326	1050
			1327	1050
			1328	1049
			1329	1049
			1330	1048
			1331	1048
			1332	1048
			1333	1047
			1334	1047
			1335	1047
			1336	1046
			1337	1046
			1338	1046
			1339	1045
			1340	1045
			1341	1044
			1342	1044
			1343	1044
			1344	1043
			1345	1043
			1346	1043
			1347	1042
			1348	1042
			1349	1042
			1350	1041
			1351	1041
			1352	1041
			1353	1040
			1354	1040
			1355	1040
			1356	1039
			1357	1039
			1358	1038
			1359	1038
			1360	1038
			1361	1037
			1362	1037
			1363	1037
			1364	1036
			1365	1036
			1366	1036
			1366	1035
			1367	1035
			1368	1035
			1369	1034
			1370	1034
			1371	1034
			1372	1033
			1373	1033
			1374	1033
			1375	1032
			1376	1032
			1377	1032
			1378	1031
			1379	1031
			1380	1031
			1381	1031
			1382	1030
			1383	1030
			1384	1030
			1385	1029
			1386	1029
			1387	1029
			1388	1028
			1389	1028
			1390	1028
			1391	1027
			1392	1027
			1393	1027
			1394	1026
			1395	1026
			1396	1026
			1396	1025
			1397	1025
			1398	1025
			1399	1025
			1400	1024
			1401	1024
			1402	1024
			1403	1023
			1404	1023
			1405	1023
			1406	1022
			1407	1022
			1408	1022
			1409	1022
			1410	1021
			1411	1021
			1412	1021
			1413	1020
			1414	1020
			1415	1020
			1416	1020
			1417	1019
			1418	1019
			1419	1019
			1419	1018
			1420	1018
			1421	1018
			1422	1017
			1423	1017
			1424	1017
			1425	1017
			1425	1016
			1426	1016
			1427	1016
			1428	1015
			1429	1014
			1430	1014
			1431	1014
			1432	1013
			1433	1013
			1434	1012
			1435	1012
			1436	1012
			1436	1011
			1437	1011
			1438	1011
			1439	1010
			1440	1010
			1441	1009
			1442	1009
			1443	1008
			1444	1008
			1445	1007
			1446	1007
			1447	1006
			1448	1006
			1449	1006
			1450	1006
			1450	1005
			1451	1005
			1452	1005
			1452	1004
			1453	1004
			1454	1004
			1455	1003
			1456	1003
			1457	1003
			1458	1002
			1459	1002
			1460	1001
			1461	1001
			1462	1000
			1463	1000
			1464	1000
			1465	999
			1466	999
			1467	998
			1468	998
			1469	998
			1469	997
			1470	997
			1471	997
			1472	996
			1473	996
			1474	996
			1475	995
			1476	995
			1477	995
			1478	994
			1479	994
			1480	993
			1481	993
			1482	993
			1483	992
			1484	992
			1485	991
			1486	991
			1487	991
			1488	991
			1489	990
			1490	990
			1491	989
			1492	989
			1493	989
			1494	988
			1495	988
			1496	988
			1497	987
			1498	987
			1499	987
			1500	986
			1501	986
			1502	986
			1503	985
			1504	985
			1505	985
			1506	984
			1507	984
			1508	983
			1509	983
			1510	983
			1511	983
			1512	982
			1513	982
			1514	982
			1515	981
			1516	981
			1517	981
			1517	980
			1518	980
			1519	980
			1520	980
			1521	979
			1522	979
			1523	979
			1524	978
			1525	978
			1526	978
			1527	977
			1528	977
			1529	977
			1530	976
			1531	976
			1532	976
			1533	975
			1534	975
			1535	975
			1536	975
			1537	974
			1538	974
			1539	974
			1540	973
			1541	973
			1542	973
			1543	973
			1544	972
			1545	972
			1546	972
			1547	972
			1548	971
			1549	971
			1550	971
			1551	970
			1552	970
			1553	970
			1554	970
			1555	969
			1556	969
			1557	969
			1558	969
			1559	968
			1560	968
			1561	968
			1562	967
			1563	967
			1564	967
			1565	967
			1566	966
			1567	966
			1568	966
			1569	966
			1570	965
			1571	965
			1572	965
			1572	964
			1573	964
			1574	964
			1575	964
			1576	963
			1577	963
			1578	963
			1579	962
			1580	962
			1581	962
			1582	962
			1583	961
			1584	961
			1585	961
			1586	961
			1587	960
			1588	960
			1589	960
			1590	959
			1591	959
			1592	959
			1593	959
			1594	958
			1595	958
			1596	958
			1597	958
			1598	957
			1599	957
			1600	957
			1601	957
			1602	956
			1603	956
			1604	956
			1605	956
			1606	955
			1607	955
			1608	955
			1609	955
			1610	954
			1611	954
			1612	954
			1613	954
			1614	953
			1615	953
			1616	953
			1617	953
			1618	953
			1619	952
			1620	952
			1621	952
			1622	952
			1623	952
			1624	951
			1625	951
			1626	951
			1627	951
			1628	951
			1629	950
			1630	950
			1631	950
			1632	950
			1633	950
			1634	950
			1635	949
			1636	949
			1637	949
			1638	949
			1639	949
			1640	949
			1641	949
			1642	948
			1643	948
			1644	948
			1645	948
			1646	948
			1647	948
			1648	948
			1649	948
			1650	948
			1651	948
			1652	948
			1653	947
			1654	947
			1655	947
			1656	947
			1657	947
			1658	947
			1659	947
			1660	947
			1661	947
			1662	947
			1663	948
			1664	948
			1665	948
			1666	948
			1667	948
			1668	948
			1669	948
			1670	949
			1671	949
			1672	949
			1673	949
			1673	950
			1674	950
			1675	950
			1675	951
			1676	951
			1677	951
			1677	952
			1678	952
			1679	953
			1680	954
			1680	955
			1681	956
			1681	957
			1682	958
			1682	959
			1682	960
			1682	961
			1683	962
			1683	963
			1684	964
			1685	965
			1685	966
			1686	967
			1687	968
			1688	969
			1689	970
			1690	971
			1691	972
			1691	973
			1692	974
			1693	975
			1694	976
			1695	977
			1696	977
			1697	978
			1698	979
			1699	980
			1700	981
			1701	982
			1702	983
			1703	983
			1703	984
			1704	984
			1705	985
			1706	986
			1707	987
			1708	988
			1709	988
			1710	989
			1711	990
			1712	991
			1713	991
			1714	992
			1715	993
			1716	994
			1717	995
			1718	995
			1719	996
			1720	997
			1721	997
			1722	998
			1723	998
			1723	999
			1724	1000
			1725	1000
			1726	1001
			1727	1002
			1728	1002
			1729	1003
			1730	1003
			1731	1004
			1732	1005
			1733	1005
			1733	1006
			1734	1007
			1735	1007
			1736	1008
			1737	1009
			1738	1009
			1739	1010
			1740	1011
			1741	1011
			1742	1012
			1743	1013
			1744	1013
			1745	1013
			1745	1014
			1746	1014
			1747	1015
			1748	1015
			1749	1016
			1750	1017
			1751	1017
			1752	1018
			1753	1019
			1754	1019
			1755	1020
			1756	1021
			1757	1021
			1758	1022
			1759	1022
			1760	1023
			1761	1024
			1762	1024
			1763	1025
			1764	1026
			1765	1026
			1766	1027
			1767	1027
			1768	1028
			1769	1029
			1770	1029
			1771	1030
			1772	1030
			1772	1031
			1773	1031
			1774	1031
			1774	1032
			1775	1032
			1776	1033
			1777	1033
			1778	1034
			1779	1035
			1780	1035
			1781	1036
			1782	1036
			1783	1037
			1784	1038
			1785	1038
			1786	1039
			1787	1039
			1788	1040
			1789	1040
			1790	1041
			1791	1042
			1792	1042
			1793	1043
			1794	1043
			1795	1044
			1796	1045
			1797	1045
			1798	1045
			1798	1046
			1799	1046
			1800	1047
			1801	1047
			1802	1048
			1803	1048
			1804	1049
			1805	1049
			1805	1050
			1806	1050
			1807	1051
			1808	1051
			1808	1052
			1809	1052
			1810	1052
			1811	1053
			1812	1053
			1812	1054
			1813	1054
			1814	1055
			1815	1055
			1816	1056
			1817	1056
			1817	1057
			1818	1057
			1819	1057
			1820	1058
			1821	1058
			1821	1059
			1822	1059
			1823	1060
			1824	1061
			1825	1061
			1826	1062
			1827	1062
			1828	1063
			1829	1064
			1830	1064
			1831	1065
			1832	1066
			1833	1066
			1834	1067
			1835	1068
			1836	1068
			1837	1069
			1838	1069
			1839	1070
			1840	1070
			1841	1071
			1842	1072
			1843	1072
			1844	1073
			1845	1074
			1846	1074
			1847	1075
			1848	1075
			1849	1076
			1850	1077
			1851	1078
			1852	1078
			1853	1079
			1854	1079
			1855	1080
			1856	1080
			1856	1081
			1857	1081
			1858	1081
			1858	1082
			1859	1082
			1859	1083
			1860	1083
			1861	1083
			1861	1084
			1862	1084
			1863	1085
			1864	1085
			1865	1086
			1866	1087
			1867	1087
			1868	1088
			1869	1088
			1869	1089
			1870	1089
			1871	1090
			1872	1091
			1873	1091
			1874	1092
			1875	1093
			1876	1093
			1877	1094
			1878	1094
			1878	1095
			1879	1095
			1880	1096
			1881	1097
			1882	1097
			1883	1098
			1884	1098
			1885	1099
			1886	1100
			1887	1101
			1888	1101
			1889	1102
			1890	1102
			1891	1103
			1892	1104
			1893	1105
			1894	1105
			1895	1106
			1896	1106
			1897	1107
			1898	1108
			1899	1108
			1900	1109
			1901	1110
			1902	1110
			1903	1111
			1904	1111
			1904	1112
			1905	1113
			1906	1113
			1907	1114
			1908	1114
			1909	1115
			1910	1116
			1911	1116
			1912	1117
			1913	1118
			1914	1119
			1915	1119
			1916	1120
			1917	1120
			1917	1121
			1918	1121
			1919	1121
			1919	1122
			1920	1122
			1921	1123
			1922	1124
			1923	1124
			1924	1125
			1925	1126
			1926	1126
			1927	1127
			1928	1128
			1929	1129
			1930	1129
			1931	1130
			1932	1130
			1933	1131
			1933	1132
			1934	1132
			1935	1133
			1936	1133
			1937	1134
			1938	1135
			1939	1135
			1940	1136
			1941	1137
			1942	1137
			1942	1138
			1943	1138
			1944	1139
			1945	1140
			1946	1140
			1947	1141
			1948	1141
			1949	1142
			1949	1143
			1950	1143
			1951	1144
			1952	1145
			1953	1145
			1954	1146
			1955	1146
			1956	1147
			1957	1148
			1958	1149
			1959	1150
			1960	1150
			1961	1151
			1962	1152
			1963	1152
			1964	1153
			1965	1154
			1966	1155
			1967	1155
			1968	1156
			1969	1157
			1970	1157
			1970	1158
			1971	1158
			1972	1159
			1973	1159
			1973	1160
			1974	1160
			1975	1161
			1976	1161
			1976	1162
			1977	1162
			1978	1163
			1979	1163
			1979	1164
			1980	1165
			1981	1165
			1982	1166
			1983	1167
			1984	1168
			1985	1168
			1986	1169
			1987	1170
			1988	1170
			1989	1171
			1990	1172
			1991	1172
			1991	1173
			1992	1174
			1993	1174
			1994	1175
			1995	1175
			1996	1176
			1997	1177
			1998	1177
			1998	1178
			1999	1179
			2000	1179
			2001	1180
			2002	1181
			2003	1181
			2004	1182
			2004	1183
			2005	1183
			2006	1184
			2007	1184
			2008	1185
			2009	1186
			2010	1186
			2010	1187
			2011	1188
			2012	1188
			2013	1189
		</c1>
		<c2 type=matrix rownames=FALSE colnames=FALSE nrow=939 ncol=2 as.numeric=TRUE >
			2013	1189
			2012	1189
			2011	1189
			2010	1189
			2009	1189
			2008	1189
			2007	1189
			2006	1189
			2005	1189
			2004	1189
			2003	1189
			2002	1189
			2001	1189
			2000	1189
			1999	1188
			1998	1188
			1997	1188
			1996	1188
			1995	1188
			1994	1188
			1993	1187
			1992	1187
			1991	1187
			1990	1187
			1989	1186
			1988	1186
			1987	1186
			1986	1186
			1985	1185
			1984	1185
			1983	1185
			1982	1184
			1981	1184
			1980	1184
			1979	1183
			1978	1183
			1977	1182
			1976	1182
			1975	1182
			1974	1181
			1973	1181
			1972	1180
			1971	1180
			1970	1179
			1969	1179
			1968	1180
			1968	1181
			1967	1181
			1967	1182
			1966	1183
			1965	1184
			1964	1185
			1963	1186
			1962	1186
			1961	1187
			1960	1187
			1959	1188
			1958	1188
			1957	1188
			1956	1189
			1955	1189
			1954	1189
			1953	1189
			1952	1189
			1951	1189
			1950	1189
			1949	1189
			1948	1188
			1947	1188
			1946	1188
			1945	1188
			1944	1187
			1943	1187
			1942	1187
			1941	1186
			1940	1186
			1939	1185
			1938	1185
			1937	1184
			1936	1184
			1935	1183
			1934	1183
			1933	1182
			1932	1183
			1931	1184
			1930	1185
			1929	1186
			1928	1186
			1927	1187
			1926	1187
			1925	1188
			1924	1188
			1923	1189
			1922	1189
			1921	1190
			1920	1190
			1919	1190
			1918	1190
			1917	1191
			1916	1191
			1915	1191
			1914	1191
			1913	1191
			1912	1191
			1911	1191
			1910	1192
			1909	1192
			1908	1192
			1907	1192
			1906	1192
			1905	1192
			1904	1192
			1903	1192
			1902	1192
			1901	1192
			1900	1191
			1899	1191
			1898	1191
			1897	1191
			1896	1191
			1895	1191
			1894	1191
			1893	1191
			1892	1191
			1891	1190
			1890	1190
			1889	1190
			1888	1190
			1887	1190
			1886	1189
			1885	1189
			1884	1189
			1883	1189
			1882	1189
			1881	1188
			1880	1188
			1879	1188
			1878	1188
			1877	1188
			1876	1187
			1875	1187
			1874	1187
			1873	1186
			1872	1186
			1871	1186
			1870	1186
			1870	1187
			1869	1187
			1868	1187
			1867	1188
			1866	1188
			1865	1188
			1864	1189
			1863	1189
			1862	1189
			1861	1189
			1860	1189
			1859	1190
			1858	1190
			1857	1190
			1856	1190
			1855	1190
			1854	1190
			1853	1190
			1852	1191
			1851	1191
			1850	1191
			1849	1191
			1848	1191
			1847	1191
			1846	1191
			1845	1191
			1844	1191
			1843	1190
			1842	1190
			1841	1190
			1840	1190
			1839	1190
			1838	1190
			1837	1190
			1836	1190
			1835	1190
			1834	1189
			1833	1189
			1832	1189
			1831	1189
			1830	1189
			1829	1188
			1828	1188
			1827	1188
			1826	1188
			1825	1187
			1824	1187
			1823	1187
			1822	1187
			1821	1186
			1820	1186
			1819	1186
			1818	1185
			1817	1185
			1816	1185
			1815	1184
			1814	1184
			1813	1184
			1812	1183
			1811	1183
			1810	1182
			1809	1182
			1808	1182
			1807	1182
			1806	1183
			1805	1183
			1804	1183
			1803	1183
			1802	1183
			1801	1183
			1800	1183
			1799	1184
			1798	1184
			1797	1184
			1796	1184
			1795	1184
			1794	1184
			1793	1184
			1792	1184
			1791	1185
			1790	1185
			1789	1185
			1788	1185
			1787	1185
			1786	1185
			1785	1185
			1784	1185
			1783	1185
			1782	1186
			1781	1186
			1780	1186
			1779	1186
			1778	1186
			1777	1186
			1776	1186
			1775	1186
			1774	1186
			1773	1186
			1772	1186
			1771	1187
			1770	1187
			1769	1187
			1768	1187
			1767	1187
			1766	1187
			1765	1187
			1764	1187
			1763	1187
			1762	1187
			1761	1187
			1760	1187
			1759	1187
			1758	1187
			1757	1187
			1756	1187
			1755	1187
			1754	1187
			1753	1187
			1752	1187
			1751	1187
			1750	1187
			1749	1187
			1748	1187
			1747	1187
			1746	1187
			1745	1187
			1744	1187
			1743	1187
			1742	1187
			1741	1187
			1740	1187
			1739	1187
			1738	1187
			1737	1187
			1736	1187
			1735	1187
			1734	1187
			1733	1187
			1732	1187
			1731	1187
			1730	1187
			1729	1187
			1728	1187
			1727	1187
			1726	1187
			1725	1187
			1724	1187
			1723	1187
			1722	1186
			1721	1186
			1720	1186
			1719	1186
			1718	1186
			1717	1186
			1716	1186
			1715	1186
			1714	1186
			1713	1185
			1712	1185
			1711	1185
			1710	1185
			1709	1185
			1708	1185
			1707	1184
			1706	1184
			1705	1184
			1704	1184
			1703	1184
			1702	1184
			1701	1183
			1700	1183
			1699	1183
			1698	1183
			1697	1183
			1696	1182
			1695	1182
			1694	1182
			1693	1182
			1692	1182
			1691	1182
			1690	1182
			1689	1182
			1688	1183
			1687	1183
			1686	1183
			1685	1183
			1684	1183
			1683	1183
			1682	1183
			1681	1183
			1680	1183
			1679	1183
			1678	1183
			1677	1183
			1676	1183
			1675	1183
			1674	1183
			1673	1184
			1672	1184
			1671	1184
			1670	1184
			1669	1184
			1668	1184
			1667	1184
			1666	1184
			1665	1184
			1664	1184
			1663	1184
			1662	1184
			1661	1184
			1660	1184
			1659	1184
			1658	1184
			1657	1184
			1656	1184
			1655	1183
			1654	1183
			1653	1183
			1652	1183
			1651	1183
			1650	1183
			1649	1183
			1648	1183
			1647	1183
			1646	1183
			1645	1183
			1644	1183
			1643	1183
			1642	1183
			1641	1182
			1640	1182
			1639	1182
			1638	1182
			1637	1182
			1636	1182
			1635	1182
			1634	1182
			1633	1181
			1632	1181
			1631	1181
			1630	1181
			1629	1181
			1628	1181
			1628	1180
			1627	1180
			1626	1180
			1625	1180
			1624	1180
			1623	1180
			1622	1179
			1621	1179
			1620	1179
			1619	1179
			1618	1178
			1617	1178
			1616	1178
			1615	1178
			1614	1178
			1614	1177
			1613	1177
			1612	1177
			1611	1177
			1610	1178
			1609	1178
			1608	1178
			1607	1179
			1606	1179
			1605	1179
			1604	1179
			1603	1180
			1602	1180
			1601	1180
			1600	1180
			1599	1180
			1598	1180
			1597	1180
			1596	1181
			1595	1181
			1594	1181
			1593	1181
			1592	1181
			1591	1181
			1590	1181
			1589	1181
			1588	1181
			1587	1181
			1586	1181
			1585	1181
			1584	1181
			1583	1180
			1582	1180
			1581	1180
			1580	1180
			1579	1180
			1578	1180
			1577	1180
			1576	1179
			1575	1179
			1574	1179
			1573	1179
			1572	1179
			1571	1178
			1570	1178
			1569	1178
			1568	1178
			1567	1178
			1566	1178
			1565	1179
			1564	1179
			1563	1179
			1562	1179
			1561	1179
			1560	1179
			1559	1180
			1558	1180
			1557	1180
			1556	1180
			1555	1180
			1554	1180
			1553	1180
			1552	1180
			1551	1181
			1550	1181
			1549	1181
			1548	1181
			1547	1181
			1546	1181
			1545	1181
			1544	1181
			1543	1181
			1542	1182
			1541	1182
			1540	1182
			1539	1182
			1538	1182
			1537	1182
			1536	1182
			1535	1182
			1534	1182
			1533	1182
			1532	1182
			1531	1182
			1530	1182
			1529	1182
			1528	1182
			1527	1182
			1526	1183
			1525	1183
			1524	1183
			1523	1183
			1522	1183
			1521	1183
			1520	1183
			1519	1183
			1518	1183
			1517	1183
			1516	1183
			1515	1183
			1514	1183
			1513	1183
			1512	1183
			1511	1183
			1510	1183
			1509	1183
			1508	1183
			1507	1183
			1506	1183
			1505	1183
			1504	1183
			1503	1182
			1502	1182
			1501	1182
			1500	1182
			1499	1182
			1498	1182
			1497	1182
			1496	1182
			1495	1182
			1494	1182
			1493	1182
			1492	1182
			1491	1182
			1490	1182
			1490	1181
			1489	1181
			1488	1181
			1487	1181
			1486	1181
			1485	1181
			1484	1181
			1483	1181
			1482	1181
			1482	1180
			1481	1180
			1480	1180
			1479	1180
			1478	1180
			1477	1180
			1476	1180
			1475	1179
			1474	1179
			1473	1179
			1472	1179
			1471	1179
			1470	1179
			1469	1179
			1468	1179
			1467	1180
			1466	1180
			1465	1180
			1464	1180
			1463	1180
			1462	1180
			1461	1180
			1460	1180
			1459	1180
			1458	1180
			1457	1180
			1456	1180
			1455	1180
			1454	1180
			1453	1180
			1452	1180
			1451	1180
			1450	1180
			1449	1180
			1448	1180
			1447	1180
			1446	1180
			1445	1180
			1444	1180
			1443	1180
			1442	1180
			1441	1180
			1440	1180
			1439	1180
			1438	1180
			1437	1180
			1436	1180
			1435	1180
			1434	1180
			1433	1180
			1432	1180
			1431	1180
			1430	1180
			1429	1180
			1428	1180
			1427	1180
			1426	1180
			1425	1180
			1424	1180
			1423	1180
			1422	1180
			1422	1179
			1421	1179
			1420	1179
			1419	1179
			1418	1179
			1417	1179
			1416	1179
			1415	1179
			1414	1179
			1413	1179
			1412	1179
			1411	1178
			1410	1178
			1409	1178
			1408	1178
			1407	1178
			1406	1178
			1405	1177
			1404	1177
			1403	1177
			1402	1177
			1401	1177
			1400	1177
			1399	1177
			1398	1176
			1397	1176
			1396	1176
			1395	1176
			1394	1176
			1393	1176
			1393	1175
			1392	1175
			1391	1175
			1390	1175
			1389	1175
			1388	1174
			1387	1174
			1386	1174
			1385	1174
			1384	1173
			1383	1173
			1382	1173
			1381	1173
			1380	1172
			1379	1172
			1378	1172
			1377	1172
			1376	1171
			1375	1171
			1374	1172
			1373	1172
			1372	1172
			1371	1173
			1370	1173
			1369	1173
			1368	1174
			1367	1174
			1366	1174
			1365	1175
			1364	1175
			1363	1175
			1362	1176
			1361	1176
			1360	1176
			1359	1176
			1358	1177
			1357	1177
			1356	1177
			1355	1177
			1354	1178
			1353	1178
			1352	1178
			1351	1178
			1350	1178
			1350	1179
			1349	1179
			1348	1179
			1347	1179
			1346	1179
			1345	1179
			1344	1180
			1343	1180
			1342	1180
			1341	1180
			1340	1180
			1339	1180
			1338	1180
			1337	1180
			1336	1181
			1335	1181
			1334	1181
			1333	1181
			1332	1181
			1331	1181
			1330	1181
			1329	1181
			1328	1181
			1327	1181
			1326	1181
			1325	1181
			1324	1182
			1323	1182
			1322	1182
			1321	1182
			1320	1182
			1319	1182
			1318	1182
			1317	1182
			1316	1182
			1315	1182
			1314	1182
			1313	1182
			1312	1182
			1311	1182
			1310	1182
			1309	1182
			1308	1182
			1307	1182
			1306	1182
			1305	1182
			1304	1182
			1303	1182
			1302	1182
			1301	1182
			1300	1182
			1299	1181
			1298	1181
			1297	1181
			1296	1181
			1295	1181
			1294	1181
			1293	1181
			1292	1181
			1291	1181
			1290	1181
			1289	1181
			1288	1181
			1287	1181
			1286	1181
			1285	1181
			1284	1180
			1283	1180
			1282	1180
			1281	1180
			1280	1180
			1279	1180
			1278	1180
			1277	1180
			1276	1180
			1275	1180
			1274	1179
			1273	1179
			1272	1179
			1271	1179
			1270	1179
			1269	1179
			1268	1179
			1267	1179
			1266	1178
			1265	1178
			1264	1178
			1263	1178
			1262	1178
			1261	1178
			1260	1178
			1259	1177
			1258	1177
			1257	1177
			1256	1177
			1255	1177
			1254	1177
			1253	1178
			1252	1178
			1251	1178
			1250	1179
			1249	1179
			1248	1179
			1247	1179
			1246	1179
			1245	1180
			1244	1180
			1243	1180
			1242	1180
			1241	1180
			1240	1181
			1239	1181
			1238	1181
			1237	1181
			1236	1181
			1235	1182
			1234	1182
			1233	1182
			1232	1182
			1231	1182
			1230	1182
			1229	1182
			1228	1182
			1227	1182
			1226	1182
			1225	1182
			1224	1182
			1223	1182
			1222	1182
			1221	1182
			1220	1182
			1219	1182
			1218	1182
			1217	1181
			1216	1181
			1215	1181
			1214	1180
			1213	1179
			1212	1179
			1211	1178
			1210	1177
			1209	1177
			1208	1177
			1207	1177
			1206	1178
			1205	1178
			1204	1179
			1203	1179
			1202	1179
			1201	1180
			1200	1180
			1199	1180
			1198	1181
			1197	1181
			1196	1181
			1195	1182
			1194	1182
			1193	1182
			1192	1182
			1192	1183
			1191	1183
			1190	1183
			1189	1183
			1188	1183
			1187	1184
			1186	1184
			1185	1184
			1184	1184
			1183	1184
			1182	1184
			1181	1185
			1180	1185
			1179	1185
			1178	1185
			1177	1185
			1176	1185
			1175	1185
			1174	1185
			1173	1185
			1172	1185
			1171	1185
			1170	1185
			1169	1184
			1168	1184
			1167	1184
			1166	1184
			1165	1184
			1164	1183
			1163	1183
			1162	1183
			1161	1183
			1160	1183
			1159	1183
			1158	1184
			1157	1184
			1156	1184
			1155	1184
			1154	1184
			1153	1184
			1152	1184
			1151	1184
			1150	1184
			1149	1184
			1148	1184
			1147	1184
			1146	1184
			1145	1184
			1144	1184
			1143	1184
			1142	1183
			1141	1183
			1140	1183
			1139	1183
			1138	1183
			1137	1183
			1136	1183
			1135	1182
			1134	1182
			1133	1182
			1132	1182
			1131	1182
			1130	1181
			1129	1181
			1128	1181
			1127	1181
			1126	1181
			1126	1180
			1125	1180
			1124	1180
			1123	1180
			1122	1179
			1121	1179
			1120	1179
			1119	1179
			1118	1180
			1117	1180
			1116	1180
			1115	1180
			1114	1180
			1113	1180
			1112	1181
			1111	1181
			1110	1181
			1109	1181
			1108	1181
			1107	1181
			1106	1181
			1105	1181
			1104	1181
			1103	1181
			1102	1181
			1101	1180
			1100	1180
			1099	1180
			1098	1180
			1097	1180
			1096	1179
			1095	1179
			1094	1179
			1093	1178
			1092	1178
			1091	1178
			1090	1177
			1089	1176
			1088	1176
			1087	1175
		</c2>
	</curves.pixel>
	<curves.scaled type=list>
		<c1 type=matrix rownames=FALSE colnames=FALSE nrow=992 ncol=2 as.numeric=TRUE >
			43.3053981774631	-46.8112629793185
			43.3452375502115	-46.8112629793185
			43.3452375502115	-46.7714236065701
			43.3850769229598	-46.7714236065701
			43.4249162957082	-46.7315842338217
			43.4647556684565	-46.6917448610734
			43.5045950412049	-46.6917448610734
			43.5444344139533	-46.651905488325
			43.5842737867016	-46.651905488325
			43.62411315945	-46.6120661155767
			43.6639525321983	-46.5722267428283
			43.7037919049467	-46.5722267428283
			43.743631277695	-46.53238737008
			43.7834706504434	-46.4925479973316
			43.8233100231918	-46.4925479973316
			43.8631493959401	-46.4527086245833
			43.9029887686885	-46.4128692518349
			43.9428281414368	-46.4128692518349
			43.9826675141852	-46.3730298790865
			44.0225068869335	-46.3730298790865
			44.0623462596819	-46.3331905063382
			44.1021856324302	-46.3331905063382
			44.1021856324302	-46.2933511335898
			44.1420250051786	-46.2933511335898
			44.181864377927	-46.2535117608415
			44.2217037506753	-46.2136723880931
			44.2615431234237	-46.2136723880931
			44.301382496172	-46.1738330153448
			44.3412218689204	-46.1738330153448
			44.3810612416687	-46.1339936425964
			44.4209006144171	-46.0941542698481
			44.4607399871655	-46.0941542698481
			44.5005793599138	-46.0543148970997
			44.5404187326622	-46.0543148970997
			44.5802581054105	-46.0144755243513
			44.6200974781589	-45.974636151603
			44.6599368509072	-45.974636151603
			44.6997762236556	-45.9347967788546
			44.7396155964039	-45.8949574061063
			44.7794549691523	-45.8949574061063
			44.8192943419007	-45.8551180333579
			44.859133714649	-45.8152786606096
			44.8989730873974	-45.8152786606096
			44.9388124601457	-45.7754392878612
			44.9786518328941	-45.7355999151129
			45.0184912056424	-45.7355999151129
			45.0583305783908	-45.6957605423645
			45.0981699511391	-45.6559211696161
			45.1380093238875	-45.6559211696161
			45.1778486966359	-45.6160817968678
			45.2176880693842	-45.5762424241194
			45.2575274421326	-45.5762424241194
			45.2973668148809	-45.5364030513711
			45.3372061876293	-45.5364030513711
			45.3372061876293	-45.4965636786227
			45.3770455603776	-45.4965636786227
			45.416884933126	-45.4567243058744
			45.4567243058744	-45.4567243058744
			45.4965636786227	-45.416884933126
			45.5364030513711	-45.416884933126
			45.5762424241194	-45.3770455603776
			45.6160817968678	-45.3372061876293
			45.6559211696161	-45.2973668148809
			45.6957605423645	-45.2973668148809
			45.7355999151129	-45.2575274421326
			45.7754392878612	-45.2176880693842
			45.8152786606096	-45.2176880693842
			45.8551180333579	-45.1778486966359
			45.8949574061063	-45.1380093238875
			45.9347967788546	-45.1380093238875
			45.974636151603	-45.0981699511391
			46.0144755243513	-45.0981699511391
			46.0543148970997	-45.0583305783908
			46.0941542698481	-45.0583305783908
			46.0941542698481	-45.0184912056424
			46.1339936425964	-45.0184912056424
			46.1738330153448	-44.9786518328941
			46.2136723880931	-44.9786518328941
			46.2535117608415	-44.9388124601457
			46.2933511335898	-44.9388124601457
			46.2933511335898	-44.8989730873974
			46.3331905063382	-44.859133714649
			46.3730298790865	-44.859133714649
			46.4128692518349	-44.8192943419007
			46.4527086245833	-44.8192943419007
			46.4925479973316	-44.7794549691523
			46.53238737008	-44.7794549691523
			46.53238737008	-44.7396155964039
			46.5722267428283	-44.6997762236556
			46.6120661155767	-44.6997762236556
			46.651905488325	-44.6599368509072
			46.6917448610734	-44.6599368509072
			46.7315842338217	-44.6200974781589
			46.7714236065701	-44.6200974781589
			46.8112629793185	-44.5802581054105
			46.8511023520668	-44.5404187326622
			46.8909417248152	-44.5404187326622
			46.8909417248152	-44.5005793599138
			46.9307810975635	-44.5005793599138
			46.9706204703119	-44.4607399871655
			47.0104598430602	-44.4209006144171
			47.0502992158086	-44.4209006144171
			47.090138588557	-44.3810612416687
			47.1299779613053	-44.3810612416687
			47.1698173340537	-44.3412218689204
			47.209656706802	-44.301382496172
			47.2494960795504	-44.301382496172
			47.2893354522987	-44.2615431234237
			47.3291748250471	-44.2615431234237
			47.3690141977955	-44.2217037506753
			47.4088535705438	-44.181864377927
			47.4486929432922	-44.181864377927
			47.4885323160405	-44.1420250051786
			47.5283716887889	-44.1021856324302
			47.5682110615372	-44.1021856324302
			47.6080504342856	-44.0623462596819
			47.6478898070339	-44.0623462596819
			47.6877291797823	-44.0225068869335
			47.7275685525307	-43.9826675141852
			47.767407925279	-43.9826675141852
			47.8072472980274	-43.9428281414368
			47.8470866707757	-43.9428281414368
			47.8869260435241	-43.9029887686885
			47.9267654162724	-43.9029887686885
			47.9666047890208	-43.8631493959401
			48.0064441617691	-43.8631493959401
			48.0462835345175	-43.8233100231918
			48.0861229072659	-43.8233100231918
			48.1259622800142	-43.7834706504434
			48.1658016527626	-43.7834706504434
			48.2056410255109	-43.743631277695
			48.2454803982593	-43.743631277695
			48.2853197710076	-43.7037919049467
			48.325159143756	-43.7037919049467
			48.3649985165044	-43.7037919049467
			48.4048378892527	-43.6639525321983
			48.4446772620011	-43.6639525321983
			48.4845166347494	-43.62411315945
			48.5243560074978	-43.62411315945
			48.5641953802461	-43.5842737867016
			48.6040347529945	-43.5842737867016
			48.6438741257428	-43.5842737867016
			48.6438741257428	-43.5444344139533
			48.6837134984912	-43.5444344139533
			48.7235528712396	-43.5444344139533
			48.7633922439879	-43.5045950412049
			48.8032316167363	-43.5045950412049
			48.8430709894846	-43.4647556684565
			48.882910362233	-43.4647556684565
			48.9227497349813	-43.4249162957082
			48.9625891077297	-43.4249162957082
			49.0024284804781	-43.4249162957082
			49.0024284804781	-43.3850769229598
			49.0422678532264	-43.3850769229598
			49.0821072259748	-43.3452375502115
			49.1219465987231	-43.3452375502115
			49.1617859714715	-43.3452375502115
			49.2016253442198	-43.3053981774631
			49.2414647169682	-43.3053981774631
			49.2813040897165	-43.2655588047148
			49.3211434624649	-43.2655588047148
			49.3609828352133	-43.2257194319664
			49.4008222079616	-43.2257194319664
			49.44066158071	-43.1858800592181
			49.4805009534583	-43.1858800592181
			49.5203403262067	-43.1858800592181
			49.560179698955	-43.1460406864697
			49.6000190717034	-43.1460406864697
			49.6398584444517	-43.1062013137213
			49.6796978172001	-43.1062013137213
			49.7195371899485	-43.1062013137213
			49.7195371899485	-43.066361940973
			49.7593765626968	-43.066361940973
			49.7992159354452	-43.066361940973
			49.8390553081935	-43.0265225682246
			49.8788946809419	-43.0265225682246
			49.9187340536902	-42.9866831954763
			49.9585734264386	-42.9866831954763
			49.998412799187	-42.9866831954763
			50.0382521719353	-42.9468438227279
			50.0780915446837	-42.9468438227279
			50.117930917432	-42.9070044499796
			50.1577702901804	-42.9070044499796
			50.1976096629287	-42.8671650772312
			50.2374490356771	-42.8671650772312
			50.2772884084254	-42.8671650772312
			50.3171277811738	-42.8273257044829
			50.3569671539222	-42.8273257044829
			50.3968065266705	-42.7874863317345
			50.4366458994189	-42.7874863317345
			50.4764852721672	-42.7476469589861
			50.5163246449156	-42.7476469589861
			50.5561640176639	-42.7476469589861
			50.5561640176639	-42.7078075862378
			50.5960033904123	-42.7078075862378
			50.6358427631607	-42.7078075862378
			50.675682135909	-42.7078075862378
			50.675682135909	-42.6679682134894
			50.7155215086574	-42.6679682134894
			50.7553608814057	-42.6679682134894
			50.7952002541541	-42.6281288407411
			50.8350396269024	-42.6281288407411
			50.8748789996508	-42.5882894679927
			50.9147183723991	-42.5882894679927
			50.9545577451475	-42.5484500952444
			50.9943971178959	-42.5484500952444
			51.0342364906442	-42.5484500952444
			51.0740758633926	-42.508610722496
			51.1139152361409	-42.508610722496
			51.1537546088893	-42.508610722496
			51.1935939816376	-42.4687713497476
			51.233433354386	-42.4687713497476
			51.2732727271343	-42.4289319769993
			51.3131120998827	-42.4289319769993
			51.3529514726311	-42.3890926042509
			51.3927908453794	-42.3890926042509
			51.4326302181278	-42.3890926042509
			51.4724695908761	-42.3492532315026
			51.5123089636245	-42.3492532315026
			51.5521483363728	-42.3094138587542
			51.5919877091212	-42.3094138587542
			51.6318270818696	-42.3094138587542
			51.6716664546179	-42.2695744860059
			51.7115058273663	-42.2695744860059
			51.7513452001146	-42.2297351132575
			51.791184572863	-42.2297351132575
			51.8310239456113	-42.2297351132575
			51.8708633183597	-42.1898957405092
			51.910702691108	-42.1898957405092
			51.9505420638564	-42.1500563677608
			51.9903814366048	-42.1500563677608
			52.0302208093531	-42.1500563677608
			52.0700601821015	-42.1102169950124
			52.1098995548498	-42.1102169950124
			52.1497389275982	-42.1102169950124
			52.1895783003465	-42.0703776222641
			52.2294176730949	-42.0703776222641
			52.2692570458433	-42.0305382495157
			52.3090964185916	-42.0305382495157
			52.34893579134	-42.0305382495157
			52.3887751640883	-41.9906988767674
			52.4286145368367	-41.9906988767674
			52.468453909585	-41.950859504019
			52.5082932823334	-41.950859504019
			52.5481326550817	-41.950859504019
			52.5879720278301	-41.9110201312707
			52.6278114005785	-41.9110201312707
			52.6676507733268	-41.8711807585223
			52.7074901460752	-41.8711807585223
			52.7473295188235	-41.8711807585223
			52.7871688915719	-41.8313413857739
			52.8270082643202	-41.8313413857739
			52.8668476370686	-41.8313413857739
			52.9066870098169	-41.7915020130256
			52.9465263825653	-41.7915020130256
			52.9863657553137	-41.7516626402772
			53.026205128062	-41.7516626402772
			53.0660445008104	-41.7516626402772
			53.1058838735587	-41.7118232675289
			53.1457232463071	-41.7118232675289
			53.1855626190554	-41.7118232675289
			53.2254019918038	-41.6719838947805
			53.2652413645522	-41.6719838947805
			53.3050807373005	-41.6719838947805
			53.3449201100489	-41.6321445220322
			53.3847594827972	-41.6321445220322
			53.4245988555456	-41.5923051492838
			53.4644382282939	-41.5923051492838
			53.5042776010423	-41.5923051492838
			53.5441169737907	-41.5524657765355
			53.583956346539	-41.5524657765355
			53.6237957192874	-41.5524657765355
			53.6636350920357	-41.5126264037871
			53.7034744647841	-41.5126264037871
			53.7433138375324	-41.5126264037871
			53.7831532102808	-41.4727870310387
			53.8229925830291	-41.4727870310387
			53.8628319557775	-41.4727870310387
			53.9026713285259	-41.4329476582904
			53.9425107012742	-41.4329476582904
			53.9823500740226	-41.4329476582904
			54.0221894467709	-41.393108285542
			54.0620288195193	-41.393108285542
			54.1018681922676	-41.3532689127937
			54.141707565016	-41.3532689127937
			54.1815469377644	-41.3532689127937
			54.2213863105127	-41.3134295400453
			54.2612256832611	-41.3134295400453
			54.3010650560094	-41.3134295400453
			54.3409044287578	-41.273590167297
			54.3807438015061	-41.273590167297
			54.4205831742545	-41.273590167297
			54.4205831742545	-41.2337507945486
			54.4604225470028	-41.2337507945486
			54.5002619197512	-41.2337507945486
			54.5401012924996	-41.1939114218002
			54.5799406652479	-41.1939114218002
			54.6197800379963	-41.1939114218002
			54.6596194107446	-41.1540720490519
			54.699458783493	-41.1540720490519
			54.7392981562413	-41.1540720490519
			54.7791375289897	-41.1142326763035
			54.818976901738	-41.1142326763035
			54.8588162744864	-41.1142326763035
			54.8986556472348	-41.0743933035552
			54.9384950199831	-41.0743933035552
			54.9783343927315	-41.0743933035552
			55.0181737654798	-41.0743933035552
			55.0580131382282	-41.0345539308068
			55.0978525109765	-41.0345539308068
			55.1376918837249	-41.0345539308068
			55.1775312564733	-40.9947145580585
			55.2173706292216	-40.9947145580585
			55.25721000197	-40.9947145580585
			55.2970493747183	-40.9548751853101
			55.3368887474667	-40.9548751853101
			55.376728120215	-40.9548751853101
			55.4165674929634	-40.9150358125618
			55.4564068657117	-40.9150358125618
			55.4962462384601	-40.9150358125618
			55.5360856112085	-40.8751964398134
			55.5759249839568	-40.8751964398134
			55.6157643567052	-40.8751964398134
			55.6157643567052	-40.835357067065
			55.6556037294535	-40.835357067065
			55.6954431022019	-40.835357067065
			55.7352824749502	-40.835357067065
			55.7751218476986	-40.7955176943167
			55.814961220447	-40.7955176943167
			55.8548005931953	-40.7955176943167
			55.8946399659437	-40.7556783215683
			55.934479338692	-40.7556783215683
			55.9743187114404	-40.7556783215683
			56.0141580841887	-40.71583894882
			56.0539974569371	-40.71583894882
			56.0938368296854	-40.71583894882
			56.1336762024338	-40.71583894882
			56.1735155751822	-40.6759995760716
			56.2133549479305	-40.6759995760716
			56.2531943206789	-40.6759995760716
			56.2930336934272	-40.6361602033233
			56.3328730661756	-40.6361602033233
			56.3727124389239	-40.6361602033233
			56.4125518116723	-40.6361602033233
			56.4523911844206	-40.5963208305749
			56.492230557169	-40.5963208305749
			56.5320699299174	-40.5963208305749
			56.5320699299174	-40.5564814578265
			56.5719093026657	-40.5564814578265
			56.6117486754141	-40.5564814578265
			56.6515880481624	-40.5166420850782
			56.6914274209108	-40.5166420850782
			56.7312667936591	-40.5166420850782
			56.7711061664075	-40.5166420850782
			56.7711061664075	-40.4768027123298
			56.8109455391559	-40.4768027123298
			56.8507849119042	-40.4768027123298
			56.8906242846526	-40.4369633395815
			56.9304636574009	-40.3971239668331
			56.9703030301493	-40.3971239668331
			57.0101424028976	-40.3971239668331
			57.049981775646	-40.3572845940848
			57.0898211483943	-40.3572845940848
			57.1296605211427	-40.3174452213364
			57.1694998938911	-40.3174452213364
			57.2093392666394	-40.3174452213364
			57.2093392666394	-40.2776058485881
			57.2491786393878	-40.2776058485881
			57.2890180121361	-40.2776058485881
			57.3288573848845	-40.2377664758397
			57.3686967576328	-40.2377664758397
			57.4085361303812	-40.1979271030913
			57.4483755031296	-40.1979271030913
			57.4882148758779	-40.158087730343
			57.5280542486263	-40.158087730343
			57.5678936213746	-40.1182483575946
			57.607732994123	-40.1182483575946
			57.6475723668713	-40.0784089848463
			57.6874117396197	-40.0784089848463
			57.727251112368	-40.0784089848463
			57.7670904851164	-40.0784089848463
			57.7670904851164	-40.0385696120979
			57.8069298578648	-40.0385696120979
			57.8467692306131	-40.0385696120979
			57.8467692306131	-39.9987302393496
			57.8866086033615	-39.9987302393496
			57.9264479761098	-39.9987302393496
			57.9662873488582	-39.9588908666012
			58.0061267216065	-39.9588908666012
			58.0459660943549	-39.9588908666012
			58.0858054671032	-39.9190514938528
			58.1256448398516	-39.9190514938528
			58.1654842126	-39.8792121211045
			58.2053235853483	-39.8792121211045
			58.2451629580967	-39.8393727483561
			58.285002330845	-39.8393727483561
			58.3248417035934	-39.8393727483561
			58.3646810763417	-39.7995333756078
			58.4045204490901	-39.7995333756078
			58.4443598218385	-39.7596940028594
			58.4841991945868	-39.7596940028594
			58.5240385673352	-39.7596940028594
			58.5240385673352	-39.7198546301111
			58.5638779400835	-39.7198546301111
			58.6037173128319	-39.7198546301111
			58.6435566855802	-39.6800152573627
			58.6833960583286	-39.6800152573627
			58.723235431077	-39.6800152573627
			58.7630748038253	-39.6401758846144
			58.8029141765737	-39.6401758846144
			58.842753549322	-39.6401758846144
			58.8825929220704	-39.600336511866
			58.9224322948187	-39.600336511866
			58.9622716675671	-39.5604971391176
			59.0021110403154	-39.5604971391176
			59.0419504130638	-39.5604971391176
			59.0817897858122	-39.5206577663693
			59.1216291585605	-39.5206577663693
			59.1614685313089	-39.4808183936209
			59.2013079040572	-39.4808183936209
			59.2411472768056	-39.4808183936209
			59.2809866495539	-39.4808183936209
			59.3208260223023	-39.4409790208726
			59.3606653950506	-39.4409790208726
			59.400504767799	-39.4011396481242
			59.4403441405474	-39.4011396481242
			59.4801835132957	-39.4011396481242
			59.5200228860441	-39.3613002753759
			59.5598622587924	-39.3613002753759
			59.5997016315408	-39.3613002753759
			59.6395410042891	-39.3214609026275
			59.6793803770375	-39.3214609026275
			59.7192197497859	-39.3214609026275
			59.7590591225342	-39.2816215298792
			59.7988984952826	-39.2816215298792
			59.8387378680309	-39.2816215298792
			59.8785772407793	-39.2417821571308
			59.9184166135276	-39.2417821571308
			59.958255986276	-39.2417821571308
			59.9980953590243	-39.2019427843824
			60.0379347317727	-39.2019427843824
			60.0777741045211	-39.1621034116341
			60.1176134772694	-39.1621034116341
			60.1574528500178	-39.1621034116341
			60.1972922227661	-39.1621034116341
			60.2371315955145	-39.1222640388857
			60.2769709682628	-39.1222640388857
			60.3168103410112	-39.1222640388857
			60.3566497137596	-39.0824246661374
			60.3964890865079	-39.0824246661374
			60.4363284592563	-39.0824246661374
			60.4363284592563	-39.042585293389
			60.4761678320046	-39.042585293389
			60.516007204753	-39.042585293389
			60.5558465775013	-39.042585293389
			60.5956859502497	-39.0027459206407
			60.635525322998	-39.0027459206407
			60.6753646957464	-39.0027459206407
			60.7152040684948	-38.9629065478923
			60.7550434412431	-38.9629065478923
			60.7948828139915	-38.9629065478923
			60.8347221867398	-38.9230671751439
			60.8745615594882	-38.9230671751439
			60.9144009322365	-38.9230671751439
			60.9542403049849	-38.8832278023956
			60.9940796777332	-38.8832278023956
			61.0339190504816	-38.8832278023956
			61.07375842323	-38.8433884296472
			61.1135977959783	-38.8433884296472
			61.1534371687267	-38.8433884296472
			61.193276541475	-38.8433884296472
			61.2331159142234	-38.8035490568989
			61.2729552869717	-38.8035490568989
			61.3127946597201	-38.8035490568989
			61.3526340324685	-38.7637096841505
			61.3924734052168	-38.7637096841505
			61.4323127779652	-38.7637096841505
			61.4721521507135	-38.7637096841505
			61.5119915234619	-38.7238703114022
			61.5518308962102	-38.7238703114022
			61.5916702689586	-38.7238703114022
			61.6315096417069	-38.7238703114022
			61.6713490144553	-38.6840309386538
			61.7111883872037	-38.6840309386538
			61.751027759952	-38.6840309386538
			61.7908671327004	-38.6441915659055
			61.8307065054487	-38.6441915659055
			61.8705458781971	-38.6441915659055
			61.9103852509454	-38.6441915659055
			61.9502246236938	-38.6043521931571
			61.9900639964422	-38.6043521931571
			62.0299033691905	-38.6043521931571
			62.0697427419389	-38.6043521931571
			62.1095821146872	-38.5645128204087
			62.1494214874356	-38.5645128204087
			62.1892608601839	-38.5645128204087
			62.2291002329323	-38.5246734476604
			62.2689396056806	-38.5246734476604
			62.308778978429	-38.5246734476604
			62.3486183511774	-38.5246734476604
			62.3884577239257	-38.484834074912
			62.4282970966741	-38.484834074912
			62.4681364694224	-38.484834074912
			62.5079758421708	-38.484834074912
			62.5478152149191	-38.4449947021637
			62.5876545876675	-38.4449947021637
			62.6274939604158	-38.4449947021637
			62.6274939604158	-38.4051553294153
			62.6673333331642	-38.4051553294153
			62.7071727059126	-38.4051553294153
			62.7470120786609	-38.4051553294153
			62.7868514514093	-38.365315956667
			62.8266908241576	-38.365315956667
			62.866530196906	-38.365315956667
			62.9063695696543	-38.3254765839186
			62.9462089424027	-38.3254765839186
			62.9860483151511	-38.3254765839186
			63.0258876878994	-38.3254765839186
			63.0657270606478	-38.2856372111702
			63.1055664333961	-38.2856372111702
			63.1454058061445	-38.2856372111702
			63.1852451788928	-38.2856372111702
			63.2250845516412	-38.2457978384219
			63.2649239243895	-38.2457978384219
			63.3047632971379	-38.2457978384219
			63.3446026698863	-38.2059584656735
			63.3844420426346	-38.2059584656735
			63.424281415383	-38.2059584656735
			63.4641207881313	-38.2059584656735
			63.5039601608797	-38.1661190929252
			63.543799533628	-38.1661190929252
			63.5836389063764	-38.1661190929252
			63.6234782791248	-38.1661190929252
			63.6633176518731	-38.1262797201768
			63.7031570246215	-38.1262797201768
			63.7429963973698	-38.1262797201768
			63.7828357701182	-38.1262797201768
			63.8226751428665	-38.0864403474285
			63.8625145156149	-38.0864403474285
			63.9023538883632	-38.0864403474285
			63.9421932611116	-38.0864403474285
			63.98203263386	-38.0466009746801
			64.0218720066083	-38.0466009746801
			64.0617113793567	-38.0466009746801
			64.101550752105	-38.0466009746801
			64.1413901248534	-38.0067616019318
			64.1812294976017	-38.0067616019318
			64.2210688703501	-38.0067616019318
			64.2609082430985	-38.0067616019318
			64.3007476158468	-37.9669222291834
			64.3405869885952	-37.9669222291834
			64.3804263613435	-37.9669222291834
			64.4202657340919	-37.9669222291834
			64.4601051068402	-37.9669222291834
			64.4999444795886	-37.927082856435
			64.5397838523369	-37.927082856435
			64.5796232250853	-37.927082856435
			64.6194625978337	-37.927082856435
			64.659301970582	-37.927082856435
			64.6991413433304	-37.8872434836867
			64.7389807160787	-37.8872434836867
			64.7788200888271	-37.8872434836867
			64.8186594615754	-37.8872434836867
			64.8584988343238	-37.8872434836867
			64.8983382070721	-37.8474041109383
			64.9381775798205	-37.8474041109383
			64.9780169525689	-37.8474041109383
			65.0178563253172	-37.8474041109383
			65.0576956980656	-37.8474041109383
			65.0975350708139	-37.8474041109383
			65.1373744435623	-37.80756473819
			65.1772138163106	-37.80756473819
			65.217053189059	-37.80756473819
			65.2568925618074	-37.80756473819
			65.2967319345557	-37.80756473819
			65.3365713073041	-37.80756473819
			65.3764106800524	-37.80756473819
			65.4162500528008	-37.7677253654416
			65.4560894255491	-37.7677253654416
			65.4959287982975	-37.7677253654416
			65.5357681710458	-37.7677253654416
			65.5756075437942	-37.7677253654416
			65.6154469165426	-37.7677253654416
			65.6552862892909	-37.7677253654416
			65.6951256620393	-37.7677253654416
			65.7349650347876	-37.7677253654416
			65.774804407536	-37.7677253654416
			65.8146437802843	-37.7677253654416
			65.8544831530327	-37.7278859926933
			65.894322525781	-37.7278859926933
			65.9341618985294	-37.7278859926933
			65.9740012712778	-37.7278859926933
			66.0138406440261	-37.7278859926933
			66.0536800167745	-37.7278859926933
			66.0935193895228	-37.7278859926933
			66.1333587622712	-37.7278859926933
			66.1731981350195	-37.7278859926933
			66.2130375077679	-37.7278859926933
			66.2528768805163	-37.7677253654416
			66.2927162532646	-37.7677253654416
			66.332555626013	-37.7677253654416
			66.3723949987613	-37.7677253654416
			66.4122343715097	-37.7677253654416
			66.452073744258	-37.7677253654416
			66.4919131170064	-37.7677253654416
			66.5317524897548	-37.80756473819
			66.5715918625031	-37.80756473819
			66.6114312352515	-37.80756473819
			66.6512706079998	-37.80756473819
			66.6512706079998	-37.8474041109383
			66.6911099807482	-37.8474041109383
			66.7309493534965	-37.8474041109383
			66.7309493534965	-37.8872434836867
			66.7707887262449	-37.8872434836867
			66.8106280989932	-37.8872434836867
			66.8106280989932	-37.927082856435
			66.8504674717416	-37.927082856435
			66.89030684449	-37.9669222291834
			66.9301462172383	-38.0067616019318
			66.9301462172383	-38.0466009746801
			66.9699855899867	-38.0864403474285
			66.9699855899867	-38.1262797201768
			67.009824962735	-38.1661190929252
			67.009824962735	-38.2059584656735
			67.009824962735	-38.2457978384219
			67.009824962735	-38.2856372111702
			67.0496643354834	-38.3254765839186
			67.0496643354834	-38.365315956667
			67.0895037082317	-38.4051553294153
			67.1293430809801	-38.4449947021637
			67.1293430809801	-38.484834074912
			67.1691824537285	-38.5246734476604
			67.2090218264768	-38.5645128204087
			67.2488611992252	-38.6043521931571
			67.2887005719735	-38.6441915659055
			67.3285399447219	-38.6840309386538
			67.3683793174702	-38.7238703114022
			67.3683793174702	-38.7637096841505
			67.4082186902186	-38.8035490568989
			67.4480580629669	-38.8433884296472
			67.4878974357153	-38.8832278023956
			67.5277368084637	-38.9230671751439
			67.567576181212	-38.9230671751439
			67.6074155539604	-38.9629065478923
			67.6472549267087	-39.0027459206407
			67.6870942994571	-39.042585293389
			67.7269336722054	-39.0824246661374
			67.7667730449538	-39.1222640388857
			67.8066124177022	-39.1621034116341
			67.8464517904505	-39.1621034116341
			67.8464517904505	-39.2019427843824
			67.8862911631989	-39.2019427843824
			67.9261305359472	-39.2417821571308
			67.9659699086956	-39.2816215298792
			68.0058092814439	-39.3214609026275
			68.0456486541923	-39.3613002753759
			68.0854880269406	-39.3613002753759
			68.125327399689	-39.4011396481242
			68.1651667724374	-39.4409790208726
			68.2050061451857	-39.4808183936209
			68.2448455179341	-39.4808183936209
			68.2846848906824	-39.5206577663693
			68.3245242634308	-39.5604971391176
			68.3643636361791	-39.600336511866
			68.4042030089275	-39.6401758846144
			68.4440423816758	-39.6401758846144
			68.4838817544242	-39.6800152573627
			68.5237211271726	-39.7198546301111
			68.5635604999209	-39.7198546301111
			68.6033998726693	-39.7596940028594
			68.6432392454176	-39.7596940028594
			68.6432392454176	-39.7995333756078
			68.683078618166	-39.8393727483561
			68.7229179909143	-39.8393727483561
			68.7627573636627	-39.8792121211045
			68.802596736411	-39.9190514938528
			68.8424361091594	-39.9190514938528
			68.8822754819078	-39.9588908666012
			68.9221148546561	-39.9588908666012
			68.9619542274045	-39.9987302393496
			69.0017936001528	-40.0385696120979
			69.0416329729012	-40.0385696120979
			69.0416329729012	-40.0784089848463
			69.0814723456495	-40.1182483575946
			69.1213117183979	-40.1182483575946
			69.1611510911463	-40.158087730343
			69.2009904638946	-40.1979271030913
			69.240829836643	-40.1979271030913
			69.2806692093913	-40.2377664758397
			69.3205085821397	-40.2776058485881
			69.360347954888	-40.2776058485881
			69.4001873276364	-40.3174452213364
			69.4400267003847	-40.3572845940848
			69.4798660731331	-40.3572845940848
			69.5197054458815	-40.3572845940848
			69.5197054458815	-40.3971239668331
			69.5595448186298	-40.3971239668331
			69.5993841913782	-40.4369633395815
			69.6392235641265	-40.4369633395815
			69.6790629368749	-40.4768027123298
			69.7189023096232	-40.5166420850782
			69.7587416823716	-40.5166420850782
			69.79858105512	-40.5564814578265
			69.8384204278683	-40.5963208305749
			69.8782598006167	-40.5963208305749
			69.918099173365	-40.6361602033233
			69.9579385461134	-40.6759995760716
			69.9977779188617	-40.6759995760716
			70.0376172916101	-40.71583894882
			70.0774566643585	-40.71583894882
			70.1172960371068	-40.7556783215683
			70.1571354098552	-40.7955176943167
			70.1969747826035	-40.7955176943167
			70.2368141553519	-40.835357067065
			70.2766535281002	-40.8751964398134
			70.3164929008486	-40.8751964398134
			70.3563322735969	-40.9150358125618
			70.3961716463453	-40.9150358125618
			70.4360110190937	-40.9548751853101
			70.475850391842	-40.9947145580585
			70.5156897645904	-40.9947145580585
			70.5555291373387	-41.0345539308068
			70.5953685100871	-41.0345539308068
			70.5953685100871	-41.0743933035552
			70.6352078828354	-41.0743933035552
			70.6750472555838	-41.0743933035552
			70.6750472555838	-41.1142326763035
			70.7148866283322	-41.1142326763035
			70.7547260010805	-41.1540720490519
			70.7945653738289	-41.1540720490519
			70.8344047465772	-41.1939114218002
			70.8742441193256	-41.2337507945486
			70.9140834920739	-41.2337507945486
			70.9539228648223	-41.273590167297
			70.9937622375706	-41.273590167297
			71.033601610319	-41.3134295400453
			71.0734409830674	-41.3532689127937
			71.1132803558157	-41.3532689127937
			71.1531197285641	-41.393108285542
			71.1929591013124	-41.393108285542
			71.2327984740608	-41.4329476582904
			71.2726378468091	-41.4329476582904
			71.3124772195575	-41.4727870310387
			71.3523165923058	-41.5126264037871
			71.3921559650542	-41.5126264037871
			71.4319953378026	-41.5524657765355
			71.4718347105509	-41.5524657765355
			71.5116740832993	-41.5923051492838
			71.5515134560476	-41.6321445220322
			71.591352828796	-41.6321445220322
			71.6311922015443	-41.6321445220322
			71.6311922015443	-41.6719838947805
			71.6710315742927	-41.6719838947805
			71.710870947041	-41.7118232675289
			71.7507103197894	-41.7118232675289
			71.7905496925378	-41.7516626402772
			71.8303890652861	-41.7516626402772
			71.8702284380345	-41.7915020130256
			71.9100678107828	-41.7915020130256
			71.9100678107828	-41.8313413857739
			71.9499071835312	-41.8313413857739
			71.9897465562795	-41.8711807585223
			72.0295859290279	-41.8711807585223
			72.0295859290279	-41.9110201312707
			72.0694253017762	-41.9110201312707
			72.1092646745246	-41.9110201312707
			72.149104047273	-41.950859504019
			72.1889434200213	-41.950859504019
			72.1889434200213	-41.9906988767674
			72.2287827927697	-41.9906988767674
			72.268622165518	-42.0305382495157
			72.3084615382664	-42.0305382495157
			72.3483009110147	-42.0703776222641
			72.3881402837631	-42.0703776222641
			72.3881402837631	-42.1102169950124
			72.4279796565115	-42.1102169950124
			72.4678190292598	-42.1102169950124
			72.5076584020082	-42.1500563677608
			72.5474977747565	-42.1500563677608
			72.5474977747565	-42.1898957405092
			72.5873371475049	-42.1898957405092
			72.6271765202532	-42.2297351132575
			72.6670158930016	-42.2695744860059
			72.70685526575	-42.2695744860059
			72.7466946384983	-42.3094138587542
			72.7865340112467	-42.3094138587542
			72.826373383995	-42.3492532315026
			72.8662127567434	-42.3890926042509
			72.9060521294917	-42.3890926042509
			72.9458915022401	-42.4289319769993
			72.9857308749884	-42.4687713497476
			73.0255702477368	-42.4687713497476
			73.0654096204852	-42.508610722496
			73.1052489932335	-42.5484500952444
			73.1450883659819	-42.5484500952444
			73.1849277387302	-42.5882894679927
			73.2247671114786	-42.5882894679927
			73.2646064842269	-42.6281288407411
			73.3044458569753	-42.6281288407411
			73.3442852297237	-42.6679682134894
			73.384124602472	-42.7078075862378
			73.4239639752204	-42.7078075862378
			73.4638033479687	-42.7476469589861
			73.5036427207171	-42.7874863317345
			73.5434820934654	-42.7874863317345
			73.5833214662138	-42.8273257044829
			73.6231608389621	-42.8273257044829
			73.6630002117105	-42.8671650772312
			73.7028395844589	-42.9070044499796
			73.7426789572072	-42.9468438227279
			73.7825183299556	-42.9468438227279
			73.8223577027039	-42.9866831954763
			73.8621970754523	-42.9866831954763
			73.9020364482006	-43.0265225682246
			73.941875820949	-43.0265225682246
			73.941875820949	-43.066361940973
			73.9817151936974	-43.066361940973
			74.0215545664457	-43.066361940973
			74.0215545664457	-43.1062013137213
			74.0613939391941	-43.1062013137213
			74.0613939391941	-43.1460406864697
			74.1012333119424	-43.1460406864697
			74.1410726846908	-43.1460406864697
			74.1410726846908	-43.1858800592181
			74.1809120574391	-43.1858800592181
			74.2207514301875	-43.2257194319664
			74.2605908029358	-43.2257194319664
			74.3004301756842	-43.2655588047148
			74.3402695484326	-43.3053981774631
			74.3801089211809	-43.3053981774631
			74.4199482939293	-43.3452375502115
			74.4597876666776	-43.3452375502115
			74.4597876666776	-43.3850769229598
			74.499627039426	-43.3850769229598
			74.5394664121743	-43.4249162957082
			74.5793057849227	-43.4647556684565
			74.619145157671	-43.4647556684565
			74.6589845304194	-43.5045950412049
			74.6988239031678	-43.5444344139533
			74.7386632759161	-43.5444344139533
			74.7785026486645	-43.5842737867016
			74.8183420214128	-43.5842737867016
			74.8183420214128	-43.62411315945
			74.8581813941612	-43.62411315945
			74.8980207669095	-43.6639525321983
			74.9378601396579	-43.7037919049467
			74.9776995124062	-43.7037919049467
			75.0175388851546	-43.743631277695
			75.057378257903	-43.743631277695
			75.0972176306513	-43.7834706504434
			75.1370570033997	-43.8233100231918
			75.176896376148	-43.8631493959401
			75.2167357488964	-43.8631493959401
			75.2565751216447	-43.9029887686885
			75.2964144943931	-43.9029887686885
			75.3362538671415	-43.9428281414368
			75.3760932398898	-43.9826675141852
			75.4159326126382	-44.0225068869335
			75.4557719853865	-44.0225068869335
			75.4956113581349	-44.0623462596819
			75.5354507308832	-44.0623462596819
			75.5752901036316	-44.1021856324302
			75.6151294763799	-44.1420250051786
			75.6549688491283	-44.1420250051786
			75.6948082218767	-44.181864377927
			75.734647594625	-44.2217037506753
			75.7744869673734	-44.2217037506753
			75.8143263401217	-44.2615431234237
			75.8541657128701	-44.2615431234237
			75.8541657128701	-44.301382496172
			75.8940050856184	-44.3412218689204
			75.9338444583668	-44.3412218689204
			75.9736838311152	-44.3810612416687
			76.0135232038635	-44.3810612416687
			76.0533625766119	-44.4209006144171
			76.0932019493602	-44.4607399871655
			76.1330413221086	-44.4607399871655
			76.1728806948569	-44.5005793599138
			76.2127200676053	-44.5404187326622
			76.2525594403537	-44.5802581054105
			76.292398813102	-44.5802581054105
			76.3322381858504	-44.6200974781589
			76.3720775585987	-44.6200974781589
			76.3720775585987	-44.6599368509072
			76.4119169313471	-44.6599368509072
			76.4517563040954	-44.6599368509072
			76.4517563040954	-44.6997762236556
			76.4915956768438	-44.6997762236556
			76.5314350495921	-44.7396155964039
			76.5712744223405	-44.7794549691523
			76.6111137950889	-44.7794549691523
			76.6509531678372	-44.8192943419007
			76.6907925405856	-44.859133714649
			76.7306319133339	-44.859133714649
			76.7704712860823	-44.8989730873974
			76.8103106588306	-44.9388124601457
			76.850150031579	-44.9786518328941
			76.8899894043274	-44.9786518328941
			76.9298287770757	-45.0184912056424
			76.9696681498241	-45.0184912056424
			77.0095075225724	-45.0583305783908
			77.0095075225724	-45.0981699511391
			77.0493468953208	-45.0981699511391
			77.0891862680691	-45.1380093238875
			77.1290256408175	-45.1380093238875
			77.1688650135658	-45.1778486966359
			77.2087043863142	-45.2176880693842
			77.2485437590626	-45.2176880693842
			77.2883831318109	-45.2575274421326
			77.3282225045593	-45.2973668148809
			77.3680618773076	-45.2973668148809
			77.3680618773076	-45.3372061876293
			77.407901250056	-45.3372061876293
			77.4477406228043	-45.3770455603776
			77.4875799955527	-45.416884933126
			77.527419368301	-45.416884933126
			77.5672587410494	-45.4567243058744
			77.6070981137978	-45.4567243058744
			77.6469374865461	-45.4965636786227
			77.6469374865461	-45.5364030513711
			77.6867768592945	-45.5364030513711
			77.7266162320428	-45.5762424241194
			77.7664556047912	-45.6160817968678
			77.8062949775395	-45.6160817968678
			77.8461343502879	-45.6559211696161
			77.8859737230363	-45.6559211696161
			77.9258130957846	-45.6957605423645
			77.965652468533	-45.7355999151129
			78.0054918412813	-45.7754392878612
			78.0453312140297	-45.8152786606096
			78.085170586778	-45.8152786606096
			78.1250099595264	-45.8551180333579
			78.1648493322747	-45.8949574061063
			78.2046887050231	-45.8949574061063
			78.2445280777715	-45.9347967788546
			78.2843674505198	-45.974636151603
			78.3242068232682	-46.0144755243513
			78.3640461960165	-46.0144755243513
			78.4038855687649	-46.0543148970997
			78.4437249415132	-46.0941542698481
			78.4835643142616	-46.0941542698481
			78.4835643142616	-46.1339936425964
			78.5234036870099	-46.1339936425964
			78.5632430597583	-46.1738330153448
			78.6030824325067	-46.1738330153448
			78.6030824325067	-46.2136723880931
			78.642921805255	-46.2136723880931
			78.6827611780034	-46.2535117608415
			78.7226005507517	-46.2535117608415
			78.7226005507517	-46.2933511335898
			78.7624399235001	-46.2933511335898
			78.8022792962484	-46.3331905063382
			78.8421186689968	-46.3331905063382
			78.8421186689968	-46.3730298790865
			78.8819580417452	-46.4128692518349
			78.9217974144935	-46.4128692518349
			78.9616367872419	-46.4527086245833
			79.0014761599902	-46.4925479973316
			79.0413155327386	-46.53238737008
			79.0811549054869	-46.53238737008
			79.1209942782353	-46.5722267428283
			79.1608336509836	-46.6120661155767
			79.200673023732	-46.6120661155767
			79.2405123964804	-46.651905488325
			79.2803517692287	-46.6917448610734
			79.3201911419771	-46.6917448610734
			79.3201911419771	-46.7315842338217
			79.3600305147254	-46.7714236065701
			79.3998698874738	-46.7714236065701
			79.4397092602221	-46.8112629793185
			79.4795486329705	-46.8112629793185
			79.5193880057189	-46.8511023520668
			79.5592273784672	-46.8909417248152
			79.5990667512156	-46.8909417248152
			79.5990667512156	-46.9307810975635
			79.6389061239639	-46.9706204703119
			79.6787454967123	-46.9706204703119
			79.7185848694606	-47.0104598430602
			79.758424242209	-47.0502992158086
			79.7982636149573	-47.0502992158086
			79.8381029877057	-47.090138588557
			79.8381029877057	-47.1299779613053
			79.8779423604541	-47.1299779613053
			79.9177817332024	-47.1698173340537
			79.9576211059508	-47.1698173340537
			79.9974604786991	-47.209656706802
			80.0372998514475	-47.2494960795504
			80.0771392241958	-47.2494960795504
			80.0771392241958	-47.2893354522987
			80.1169785969442	-47.3291748250471
			80.1568179696926	-47.3291748250471
			80.1966573424409	-47.3690141977955
		</c1>
		<c2 type=matrix rownames=FALSE colnames=FALSE nrow=939 ncol=2 as.numeric=TRUE >
			80.1966573424409	-47.3690141977955
			80.1568179696926	-47.3690141977955
			80.1169785969442	-47.3690141977955
			80.0771392241958	-47.3690141977955
			80.0372998514475	-47.3690141977955
			79.9974604786991	-47.3690141977955
			79.9576211059508	-47.3690141977955
			79.9177817332024	-47.3690141977955
			79.8779423604541	-47.3690141977955
			79.8381029877057	-47.3690141977955
			79.7982636149573	-47.3690141977955
			79.758424242209	-47.3690141977955
			79.7185848694606	-47.3690141977955
			79.6787454967123	-47.3690141977955
			79.6389061239639	-47.3291748250471
			79.5990667512156	-47.3291748250471
			79.5592273784672	-47.3291748250471
			79.5193880057189	-47.3291748250471
			79.4795486329705	-47.3291748250471
			79.4397092602221	-47.3291748250471
			79.3998698874738	-47.2893354522987
			79.3600305147254	-47.2893354522987
			79.3201911419771	-47.2893354522987
			79.2803517692287	-47.2893354522987
			79.2405123964804	-47.2494960795504
			79.200673023732	-47.2494960795504
			79.1608336509836	-47.2494960795504
			79.1209942782353	-47.2494960795504
			79.0811549054869	-47.209656706802
			79.0413155327386	-47.209656706802
			79.0014761599902	-47.209656706802
			78.9616367872419	-47.1698173340537
			78.9217974144935	-47.1698173340537
			78.8819580417452	-47.1698173340537
			78.8421186689968	-47.1299779613053
			78.8022792962484	-47.1299779613053
			78.7624399235001	-47.090138588557
			78.7226005507517	-47.090138588557
			78.6827611780034	-47.090138588557
			78.642921805255	-47.0502992158086
			78.6030824325067	-47.0502992158086
			78.5632430597583	-47.0104598430602
			78.5234036870099	-47.0104598430602
			78.4835643142616	-46.9706204703119
			78.4437249415132	-46.9706204703119
			78.4038855687649	-47.0104598430602
			78.4038855687649	-47.0502992158086
			78.3640461960165	-47.0502992158086
			78.3640461960165	-47.090138588557
			78.3242068232682	-47.1299779613053
			78.2843674505198	-47.1698173340537
			78.2445280777715	-47.209656706802
			78.2046887050231	-47.2494960795504
			78.1648493322747	-47.2494960795504
			78.1250099595264	-47.2893354522987
			78.085170586778	-47.2893354522987
			78.0453312140297	-47.3291748250471
			78.0054918412813	-47.3291748250471
			77.965652468533	-47.3291748250471
			77.9258130957846	-47.3690141977955
			77.8859737230363	-47.3690141977955
			77.8461343502879	-47.3690141977955
			77.8062949775395	-47.3690141977955
			77.7664556047912	-47.3690141977955
			77.7266162320428	-47.3690141977955
			77.6867768592945	-47.3690141977955
			77.6469374865461	-47.3690141977955
			77.6070981137978	-47.3291748250471
			77.5672587410494	-47.3291748250471
			77.527419368301	-47.3291748250471
			77.4875799955527	-47.3291748250471
			77.4477406228043	-47.2893354522987
			77.407901250056	-47.2893354522987
			77.3680618773076	-47.2893354522987
			77.3282225045593	-47.2494960795504
			77.2883831318109	-47.2494960795504
			77.2485437590626	-47.209656706802
			77.2087043863142	-47.209656706802
			77.1688650135658	-47.1698173340537
			77.1290256408175	-47.1698173340537
			77.0891862680691	-47.1299779613053
			77.0493468953208	-47.1299779613053
			77.0095075225724	-47.090138588557
			76.9696681498241	-47.1299779613053
			76.9298287770757	-47.1698173340537
			76.8899894043274	-47.209656706802
			76.850150031579	-47.2494960795504
			76.8103106588306	-47.2494960795504
			76.7704712860823	-47.2893354522987
			76.7306319133339	-47.2893354522987
			76.6907925405856	-47.3291748250471
			76.6509531678372	-47.3291748250471
			76.6111137950889	-47.3690141977955
			76.5712744223405	-47.3690141977955
			76.5314350495921	-47.4088535705438
			76.4915956768438	-47.4088535705438
			76.4517563040954	-47.4088535705438
			76.4119169313471	-47.4088535705438
			76.3720775585987	-47.4486929432922
			76.3322381858504	-47.4486929432922
			76.292398813102	-47.4486929432922
			76.2525594403537	-47.4486929432922
			76.2127200676053	-47.4486929432922
			76.1728806948569	-47.4486929432922
			76.1330413221086	-47.4486929432922
			76.0932019493602	-47.4885323160405
			76.0533625766119	-47.4885323160405
			76.0135232038635	-47.4885323160405
			75.9736838311152	-47.4885323160405
			75.9338444583668	-47.4885323160405
			75.8940050856184	-47.4885323160405
			75.8541657128701	-47.4885323160405
			75.8143263401217	-47.4885323160405
			75.7744869673734	-47.4885323160405
			75.734647594625	-47.4885323160405
			75.6948082218767	-47.4486929432922
			75.6549688491283	-47.4486929432922
			75.6151294763799	-47.4486929432922
			75.5752901036316	-47.4486929432922
			75.5354507308832	-47.4486929432922
			75.4956113581349	-47.4486929432922
			75.4557719853865	-47.4486929432922
			75.4159326126382	-47.4486929432922
			75.3760932398898	-47.4486929432922
			75.3362538671415	-47.4088535705438
			75.2964144943931	-47.4088535705438
			75.2565751216447	-47.4088535705438
			75.2167357488964	-47.4088535705438
			75.176896376148	-47.4088535705438
			75.1370570033997	-47.3690141977955
			75.0972176306513	-47.3690141977955
			75.057378257903	-47.3690141977955
			75.0175388851546	-47.3690141977955
			74.9776995124062	-47.3690141977955
			74.9378601396579	-47.3291748250471
			74.8980207669095	-47.3291748250471
			74.8581813941612	-47.3291748250471
			74.8183420214128	-47.3291748250471
			74.7785026486645	-47.3291748250471
			74.7386632759161	-47.2893354522987
			74.6988239031678	-47.2893354522987
			74.6589845304194	-47.2893354522987
			74.619145157671	-47.2494960795504
			74.5793057849227	-47.2494960795504
			74.5394664121743	-47.2494960795504
			74.499627039426	-47.2494960795504
			74.499627039426	-47.2893354522987
			74.4597876666776	-47.2893354522987
			74.4199482939293	-47.2893354522987
			74.3801089211809	-47.3291748250471
			74.3402695484326	-47.3291748250471
			74.3004301756842	-47.3291748250471
			74.2605908029358	-47.3690141977955
			74.2207514301875	-47.3690141977955
			74.1809120574391	-47.3690141977955
			74.1410726846908	-47.3690141977955
			74.1012333119424	-47.3690141977955
			74.0613939391941	-47.4088535705438
			74.0215545664457	-47.4088535705438
			73.9817151936974	-47.4088535705438
			73.941875820949	-47.4088535705438
			73.9020364482006	-47.4088535705438
			73.8621970754523	-47.4088535705438
			73.8223577027039	-47.4088535705438
			73.7825183299556	-47.4486929432922
			73.7426789572072	-47.4486929432922
			73.7028395844589	-47.4486929432922
			73.6630002117105	-47.4486929432922
			73.6231608389621	-47.4486929432922
			73.5833214662138	-47.4486929432922
			73.5434820934654	-47.4486929432922
			73.5036427207171	-47.4486929432922
			73.4638033479687	-47.4486929432922
			73.4239639752204	-47.4088535705438
			73.384124602472	-47.4088535705438
			73.3442852297237	-47.4088535705438
			73.3044458569753	-47.4088535705438
			73.2646064842269	-47.4088535705438
			73.2247671114786	-47.4088535705438
			73.1849277387302	-47.4088535705438
			73.1450883659819	-47.4088535705438
			73.1052489932335	-47.4088535705438
			73.0654096204852	-47.3690141977955
			73.0255702477368	-47.3690141977955
			72.9857308749884	-47.3690141977955
			72.9458915022401	-47.3690141977955
			72.9060521294917	-47.3690141977955
			72.8662127567434	-47.3291748250471
			72.826373383995	-47.3291748250471
			72.7865340112467	-47.3291748250471
			72.7466946384983	-47.3291748250471
			72.70685526575	-47.2893354522987
			72.6670158930016	-47.2893354522987
			72.6271765202532	-47.2893354522987
			72.5873371475049	-47.2893354522987
			72.5474977747565	-47.2494960795504
			72.5076584020082	-47.2494960795504
			72.4678190292598	-47.2494960795504
			72.4279796565115	-47.209656706802
			72.3881402837631	-47.209656706802
			72.3483009110147	-47.209656706802
			72.3084615382664	-47.1698173340537
			72.268622165518	-47.1698173340537
			72.2287827927697	-47.1698173340537
			72.1889434200213	-47.1299779613053
			72.149104047273	-47.1299779613053
			72.1092646745246	-47.090138588557
			72.0694253017762	-47.090138588557
			72.0295859290279	-47.090138588557
			71.9897465562795	-47.090138588557
			71.9499071835312	-47.1299779613053
			71.9100678107828	-47.1299779613053
			71.8702284380345	-47.1299779613053
			71.8303890652861	-47.1299779613053
			71.7905496925378	-47.1299779613053
			71.7507103197894	-47.1299779613053
			71.710870947041	-47.1299779613053
			71.6710315742927	-47.1698173340537
			71.6311922015443	-47.1698173340537
			71.591352828796	-47.1698173340537
			71.5515134560476	-47.1698173340537
			71.5116740832993	-47.1698173340537
			71.4718347105509	-47.1698173340537
			71.4319953378026	-47.1698173340537
			71.3921559650542	-47.1698173340537
			71.3523165923058	-47.209656706802
			71.3124772195575	-47.209656706802
			71.2726378468091	-47.209656706802
			71.2327984740608	-47.209656706802
			71.1929591013124	-47.209656706802
			71.1531197285641	-47.209656706802
			71.1132803558157	-47.209656706802
			71.0734409830674	-47.209656706802
			71.033601610319	-47.209656706802
			70.9937622375706	-47.2494960795504
			70.9539228648223	-47.2494960795504
			70.9140834920739	-47.2494960795504
			70.8742441193256	-47.2494960795504
			70.8344047465772	-47.2494960795504
			70.7945653738289	-47.2494960795504
			70.7547260010805	-47.2494960795504
			70.7148866283322	-47.2494960795504
			70.6750472555838	-47.2494960795504
			70.6352078828354	-47.2494960795504
			70.5953685100871	-47.2494960795504
			70.5555291373387	-47.2893354522987
			70.5156897645904	-47.2893354522987
			70.475850391842	-47.2893354522987
			70.4360110190937	-47.2893354522987
			70.3961716463453	-47.2893354522987
			70.3563322735969	-47.2893354522987
			70.3164929008486	-47.2893354522987
			70.2766535281002	-47.2893354522987
			70.2368141553519	-47.2893354522987
			70.1969747826035	-47.2893354522987
			70.1571354098552	-47.2893354522987
			70.1172960371068	-47.2893354522987
			70.0774566643585	-47.2893354522987
			70.0376172916101	-47.2893354522987
			69.9977779188617	-47.2893354522987
			69.9579385461134	-47.2893354522987
			69.918099173365	-47.2893354522987
			69.8782598006167	-47.2893354522987
			69.8384204278683	-47.2893354522987
			69.79858105512	-47.2893354522987
			69.7587416823716	-47.2893354522987
			69.7189023096232	-47.2893354522987
			69.6790629368749	-47.2893354522987
			69.6392235641265	-47.2893354522987
			69.5993841913782	-47.2893354522987
			69.5595448186298	-47.2893354522987
			69.5197054458815	-47.2893354522987
			69.4798660731331	-47.2893354522987
			69.4400267003847	-47.2893354522987
			69.4001873276364	-47.2893354522987
			69.360347954888	-47.2893354522987
			69.3205085821397	-47.2893354522987
			69.2806692093913	-47.2893354522987
			69.240829836643	-47.2893354522987
			69.2009904638946	-47.2893354522987
			69.1611510911463	-47.2893354522987
			69.1213117183979	-47.2893354522987
			69.0814723456495	-47.2893354522987
			69.0416329729012	-47.2893354522987
			69.0017936001528	-47.2893354522987
			68.9619542274045	-47.2893354522987
			68.9221148546561	-47.2893354522987
			68.8822754819078	-47.2893354522987
			68.8424361091594	-47.2893354522987
			68.802596736411	-47.2893354522987
			68.7627573636627	-47.2893354522987
			68.7229179909143	-47.2893354522987
			68.683078618166	-47.2893354522987
			68.6432392454176	-47.2893354522987
			68.6033998726693	-47.2494960795504
			68.5635604999209	-47.2494960795504
			68.5237211271726	-47.2494960795504
			68.4838817544242	-47.2494960795504
			68.4440423816758	-47.2494960795504
			68.4042030089275	-47.2494960795504
			68.3643636361791	-47.2494960795504
			68.3245242634308	-47.2494960795504
			68.2846848906824	-47.2494960795504
			68.2448455179341	-47.209656706802
			68.2050061451857	-47.209656706802
			68.1651667724374	-47.209656706802
			68.125327399689	-47.209656706802
			68.0854880269406	-47.209656706802
			68.0456486541923	-47.209656706802
			68.0058092814439	-47.1698173340537
			67.9659699086956	-47.1698173340537
			67.9261305359472	-47.1698173340537
			67.8862911631989	-47.1698173340537
			67.8464517904505	-47.1698173340537
			67.8066124177022	-47.1698173340537
			67.7667730449538	-47.1299779613053
			67.7269336722054	-47.1299779613053
			67.6870942994571	-47.1299779613053
			67.6472549267087	-47.1299779613053
			67.6074155539604	-47.1299779613053
			67.567576181212	-47.090138588557
			67.5277368084637	-47.090138588557
			67.4878974357153	-47.090138588557
			67.4480580629669	-47.090138588557
			67.4082186902186	-47.090138588557
			67.3683793174702	-47.090138588557
			67.3285399447219	-47.090138588557
			67.2887005719735	-47.090138588557
			67.2488611992252	-47.1299779613053
			67.2090218264768	-47.1299779613053
			67.1691824537285	-47.1299779613053
			67.1293430809801	-47.1299779613053
			67.0895037082317	-47.1299779613053
			67.0496643354834	-47.1299779613053
			67.009824962735	-47.1299779613053
			66.9699855899867	-47.1299779613053
			66.9301462172383	-47.1299779613053
			66.89030684449	-47.1299779613053
			66.8504674717416	-47.1299779613053
			66.8106280989932	-47.1299779613053
			66.7707887262449	-47.1299779613053
			66.7309493534965	-47.1299779613053
			66.6911099807482	-47.1299779613053
			66.6512706079998	-47.1698173340537
			66.6114312352515	-47.1698173340537
			66.5715918625031	-47.1698173340537
			66.5317524897548	-47.1698173340537
			66.4919131170064	-47.1698173340537
			66.452073744258	-47.1698173340537
			66.4122343715097	-47.1698173340537
			66.3723949987613	-47.1698173340537
			66.332555626013	-47.1698173340537
			66.2927162532646	-47.1698173340537
			66.2528768805163	-47.1698173340537
			66.2130375077679	-47.1698173340537
			66.1731981350195	-47.1698173340537
			66.1333587622712	-47.1698173340537
			66.0935193895228	-47.1698173340537
			66.0536800167745	-47.1698173340537
			66.0138406440261	-47.1698173340537
			65.9740012712778	-47.1698173340537
			65.9341618985294	-47.1299779613053
			65.894322525781	-47.1299779613053
			65.8544831530327	-47.1299779613053
			65.8146437802843	-47.1299779613053
			65.774804407536	-47.1299779613053
			65.7349650347876	-47.1299779613053
			65.6951256620393	-47.1299779613053
			65.6552862892909	-47.1299779613053
			65.6154469165426	-47.1299779613053
			65.5756075437942	-47.1299779613053
			65.5357681710458	-47.1299779613053
			65.4959287982975	-47.1299779613053
			65.4560894255491	-47.1299779613053
			65.4162500528008	-47.1299779613053
			65.3764106800524	-47.090138588557
			65.3365713073041	-47.090138588557
			65.2967319345557	-47.090138588557
			65.2568925618074	-47.090138588557
			65.217053189059	-47.090138588557
			65.1772138163106	-47.090138588557
			65.1373744435623	-47.090138588557
			65.0975350708139	-47.090138588557
			65.0576956980656	-47.0502992158086
			65.0178563253172	-47.0502992158086
			64.9780169525689	-47.0502992158086
			64.9381775798205	-47.0502992158086
			64.8983382070721	-47.0502992158086
			64.8584988343238	-47.0502992158086
			64.8584988343238	-47.0104598430602
			64.8186594615754	-47.0104598430602
			64.7788200888271	-47.0104598430602
			64.7389807160787	-47.0104598430602
			64.6991413433304	-47.0104598430602
			64.659301970582	-47.0104598430602
			64.6194625978337	-46.9706204703119
			64.5796232250853	-46.9706204703119
			64.5397838523369	-46.9706204703119
			64.4999444795886	-46.9706204703119
			64.4601051068402	-46.9307810975635
			64.4202657340919	-46.9307810975635
			64.3804263613435	-46.9307810975635
			64.3405869885952	-46.9307810975635
			64.3007476158468	-46.9307810975635
			64.3007476158468	-46.8909417248152
			64.2609082430985	-46.8909417248152
			64.2210688703501	-46.8909417248152
			64.1812294976017	-46.8909417248152
			64.1413901248534	-46.9307810975635
			64.101550752105	-46.9307810975635
			64.0617113793567	-46.9307810975635
			64.0218720066083	-46.9706204703119
			63.98203263386	-46.9706204703119
			63.9421932611116	-46.9706204703119
			63.9023538883632	-46.9706204703119
			63.8625145156149	-47.0104598430602
			63.8226751428665	-47.0104598430602
			63.7828357701182	-47.0104598430602
			63.7429963973698	-47.0104598430602
			63.7031570246215	-47.0104598430602
			63.6633176518731	-47.0104598430602
			63.6234782791248	-47.0104598430602
			63.5836389063764	-47.0502992158086
			63.543799533628	-47.0502992158086
			63.5039601608797	-47.0502992158086
			63.4641207881313	-47.0502992158086
			63.424281415383	-47.0502992158086
			63.3844420426346	-47.0502992158086
			63.3446026698863	-47.0502992158086
			63.3047632971379	-47.0502992158086
			63.2649239243895	-47.0502992158086
			63.2250845516412	-47.0502992158086
			63.1852451788928	-47.0502992158086
			63.1454058061445	-47.0502992158086
			63.1055664333961	-47.0502992158086
			63.0657270606478	-47.0104598430602
			63.0258876878994	-47.0104598430602
			62.9860483151511	-47.0104598430602
			62.9462089424027	-47.0104598430602
			62.9063695696543	-47.0104598430602
			62.866530196906	-47.0104598430602
			62.8266908241576	-47.0104598430602
			62.7868514514093	-46.9706204703119
			62.7470120786609	-46.9706204703119
			62.7071727059126	-46.9706204703119
			62.6673333331642	-46.9706204703119
			62.6274939604158	-46.9706204703119
			62.5876545876675	-46.9307810975635
			62.5478152149191	-46.9307810975635
			62.5079758421708	-46.9307810975635
			62.4681364694224	-46.9307810975635
			62.4282970966741	-46.9307810975635
			62.3884577239257	-46.9307810975635
			62.3486183511774	-46.9706204703119
			62.308778978429	-46.9706204703119
			62.2689396056806	-46.9706204703119
			62.2291002329323	-46.9706204703119
			62.1892608601839	-46.9706204703119
			62.1494214874356	-46.9706204703119
			62.1095821146872	-47.0104598430602
			62.0697427419389	-47.0104598430602
			62.0299033691905	-47.0104598430602
			61.9900639964422	-47.0104598430602
			61.9502246236938	-47.0104598430602
			61.9103852509454	-47.0104598430602
			61.8705458781971	-47.0104598430602
			61.8307065054487	-47.0104598430602
			61.7908671327004	-47.0502992158086
			61.751027759952	-47.0502992158086
			61.7111883872037	-47.0502992158086
			61.6713490144553	-47.0502992158086
			61.6315096417069	-47.0502992158086
			61.5916702689586	-47.0502992158086
			61.5518308962102	-47.0502992158086
			61.5119915234619	-47.0502992158086
			61.4721521507135	-47.0502992158086
			61.4323127779652	-47.090138588557
			61.3924734052168	-47.090138588557
			61.3526340324685	-47.090138588557
			61.3127946597201	-47.090138588557
			61.2729552869717	-47.090138588557
			61.2331159142234	-47.090138588557
			61.193276541475	-47.090138588557
			61.1534371687267	-47.090138588557
			61.1135977959783	-47.090138588557
			61.07375842323	-47.090138588557
			61.0339190504816	-47.090138588557
			60.9940796777332	-47.090138588557
			60.9542403049849	-47.090138588557
			60.9144009322365	-47.090138588557
			60.8745615594882	-47.090138588557
			60.8347221867398	-47.090138588557
			60.7948828139915	-47.1299779613053
			60.7550434412431	-47.1299779613053
			60.7152040684948	-47.1299779613053
			60.6753646957464	-47.1299779613053
			60.635525322998	-47.1299779613053
			60.5956859502497	-47.1299779613053
			60.5558465775013	-47.1299779613053
			60.516007204753	-47.1299779613053
			60.4761678320046	-47.1299779613053
			60.4363284592563	-47.1299779613053
			60.3964890865079	-47.1299779613053
			60.3566497137596	-47.1299779613053
			60.3168103410112	-47.1299779613053
			60.2769709682628	-47.1299779613053
			60.2371315955145	-47.1299779613053
			60.1972922227661	-47.1299779613053
			60.1574528500178	-47.1299779613053
			60.1176134772694	-47.1299779613053
			60.0777741045211	-47.1299779613053
			60.0379347317727	-47.1299779613053
			59.9980953590243	-47.1299779613053
			59.958255986276	-47.1299779613053
			59.9184166135276	-47.1299779613053
			59.8785772407793	-47.090138588557
			59.8387378680309	-47.090138588557
			59.7988984952826	-47.090138588557
			59.7590591225342	-47.090138588557
			59.7192197497859	-47.090138588557
			59.6793803770375	-47.090138588557
			59.6395410042891	-47.090138588557
			59.5997016315408	-47.090138588557
			59.5598622587924	-47.090138588557
			59.5200228860441	-47.090138588557
			59.4801835132957	-47.090138588557
			59.4403441405474	-47.090138588557
			59.400504767799	-47.090138588557
			59.3606653950506	-47.090138588557
			59.3606653950506	-47.0502992158086
			59.3208260223023	-47.0502992158086
			59.2809866495539	-47.0502992158086
			59.2411472768056	-47.0502992158086
			59.2013079040572	-47.0502992158086
			59.1614685313089	-47.0502992158086
			59.1216291585605	-47.0502992158086
			59.0817897858122	-47.0502992158086
			59.0419504130638	-47.0502992158086
			59.0419504130638	-47.0104598430602
			59.0021110403154	-47.0104598430602
			58.9622716675671	-47.0104598430602
			58.9224322948187	-47.0104598430602
			58.8825929220704	-47.0104598430602
			58.842753549322	-47.0104598430602
			58.8029141765737	-47.0104598430602
			58.7630748038253	-46.9706204703119
			58.723235431077	-46.9706204703119
			58.6833960583286	-46.9706204703119
			58.6435566855802	-46.9706204703119
			58.6037173128319	-46.9706204703119
			58.5638779400835	-46.9706204703119
			58.5240385673352	-46.9706204703119
			58.4841991945868	-46.9706204703119
			58.4443598218385	-47.0104598430602
			58.4045204490901	-47.0104598430602
			58.3646810763417	-47.0104598430602
			58.3248417035934	-47.0104598430602
			58.285002330845	-47.0104598430602
			58.2451629580967	-47.0104598430602
			58.2053235853483	-47.0104598430602
			58.1654842126	-47.0104598430602
			58.1256448398516	-47.0104598430602
			58.0858054671032	-47.0104598430602
			58.0459660943549	-47.0104598430602
			58.0061267216065	-47.0104598430602
			57.9662873488582	-47.0104598430602
			57.9264479761098	-47.0104598430602
			57.8866086033615	-47.0104598430602
			57.8467692306131	-47.0104598430602
			57.8069298578648	-47.0104598430602
			57.7670904851164	-47.0104598430602
			57.727251112368	-47.0104598430602
			57.6874117396197	-47.0104598430602
			57.6475723668713	-47.0104598430602
			57.607732994123	-47.0104598430602
			57.5678936213746	-47.0104598430602
			57.5280542486263	-47.0104598430602
			57.4882148758779	-47.0104598430602
			57.4483755031296	-47.0104598430602
			57.4085361303812	-47.0104598430602
			57.3686967576328	-47.0104598430602
			57.3288573848845	-47.0104598430602
			57.2890180121361	-47.0104598430602
			57.2491786393878	-47.0104598430602
			57.2093392666394	-47.0104598430602
			57.1694998938911	-47.0104598430602
			57.1296605211427	-47.0104598430602
			57.0898211483943	-47.0104598430602
			57.049981775646	-47.0104598430602
			57.0101424028976	-47.0104598430602
			56.9703030301493	-47.0104598430602
			56.9304636574009	-47.0104598430602
			56.8906242846526	-47.0104598430602
			56.8507849119042	-47.0104598430602
			56.8109455391559	-47.0104598430602
			56.7711061664075	-47.0104598430602
			56.7312667936591	-47.0104598430602
			56.6914274209108	-47.0104598430602
			56.6515880481624	-47.0104598430602
			56.6515880481624	-46.9706204703119
			56.6117486754141	-46.9706204703119
			56.5719093026657	-46.9706204703119
			56.5320699299174	-46.9706204703119
			56.492230557169	-46.9706204703119
			56.4523911844206	-46.9706204703119
			56.4125518116723	-46.9706204703119
			56.3727124389239	-46.9706204703119
			56.3328730661756	-46.9706204703119
			56.2930336934272	-46.9706204703119
			56.2531943206789	-46.9706204703119
			56.2133549479305	-46.9307810975635
			56.1735155751822	-46.9307810975635
			56.1336762024338	-46.9307810975635
			56.0938368296854	-46.9307810975635
			56.0539974569371	-46.9307810975635
			56.0141580841887	-46.9307810975635
			55.9743187114404	-46.8909417248152
			55.934479338692	-46.8909417248152
			55.8946399659437	-46.8909417248152
			55.8548005931953	-46.8909417248152
			55.814961220447	-46.8909417248152
			55.7751218476986	-46.8909417248152
			55.7352824749502	-46.8909417248152
			55.6954431022019	-46.8511023520668
			55.6556037294535	-46.8511023520668
			55.6157643567052	-46.8511023520668
			55.5759249839568	-46.8511023520668
			55.5360856112085	-46.8511023520668
			55.4962462384601	-46.8511023520668
			55.4962462384601	-46.8112629793185
			55.4564068657117	-46.8112629793185
			55.4165674929634	-46.8112629793185
			55.376728120215	-46.8112629793185
			55.3368887474667	-46.8112629793185
			55.2970493747183	-46.7714236065701
			55.25721000197	-46.7714236065701
			55.2173706292216	-46.7714236065701
			55.1775312564733	-46.7714236065701
			55.1376918837249	-46.7315842338217
			55.0978525109765	-46.7315842338217
			55.0580131382282	-46.7315842338217
			55.0181737654798	-46.7315842338217
			54.9783343927315	-46.6917448610734
			54.9384950199831	-46.6917448610734
			54.8986556472348	-46.6917448610734
			54.8588162744864	-46.6917448610734
			54.818976901738	-46.651905488325
			54.7791375289897	-46.651905488325
			54.7392981562413	-46.6917448610734
			54.699458783493	-46.6917448610734
			54.6596194107446	-46.6917448610734
			54.6197800379963	-46.7315842338217
			54.5799406652479	-46.7315842338217
			54.5401012924996	-46.7315842338217
			54.5002619197512	-46.7714236065701
			54.4604225470028	-46.7714236065701
			54.4205831742545	-46.7714236065701
			54.3807438015061	-46.8112629793185
			54.3409044287578	-46.8112629793185
			54.3010650560094	-46.8112629793185
			54.2612256832611	-46.8511023520668
			54.2213863105127	-46.8511023520668
			54.1815469377644	-46.8511023520668
			54.141707565016	-46.8511023520668
			54.1018681922676	-46.8909417248152
			54.0620288195193	-46.8909417248152
			54.0221894467709	-46.8909417248152
			53.9823500740226	-46.8909417248152
			53.9425107012742	-46.9307810975635
			53.9026713285259	-46.9307810975635
			53.8628319557775	-46.9307810975635
			53.8229925830291	-46.9307810975635
			53.7831532102808	-46.9307810975635
			53.7831532102808	-46.9706204703119
			53.7433138375324	-46.9706204703119
			53.7034744647841	-46.9706204703119
			53.6636350920357	-46.9706204703119
			53.6237957192874	-46.9706204703119
			53.583956346539	-46.9706204703119
			53.5441169737907	-47.0104598430602
			53.5042776010423	-47.0104598430602
			53.4644382282939	-47.0104598430602
			53.4245988555456	-47.0104598430602
			53.3847594827972	-47.0104598430602
			53.3449201100489	-47.0104598430602
			53.3050807373005	-47.0104598430602
			53.2652413645522	-47.0104598430602
			53.2254019918038	-47.0502992158086
			53.1855626190554	-47.0502992158086
			53.1457232463071	-47.0502992158086
			53.1058838735587	-47.0502992158086
			53.0660445008104	-47.0502992158086
			53.026205128062	-47.0502992158086
			52.9863657553137	-47.0502992158086
			52.9465263825653	-47.0502992158086
			52.9066870098169	-47.0502992158086
			52.8668476370686	-47.0502992158086
			52.8270082643202	-47.0502992158086
			52.7871688915719	-47.0502992158086
			52.7473295188235	-47.090138588557
			52.7074901460752	-47.090138588557
			52.6676507733268	-47.090138588557
			52.6278114005785	-47.090138588557
			52.5879720278301	-47.090138588557
			52.5481326550817	-47.090138588557
			52.5082932823334	-47.090138588557
			52.468453909585	-47.090138588557
			52.4286145368367	-47.090138588557
			52.3887751640883	-47.090138588557
			52.34893579134	-47.090138588557
			52.3090964185916	-47.090138588557
			52.2692570458433	-47.090138588557
			52.2294176730949	-47.090138588557
			52.1895783003465	-47.090138588557
			52.1497389275982	-47.090138588557
			52.1098995548498	-47.090138588557
			52.0700601821015	-47.090138588557
			52.0302208093531	-47.090138588557
			51.9903814366048	-47.090138588557
			51.9505420638564	-47.090138588557
			51.910702691108	-47.090138588557
			51.8708633183597	-47.090138588557
			51.8310239456113	-47.090138588557
			51.791184572863	-47.090138588557
			51.7513452001146	-47.0502992158086
			51.7115058273663	-47.0502992158086
			51.6716664546179	-47.0502992158086
			51.6318270818696	-47.0502992158086
			51.5919877091212	-47.0502992158086
			51.5521483363728	-47.0502992158086
			51.5123089636245	-47.0502992158086
			51.4724695908761	-47.0502992158086
			51.4326302181278	-47.0502992158086
			51.3927908453794	-47.0502992158086
			51.3529514726311	-47.0502992158086
			51.3131120998827	-47.0502992158086
			51.2732727271343	-47.0502992158086
			51.233433354386	-47.0502992158086
			51.1935939816376	-47.0502992158086
			51.1537546088893	-47.0104598430602
			51.1139152361409	-47.0104598430602
			51.0740758633926	-47.0104598430602
			51.0342364906442	-47.0104598430602
			50.9943971178959	-47.0104598430602
			50.9545577451475	-47.0104598430602
			50.9147183723991	-47.0104598430602
			50.8748789996508	-47.0104598430602
			50.8350396269024	-47.0104598430602
			50.7952002541541	-47.0104598430602
			50.7553608814057	-46.9706204703119
			50.7155215086574	-46.9706204703119
			50.675682135909	-46.9706204703119
			50.6358427631607	-46.9706204703119
			50.5960033904123	-46.9706204703119
			50.5561640176639	-46.9706204703119
			50.5163246449156	-46.9706204703119
			50.4764852721672	-46.9706204703119
			50.4366458994189	-46.9307810975635
			50.3968065266705	-46.9307810975635
			50.3569671539222	-46.9307810975635
			50.3171277811738	-46.9307810975635
			50.2772884084254	-46.9307810975635
			50.2374490356771	-46.9307810975635
			50.1976096629287	-46.9307810975635
			50.1577702901804	-46.8909417248152
			50.117930917432	-46.8909417248152
			50.0780915446837	-46.8909417248152
			50.0382521719353	-46.8909417248152
			49.998412799187	-46.8909417248152
			49.9585734264386	-46.8909417248152
			49.9187340536902	-46.9307810975635
			49.8788946809419	-46.9307810975635
			49.8390553081935	-46.9307810975635
			49.7992159354452	-46.9706204703119
			49.7593765626968	-46.9706204703119
			49.7195371899485	-46.9706204703119
			49.6796978172001	-46.9706204703119
			49.6398584444517	-46.9706204703119
			49.6000190717034	-47.0104598430602
			49.560179698955	-47.0104598430602
			49.5203403262067	-47.0104598430602
			49.4805009534583	-47.0104598430602
			49.44066158071	-47.0104598430602
			49.4008222079616	-47.0502992158086
			49.3609828352133	-47.0502992158086
			49.3211434624649	-47.0502992158086
			49.2813040897165	-47.0502992158086
			49.2414647169682	-47.0502992158086
			49.2016253442198	-47.090138588557
			49.1617859714715	-47.090138588557
			49.1219465987231	-47.090138588557
			49.0821072259748	-47.090138588557
			49.0422678532264	-47.090138588557
			49.0024284804781	-47.090138588557
			48.9625891077297	-47.090138588557
			48.9227497349813	-47.090138588557
			48.882910362233	-47.090138588557
			48.8430709894846	-47.090138588557
			48.8032316167363	-47.090138588557
			48.7633922439879	-47.090138588557
			48.7235528712396	-47.090138588557
			48.6837134984912	-47.090138588557
			48.6438741257428	-47.090138588557
			48.6040347529945	-47.090138588557
			48.5641953802461	-47.090138588557
			48.5243560074978	-47.090138588557
			48.4845166347494	-47.0502992158086
			48.4446772620011	-47.0502992158086
			48.4048378892527	-47.0502992158086
			48.3649985165044	-47.0104598430602
			48.325159143756	-46.9706204703119
			48.2853197710076	-46.9706204703119
			48.2454803982593	-46.9307810975635
			48.2056410255109	-46.8909417248152
			48.1658016527626	-46.8909417248152
			48.1259622800142	-46.8909417248152
			48.0861229072659	-46.8909417248152
			48.0462835345175	-46.9307810975635
			48.0064441617691	-46.9307810975635
			47.9666047890208	-46.9706204703119
			47.9267654162724	-46.9706204703119
			47.8869260435241	-46.9706204703119
			47.8470866707757	-47.0104598430602
			47.8072472980274	-47.0104598430602
			47.767407925279	-47.0104598430602
			47.7275685525307	-47.0502992158086
			47.6877291797823	-47.0502992158086
			47.6478898070339	-47.0502992158086
			47.6080504342856	-47.090138588557
			47.5682110615372	-47.090138588557
			47.5283716887889	-47.090138588557
			47.4885323160405	-47.090138588557
			47.4885323160405	-47.1299779613053
			47.4486929432922	-47.1299779613053
			47.4088535705438	-47.1299779613053
			47.3690141977955	-47.1299779613053
			47.3291748250471	-47.1299779613053
			47.2893354522987	-47.1698173340537
			47.2494960795504	-47.1698173340537
			47.209656706802	-47.1698173340537
			47.1698173340537	-47.1698173340537
			47.1299779613053	-47.1698173340537
			47.090138588557	-47.1698173340537
			47.0502992158086	-47.209656706802
			47.0104598430602	-47.209656706802
			46.9706204703119	-47.209656706802
			46.9307810975635	-47.209656706802
			46.8909417248152	-47.209656706802
			46.8511023520668	-47.209656706802
			46.8112629793185	-47.209656706802
			46.7714236065701	-47.209656706802
			46.7315842338217	-47.209656706802
			46.6917448610734	-47.209656706802
			46.651905488325	-47.209656706802
			46.6120661155767	-47.209656706802
			46.5722267428283	-47.1698173340537
			46.53238737008	-47.1698173340537
			46.4925479973316	-47.1698173340537
			46.4527086245833	-47.1698173340537
			46.4128692518349	-47.1698173340537
			46.3730298790865	-47.1299779613053
			46.3331905063382	-47.1299779613053
			46.2933511335898	-47.1299779613053
			46.2535117608415	-47.1299779613053
			46.2136723880931	-47.1299779613053
			46.1738330153448	-47.1299779613053
			46.1339936425964	-47.1698173340537
			46.0941542698481	-47.1698173340537
			46.0543148970997	-47.1698173340537
			46.0144755243513	-47.1698173340537
			45.974636151603	-47.1698173340537
			45.9347967788546	-47.1698173340537
			45.8949574061063	-47.1698173340537
			45.8551180333579	-47.1698173340537
			45.8152786606096	-47.1698173340537
			45.7754392878612	-47.1698173340537
			45.7355999151129	-47.1698173340537
			45.6957605423645	-47.1698173340537
			45.6559211696161	-47.1698173340537
			45.6160817968678	-47.1698173340537
			45.5762424241194	-47.1698173340537
			45.5364030513711	-47.1698173340537
			45.4965636786227	-47.1299779613053
			45.4567243058744	-47.1299779613053
			45.416884933126	-47.1299779613053
			45.3770455603776	-47.1299779613053
			45.3372061876293	-47.1299779613053
			45.2973668148809	-47.1299779613053
			45.2575274421326	-47.1299779613053
			45.2176880693842	-47.090138588557
			45.1778486966359	-47.090138588557
			45.1380093238875	-47.090138588557
			45.0981699511391	-47.090138588557
			45.0583305783908	-47.090138588557
			45.0184912056424	-47.0502992158086
			44.9786518328941	-47.0502992158086
			44.9388124601457	-47.0502992158086
			44.8989730873974	-47.0502992158086
			44.859133714649	-47.0502992158086
			44.859133714649	-47.0104598430602
			44.8192943419007	-47.0104598430602
			44.7794549691523	-47.0104598430602
			44.7396155964039	-47.0104598430602
			44.6997762236556	-46.9706204703119
			44.6599368509072	-46.9706204703119
			44.6200974781589	-46.9706204703119
			44.5802581054105	-46.9706204703119
			44.5404187326622	-47.0104598430602
			44.5005793599138	-47.0104598430602
			44.4607399871655	-47.0104598430602
			44.4209006144171	-47.0104598430602
			44.3810612416687	-47.0104598430602
			44.3412218689204	-47.0104598430602
			44.301382496172	-47.0502992158086
			44.2615431234237	-47.0502992158086
			44.2217037506753	-47.0502992158086
			44.181864377927	-47.0502992158086
			44.1420250051786	-47.0502992158086
			44.1021856324302	-47.0502992158086
			44.0623462596819	-47.0502992158086
			44.0225068869335	-47.0502992158086
			43.9826675141852	-47.0502992158086
			43.9428281414368	-47.0502992158086
			43.9029887686885	-47.0502992158086
			43.8631493959401	-47.0104598430602
			43.8233100231918	-47.0104598430602
			43.7834706504434	-47.0104598430602
			43.743631277695	-47.0104598430602
			43.7037919049467	-47.0104598430602
			43.6639525321983	-46.9706204703119
			43.62411315945	-46.9706204703119
			43.5842737867016	-46.9706204703119
			43.5444344139533	-46.9307810975635
			43.5045950412049	-46.9307810975635
			43.4647556684565	-46.9307810975635
			43.4249162957082	-46.8909417248152
			43.3850769229598	-46.8511023520668
			43.3452375502115	-46.8511023520668
			43.3053981774631	-46.8112629793185
		</c2>
	</curves.scaled>
	<ruler.points type=matrix rownames=TRUE colnames=FALSE nrow=2 ncol=2 as.numeric=TRUE >
		Ruler point 1	406	275
		Ruler point 2	657	277
	</ruler.points>
</shapes>

