<shapes type=list>
	<ruler.pixel type=vector names=FALSE length=1 as.numeric=TRUE >250.001999992</ruler.pixel>
	<ruler.interval type=vector names=FALSE length=1 as.numeric=TRUE >10</ruler.interval>
	<scaling.units type=vector names=FALSE length=1 as.numeric=FALSE >undefined</scaling.units>
	<scaling type=vector names=FALSE length=1 as.numeric=TRUE >0.03999968000384</scaling>
	<landmarks.pixel type=matrix rownames=TRUE colnames=FALSE nrow=2 ncol=2 as.numeric=TRUE >
		LM1	804	1263
		LM2	2048	1268
	</landmarks.pixel>
	<landmarks.scaled type=matrix rownames=TRUE colnames=FALSE nrow=2 ncol=2 as.numeric=TRUE >
		LM1	32.1597427230873	-50.5195958448499
		LM2	81.9193446478642	-50.7195942448691
	</landmarks.scaled>
	<curves.control type=list>
		<c1 type=matrix rownames=FALSE colnames=FALSE nrow=15 ncol=2 as.numeric=TRUE >
			804	1263
			837	1234
			968	1159
			1028	1104
			1101	1087
			1286	994
			1315	999
			1535	916
			1563	959
			1633	999
			1653	1008
			1702	1026
			1820	1093
			1946	1188
			2048	1268
		</c1>
		<c2 type=matrix rownames=FALSE colnames=FALSE nrow=25 ncol=2 as.numeric=TRUE >
			2048	1268
			2023	1278
			2007	1270
			1974	1282
			1946	1269
			1898	1280
			1850	1265
			1794	1291
			1751	1270
			1695	1291
			1628	1272
			1495	1295
			1420	1276
			1356	1291
			1313	1283
			1251	1294
			1205	1276
			1090	1302
			1043	1276
			917	1296
			911	1266
			868	1286
			835	1276
			806	1295
			804	1263
		</c2>
	</curves.control>
	<curves.pixel type=list>
		<c1 type=matrix rownames=FALSE colnames=FALSE nrow=1319 ncol=2 as.numeric=TRUE >
			804	1263
			805	1262
			806	1261
			807	1260
			808	1259
			809	1259
			810	1258
			811	1257
			812	1256
			813	1255
			814	1255
			815	1254
			816	1254
			816	1253
			817	1252
			818	1252
			819	1251
			820	1250
			821	1249
			822	1249
			823	1248
			824	1247
			825	1247
			826	1246
			827	1245
			828	1245
			829	1244
			830	1243
			831	1242
			832	1242
			833	1241
			834	1240
			835	1240
			836	1239
			837	1238
			838	1238
			839	1237
			840	1236
			841	1236
			842	1235
			843	1235
			844	1234
			845	1233
			846	1232
			847	1232
			848	1231
			849	1230
			850	1230
			851	1229
			852	1228
			853	1228
			854	1227
			855	1227
			856	1226
			857	1226
			857	1225
			858	1225
			859	1224
			860	1223
			861	1223
			862	1222
			863	1222
			863	1221
			864	1221
			865	1220
			866	1220
			867	1219
			868	1218
			869	1218
			870	1217
			871	1217
			872	1216
			873	1216
			874	1215
			874	1214
			875	1214
			876	1213
			877	1213
			878	1212
			879	1211
			880	1211
			881	1210
			882	1210
			883	1209
			884	1208
			885	1208
			886	1207
			887	1206
			888	1206
			889	1205
			890	1205
			891	1204
			892	1203
			893	1203
			894	1202
			895	1202
			896	1201
			897	1200
			898	1200
			899	1199
			900	1199
			901	1198
			902	1197
			903	1197
			904	1196
			905	1196
			906	1195
			907	1195
			908	1194
			909	1193
			910	1193
			911	1192
			912	1192
			913	1191
			914	1191
			915	1190
			916	1189
			917	1189
			918	1188
			919	1188
			920	1187
			921	1186
			922	1186
			923	1185
			924	1184
			925	1184
			926	1183
			927	1183
			928	1182
			929	1181
			930	1181
			931	1180
			932	1180
			933	1179
			934	1179
			935	1178
			936	1177
			937	1177
			938	1177
			938	1176
			939	1176
			940	1175
			941	1175
			942	1174
			943	1173
			944	1173
			945	1172
			946	1172
			947	1171
			948	1170
			949	1170
			950	1169
			951	1169
			952	1168
			953	1168
			954	1167
			955	1166
			956	1166
			957	1165
			958	1165
			959	1164
			960	1164
			961	1163
			962	1162
			963	1162
			964	1161
			965	1161
			966	1160
			967	1159
			968	1159
			969	1158
			970	1158
			970	1157
			971	1156
			972	1155
			973	1154
			974	1153
			975	1153
			976	1152
			977	1151
			978	1150
			979	1149
			980	1148
			981	1148
			982	1147
			983	1146
			984	1145
			985	1144
			986	1144
			987	1143
			988	1142
			989	1141
			990	1141
			991	1140
			992	1139
			993	1138
			994	1137
			995	1137
			996	1136
			997	1135
			998	1135
			999	1134
			1000	1133
			1001	1132
			1002	1132
			1003	1131
			1004	1130
			1005	1130
			1006	1129
			1007	1128
			1008	1128
			1009	1127
			1010	1126
			1011	1126
			1012	1125
			1013	1124
			1014	1124
			1015	1123
			1016	1122
			1017	1122
			1018	1121
			1019	1120
			1020	1120
			1021	1119
			1022	1119
			1023	1118
			1024	1117
			1025	1117
			1026	1117
			1026	1116
			1027	1116
			1028	1116
			1028	1115
			1029	1115
			1029	1114
			1030	1114
			1031	1114
			1031	1113
			1032	1113
			1033	1113
			1033	1112
			1034	1112
			1035	1112
			1035	1111
			1036	1111
			1037	1110
			1038	1110
			1039	1109
			1040	1109
			1041	1109
			1041	1108
			1042	1108
			1043	1107
			1044	1107
			1045	1107
			1045	1106
			1046	1106
			1047	1106
			1048	1105
			1049	1105
			1050	1104
			1051	1104
			1052	1103
			1053	1103
			1054	1103
			1055	1102
			1056	1102
			1057	1101
			1058	1101
			1059	1101
			1060	1100
			1061	1099
			1062	1099
			1063	1099
			1064	1098
			1065	1098
			1066	1098
			1067	1097
			1068	1097
			1069	1096
			1070	1096
			1071	1096
			1072	1095
			1073	1095
			1074	1095
			1075	1094
			1076	1094
			1077	1094
			1078	1093
			1079	1093
			1080	1093
			1081	1092
			1082	1092
			1083	1092
			1084	1091
			1085	1091
			1086	1091
			1087	1091
			1088	1090
			1089	1090
			1090	1090
			1091	1090
			1091	1089
			1092	1089
			1093	1089
			1094	1089
			1095	1088
			1096	1088
			1097	1088
			1098	1088
			1099	1087
			1100	1087
			1101	1087
			1102	1086
			1103	1086
			1104	1086
			1105	1085
			1106	1085
			1106	1084
			1107	1084
			1108	1083
			1109	1083
			1110	1083
			1110	1082
			1111	1082
			1112	1081
			1113	1081
			1114	1081
			1114	1080
			1115	1080
			1116	1080
			1117	1079
			1118	1079
			1118	1078
			1119	1078
			1120	1078
			1121	1077
			1122	1076
			1123	1076
			1124	1075
			1125	1075
			1126	1075
			1127	1074
			1128	1074
			1129	1073
			1130	1073
			1131	1072
			1132	1071
			1133	1071
			1134	1070
			1135	1070
			1136	1070
			1136	1069
			1137	1069
			1138	1069
			1138	1068
			1139	1068
			1140	1068
			1140	1067
			1141	1067
			1142	1067
			1143	1066
			1144	1066
			1145	1065
			1146	1065
			1147	1064
			1148	1064
			1149	1063
			1150	1063
			1151	1062
			1152	1062
			1153	1061
			1154	1061
			1155	1060
			1156	1060
			1157	1059
			1158	1059
			1159	1059
			1159	1058
			1160	1058
			1161	1058
			1161	1057
			1162	1057
			1163	1056
			1164	1056
			1165	1055
			1166	1055
			1167	1055
			1167	1054
			1168	1054
			1169	1054
			1169	1053
			1170	1053
			1171	1053
			1172	1052
			1173	1052
			1174	1051
			1175	1051
			1176	1050
			1177	1050
			1178	1049
			1179	1049
			1180	1048
			1181	1048
			1182	1047
			1183	1047
			1184	1046
			1185	1046
			1186	1045
			1187	1045
			1188	1045
			1189	1044
			1190	1044
			1191	1043
			1192	1043
			1193	1042
			1194	1042
			1195	1041
			1196	1041
			1197	1040
			1198	1040
			1199	1040
			1200	1039
			1201	1039
			1202	1038
			1203	1038
			1203	1037
			1204	1037
			1205	1037
			1206	1036
			1207	1036
			1208	1035
			1209	1035
			1210	1035
			1211	1034
			1212	1034
			1213	1033
			1214	1033
			1215	1032
			1216	1032
			1217	1031
			1218	1031
			1219	1030
			1220	1030
			1221	1030
			1222	1029
			1223	1029
			1224	1028
			1225	1028
			1226	1028
			1226	1027
			1227	1027
			1228	1027
			1228	1026
			1229	1026
			1230	1026
			1231	1025
			1232	1025
			1233	1024
			1234	1024
			1235	1024
			1236	1023
			1237	1023
			1238	1022
			1239	1022
			1240	1021
			1241	1021
			1242	1021
			1243	1020
			1244	1020
			1245	1019
			1246	1019
			1247	1019
			1248	1018
			1249	1018
			1250	1017
			1251	1017
			1252	1016
			1253	1016
			1254	1016
			1255	1015
			1256	1015
			1257	1014
			1258	1014
			1259	1014
			1260	1013
			1261	1013
			1262	1012
			1263	1012
			1264	1012
			1265	1011
			1266	1011
			1267	1011
			1268	1010
			1269	1010
			1270	1009
			1271	1009
			1272	1009
			1273	1008
			1274	1008
			1275	1008
			1276	1008
			1276	1007
			1277	1007
			1278	1007
			1279	1006
			1280	1006
			1281	1006
			1282	1005
			1283	1005
			1284	1005
			1285	1004
			1286	1004
			1287	1004
			1288	1003
			1289	1003
			1290	1003
			1291	1003
			1291	1002
			1292	1002
			1293	1002
			1294	1002
			1295	1002
			1295	1001
			1296	1001
			1297	1001
			1298	1001
			1299	1001
			1299	1000
			1300	1000
			1301	1000
			1302	1000
			1303	1000
			1304	999
			1305	999
			1306	999
			1307	999
			1308	999
			1309	999
			1310	999
			1311	999
			1312	999
			1313	999
			1314	999
			1315	999
			1316	999
			1317	998
			1318	998
			1319	997
			1320	997
			1321	997
			1322	996
			1323	996
			1324	996
			1325	995
			1326	995
			1327	994
			1328	994
			1329	994
			1330	993
			1331	993
			1332	993
			1333	992
			1334	992
			1335	991
			1336	991
			1337	991
			1338	990
			1339	990
			1340	990
			1341	989
			1342	989
			1343	989
			1344	988
			1345	988
			1346	988
			1347	987
			1348	987
			1349	986
			1350	986
			1351	986
			1352	985
			1353	985
			1354	985
			1355	984
			1356	984
			1357	984
			1358	983
			1359	983
			1360	983
			1361	982
			1362	982
			1363	981
			1364	981
			1365	981
			1366	981
			1367	980
			1368	980
			1369	980
			1370	979
			1371	979
			1372	978
			1373	978
			1374	978
			1375	977
			1376	977
			1377	977
			1378	977
			1379	976
			1380	976
			1381	976
			1382	975
			1383	975
			1384	974
			1385	974
			1386	974
			1387	974
			1387	973
			1388	973
			1389	973
			1390	973
			1391	972
			1392	972
			1393	972
			1394	971
			1395	971
			1396	971
			1397	970
			1398	970
			1399	970
			1400	969
			1401	969
			1402	969
			1403	969
			1403	968
			1404	968
			1405	968
			1406	967
			1407	967
			1408	967
			1409	967
			1410	966
			1411	966
			1412	966
			1413	965
			1414	965
			1415	965
			1416	965
			1416	964
			1417	964
			1418	964
			1419	964
			1420	963
			1421	963
			1422	963
			1423	963
			1424	962
			1425	962
			1426	961
			1427	961
			1428	961
			1429	961
			1430	961
			1431	960
			1432	960
			1433	960
			1434	959
			1435	959
			1436	959
			1437	958
			1438	958
			1439	958
			1440	958
			1441	957
			1442	957
			1443	957
			1444	957
			1445	956
			1446	956
			1447	956
			1448	956
			1449	955
			1450	955
			1451	955
			1452	955
			1453	955
			1454	954
			1455	954
			1456	954
			1457	954
			1457	953
			1458	953
			1459	953
			1460	953
			1461	953
			1462	952
			1463	952
			1464	952
			1465	952
			1466	952
			1466	951
			1467	951
			1468	951
			1469	951
			1470	951
			1471	950
			1472	950
			1473	950
			1474	950
			1475	950
			1476	949
			1477	949
			1478	949
			1479	949
			1480	949
			1481	948
			1482	948
			1483	948
			1484	948
			1485	948
			1486	948
			1487	948
			1488	947
			1489	947
			1490	947
			1491	947
			1492	947
			1493	947
			1494	946
			1495	946
			1496	946
			1497	946
			1498	946
			1499	946
			1500	946
			1501	946
			1502	945
			1503	945
			1504	945
			1505	945
			1506	945
			1507	945
			1508	945
			1509	945
			1510	945
			1511	945
			1512	945
			1513	945
			1514	945
			1515	944
			1516	944
			1517	944
			1518	944
			1519	944
			1520	944
			1521	944
			1522	944
			1523	944
			1524	944
			1525	944
			1526	944
			1527	944
			1528	945
			1529	945
			1530	945
			1531	945
			1532	945
			1533	945
			1534	945
			1535	945
			1536	945
			1537	945
			1538	945
			1538	946
			1539	946
			1540	946
			1541	946
			1542	946
			1543	947
			1544	947
			1545	947
			1546	947
			1547	948
			1548	948
			1549	949
			1550	949
			1551	949
			1552	950
			1553	950
			1554	951
			1555	951
			1555	952
			1556	952
			1557	953
			1558	953
			1558	954
			1559	954
			1560	955
			1561	956
			1562	957
			1562	958
			1563	959
			1564	960
			1565	960
			1566	961
			1567	961
			1568	962
			1569	963
			1570	963
			1571	964
			1572	964
			1573	965
			1574	965
			1575	966
			1576	966
			1577	967
			1578	967
			1579	968
			1580	969
			1581	969
			1582	970
			1583	970
			1584	971
			1585	972
			1586	972
			1587	973
			1588	973
			1589	974
			1590	974
			1590	975
			1591	975
			1592	975
			1593	976
			1594	977
			1595	977
			1596	978
			1597	978
			1598	979
			1599	979
			1600	980
			1601	981
			1602	981
			1603	982
			1604	982
			1605	983
			1606	983
			1607	984
			1608	984
			1609	985
			1610	986
			1611	986
			1612	987
			1613	987
			1614	988
			1615	988
			1616	989
			1617	990
			1618	990
			1619	990
			1619	991
			1620	991
			1621	991
			1621	992
			1622	992
			1623	993
			1624	993
			1625	994
			1626	994
			1627	995
			1628	995
			1628	996
			1629	996
			1630	996
			1631	997
			1632	997
			1633	998
			1634	999
			1635	999
			1636	999
			1637	1000
			1638	1001
			1639	1001
			1640	1002
			1641	1002
			1642	1003
			1643	1003
			1644	1004
			1645	1004
			1646	1005
			1647	1005
			1648	1005
			1648	1006
			1649	1006
			1650	1007
			1651	1007
			1652	1008
			1653	1008
			1654	1009
			1655	1009
			1656	1009
			1657	1009
			1657	1010
			1658	1010
			1659	1010
			1660	1011
			1661	1011
			1662	1011
			1663	1012
			1664	1012
			1665	1013
			1666	1013
			1667	1014
			1668	1014
			1669	1014
			1670	1015
			1671	1015
			1672	1016
			1673	1016
			1674	1017
			1675	1017
			1676	1017
			1677	1018
			1678	1018
			1679	1019
			1680	1019
			1681	1020
			1682	1020
			1683	1021
			1684	1021
			1685	1022
			1686	1022
			1687	1022
			1688	1023
			1689	1023
			1689	1024
			1690	1024
			1691	1024
			1692	1025
			1693	1025
			1694	1026
			1695	1026
			1696	1027
			1697	1027
			1698	1028
			1699	1028
			1700	1029
			1701	1029
			1702	1030
			1703	1030
			1704	1031
			1705	1031
			1706	1031
			1707	1032
			1708	1033
			1709	1033
			1710	1034
			1711	1034
			1712	1035
			1713	1035
			1714	1036
			1715	1036
			1716	1037
			1717	1037
			1718	1038
			1719	1038
			1720	1039
			1721	1039
			1722	1040
			1723	1040
			1724	1041
			1725	1041
			1726	1042
			1727	1042
			1728	1043
			1729	1043
			1730	1044
			1731	1044
			1732	1045
			1733	1045
			1734	1046
			1735	1046
			1736	1047
			1737	1047
			1738	1048
			1739	1048
			1740	1049
			1741	1049
			1742	1050
			1743	1051
			1744	1051
			1745	1052
			1746	1052
			1747	1053
			1748	1053
			1749	1054
			1750	1054
			1751	1055
			1752	1055
			1753	1056
			1754	1057
			1755	1057
			1756	1058
			1757	1058
			1758	1059
			1759	1059
			1760	1060
			1761	1060
			1762	1061
			1763	1061
			1764	1062
			1765	1063
			1766	1063
			1767	1064
			1768	1064
			1769	1065
			1770	1065
			1771	1066
			1772	1066
			1773	1067
			1774	1067
			1775	1068
			1776	1068
			1777	1069
			1778	1069
			1779	1070
			1780	1071
			1781	1071
			1782	1072
			1783	1072
			1784	1073
			1785	1073
			1786	1074
			1787	1074
			1788	1075
			1789	1076
			1790	1076
			1791	1077
			1792	1077
			1793	1078
			1794	1078
			1795	1079
			1796	1080
			1797	1080
			1798	1081
			1799	1081
			1800	1082
			1801	1083
			1802	1083
			1803	1083
			1803	1084
			1804	1084
			1805	1084
			1805	1085
			1806	1085
			1807	1085
			1807	1086
			1808	1086
			1809	1087
			1810	1087
			1811	1088
			1812	1089
			1813	1089
			1814	1090
			1815	1090
			1816	1091
			1817	1091
			1818	1092
			1819	1092
			1820	1093
			1821	1094
			1822	1095
			1823	1095
			1824	1096
			1825	1097
			1826	1098
			1827	1098
			1828	1099
			1829	1100
			1830	1101
			1831	1102
			1832	1102
			1833	1103
			1834	1104
			1835	1105
			1836	1105
			1837	1106
			1838	1107
			1839	1108
			1840	1108
			1841	1109
			1842	1110
			1843	1111
			1844	1111
			1845	1112
			1846	1113
			1847	1114
			1848	1115
			1849	1115
			1850	1115
			1850	1116
			1851	1116
			1852	1117
			1853	1118
			1854	1119
			1855	1120
			1856	1120
			1857	1121
			1858	1122
			1859	1123
			1860	1123
			1861	1124
			1862	1125
			1863	1125
			1863	1126
			1864	1127
			1865	1127
			1866	1128
			1867	1128
			1868	1129
			1869	1130
			1870	1131
			1871	1132
			1872	1133
			1873	1133
			1874	1134
			1875	1135
			1876	1136
			1877	1136
			1878	1137
			1879	1138
			1880	1139
			1881	1139
			1882	1140
			1883	1141
			1884	1142
			1885	1142
			1886	1143
			1887	1143
			1887	1144
			1888	1145
			1889	1145
			1889	1146
			1890	1146
			1891	1147
			1892	1147
			1892	1148
			1893	1148
			1894	1149
			1895	1149
			1895	1150
			1896	1151
			1897	1151
			1897	1152
			1898	1152
			1899	1153
			1900	1153
			1900	1154
			1901	1154
			1902	1155
			1902	1156
			1903	1156
			1904	1157
			1905	1157
			1905	1158
			1906	1158
			1907	1159
			1908	1160
			1909	1161
			1910	1161
			1911	1162
			1912	1162
			1912	1163
			1913	1164
			1914	1164
			1915	1165
			1916	1166
			1917	1166
			1918	1167
			1918	1168
			1919	1168
			1920	1169
			1921	1170
			1922	1170
			1923	1171
			1923	1172
			1924	1172
			1925	1173
			1926	1174
			1927	1174
			1928	1175
			1929	1175
			1929	1176
			1930	1177
			1931	1177
			1932	1178
			1933	1179
			1934	1179
			1934	1180
			1935	1181
			1936	1181
			1937	1182
			1938	1183
			1939	1183
			1939	1184
			1940	1184
			1941	1185
			1942	1186
			1943	1186
			1944	1187
			1944	1188
			1945	1188
			1946	1189
			1947	1190
			1948	1190
			1949	1191
			1950	1192
			1951	1193
			1952	1194
			1953	1194
			1954	1195
			1955	1196
			1956	1197
			1957	1197
			1958	1198
			1959	1199
			1960	1200
			1961	1200
			1962	1201
			1963	1202
			1964	1203
			1965	1203
			1966	1204
			1967	1205
			1968	1206
			1969	1206
			1970	1207
			1971	1208
			1972	1209
			1973	1209
			1974	1210
			1975	1211
			1976	1212
			1977	1212
			1978	1213
			1978	1214
			1979	1215
			1980	1215
			1981	1216
			1982	1217
			1983	1218
			1984	1218
			1985	1219
			1986	1220
			1987	1221
			1988	1221
			1989	1222
			1990	1223
			1991	1224
			1992	1224
			1993	1225
			1994	1226
			1995	1226
			1996	1227
			1997	1228
			1998	1229
			1999	1230
			2000	1231
			2001	1231
			2001	1232
			2002	1232
			2003	1233
			2004	1233
			2004	1234
			2005	1234
			2006	1235
			2007	1236
			2008	1237
			2009	1238
			2010	1238
			2011	1239
			2012	1240
			2013	1241
			2014	1242
			2015	1242
			2016	1243
			2017	1244
			2018	1245
			2019	1245
			2020	1246
			2021	1247
			2022	1248
			2023	1248
			2024	1249
			2025	1250
			2026	1251
			2027	1251
			2028	1252
			2028	1253
			2029	1253
			2030	1254
			2031	1255
			2032	1256
			2033	1256
			2034	1257
			2035	1258
			2036	1259
			2037	1259
			2038	1260
			2039	1261
			2040	1262
			2041	1262
			2042	1263
			2043	1264
			2044	1264
			2044	1265
			2045	1266
			2046	1267
			2047	1267
			2048	1268
		</c1>
		<c2 type=matrix rownames=FALSE colnames=FALSE nrow=1276 ncol=2 as.numeric=TRUE >
			2048	1268
			2047	1268
			2046	1269
			2045	1269
			2044	1269
			2043	1270
			2042	1270
			2041	1271
			2040	1271
			2039	1271
			2038	1271
			2037	1272
			2036	1272
			2035	1272
			2034	1272
			2033	1273
			2032	1273
			2031	1273
			2030	1273
			2029	1273
			2028	1273
			2027	1273
			2026	1273
			2025	1274
			2024	1274
			2023	1274
			2022	1274
			2021	1274
			2020	1273
			2019	1273
			2018	1273
			2017	1273
			2016	1273
			2015	1273
			2014	1272
			2013	1272
			2012	1272
			2011	1272
			2010	1271
			2009	1271
			2008	1271
			2007	1270
			2006	1270
			2005	1271
			2004	1271
			2003	1271
			2002	1272
			2001	1272
			2000	1272
			1999	1273
			1998	1273
			1997	1273
			1996	1273
			1995	1274
			1994	1274
			1993	1274
			1992	1274
			1991	1274
			1990	1275
			1989	1275
			1988	1275
			1987	1275
			1986	1275
			1985	1275
			1984	1275
			1983	1276
			1982	1276
			1981	1276
			1980	1276
			1979	1276
			1978	1276
			1977	1276
			1976	1276
			1975	1276
			1974	1276
			1973	1276
			1972	1276
			1971	1276
			1970	1275
			1969	1275
			1968	1275
			1967	1275
			1966	1275
			1965	1275
			1964	1275
			1963	1274
			1962	1274
			1961	1274
			1960	1274
			1959	1274
			1958	1273
			1957	1273
			1956	1273
			1955	1272
			1954	1272
			1953	1272
			1952	1272
			1951	1271
			1950	1271
			1949	1270
			1948	1270
			1947	1269
			1946	1269
			1945	1269
			1944	1270
			1943	1270
			1942	1270
			1941	1270
			1940	1270
			1939	1271
			1938	1271
			1937	1271
			1936	1271
			1935	1271
			1934	1271
			1933	1272
			1932	1272
			1931	1272
			1930	1272
			1929	1272
			1928	1272
			1927	1272
			1926	1272
			1926	1273
			1925	1273
			1924	1273
			1923	1273
			1922	1273
			1921	1273
			1920	1273
			1919	1273
			1918	1273
			1917	1273
			1916	1273
			1915	1273
			1914	1273
			1913	1274
			1912	1274
			1911	1274
			1910	1274
			1909	1274
			1908	1274
			1907	1274
			1906	1274
			1905	1274
			1904	1274
			1903	1274
			1902	1274
			1901	1274
			1900	1274
			1899	1274
			1898	1273
			1897	1273
			1896	1273
			1895	1273
			1894	1273
			1893	1273
			1892	1273
			1891	1273
			1890	1273
			1889	1273
			1888	1273
			1887	1273
			1886	1273
			1885	1273
			1885	1272
			1884	1272
			1883	1272
			1882	1272
			1881	1272
			1880	1272
			1879	1272
			1878	1272
			1877	1271
			1876	1271
			1875	1271
			1874	1271
			1873	1271
			1872	1271
			1871	1270
			1870	1270
			1869	1270
			1868	1270
			1867	1270
			1866	1269
			1865	1269
			1864	1269
			1863	1269
			1862	1268
			1861	1268
			1860	1268
			1859	1267
			1858	1267
			1857	1267
			1856	1267
			1855	1267
			1854	1266
			1853	1266
			1852	1266
			1851	1265
			1850	1265
			1849	1265
			1849	1266
			1848	1266
			1847	1267
			1846	1267
			1845	1267
			1844	1268
			1843	1268
			1842	1269
			1841	1269
			1840	1269
			1839	1270
			1838	1270
			1837	1270
			1836	1271
			1835	1271
			1834	1271
			1833	1272
			1832	1272
			1831	1272
			1831	1273
			1830	1273
			1829	1273
			1828	1274
			1827	1274
			1826	1274
			1825	1274
			1824	1275
			1823	1275
			1822	1275
			1821	1275
			1820	1276
			1819	1276
			1818	1276
			1817	1277
			1816	1277
			1815	1277
			1814	1277
			1813	1277
			1812	1277
			1811	1278
			1810	1278
			1809	1278
			1808	1278
			1807	1278
			1806	1278
			1805	1279
			1804	1279
			1803	1279
			1802	1279
			1801	1279
			1800	1279
			1799	1279
			1798	1279
			1797	1279
			1796	1279
			1795	1279
			1794	1279
			1793	1279
			1792	1279
			1791	1279
			1790	1279
			1789	1279
			1788	1279
			1787	1279
			1786	1279
			1785	1279
			1784	1279
			1783	1279
			1782	1279
			1781	1279
			1780	1279
			1779	1279
			1778	1278
			1777	1278
			1776	1278
			1775	1278
			1774	1278
			1773	1278
			1772	1277
			1771	1277
			1770	1277
			1769	1277
			1768	1276
			1767	1276
			1766	1276
			1765	1275
			1764	1275
			1763	1275
			1762	1274
			1761	1274
			1760	1274
			1759	1273
			1758	1273
			1757	1273
			1756	1272
			1755	1272
			1754	1272
			1753	1271
			1752	1270
			1751	1270
			1750	1270
			1749	1271
			1748	1271
			1747	1272
			1746	1272
			1745	1272
			1744	1272
			1743	1273
			1742	1273
			1741	1273
			1740	1274
			1739	1274
			1738	1274
			1737	1275
			1736	1275
			1735	1275
			1734	1275
			1733	1276
			1732	1276
			1731	1276
			1730	1276
			1729	1277
			1728	1277
			1727	1277
			1726	1277
			1725	1277
			1724	1278
			1723	1278
			1722	1278
			1721	1278
			1720	1278
			1719	1279
			1718	1279
			1717	1279
			1716	1279
			1715	1279
			1714	1279
			1713	1280
			1712	1280
			1711	1280
			1710	1280
			1709	1280
			1708	1280
			1707	1280
			1706	1280
			1705	1280
			1704	1280
			1703	1281
			1702	1281
			1701	1281
			1700	1281
			1699	1281
			1698	1281
			1697	1281
			1696	1281
			1695	1281
			1694	1281
			1693	1281
			1692	1281
			1691	1281
			1690	1281
			1689	1281
			1688	1281
			1687	1281
			1686	1281
			1685	1281
			1684	1281
			1683	1281
			1682	1281
			1681	1281
			1680	1281
			1679	1281
			1678	1281
			1677	1281
			1676	1281
			1675	1281
			1674	1280
			1673	1280
			1672	1280
			1671	1280
			1670	1280
			1669	1280
			1668	1280
			1667	1280
			1666	1280
			1665	1280
			1664	1279
			1663	1279
			1662	1279
			1661	1279
			1660	1279
			1659	1279
			1658	1279
			1657	1278
			1656	1278
			1655	1278
			1654	1278
			1653	1278
			1652	1278
			1651	1277
			1650	1277
			1649	1277
			1648	1277
			1647	1277
			1646	1276
			1645	1276
			1644	1276
			1643	1276
			1642	1276
			1641	1275
			1640	1275
			1639	1275
			1638	1275
			1637	1274
			1636	1274
			1635	1274
			1634	1274
			1633	1273
			1632	1273
			1631	1273
			1630	1272
			1629	1272
			1628	1272
			1627	1272
			1626	1272
			1625	1273
			1624	1273
			1623	1273
			1622	1273
			1621	1273
			1620	1273
			1619	1273
			1618	1274
			1617	1274
			1616	1274
			1615	1274
			1614	1274
			1613	1275
			1612	1275
			1611	1275
			1610	1275
			1609	1275
			1608	1275
			1607	1275
			1606	1276
			1605	1276
			1604	1276
			1603	1276
			1602	1276
			1601	1276
			1600	1276
			1600	1277
			1599	1277
			1598	1277
			1597	1277
			1596	1277
			1595	1277
			1594	1277
			1593	1277
			1593	1278
			1592	1278
			1591	1278
			1590	1278
			1589	1278
			1588	1278
			1587	1278
			1586	1278
			1585	1279
			1584	1279
			1583	1279
			1582	1279
			1581	1279
			1580	1279
			1579	1279
			1578	1279
			1577	1280
			1576	1280
			1575	1280
			1574	1280
			1573	1280
			1572	1280
			1571	1280
			1570	1280
			1569	1280
			1568	1281
			1567	1281
			1566	1281
			1565	1281
			1564	1281
			1563	1281
			1562	1281
			1561	1281
			1560	1281
			1559	1282
			1558	1282
			1557	1282
			1556	1282
			1555	1282
			1554	1282
			1553	1282
			1552	1282
			1551	1282
			1550	1282
			1549	1282
			1548	1283
			1547	1283
			1546	1283
			1545	1283
			1544	1283
			1543	1283
			1542	1283
			1541	1283
			1540	1283
			1539	1283
			1538	1283
			1537	1283
			1536	1283
			1535	1283
			1534	1283
			1533	1284
			1532	1284
			1531	1284
			1530	1284
			1529	1284
			1528	1284
			1527	1284
			1526	1284
			1525	1284
			1524	1284
			1523	1284
			1522	1284
			1521	1284
			1520	1284
			1519	1284
			1518	1284
			1517	1284
			1516	1284
			1515	1284
			1514	1284
			1513	1284
			1512	1284
			1511	1284
			1510	1284
			1509	1285
			1508	1285
			1507	1285
			1506	1285
			1505	1285
			1504	1285
			1503	1285
			1502	1285
			1501	1285
			1500	1285
			1499	1285
			1498	1285
			1497	1285
			1496	1285
			1495	1285
			1494	1285
			1493	1285
			1492	1285
			1491	1285
			1490	1285
			1490	1284
			1489	1284
			1488	1284
			1487	1284
			1486	1284
			1485	1284
			1484	1284
			1483	1284
			1482	1284
			1481	1284
			1480	1284
			1479	1284
			1478	1284
			1477	1284
			1476	1284
			1475	1284
			1474	1284
			1473	1284
			1472	1284
			1471	1284
			1470	1284
			1469	1284
			1468	1283
			1467	1283
			1466	1283
			1465	1283
			1464	1283
			1463	1283
			1462	1283
			1461	1283
			1460	1283
			1459	1283
			1458	1283
			1457	1282
			1456	1282
			1455	1282
			1454	1282
			1453	1282
			1452	1282
			1451	1282
			1450	1282
			1449	1281
			1448	1281
			1447	1281
			1446	1281
			1445	1281
			1444	1281
			1443	1281
			1442	1280
			1441	1280
			1440	1280
			1439	1280
			1438	1280
			1437	1280
			1436	1279
			1435	1279
			1434	1279
			1433	1279
			1432	1279
			1431	1278
			1430	1278
			1429	1278
			1428	1278
			1427	1278
			1426	1277
			1425	1277
			1424	1277
			1423	1277
			1422	1276
			1421	1276
			1420	1276
			1419	1276
			1418	1276
			1418	1277
			1417	1277
			1416	1277
			1415	1277
			1414	1277
			1413	1278
			1412	1278
			1411	1278
			1410	1278
			1409	1278
			1409	1279
			1408	1279
			1407	1279
			1406	1279
			1405	1279
			1404	1279
			1403	1280
			1402	1280
			1401	1280
			1400	1280
			1399	1280
			1398	1281
			1397	1281
			1396	1281
			1395	1281
			1394	1281
			1393	1282
			1392	1282
			1391	1282
			1390	1282
			1389	1282
			1388	1282
			1387	1282
			1386	1283
			1385	1283
			1384	1283
			1383	1283
			1382	1283
			1381	1283
			1380	1283
			1379	1284
			1378	1284
			1377	1284
			1376	1284
			1375	1284
			1374	1284
			1373	1284
			1372	1284
			1371	1284
			1370	1285
			1369	1285
			1368	1285
			1367	1285
			1366	1285
			1365	1285
			1364	1285
			1363	1285
			1362	1285
			1361	1285
			1360	1285
			1359	1285
			1358	1285
			1357	1285
			1356	1286
			1355	1286
			1354	1286
			1353	1286
			1352	1286
			1351	1286
			1350	1286
			1349	1286
			1348	1286
			1347	1286
			1346	1286
			1345	1286
			1344	1286
			1343	1286
			1342	1286
			1341	1286
			1340	1286
			1339	1286
			1338	1286
			1337	1286
			1336	1286
			1335	1286
			1334	1285
			1333	1285
			1332	1285
			1331	1285
			1330	1285
			1329	1285
			1328	1285
			1327	1285
			1326	1285
			1325	1285
			1324	1285
			1323	1285
			1322	1284
			1321	1284
			1320	1284
			1319	1284
			1318	1284
			1317	1284
			1316	1283
			1315	1283
			1314	1283
			1313	1283
			1312	1283
			1311	1283
			1310	1284
			1309	1284
			1308	1284
			1307	1284
			1306	1284
			1305	1284
			1304	1284
			1303	1285
			1302	1285
			1301	1285
			1300	1285
			1299	1285
			1298	1285
			1297	1285
			1296	1286
			1295	1286
			1294	1286
			1293	1286
			1292	1286
			1291	1286
			1290	1286
			1289	1286
			1288	1286
			1287	1286
			1286	1286
			1285	1287
			1284	1287
			1283	1287
			1282	1287
			1281	1287
			1280	1287
			1279	1287
			1278	1287
			1277	1287
			1276	1287
			1275	1287
			1274	1287
			1273	1287
			1272	1287
			1271	1287
			1270	1287
			1269	1287
			1268	1287
			1267	1287
			1266	1287
			1265	1287
			1264	1287
			1263	1287
			1262	1287
			1261	1287
			1260	1287
			1259	1287
			1258	1287
			1257	1287
			1256	1287
			1255	1287
			1254	1287
			1253	1287
			1252	1287
			1251	1286
			1250	1286
			1249	1286
			1248	1286
			1247	1286
			1246	1286
			1245	1286
			1244	1286
			1243	1286
			1242	1285
			1241	1285
			1240	1285
			1239	1285
			1238	1285
			1237	1285
			1236	1285
			1235	1284
			1234	1284
			1233	1284
			1232	1284
			1231	1284
			1230	1283
			1229	1283
			1228	1283
			1227	1283
			1226	1283
			1225	1282
			1224	1282
			1223	1282
			1222	1282
			1221	1281
			1220	1281
			1219	1281
			1218	1281
			1218	1280
			1217	1280
			1216	1280
			1215	1279
			1214	1279
			1213	1279
			1212	1279
			1211	1278
			1210	1278
			1209	1277
			1208	1277
			1207	1277
			1206	1276
			1205	1276
			1204	1276
			1203	1276
			1202	1277
			1201	1277
			1200	1277
			1199	1277
			1198	1277
			1198	1278
			1197	1278
			1196	1278
			1195	1278
			1194	1278
			1193	1279
			1192	1279
			1191	1279
			1190	1279
			1189	1280
			1188	1280
			1187	1280
			1186	1280
			1185	1280
			1184	1280
			1183	1281
			1182	1281
			1181	1281
			1180	1281
			1179	1281
			1178	1282
			1177	1282
			1176	1282
			1175	1282
			1174	1282
			1173	1282
			1173	1283
			1172	1283
			1171	1283
			1170	1283
			1169	1283
			1168	1283
			1167	1283
			1167	1284
			1166	1284
			1165	1284
			1164	1284
			1163	1284
			1162	1284
			1161	1284
			1160	1285
			1159	1285
			1158	1285
			1157	1285
			1156	1285
			1155	1285
			1154	1285
			1153	1286
			1152	1286
			1151	1286
			1150	1286
			1149	1286
			1148	1286
			1147	1286
			1146	1286
			1145	1287
			1144	1287
			1143	1287
			1142	1287
			1141	1287
			1140	1287
			1139	1287
			1138	1287
			1137	1287
			1136	1288
			1135	1288
			1134	1288
			1133	1288
			1132	1288
			1131	1288
			1130	1288
			1129	1288
			1128	1288
			1127	1288
			1126	1288
			1125	1288
			1124	1288
			1124	1289
			1123	1289
			1122	1289
			1121	1289
			1120	1289
			1119	1289
			1118	1289
			1117	1289
			1116	1289
			1115	1289
			1114	1289
			1113	1289
			1112	1289
			1111	1289
			1110	1289
			1109	1289
			1108	1289
			1107	1289
			1106	1289
			1105	1289
			1104	1289
			1103	1289
			1102	1289
			1101	1289
			1100	1289
			1099	1289
			1098	1289
			1097	1289
			1096	1289
			1095	1289
			1094	1289
			1093	1289
			1092	1289
			1091	1288
			1090	1288
			1089	1288
			1088	1288
			1087	1288
			1086	1288
			1085	1288
			1084	1288
			1083	1288
			1082	1288
			1081	1287
			1080	1287
			1079	1287
			1078	1287
			1077	1287
			1076	1287
			1075	1287
			1074	1286
			1073	1286
			1072	1286
			1071	1286
			1070	1286
			1069	1285
			1068	1285
			1067	1285
			1066	1285
			1065	1284
			1064	1284
			1063	1284
			1062	1284
			1061	1283
			1060	1283
			1059	1283
			1058	1282
			1057	1282
			1056	1282
			1055	1281
			1054	1281
			1053	1280
			1052	1280
			1051	1280
			1050	1279
			1049	1279
			1048	1278
			1047	1278
			1046	1278
			1045	1277
			1044	1277
			1043	1276
			1042	1276
			1041	1276
			1040	1276
			1039	1277
			1038	1277
			1037	1277
			1036	1277
			1035	1277
			1034	1277
			1033	1278
			1032	1278
			1031	1278
			1030	1278
			1029	1278
			1028	1278
			1027	1278
			1026	1279
			1025	1279
			1024	1279
			1023	1279
			1022	1279
			1021	1279
			1020	1279
			1019	1280
			1018	1280
			1017	1280
			1016	1280
			1015	1280
			1014	1280
			1013	1280
			1012	1280
			1011	1281
			1010	1281
			1009	1281
			1008	1281
			1007	1281
			1006	1281
			1005	1281
			1004	1281
			1003	1281
			1002	1282
			1001	1282
			1000	1282
			999	1282
			998	1282
			997	1282
			996	1282
			995	1282
			994	1282
			993	1282
			992	1283
			991	1283
			990	1283
			989	1283
			988	1283
			987	1283
			986	1283
			985	1283
			984	1283
			983	1283
			982	1283
			981	1283
			980	1283
			979	1283
			978	1284
			977	1284
			976	1284
			975	1284
			974	1284
			973	1284
			972	1284
			971	1284
			970	1284
			969	1284
			968	1284
			967	1284
			966	1284
			965	1284
			964	1284
			963	1284
			962	1284
			961	1284
			960	1284
			959	1284
			958	1284
			957	1284
			956	1284
			955	1284
			954	1284
			953	1284
			952	1284
			951	1284
			950	1284
			949	1284
			948	1284
			947	1283
			946	1283
			945	1283
			944	1283
			943	1283
			942	1283
			941	1283
			940	1283
			939	1283
			938	1283
			937	1282
			936	1282
			935	1282
			934	1282
			933	1282
			932	1281
			931	1281
			930	1281
			929	1281
			928	1280
			927	1280
			926	1280
			925	1279
			924	1279
			923	1279
			922	1278
			921	1277
			920	1277
			919	1277
			918	1276
			917	1275
			916	1274
			915	1273
			914	1272
			913	1271
			913	1270
			912	1269
			912	1268
			911	1268
			911	1267
			911	1266
			910	1267
			909	1267
			908	1267
			907	1268
			906	1268
			905	1269
			904	1269
			903	1270
			902	1270
			901	1270
			900	1271
			899	1271
			898	1271
			897	1272
			896	1272
			895	1272
			894	1273
			893	1273
			892	1273
			891	1274
			890	1274
			889	1275
			888	1275
			887	1275
			886	1275
			885	1276
			884	1276
			883	1276
			882	1276
			881	1277
			880	1277
			879	1277
			878	1277
			877	1277
			876	1278
			875	1278
			874	1278
			873	1278
			872	1278
			871	1278
			870	1279
			869	1279
			868	1279
			867	1279
			866	1279
			865	1279
			864	1279
			863	1279
			862	1279
			861	1279
			860	1279
			859	1279
			858	1279
			857	1279
			856	1279
			855	1279
			854	1279
			853	1279
			852	1279
			851	1279
			850	1279
			849	1279
			848	1279
			847	1279
			846	1278
			845	1278
			844	1278
			843	1278
			842	1278
			841	1278
			840	1277
			839	1277
			838	1277
			837	1277
			836	1276
			835	1276
			834	1277
			833	1277
			832	1278
			831	1278
			830	1279
			829	1280
			828	1280
			827	1281
			826	1281
			825	1281
			824	1282
			823	1282
			822	1282
			821	1283
			820	1283
			819	1283
			818	1283
			817	1283
			816	1283
			815	1283
			814	1283
			813	1282
			812	1282
			811	1281
			810	1280
			809	1280
			808	1279
			808	1278
			807	1277
			807	1276
			806	1275
			806	1274
			806	1273
			805	1272
			805	1271
			805	1270
			805	1269
			805	1268
			804	1268
			804	1267
			804	1266
			804	1265
			804	1264
			804	1263
		</c2>
	</curves.pixel>
	<curves.scaled type=list>
		<c1 type=matrix rownames=FALSE colnames=FALSE nrow=1319 ncol=2 as.numeric=TRUE >
			32.1597427230873	-50.5195958448499
			32.1997424030912	-50.479596164846
			32.239742083095	-50.4395964848422
			32.2797417630988	-50.3995968048383
			32.3197414431027	-50.3595971248345
			32.3597411231065	-50.3595971248345
			32.3997408031104	-50.3195974448307
			32.4397404831142	-50.2795977648268
			32.479740163118	-50.239598084823
			32.5197398431219	-50.1995984048191
			32.5597395231257	-50.1995984048191
			32.5997392031296	-50.1595987248153
			32.6397388831334	-50.1595987248153
			32.6397388831334	-50.1195990448115
			32.6797385631372	-50.0795993648076
			32.7197382431411	-50.0795993648076
			32.7597379231449	-50.0395996848038
			32.7997376031488	-49.9996000047999
			32.8397372831526	-49.9596003247961
			32.8797369631564	-49.9596003247961
			32.9197366431603	-49.9196006447923
			32.9597363231641	-49.8796009647884
			32.999736003168	-49.8796009647884
			33.0397356831718	-49.8396012847846
			33.0797353631756	-49.7996016047807
			33.1197350431795	-49.7996016047807
			33.1597347231833	-49.7596019247769
			33.1997344031872	-49.7196022447731
			33.239734083191	-49.6796025647692
			33.2797337631948	-49.6796025647692
			33.3197334431987	-49.6396028847654
			33.3597331232025	-49.5996032047615
			33.3997328032064	-49.5996032047615
			33.4397324832102	-49.5596035247577
			33.479732163214	-49.5196038447539
			33.5197318432179	-49.5196038447539
			33.5597315232217	-49.47960416475
			33.5997312032256	-49.4396044847462
			33.6397308832294	-49.4396044847462
			33.6797305632332	-49.3996048047423
			33.7197302432371	-49.3996048047423
			33.7597299232409	-49.3596051247385
			33.7997296032448	-49.3196054447347
			33.8397292832486	-49.2796057647308
			33.8797289632524	-49.2796057647308
			33.9197286432563	-49.239606084727
			33.9597283232601	-49.1996064047231
			33.999728003264	-49.1996064047231
			34.0397276832678	-49.1596067247193
			34.0797273632716	-49.1196070447155
			34.1197270432755	-49.1196070447155
			34.1597267232793	-49.0796073647116
			34.1997264032832	-49.0796073647116
			34.239726083287	-49.0396076847078
			34.2797257632908	-49.0396076847078
			34.2797257632908	-48.9996080047039
			34.3197254432947	-48.9996080047039
			34.3597251232985	-48.9596083247001
			34.3997248033024	-48.9196086446963
			34.4397244833062	-48.9196086446963
			34.47972416331	-48.8796089646924
			34.5197238433139	-48.8796089646924
			34.5197238433139	-48.8396092846886
			34.5597235233177	-48.8396092846886
			34.5997232033216	-48.7996096046847
			34.6397228833254	-48.7996096046847
			34.6797225633292	-48.7596099246809
			34.7197222433331	-48.7196102446771
			34.7597219233369	-48.7196102446771
			34.7997216033408	-48.6796105646732
			34.8397212833446	-48.6796105646732
			34.8797209633484	-48.6396108846694
			34.9197206433523	-48.6396108846694
			34.9597203233561	-48.5996112046655
			34.9597203233561	-48.5596115246617
			34.99972000336	-48.5596115246617
			35.0397196833638	-48.5196118446579
			35.0797193633676	-48.5196118446579
			35.1197190433715	-48.479612164654
			35.1597187233753	-48.4396124846502
			35.1997184033792	-48.4396124846502
			35.239718083383	-48.3996128046463
			35.2797177633868	-48.3996128046463
			35.3197174433907	-48.3596131246425
			35.3597171233945	-48.3196134446387
			35.3997168033984	-48.3196134446387
			35.4397164834022	-48.2796137646348
			35.479716163406	-48.239614084631
			35.5197158434099	-48.239614084631
			35.5597155234137	-48.1996144046271
			35.5997152034176	-48.1996144046271
			35.6397148834214	-48.1596147246233
			35.6797145634252	-48.1196150446195
			35.7197142434291	-48.1196150446195
			35.7597139234329	-48.0796153646156
			35.7997136034368	-48.0796153646156
			35.8397132834406	-48.0396156846118
			35.8797129634444	-47.9996160046079
			35.9197126434483	-47.9996160046079
			35.9597123234521	-47.9596163246041
			35.999712003456	-47.9596163246041
			36.0397116834598	-47.9196166446003
			36.0797113634636	-47.8796169645964
			36.1197110434675	-47.8796169645964
			36.1597107234713	-47.8396172845926
			36.1997104034752	-47.8396172845926
			36.239710083479	-47.7996176045887
			36.2797097634828	-47.7996176045887
			36.3197094434867	-47.7596179245849
			36.3597091234905	-47.7196182445811
			36.3997088034944	-47.7196182445811
			36.4397084834982	-47.6796185645772
			36.479708163502	-47.6796185645772
			36.5197078435059	-47.6396188845734
			36.5597075235097	-47.6396188845734
			36.5997072035136	-47.5996192045695
			36.6397068835174	-47.5596195245657
			36.6797065635212	-47.5596195245657
			36.7197062435251	-47.5196198445619
			36.7597059235289	-47.5196198445619
			36.7997056035328	-47.479620164558
			36.8397052835366	-47.4396204845542
			36.8797049635404	-47.4396204845542
			36.9197046435443	-47.3996208045503
			36.9597043235481	-47.3596211245465
			36.999704003552	-47.3596211245465
			37.0397036835558	-47.3196214445427
			37.0797033635596	-47.3196214445427
			37.1197030435635	-47.2796217645388
			37.1597027235673	-47.239622084535
			37.1997024035712	-47.239622084535
			37.239702083575	-47.1996224045311
			37.2797017635788	-47.1996224045311
			37.3197014435827	-47.1596227245273
			37.3597011235865	-47.1596227245273
			37.3997008035904	-47.1196230445235
			37.4397004835942	-47.0796233645196
			37.479700163598	-47.0796233645196
			37.5196998436019	-47.0796233645196
			37.5196998436019	-47.0396236845158
			37.5596995236057	-47.0396236845158
			37.5996992036096	-46.9996240045119
			37.6396988836134	-46.9996240045119
			37.6796985636172	-46.9596243245081
			37.7196982436211	-46.9196246445043
			37.7596979236249	-46.9196246445043
			37.7996976036288	-46.8796249645004
			37.8396972836326	-46.8796249645004
			37.8796969636364	-46.8396252844966
			37.9196966436403	-46.7996256044927
			37.9596963236441	-46.7996256044927
			37.999696003648	-46.7596259244889
			38.0396956836518	-46.7596259244889
			38.0796953636556	-46.7196262444851
			38.1196950436595	-46.7196262444851
			38.1596947236633	-46.6796265644812
			38.1996944036672	-46.6396268844774
			38.239694083671	-46.6396268844774
			38.2796937636748	-46.5996272044735
			38.3196934436787	-46.5996272044735
			38.3596931236825	-46.5596275244697
			38.3996928036864	-46.5596275244697
			38.4396924836902	-46.5196278444659
			38.479692163694	-46.479628164462
			38.5196918436979	-46.479628164462
			38.5596915237017	-46.4396284844582
			38.5996912037056	-46.4396284844582
			38.6396908837094	-46.3996288044543
			38.6796905637132	-46.3596291244505
			38.7196902437171	-46.3596291244505
			38.7596899237209	-46.3196294444467
			38.7996896037248	-46.3196294444467
			38.7996896037248	-46.2796297644428
			38.8396892837286	-46.239630084439
			38.8796889637324	-46.1996304044351
			38.9196886437363	-46.1596307244313
			38.9596883237401	-46.1196310444275
			38.999688003744	-46.1196310444275
			39.0396876837478	-46.0796313644236
			39.0796873637516	-46.0396316844198
			39.1196870437555	-45.9996320044159
			39.1596867237593	-45.9596323244121
			39.1996864037632	-45.9196326444083
			39.239686083767	-45.9196326444083
			39.2796857637708	-45.8796329644044
			39.3196854437747	-45.8396332844006
			39.3596851237785	-45.7996336043967
			39.3996848037823	-45.7596339243929
			39.4396844837862	-45.7596339243929
			39.47968416379	-45.7196342443891
			39.5196838437939	-45.6796345643852
			39.5596835237977	-45.6396348843814
			39.5996832038016	-45.6396348843814
			39.6396828838054	-45.5996352043775
			39.6796825638092	-45.5596355243737
			39.7196822438131	-45.5196358443699
			39.7596819238169	-45.479636164366
			39.7996816038208	-45.479636164366
			39.8396812838246	-45.4396364843622
			39.8796809638284	-45.3996368043583
			39.9196806438323	-45.3996368043583
			39.9596803238361	-45.3596371243545
			39.9996800038399	-45.3196374443507
			40.0396796838438	-45.2796377643468
			40.0796793638476	-45.2796377643468
			40.1196790438515	-45.239638084343
			40.1596787238553	-45.1996384043391
			40.1996784038592	-45.1996384043391
			40.239678083863	-45.1596387243353
			40.2796777638668	-45.1196390443315
			40.3196774438707	-45.1196390443315
			40.3596771238745	-45.0796393643276
			40.3996768038784	-45.0396396843238
			40.4396764838822	-45.0396396843238
			40.479676163886	-44.9996400043199
			40.5196758438899	-44.9596403243161
			40.5596755238937	-44.9596403243161
			40.5996752038976	-44.9196406443123
			40.6396748839014	-44.8796409643084
			40.6796745639052	-44.8796409643084
			40.7196742439091	-44.8396412843046
			40.7596739239129	-44.7996416043007
			40.7996736039168	-44.7996416043007
			40.8396732839206	-44.7596419242969
			40.8796729639244	-44.7596419242969
			40.9196726439283	-44.7196422442931
			40.9596723239321	-44.6796425642892
			40.9996720039359	-44.6796425642892
			41.0396716839398	-44.6796425642892
			41.0396716839398	-44.6396428842854
			41.0796713639436	-44.6396428842854
			41.1196710439475	-44.6396428842854
			41.1196710439475	-44.5996432042815
			41.1596707239513	-44.5996432042815
			41.1596707239513	-44.5596435242777
			41.1996704039552	-44.5596435242777
			41.239670083959	-44.5596435242777
			41.239670083959	-44.5196438442739
			41.2796697639628	-44.5196438442739
			41.3196694439667	-44.5196438442739
			41.3196694439667	-44.47964416427
			41.3596691239705	-44.47964416427
			41.3996688039744	-44.47964416427
			41.3996688039744	-44.4396444842662
			41.4396684839782	-44.4396444842662
			41.479668163982	-44.3996448042623
			41.5196678439859	-44.3996448042623
			41.5596675239897	-44.3596451242585
			41.5996672039935	-44.3596451242585
			41.6396668839974	-44.3596451242585
			41.6396668839974	-44.3196454442547
			41.6796665640012	-44.3196454442547
			41.7196662440051	-44.2796457642508
			41.7596659240089	-44.2796457642508
			41.7996656040128	-44.2796457642508
			41.7996656040128	-44.239646084247
			41.8396652840166	-44.239646084247
			41.8796649640204	-44.239646084247
			41.9196646440243	-44.1996464042431
			41.9596643240281	-44.1996464042431
			41.9996640040319	-44.1596467242393
			42.0396636840358	-44.1596467242393
			42.0796633640396	-44.1196470442355
			42.1196630440435	-44.1196470442355
			42.1596627240473	-44.1196470442355
			42.1996624040511	-44.0796473642316
			42.239662084055	-44.0796473642316
			42.2796617640588	-44.0396476842278
			42.3196614440627	-44.0396476842278
			42.3596611240665	-44.0396476842278
			42.3996608040704	-43.9996480042239
			42.4396604840742	-43.9596483242201
			42.479660164078	-43.9596483242201
			42.5196598440819	-43.9596483242201
			42.5596595240857	-43.9196486442163
			42.5996592040895	-43.9196486442163
			42.6396588840934	-43.9196486442163
			42.6796585640972	-43.8796489642124
			42.7196582441011	-43.8796489642124
			42.7596579241049	-43.8396492842086
			42.7996576041087	-43.8396492842086
			42.8396572841126	-43.8396492842086
			42.8796569641164	-43.7996496042047
			42.9196566441203	-43.7996496042047
			42.9596563241241	-43.7996496042047
			42.9996560041279	-43.7596499242009
			43.0396556841318	-43.7596499242009
			43.0796553641356	-43.7596499242009
			43.1196550441395	-43.7196502441971
			43.1596547241433	-43.7196502441971
			43.1996544041471	-43.7196502441971
			43.239654084151	-43.6796505641932
			43.2796537641548	-43.6796505641932
			43.3196534441587	-43.6796505641932
			43.3596531241625	-43.6396508841894
			43.3996528041664	-43.6396508841894
			43.4396524841702	-43.6396508841894
			43.479652164174	-43.6396508841894
			43.5196518441779	-43.5996512041855
			43.5596515241817	-43.5996512041855
			43.5996512041855	-43.5996512041855
			43.6396508841894	-43.5996512041855
			43.6396508841894	-43.5596515241817
			43.6796505641932	-43.5596515241817
			43.7196502441971	-43.5596515241817
			43.7596499242009	-43.5596515241817
			43.7996496042047	-43.5196518441779
			43.8396492842086	-43.5196518441779
			43.8796489642124	-43.5196518441779
			43.9196486442163	-43.5196518441779
			43.9596483242201	-43.479652164174
			43.9996480042239	-43.479652164174
			44.0396476842278	-43.479652164174
			44.0796473642316	-43.4396524841702
			44.1196470442355	-43.4396524841702
			44.1596467242393	-43.4396524841702
			44.1996464042431	-43.3996528041664
			44.239646084247	-43.3996528041664
			44.239646084247	-43.3596531241625
			44.2796457642508	-43.3596531241625
			44.3196454442547	-43.3196534441587
			44.3596451242585	-43.3196534441587
			44.3996448042623	-43.3196534441587
			44.3996448042623	-43.2796537641548
			44.4396444842662	-43.2796537641548
			44.47964416427	-43.239654084151
			44.5196438442739	-43.239654084151
			44.5596435242777	-43.239654084151
			44.5596435242777	-43.1996544041471
			44.5996432042815	-43.1996544041471
			44.6396428842854	-43.1996544041471
			44.6796425642892	-43.1596547241433
			44.7196422442931	-43.1596547241433
			44.7196422442931	-43.1196550441395
			44.7596419242969	-43.1196550441395
			44.7996416043007	-43.1196550441395
			44.8396412843046	-43.0796553641356
			44.8796409643084	-43.0396556841318
			44.9196406443123	-43.0396556841318
			44.9596403243161	-42.9996560041279
			44.9996400043199	-42.9996560041279
			45.0396396843238	-42.9996560041279
			45.0796393643276	-42.9596563241241
			45.1196390443315	-42.9596563241241
			45.1596387243353	-42.9196566441203
			45.1996384043391	-42.9196566441203
			45.239638084343	-42.8796569641164
			45.2796377643468	-42.8396572841126
			45.3196374443507	-42.8396572841126
			45.3596371243545	-42.7996576041087
			45.3996368043583	-42.7996576041087
			45.4396364843622	-42.7996576041087
			45.4396364843622	-42.7596579241049
			45.479636164366	-42.7596579241049
			45.5196358443699	-42.7596579241049
			45.5196358443699	-42.7196582441011
			45.5596355243737	-42.7196582441011
			45.5996352043775	-42.7196582441011
			45.5996352043775	-42.6796585640972
			45.6396348843814	-42.6796585640972
			45.6796345643852	-42.6796585640972
			45.7196342443891	-42.6396588840934
			45.7596339243929	-42.6396588840934
			45.7996336043967	-42.5996592040895
			45.8396332844006	-42.5996592040895
			45.8796329644044	-42.5596595240857
			45.9196326444083	-42.5596595240857
			45.9596323244121	-42.5196598440819
			45.9996320044159	-42.5196598440819
			46.0396316844198	-42.479660164078
			46.0796313644236	-42.479660164078
			46.1196310444275	-42.4396604840742
			46.1596307244313	-42.4396604840742
			46.1996304044351	-42.3996608040704
			46.239630084439	-42.3996608040704
			46.2796297644428	-42.3596611240665
			46.3196294444467	-42.3596611240665
			46.3596291244505	-42.3596611240665
			46.3596291244505	-42.3196614440627
			46.3996288044543	-42.3196614440627
			46.4396284844582	-42.3196614440627
			46.4396284844582	-42.2796617640588
			46.479628164462	-42.2796617640588
			46.5196278444659	-42.239662084055
			46.5596275244697	-42.239662084055
			46.5996272044735	-42.1996624040511
			46.6396268844774	-42.1996624040511
			46.6796265644812	-42.1996624040511
			46.6796265644812	-42.1596627240473
			46.7196262444851	-42.1596627240473
			46.7596259244889	-42.1596627240473
			46.7596259244889	-42.1196630440435
			46.7996256044927	-42.1196630440435
			46.8396252844966	-42.1196630440435
			46.8796249645004	-42.0796633640396
			46.9196246445043	-42.0796633640396
			46.9596243245081	-42.0396636840358
			46.9996240045119	-42.0396636840358
			47.0396236845158	-41.9996640040319
			47.0796233645196	-41.9996640040319
			47.1196230445235	-41.9596643240281
			47.1596227245273	-41.9596643240281
			47.1996224045311	-41.9196646440243
			47.239622084535	-41.9196646440243
			47.2796217645388	-41.8796649640204
			47.3196214445427	-41.8796649640204
			47.3596211245465	-41.8396652840166
			47.3996208045503	-41.8396652840166
			47.4396204845542	-41.7996656040128
			47.479620164558	-41.7996656040128
			47.5196198445619	-41.7996656040128
			47.5596195245657	-41.7596659240089
			47.5996192045695	-41.7596659240089
			47.6396188845734	-41.7196662440051
			47.6796185645772	-41.7196662440051
			47.7196182445811	-41.6796665640012
			47.7596179245849	-41.6796665640012
			47.7996176045887	-41.6396668839974
			47.8396172845926	-41.6396668839974
			47.8796169645964	-41.5996672039935
			47.9196166446003	-41.5996672039935
			47.9596163246041	-41.5996672039935
			47.9996160046079	-41.5596675239897
			48.0396156846118	-41.5596675239897
			48.0796153646156	-41.5196678439859
			48.1196150446195	-41.5196678439859
			48.1196150446195	-41.479668163982
			48.1596147246233	-41.479668163982
			48.1996144046271	-41.479668163982
			48.239614084631	-41.4396684839782
			48.2796137646348	-41.4396684839782
			48.3196134446387	-41.3996688039744
			48.3596131246425	-41.3996688039744
			48.3996128046463	-41.3996688039744
			48.4396124846502	-41.3596691239705
			48.479612164654	-41.3596691239705
			48.5196118446579	-41.3196694439667
			48.5596115246617	-41.3196694439667
			48.5996112046655	-41.2796697639628
			48.6396108846694	-41.2796697639628
			48.6796105646732	-41.239670083959
			48.7196102446771	-41.239670083959
			48.7596099246809	-41.1996704039552
			48.7996096046847	-41.1996704039552
			48.8396092846886	-41.1996704039552
			48.8796089646924	-41.1596707239513
			48.9196086446963	-41.1596707239513
			48.9596083247001	-41.1196710439475
			48.9996080047039	-41.1196710439475
			49.0396076847078	-41.1196710439475
			49.0396076847078	-41.0796713639436
			49.0796073647116	-41.0796713639436
			49.1196070447155	-41.0796713639436
			49.1196070447155	-41.0396716839398
			49.1596067247193	-41.0396716839398
			49.1996064047231	-41.0396716839398
			49.239606084727	-40.9996720039359
			49.2796057647308	-40.9996720039359
			49.3196054447347	-40.9596723239321
			49.3596051247385	-40.9596723239321
			49.3996048047423	-40.9596723239321
			49.4396044847462	-40.9196726439283
			49.47960416475	-40.9196726439283
			49.5196038447539	-40.8796729639244
			49.5596035247577	-40.8796729639244
			49.5996032047615	-40.8396732839206
			49.6396028847654	-40.8396732839206
			49.6796025647692	-40.8396732839206
			49.7196022447731	-40.7996736039168
			49.7596019247769	-40.7996736039168
			49.7996016047807	-40.7596739239129
			49.8396012847846	-40.7596739239129
			49.8796009647884	-40.7596739239129
			49.9196006447923	-40.7196742439091
			49.9596003247961	-40.7196742439091
			49.9996000047999	-40.6796745639052
			50.0395996848038	-40.6796745639052
			50.0795993648076	-40.6396748839014
			50.1195990448115	-40.6396748839014
			50.1595987248153	-40.6396748839014
			50.1995984048191	-40.5996752038976
			50.239598084823	-40.5996752038976
			50.2795977648268	-40.5596755238937
			50.3195974448307	-40.5596755238937
			50.3595971248345	-40.5596755238937
			50.3995968048383	-40.5196758438899
			50.4395964848422	-40.5196758438899
			50.479596164846	-40.479676163886
			50.5195958448499	-40.479676163886
			50.5595955248537	-40.479676163886
			50.5995952048575	-40.4396764838822
			50.6395948848614	-40.4396764838822
			50.6795945648652	-40.4396764838822
			50.7195942448691	-40.3996768038784
			50.7595939248729	-40.3996768038784
			50.7995936048767	-40.3596771238745
			50.8395932848806	-40.3596771238745
			50.8795929648844	-40.3596771238745
			50.9195926448883	-40.3196774438707
			50.9595923248921	-40.3196774438707
			50.9995920048959	-40.3196774438707
			51.0395916848998	-40.3196774438707
			51.0395916848998	-40.2796777638668
			51.0795913649036	-40.2796777638668
			51.1195910449075	-40.2796777638668
			51.1595907249113	-40.239678083863
			51.1995904049151	-40.239678083863
			51.239590084919	-40.239678083863
			51.2795897649228	-40.1996784038592
			51.3195894449267	-40.1996784038592
			51.3595891249305	-40.1996784038592
			51.3995888049343	-40.1596787238553
			51.4395884849382	-40.1596787238553
			51.479588164942	-40.1596787238553
			51.5195878449459	-40.1196790438515
			51.5595875249497	-40.1196790438515
			51.5995872049535	-40.1196790438515
			51.6395868849574	-40.1196790438515
			51.6395868849574	-40.0796793638476
			51.6795865649612	-40.0796793638476
			51.7195862449651	-40.0796793638476
			51.7595859249689	-40.0796793638476
			51.7995856049727	-40.0796793638476
			51.7995856049727	-40.0396796838438
			51.8395852849766	-40.0396796838438
			51.8795849649804	-40.0396796838438
			51.9195846449843	-40.0396796838438
			51.9595843249881	-40.0396796838438
			51.9595843249881	-39.9996800038399
			51.9995840049919	-39.9996800038399
			52.0395836849958	-39.9996800038399
			52.0795833649996	-39.9996800038399
			52.1195830450035	-39.9996800038399
			52.1595827250073	-39.9596803238361
			52.1995824050111	-39.9596803238361
			52.239582085015	-39.9596803238361
			52.2795817650188	-39.9596803238361
			52.3195814450227	-39.9596803238361
			52.3595811250265	-39.9596803238361
			52.3995808050303	-39.9596803238361
			52.4395804850342	-39.9596803238361
			52.479580165038	-39.9596803238361
			52.5195798450419	-39.9596803238361
			52.5595795250457	-39.9596803238361
			52.5995792050495	-39.9596803238361
			52.6395788850534	-39.9596803238361
			52.6795785650572	-39.9196806438323
			52.7195782450611	-39.9196806438323
			52.7595779250649	-39.8796809638284
			52.7995776050687	-39.8796809638284
			52.8395772850726	-39.8796809638284
			52.8795769650764	-39.8396812838246
			52.9195766450803	-39.8396812838246
			52.9595763250841	-39.8396812838246
			52.9995760050879	-39.7996816038208
			53.0395756850918	-39.7996816038208
			53.0795753650956	-39.7596819238169
			53.1195750450995	-39.7596819238169
			53.1595747251033	-39.7596819238169
			53.1995744051071	-39.7196822438131
			53.239574085111	-39.7196822438131
			53.2795737651148	-39.7196822438131
			53.3195734451187	-39.6796825638092
			53.3595731251225	-39.6796825638092
			53.3995728051263	-39.6396828838054
			53.4395724851302	-39.6396828838054
			53.479572165134	-39.6396828838054
			53.5195718451379	-39.5996832038016
			53.5595715251417	-39.5996832038016
			53.5995712051455	-39.5996832038016
			53.6395708851494	-39.5596835237977
			53.6795705651532	-39.5596835237977
			53.7195702451571	-39.5596835237977
			53.7595699251609	-39.5196838437939
			53.7995696051647	-39.5196838437939
			53.8395692851686	-39.5196838437939
			53.8795689651724	-39.47968416379
			53.9195686451763	-39.47968416379
			53.9595683251801	-39.4396844837862
			53.9995680051839	-39.4396844837862
			54.0395676851878	-39.4396844837862
			54.0795673651916	-39.3996848037823
			54.1195670451955	-39.3996848037823
			54.1595667251993	-39.3996848037823
			54.1995664052031	-39.3596851237785
			54.239566085207	-39.3596851237785
			54.2795657652108	-39.3596851237785
			54.3195654452147	-39.3196854437747
			54.3595651252185	-39.3196854437747
			54.3995648052223	-39.3196854437747
			54.4395644852262	-39.2796857637708
			54.47956416523	-39.2796857637708
			54.5195638452339	-39.239686083767
			54.5595635252377	-39.239686083767
			54.5995632052415	-39.239686083767
			54.6395628852454	-39.239686083767
			54.6795625652492	-39.1996864037632
			54.7195622452531	-39.1996864037632
			54.7595619252569	-39.1996864037632
			54.7995616052607	-39.1596867237593
			54.8395612852646	-39.1596867237593
			54.8795609652684	-39.1196870437555
			54.9195606452723	-39.1196870437555
			54.9595603252761	-39.1196870437555
			54.9995600052799	-39.0796873637516
			55.0395596852838	-39.0796873637516
			55.0795593652876	-39.0796873637516
			55.1195590452915	-39.0796873637516
			55.1595587252953	-39.0396876837478
			55.1995584052991	-39.0396876837478
			55.239558085303	-39.0396876837478
			55.2795577653068	-38.999688003744
			55.3195574453107	-38.999688003744
			55.3595571253145	-38.9596883237401
			55.3995568053183	-38.9596883237401
			55.4395564853222	-38.9596883237401
			55.479556165326	-38.9596883237401
			55.479556165326	-38.9196886437363
			55.5195558453299	-38.9196886437363
			55.5595555253337	-38.9196886437363
			55.5995552053375	-38.9196886437363
			55.6395548853414	-38.8796889637324
			55.6795545653452	-38.8796889637324
			55.7195542453491	-38.8796889637324
			55.7595539253529	-38.8396892837286
			55.7995536053567	-38.8396892837286
			55.8395532853606	-38.8396892837286
			55.8795529653644	-38.7996896037248
			55.9195526453683	-38.7996896037248
			55.9595523253721	-38.7996896037248
			55.9995520053759	-38.7596899237209
			56.0395516853798	-38.7596899237209
			56.0795513653836	-38.7596899237209
			56.1195510453875	-38.7596899237209
			56.1195510453875	-38.7196902437171
			56.1595507253913	-38.7196902437171
			56.1995504053951	-38.7196902437171
			56.239550085399	-38.6796905637132
			56.2795497654028	-38.6796905637132
			56.3195494454067	-38.6796905637132
			56.3595491254105	-38.6796905637132
			56.3995488054143	-38.6396908837094
			56.4395484854182	-38.6396908837094
			56.479548165422	-38.6396908837094
			56.5195478454259	-38.5996912037056
			56.5595475254297	-38.5996912037056
			56.5995472054335	-38.5996912037056
			56.6395468854374	-38.5996912037056
			56.6395468854374	-38.5596915237017
			56.6795465654412	-38.5596915237017
			56.7195462454451	-38.5596915237017
			56.7595459254489	-38.5596915237017
			56.7995456054527	-38.5196918436979
			56.8395452854566	-38.5196918436979
			56.8795449654604	-38.5196918436979
			56.9195446454642	-38.5196918436979
			56.9595443254681	-38.479692163694
			56.9995440054719	-38.479692163694
			57.0395436854758	-38.4396924836902
			57.0795433654796	-38.4396924836902
			57.1195430454835	-38.4396924836902
			57.1595427254873	-38.4396924836902
			57.1995424054911	-38.4396924836902
			57.239542085495	-38.3996928036864
			57.2795417654988	-38.3996928036864
			57.3195414455027	-38.3996928036864
			57.3595411255065	-38.3596931236825
			57.3995408055103	-38.3596931236825
			57.4395404855142	-38.3596931236825
			57.479540165518	-38.3196934436787
			57.5195398455218	-38.3196934436787
			57.5595395255257	-38.3196934436787
			57.5995392055295	-38.3196934436787
			57.6395388855334	-38.2796937636748
			57.6795385655372	-38.2796937636748
			57.7195382455411	-38.2796937636748
			57.7595379255449	-38.2796937636748
			57.7995376055487	-38.239694083671
			57.8395372855526	-38.239694083671
			57.8795369655564	-38.239694083671
			57.9195366455602	-38.239694083671
			57.9595363255641	-38.1996944036672
			57.9995360055679	-38.1996944036672
			58.0395356855718	-38.1996944036672
			58.0795353655756	-38.1996944036672
			58.1195350455794	-38.1996944036672
			58.1595347255833	-38.1596947236633
			58.1995344055871	-38.1596947236633
			58.239534085591	-38.1596947236633
			58.2795337655948	-38.1596947236633
			58.2795337655948	-38.1196950436595
			58.3195334455987	-38.1196950436595
			58.3595331256025	-38.1196950436595
			58.3995328056063	-38.1196950436595
			58.4395324856102	-38.1196950436595
			58.479532165614	-38.0796953636556
			58.5195318456178	-38.0796953636556
			58.5595315256217	-38.0796953636556
			58.5995312056255	-38.0796953636556
			58.6395308856294	-38.0796953636556
			58.6395308856294	-38.0396956836518
			58.6795305656332	-38.0396956836518
			58.7195302456371	-38.0396956836518
			58.7595299256409	-38.0396956836518
			58.7995296056447	-38.0396956836518
			58.8395292856486	-37.999696003648
			58.8795289656524	-37.999696003648
			58.9195286456562	-37.999696003648
			58.9595283256601	-37.999696003648
			58.9995280056639	-37.999696003648
			59.0395276856678	-37.9596963236441
			59.0795273656716	-37.9596963236441
			59.1195270456754	-37.9596963236441
			59.1595267256793	-37.9596963236441
			59.1995264056831	-37.9596963236441
			59.239526085687	-37.9196966436403
			59.2795257656908	-37.9196966436403
			59.3195254456947	-37.9196966436403
			59.3595251256985	-37.9196966436403
			59.3995248057023	-37.9196966436403
			59.4395244857062	-37.9196966436403
			59.47952416571	-37.9196966436403
			59.5195238457138	-37.8796969636364
			59.5595235257177	-37.8796969636364
			59.5995232057215	-37.8796969636364
			59.6395228857254	-37.8796969636364
			59.6795225657292	-37.8796969636364
			59.719522245733	-37.8796969636364
			59.7595219257369	-37.8396972836326
			59.7995216057407	-37.8396972836326
			59.8395212857446	-37.8396972836326
			59.8795209657484	-37.8396972836326
			59.9195206457523	-37.8396972836326
			59.9595203257561	-37.8396972836326
			59.9995200057599	-37.8396972836326
			60.0395196857638	-37.8396972836326
			60.0795193657676	-37.7996976036288
			60.1195190457714	-37.7996976036288
			60.1595187257753	-37.7996976036288
			60.1995184057791	-37.7996976036288
			60.239518085783	-37.7996976036288
			60.2795177657868	-37.7996976036288
			60.3195174457906	-37.7996976036288
			60.3595171257945	-37.7996976036288
			60.3995168057983	-37.7996976036288
			60.4395164858022	-37.7996976036288
			60.479516165806	-37.7996976036288
			60.5195158458098	-37.7996976036288
			60.5595155258137	-37.7996976036288
			60.5995152058175	-37.7596979236249
			60.6395148858214	-37.7596979236249
			60.6795145658252	-37.7596979236249
			60.719514245829	-37.7596979236249
			60.7595139258329	-37.7596979236249
			60.7995136058367	-37.7596979236249
			60.8395132858406	-37.7596979236249
			60.8795129658444	-37.7596979236249
			60.9195126458482	-37.7596979236249
			60.9595123258521	-37.7596979236249
			60.9995120058559	-37.7596979236249
			61.0395116858598	-37.7596979236249
			61.0795113658636	-37.7596979236249
			61.1195110458674	-37.7996976036288
			61.1595107258713	-37.7996976036288
			61.1995104058751	-37.7996976036288
			61.239510085879	-37.7996976036288
			61.2795097658828	-37.7996976036288
			61.3195094458866	-37.7996976036288
			61.3595091258905	-37.7996976036288
			61.3995088058943	-37.7996976036288
			61.4395084858982	-37.7996976036288
			61.479508165902	-37.7996976036288
			61.5195078459058	-37.7996976036288
			61.5195078459058	-37.8396972836326
			61.5595075259097	-37.8396972836326
			61.5995072059135	-37.8396972836326
			61.6395068859174	-37.8396972836326
			61.6795065659212	-37.8396972836326
			61.719506245925	-37.8796969636364
			61.7595059259289	-37.8796969636364
			61.7995056059327	-37.8796969636364
			61.8395052859366	-37.8796969636364
			61.8795049659404	-37.9196966436403
			61.9195046459442	-37.9196966436403
			61.9595043259481	-37.9596963236441
			61.9995040059519	-37.9596963236441
			62.0395036859558	-37.9596963236441
			62.0795033659596	-37.999696003648
			62.1195030459634	-37.999696003648
			62.1595027259673	-38.0396956836518
			62.1995024059711	-38.0396956836518
			62.1995024059711	-38.0796953636556
			62.239502085975	-38.0796953636556
			62.2795017659788	-38.1196950436595
			62.3195014459826	-38.1196950436595
			62.3195014459826	-38.1596947236633
			62.3595011259865	-38.1596947236633
			62.3995008059903	-38.1996944036672
			62.4395004859942	-38.239694083671
			62.479500165998	-38.2796937636748
			62.479500165998	-38.3196934436787
			62.5194998460018	-38.3596931236825
			62.5594995260057	-38.3996928036864
			62.5994992060095	-38.3996928036864
			62.6394988860134	-38.4396924836902
			62.6794985660172	-38.4396924836902
			62.719498246021	-38.479692163694
			62.7594979260249	-38.5196918436979
			62.7994976060287	-38.5196918436979
			62.8394972860326	-38.5596915237017
			62.8794969660364	-38.5596915237017
			62.9194966460402	-38.5996912037056
			62.9594963260441	-38.5996912037056
			62.9994960060479	-38.6396908837094
			63.0394956860518	-38.6396908837094
			63.0794953660556	-38.6796905637132
			63.1194950460594	-38.6796905637132
			63.1594947260633	-38.7196902437171
			63.1994944060671	-38.7596899237209
			63.239494086071	-38.7596899237209
			63.2794937660748	-38.7996896037248
			63.3194934460786	-38.7996896037248
			63.3594931260825	-38.8396892837286
			63.3994928060863	-38.8796889637324
			63.4394924860902	-38.8796889637324
			63.479492166094	-38.9196886437363
			63.5194918460978	-38.9196886437363
			63.5594915261017	-38.9596883237401
			63.5994912061055	-38.9596883237401
			63.5994912061055	-38.999688003744
			63.6394908861094	-38.999688003744
			63.6794905661132	-38.999688003744
			63.719490246117	-39.0396876837478
			63.7594899261209	-39.0796873637516
			63.7994896061247	-39.0796873637516
			63.8394892861286	-39.1196870437555
			63.8794889661324	-39.1196870437555
			63.9194886461362	-39.1596867237593
			63.9594883261401	-39.1596867237593
			63.9994880061439	-39.1996864037632
			64.0394876861478	-39.239686083767
			64.0794873661516	-39.239686083767
			64.1194870461554	-39.2796857637708
			64.1594867261593	-39.2796857637708
			64.1994864061631	-39.3196854437747
			64.239486086167	-39.3196854437747
			64.2794857661708	-39.3596851237785
			64.3194854461746	-39.3596851237785
			64.3594851261785	-39.3996848037823
			64.3994848061823	-39.4396844837862
			64.4394844861862	-39.4396844837862
			64.47948416619	-39.47968416379
			64.5194838461938	-39.47968416379
			64.5594835261977	-39.5196838437939
			64.5994832062015	-39.5196838437939
			64.6394828862054	-39.5596835237977
			64.6794825662092	-39.5996832038016
			64.719482246213	-39.5996832038016
			64.7594819262169	-39.5996832038016
			64.7594819262169	-39.6396828838054
			64.7994816062207	-39.6396828838054
			64.8394812862246	-39.6396828838054
			64.8394812862246	-39.6796825638092
			64.8794809662284	-39.6796825638092
			64.9194806462322	-39.7196822438131
			64.9594803262361	-39.7196822438131
			64.9994800062399	-39.7596819238169
			65.0394796862438	-39.7596819238169
			65.0794793662476	-39.7996816038208
			65.1194790462514	-39.7996816038208
			65.1194790462514	-39.8396812838246
			65.1594787262553	-39.8396812838246
			65.1994784062591	-39.8396812838246
			65.239478086263	-39.8796809638284
			65.2794777662668	-39.8796809638284
			65.3194774462706	-39.9196806438323
			65.3594771262745	-39.9596803238361
			65.3994768062783	-39.9596803238361
			65.4394764862822	-39.9596803238361
			65.479476166286	-39.9996800038399
			65.5194758462898	-40.0396796838438
			65.5594755262937	-40.0396796838438
			65.5994752062975	-40.0796793638476
			65.6394748863014	-40.0796793638476
			65.6794745663052	-40.1196790438515
			65.719474246309	-40.1196790438515
			65.7594739263129	-40.1596787238553
			65.7994736063167	-40.1596787238553
			65.8394732863206	-40.1996784038592
			65.8794729663244	-40.1996784038592
			65.9194726463282	-40.1996784038592
			65.9194726463282	-40.239678083863
			65.9594723263321	-40.239678083863
			65.9994720063359	-40.2796777638668
			66.0394716863398	-40.2796777638668
			66.0794713663436	-40.3196774438707
			66.1194710463474	-40.3196774438707
			66.1594707263513	-40.3596771238745
			66.1994704063551	-40.3596771238745
			66.239470086359	-40.3596771238745
			66.2794697663628	-40.3596771238745
			66.2794697663628	-40.3996768038784
			66.3194694463666	-40.3996768038784
			66.3594691263705	-40.3996768038784
			66.3994688063743	-40.4396764838822
			66.4394684863782	-40.4396764838822
			66.479468166382	-40.4396764838822
			66.5194678463858	-40.479676163886
			66.5594675263897	-40.479676163886
			66.5994672063935	-40.5196758438899
			66.6394668863974	-40.5196758438899
			66.6794665664012	-40.5596755238937
			66.719466246405	-40.5596755238937
			66.7594659264089	-40.5596755238937
			66.7994656064127	-40.5996752038976
			66.8394652864166	-40.5996752038976
			66.8794649664204	-40.6396748839014
			66.9194646464242	-40.6396748839014
			66.9594643264281	-40.6796745639052
			66.9994640064319	-40.6796745639052
			67.0394636864358	-40.6796745639052
			67.0794633664396	-40.7196742439091
			67.1194630464434	-40.7196742439091
			67.1594627264473	-40.7596739239129
			67.1994624064511	-40.7596739239129
			67.239462086455	-40.7996736039168
			67.2794617664588	-40.7996736039168
			67.3194614464626	-40.8396732839206
			67.3594611264665	-40.8396732839206
			67.3994608064703	-40.8796729639244
			67.4394604864742	-40.8796729639244
			67.479460166478	-40.8796729639244
			67.5194598464818	-40.9196726439283
			67.5594595264857	-40.9196726439283
			67.5594595264857	-40.9596723239321
			67.5994592064895	-40.9596723239321
			67.6394588864934	-40.9596723239321
			67.6794585664972	-40.9996720039359
			67.719458246501	-40.9996720039359
			67.7594579265049	-41.0396716839398
			67.7994576065087	-41.0396716839398
			67.8394572865126	-41.0796713639436
			67.8794569665164	-41.0796713639436
			67.9194566465202	-41.1196710439475
			67.9594563265241	-41.1196710439475
			67.9994560065279	-41.1596707239513
			68.0394556865318	-41.1596707239513
			68.0794553665356	-41.1996704039552
			68.1194550465394	-41.1996704039552
			68.1594547265433	-41.239670083959
			68.1994544065471	-41.239670083959
			68.239454086551	-41.239670083959
			68.2794537665548	-41.2796697639628
			68.3194534465586	-41.3196694439667
			68.3594531265625	-41.3196694439667
			68.3994528065663	-41.3596691239705
			68.4394524865702	-41.3596691239705
			68.479452166574	-41.3996688039744
			68.5194518465778	-41.3996688039744
			68.5594515265817	-41.4396684839782
			68.5994512065855	-41.4396684839782
			68.6394508865894	-41.479668163982
			68.6794505665932	-41.479668163982
			68.719450246597	-41.5196678439859
			68.7594499266009	-41.5196678439859
			68.7994496066047	-41.5596675239897
			68.8394492866086	-41.5596675239897
			68.8794489666124	-41.5996672039935
			68.9194486466162	-41.5996672039935
			68.9594483266201	-41.6396668839974
			68.9994480066239	-41.6396668839974
			69.0394476866278	-41.6796665640012
			69.0794473666316	-41.6796665640012
			69.1194470466354	-41.7196662440051
			69.1594467266393	-41.7196662440051
			69.1994464066431	-41.7596659240089
			69.239446086647	-41.7596659240089
			69.2794457666508	-41.7996656040128
			69.3194454466546	-41.7996656040128
			69.3594451266585	-41.8396652840166
			69.3994448066623	-41.8396652840166
			69.4394444866662	-41.8796649640204
			69.47944416667	-41.8796649640204
			69.5194438466738	-41.9196646440243
			69.5594435266777	-41.9196646440243
			69.5994432066815	-41.9596643240281
			69.6394428866854	-41.9596643240281
			69.6794425666892	-41.9996640040319
			69.719442246693	-42.0396636840358
			69.7594419266969	-42.0396636840358
			69.7994416067007	-42.0796633640396
			69.8394412867046	-42.0796633640396
			69.8794409667084	-42.1196630440435
			69.9194406467122	-42.1196630440435
			69.9594403267161	-42.1596627240473
			69.9994400067199	-42.1596627240473
			70.0394396867238	-42.1996624040511
			70.0794393667276	-42.1996624040511
			70.1194390467314	-42.239662084055
			70.1594387267353	-42.2796617640588
			70.1994384067391	-42.2796617640588
			70.239438086743	-42.3196614440627
			70.2794377667468	-42.3196614440627
			70.3194374467506	-42.3596611240665
			70.3594371267545	-42.3596611240665
			70.3994368067583	-42.3996608040704
			70.4394364867622	-42.3996608040704
			70.479436166766	-42.4396604840742
			70.5194358467698	-42.4396604840742
			70.5594355267737	-42.479660164078
			70.5994352067775	-42.5196598440819
			70.6394348867814	-42.5196598440819
			70.6794345667852	-42.5596595240857
			70.719434246789	-42.5596595240857
			70.7594339267929	-42.5996592040895
			70.7994336067967	-42.5996592040895
			70.8394332868006	-42.6396588840934
			70.8794329668044	-42.6396588840934
			70.9194326468082	-42.6796585640972
			70.9594323268121	-42.6796585640972
			70.9994320068159	-42.7196582441011
			71.0394316868198	-42.7196582441011
			71.0794313668236	-42.7596579241049
			71.1194310468274	-42.7596579241049
			71.1594307268313	-42.7996576041087
			71.1994304068351	-42.8396572841126
			71.239430086839	-42.8396572841126
			71.2794297668428	-42.8796569641164
			71.3194294468466	-42.8796569641164
			71.3594291268505	-42.9196566441203
			71.3994288068543	-42.9196566441203
			71.4394284868581	-42.9596563241241
			71.479428166862	-42.9596563241241
			71.5194278468658	-42.9996560041279
			71.5594275268697	-43.0396556841318
			71.5994272068735	-43.0396556841318
			71.6394268868774	-43.0796553641356
			71.6794265668812	-43.0796553641356
			71.719426246885	-43.1196550441395
			71.7594259268889	-43.1196550441395
			71.7994256068927	-43.1596547241433
			71.8394252868966	-43.1996544041471
			71.8794249669004	-43.1996544041471
			71.9194246469042	-43.239654084151
			71.9594243269081	-43.239654084151
			71.9994240069119	-43.2796537641548
			72.0394236869158	-43.3196534441587
			72.0794233669196	-43.3196534441587
			72.1194230469234	-43.3196534441587
			72.1194230469234	-43.3596531241625
			72.1594227269273	-43.3596531241625
			72.1994224069311	-43.3596531241625
			72.1994224069311	-43.3996528041664
			72.239422086935	-43.3996528041664
			72.2794217669388	-43.3996528041664
			72.2794217669388	-43.4396524841702
			72.3194214469426	-43.4396524841702
			72.3594211269465	-43.479652164174
			72.3994208069503	-43.479652164174
			72.4394204869541	-43.5196518441779
			72.479420166958	-43.5596515241817
			72.5194198469618	-43.5596515241817
			72.5594195269657	-43.5996512041855
			72.5994192069695	-43.5996512041855
			72.6394188869734	-43.6396508841894
			72.6794185669772	-43.6396508841894
			72.719418246981	-43.6796505641932
			72.7594179269849	-43.6796505641932
			72.7994176069887	-43.7196502441971
			72.8394172869926	-43.7596499242009
			72.8794169669964	-43.7996496042047
			72.9194166470002	-43.7996496042047
			72.9594163270041	-43.8396492842086
			72.9994160070079	-43.8796489642124
			73.0394156870118	-43.9196486442163
			73.0794153670156	-43.9196486442163
			73.1194150470194	-43.9596483242201
			73.1594147270233	-43.9996480042239
			73.1994144070271	-44.0396476842278
			73.239414087031	-44.0796473642316
			73.2794137670348	-44.0796473642316
			73.3194134470386	-44.1196470442355
			73.3594131270425	-44.1596467242393
			73.3994128070463	-44.1996464042431
			73.4394124870501	-44.1996464042431
			73.479412167054	-44.239646084247
			73.5194118470578	-44.2796457642508
			73.5594115270617	-44.3196454442547
			73.5994112070655	-44.3196454442547
			73.6394108870693	-44.3596451242585
			73.6794105670732	-44.3996448042623
			73.719410247077	-44.4396444842662
			73.7594099270809	-44.4396444842662
			73.7994096070847	-44.47964416427
			73.8394092870886	-44.5196438442739
			73.8794089670924	-44.5596435242777
			73.9194086470962	-44.5996432042815
			73.9594083271001	-44.5996432042815
			73.9994080071039	-44.5996432042815
			73.9994080071039	-44.6396428842854
			74.0394076871078	-44.6396428842854
			74.0794073671116	-44.6796425642892
			74.1194070471154	-44.7196422442931
			74.1594067271193	-44.7596419242969
			74.1994064071231	-44.7996416043007
			74.239406087127	-44.7996416043007
			74.2794057671308	-44.8396412843046
			74.3194054471346	-44.8796409643084
			74.3594051271385	-44.9196406443123
			74.3994048071423	-44.9196406443123
			74.4394044871461	-44.9596403243161
			74.47940416715	-44.9996400043199
			74.5194038471538	-44.9996400043199
			74.5194038471538	-45.0396396843238
			74.5594035271577	-45.0796393643276
			74.5994032071615	-45.0796393643276
			74.6394028871653	-45.1196390443315
			74.6794025671692	-45.1196390443315
			74.719402247173	-45.1596387243353
			74.7594019271769	-45.1996384043391
			74.7994016071807	-45.239638084343
			74.8394012871845	-45.2796377643468
			74.8794009671884	-45.3196374443507
			74.9194006471922	-45.3196374443507
			74.9594003271961	-45.3596371243545
			74.9994000071999	-45.3996368043583
			75.0393996872038	-45.4396364843622
			75.0793993672076	-45.4396364843622
			75.1193990472114	-45.479636164366
			75.1593987272153	-45.5196358443699
			75.1993984072191	-45.5596355243737
			75.239398087223	-45.5596355243737
			75.2793977672268	-45.5996352043775
			75.3193974472306	-45.6396348843814
			75.3593971272345	-45.6796345643852
			75.3993968072383	-45.6796345643852
			75.4393964872421	-45.7196342443891
			75.479396167246	-45.7196342443891
			75.479396167246	-45.7596339243929
			75.5193958472498	-45.7996336043967
			75.5593955272537	-45.7996336043967
			75.5593955272537	-45.8396332844006
			75.5993952072575	-45.8396332844006
			75.6393948872613	-45.8796329644044
			75.6793945672652	-45.8796329644044
			75.6793945672652	-45.9196326444083
			75.719394247269	-45.9196326444083
			75.7593939272729	-45.9596323244121
			75.7993936072767	-45.9596323244121
			75.7993936072767	-45.9996320044159
			75.8393932872805	-46.0396316844198
			75.8793929672844	-46.0396316844198
			75.8793929672844	-46.0796313644236
			75.9193926472882	-46.0796313644236
			75.9593923272921	-46.1196310444275
			75.9993920072959	-46.1196310444275
			75.9993920072959	-46.1596307244313
			76.0393916872998	-46.1596307244313
			76.0793913673036	-46.1996304044351
			76.0793913673036	-46.239630084439
			76.1193910473074	-46.239630084439
			76.1593907273113	-46.2796297644428
			76.1993904073151	-46.2796297644428
			76.1993904073151	-46.3196294444467
			76.239390087319	-46.3196294444467
			76.2793897673228	-46.3596291244505
			76.3193894473266	-46.3996288044543
			76.3593891273305	-46.4396284844582
			76.3993888073343	-46.4396284844582
			76.4393884873381	-46.479628164462
			76.479388167342	-46.479628164462
			76.479388167342	-46.5196278444659
			76.5193878473458	-46.5596275244697
			76.5593875273497	-46.5596275244697
			76.5993872073535	-46.5996272044735
			76.6393868873573	-46.6396268844774
			76.6793865673612	-46.6396268844774
			76.719386247365	-46.6796265644812
			76.719386247365	-46.7196262444851
			76.7593859273689	-46.7196262444851
			76.7993856073727	-46.7596259244889
			76.8393852873765	-46.7996256044927
			76.8793849673804	-46.7996256044927
			76.9193846473842	-46.8396252844966
			76.9193846473842	-46.8796249645004
			76.9593843273881	-46.8796249645004
			76.9993840073919	-46.9196246445043
			77.0393836873957	-46.9596243245081
			77.0793833673996	-46.9596243245081
			77.1193830474034	-46.9996240045119
			77.1593827274073	-46.9996240045119
			77.1593827274073	-47.0396236845158
			77.1993824074111	-47.0796233645196
			77.239382087415	-47.0796233645196
			77.2793817674188	-47.1196230445235
			77.3193814474226	-47.1596227245273
			77.3593811274265	-47.1596227245273
			77.3593811274265	-47.1996224045311
			77.3993808074303	-47.239622084535
			77.4393804874341	-47.239622084535
			77.479380167438	-47.2796217645388
			77.5193798474418	-47.3196214445427
			77.5593795274457	-47.3196214445427
			77.5593795274457	-47.3596211245465
			77.5993792074495	-47.3596211245465
			77.6393788874533	-47.3996208045503
			77.6793785674572	-47.4396204845542
			77.719378247461	-47.4396204845542
			77.7593779274649	-47.479620164558
			77.7593779274649	-47.5196198445619
			77.7993776074687	-47.5196198445619
			77.8393772874725	-47.5596195245657
			77.8793769674764	-47.5996192045695
			77.9193766474802	-47.5996192045695
			77.9593763274841	-47.6396188845734
			77.9993760074879	-47.6796185645772
			78.0393756874917	-47.7196182445811
			78.0793753674956	-47.7596179245849
			78.1193750474994	-47.7596179245849
			78.1593747275033	-47.7996176045887
			78.1993744075071	-47.8396172845926
			78.239374087511	-47.8796169645964
			78.2793737675148	-47.8796169645964
			78.3193734475186	-47.9196166446003
			78.3593731275225	-47.9596163246041
			78.3993728075263	-47.9996160046079
			78.4393724875302	-47.9996160046079
			78.479372167534	-48.0396156846118
			78.5193718475378	-48.0796153646156
			78.5593715275417	-48.1196150446195
			78.5993712075455	-48.1196150446195
			78.6393708875493	-48.1596147246233
			78.6793705675532	-48.1996144046271
			78.719370247557	-48.239614084631
			78.7593699275609	-48.239614084631
			78.7993696075647	-48.2796137646348
			78.8393692875685	-48.3196134446387
			78.8793689675724	-48.3596131246425
			78.9193686475762	-48.3596131246425
			78.9593683275801	-48.3996128046463
			78.9993680075839	-48.4396124846502
			79.0393676875877	-48.479612164654
			79.0793673675916	-48.479612164654
			79.1193670475954	-48.5196118446579
			79.1193670475954	-48.5596115246617
			79.1593667275993	-48.5996112046655
			79.1993664076031	-48.5996112046655
			79.2393660876069	-48.6396108846694
			79.2793657676108	-48.6796105646732
			79.3193654476146	-48.7196102446771
			79.3593651276185	-48.7196102446771
			79.3993648076223	-48.7596099246809
			79.4393644876262	-48.7996096046847
			79.47936416763	-48.8396092846886
			79.5193638476338	-48.8396092846886
			79.5593635276377	-48.8796089646924
			79.5993632076415	-48.9196086446963
			79.6393628876453	-48.9596083247001
			79.6793625676492	-48.9596083247001
			79.719362247653	-48.9996080047039
			79.7593619276569	-49.0396076847078
			79.7993616076607	-49.0396076847078
			79.8393612876645	-49.0796073647116
			79.8793609676684	-49.1196070447155
			79.9193606476722	-49.1596067247193
			79.9593603276761	-49.1996064047231
			79.9993600076799	-49.239606084727
			80.0393596876837	-49.239606084727
			80.0393596876837	-49.2796057647308
			80.0793593676876	-49.2796057647308
			80.1193590476914	-49.3196054447347
			80.1593587276953	-49.3196054447347
			80.1593587276953	-49.3596051247385
			80.1993584076991	-49.3596051247385
			80.2393580877029	-49.3996048047423
			80.2793577677068	-49.4396044847462
			80.3193574477106	-49.47960416475
			80.3593571277145	-49.5196038447539
			80.3993568077183	-49.5196038447539
			80.4393564877221	-49.5596035247577
			80.479356167726	-49.5996032047615
			80.5193558477298	-49.6396028847654
			80.5593555277337	-49.6796025647692
			80.5993552077375	-49.6796025647692
			80.6393548877413	-49.7196022447731
			80.6793545677452	-49.7596019247769
			80.719354247749	-49.7996016047807
			80.7593539277529	-49.7996016047807
			80.7993536077567	-49.8396012847846
			80.8393532877605	-49.8796009647884
			80.8793529677644	-49.9196006447923
			80.9193526477682	-49.9196006447923
			80.9593523277721	-49.9596003247961
			80.9993520077759	-49.9996000047999
			81.0393516877797	-50.0395996848038
			81.0793513677836	-50.0395996848038
			81.1193510477874	-50.0795993648076
			81.1193510477874	-50.1195990448115
			81.1593507277913	-50.1195990448115
			81.1993504077951	-50.1595987248153
			81.2393500877989	-50.1995984048191
			81.2793497678028	-50.239598084823
			81.3193494478066	-50.239598084823
			81.3593491278105	-50.2795977648268
			81.3993488078143	-50.3195974448307
			81.4393484878181	-50.3595971248345
			81.479348167822	-50.3595971248345
			81.5193478478258	-50.3995968048383
			81.5593475278297	-50.4395964848422
			81.5993472078335	-50.479596164846
			81.6393468878373	-50.479596164846
			81.6793465678412	-50.5195958448499
			81.719346247845	-50.5595955248537
			81.7593459278489	-50.5595955248537
			81.7593459278489	-50.5995952048575
			81.7993456078527	-50.6395948848614
			81.8393452878565	-50.6795945648652
			81.8793449678604	-50.6795945648652
			81.9193446478642	-50.7195942448691
		</c1>
		<c2 type=matrix rownames=FALSE colnames=FALSE nrow=1276 ncol=2 as.numeric=TRUE >
			81.9193446478642	-50.7195942448691
			81.8793449678604	-50.7195942448691
			81.8393452878565	-50.7595939248729
			81.7993456078527	-50.7595939248729
			81.7593459278489	-50.7595939248729
			81.719346247845	-50.7995936048767
			81.6793465678412	-50.7995936048767
			81.6393468878373	-50.8395932848806
			81.5993472078335	-50.8395932848806
			81.5593475278297	-50.8395932848806
			81.5193478478258	-50.8395932848806
			81.479348167822	-50.8795929648844
			81.4393484878181	-50.8795929648844
			81.3993488078143	-50.8795929648844
			81.3593491278105	-50.8795929648844
			81.3193494478066	-50.9195926448883
			81.2793497678028	-50.9195926448883
			81.2393500877989	-50.9195926448883
			81.1993504077951	-50.9195926448883
			81.1593507277913	-50.9195926448883
			81.1193510477874	-50.9195926448883
			81.0793513677836	-50.9195926448883
			81.0393516877797	-50.9195926448883
			80.9993520077759	-50.9595923248921
			80.9593523277721	-50.9595923248921
			80.9193526477682	-50.9595923248921
			80.8793529677644	-50.9595923248921
			80.8393532877605	-50.9595923248921
			80.7993536077567	-50.9195926448883
			80.7593539277529	-50.9195926448883
			80.719354247749	-50.9195926448883
			80.6793545677452	-50.9195926448883
			80.6393548877413	-50.9195926448883
			80.5993552077375	-50.9195926448883
			80.5593555277337	-50.8795929648844
			80.5193558477298	-50.8795929648844
			80.479356167726	-50.8795929648844
			80.4393564877221	-50.8795929648844
			80.3993568077183	-50.8395932848806
			80.3593571277145	-50.8395932848806
			80.3193574477106	-50.8395932848806
			80.2793577677068	-50.7995936048767
			80.2393580877029	-50.7995936048767
			80.1993584076991	-50.8395932848806
			80.1593587276953	-50.8395932848806
			80.1193590476914	-50.8395932848806
			80.0793593676876	-50.8795929648844
			80.0393596876837	-50.8795929648844
			79.9993600076799	-50.8795929648844
			79.9593603276761	-50.9195926448883
			79.9193606476722	-50.9195926448883
			79.8793609676684	-50.9195926448883
			79.8393612876645	-50.9195926448883
			79.7993616076607	-50.9595923248921
			79.7593619276569	-50.9595923248921
			79.719362247653	-50.9595923248921
			79.6793625676492	-50.9595923248921
			79.6393628876453	-50.9595923248921
			79.5993632076415	-50.9995920048959
			79.5593635276377	-50.9995920048959
			79.5193638476338	-50.9995920048959
			79.47936416763	-50.9995920048959
			79.4393644876262	-50.9995920048959
			79.3993648076223	-50.9995920048959
			79.3593651276185	-50.9995920048959
			79.3193654476146	-51.0395916848998
			79.2793657676108	-51.0395916848998
			79.2393660876069	-51.0395916848998
			79.1993664076031	-51.0395916848998
			79.1593667275993	-51.0395916848998
			79.1193670475954	-51.0395916848998
			79.0793673675916	-51.0395916848998
			79.0393676875877	-51.0395916848998
			78.9993680075839	-51.0395916848998
			78.9593683275801	-51.0395916848998
			78.9193686475762	-51.0395916848998
			78.8793689675724	-51.0395916848998
			78.8393692875685	-51.0395916848998
			78.7993696075647	-50.9995920048959
			78.7593699275609	-50.9995920048959
			78.719370247557	-50.9995920048959
			78.6793705675532	-50.9995920048959
			78.6393708875493	-50.9995920048959
			78.5993712075455	-50.9995920048959
			78.5593715275417	-50.9995920048959
			78.5193718475378	-50.9595923248921
			78.479372167534	-50.9595923248921
			78.4393724875302	-50.9595923248921
			78.3993728075263	-50.9595923248921
			78.3593731275225	-50.9595923248921
			78.3193734475186	-50.9195926448883
			78.2793737675148	-50.9195926448883
			78.239374087511	-50.9195926448883
			78.1993744075071	-50.8795929648844
			78.1593747275033	-50.8795929648844
			78.1193750474994	-50.8795929648844
			78.0793753674956	-50.8795929648844
			78.0393756874917	-50.8395932848806
			77.9993760074879	-50.8395932848806
			77.9593763274841	-50.7995936048767
			77.9193766474802	-50.7995936048767
			77.8793769674764	-50.7595939248729
			77.8393772874725	-50.7595939248729
			77.7993776074687	-50.7595939248729
			77.7593779274649	-50.7995936048767
			77.719378247461	-50.7995936048767
			77.6793785674572	-50.7995936048767
			77.6393788874533	-50.7995936048767
			77.5993792074495	-50.7995936048767
			77.5593795274457	-50.8395932848806
			77.5193798474418	-50.8395932848806
			77.479380167438	-50.8395932848806
			77.4393804874341	-50.8395932848806
			77.3993808074303	-50.8395932848806
			77.3593811274265	-50.8395932848806
			77.3193814474226	-50.8795929648844
			77.2793817674188	-50.8795929648844
			77.239382087415	-50.8795929648844
			77.1993824074111	-50.8795929648844
			77.1593827274073	-50.8795929648844
			77.1193830474034	-50.8795929648844
			77.0793833673996	-50.8795929648844
			77.0393836873957	-50.8795929648844
			77.0393836873957	-50.9195926448883
			76.9993840073919	-50.9195926448883
			76.9593843273881	-50.9195926448883
			76.9193846473842	-50.9195926448883
			76.8793849673804	-50.9195926448883
			76.8393852873765	-50.9195926448883
			76.7993856073727	-50.9195926448883
			76.7593859273689	-50.9195926448883
			76.719386247365	-50.9195926448883
			76.6793865673612	-50.9195926448883
			76.6393868873573	-50.9195926448883
			76.5993872073535	-50.9195926448883
			76.5593875273497	-50.9195926448883
			76.5193878473458	-50.9595923248921
			76.479388167342	-50.9595923248921
			76.4393884873381	-50.9595923248921
			76.3993888073343	-50.9595923248921
			76.3593891273305	-50.9595923248921
			76.3193894473266	-50.9595923248921
			76.2793897673228	-50.9595923248921
			76.239390087319	-50.9595923248921
			76.1993904073151	-50.9595923248921
			76.1593907273113	-50.9595923248921
			76.1193910473074	-50.9595923248921
			76.0793913673036	-50.9595923248921
			76.0393916872998	-50.9595923248921
			75.9993920072959	-50.9595923248921
			75.9593923272921	-50.9595923248921
			75.9193926472882	-50.9195926448883
			75.8793929672844	-50.9195926448883
			75.8393932872805	-50.9195926448883
			75.7993936072767	-50.9195926448883
			75.7593939272729	-50.9195926448883
			75.719394247269	-50.9195926448883
			75.6793945672652	-50.9195926448883
			75.6393948872613	-50.9195926448883
			75.5993952072575	-50.9195926448883
			75.5593955272537	-50.9195926448883
			75.5193958472498	-50.9195926448883
			75.479396167246	-50.9195926448883
			75.4393964872421	-50.9195926448883
			75.3993968072383	-50.9195926448883
			75.3993968072383	-50.8795929648844
			75.3593971272345	-50.8795929648844
			75.3193974472306	-50.8795929648844
			75.2793977672268	-50.8795929648844
			75.239398087223	-50.8795929648844
			75.1993984072191	-50.8795929648844
			75.1593987272153	-50.8795929648844
			75.1193990472114	-50.8795929648844
			75.0793993672076	-50.8395932848806
			75.0393996872038	-50.8395932848806
			74.9994000071999	-50.8395932848806
			74.9594003271961	-50.8395932848806
			74.9194006471922	-50.8395932848806
			74.8794009671884	-50.8395932848806
			74.8394012871845	-50.7995936048767
			74.7994016071807	-50.7995936048767
			74.7594019271769	-50.7995936048767
			74.719402247173	-50.7995936048767
			74.6794025671692	-50.7995936048767
			74.6394028871653	-50.7595939248729
			74.5994032071615	-50.7595939248729
			74.5594035271577	-50.7595939248729
			74.5194038471538	-50.7595939248729
			74.47940416715	-50.7195942448691
			74.4394044871461	-50.7195942448691
			74.3994048071423	-50.7195942448691
			74.3594051271385	-50.6795945648652
			74.3194054471346	-50.6795945648652
			74.2794057671308	-50.6795945648652
			74.239406087127	-50.6795945648652
			74.1994064071231	-50.6795945648652
			74.1594067271193	-50.6395948848614
			74.1194070471154	-50.6395948848614
			74.0794073671116	-50.6395948848614
			74.0394076871078	-50.5995952048575
			73.9994080071039	-50.5995952048575
			73.9594083271001	-50.5995952048575
			73.9594083271001	-50.6395948848614
			73.9194086470962	-50.6395948848614
			73.8794089670924	-50.6795945648652
			73.8394092870886	-50.6795945648652
			73.7994096070847	-50.6795945648652
			73.7594099270809	-50.7195942448691
			73.719410247077	-50.7195942448691
			73.6794105670732	-50.7595939248729
			73.6394108870693	-50.7595939248729
			73.5994112070655	-50.7595939248729
			73.5594115270617	-50.7995936048767
			73.5194118470578	-50.7995936048767
			73.479412167054	-50.7995936048767
			73.4394124870501	-50.8395932848806
			73.3994128070463	-50.8395932848806
			73.3594131270425	-50.8395932848806
			73.3194134470386	-50.8795929648844
			73.2794137670348	-50.8795929648844
			73.239414087031	-50.8795929648844
			73.239414087031	-50.9195926448883
			73.1994144070271	-50.9195926448883
			73.1594147270233	-50.9195926448883
			73.1194150470194	-50.9595923248921
			73.0794153670156	-50.9595923248921
			73.0394156870118	-50.9595923248921
			72.9994160070079	-50.9595923248921
			72.9594163270041	-50.9995920048959
			72.9194166470002	-50.9995920048959
			72.8794169669964	-50.9995920048959
			72.8394172869926	-50.9995920048959
			72.7994176069887	-51.0395916848998
			72.7594179269849	-51.0395916848998
			72.719418246981	-51.0395916848998
			72.6794185669772	-51.0795913649036
			72.6394188869734	-51.0795913649036
			72.5994192069695	-51.0795913649036
			72.5594195269657	-51.0795913649036
			72.5194198469618	-51.0795913649036
			72.479420166958	-51.0795913649036
			72.4394204869541	-51.1195910449075
			72.3994208069503	-51.1195910449075
			72.3594211269465	-51.1195910449075
			72.3194214469426	-51.1195910449075
			72.2794217669388	-51.1195910449075
			72.239422086935	-51.1195910449075
			72.1994224069311	-51.1595907249113
			72.1594227269273	-51.1595907249113
			72.1194230469234	-51.1595907249113
			72.0794233669196	-51.1595907249113
			72.0394236869158	-51.1595907249113
			71.9994240069119	-51.1595907249113
			71.9594243269081	-51.1595907249113
			71.9194246469042	-51.1595907249113
			71.8794249669004	-51.1595907249113
			71.8394252868966	-51.1595907249113
			71.7994256068927	-51.1595907249113
			71.7594259268889	-51.1595907249113
			71.719426246885	-51.1595907249113
			71.6794265668812	-51.1595907249113
			71.6394268868774	-51.1595907249113
			71.5994272068735	-51.1595907249113
			71.5594275268697	-51.1595907249113
			71.5194278468658	-51.1595907249113
			71.479428166862	-51.1595907249113
			71.4394284868581	-51.1595907249113
			71.3994288068543	-51.1595907249113
			71.3594291268505	-51.1595907249113
			71.3194294468466	-51.1595907249113
			71.2794297668428	-51.1595907249113
			71.239430086839	-51.1595907249113
			71.1994304068351	-51.1595907249113
			71.1594307268313	-51.1595907249113
			71.1194310468274	-51.1195910449075
			71.0794313668236	-51.1195910449075
			71.0394316868198	-51.1195910449075
			70.9994320068159	-51.1195910449075
			70.9594323268121	-51.1195910449075
			70.9194326468082	-51.1195910449075
			70.8794329668044	-51.0795913649036
			70.8394332868006	-51.0795913649036
			70.7994336067967	-51.0795913649036
			70.7594339267929	-51.0795913649036
			70.719434246789	-51.0395916848998
			70.6794345667852	-51.0395916848998
			70.6394348867814	-51.0395916848998
			70.5994352067775	-50.9995920048959
			70.5594355267737	-50.9995920048959
			70.5194358467698	-50.9995920048959
			70.479436166766	-50.9595923248921
			70.4394364867622	-50.9595923248921
			70.3994368067583	-50.9595923248921
			70.3594371267545	-50.9195926448883
			70.3194374467506	-50.9195926448883
			70.2794377667468	-50.9195926448883
			70.239438086743	-50.8795929648844
			70.1994384067391	-50.8795929648844
			70.1594387267353	-50.8795929648844
			70.1194390467314	-50.8395932848806
			70.0794393667276	-50.7995936048767
			70.0394396867238	-50.7995936048767
			69.9994400067199	-50.7995936048767
			69.9594403267161	-50.8395932848806
			69.9194406467122	-50.8395932848806
			69.8794409667084	-50.8795929648844
			69.8394412867046	-50.8795929648844
			69.7994416067007	-50.8795929648844
			69.7594419266969	-50.8795929648844
			69.719442246693	-50.9195926448883
			69.6794425666892	-50.9195926448883
			69.6394428866854	-50.9195926448883
			69.5994432066815	-50.9595923248921
			69.5594435266777	-50.9595923248921
			69.5194438466738	-50.9595923248921
			69.47944416667	-50.9995920048959
			69.4394444866662	-50.9995920048959
			69.3994448066623	-50.9995920048959
			69.3594451266585	-50.9995920048959
			69.3194454466546	-51.0395916848998
			69.2794457666508	-51.0395916848998
			69.239446086647	-51.0395916848998
			69.1994464066431	-51.0395916848998
			69.1594467266393	-51.0795913649036
			69.1194470466354	-51.0795913649036
			69.0794473666316	-51.0795913649036
			69.0394476866278	-51.0795913649036
			68.9994480066239	-51.0795913649036
			68.9594483266201	-51.1195910449075
			68.9194486466162	-51.1195910449075
			68.8794489666124	-51.1195910449075
			68.8394492866086	-51.1195910449075
			68.7994496066047	-51.1195910449075
			68.7594499266009	-51.1595907249113
			68.719450246597	-51.1595907249113
			68.6794505665932	-51.1595907249113
			68.6394508865894	-51.1595907249113
			68.5994512065855	-51.1595907249113
			68.5594515265817	-51.1595907249113
			68.5194518465778	-51.1995904049151
			68.479452166574	-51.1995904049151
			68.4394524865702	-51.1995904049151
			68.3994528065663	-51.1995904049151
			68.3594531265625	-51.1995904049151
			68.3194534465586	-51.1995904049151
			68.2794537665548	-51.1995904049151
			68.239454086551	-51.1995904049151
			68.1994544065471	-51.1995904049151
			68.1594547265433	-51.1995904049151
			68.1194550465394	-51.239590084919
			68.0794553665356	-51.239590084919
			68.0394556865318	-51.239590084919
			67.9994560065279	-51.239590084919
			67.9594563265241	-51.239590084919
			67.9194566465202	-51.239590084919
			67.8794569665164	-51.239590084919
			67.8394572865126	-51.239590084919
			67.7994576065087	-51.239590084919
			67.7594579265049	-51.239590084919
			67.719458246501	-51.239590084919
			67.6794585664972	-51.239590084919
			67.6394588864934	-51.239590084919
			67.5994592064895	-51.239590084919
			67.5594595264857	-51.239590084919
			67.5194598464818	-51.239590084919
			67.479460166478	-51.239590084919
			67.4394604864742	-51.239590084919
			67.3994608064703	-51.239590084919
			67.3594611264665	-51.239590084919
			67.3194614464626	-51.239590084919
			67.2794617664588	-51.239590084919
			67.239462086455	-51.239590084919
			67.1994624064511	-51.239590084919
			67.1594627264473	-51.239590084919
			67.1194630464434	-51.239590084919
			67.0794633664396	-51.239590084919
			67.0394636864358	-51.239590084919
			66.9994640064319	-51.239590084919
			66.9594643264281	-51.1995904049151
			66.9194646464242	-51.1995904049151
			66.8794649664204	-51.1995904049151
			66.8394652864166	-51.1995904049151
			66.7994656064127	-51.1995904049151
			66.7594659264089	-51.1995904049151
			66.719466246405	-51.1995904049151
			66.6794665664012	-51.1995904049151
			66.6394668863974	-51.1995904049151
			66.5994672063935	-51.1995904049151
			66.5594675263897	-51.1595907249113
			66.5194678463858	-51.1595907249113
			66.479468166382	-51.1595907249113
			66.4394684863782	-51.1595907249113
			66.3994688063743	-51.1595907249113
			66.3594691263705	-51.1595907249113
			66.3194694463666	-51.1595907249113
			66.2794697663628	-51.1195910449075
			66.239470086359	-51.1195910449075
			66.1994704063551	-51.1195910449075
			66.1594707263513	-51.1195910449075
			66.1194710463474	-51.1195910449075
			66.0794713663436	-51.1195910449075
			66.0394716863398	-51.0795913649036
			65.9994720063359	-51.0795913649036
			65.9594723263321	-51.0795913649036
			65.9194726463282	-51.0795913649036
			65.8794729663244	-51.0795913649036
			65.8394732863206	-51.0395916848998
			65.7994736063167	-51.0395916848998
			65.7594739263129	-51.0395916848998
			65.719474246309	-51.0395916848998
			65.6794745663052	-51.0395916848998
			65.6394748863014	-50.9995920048959
			65.5994752062975	-50.9995920048959
			65.5594755262937	-50.9995920048959
			65.5194758462898	-50.9995920048959
			65.479476166286	-50.9595923248921
			65.4394764862822	-50.9595923248921
			65.3994768062783	-50.9595923248921
			65.3594771262745	-50.9595923248921
			65.3194774462706	-50.9195926448883
			65.2794777662668	-50.9195926448883
			65.239478086263	-50.9195926448883
			65.1994784062591	-50.8795929648844
			65.1594787262553	-50.8795929648844
			65.1194790462514	-50.8795929648844
			65.0794793662476	-50.8795929648844
			65.0394796862438	-50.8795929648844
			64.9994800062399	-50.9195926448883
			64.9594803262361	-50.9195926448883
			64.9194806462322	-50.9195926448883
			64.8794809662284	-50.9195926448883
			64.8394812862246	-50.9195926448883
			64.7994816062207	-50.9195926448883
			64.7594819262169	-50.9195926448883
			64.719482246213	-50.9595923248921
			64.6794825662092	-50.9595923248921
			64.6394828862054	-50.9595923248921
			64.5994832062015	-50.9595923248921
			64.5594835261977	-50.9595923248921
			64.5194838461938	-50.9995920048959
			64.47948416619	-50.9995920048959
			64.4394844861862	-50.9995920048959
			64.3994848061823	-50.9995920048959
			64.3594851261785	-50.9995920048959
			64.3194854461746	-50.9995920048959
			64.2794857661708	-50.9995920048959
			64.239486086167	-51.0395916848998
			64.1994864061631	-51.0395916848998
			64.1594867261593	-51.0395916848998
			64.1194870461554	-51.0395916848998
			64.0794873661516	-51.0395916848998
			64.0394876861478	-51.0395916848998
			63.9994880061439	-51.0395916848998
			63.9994880061439	-51.0795913649036
			63.9594883261401	-51.0795913649036
			63.9194886461362	-51.0795913649036
			63.8794889661324	-51.0795913649036
			63.8394892861286	-51.0795913649036
			63.7994896061247	-51.0795913649036
			63.7594899261209	-51.0795913649036
			63.719490246117	-51.0795913649036
			63.719490246117	-51.1195910449075
			63.6794905661132	-51.1195910449075
			63.6394908861094	-51.1195910449075
			63.5994912061055	-51.1195910449075
			63.5594915261017	-51.1195910449075
			63.5194918460978	-51.1195910449075
			63.479492166094	-51.1195910449075
			63.4394924860902	-51.1195910449075
			63.3994928060863	-51.1595907249113
			63.3594931260825	-51.1595907249113
			63.3194934460786	-51.1595907249113
			63.2794937660748	-51.1595907249113
			63.239494086071	-51.1595907249113
			63.1994944060671	-51.1595907249113
			63.1594947260633	-51.1595907249113
			63.1194950460594	-51.1595907249113
			63.0794953660556	-51.1995904049151
			63.0394956860518	-51.1995904049151
			62.9994960060479	-51.1995904049151
			62.9594963260441	-51.1995904049151
			62.9194966460402	-51.1995904049151
			62.8794969660364	-51.1995904049151
			62.8394972860326	-51.1995904049151
			62.7994976060287	-51.1995904049151
			62.7594979260249	-51.1995904049151
			62.719498246021	-51.239590084919
			62.6794985660172	-51.239590084919
			62.6394988860134	-51.239590084919
			62.5994992060095	-51.239590084919
			62.5594995260057	-51.239590084919
			62.5194998460018	-51.239590084919
			62.479500165998	-51.239590084919
			62.4395004859942	-51.239590084919
			62.3995008059903	-51.239590084919
			62.3595011259865	-51.2795897649228
			62.3195014459826	-51.2795897649228
			62.2795017659788	-51.2795897649228
			62.239502085975	-51.2795897649228
			62.1995024059711	-51.2795897649228
			62.1595027259673	-51.2795897649228
			62.1195030459634	-51.2795897649228
			62.0795033659596	-51.2795897649228
			62.0395036859558	-51.2795897649228
			61.9995040059519	-51.2795897649228
			61.9595043259481	-51.2795897649228
			61.9195046459442	-51.3195894449267
			61.8795049659404	-51.3195894449267
			61.8395052859366	-51.3195894449267
			61.7995056059327	-51.3195894449267
			61.7595059259289	-51.3195894449267
			61.719506245925	-51.3195894449267
			61.6795065659212	-51.3195894449267
			61.6395068859174	-51.3195894449267
			61.5995072059135	-51.3195894449267
			61.5595075259097	-51.3195894449267
			61.5195078459058	-51.3195894449267
			61.479508165902	-51.3195894449267
			61.4395084858982	-51.3195894449267
			61.3995088058943	-51.3195894449267
			61.3595091258905	-51.3195894449267
			61.3195094458866	-51.3595891249305
			61.2795097658828	-51.3595891249305
			61.239510085879	-51.3595891249305
			61.1995104058751	-51.3595891249305
			61.1595107258713	-51.3595891249305
			61.1195110458674	-51.3595891249305
			61.0795113658636	-51.3595891249305
			61.0395116858598	-51.3595891249305
			60.9995120058559	-51.3595891249305
			60.9595123258521	-51.3595891249305
			60.9195126458482	-51.3595891249305
			60.8795129658444	-51.3595891249305
			60.8395132858406	-51.3595891249305
			60.7995136058367	-51.3595891249305
			60.7595139258329	-51.3595891249305
			60.719514245829	-51.3595891249305
			60.6795145658252	-51.3595891249305
			60.6395148858214	-51.3595891249305
			60.5995152058175	-51.3595891249305
			60.5595155258137	-51.3595891249305
			60.5195158458098	-51.3595891249305
			60.479516165806	-51.3595891249305
			60.4395164858022	-51.3595891249305
			60.3995168057983	-51.3595891249305
			60.3595171257945	-51.3995888049343
			60.3195174457906	-51.3995888049343
			60.2795177657868	-51.3995888049343
			60.239518085783	-51.3995888049343
			60.1995184057791	-51.3995888049343
			60.1595187257753	-51.3995888049343
			60.1195190457714	-51.3995888049343
			60.0795193657676	-51.3995888049343
			60.0395196857638	-51.3995888049343
			59.9995200057599	-51.3995888049343
			59.9595203257561	-51.3995888049343
			59.9195206457523	-51.3995888049343
			59.8795209657484	-51.3995888049343
			59.8395212857446	-51.3995888049343
			59.7995216057407	-51.3995888049343
			59.7595219257369	-51.3995888049343
			59.719522245733	-51.3995888049343
			59.6795225657292	-51.3995888049343
			59.6395228857254	-51.3995888049343
			59.5995232057215	-51.3995888049343
			59.5995232057215	-51.3595891249305
			59.5595235257177	-51.3595891249305
			59.5195238457138	-51.3595891249305
			59.47952416571	-51.3595891249305
			59.4395244857062	-51.3595891249305
			59.3995248057023	-51.3595891249305
			59.3595251256985	-51.3595891249305
			59.3195254456947	-51.3595891249305
			59.2795257656908	-51.3595891249305
			59.239526085687	-51.3595891249305
			59.1995264056831	-51.3595891249305
			59.1595267256793	-51.3595891249305
			59.1195270456754	-51.3595891249305
			59.0795273656716	-51.3595891249305
			59.0395276856678	-51.3595891249305
			58.9995280056639	-51.3595891249305
			58.9595283256601	-51.3595891249305
			58.9195286456562	-51.3595891249305
			58.8795289656524	-51.3595891249305
			58.8395292856486	-51.3595891249305
			58.7995296056447	-51.3595891249305
			58.7595299256409	-51.3595891249305
			58.7195302456371	-51.3195894449267
			58.6795305656332	-51.3195894449267
			58.6395308856294	-51.3195894449267
			58.5995312056255	-51.3195894449267
			58.5595315256217	-51.3195894449267
			58.5195318456178	-51.3195894449267
			58.479532165614	-51.3195894449267
			58.4395324856102	-51.3195894449267
			58.3995328056063	-51.3195894449267
			58.3595331256025	-51.3195894449267
			58.3195334455987	-51.3195894449267
			58.2795337655948	-51.2795897649228
			58.239534085591	-51.2795897649228
			58.1995344055871	-51.2795897649228
			58.1595347255833	-51.2795897649228
			58.1195350455794	-51.2795897649228
			58.0795353655756	-51.2795897649228
			58.0395356855718	-51.2795897649228
			57.9995360055679	-51.2795897649228
			57.9595363255641	-51.239590084919
			57.9195366455602	-51.239590084919
			57.8795369655564	-51.239590084919
			57.8395372855526	-51.239590084919
			57.7995376055487	-51.239590084919
			57.7595379255449	-51.239590084919
			57.7195382455411	-51.239590084919
			57.6795385655372	-51.1995904049151
			57.6395388855334	-51.1995904049151
			57.5995392055295	-51.1995904049151
			57.5595395255257	-51.1995904049151
			57.5195398455218	-51.1995904049151
			57.479540165518	-51.1995904049151
			57.4395404855142	-51.1595907249113
			57.3995408055103	-51.1595907249113
			57.3595411255065	-51.1595907249113
			57.3195414455027	-51.1595907249113
			57.2795417654988	-51.1595907249113
			57.239542085495	-51.1195910449075
			57.1995424054911	-51.1195910449075
			57.1595427254873	-51.1195910449075
			57.1195430454835	-51.1195910449075
			57.0795433654796	-51.1195910449075
			57.0395436854758	-51.0795913649036
			56.9995440054719	-51.0795913649036
			56.9595443254681	-51.0795913649036
			56.9195446454642	-51.0795913649036
			56.8795449654604	-51.0395916848998
			56.8395452854566	-51.0395916848998
			56.7995456054527	-51.0395916848998
			56.7595459254489	-51.0395916848998
			56.7195462454451	-51.0395916848998
			56.7195462454451	-51.0795913649036
			56.6795465654412	-51.0795913649036
			56.6395468854374	-51.0795913649036
			56.5995472054335	-51.0795913649036
			56.5595475254297	-51.0795913649036
			56.5195478454259	-51.1195910449075
			56.479548165422	-51.1195910449075
			56.4395484854182	-51.1195910449075
			56.3995488054143	-51.1195910449075
			56.3595491254105	-51.1195910449075
			56.3595491254105	-51.1595907249113
			56.3195494454067	-51.1595907249113
			56.2795497654028	-51.1595907249113
			56.239550085399	-51.1595907249113
			56.1995504053951	-51.1595907249113
			56.1595507253913	-51.1595907249113
			56.1195510453875	-51.1995904049151
			56.0795513653836	-51.1995904049151
			56.0395516853798	-51.1995904049151
			55.9995520053759	-51.1995904049151
			55.9595523253721	-51.1995904049151
			55.9195526453683	-51.239590084919
			55.8795529653644	-51.239590084919
			55.8395532853606	-51.239590084919
			55.7995536053567	-51.239590084919
			55.7595539253529	-51.239590084919
			55.7195542453491	-51.2795897649228
			55.6795545653452	-51.2795897649228
			55.6395548853414	-51.2795897649228
			55.5995552053375	-51.2795897649228
			55.5595555253337	-51.2795897649228
			55.5195558453299	-51.2795897649228
			55.479556165326	-51.2795897649228
			55.4395564853222	-51.3195894449267
			55.3995568053183	-51.3195894449267
			55.3595571253145	-51.3195894449267
			55.3195574453107	-51.3195894449267
			55.2795577653068	-51.3195894449267
			55.239558085303	-51.3195894449267
			55.1995584052991	-51.3195894449267
			55.1595587252953	-51.3595891249305
			55.1195590452915	-51.3595891249305
			55.0795593652876	-51.3595891249305
			55.0395596852838	-51.3595891249305
			54.9995600052799	-51.3595891249305
			54.9595603252761	-51.3595891249305
			54.9195606452723	-51.3595891249305
			54.8795609652684	-51.3595891249305
			54.8395612852646	-51.3595891249305
			54.7995616052607	-51.3995888049343
			54.7595619252569	-51.3995888049343
			54.7195622452531	-51.3995888049343
			54.6795625652492	-51.3995888049343
			54.6395628852454	-51.3995888049343
			54.5995632052415	-51.3995888049343
			54.5595635252377	-51.3995888049343
			54.5195638452339	-51.3995888049343
			54.47956416523	-51.3995888049343
			54.4395644852262	-51.3995888049343
			54.3995648052223	-51.3995888049343
			54.3595651252185	-51.3995888049343
			54.3195654452147	-51.3995888049343
			54.2795657652108	-51.3995888049343
			54.239566085207	-51.4395884849382
			54.1995664052031	-51.4395884849382
			54.1595667251993	-51.4395884849382
			54.1195670451955	-51.4395884849382
			54.0795673651916	-51.4395884849382
			54.0395676851878	-51.4395884849382
			53.9995680051839	-51.4395884849382
			53.9595683251801	-51.4395884849382
			53.9195686451763	-51.4395884849382
			53.8795689651724	-51.4395884849382
			53.8395692851686	-51.4395884849382
			53.7995696051647	-51.4395884849382
			53.7595699251609	-51.4395884849382
			53.7195702451571	-51.4395884849382
			53.6795705651532	-51.4395884849382
			53.6395708851494	-51.4395884849382
			53.5995712051455	-51.4395884849382
			53.5595715251417	-51.4395884849382
			53.5195718451379	-51.4395884849382
			53.479572165134	-51.4395884849382
			53.4395724851302	-51.4395884849382
			53.3995728051263	-51.4395884849382
			53.3595731251225	-51.3995888049343
			53.3195734451187	-51.3995888049343
			53.2795737651148	-51.3995888049343
			53.239574085111	-51.3995888049343
			53.1995744051071	-51.3995888049343
			53.1595747251033	-51.3995888049343
			53.1195750450995	-51.3995888049343
			53.0795753650956	-51.3995888049343
			53.0395756850918	-51.3995888049343
			52.9995760050879	-51.3995888049343
			52.9595763250841	-51.3995888049343
			52.9195766450803	-51.3995888049343
			52.8795769650764	-51.3595891249305
			52.8395772850726	-51.3595891249305
			52.7995776050687	-51.3595891249305
			52.7595779250649	-51.3595891249305
			52.7195782450611	-51.3595891249305
			52.6795785650572	-51.3595891249305
			52.6395788850534	-51.3195894449267
			52.5995792050495	-51.3195894449267
			52.5595795250457	-51.3195894449267
			52.5195798450419	-51.3195894449267
			52.479580165038	-51.3195894449267
			52.4395804850342	-51.3195894449267
			52.3995808050303	-51.3595891249305
			52.3595811250265	-51.3595891249305
			52.3195814450227	-51.3595891249305
			52.2795817650188	-51.3595891249305
			52.239582085015	-51.3595891249305
			52.1995824050111	-51.3595891249305
			52.1595827250073	-51.3595891249305
			52.1195830450035	-51.3995888049343
			52.0795833649996	-51.3995888049343
			52.0395836849958	-51.3995888049343
			51.9995840049919	-51.3995888049343
			51.9595843249881	-51.3995888049343
			51.9195846449843	-51.3995888049343
			51.8795849649804	-51.3995888049343
			51.8395852849766	-51.4395884849382
			51.7995856049727	-51.4395884849382
			51.7595859249689	-51.4395884849382
			51.7195862449651	-51.4395884849382
			51.6795865649612	-51.4395884849382
			51.6395868849574	-51.4395884849382
			51.5995872049535	-51.4395884849382
			51.5595875249497	-51.4395884849382
			51.5195878449459	-51.4395884849382
			51.479588164942	-51.4395884849382
			51.4395884849382	-51.4395884849382
			51.3995888049343	-51.479588164942
			51.3595891249305	-51.479588164942
			51.3195894449267	-51.479588164942
			51.2795897649228	-51.479588164942
			51.239590084919	-51.479588164942
			51.1995904049151	-51.479588164942
			51.1595907249113	-51.479588164942
			51.1195910449075	-51.479588164942
			51.0795913649036	-51.479588164942
			51.0395916848998	-51.479588164942
			50.9995920048959	-51.479588164942
			50.9595923248921	-51.479588164942
			50.9195926448883	-51.479588164942
			50.8795929648844	-51.479588164942
			50.8395932848806	-51.479588164942
			50.7995936048767	-51.479588164942
			50.7595939248729	-51.479588164942
			50.7195942448691	-51.479588164942
			50.6795945648652	-51.479588164942
			50.6395948848614	-51.479588164942
			50.5995952048575	-51.479588164942
			50.5595955248537	-51.479588164942
			50.5195958448499	-51.479588164942
			50.479596164846	-51.479588164942
			50.4395964848422	-51.479588164942
			50.3995968048383	-51.479588164942
			50.3595971248345	-51.479588164942
			50.3195974448307	-51.479588164942
			50.2795977648268	-51.479588164942
			50.239598084823	-51.479588164942
			50.1995984048191	-51.479588164942
			50.1595987248153	-51.479588164942
			50.1195990448115	-51.479588164942
			50.0795993648076	-51.479588164942
			50.0395996848038	-51.4395884849382
			49.9996000047999	-51.4395884849382
			49.9596003247961	-51.4395884849382
			49.9196006447923	-51.4395884849382
			49.8796009647884	-51.4395884849382
			49.8396012847846	-51.4395884849382
			49.7996016047807	-51.4395884849382
			49.7596019247769	-51.4395884849382
			49.7196022447731	-51.4395884849382
			49.6796025647692	-51.3995888049343
			49.6396028847654	-51.3995888049343
			49.5996032047615	-51.3995888049343
			49.5596035247577	-51.3995888049343
			49.5196038447539	-51.3995888049343
			49.47960416475	-51.3995888049343
			49.4396044847462	-51.3995888049343
			49.3996048047423	-51.3595891249305
			49.3596051247385	-51.3595891249305
			49.3196054447347	-51.3595891249305
			49.2796057647308	-51.3595891249305
			49.239606084727	-51.3595891249305
			49.1996064047231	-51.3195894449267
			49.1596067247193	-51.3195894449267
			49.1196070447155	-51.3195894449267
			49.0796073647116	-51.3195894449267
			49.0396076847078	-51.3195894449267
			48.9996080047039	-51.2795897649228
			48.9596083247001	-51.2795897649228
			48.9196086446963	-51.2795897649228
			48.8796089646924	-51.2795897649228
			48.8396092846886	-51.239590084919
			48.7996096046847	-51.239590084919
			48.7596099246809	-51.239590084919
			48.7196102446771	-51.239590084919
			48.7196102446771	-51.1995904049151
			48.6796105646732	-51.1995904049151
			48.6396108846694	-51.1995904049151
			48.5996112046655	-51.1595907249113
			48.5596115246617	-51.1595907249113
			48.5196118446579	-51.1595907249113
			48.479612164654	-51.1595907249113
			48.4396124846502	-51.1195910449075
			48.3996128046463	-51.1195910449075
			48.3596131246425	-51.0795913649036
			48.3196134446387	-51.0795913649036
			48.2796137646348	-51.0795913649036
			48.239614084631	-51.0395916848998
			48.1996144046271	-51.0395916848998
			48.1596147246233	-51.0395916848998
			48.1196150446195	-51.0395916848998
			48.0796153646156	-51.0795913649036
			48.0396156846118	-51.0795913649036
			47.9996160046079	-51.0795913649036
			47.9596163246041	-51.0795913649036
			47.9196166446003	-51.0795913649036
			47.9196166446003	-51.1195910449075
			47.8796169645964	-51.1195910449075
			47.8396172845926	-51.1195910449075
			47.7996176045887	-51.1195910449075
			47.7596179245849	-51.1195910449075
			47.7196182445811	-51.1595907249113
			47.6796185645772	-51.1595907249113
			47.6396188845734	-51.1595907249113
			47.5996192045695	-51.1595907249113
			47.5596195245657	-51.1995904049151
			47.5196198445619	-51.1995904049151
			47.479620164558	-51.1995904049151
			47.4396204845542	-51.1995904049151
			47.3996208045503	-51.1995904049151
			47.3596211245465	-51.1995904049151
			47.3196214445427	-51.239590084919
			47.2796217645388	-51.239590084919
			47.239622084535	-51.239590084919
			47.1996224045311	-51.239590084919
			47.1596227245273	-51.239590084919
			47.1196230445235	-51.2795897649228
			47.0796233645196	-51.2795897649228
			47.0396236845158	-51.2795897649228
			46.9996240045119	-51.2795897649228
			46.9596243245081	-51.2795897649228
			46.9196246445043	-51.2795897649228
			46.9196246445043	-51.3195894449267
			46.8796249645004	-51.3195894449267
			46.8396252844966	-51.3195894449267
			46.7996256044927	-51.3195894449267
			46.7596259244889	-51.3195894449267
			46.7196262444851	-51.3195894449267
			46.6796265644812	-51.3195894449267
			46.6796265644812	-51.3595891249305
			46.6396268844774	-51.3595891249305
			46.5996272044735	-51.3595891249305
			46.5596275244697	-51.3595891249305
			46.5196278444659	-51.3595891249305
			46.479628164462	-51.3595891249305
			46.4396284844582	-51.3595891249305
			46.3996288044543	-51.3995888049343
			46.3596291244505	-51.3995888049343
			46.3196294444467	-51.3995888049343
			46.2796297644428	-51.3995888049343
			46.239630084439	-51.3995888049343
			46.1996304044351	-51.3995888049343
			46.1596307244313	-51.3995888049343
			46.1196310444275	-51.4395884849382
			46.0796313644236	-51.4395884849382
			46.0396316844198	-51.4395884849382
			45.9996320044159	-51.4395884849382
			45.9596323244121	-51.4395884849382
			45.9196326444083	-51.4395884849382
			45.8796329644044	-51.4395884849382
			45.8396332844006	-51.4395884849382
			45.7996336043967	-51.479588164942
			45.7596339243929	-51.479588164942
			45.7196342443891	-51.479588164942
			45.6796345643852	-51.479588164942
			45.6396348843814	-51.479588164942
			45.5996352043775	-51.479588164942
			45.5596355243737	-51.479588164942
			45.5196358443699	-51.479588164942
			45.479636164366	-51.479588164942
			45.4396364843622	-51.5195878449459
			45.3996368043583	-51.5195878449459
			45.3596371243545	-51.5195878449459
			45.3196374443507	-51.5195878449459
			45.2796377643468	-51.5195878449459
			45.239638084343	-51.5195878449459
			45.1996384043391	-51.5195878449459
			45.1596387243353	-51.5195878449459
			45.1196390443315	-51.5195878449459
			45.0796393643276	-51.5195878449459
			45.0396396843238	-51.5195878449459
			44.9996400043199	-51.5195878449459
			44.9596403243161	-51.5195878449459
			44.9596403243161	-51.5595875249497
			44.9196406443123	-51.5595875249497
			44.8796409643084	-51.5595875249497
			44.8396412843046	-51.5595875249497
			44.7996416043007	-51.5595875249497
			44.7596419242969	-51.5595875249497
			44.7196422442931	-51.5595875249497
			44.6796425642892	-51.5595875249497
			44.6396428842854	-51.5595875249497
			44.5996432042815	-51.5595875249497
			44.5596435242777	-51.5595875249497
			44.5196438442739	-51.5595875249497
			44.47964416427	-51.5595875249497
			44.4396444842662	-51.5595875249497
			44.3996448042623	-51.5595875249497
			44.3596451242585	-51.5595875249497
			44.3196454442547	-51.5595875249497
			44.2796457642508	-51.5595875249497
			44.239646084247	-51.5595875249497
			44.1996464042431	-51.5595875249497
			44.1596467242393	-51.5595875249497
			44.1196470442355	-51.5595875249497
			44.0796473642316	-51.5595875249497
			44.0396476842278	-51.5595875249497
			43.9996480042239	-51.5595875249497
			43.9596483242201	-51.5595875249497
			43.9196486442163	-51.5595875249497
			43.8796489642124	-51.5595875249497
			43.8396492842086	-51.5595875249497
			43.7996496042047	-51.5595875249497
			43.7596499242009	-51.5595875249497
			43.7196502441971	-51.5595875249497
			43.6796505641932	-51.5595875249497
			43.6396508841894	-51.5195878449459
			43.5996512041855	-51.5195878449459
			43.5596515241817	-51.5195878449459
			43.5196518441779	-51.5195878449459
			43.479652164174	-51.5195878449459
			43.4396524841702	-51.5195878449459
			43.3996528041664	-51.5195878449459
			43.3596531241625	-51.5195878449459
			43.3196534441587	-51.5195878449459
			43.2796537641548	-51.5195878449459
			43.239654084151	-51.479588164942
			43.1996544041471	-51.479588164942
			43.1596547241433	-51.479588164942
			43.1196550441395	-51.479588164942
			43.0796553641356	-51.479588164942
			43.0396556841318	-51.479588164942
			42.9996560041279	-51.479588164942
			42.9596563241241	-51.4395884849382
			42.9196566441203	-51.4395884849382
			42.8796569641164	-51.4395884849382
			42.8396572841126	-51.4395884849382
			42.7996576041087	-51.4395884849382
			42.7596579241049	-51.3995888049343
			42.7196582441011	-51.3995888049343
			42.6796585640972	-51.3995888049343
			42.6396588840934	-51.3995888049343
			42.5996592040895	-51.3595891249305
			42.5596595240857	-51.3595891249305
			42.5196598440819	-51.3595891249305
			42.479660164078	-51.3595891249305
			42.4396604840742	-51.3195894449267
			42.3996608040704	-51.3195894449267
			42.3596611240665	-51.3195894449267
			42.3196614440627	-51.2795897649228
			42.2796617640588	-51.2795897649228
			42.239662084055	-51.2795897649228
			42.1996624040511	-51.239590084919
			42.1596627240473	-51.239590084919
			42.1196630440435	-51.1995904049151
			42.0796633640396	-51.1995904049151
			42.0396636840358	-51.1995904049151
			41.9996640040319	-51.1595907249113
			41.9596643240281	-51.1595907249113
			41.9196646440243	-51.1195910449075
			41.8796649640204	-51.1195910449075
			41.8396652840166	-51.1195910449075
			41.7996656040128	-51.0795913649036
			41.7596659240089	-51.0795913649036
			41.7196662440051	-51.0395916848998
			41.6796665640012	-51.0395916848998
			41.6396668839974	-51.0395916848998
			41.5996672039935	-51.0395916848998
			41.5596675239897	-51.0795913649036
			41.5196678439859	-51.0795913649036
			41.479668163982	-51.0795913649036
			41.4396684839782	-51.0795913649036
			41.3996688039744	-51.0795913649036
			41.3596691239705	-51.0795913649036
			41.3196694439667	-51.1195910449075
			41.2796697639628	-51.1195910449075
			41.239670083959	-51.1195910449075
			41.1996704039552	-51.1195910449075
			41.1596707239513	-51.1195910449075
			41.1196710439475	-51.1195910449075
			41.0796713639436	-51.1195910449075
			41.0396716839398	-51.1595907249113
			40.9996720039359	-51.1595907249113
			40.9596723239321	-51.1595907249113
			40.9196726439283	-51.1595907249113
			40.8796729639244	-51.1595907249113
			40.8396732839206	-51.1595907249113
			40.7996736039168	-51.1595907249113
			40.7596739239129	-51.1995904049151
			40.7196742439091	-51.1995904049151
			40.6796745639052	-51.1995904049151
			40.6396748839014	-51.1995904049151
			40.5996752038976	-51.1995904049151
			40.5596755238937	-51.1995904049151
			40.5196758438899	-51.1995904049151
			40.479676163886	-51.1995904049151
			40.4396764838822	-51.239590084919
			40.3996768038784	-51.239590084919
			40.3596771238745	-51.239590084919
			40.3196774438707	-51.239590084919
			40.2796777638668	-51.239590084919
			40.239678083863	-51.239590084919
			40.1996784038592	-51.239590084919
			40.1596787238553	-51.239590084919
			40.1196790438515	-51.239590084919
			40.0796793638476	-51.2795897649228
			40.0396796838438	-51.2795897649228
			39.9996800038399	-51.2795897649228
			39.9596803238361	-51.2795897649228
			39.9196806438323	-51.2795897649228
			39.8796809638284	-51.2795897649228
			39.8396812838246	-51.2795897649228
			39.7996816038208	-51.2795897649228
			39.7596819238169	-51.2795897649228
			39.7196822438131	-51.2795897649228
			39.6796825638092	-51.3195894449267
			39.6396828838054	-51.3195894449267
			39.5996832038016	-51.3195894449267
			39.5596835237977	-51.3195894449267
			39.5196838437939	-51.3195894449267
			39.47968416379	-51.3195894449267
			39.4396844837862	-51.3195894449267
			39.3996848037823	-51.3195894449267
			39.3596851237785	-51.3195894449267
			39.3196854437747	-51.3195894449267
			39.2796857637708	-51.3195894449267
			39.239686083767	-51.3195894449267
			39.1996864037632	-51.3195894449267
			39.1596867237593	-51.3195894449267
			39.1196870437555	-51.3595891249305
			39.0796873637516	-51.3595891249305
			39.0396876837478	-51.3595891249305
			38.999688003744	-51.3595891249305
			38.9596883237401	-51.3595891249305
			38.9196886437363	-51.3595891249305
			38.8796889637324	-51.3595891249305
			38.8396892837286	-51.3595891249305
			38.7996896037248	-51.3595891249305
			38.7596899237209	-51.3595891249305
			38.7196902437171	-51.3595891249305
			38.6796905637132	-51.3595891249305
			38.6396908837094	-51.3595891249305
			38.5996912037056	-51.3595891249305
			38.5596915237017	-51.3595891249305
			38.5196918436979	-51.3595891249305
			38.479692163694	-51.3595891249305
			38.4396924836902	-51.3595891249305
			38.3996928036864	-51.3595891249305
			38.3596931236825	-51.3595891249305
			38.3196934436787	-51.3595891249305
			38.2796937636748	-51.3595891249305
			38.239694083671	-51.3595891249305
			38.1996944036672	-51.3595891249305
			38.1596947236633	-51.3595891249305
			38.1196950436595	-51.3595891249305
			38.0796953636556	-51.3595891249305
			38.0396956836518	-51.3595891249305
			37.999696003648	-51.3595891249305
			37.9596963236441	-51.3595891249305
			37.9196966436403	-51.3595891249305
			37.8796969636364	-51.3195894449267
			37.8396972836326	-51.3195894449267
			37.7996976036288	-51.3195894449267
			37.7596979236249	-51.3195894449267
			37.7196982436211	-51.3195894449267
			37.6796985636172	-51.3195894449267
			37.6396988836134	-51.3195894449267
			37.5996992036096	-51.3195894449267
			37.5596995236057	-51.3195894449267
			37.5196998436019	-51.3195894449267
			37.479700163598	-51.2795897649228
			37.4397004835942	-51.2795897649228
			37.3997008035904	-51.2795897649228
			37.3597011235865	-51.2795897649228
			37.3197014435827	-51.2795897649228
			37.2797017635788	-51.239590084919
			37.239702083575	-51.239590084919
			37.1997024035712	-51.239590084919
			37.1597027235673	-51.239590084919
			37.1197030435635	-51.1995904049151
			37.0797033635596	-51.1995904049151
			37.0397036835558	-51.1995904049151
			36.999704003552	-51.1595907249113
			36.9597043235481	-51.1595907249113
			36.9197046435443	-51.1595907249113
			36.8797049635404	-51.1195910449075
			36.8397052835366	-51.0795913649036
			36.7997056035328	-51.0795913649036
			36.7597059235289	-51.0795913649036
			36.7197062435251	-51.0395916848998
			36.6797065635212	-50.9995920048959
			36.6397068835174	-50.9595923248921
			36.5997072035136	-50.9195926448883
			36.5597075235097	-50.8795929648844
			36.5197078435059	-50.8395932848806
			36.5197078435059	-50.7995936048767
			36.479708163502	-50.7595939248729
			36.479708163502	-50.7195942448691
			36.4397084834982	-50.7195942448691
			36.4397084834982	-50.6795945648652
			36.4397084834982	-50.6395948848614
			36.3997088034944	-50.6795945648652
			36.3597091234905	-50.6795945648652
			36.3197094434867	-50.6795945648652
			36.2797097634828	-50.7195942448691
			36.239710083479	-50.7195942448691
			36.1997104034752	-50.7595939248729
			36.1597107234713	-50.7595939248729
			36.1197110434675	-50.7995936048767
			36.0797113634636	-50.7995936048767
			36.0397116834598	-50.7995936048767
			35.999712003456	-50.8395932848806
			35.9597123234521	-50.8395932848806
			35.9197126434483	-50.8395932848806
			35.8797129634444	-50.8795929648844
			35.8397132834406	-50.8795929648844
			35.7997136034368	-50.8795929648844
			35.7597139234329	-50.9195926448883
			35.7197142434291	-50.9195926448883
			35.6797145634252	-50.9195926448883
			35.6397148834214	-50.9595923248921
			35.5997152034176	-50.9595923248921
			35.5597155234137	-50.9995920048959
			35.5197158434099	-50.9995920048959
			35.479716163406	-50.9995920048959
			35.4397164834022	-50.9995920048959
			35.3997168033984	-51.0395916848998
			35.3597171233945	-51.0395916848998
			35.3197174433907	-51.0395916848998
			35.2797177633868	-51.0395916848998
			35.239718083383	-51.0795913649036
			35.1997184033792	-51.0795913649036
			35.1597187233753	-51.0795913649036
			35.1197190433715	-51.0795913649036
			35.0797193633676	-51.0795913649036
			35.0397196833638	-51.1195910449075
			34.99972000336	-51.1195910449075
			34.9597203233561	-51.1195910449075
			34.9197206433523	-51.1195910449075
			34.8797209633484	-51.1195910449075
			34.8397212833446	-51.1195910449075
			34.7997216033408	-51.1595907249113
			34.7597219233369	-51.1595907249113
			34.7197222433331	-51.1595907249113
			34.6797225633292	-51.1595907249113
			34.6397228833254	-51.1595907249113
			34.5997232033216	-51.1595907249113
			34.5597235233177	-51.1595907249113
			34.5197238433139	-51.1595907249113
			34.47972416331	-51.1595907249113
			34.4397244833062	-51.1595907249113
			34.3997248033024	-51.1595907249113
			34.3597251232985	-51.1595907249113
			34.3197254432947	-51.1595907249113
			34.2797257632908	-51.1595907249113
			34.239726083287	-51.1595907249113
			34.1997264032832	-51.1595907249113
			34.1597267232793	-51.1595907249113
			34.1197270432755	-51.1595907249113
			34.0797273632716	-51.1595907249113
			34.0397276832678	-51.1595907249113
			33.999728003264	-51.1595907249113
			33.9597283232601	-51.1595907249113
			33.9197286432563	-51.1595907249113
			33.8797289632524	-51.1595907249113
			33.8397292832486	-51.1195910449075
			33.7997296032448	-51.1195910449075
			33.7597299232409	-51.1195910449075
			33.7197302432371	-51.1195910449075
			33.6797305632332	-51.1195910449075
			33.6397308832294	-51.1195910449075
			33.5997312032256	-51.0795913649036
			33.5597315232217	-51.0795913649036
			33.5197318432179	-51.0795913649036
			33.479732163214	-51.0795913649036
			33.4397324832102	-51.0395916848998
			33.3997328032064	-51.0395916848998
			33.3597331232025	-51.0795913649036
			33.3197334431987	-51.0795913649036
			33.2797337631948	-51.1195910449075
			33.239734083191	-51.1195910449075
			33.1997344031872	-51.1595907249113
			33.1597347231833	-51.1995904049151
			33.1197350431795	-51.1995904049151
			33.0797353631756	-51.239590084919
			33.0397356831718	-51.239590084919
			32.999736003168	-51.239590084919
			32.9597363231641	-51.2795897649228
			32.9197366431603	-51.2795897649228
			32.8797369631564	-51.2795897649228
			32.8397372831526	-51.3195894449267
			32.7997376031488	-51.3195894449267
			32.7597379231449	-51.3195894449267
			32.7197382431411	-51.3195894449267
			32.6797385631372	-51.3195894449267
			32.6397388831334	-51.3195894449267
			32.5997392031296	-51.3195894449267
			32.5597395231257	-51.3195894449267
			32.5197398431219	-51.2795897649228
			32.479740163118	-51.2795897649228
			32.4397404831142	-51.239590084919
			32.3997408031104	-51.1995904049151
			32.3597411231065	-51.1995904049151
			32.3197414431027	-51.1595907249113
			32.3197414431027	-51.1195910449075
			32.2797417630988	-51.0795913649036
			32.2797417630988	-51.0395916848998
			32.239742083095	-50.9995920048959
			32.239742083095	-50.9595923248921
			32.239742083095	-50.9195926448883
			32.1997424030912	-50.8795929648844
			32.1997424030912	-50.8395932848806
			32.1997424030912	-50.7995936048767
			32.1997424030912	-50.7595939248729
			32.1997424030912	-50.7195942448691
			32.1597427230873	-50.7195942448691
			32.1597427230873	-50.6795945648652
			32.1597427230873	-50.6395948848614
			32.1597427230873	-50.5995952048575
			32.1597427230873	-50.5595955248537
			32.1597427230873	-50.5195958448499
		</c2>
	</curves.scaled>
	<ruler.points type=matrix rownames=TRUE colnames=FALSE nrow=2 ncol=2 as.numeric=TRUE >
		Ruler point 1	2166	278
		Ruler point 2	2416	277
	</ruler.points>
</shapes>

