<shapes type=list>
	<ruler.pixel type=vector names=FALSE length=1 as.numeric=TRUE >250.001999992</ruler.pixel>
	<ruler.interval type=vector names=FALSE length=1 as.numeric=TRUE >10</ruler.interval>
	<scaling.units type=vector names=FALSE length=1 as.numeric=FALSE >undefined</scaling.units>
	<scaling type=vector names=FALSE length=1 as.numeric=TRUE >0.03999968000384</scaling>
	<landmarks.pixel type=matrix rownames=TRUE colnames=FALSE nrow=2 ncol=2 as.numeric=TRUE >
		LM1	785	1310
		LM2	2016	1295
	</landmarks.pixel>
	<landmarks.scaled type=matrix rownames=TRUE colnames=FALSE nrow=2 ncol=2 as.numeric=TRUE >
		LM1	31.3997488030144	-52.3995808050303
		LM2	80.6393548877413	-51.7995856049727
	</landmarks.scaled>
	<curves.control type=list>
		<c1 type=matrix rownames=FALSE colnames=FALSE nrow=17 ncol=2 as.numeric=TRUE >
			785	1310
			836	1282
			872	1236
			1002	1173
			1061	1113
			1196	1060
			1260	1015
			1357	992
			1444	963
			1537	935
			1562	979
			1679	1033
			1741	1089
			1797	1115
			1867	1180
			1972	1254
			2016	1295
		</c1>
		<c2 type=matrix rownames=FALSE colnames=FALSE nrow=25 ncol=2 as.numeric=TRUE >
			2016	1295
			2006	1301
			1991	1298
			1972	1305
			1949	1287
			1929	1299
			1885	1291
			1839	1301
			1789	1281
			1721	1301
			1675	1284
			1593	1284
			1553	1270
			1389	1287
			1348	1268
			1312	1277
			1267	1270
			1210	1281
			1142	1278
			1080	1292
			1019	1271
			974	1292
			835	1297
			808	1309
			785	1310
		</c2>
	</curves.control>
	<curves.pixel type=list>
		<c1 type=matrix rownames=FALSE colnames=FALSE nrow=1308 ncol=2 as.numeric=TRUE >
			785	1310
			786	1310
			786	1309
			787	1309
			788	1308
			789	1308
			790	1307
			791	1307
			792	1306
			793	1305
			794	1305
			795	1304
			796	1304
			797	1303
			798	1302
			799	1302
			800	1301
			801	1300
			802	1300
			803	1299
			804	1299
			805	1298
			806	1297
			807	1297
			808	1296
			809	1296
			810	1295
			810	1294
			811	1294
			812	1293
			813	1292
			814	1292
			815	1291
			816	1290
			817	1290
			818	1289
			818	1288
			819	1288
			820	1287
			821	1286
			822	1286
			823	1285
			824	1284
			825	1284
			825	1283
			826	1282
			827	1282
			828	1281
			829	1280
			830	1280
			831	1279
			831	1278
			832	1278
			833	1277
			834	1276
			835	1275
			836	1275
			836	1274
			837	1273
			838	1272
			839	1272
			840	1271
			840	1270
			841	1269
			842	1269
			843	1268
			844	1267
			844	1266
			845	1266
			846	1265
			847	1264
			848	1263
			849	1262
			850	1261
			851	1260
			852	1259
			853	1258
			854	1257
			855	1256
			856	1255
			857	1254
			857	1253
			858	1252
			859	1251
			860	1250
			861	1249
			862	1248
			863	1247
			864	1246
			864	1245
			865	1244
			866	1243
			867	1242
			868	1241
			869	1240
			870	1239
			870	1238
			871	1237
			872	1236
			873	1235
			874	1235
			875	1234
			876	1234
			877	1234
			878	1233
			879	1233
			880	1232
			881	1232
			881	1231
			882	1231
			883	1231
			884	1230
			885	1230
			886	1229
			887	1229
			888	1228
			889	1228
			890	1227
			891	1227
			891	1226
			892	1226
			893	1225
			894	1225
			895	1225
			896	1224
			897	1224
			898	1223
			899	1223
			899	1222
			900	1222
			901	1221
			902	1221
			903	1221
			904	1220
			905	1220
			906	1219
			907	1218
			908	1218
			909	1217
			910	1217
			911	1216
			912	1216
			913	1215
			914	1215
			915	1214
			916	1213
			917	1213
			918	1212
			919	1212
			920	1211
			921	1211
			922	1210
			923	1210
			924	1209
			925	1209
			926	1208
			927	1208
			928	1207
			929	1206
			930	1206
			931	1205
			932	1205
			933	1204
			934	1204
			935	1203
			936	1203
			937	1202
			938	1202
			939	1201
			940	1201
			941	1200
			942	1199
			943	1199
			944	1198
			945	1198
			946	1197
			947	1196
			948	1196
			949	1196
			949	1195
			950	1195
			951	1194
			952	1194
			953	1193
			954	1192
			955	1192
			956	1191
			957	1191
			958	1190
			959	1189
			960	1189
			961	1188
			962	1188
			963	1187
			964	1187
			965	1186
			966	1185
			967	1184
			968	1184
			969	1184
			969	1183
			970	1183
			971	1182
			972	1182
			973	1181
			974	1180
			975	1180
			976	1179
			977	1179
			978	1178
			979	1177
			980	1176
			981	1176
			982	1175
			983	1174
			984	1174
			985	1173
			986	1173
			987	1172
			988	1171
			989	1170
			990	1170
			991	1169
			992	1168
			993	1168
			994	1167
			995	1166
			996	1166
			997	1165
			998	1164
			999	1164
			1000	1163
			1001	1162
			1002	1162
			1003	1161
			1004	1160
			1005	1159
			1006	1159
			1007	1158
			1008	1157
			1009	1157
			1010	1156
			1011	1155
			1012	1155
			1013	1154
			1014	1153
			1015	1153
			1016	1152
			1016	1151
			1017	1151
			1018	1150
			1019	1149
			1020	1149
			1021	1148
			1022	1147
			1023	1147
			1024	1146
			1024	1145
			1025	1145
			1026	1144
			1027	1143
			1028	1143
			1029	1142
			1030	1141
			1031	1140
			1032	1139
			1033	1138
			1034	1137
			1035	1137
			1036	1136
			1037	1135
			1038	1134
			1039	1133
			1040	1133
			1041	1132
			1042	1131
			1043	1130
			1044	1129
			1045	1129
			1045	1128
			1046	1127
			1047	1126
			1048	1125
			1049	1125
			1050	1124
			1051	1123
			1052	1122
			1052	1121
			1053	1121
			1054	1120
			1055	1119
			1056	1118
			1057	1117
			1058	1116
			1059	1115
			1060	1114
			1061	1113
			1062	1113
			1063	1112
			1064	1112
			1065	1111
			1066	1111
			1067	1111
			1068	1110
			1069	1110
			1070	1110
			1071	1109
			1072	1109
			1072	1108
			1073	1108
			1074	1108
			1075	1107
			1076	1107
			1077	1107
			1078	1106
			1079	1106
			1080	1106
			1081	1105
			1082	1105
			1082	1104
			1083	1104
			1084	1104
			1085	1103
			1086	1103
			1087	1103
			1088	1102
			1089	1102
			1090	1101
			1091	1101
			1092	1100
			1093	1100
			1094	1100
			1095	1099
			1096	1099
			1097	1098
			1098	1098
			1099	1098
			1100	1097
			1101	1097
			1102	1096
			1103	1096
			1104	1096
			1105	1095
			1106	1095
			1107	1094
			1108	1094
			1109	1093
			1110	1093
			1111	1093
			1111	1092
			1112	1092
			1113	1092
			1114	1091
			1115	1091
			1116	1090
			1117	1090
			1118	1090
			1119	1089
			1120	1089
			1121	1088
			1122	1088
			1123	1087
			1124	1087
			1125	1087
			1126	1086
			1127	1086
			1128	1085
			1129	1085
			1130	1084
			1131	1084
			1132	1083
			1133	1083
			1134	1082
			1135	1082
			1136	1082
			1137	1081
			1138	1081
			1139	1080
			1140	1080
			1141	1079
			1142	1079
			1143	1078
			1144	1078
			1145	1078
			1146	1077
			1147	1077
			1148	1076
			1149	1076
			1150	1075
			1151	1075
			1152	1074
			1153	1074
			1154	1074
			1155	1073
			1156	1073
			1157	1072
			1158	1072
			1159	1071
			1160	1071
			1161	1070
			1162	1070
			1163	1070
			1164	1069
			1165	1069
			1165	1068
			1166	1068
			1167	1067
			1168	1067
			1169	1066
			1170	1066
			1171	1066
			1172	1065
			1173	1065
			1174	1064
			1175	1064
			1175	1063
			1176	1063
			1177	1062
			1178	1062
			1179	1062
			1180	1061
			1181	1061
			1182	1060
			1183	1060
			1183	1059
			1184	1059
			1185	1059
			1186	1058
			1187	1058
			1188	1057
			1189	1057
			1189	1056
			1190	1056
			1191	1056
			1192	1055
			1193	1055
			1194	1054
			1195	1053
			1196	1053
			1197	1052
			1198	1052
			1199	1051
			1200	1051
			1201	1050
			1202	1050
			1203	1049
			1204	1049
			1205	1048
			1206	1048
			1207	1047
			1208	1047
			1209	1046
			1210	1046
			1211	1045
			1212	1045
			1213	1044
			1214	1044
			1214	1043
			1215	1043
			1216	1042
			1217	1042
			1218	1041
			1219	1041
			1220	1040
			1221	1040
			1222	1039
			1223	1039
			1223	1038
			1224	1038
			1225	1037
			1226	1037
			1227	1036
			1228	1036
			1229	1035
			1230	1034
			1231	1033
			1232	1033
			1233	1032
			1234	1032
			1235	1031
			1236	1031
			1237	1030
			1238	1029
			1239	1029
			1240	1028
			1241	1028
			1242	1027
			1243	1026
			1244	1026
			1245	1025
			1246	1025
			1247	1024
			1248	1023
			1249	1022
			1250	1022
			1251	1021
			1252	1020
			1253	1020
			1254	1019
			1255	1018
			1256	1018
			1257	1017
			1258	1016
			1259	1016
			1260	1015
			1261	1015
			1262	1015
			1263	1014
			1264	1014
			1265	1014
			1266	1014
			1266	1013
			1267	1013
			1268	1013
			1269	1013
			1270	1013
			1271	1012
			1272	1012
			1273	1012
			1274	1012
			1275	1011
			1276	1011
			1277	1011
			1278	1011
			1279	1010
			1280	1010
			1281	1010
			1282	1010
			1283	1009
			1284	1009
			1285	1009
			1286	1009
			1287	1008
			1288	1008
			1289	1008
			1290	1008
			1291	1007
			1292	1007
			1293	1007
			1294	1007
			1295	1006
			1296	1006
			1297	1006
			1298	1006
			1299	1005
			1300	1005
			1301	1005
			1302	1005
			1303	1004
			1304	1004
			1305	1004
			1306	1003
			1307	1003
			1308	1003
			1309	1003
			1310	1003
			1311	1002
			1312	1002
			1313	1002
			1314	1002
			1315	1001
			1316	1001
			1317	1001
			1318	1000
			1319	1000
			1320	1000
			1321	1000
			1322	999
			1323	999
			1324	999
			1325	999
			1326	998
			1327	998
			1328	998
			1329	998
			1330	997
			1331	997
			1332	997
			1333	997
			1334	996
			1335	996
			1336	996
			1337	995
			1338	995
			1339	995
			1340	995
			1340	994
			1341	994
			1342	994
			1343	994
			1344	994
			1345	993
			1346	993
			1347	993
			1348	992
			1349	992
			1350	992
			1351	991
			1352	991
			1353	991
			1354	991
			1355	990
			1356	990
			1357	990
			1358	990
			1359	989
			1360	989
			1361	989
			1362	988
			1363	988
			1364	988
			1365	988
			1366	987
			1367	987
			1368	987
			1369	986
			1370	986
			1371	986
			1372	986
			1373	985
			1374	985
			1375	985
			1376	984
			1377	984
			1378	984
			1379	983
			1380	983
			1381	983
			1382	983
			1383	982
			1384	982
			1385	982
			1386	981
			1387	981
			1388	981
			1389	980
			1390	980
			1391	980
			1392	979
			1393	979
			1394	979
			1395	979
			1396	978
			1397	978
			1398	978
			1399	977
			1400	977
			1401	977
			1402	976
			1403	976
			1404	976
			1405	975
			1406	975
			1407	975
			1408	975
			1409	974
			1410	974
			1411	974
			1412	973
			1413	973
			1414	973
			1415	972
			1416	972
			1417	972
			1418	971
			1419	971
			1420	971
			1421	971
			1422	970
			1423	970
			1424	970
			1425	969
			1426	969
			1427	969
			1428	968
			1429	968
			1430	968
			1431	967
			1432	967
			1433	967
			1434	966
			1435	966
			1436	965
			1437	965
			1438	965
			1439	965
			1440	964
			1441	964
			1442	964
			1443	963
			1444	963
			1445	963
			1446	963
			1446	962
			1447	962
			1448	962
			1449	962
			1450	961
			1451	961
			1452	961
			1453	961
			1453	960
			1454	960
			1455	960
			1456	960
			1457	959
			1458	959
			1459	959
			1460	959
			1461	958
			1462	958
			1463	958
			1464	958
			1465	957
			1466	957
			1467	957
			1468	957
			1469	956
			1470	956
			1471	956
			1472	956
			1473	956
			1474	956
			1475	955
			1476	955
			1477	955
			1478	955
			1479	955
			1480	954
			1481	954
			1482	954
			1483	954
			1484	954
			1485	954
			1486	954
			1487	953
			1488	953
			1489	953
			1490	953
			1491	953
			1492	953
			1493	953
			1494	953
			1495	953
			1496	952
			1497	952
			1498	952
			1499	952
			1500	952
			1501	952
			1502	952
			1503	952
			1504	952
			1505	952
			1506	952
			1507	952
			1508	952
			1509	952
			1510	952
			1511	952
			1512	952
			1513	952
			1514	952
			1515	952
			1516	953
			1517	953
			1518	953
			1519	953
			1520	953
			1521	953
			1522	953
			1523	954
			1524	954
			1525	954
			1526	954
			1527	954
			1528	955
			1529	955
			1530	955
			1531	955
			1532	956
			1533	956
			1534	956
			1535	957
			1536	957
			1537	958
			1538	958
			1539	958
			1540	959
			1541	959
			1542	960
			1543	960
			1544	961
			1545	961
			1546	962
			1547	962
			1547	963
			1548	963
			1549	964
			1550	965
			1551	965
			1551	966
			1552	967
			1553	967
			1554	968
			1554	969
			1555	969
			1556	970
			1556	971
			1557	972
			1558	972
			1558	973
			1559	974
			1559	975
			1560	976
			1561	977
			1562	978
			1562	979
			1563	980
			1564	980
			1565	981
			1566	981
			1567	981
			1568	982
			1569	982
			1570	983
			1571	983
			1572	984
			1573	984
			1574	985
			1575	985
			1576	986
			1577	986
			1578	987
			1579	987
			1580	987
			1581	988
			1582	988
			1583	989
			1584	990
			1585	990
			1586	990
			1587	991
			1588	991
			1588	992
			1589	992
			1590	992
			1591	993
			1592	993
			1593	994
			1594	994
			1594	995
			1595	995
			1596	995
			1597	996
			1598	996
			1599	997
			1600	997
			1601	998
			1602	998
			1603	999
			1604	999
			1605	1000
			1606	1000
			1607	1001
			1608	1001
			1609	1002
			1610	1002
			1611	1003
			1612	1003
			1613	1004
			1614	1004
			1615	1005
			1616	1005
			1617	1006
			1618	1006
			1619	1007
			1620	1007
			1621	1008
			1622	1009
			1623	1009
			1624	1010
			1625	1010
			1626	1011
			1627	1012
			1628	1012
			1629	1012
			1630	1013
			1631	1014
			1632	1014
			1633	1015
			1634	1015
			1635	1016
			1636	1016
			1637	1017
			1638	1017
			1639	1018
			1640	1018
			1641	1019
			1642	1020
			1643	1020
			1644	1021
			1645	1022
			1646	1022
			1647	1023
			1648	1023
			1649	1024
			1650	1025
			1651	1025
			1652	1026
			1653	1026
			1654	1027
			1655	1027
			1656	1028
			1657	1028
			1658	1029
			1659	1029
			1659	1030
			1660	1030
			1661	1031
			1662	1032
			1663	1032
			1664	1033
			1665	1033
			1666	1034
			1667	1034
			1667	1035
			1668	1035
			1669	1036
			1670	1036
			1671	1037
			1672	1038
			1673	1038
			1674	1039
			1675	1040
			1676	1040
			1677	1041
			1678	1042
			1679	1042
			1680	1043
			1681	1044
			1682	1044
			1683	1045
			1684	1046
			1685	1046
			1686	1047
			1687	1048
			1688	1048
			1689	1049
			1690	1050
			1691	1050
			1692	1051
			1693	1052
			1694	1052
			1695	1053
			1696	1054
			1697	1054
			1698	1055
			1699	1056
			1700	1056
			1701	1057
			1702	1057
			1702	1058
			1703	1059
			1704	1059
			1705	1060
			1706	1061
			1707	1061
			1708	1062
			1709	1063
			1710	1063
			1711	1064
			1711	1065
			1712	1065
			1713	1066
			1714	1067
			1715	1067
			1716	1068
			1717	1069
			1718	1070
			1719	1071
			1720	1072
			1721	1072
			1722	1073
			1723	1074
			1724	1075
			1725	1076
			1726	1076
			1727	1077
			1728	1078
			1729	1079
			1730	1080
			1731	1080
			1732	1081
			1733	1082
			1734	1083
			1735	1084
			1736	1084
			1737	1085
			1738	1086
			1738	1087
			1739	1088
			1740	1088
			1741	1089
			1742	1089
			1743	1090
			1744	1090
			1744	1091
			1745	1091
			1746	1091
			1747	1092
			1748	1092
			1748	1093
			1749	1093
			1750	1093
			1751	1094
			1752	1094
			1752	1095
			1753	1095
			1754	1095
			1755	1096
			1756	1096
			1757	1097
			1758	1098
			1759	1098
			1760	1099
			1761	1099
			1762	1100
			1763	1101
			1764	1101
			1765	1102
			1766	1102
			1767	1103
			1768	1103
			1769	1104
			1770	1105
			1771	1105
			1772	1106
			1773	1107
			1774	1107
			1775	1108
			1776	1108
			1777	1109
			1778	1110
			1779	1110
			1780	1111
			1781	1111
			1782	1112
			1783	1113
			1784	1113
			1785	1114
			1786	1114
			1786	1115
			1787	1116
			1788	1116
			1789	1117
			1790	1117
			1790	1118
			1791	1118
			1792	1119
			1793	1119
			1793	1120
			1794	1120
			1795	1121
			1796	1121
			1796	1122
			1797	1122
			1798	1123
			1799	1123
			1799	1124
			1800	1125
			1801	1125
			1802	1126
			1803	1126
			1803	1127
			1804	1127
			1805	1128
			1806	1129
			1807	1129
			1807	1130
			1808	1130
			1809	1131
			1810	1132
			1811	1133
			1812	1133
			1813	1134
			1814	1135
			1815	1136
			1816	1136
			1817	1137
			1818	1138
			1819	1139
			1820	1139
			1821	1140
			1822	1141
			1823	1142
			1824	1142
			1825	1143
			1826	1144
			1827	1145
			1828	1146
			1829	1146
			1830	1147
			1831	1148
			1831	1149
			1832	1150
			1833	1150
			1834	1151
			1835	1152
			1836	1153
			1837	1154
			1838	1155
			1839	1155
			1840	1156
			1841	1157
			1842	1158
			1843	1159
			1844	1160
			1845	1161
			1846	1161
			1847	1162
			1848	1163
			1849	1164
			1850	1165
			1851	1166
			1852	1167
			1853	1168
			1854	1169
			1855	1169
			1856	1170
			1857	1171
			1858	1172
			1859	1172
			1859	1173
			1860	1174
			1861	1174
			1861	1175
			1862	1175
			1862	1176
			1863	1176
			1864	1177
			1865	1178
			1866	1179
			1867	1180
			1868	1181
			1869	1181
			1870	1182
			1871	1183
			1872	1184
			1873	1185
			1874	1185
			1875	1185
			1875	1186
			1876	1186
			1877	1187
			1878	1188
			1879	1189
			1880	1189
			1881	1190
			1882	1190
			1882	1191
			1883	1191
			1884	1192
			1885	1193
			1886	1194
			1887	1194
			1888	1195
			1889	1196
			1890	1196
			1891	1197
			1892	1198
			1893	1198
			1893	1199
			1894	1199
			1895	1200
			1896	1201
			1897	1201
			1898	1202
			1899	1203
			1900	1203
			1900	1204
			1901	1205
			1902	1205
			1903	1206
			1904	1206
			1905	1207
			1906	1208
			1907	1208
			1907	1209
			1908	1209
			1909	1210
			1910	1211
			1911	1211
			1912	1212
			1912	1213
			1913	1213
			1914	1214
			1915	1214
			1916	1215
			1917	1216
			1918	1217
			1919	1218
			1920	1218
			1921	1219
			1922	1220
			1923	1220
			1924	1221
			1925	1222
			1926	1222
			1927	1223
			1928	1224
			1929	1225
			1930	1225
			1931	1226
			1932	1227
			1933	1227
			1933	1228
			1934	1229
			1935	1229
			1936	1230
			1937	1231
			1938	1231
			1939	1232
			1940	1233
			1941	1234
			1942	1234
			1942	1235
			1943	1236
			1944	1236
			1945	1237
			1946	1237
			1947	1238
			1948	1239
			1949	1239
			1949	1240
			1950	1241
			1951	1241
			1952	1242
			1953	1243
			1954	1243
			1954	1244
			1955	1245
			1956	1245
			1957	1246
			1958	1247
			1959	1247
			1959	1248
			1960	1248
			1961	1249
			1962	1250
			1963	1250
			1963	1251
			1964	1252
			1965	1252
			1966	1253
			1967	1253
			1967	1254
			1968	1255
			1969	1255
			1970	1256
			1971	1257
			1972	1258
			1973	1258
			1974	1259
			1975	1260
			1976	1261
			1977	1262
			1978	1263
			1979	1264
			1980	1264
			1981	1265
			1982	1266
			1983	1267
			1984	1268
			1985	1268
			1986	1269
			1987	1270
			1988	1271
			1989	1272
			1990	1272
			1991	1273
			1992	1274
			1993	1275
			1994	1276
			1995	1276
			1996	1277
			1997	1278
			1997	1279
			1998	1279
			1999	1280
			2000	1281
			2001	1282
			2002	1282
			2003	1283
			2003	1284
			2004	1284
			2005	1285
			2006	1286
			2007	1287
			2008	1288
			2009	1289
			2010	1290
			2011	1290
			2012	1291
			2013	1292
			2014	1293
			2015	1294
			2016	1295
		</c1>
		<c2 type=matrix rownames=FALSE colnames=FALSE nrow=1252 ncol=2 as.numeric=TRUE >
			2016	1295
			2015	1295
			2014	1296
			2013	1297
			2012	1297
			2011	1297
			2010	1298
			2009	1298
			2008	1298
			2007	1298
			2006	1299
			2005	1299
			2004	1299
			2003	1299
			2002	1299
			2001	1299
			2000	1299
			1999	1299
			1998	1299
			1997	1299
			1996	1299
			1995	1299
			1994	1299
			1994	1298
			1993	1298
			1992	1298
			1991	1298
			1990	1298
			1989	1299
			1988	1299
			1987	1299
			1986	1299
			1985	1300
			1984	1300
			1983	1300
			1982	1300
			1981	1300
			1980	1300
			1979	1300
			1978	1300
			1977	1300
			1976	1300
			1975	1300
			1974	1299
			1973	1299
			1972	1299
			1971	1299
			1970	1298
			1969	1298
			1968	1298
			1967	1298
			1966	1297
			1965	1297
			1964	1296
			1963	1296
			1962	1295
			1961	1295
			1960	1294
			1959	1294
			1958	1293
			1957	1293
			1956	1292
			1955	1292
			1955	1291
			1954	1291
			1953	1290
			1952	1289
			1951	1289
			1951	1288
			1950	1288
			1949	1287
			1948	1287
			1948	1288
			1947	1288
			1946	1289
			1945	1289
			1944	1289
			1944	1290
			1943	1290
			1942	1290
			1941	1291
			1940	1291
			1939	1291
			1938	1291
			1938	1292
			1937	1292
			1936	1292
			1935	1292
			1934	1293
			1933	1293
			1932	1293
			1931	1293
			1930	1293
			1929	1293
			1928	1294
			1927	1294
			1926	1294
			1925	1294
			1924	1294
			1923	1294
			1922	1294
			1921	1294
			1920	1294
			1919	1294
			1918	1294
			1917	1294
			1916	1294
			1915	1294
			1914	1294
			1913	1294
			1912	1294
			1911	1294
			1910	1294
			1909	1294
			1908	1294
			1907	1294
			1906	1294
			1905	1294
			1904	1294
			1903	1294
			1902	1293
			1901	1293
			1900	1293
			1899	1293
			1898	1293
			1897	1293
			1896	1293
			1895	1293
			1894	1292
			1893	1292
			1892	1292
			1891	1292
			1890	1292
			1889	1292
			1888	1292
			1887	1291
			1886	1291
			1885	1291
			1884	1291
			1883	1291
			1882	1292
			1881	1292
			1880	1292
			1879	1292
			1878	1292
			1877	1292
			1877	1293
			1876	1293
			1875	1293
			1874	1293
			1873	1293
			1872	1293
			1871	1293
			1870	1293
			1869	1294
			1868	1294
			1867	1294
			1866	1294
			1865	1294
			1864	1294
			1863	1294
			1862	1294
			1861	1294
			1860	1294
			1859	1294
			1858	1294
			1857	1294
			1856	1294
			1855	1294
			1854	1294
			1853	1294
			1852	1294
			1851	1294
			1850	1294
			1849	1294
			1848	1294
			1847	1294
			1846	1294
			1845	1294
			1844	1294
			1843	1294
			1842	1294
			1841	1294
			1840	1294
			1839	1294
			1838	1294
			1837	1293
			1836	1293
			1835	1293
			1834	1293
			1833	1293
			1832	1293
			1831	1293
			1830	1292
			1829	1292
			1828	1292
			1827	1292
			1826	1292
			1825	1292
			1824	1291
			1823	1291
			1822	1291
			1821	1291
			1820	1291
			1819	1290
			1818	1290
			1817	1290
			1816	1290
			1815	1289
			1814	1289
			1813	1289
			1812	1289
			1811	1288
			1810	1288
			1809	1288
			1808	1288
			1807	1287
			1806	1287
			1805	1287
			1804	1286
			1803	1286
			1802	1286
			1801	1285
			1800	1285
			1799	1285
			1798	1284
			1797	1284
			1796	1284
			1795	1283
			1794	1283
			1793	1282
			1792	1282
			1791	1282
			1790	1281
			1789	1281
			1788	1281
			1787	1281
			1787	1282
			1786	1282
			1785	1282
			1784	1282
			1783	1283
			1782	1283
			1781	1283
			1780	1284
			1779	1284
			1778	1284
			1777	1284
			1776	1285
			1775	1285
			1774	1285
			1773	1285
			1772	1286
			1771	1286
			1770	1286
			1769	1286
			1768	1286
			1767	1287
			1766	1287
			1765	1287
			1764	1287
			1763	1287
			1762	1288
			1761	1288
			1760	1288
			1759	1288
			1758	1288
			1757	1289
			1756	1289
			1755	1289
			1754	1289
			1753	1289
			1752	1289
			1751	1290
			1750	1290
			1749	1290
			1748	1290
			1747	1290
			1746	1290
			1745	1290
			1744	1290
			1743	1291
			1742	1291
			1741	1291
			1740	1291
			1739	1291
			1738	1291
			1737	1291
			1736	1291
			1735	1291
			1734	1291
			1733	1291
			1732	1292
			1731	1292
			1730	1292
			1729	1292
			1728	1292
			1727	1292
			1726	1292
			1725	1292
			1724	1292
			1723	1292
			1722	1292
			1721	1292
			1720	1292
			1719	1292
			1718	1292
			1717	1292
			1716	1292
			1715	1292
			1714	1292
			1713	1292
			1712	1292
			1711	1291
			1710	1291
			1709	1291
			1708	1291
			1707	1291
			1706	1291
			1705	1291
			1704	1291
			1703	1291
			1702	1291
			1701	1290
			1700	1290
			1699	1290
			1698	1290
			1697	1290
			1696	1290
			1695	1289
			1694	1289
			1693	1289
			1692	1289
			1691	1289
			1690	1288
			1689	1288
			1688	1288
			1687	1288
			1686	1287
			1685	1287
			1684	1287
			1683	1287
			1682	1286
			1681	1286
			1680	1286
			1679	1285
			1678	1285
			1677	1285
			1676	1284
			1675	1284
			1674	1284
			1673	1284
			1672	1284
			1671	1284
			1670	1284
			1669	1284
			1668	1284
			1667	1284
			1666	1284
			1665	1284
			1664	1284
			1663	1284
			1662	1284
			1661	1284
			1660	1284
			1659	1284
			1658	1284
			1657	1284
			1656	1284
			1655	1284
			1654	1284
			1653	1284
			1652	1284
			1651	1284
			1650	1284
			1649	1284
			1648	1284
			1647	1284
			1646	1284
			1645	1283
			1644	1283
			1643	1283
			1642	1283
			1641	1283
			1640	1283
			1639	1283
			1638	1283
			1637	1283
			1636	1283
			1635	1283
			1634	1283
			1633	1283
			1632	1283
			1631	1283
			1630	1283
			1629	1283
			1628	1283
			1627	1283
			1626	1283
			1626	1282
			1625	1282
			1624	1282
			1623	1282
			1622	1282
			1621	1282
			1620	1282
			1619	1282
			1618	1282
			1617	1282
			1616	1282
			1615	1282
			1614	1282
			1613	1281
			1612	1281
			1611	1281
			1610	1281
			1609	1281
			1608	1281
			1607	1281
			1606	1281
			1605	1281
			1604	1281
			1603	1280
			1602	1280
			1601	1280
			1600	1280
			1599	1280
			1598	1280
			1597	1280
			1596	1280
			1595	1279
			1594	1279
			1593	1279
			1592	1279
			1591	1279
			1590	1279
			1589	1278
			1588	1278
			1587	1278
			1586	1278
			1585	1278
			1584	1278
			1583	1278
			1582	1277
			1581	1277
			1580	1277
			1579	1277
			1578	1277
			1577	1276
			1576	1276
			1575	1276
			1574	1276
			1573	1275
			1572	1275
			1571	1275
			1570	1275
			1569	1275
			1568	1274
			1567	1274
			1566	1274
			1565	1274
			1564	1273
			1563	1273
			1562	1273
			1561	1272
			1560	1272
			1559	1272
			1558	1272
			1557	1271
			1556	1271
			1555	1271
			1554	1270
			1553	1270
			1552	1270
			1551	1270
			1550	1270
			1549	1270
			1548	1270
			1547	1271
			1546	1271
			1545	1271
			1544	1271
			1543	1271
			1542	1271
			1541	1271
			1540	1271
			1539	1271
			1538	1272
			1537	1272
			1536	1272
			1535	1272
			1534	1272
			1533	1272
			1532	1272
			1531	1272
			1530	1272
			1529	1272
			1528	1272
			1527	1273
			1526	1273
			1525	1273
			1524	1273
			1523	1273
			1522	1273
			1521	1273
			1520	1273
			1519	1273
			1518	1273
			1517	1273
			1516	1273
			1516	1274
			1515	1274
			1514	1274
			1513	1274
			1512	1274
			1511	1274
			1510	1274
			1509	1274
			1508	1274
			1507	1274
			1506	1274
			1505	1274
			1504	1274
			1503	1275
			1502	1275
			1501	1275
			1500	1275
			1499	1275
			1498	1275
			1497	1275
			1496	1275
			1495	1275
			1494	1275
			1493	1275
			1492	1275
			1491	1275
			1490	1276
			1489	1276
			1488	1276
			1487	1276
			1486	1276
			1485	1276
			1484	1276
			1483	1276
			1482	1276
			1481	1276
			1480	1276
			1479	1276
			1478	1276
			1477	1276
			1476	1276
			1475	1276
			1474	1276
			1474	1277
			1473	1277
			1472	1277
			1471	1277
			1470	1277
			1469	1277
			1468	1277
			1467	1277
			1466	1277
			1465	1277
			1464	1277
			1463	1277
			1462	1277
			1461	1277
			1460	1277
			1459	1277
			1458	1277
			1457	1277
			1456	1277
			1455	1277
			1454	1277
			1453	1278
			1452	1278
			1451	1278
			1450	1278
			1449	1278
			1448	1278
			1447	1278
			1446	1278
			1445	1278
			1444	1278
			1443	1278
			1442	1278
			1441	1278
			1440	1278
			1439	1278
			1438	1278
			1437	1278
			1436	1278
			1435	1278
			1434	1278
			1433	1278
			1432	1278
			1431	1278
			1430	1278
			1429	1278
			1428	1278
			1427	1278
			1426	1278
			1425	1278
			1424	1278
			1423	1278
			1422	1278
			1421	1278
			1420	1278
			1419	1278
			1418	1278
			1417	1278
			1416	1278
			1415	1278
			1414	1278
			1413	1278
			1412	1278
			1411	1278
			1410	1278
			1409	1278
			1408	1278
			1407	1278
			1406	1278
			1405	1278
			1404	1278
			1403	1278
			1402	1278
			1401	1277
			1400	1277
			1399	1277
			1398	1277
			1397	1277
			1396	1277
			1395	1277
			1394	1277
			1393	1277
			1392	1277
			1391	1277
			1390	1277
			1389	1277
			1388	1277
			1387	1276
			1386	1276
			1385	1276
			1384	1276
			1383	1276
			1382	1276
			1381	1276
			1380	1276
			1379	1276
			1378	1276
			1377	1275
			1376	1275
			1375	1275
			1374	1275
			1373	1275
			1372	1275
			1371	1274
			1370	1274
			1369	1274
			1368	1274
			1367	1274
			1366	1274
			1365	1273
			1364	1273
			1363	1273
			1362	1273
			1361	1273
			1361	1272
			1360	1272
			1359	1272
			1358	1272
			1357	1271
			1356	1271
			1355	1271
			1354	1270
			1353	1270
			1352	1270
			1352	1269
			1351	1269
			1350	1269
			1349	1269
			1348	1268
			1347	1268
			1346	1269
			1345	1269
			1344	1269
			1343	1269
			1342	1269
			1341	1269
			1341	1270
			1340	1270
			1339	1270
			1338	1270
			1337	1270
			1336	1271
			1335	1271
			1334	1271
			1333	1271
			1332	1271
			1331	1271
			1330	1271
			1329	1272
			1328	1272
			1327	1272
			1326	1272
			1325	1272
			1324	1272
			1323	1272
			1322	1272
			1321	1272
			1320	1272
			1319	1273
			1318	1273
			1317	1273
			1316	1273
			1315	1273
			1314	1273
			1313	1273
			1312	1273
			1311	1273
			1310	1273
			1309	1273
			1308	1273
			1307	1273
			1306	1273
			1305	1273
			1304	1273
			1303	1273
			1302	1273
			1301	1273
			1300	1273
			1299	1273
			1298	1273
			1297	1273
			1296	1273
			1295	1273
			1294	1273
			1293	1273
			1292	1273
			1291	1273
			1290	1273
			1289	1272
			1288	1272
			1287	1272
			1286	1272
			1285	1272
			1284	1272
			1283	1272
			1282	1272
			1281	1272
			1280	1272
			1279	1272
			1278	1272
			1277	1271
			1276	1271
			1275	1271
			1274	1271
			1273	1271
			1272	1271
			1271	1271
			1270	1270
			1269	1270
			1268	1270
			1267	1270
			1266	1270
			1265	1270
			1264	1271
			1263	1271
			1262	1271
			1261	1271
			1260	1271
			1259	1271
			1259	1272
			1258	1272
			1257	1272
			1256	1272
			1255	1272
			1254	1272
			1253	1272
			1252	1273
			1251	1273
			1250	1273
			1249	1273
			1248	1273
			1247	1273
			1246	1274
			1245	1274
			1244	1274
			1243	1274
			1242	1274
			1241	1274
			1240	1274
			1239	1274
			1238	1275
			1237	1275
			1236	1275
			1235	1275
			1234	1275
			1233	1275
			1232	1275
			1231	1275
			1230	1276
			1229	1276
			1228	1276
			1227	1276
			1226	1276
			1225	1276
			1224	1276
			1223	1276
			1222	1276
			1221	1276
			1220	1277
			1219	1277
			1218	1277
			1217	1277
			1216	1277
			1215	1277
			1214	1277
			1213	1277
			1212	1277
			1211	1277
			1210	1277
			1209	1277
			1208	1277
			1207	1278
			1206	1278
			1205	1278
			1204	1278
			1203	1278
			1202	1278
			1201	1278
			1200	1278
			1199	1278
			1198	1278
			1197	1278
			1196	1278
			1195	1278
			1194	1278
			1193	1278
			1192	1278
			1191	1278
			1190	1278
			1189	1278
			1188	1278
			1187	1278
			1186	1278
			1185	1278
			1184	1278
			1183	1279
			1182	1279
			1181	1279
			1180	1279
			1179	1279
			1178	1279
			1177	1279
			1176	1279
			1175	1279
			1174	1279
			1173	1279
			1172	1279
			1171	1279
			1170	1279
			1169	1279
			1168	1279
			1167	1279
			1166	1279
			1165	1279
			1164	1279
			1163	1279
			1162	1279
			1161	1279
			1160	1279
			1159	1279
			1158	1279
			1157	1278
			1156	1278
			1155	1278
			1154	1278
			1153	1278
			1152	1278
			1151	1278
			1150	1278
			1149	1278
			1148	1278
			1147	1278
			1146	1278
			1145	1278
			1144	1278
			1143	1278
			1142	1278
			1141	1278
			1140	1278
			1139	1279
			1138	1279
			1137	1279
			1136	1279
			1135	1279
			1135	1280
			1134	1280
			1133	1280
			1132	1280
			1131	1280
			1130	1280
			1129	1281
			1128	1281
			1127	1281
			1126	1281
			1125	1281
			1124	1281
			1123	1281
			1122	1282
			1121	1282
			1120	1282
			1119	1282
			1118	1282
			1117	1282
			1116	1282
			1115	1282
			1114	1283
			1113	1283
			1112	1283
			1111	1283
			1110	1283
			1109	1283
			1108	1283
			1107	1283
			1106	1283
			1105	1283
			1104	1283
			1103	1283
			1102	1283
			1101	1283
			1100	1283
			1099	1284
			1098	1284
			1097	1284
			1096	1284
			1095	1284
			1094	1284
			1093	1284
			1092	1284
			1091	1284
			1090	1284
			1089	1284
			1088	1284
			1087	1284
			1086	1284
			1085	1283
			1084	1283
			1083	1283
			1082	1283
			1081	1283
			1080	1283
			1079	1283
			1078	1283
			1077	1283
			1076	1283
			1075	1283
			1074	1283
			1073	1283
			1072	1283
			1071	1282
			1070	1282
			1069	1282
			1068	1282
			1067	1282
			1066	1282
			1065	1282
			1064	1282
			1063	1282
			1062	1281
			1061	1281
			1060	1281
			1059	1281
			1058	1281
			1057	1281
			1056	1280
			1055	1280
			1054	1280
			1053	1280
			1052	1280
			1051	1280
			1050	1279
			1049	1279
			1048	1279
			1047	1279
			1046	1278
			1045	1278
			1044	1278
			1043	1278
			1042	1278
			1041	1277
			1040	1277
			1039	1277
			1038	1277
			1037	1276
			1036	1276
			1035	1276
			1034	1276
			1033	1275
			1032	1275
			1031	1275
			1030	1274
			1029	1274
			1028	1274
			1027	1273
			1026	1273
			1025	1273
			1024	1273
			1023	1272
			1022	1272
			1021	1272
			1020	1271
			1019	1271
			1018	1271
			1017	1272
			1016	1272
			1016	1273
			1015	1273
			1014	1273
			1013	1274
			1012	1274
			1011	1274
			1010	1275
			1009	1275
			1008	1276
			1007	1276
			1006	1276
			1005	1276
			1004	1277
			1003	1277
			1002	1277
			1002	1278
			1001	1278
			1000	1278
			999	1278
			998	1279
			997	1279
			996	1279
			995	1279
			994	1280
			993	1280
			992	1280
			991	1280
			991	1281
			990	1281
			989	1281
			988	1281
			987	1281
			986	1282
			985	1282
			984	1282
			983	1282
			982	1282
			981	1283
			980	1283
			979	1283
			978	1283
			977	1284
			976	1284
			975	1284
			974	1284
			973	1284
			972	1284
			971	1285
			970	1285
			969	1285
			968	1285
			967	1285
			966	1286
			965	1286
			964	1286
			963	1286
			962	1286
			961	1286
			960	1287
			959	1287
			958	1287
			957	1287
			956	1287
			955	1287
			954	1288
			953	1288
			952	1288
			951	1288
			950	1288
			949	1288
			948	1288
			947	1289
			946	1289
			945	1289
			944	1289
			943	1289
			942	1289
			941	1289
			940	1289
			939	1290
			938	1290
			937	1290
			936	1290
			935	1290
			934	1290
			933	1290
			932	1290
			931	1290
			930	1291
			929	1291
			928	1291
			927	1291
			926	1291
			925	1291
			924	1291
			923	1291
			922	1291
			921	1292
			920	1292
			919	1292
			918	1292
			917	1292
			916	1292
			915	1292
			914	1292
			913	1292
			912	1292
			911	1292
			910	1293
			909	1293
			908	1293
			907	1293
			906	1293
			905	1293
			904	1293
			903	1293
			902	1293
			901	1293
			900	1293
			899	1293
			898	1294
			897	1294
			896	1294
			895	1294
			894	1294
			893	1294
			892	1294
			891	1294
			890	1294
			889	1294
			888	1294
			887	1294
			886	1294
			885	1294
			884	1295
			883	1295
			882	1295
			881	1295
			880	1295
			879	1295
			878	1295
			877	1295
			876	1295
			875	1295
			874	1295
			873	1295
			872	1295
			871	1295
			870	1295
			869	1295
			868	1296
			867	1296
			866	1296
			865	1296
			864	1296
			863	1296
			862	1296
			861	1296
			860	1296
			859	1296
			858	1296
			857	1296
			856	1296
			855	1296
			854	1296
			853	1296
			852	1296
			851	1296
			850	1296
			849	1296
			848	1297
			847	1297
			846	1297
			845	1297
			844	1297
			843	1297
			842	1297
			841	1297
			840	1297
			839	1297
			838	1297
			837	1297
			836	1297
			835	1297
			834	1297
			834	1298
			833	1298
			832	1298
			831	1299
			830	1299
			829	1300
			828	1300
			827	1300
			826	1301
			825	1301
			824	1302
			823	1302
			822	1302
			821	1303
			820	1303
			819	1303
			818	1304
			817	1304
			816	1304
			815	1305
			814	1305
			813	1305
			812	1306
			811	1306
			810	1306
			809	1306
			808	1307
			807	1307
			806	1307
			805	1307
			804	1308
			803	1308
			802	1308
			801	1308
			800	1308
			799	1308
			798	1309
			797	1309
			796	1309
			795	1309
			794	1309
			793	1309
			792	1309
			791	1310
			790	1310
			789	1310
			788	1310
			787	1310
			786	1310
			785	1310
		</c2>
	</curves.pixel>
	<curves.scaled type=list>
		<c1 type=matrix rownames=FALSE colnames=FALSE nrow=1308 ncol=2 as.numeric=TRUE >
			31.3997488030144	-52.3995808050303
			31.4397484830182	-52.3995808050303
			31.4397484830182	-52.3595811250265
			31.479748163022	-52.3595811250265
			31.5197478430259	-52.3195814450227
			31.5597475230297	-52.3195814450227
			31.5997472030336	-52.2795817650188
			31.6397468830374	-52.2795817650188
			31.6797465630412	-52.239582085015
			31.7197462430451	-52.1995824050111
			31.7597459230489	-52.1995824050111
			31.7997456030528	-52.1595827250073
			31.8397452830566	-52.1595827250073
			31.8797449630604	-52.1195830450035
			31.9197446430643	-52.0795833649996
			31.9597443230681	-52.0795833649996
			31.999744003072	-52.0395836849958
			32.0397436830758	-51.9995840049919
			32.0797433630796	-51.9995840049919
			32.1197430430835	-51.9595843249881
			32.1597427230873	-51.9595843249881
			32.1997424030912	-51.9195846449843
			32.239742083095	-51.8795849649804
			32.2797417630988	-51.8795849649804
			32.3197414431027	-51.8395852849766
			32.3597411231065	-51.8395852849766
			32.3997408031104	-51.7995856049727
			32.3997408031104	-51.7595859249689
			32.4397404831142	-51.7595859249689
			32.479740163118	-51.7195862449651
			32.5197398431219	-51.6795865649612
			32.5597395231257	-51.6795865649612
			32.5997392031296	-51.6395868849574
			32.6397388831334	-51.5995872049535
			32.6797385631372	-51.5995872049535
			32.7197382431411	-51.5595875249497
			32.7197382431411	-51.5195878449459
			32.7597379231449	-51.5195878449459
			32.7997376031488	-51.479588164942
			32.8397372831526	-51.4395884849382
			32.8797369631564	-51.4395884849382
			32.9197366431603	-51.3995888049343
			32.9597363231641	-51.3595891249305
			32.999736003168	-51.3595891249305
			32.999736003168	-51.3195894449267
			33.0397356831718	-51.2795897649228
			33.0797353631756	-51.2795897649228
			33.1197350431795	-51.239590084919
			33.1597347231833	-51.1995904049151
			33.1997344031872	-51.1995904049151
			33.239734083191	-51.1595907249113
			33.239734083191	-51.1195910449075
			33.2797337631948	-51.1195910449075
			33.3197334431987	-51.0795913649036
			33.3597331232025	-51.0395916848998
			33.3997328032064	-50.9995920048959
			33.4397324832102	-50.9995920048959
			33.4397324832102	-50.9595923248921
			33.479732163214	-50.9195926448883
			33.5197318432179	-50.8795929648844
			33.5597315232217	-50.8795929648844
			33.5997312032256	-50.8395932848806
			33.5997312032256	-50.7995936048767
			33.6397308832294	-50.7595939248729
			33.6797305632332	-50.7595939248729
			33.7197302432371	-50.7195942448691
			33.7597299232409	-50.6795945648652
			33.7597299232409	-50.6395948848614
			33.7997296032448	-50.6395948848614
			33.8397292832486	-50.5995952048575
			33.8797289632524	-50.5595955248537
			33.9197286432563	-50.5195958448499
			33.9597283232601	-50.479596164846
			33.999728003264	-50.4395964848422
			34.0397276832678	-50.3995968048383
			34.0797273632716	-50.3595971248345
			34.1197270432755	-50.3195974448307
			34.1597267232793	-50.2795977648268
			34.1997264032832	-50.239598084823
			34.239726083287	-50.1995984048191
			34.2797257632908	-50.1595987248153
			34.2797257632908	-50.1195990448115
			34.3197254432947	-50.0795993648076
			34.3597251232985	-50.0395996848038
			34.3997248033024	-49.9996000047999
			34.4397244833062	-49.9596003247961
			34.47972416331	-49.9196006447923
			34.5197238433139	-49.8796009647884
			34.5597235233177	-49.8396012847846
			34.5597235233177	-49.7996016047807
			34.5997232033216	-49.7596019247769
			34.6397228833254	-49.7196022447731
			34.6797225633292	-49.6796025647692
			34.7197222433331	-49.6396028847654
			34.7597219233369	-49.5996032047615
			34.7997216033408	-49.5596035247577
			34.7997216033408	-49.5196038447539
			34.8397212833446	-49.47960416475
			34.8797209633484	-49.4396044847462
			34.9197206433523	-49.3996048047423
			34.9597203233561	-49.3996048047423
			34.99972000336	-49.3596051247385
			35.0397196833638	-49.3596051247385
			35.0797193633676	-49.3596051247385
			35.1197190433715	-49.3196054447347
			35.1597187233753	-49.3196054447347
			35.1997184033792	-49.2796057647308
			35.239718083383	-49.2796057647308
			35.239718083383	-49.239606084727
			35.2797177633868	-49.239606084727
			35.3197174433907	-49.239606084727
			35.3597171233945	-49.1996064047231
			35.3997168033984	-49.1996064047231
			35.4397164834022	-49.1596067247193
			35.479716163406	-49.1596067247193
			35.5197158434099	-49.1196070447155
			35.5597155234137	-49.1196070447155
			35.5997152034176	-49.0796073647116
			35.6397148834214	-49.0796073647116
			35.6397148834214	-49.0396076847078
			35.6797145634252	-49.0396076847078
			35.7197142434291	-48.9996080047039
			35.7597139234329	-48.9996080047039
			35.7997136034368	-48.9996080047039
			35.8397132834406	-48.9596083247001
			35.8797129634444	-48.9596083247001
			35.9197126434483	-48.9196086446963
			35.9597123234521	-48.9196086446963
			35.9597123234521	-48.8796089646924
			35.999712003456	-48.8796089646924
			36.0397116834598	-48.8396092846886
			36.0797113634636	-48.8396092846886
			36.1197110434675	-48.8396092846886
			36.1597107234713	-48.7996096046847
			36.1997104034752	-48.7996096046847
			36.239710083479	-48.7596099246809
			36.2797097634828	-48.7196102446771
			36.3197094434867	-48.7196102446771
			36.3597091234905	-48.6796105646732
			36.3997088034944	-48.6796105646732
			36.4397084834982	-48.6396108846694
			36.479708163502	-48.6396108846694
			36.5197078435059	-48.5996112046655
			36.5597075235097	-48.5996112046655
			36.5997072035136	-48.5596115246617
			36.6397068835174	-48.5196118446579
			36.6797065635212	-48.5196118446579
			36.7197062435251	-48.479612164654
			36.7597059235289	-48.479612164654
			36.7997056035328	-48.4396124846502
			36.8397052835366	-48.4396124846502
			36.8797049635404	-48.3996128046463
			36.9197046435443	-48.3996128046463
			36.9597043235481	-48.3596131246425
			36.999704003552	-48.3596131246425
			37.0397036835558	-48.3196134446387
			37.0797033635596	-48.3196134446387
			37.1197030435635	-48.2796137646348
			37.1597027235673	-48.239614084631
			37.1997024035712	-48.239614084631
			37.239702083575	-48.1996144046271
			37.2797017635788	-48.1996144046271
			37.3197014435827	-48.1596147246233
			37.3597011235865	-48.1596147246233
			37.3997008035904	-48.1196150446195
			37.4397004835942	-48.1196150446195
			37.479700163598	-48.0796153646156
			37.5196998436019	-48.0796153646156
			37.5596995236057	-48.0396156846118
			37.5996992036096	-48.0396156846118
			37.6396988836134	-47.9996160046079
			37.6796985636172	-47.9596163246041
			37.7196982436211	-47.9596163246041
			37.7596979236249	-47.9196166446003
			37.7996976036288	-47.9196166446003
			37.8396972836326	-47.8796169645964
			37.8796969636364	-47.8396172845926
			37.9196966436403	-47.8396172845926
			37.9596963236441	-47.8396172845926
			37.9596963236441	-47.7996176045887
			37.999696003648	-47.7996176045887
			38.0396956836518	-47.7596179245849
			38.0796953636556	-47.7596179245849
			38.1196950436595	-47.7196182445811
			38.1596947236633	-47.6796185645772
			38.1996944036672	-47.6796185645772
			38.239694083671	-47.6396188845734
			38.2796937636748	-47.6396188845734
			38.3196934436787	-47.5996192045695
			38.3596931236825	-47.5596195245657
			38.3996928036864	-47.5596195245657
			38.4396924836902	-47.5196198445619
			38.479692163694	-47.5196198445619
			38.5196918436979	-47.479620164558
			38.5596915237017	-47.479620164558
			38.5996912037056	-47.4396204845542
			38.6396908837094	-47.3996208045503
			38.6796905637132	-47.3596211245465
			38.7196902437171	-47.3596211245465
			38.7596899237209	-47.3596211245465
			38.7596899237209	-47.3196214445427
			38.7996896037248	-47.3196214445427
			38.8396892837286	-47.2796217645388
			38.8796889637324	-47.2796217645388
			38.9196886437363	-47.239622084535
			38.9596883237401	-47.1996224045311
			38.999688003744	-47.1996224045311
			39.0396876837478	-47.1596227245273
			39.0796873637516	-47.1596227245273
			39.1196870437555	-47.1196230445235
			39.1596867237593	-47.0796233645196
			39.1996864037632	-47.0396236845158
			39.239686083767	-47.0396236845158
			39.2796857637708	-46.9996240045119
			39.3196854437747	-46.9596243245081
			39.3596851237785	-46.9596243245081
			39.3996848037823	-46.9196246445043
			39.4396844837862	-46.9196246445043
			39.47968416379	-46.8796249645004
			39.5196838437939	-46.8396252844966
			39.5596835237977	-46.7996256044927
			39.5996832038016	-46.7996256044927
			39.6396828838054	-46.7596259244889
			39.6796825638092	-46.7196262444851
			39.7196822438131	-46.7196262444851
			39.7596819238169	-46.6796265644812
			39.7996816038208	-46.6396268844774
			39.8396812838246	-46.6396268844774
			39.8796809638284	-46.5996272044735
			39.9196806438323	-46.5596275244697
			39.9596803238361	-46.5596275244697
			39.9996800038399	-46.5196278444659
			40.0396796838438	-46.479628164462
			40.0796793638476	-46.479628164462
			40.1196790438515	-46.4396284844582
			40.1596787238553	-46.3996288044543
			40.1996784038592	-46.3596291244505
			40.239678083863	-46.3596291244505
			40.2796777638668	-46.3196294444467
			40.3196774438707	-46.2796297644428
			40.3596771238745	-46.2796297644428
			40.3996768038784	-46.239630084439
			40.4396764838822	-46.1996304044351
			40.479676163886	-46.1996304044351
			40.5196758438899	-46.1596307244313
			40.5596755238937	-46.1196310444275
			40.5996752038976	-46.1196310444275
			40.6396748839014	-46.0796313644236
			40.6396748839014	-46.0396316844198
			40.6796745639052	-46.0396316844198
			40.7196742439091	-45.9996320044159
			40.7596739239129	-45.9596323244121
			40.7996736039168	-45.9596323244121
			40.8396732839206	-45.9196326444083
			40.8796729639244	-45.8796329644044
			40.9196726439283	-45.8796329644044
			40.9596723239321	-45.8396332844006
			40.9596723239321	-45.7996336043967
			40.9996720039359	-45.7996336043967
			41.0396716839398	-45.7596339243929
			41.0796713639436	-45.7196342443891
			41.1196710439475	-45.7196342443891
			41.1596707239513	-45.6796345643852
			41.1996704039552	-45.6396348843814
			41.239670083959	-45.5996352043775
			41.2796697639628	-45.5596355243737
			41.3196694439667	-45.5196358443699
			41.3596691239705	-45.479636164366
			41.3996688039744	-45.479636164366
			41.4396684839782	-45.4396364843622
			41.479668163982	-45.3996368043583
			41.5196678439859	-45.3596371243545
			41.5596675239897	-45.3196374443507
			41.5996672039935	-45.3196374443507
			41.6396668839974	-45.2796377643468
			41.6796665640012	-45.239638084343
			41.7196662440051	-45.1996384043391
			41.7596659240089	-45.1596387243353
			41.7996656040128	-45.1596387243353
			41.7996656040128	-45.1196390443315
			41.8396652840166	-45.0796393643276
			41.8796649640204	-45.0396396843238
			41.9196646440243	-44.9996400043199
			41.9596643240281	-44.9996400043199
			41.9996640040319	-44.9596403243161
			42.0396636840358	-44.9196406443123
			42.0796633640396	-44.8796409643084
			42.0796633640396	-44.8396412843046
			42.1196630440435	-44.8396412843046
			42.1596627240473	-44.7996416043007
			42.1996624040511	-44.7596419242969
			42.239662084055	-44.7196422442931
			42.2796617640588	-44.6796425642892
			42.3196614440627	-44.6396428842854
			42.3596611240665	-44.5996432042815
			42.3996608040704	-44.5596435242777
			42.4396604840742	-44.5196438442739
			42.479660164078	-44.5196438442739
			42.5196598440819	-44.47964416427
			42.5596595240857	-44.47964416427
			42.5996592040895	-44.4396444842662
			42.6396588840934	-44.4396444842662
			42.6796585640972	-44.4396444842662
			42.7196582441011	-44.3996448042623
			42.7596579241049	-44.3996448042623
			42.7996576041087	-44.3996448042623
			42.8396572841126	-44.3596451242585
			42.8796569641164	-44.3596451242585
			42.8796569641164	-44.3196454442547
			42.9196566441203	-44.3196454442547
			42.9596563241241	-44.3196454442547
			42.9996560041279	-44.2796457642508
			43.0396556841318	-44.2796457642508
			43.0796553641356	-44.2796457642508
			43.1196550441395	-44.239646084247
			43.1596547241433	-44.239646084247
			43.1996544041471	-44.239646084247
			43.239654084151	-44.1996464042431
			43.2796537641548	-44.1996464042431
			43.2796537641548	-44.1596467242393
			43.3196534441587	-44.1596467242393
			43.3596531241625	-44.1596467242393
			43.3996528041664	-44.1196470442355
			43.4396524841702	-44.1196470442355
			43.479652164174	-44.1196470442355
			43.5196518441779	-44.0796473642316
			43.5596515241817	-44.0796473642316
			43.5996512041855	-44.0396476842278
			43.6396508841894	-44.0396476842278
			43.6796505641932	-43.9996480042239
			43.7196502441971	-43.9996480042239
			43.7596499242009	-43.9996480042239
			43.7996496042047	-43.9596483242201
			43.8396492842086	-43.9596483242201
			43.8796489642124	-43.9196486442163
			43.9196486442163	-43.9196486442163
			43.9596483242201	-43.9196486442163
			43.9996480042239	-43.8796489642124
			44.0396476842278	-43.8796489642124
			44.0796473642316	-43.8396492842086
			44.1196470442355	-43.8396492842086
			44.1596467242393	-43.8396492842086
			44.1996464042431	-43.7996496042047
			44.239646084247	-43.7996496042047
			44.2796457642508	-43.7596499242009
			44.3196454442547	-43.7596499242009
			44.3596451242585	-43.7196502441971
			44.3996448042623	-43.7196502441971
			44.4396444842662	-43.7196502441971
			44.4396444842662	-43.6796505641932
			44.47964416427	-43.6796505641932
			44.5196438442739	-43.6796505641932
			44.5596435242777	-43.6396508841894
			44.5996432042815	-43.6396508841894
			44.6396428842854	-43.5996512041855
			44.6796425642892	-43.5996512041855
			44.7196422442931	-43.5996512041855
			44.7596419242969	-43.5596515241817
			44.7996416043007	-43.5596515241817
			44.8396412843046	-43.5196518441779
			44.8796409643084	-43.5196518441779
			44.9196406443123	-43.479652164174
			44.9596403243161	-43.479652164174
			44.9996400043199	-43.479652164174
			45.0396396843238	-43.4396524841702
			45.0796393643276	-43.4396524841702
			45.1196390443315	-43.3996528041664
			45.1596387243353	-43.3996528041664
			45.1996384043391	-43.3596531241625
			45.239638084343	-43.3596531241625
			45.2796377643468	-43.3196534441587
			45.3196374443507	-43.3196534441587
			45.3596371243545	-43.2796537641548
			45.3996368043583	-43.2796537641548
			45.4396364843622	-43.2796537641548
			45.479636164366	-43.239654084151
			45.5196358443699	-43.239654084151
			45.5596355243737	-43.1996544041471
			45.5996352043775	-43.1996544041471
			45.6396348843814	-43.1596547241433
			45.6796345643852	-43.1596547241433
			45.7196342443891	-43.1196550441395
			45.7596339243929	-43.1196550441395
			45.7996336043967	-43.1196550441395
			45.8396332844006	-43.0796553641356
			45.8796329644044	-43.0796553641356
			45.9196326444083	-43.0396556841318
			45.9596323244121	-43.0396556841318
			45.9996320044159	-42.9996560041279
			46.0396316844198	-42.9996560041279
			46.0796313644236	-42.9596563241241
			46.1196310444275	-42.9596563241241
			46.1596307244313	-42.9596563241241
			46.1996304044351	-42.9196566441203
			46.239630084439	-42.9196566441203
			46.2796297644428	-42.8796569641164
			46.3196294444467	-42.8796569641164
			46.3596291244505	-42.8396572841126
			46.3996288044543	-42.8396572841126
			46.4396284844582	-42.7996576041087
			46.479628164462	-42.7996576041087
			46.5196278444659	-42.7996576041087
			46.5596275244697	-42.7596579241049
			46.5996272044735	-42.7596579241049
			46.5996272044735	-42.7196582441011
			46.6396268844774	-42.7196582441011
			46.6796265644812	-42.6796585640972
			46.7196262444851	-42.6796585640972
			46.7596259244889	-42.6396588840934
			46.7996256044927	-42.6396588840934
			46.8396252844966	-42.6396588840934
			46.8796249645004	-42.5996592040895
			46.9196246445043	-42.5996592040895
			46.9596243245081	-42.5596595240857
			46.9996240045119	-42.5596595240857
			46.9996240045119	-42.5196598440819
			47.0396236845158	-42.5196598440819
			47.0796233645196	-42.479660164078
			47.1196230445235	-42.479660164078
			47.1596227245273	-42.479660164078
			47.1996224045311	-42.4396604840742
			47.239622084535	-42.4396604840742
			47.2796217645388	-42.3996608040704
			47.3196214445427	-42.3996608040704
			47.3196214445427	-42.3596611240665
			47.3596211245465	-42.3596611240665
			47.3996208045503	-42.3596611240665
			47.4396204845542	-42.3196614440627
			47.479620164558	-42.3196614440627
			47.5196198445619	-42.2796617640588
			47.5596195245657	-42.2796617640588
			47.5596195245657	-42.239662084055
			47.5996192045695	-42.239662084055
			47.6396188845734	-42.239662084055
			47.6796185645772	-42.1996624040511
			47.7196182445811	-42.1996624040511
			47.7596179245849	-42.1596627240473
			47.7996176045887	-42.1196630440435
			47.8396172845926	-42.1196630440435
			47.8796169645964	-42.0796633640396
			47.9196166446003	-42.0796633640396
			47.9596163246041	-42.0396636840358
			47.9996160046079	-42.0396636840358
			48.0396156846118	-41.9996640040319
			48.0796153646156	-41.9996640040319
			48.1196150446195	-41.9596643240281
			48.1596147246233	-41.9596643240281
			48.1996144046271	-41.9196646440243
			48.239614084631	-41.9196646440243
			48.2796137646348	-41.8796649640204
			48.3196134446387	-41.8796649640204
			48.3596131246425	-41.8396652840166
			48.3996128046463	-41.8396652840166
			48.4396124846502	-41.7996656040128
			48.479612164654	-41.7996656040128
			48.5196118446579	-41.7596659240089
			48.5596115246617	-41.7596659240089
			48.5596115246617	-41.7196662440051
			48.5996112046655	-41.7196662440051
			48.6396108846694	-41.6796665640012
			48.6796105646732	-41.6796665640012
			48.7196102446771	-41.6396668839974
			48.7596099246809	-41.6396668839974
			48.7996096046847	-41.5996672039935
			48.8396092846886	-41.5996672039935
			48.8796089646924	-41.5596675239897
			48.9196086446963	-41.5596675239897
			48.9196086446963	-41.5196678439859
			48.9596083247001	-41.5196678439859
			48.9996080047039	-41.479668163982
			49.0396076847078	-41.479668163982
			49.0796073647116	-41.4396684839782
			49.1196070447155	-41.4396684839782
			49.1596067247193	-41.3996688039744
			49.1996064047231	-41.3596691239705
			49.239606084727	-41.3196694439667
			49.2796057647308	-41.3196694439667
			49.3196054447347	-41.2796697639628
			49.3596051247385	-41.2796697639628
			49.3996048047423	-41.239670083959
			49.4396044847462	-41.239670083959
			49.47960416475	-41.1996704039552
			49.5196038447539	-41.1596707239513
			49.5596035247577	-41.1596707239513
			49.5996032047615	-41.1196710439475
			49.6396028847654	-41.1196710439475
			49.6796025647692	-41.0796713639436
			49.7196022447731	-41.0396716839398
			49.7596019247769	-41.0396716839398
			49.7996016047807	-40.9996720039359
			49.8396012847846	-40.9996720039359
			49.8796009647884	-40.9596723239321
			49.9196006447923	-40.9196726439283
			49.9596003247961	-40.8796729639244
			49.9996000047999	-40.8796729639244
			50.0395996848038	-40.8396732839206
			50.0795993648076	-40.7996736039168
			50.1195990448115	-40.7996736039168
			50.1595987248153	-40.7596739239129
			50.1995984048191	-40.7196742439091
			50.239598084823	-40.7196742439091
			50.2795977648268	-40.6796745639052
			50.3195974448307	-40.6396748839014
			50.3595971248345	-40.6396748839014
			50.3995968048383	-40.5996752038976
			50.4395964848422	-40.5996752038976
			50.479596164846	-40.5996752038976
			50.5195958448499	-40.5596755238937
			50.5595955248537	-40.5596755238937
			50.5995952048575	-40.5596755238937
			50.6395948848614	-40.5596755238937
			50.6395948848614	-40.5196758438899
			50.6795945648652	-40.5196758438899
			50.7195942448691	-40.5196758438899
			50.7595939248729	-40.5196758438899
			50.7995936048767	-40.5196758438899
			50.8395932848806	-40.479676163886
			50.8795929648844	-40.479676163886
			50.9195926448883	-40.479676163886
			50.9595923248921	-40.479676163886
			50.9995920048959	-40.4396764838822
			51.0395916848998	-40.4396764838822
			51.0795913649036	-40.4396764838822
			51.1195910449075	-40.4396764838822
			51.1595907249113	-40.3996768038784
			51.1995904049151	-40.3996768038784
			51.239590084919	-40.3996768038784
			51.2795897649228	-40.3996768038784
			51.3195894449267	-40.3596771238745
			51.3595891249305	-40.3596771238745
			51.3995888049343	-40.3596771238745
			51.4395884849382	-40.3596771238745
			51.479588164942	-40.3196774438707
			51.5195878449459	-40.3196774438707
			51.5595875249497	-40.3196774438707
			51.5995872049535	-40.3196774438707
			51.6395868849574	-40.2796777638668
			51.6795865649612	-40.2796777638668
			51.7195862449651	-40.2796777638668
			51.7595859249689	-40.2796777638668
			51.7995856049727	-40.239678083863
			51.8395852849766	-40.239678083863
			51.8795849649804	-40.239678083863
			51.9195846449843	-40.239678083863
			51.9595843249881	-40.1996784038592
			51.9995840049919	-40.1996784038592
			52.0395836849958	-40.1996784038592
			52.0795833649996	-40.1996784038592
			52.1195830450035	-40.1596787238553
			52.1595827250073	-40.1596787238553
			52.1995824050111	-40.1596787238553
			52.239582085015	-40.1196790438515
			52.2795817650188	-40.1196790438515
			52.3195814450227	-40.1196790438515
			52.3595811250265	-40.1196790438515
			52.3995808050303	-40.1196790438515
			52.4395804850342	-40.0796793638476
			52.479580165038	-40.0796793638476
			52.5195798450419	-40.0796793638476
			52.5595795250457	-40.0796793638476
			52.5995792050495	-40.0396796838438
			52.6395788850534	-40.0396796838438
			52.6795785650572	-40.0396796838438
			52.7195782450611	-39.9996800038399
			52.7595779250649	-39.9996800038399
			52.7995776050687	-39.9996800038399
			52.8395772850726	-39.9996800038399
			52.8795769650764	-39.9596803238361
			52.9195766450803	-39.9596803238361
			52.9595763250841	-39.9596803238361
			52.9995760050879	-39.9596803238361
			53.0395756850918	-39.9196806438323
			53.0795753650956	-39.9196806438323
			53.1195750450995	-39.9196806438323
			53.1595747251033	-39.9196806438323
			53.1995744051071	-39.8796809638284
			53.239574085111	-39.8796809638284
			53.2795737651148	-39.8796809638284
			53.3195734451187	-39.8796809638284
			53.3595731251225	-39.8396812838246
			53.3995728051263	-39.8396812838246
			53.4395724851302	-39.8396812838246
			53.479572165134	-39.7996816038208
			53.5195718451379	-39.7996816038208
			53.5595715251417	-39.7996816038208
			53.5995712051455	-39.7996816038208
			53.5995712051455	-39.7596819238169
			53.6395708851494	-39.7596819238169
			53.6795705651532	-39.7596819238169
			53.7195702451571	-39.7596819238169
			53.7595699251609	-39.7596819238169
			53.7995696051647	-39.7196822438131
			53.8395692851686	-39.7196822438131
			53.8795689651724	-39.7196822438131
			53.9195686451763	-39.6796825638092
			53.9595683251801	-39.6796825638092
			53.9995680051839	-39.6796825638092
			54.0395676851878	-39.6396828838054
			54.0795673651916	-39.6396828838054
			54.1195670451955	-39.6396828838054
			54.1595667251993	-39.6396828838054
			54.1995664052031	-39.5996832038016
			54.239566085207	-39.5996832038016
			54.2795657652108	-39.5996832038016
			54.3195654452147	-39.5996832038016
			54.3595651252185	-39.5596835237977
			54.3995648052223	-39.5596835237977
			54.4395644852262	-39.5596835237977
			54.47956416523	-39.5196838437939
			54.5195638452339	-39.5196838437939
			54.5595635252377	-39.5196838437939
			54.5995632052415	-39.5196838437939
			54.6395628852454	-39.47968416379
			54.6795625652492	-39.47968416379
			54.7195622452531	-39.47968416379
			54.7595619252569	-39.4396844837862
			54.7995616052607	-39.4396844837862
			54.8395612852646	-39.4396844837862
			54.8795609652684	-39.4396844837862
			54.9195606452723	-39.3996848037823
			54.9595603252761	-39.3996848037823
			54.9995600052799	-39.3996848037823
			55.0395596852838	-39.3596851237785
			55.0795593652876	-39.3596851237785
			55.1195590452915	-39.3596851237785
			55.1595587252953	-39.3196854437747
			55.1995584052991	-39.3196854437747
			55.239558085303	-39.3196854437747
			55.2795577653068	-39.3196854437747
			55.3195574453107	-39.2796857637708
			55.3595571253145	-39.2796857637708
			55.3995568053183	-39.2796857637708
			55.4395564853222	-39.239686083767
			55.479556165326	-39.239686083767
			55.5195558453299	-39.239686083767
			55.5595555253337	-39.1996864037632
			55.5995552053375	-39.1996864037632
			55.6395548853414	-39.1996864037632
			55.6795545653452	-39.1596867237593
			55.7195542453491	-39.1596867237593
			55.7595539253529	-39.1596867237593
			55.7995536053567	-39.1596867237593
			55.8395532853606	-39.1196870437555
			55.8795529653644	-39.1196870437555
			55.9195526453683	-39.1196870437555
			55.9595523253721	-39.0796873637516
			55.9995520053759	-39.0796873637516
			56.0395516853798	-39.0796873637516
			56.0795513653836	-39.0396876837478
			56.1195510453875	-39.0396876837478
			56.1595507253913	-39.0396876837478
			56.1995504053951	-38.999688003744
			56.239550085399	-38.999688003744
			56.2795497654028	-38.999688003744
			56.3195494454067	-38.999688003744
			56.3595491254105	-38.9596883237401
			56.3995488054143	-38.9596883237401
			56.4395484854182	-38.9596883237401
			56.479548165422	-38.9196886437363
			56.5195478454259	-38.9196886437363
			56.5595475254297	-38.9196886437363
			56.5995472054335	-38.8796889637324
			56.6395468854374	-38.8796889637324
			56.6795465654412	-38.8796889637324
			56.7195462454451	-38.8396892837286
			56.7595459254489	-38.8396892837286
			56.7995456054527	-38.8396892837286
			56.8395452854566	-38.8396892837286
			56.8795449654604	-38.7996896037248
			56.9195446454642	-38.7996896037248
			56.9595443254681	-38.7996896037248
			56.9995440054719	-38.7596899237209
			57.0395436854758	-38.7596899237209
			57.0795433654796	-38.7596899237209
			57.1195430454835	-38.7196902437171
			57.1595427254873	-38.7196902437171
			57.1995424054911	-38.7196902437171
			57.239542085495	-38.6796905637132
			57.2795417654988	-38.6796905637132
			57.3195414455027	-38.6796905637132
			57.3595411255065	-38.6396908837094
			57.3995408055103	-38.6396908837094
			57.4395404855142	-38.5996912037056
			57.479540165518	-38.5996912037056
			57.5195398455218	-38.5996912037056
			57.5595395255257	-38.5996912037056
			57.5995392055295	-38.5596915237017
			57.6395388855334	-38.5596915237017
			57.6795385655372	-38.5596915237017
			57.7195382455411	-38.5196918436979
			57.7595379255449	-38.5196918436979
			57.7995376055487	-38.5196918436979
			57.8395372855526	-38.5196918436979
			57.8395372855526	-38.479692163694
			57.8795369655564	-38.479692163694
			57.9195366455602	-38.479692163694
			57.9595363255641	-38.479692163694
			57.9995360055679	-38.4396924836902
			58.0395356855718	-38.4396924836902
			58.0795353655756	-38.4396924836902
			58.1195350455794	-38.4396924836902
			58.1195350455794	-38.3996928036864
			58.1595347255833	-38.3996928036864
			58.1995344055871	-38.3996928036864
			58.239534085591	-38.3996928036864
			58.2795337655948	-38.3596931236825
			58.3195334455987	-38.3596931236825
			58.3595331256025	-38.3596931236825
			58.3995328056063	-38.3596931236825
			58.4395324856102	-38.3196934436787
			58.479532165614	-38.3196934436787
			58.5195318456178	-38.3196934436787
			58.5595315256217	-38.3196934436787
			58.5995312056255	-38.2796937636748
			58.6395308856294	-38.2796937636748
			58.6795305656332	-38.2796937636748
			58.7195302456371	-38.2796937636748
			58.7595299256409	-38.239694083671
			58.7995296056447	-38.239694083671
			58.8395292856486	-38.239694083671
			58.8795289656524	-38.239694083671
			58.9195286456562	-38.239694083671
			58.9595283256601	-38.239694083671
			58.9995280056639	-38.1996944036672
			59.0395276856678	-38.1996944036672
			59.0795273656716	-38.1996944036672
			59.1195270456754	-38.1996944036672
			59.1595267256793	-38.1996944036672
			59.1995264056831	-38.1596947236633
			59.239526085687	-38.1596947236633
			59.2795257656908	-38.1596947236633
			59.3195254456947	-38.1596947236633
			59.3595251256985	-38.1596947236633
			59.3995248057023	-38.1596947236633
			59.4395244857062	-38.1596947236633
			59.47952416571	-38.1196950436595
			59.5195238457138	-38.1196950436595
			59.5595235257177	-38.1196950436595
			59.5995232057215	-38.1196950436595
			59.6395228857254	-38.1196950436595
			59.6795225657292	-38.1196950436595
			59.719522245733	-38.1196950436595
			59.7595219257369	-38.1196950436595
			59.7995216057407	-38.1196950436595
			59.8395212857446	-38.0796953636556
			59.8795209657484	-38.0796953636556
			59.9195206457523	-38.0796953636556
			59.9595203257561	-38.0796953636556
			59.9995200057599	-38.0796953636556
			60.0395196857638	-38.0796953636556
			60.0795193657676	-38.0796953636556
			60.1195190457714	-38.0796953636556
			60.1595187257753	-38.0796953636556
			60.1995184057791	-38.0796953636556
			60.239518085783	-38.0796953636556
			60.2795177657868	-38.0796953636556
			60.3195174457906	-38.0796953636556
			60.3595171257945	-38.0796953636556
			60.3995168057983	-38.0796953636556
			60.4395164858022	-38.0796953636556
			60.479516165806	-38.0796953636556
			60.5195158458098	-38.0796953636556
			60.5595155258137	-38.0796953636556
			60.5995152058175	-38.0796953636556
			60.6395148858214	-38.1196950436595
			60.6795145658252	-38.1196950436595
			60.719514245829	-38.1196950436595
			60.7595139258329	-38.1196950436595
			60.7995136058367	-38.1196950436595
			60.8395132858406	-38.1196950436595
			60.8795129658444	-38.1196950436595
			60.9195126458482	-38.1596947236633
			60.9595123258521	-38.1596947236633
			60.9995120058559	-38.1596947236633
			61.0395116858598	-38.1596947236633
			61.0795113658636	-38.1596947236633
			61.1195110458674	-38.1996944036672
			61.1595107258713	-38.1996944036672
			61.1995104058751	-38.1996944036672
			61.239510085879	-38.1996944036672
			61.2795097658828	-38.239694083671
			61.3195094458866	-38.239694083671
			61.3595091258905	-38.239694083671
			61.3995088058943	-38.2796937636748
			61.4395084858982	-38.2796937636748
			61.479508165902	-38.3196934436787
			61.5195078459058	-38.3196934436787
			61.5595075259097	-38.3196934436787
			61.5995072059135	-38.3596931236825
			61.6395068859174	-38.3596931236825
			61.6795065659212	-38.3996928036864
			61.719506245925	-38.3996928036864
			61.7595059259289	-38.4396924836902
			61.7995056059327	-38.4396924836902
			61.8395052859366	-38.479692163694
			61.8795049659404	-38.479692163694
			61.8795049659404	-38.5196918436979
			61.9195046459442	-38.5196918436979
			61.9595043259481	-38.5596915237017
			61.9995040059519	-38.5996912037056
			62.0395036859558	-38.5996912037056
			62.0395036859558	-38.6396908837094
			62.0795033659596	-38.6796905637132
			62.1195030459634	-38.6796905637132
			62.1595027259673	-38.7196902437171
			62.1595027259673	-38.7596899237209
			62.1995024059711	-38.7596899237209
			62.239502085975	-38.7996896037248
			62.239502085975	-38.8396892837286
			62.2795017659788	-38.8796889637324
			62.3195014459826	-38.8796889637324
			62.3195014459826	-38.9196886437363
			62.3595011259865	-38.9596883237401
			62.3595011259865	-38.999688003744
			62.3995008059903	-39.0396876837478
			62.4395004859942	-39.0796873637516
			62.479500165998	-39.1196870437555
			62.479500165998	-39.1596867237593
			62.5194998460018	-39.1996864037632
			62.5594995260057	-39.1996864037632
			62.5994992060095	-39.239686083767
			62.6394988860134	-39.239686083767
			62.6794985660172	-39.239686083767
			62.719498246021	-39.2796857637708
			62.7594979260249	-39.2796857637708
			62.7994976060287	-39.3196854437747
			62.8394972860326	-39.3196854437747
			62.8794969660364	-39.3596851237785
			62.9194966460402	-39.3596851237785
			62.9594963260441	-39.3996848037823
			62.9994960060479	-39.3996848037823
			63.0394956860518	-39.4396844837862
			63.0794953660556	-39.4396844837862
			63.1194950460594	-39.47968416379
			63.1594947260633	-39.47968416379
			63.1994944060671	-39.47968416379
			63.239494086071	-39.5196838437939
			63.2794937660748	-39.5196838437939
			63.3194934460786	-39.5596835237977
			63.3594931260825	-39.5996832038016
			63.3994928060863	-39.5996832038016
			63.4394924860902	-39.5996832038016
			63.479492166094	-39.6396828838054
			63.5194918460978	-39.6396828838054
			63.5194918460978	-39.6796825638092
			63.5594915261017	-39.6796825638092
			63.5994912061055	-39.6796825638092
			63.6394908861094	-39.7196822438131
			63.6794905661132	-39.7196822438131
			63.719490246117	-39.7596819238169
			63.7594899261209	-39.7596819238169
			63.7594899261209	-39.7996816038208
			63.7994896061247	-39.7996816038208
			63.8394892861286	-39.7996816038208
			63.8794889661324	-39.8396812838246
			63.9194886461362	-39.8396812838246
			63.9594883261401	-39.8796809638284
			63.9994880061439	-39.8796809638284
			64.0394876861478	-39.9196806438323
			64.0794873661516	-39.9196806438323
			64.1194870461554	-39.9596803238361
			64.1594867261593	-39.9596803238361
			64.1994864061631	-39.9996800038399
			64.239486086167	-39.9996800038399
			64.2794857661708	-40.0396796838438
			64.3194854461746	-40.0396796838438
			64.3594851261785	-40.0796793638476
			64.3994848061823	-40.0796793638476
			64.4394844861862	-40.1196790438515
			64.47948416619	-40.1196790438515
			64.5194838461938	-40.1596787238553
			64.5594835261977	-40.1596787238553
			64.5994832062015	-40.1996784038592
			64.6394828862054	-40.1996784038592
			64.6794825662092	-40.239678083863
			64.719482246213	-40.239678083863
			64.7594819262169	-40.2796777638668
			64.7994816062207	-40.2796777638668
			64.8394812862246	-40.3196774438707
			64.8794809662284	-40.3596771238745
			64.9194806462322	-40.3596771238745
			64.9594803262361	-40.3996768038784
			64.9994800062399	-40.3996768038784
			65.0394796862438	-40.4396764838822
			65.0794793662476	-40.479676163886
			65.1194790462514	-40.479676163886
			65.1594787262553	-40.479676163886
			65.1994784062591	-40.5196758438899
			65.239478086263	-40.5596755238937
			65.2794777662668	-40.5596755238937
			65.3194774462706	-40.5996752038976
			65.3594771262745	-40.5996752038976
			65.3994768062783	-40.6396748839014
			65.4394764862822	-40.6396748839014
			65.479476166286	-40.6796745639052
			65.5194758462898	-40.6796745639052
			65.5594755262937	-40.7196742439091
			65.5994752062975	-40.7196742439091
			65.6394748863014	-40.7596739239129
			65.6794745663052	-40.7996736039168
			65.719474246309	-40.7996736039168
			65.7594739263129	-40.8396732839206
			65.7994736063167	-40.8796729639244
			65.8394732863206	-40.8796729639244
			65.8794729663244	-40.9196726439283
			65.9194726463282	-40.9196726439283
			65.9594723263321	-40.9596723239321
			65.9994720063359	-40.9996720039359
			66.0394716863398	-40.9996720039359
			66.0794713663436	-41.0396716839398
			66.1194710463474	-41.0396716839398
			66.1594707263513	-41.0796713639436
			66.1994704063551	-41.0796713639436
			66.239470086359	-41.1196710439475
			66.2794697663628	-41.1196710439475
			66.3194694463666	-41.1596707239513
			66.3594691263705	-41.1596707239513
			66.3594691263705	-41.1996704039552
			66.3994688063743	-41.1996704039552
			66.4394684863782	-41.239670083959
			66.479468166382	-41.2796697639628
			66.5194678463858	-41.2796697639628
			66.5594675263897	-41.3196694439667
			66.5994672063935	-41.3196694439667
			66.6394668863974	-41.3596691239705
			66.6794665664012	-41.3596691239705
			66.6794665664012	-41.3996688039744
			66.719466246405	-41.3996688039744
			66.7594659264089	-41.4396684839782
			66.7994656064127	-41.4396684839782
			66.8394652864166	-41.479668163982
			66.8794649664204	-41.5196678439859
			66.9194646464242	-41.5196678439859
			66.9594643264281	-41.5596675239897
			66.9994640064319	-41.5996672039935
			67.0394636864358	-41.5996672039935
			67.0794633664396	-41.6396668839974
			67.1194630464434	-41.6796665640012
			67.1594627264473	-41.6796665640012
			67.1994624064511	-41.7196662440051
			67.239462086455	-41.7596659240089
			67.2794617664588	-41.7596659240089
			67.3194614464626	-41.7996656040128
			67.3594611264665	-41.8396652840166
			67.3994608064703	-41.8396652840166
			67.4394604864742	-41.8796649640204
			67.479460166478	-41.9196646440243
			67.5194598464818	-41.9196646440243
			67.5594595264857	-41.9596643240281
			67.5994592064895	-41.9996640040319
			67.6394588864934	-41.9996640040319
			67.6794585664972	-42.0396636840358
			67.719458246501	-42.0796633640396
			67.7594579265049	-42.0796633640396
			67.7994576065087	-42.1196630440435
			67.8394572865126	-42.1596627240473
			67.8794569665164	-42.1596627240473
			67.9194566465202	-42.1996624040511
			67.9594563265241	-42.239662084055
			67.9994560065279	-42.239662084055
			68.0394556865318	-42.2796617640588
			68.0794553665356	-42.2796617640588
			68.0794553665356	-42.3196614440627
			68.1194550465394	-42.3596611240665
			68.1594547265433	-42.3596611240665
			68.1994544065471	-42.3996608040704
			68.239454086551	-42.4396604840742
			68.2794537665548	-42.4396604840742
			68.3194534465586	-42.479660164078
			68.3594531265625	-42.5196598440819
			68.3994528065663	-42.5196598440819
			68.4394524865702	-42.5596595240857
			68.4394524865702	-42.5996592040895
			68.479452166574	-42.5996592040895
			68.5194518465778	-42.6396588840934
			68.5594515265817	-42.6796585640972
			68.5994512065855	-42.6796585640972
			68.6394508865894	-42.7196582441011
			68.6794505665932	-42.7596579241049
			68.719450246597	-42.7996576041087
			68.7594499266009	-42.8396572841126
			68.7994496066047	-42.8796569641164
			68.8394492866086	-42.8796569641164
			68.8794489666124	-42.9196566441203
			68.9194486466162	-42.9596563241241
			68.9594483266201	-42.9996560041279
			68.9994480066239	-43.0396556841318
			69.0394476866278	-43.0396556841318
			69.0794473666316	-43.0796553641356
			69.1194470466354	-43.1196550441395
			69.1594467266393	-43.1596547241433
			69.1994464066431	-43.1996544041471
			69.239446086647	-43.1996544041471
			69.2794457666508	-43.239654084151
			69.3194454466546	-43.2796537641548
			69.3594451266585	-43.3196534441587
			69.3994448066623	-43.3596531241625
			69.4394444866662	-43.3596531241625
			69.47944416667	-43.3996528041664
			69.5194438466738	-43.4396524841702
			69.5194438466738	-43.479652164174
			69.5594435266777	-43.5196518441779
			69.5994432066815	-43.5196518441779
			69.6394428866854	-43.5596515241817
			69.6794425666892	-43.5596515241817
			69.719442246693	-43.5996512041855
			69.7594419266969	-43.5996512041855
			69.7594419266969	-43.6396508841894
			69.7994416067007	-43.6396508841894
			69.8394412867046	-43.6396508841894
			69.8794409667084	-43.6796505641932
			69.9194406467122	-43.6796505641932
			69.9194406467122	-43.7196502441971
			69.9594403267161	-43.7196502441971
			69.9994400067199	-43.7196502441971
			70.0394396867238	-43.7596499242009
			70.0794393667276	-43.7596499242009
			70.0794393667276	-43.7996496042047
			70.1194390467314	-43.7996496042047
			70.1594387267353	-43.7996496042047
			70.1994384067391	-43.8396492842086
			70.239438086743	-43.8396492842086
			70.2794377667468	-43.8796489642124
			70.3194374467506	-43.9196486442163
			70.3594371267545	-43.9196486442163
			70.3994368067583	-43.9596483242201
			70.4394364867622	-43.9596483242201
			70.479436166766	-43.9996480042239
			70.5194358467698	-44.0396476842278
			70.5594355267737	-44.0396476842278
			70.5994352067775	-44.0796473642316
			70.6394348867814	-44.0796473642316
			70.6794345667852	-44.1196470442355
			70.719434246789	-44.1196470442355
			70.7594339267929	-44.1596467242393
			70.7994336067967	-44.1996464042431
			70.8394332868006	-44.1996464042431
			70.8794329668044	-44.239646084247
			70.9194326468082	-44.2796457642508
			70.9594323268121	-44.2796457642508
			70.9994320068159	-44.3196454442547
			71.0394316868198	-44.3196454442547
			71.0794313668236	-44.3596451242585
			71.1194310468274	-44.3996448042623
			71.1594307268313	-44.3996448042623
			71.1994304068351	-44.4396444842662
			71.239430086839	-44.4396444842662
			71.2794297668428	-44.47964416427
			71.3194294468466	-44.5196438442739
			71.3594291268505	-44.5196438442739
			71.3994288068543	-44.5596435242777
			71.4394284868581	-44.5596435242777
			71.4394284868581	-44.5996432042815
			71.479428166862	-44.6396428842854
			71.5194278468658	-44.6396428842854
			71.5594275268697	-44.6796425642892
			71.5994272068735	-44.6796425642892
			71.5994272068735	-44.7196422442931
			71.6394268868774	-44.7196422442931
			71.6794265668812	-44.7596419242969
			71.719426246885	-44.7596419242969
			71.719426246885	-44.7996416043007
			71.7594259268889	-44.7996416043007
			71.7994256068927	-44.8396412843046
			71.8394252868966	-44.8396412843046
			71.8394252868966	-44.8796409643084
			71.8794249669004	-44.8796409643084
			71.9194246469042	-44.9196406443123
			71.9594243269081	-44.9196406443123
			71.9594243269081	-44.9596403243161
			71.9994240069119	-44.9996400043199
			72.0394236869158	-44.9996400043199
			72.0794233669196	-45.0396396843238
			72.1194230469234	-45.0396396843238
			72.1194230469234	-45.0796393643276
			72.1594227269273	-45.0796393643276
			72.1994224069311	-45.1196390443315
			72.239422086935	-45.1596387243353
			72.2794217669388	-45.1596387243353
			72.2794217669388	-45.1996384043391
			72.3194214469426	-45.1996384043391
			72.3594211269465	-45.239638084343
			72.3994208069503	-45.2796377643468
			72.4394204869541	-45.3196374443507
			72.479420166958	-45.3196374443507
			72.5194198469618	-45.3596371243545
			72.5594195269657	-45.3996368043583
			72.5994192069695	-45.4396364843622
			72.6394188869734	-45.4396364843622
			72.6794185669772	-45.479636164366
			72.719418246981	-45.5196358443699
			72.7594179269849	-45.5596355243737
			72.7994176069887	-45.5596355243737
			72.8394172869926	-45.5996352043775
			72.8794169669964	-45.6396348843814
			72.9194166470002	-45.6796345643852
			72.9594163270041	-45.6796345643852
			72.9994160070079	-45.7196342443891
			73.0394156870118	-45.7596339243929
			73.0794153670156	-45.7996336043967
			73.1194150470194	-45.8396332844006
			73.1594147270233	-45.8396332844006
			73.1994144070271	-45.8796329644044
			73.239414087031	-45.9196326444083
			73.239414087031	-45.9596323244121
			73.2794137670348	-45.9996320044159
			73.3194134470386	-45.9996320044159
			73.3594131270425	-46.0396316844198
			73.3994128070463	-46.0796313644236
			73.4394124870501	-46.1196310444275
			73.479412167054	-46.1596307244313
			73.5194118470578	-46.1996304044351
			73.5594115270617	-46.1996304044351
			73.5994112070655	-46.239630084439
			73.6394108870693	-46.2796297644428
			73.6794105670732	-46.3196294444467
			73.719410247077	-46.3596291244505
			73.7594099270809	-46.3996288044543
			73.7994096070847	-46.4396284844582
			73.8394092870886	-46.4396284844582
			73.8794089670924	-46.479628164462
			73.9194086470962	-46.5196278444659
			73.9594083271001	-46.5596275244697
			73.9994080071039	-46.5996272044735
			74.0394076871078	-46.6396268844774
			74.0794073671116	-46.6796265644812
			74.1194070471154	-46.7196262444851
			74.1594067271193	-46.7596259244889
			74.1994064071231	-46.7596259244889
			74.239406087127	-46.7996256044927
			74.2794057671308	-46.8396252844966
			74.3194054471346	-46.8796249645004
			74.3594051271385	-46.8796249645004
			74.3594051271385	-46.9196246445043
			74.3994048071423	-46.9596243245081
			74.4394044871461	-46.9596243245081
			74.4394044871461	-46.9996240045119
			74.47940416715	-46.9996240045119
			74.47940416715	-47.0396236845158
			74.5194038471538	-47.0396236845158
			74.5594035271577	-47.0796233645196
			74.5994032071615	-47.1196230445235
			74.6394028871653	-47.1596227245273
			74.6794025671692	-47.1996224045311
			74.719402247173	-47.239622084535
			74.7594019271769	-47.239622084535
			74.7994016071807	-47.2796217645388
			74.8394012871845	-47.3196214445427
			74.8794009671884	-47.3596211245465
			74.9194006471922	-47.3996208045503
			74.9594003271961	-47.3996208045503
			74.9994000071999	-47.3996208045503
			74.9994000071999	-47.4396204845542
			75.0393996872038	-47.4396204845542
			75.0793993672076	-47.479620164558
			75.1193990472114	-47.5196198445619
			75.1593987272153	-47.5596195245657
			75.1993984072191	-47.5596195245657
			75.239398087223	-47.5996192045695
			75.2793977672268	-47.5996192045695
			75.2793977672268	-47.6396188845734
			75.3193974472306	-47.6396188845734
			75.3593971272345	-47.6796185645772
			75.3993968072383	-47.7196182445811
			75.4393964872421	-47.7596179245849
			75.479396167246	-47.7596179245849
			75.5193958472498	-47.7996176045887
			75.5593955272537	-47.8396172845926
			75.5993952072575	-47.8396172845926
			75.6393948872613	-47.8796169645964
			75.6793945672652	-47.9196166446003
			75.719394247269	-47.9196166446003
			75.719394247269	-47.9596163246041
			75.7593939272729	-47.9596163246041
			75.7993936072767	-47.9996160046079
			75.8393932872805	-48.0396156846118
			75.8793929672844	-48.0396156846118
			75.9193926472882	-48.0796153646156
			75.9593923272921	-48.1196150446195
			75.9993920072959	-48.1196150446195
			75.9993920072959	-48.1596147246233
			76.0393916872998	-48.1996144046271
			76.0793913673036	-48.1996144046271
			76.1193910473074	-48.239614084631
			76.1593907273113	-48.239614084631
			76.1993904073151	-48.2796137646348
			76.239390087319	-48.3196134446387
			76.2793897673228	-48.3196134446387
			76.2793897673228	-48.3596131246425
			76.3193894473266	-48.3596131246425
			76.3593891273305	-48.3996128046463
			76.3993888073343	-48.4396124846502
			76.4393884873381	-48.4396124846502
			76.479388167342	-48.479612164654
			76.479388167342	-48.5196118446579
			76.5193878473458	-48.5196118446579
			76.5593875273497	-48.5596115246617
			76.5993872073535	-48.5596115246617
			76.6393868873573	-48.5996112046655
			76.6793865673612	-48.6396108846694
			76.719386247365	-48.6796105646732
			76.7593859273689	-48.7196102446771
			76.7993856073727	-48.7196102446771
			76.8393852873765	-48.7596099246809
			76.8793849673804	-48.7996096046847
			76.9193846473842	-48.7996096046847
			76.9593843273881	-48.8396092846886
			76.9993840073919	-48.8796089646924
			77.0393836873957	-48.8796089646924
			77.0793833673996	-48.9196086446963
			77.1193830474034	-48.9596083247001
			77.1593827274073	-48.9996080047039
			77.1993824074111	-48.9996080047039
			77.239382087415	-49.0396076847078
			77.2793817674188	-49.0796073647116
			77.3193814474226	-49.0796073647116
			77.3193814474226	-49.1196070447155
			77.3593811274265	-49.1596067247193
			77.3993808074303	-49.1596067247193
			77.4393804874341	-49.1996064047231
			77.479380167438	-49.239606084727
			77.5193798474418	-49.239606084727
			77.5593795274457	-49.2796057647308
			77.5993792074495	-49.3196054447347
			77.6393788874533	-49.3596051247385
			77.6793785674572	-49.3596051247385
			77.6793785674572	-49.3996048047423
			77.719378247461	-49.4396044847462
			77.7593779274649	-49.4396044847462
			77.7993776074687	-49.47960416475
			77.8393772874725	-49.47960416475
			77.8793769674764	-49.5196038447539
			77.9193766474802	-49.5596035247577
			77.9593763274841	-49.5596035247577
			77.9593763274841	-49.5996032047615
			77.9993760074879	-49.6396028847654
			78.0393756874917	-49.6396028847654
			78.0793753674956	-49.6796025647692
			78.1193750474994	-49.7196022447731
			78.1593747275033	-49.7196022447731
			78.1593747275033	-49.7596019247769
			78.1993744075071	-49.7996016047807
			78.239374087511	-49.7996016047807
			78.2793737675148	-49.8396012847846
			78.3193734475186	-49.8796009647884
			78.3593731275225	-49.8796009647884
			78.3593731275225	-49.9196006447923
			78.3993728075263	-49.9196006447923
			78.4393724875302	-49.9596003247961
			78.479372167534	-49.9996000047999
			78.5193718475378	-49.9996000047999
			78.5193718475378	-50.0395996848038
			78.5593715275417	-50.0795993648076
			78.5993712075455	-50.0795993648076
			78.6393708875493	-50.1195990448115
			78.6793705675532	-50.1195990448115
			78.6793705675532	-50.1595987248153
			78.719370247557	-50.1995984048191
			78.7593699275609	-50.1995984048191
			78.7993696075647	-50.239598084823
			78.8393692875685	-50.2795977648268
			78.8793689675724	-50.3195974448307
			78.9193686475762	-50.3195974448307
			78.9593683275801	-50.3595971248345
			78.9993680075839	-50.3995968048383
			79.0393676875877	-50.4395964848422
			79.0793673675916	-50.479596164846
			79.1193670475954	-50.5195958448499
			79.1593667275993	-50.5595955248537
			79.1993664076031	-50.5595955248537
			79.2393660876069	-50.5995952048575
			79.2793657676108	-50.6395948848614
			79.3193654476146	-50.6795945648652
			79.3593651276185	-50.7195942448691
			79.3993648076223	-50.7195942448691
			79.4393644876262	-50.7595939248729
			79.47936416763	-50.7995936048767
			79.5193638476338	-50.8395932848806
			79.5593635276377	-50.8795929648844
			79.5993632076415	-50.8795929648844
			79.6393628876453	-50.9195926448883
			79.6793625676492	-50.9595923248921
			79.719362247653	-50.9995920048959
			79.7593619276569	-51.0395916848998
			79.7993616076607	-51.0395916848998
			79.8393612876645	-51.0795913649036
			79.8793609676684	-51.1195910449075
			79.8793609676684	-51.1595907249113
			79.9193606476722	-51.1595907249113
			79.9593603276761	-51.1995904049151
			79.9993600076799	-51.239590084919
			80.0393596876837	-51.2795897649228
			80.0793593676876	-51.2795897649228
			80.1193590476914	-51.3195894449267
			80.1193590476914	-51.3595891249305
			80.1593587276953	-51.3595891249305
			80.1993584076991	-51.3995888049343
			80.2393580877029	-51.4395884849382
			80.2793577677068	-51.479588164942
			80.3193574477106	-51.5195878449459
			80.3593571277145	-51.5595875249497
			80.3993568077183	-51.5995872049535
			80.4393564877221	-51.5995872049535
			80.479356167726	-51.6395868849574
			80.5193558477298	-51.6795865649612
			80.5593555277337	-51.7195862449651
			80.5993552077375	-51.7595859249689
			80.6393548877413	-51.7995856049727
		</c1>
		<c2 type=matrix rownames=FALSE colnames=FALSE nrow=1252 ncol=2 as.numeric=TRUE >
			80.6393548877413	-51.7995856049727
			80.5993552077375	-51.7995856049727
			80.5593555277337	-51.8395852849766
			80.5193558477298	-51.8795849649804
			80.479356167726	-51.8795849649804
			80.4393564877221	-51.8795849649804
			80.3993568077183	-51.9195846449843
			80.3593571277145	-51.9195846449843
			80.3193574477106	-51.9195846449843
			80.2793577677068	-51.9195846449843
			80.2393580877029	-51.9595843249881
			80.1993584076991	-51.9595843249881
			80.1593587276953	-51.9595843249881
			80.1193590476914	-51.9595843249881
			80.0793593676876	-51.9595843249881
			80.0393596876837	-51.9595843249881
			79.9993600076799	-51.9595843249881
			79.9593603276761	-51.9595843249881
			79.9193606476722	-51.9595843249881
			79.8793609676684	-51.9595843249881
			79.8393612876645	-51.9595843249881
			79.7993616076607	-51.9595843249881
			79.7593619276569	-51.9595843249881
			79.7593619276569	-51.9195846449843
			79.719362247653	-51.9195846449843
			79.6793625676492	-51.9195846449843
			79.6393628876453	-51.9195846449843
			79.5993632076415	-51.9195846449843
			79.5593635276377	-51.9595843249881
			79.5193638476338	-51.9595843249881
			79.47936416763	-51.9595843249881
			79.4393644876262	-51.9595843249881
			79.3993648076223	-51.9995840049919
			79.3593651276185	-51.9995840049919
			79.3193654476146	-51.9995840049919
			79.2793657676108	-51.9995840049919
			79.2393660876069	-51.9995840049919
			79.1993664076031	-51.9995840049919
			79.1593667275993	-51.9995840049919
			79.1193670475954	-51.9995840049919
			79.0793673675916	-51.9995840049919
			79.0393676875877	-51.9995840049919
			78.9993680075839	-51.9995840049919
			78.9593683275801	-51.9595843249881
			78.9193686475762	-51.9595843249881
			78.8793689675724	-51.9595843249881
			78.8393692875685	-51.9595843249881
			78.7993696075647	-51.9195846449843
			78.7593699275609	-51.9195846449843
			78.719370247557	-51.9195846449843
			78.6793705675532	-51.9195846449843
			78.6393708875493	-51.8795849649804
			78.5993712075455	-51.8795849649804
			78.5593715275417	-51.8395852849766
			78.5193718475378	-51.8395852849766
			78.479372167534	-51.7995856049727
			78.4393724875302	-51.7995856049727
			78.3993728075263	-51.7595859249689
			78.3593731275225	-51.7595859249689
			78.3193734475186	-51.7195862449651
			78.2793737675148	-51.7195862449651
			78.239374087511	-51.6795865649612
			78.1993744075071	-51.6795865649612
			78.1993744075071	-51.6395868849574
			78.1593747275033	-51.6395868849574
			78.1193750474994	-51.5995872049535
			78.0793753674956	-51.5595875249497
			78.0393756874917	-51.5595875249497
			78.0393756874917	-51.5195878449459
			77.9993760074879	-51.5195878449459
			77.9593763274841	-51.479588164942
			77.9193766474802	-51.479588164942
			77.9193766474802	-51.5195878449459
			77.8793769674764	-51.5195878449459
			77.8393772874725	-51.5595875249497
			77.7993776074687	-51.5595875249497
			77.7593779274649	-51.5595875249497
			77.7593779274649	-51.5995872049535
			77.719378247461	-51.5995872049535
			77.6793785674572	-51.5995872049535
			77.6393788874533	-51.6395868849574
			77.5993792074495	-51.6395868849574
			77.5593795274457	-51.6395868849574
			77.5193798474418	-51.6395868849574
			77.5193798474418	-51.6795865649612
			77.479380167438	-51.6795865649612
			77.4393804874341	-51.6795865649612
			77.3993808074303	-51.6795865649612
			77.3593811274265	-51.7195862449651
			77.3193814474226	-51.7195862449651
			77.2793817674188	-51.7195862449651
			77.239382087415	-51.7195862449651
			77.1993824074111	-51.7195862449651
			77.1593827274073	-51.7195862449651
			77.1193830474034	-51.7595859249689
			77.0793833673996	-51.7595859249689
			77.0393836873957	-51.7595859249689
			76.9993840073919	-51.7595859249689
			76.9593843273881	-51.7595859249689
			76.9193846473842	-51.7595859249689
			76.8793849673804	-51.7595859249689
			76.8393852873765	-51.7595859249689
			76.7993856073727	-51.7595859249689
			76.7593859273689	-51.7595859249689
			76.719386247365	-51.7595859249689
			76.6793865673612	-51.7595859249689
			76.6393868873573	-51.7595859249689
			76.5993872073535	-51.7595859249689
			76.5593875273497	-51.7595859249689
			76.5193878473458	-51.7595859249689
			76.479388167342	-51.7595859249689
			76.4393884873381	-51.7595859249689
			76.3993888073343	-51.7595859249689
			76.3593891273305	-51.7595859249689
			76.3193894473266	-51.7595859249689
			76.2793897673228	-51.7595859249689
			76.239390087319	-51.7595859249689
			76.1993904073151	-51.7595859249689
			76.1593907273113	-51.7595859249689
			76.1193910473074	-51.7595859249689
			76.0793913673036	-51.7195862449651
			76.0393916872998	-51.7195862449651
			75.9993920072959	-51.7195862449651
			75.9593923272921	-51.7195862449651
			75.9193926472882	-51.7195862449651
			75.8793929672844	-51.7195862449651
			75.8393932872805	-51.7195862449651
			75.7993936072767	-51.7195862449651
			75.7593939272729	-51.6795865649612
			75.719394247269	-51.6795865649612
			75.6793945672652	-51.6795865649612
			75.6393948872613	-51.6795865649612
			75.5993952072575	-51.6795865649612
			75.5593955272537	-51.6795865649612
			75.5193958472498	-51.6795865649612
			75.479396167246	-51.6395868849574
			75.4393964872421	-51.6395868849574
			75.3993968072383	-51.6395868849574
			75.3593971272345	-51.6395868849574
			75.3193974472306	-51.6395868849574
			75.2793977672268	-51.6795865649612
			75.239398087223	-51.6795865649612
			75.1993984072191	-51.6795865649612
			75.1593987272153	-51.6795865649612
			75.1193990472114	-51.6795865649612
			75.0793993672076	-51.6795865649612
			75.0793993672076	-51.7195862449651
			75.0393996872038	-51.7195862449651
			74.9994000071999	-51.7195862449651
			74.9594003271961	-51.7195862449651
			74.9194006471922	-51.7195862449651
			74.8794009671884	-51.7195862449651
			74.8394012871845	-51.7195862449651
			74.7994016071807	-51.7195862449651
			74.7594019271769	-51.7595859249689
			74.719402247173	-51.7595859249689
			74.6794025671692	-51.7595859249689
			74.6394028871653	-51.7595859249689
			74.5994032071615	-51.7595859249689
			74.5594035271577	-51.7595859249689
			74.5194038471538	-51.7595859249689
			74.47940416715	-51.7595859249689
			74.4394044871461	-51.7595859249689
			74.3994048071423	-51.7595859249689
			74.3594051271385	-51.7595859249689
			74.3194054471346	-51.7595859249689
			74.2794057671308	-51.7595859249689
			74.239406087127	-51.7595859249689
			74.1994064071231	-51.7595859249689
			74.1594067271193	-51.7595859249689
			74.1194070471154	-51.7595859249689
			74.0794073671116	-51.7595859249689
			74.0394076871078	-51.7595859249689
			73.9994080071039	-51.7595859249689
			73.9594083271001	-51.7595859249689
			73.9194086470962	-51.7595859249689
			73.8794089670924	-51.7595859249689
			73.8394092870886	-51.7595859249689
			73.7994096070847	-51.7595859249689
			73.7594099270809	-51.7595859249689
			73.719410247077	-51.7595859249689
			73.6794105670732	-51.7595859249689
			73.6394108870693	-51.7595859249689
			73.5994112070655	-51.7595859249689
			73.5594115270617	-51.7595859249689
			73.5194118470578	-51.7595859249689
			73.479412167054	-51.7195862449651
			73.4394124870501	-51.7195862449651
			73.3994128070463	-51.7195862449651
			73.3594131270425	-51.7195862449651
			73.3194134470386	-51.7195862449651
			73.2794137670348	-51.7195862449651
			73.239414087031	-51.7195862449651
			73.1994144070271	-51.6795865649612
			73.1594147270233	-51.6795865649612
			73.1194150470194	-51.6795865649612
			73.0794153670156	-51.6795865649612
			73.0394156870118	-51.6795865649612
			72.9994160070079	-51.6795865649612
			72.9594163270041	-51.6395868849574
			72.9194166470002	-51.6395868849574
			72.8794169669964	-51.6395868849574
			72.8394172869926	-51.6395868849574
			72.7994176069887	-51.6395868849574
			72.7594179269849	-51.5995872049535
			72.719418246981	-51.5995872049535
			72.6794185669772	-51.5995872049535
			72.6394188869734	-51.5995872049535
			72.5994192069695	-51.5595875249497
			72.5594195269657	-51.5595875249497
			72.5194198469618	-51.5595875249497
			72.479420166958	-51.5595875249497
			72.4394204869541	-51.5195878449459
			72.3994208069503	-51.5195878449459
			72.3594211269465	-51.5195878449459
			72.3194214469426	-51.5195878449459
			72.2794217669388	-51.479588164942
			72.239422086935	-51.479588164942
			72.1994224069311	-51.479588164942
			72.1594227269273	-51.4395884849382
			72.1194230469234	-51.4395884849382
			72.0794233669196	-51.4395884849382
			72.0394236869158	-51.3995888049343
			71.9994240069119	-51.3995888049343
			71.9594243269081	-51.3995888049343
			71.9194246469042	-51.3595891249305
			71.8794249669004	-51.3595891249305
			71.8394252868966	-51.3595891249305
			71.7994256068927	-51.3195894449267
			71.7594259268889	-51.3195894449267
			71.719426246885	-51.2795897649228
			71.6794265668812	-51.2795897649228
			71.6394268868774	-51.2795897649228
			71.5994272068735	-51.239590084919
			71.5594275268697	-51.239590084919
			71.5194278468658	-51.239590084919
			71.479428166862	-51.239590084919
			71.479428166862	-51.2795897649228
			71.4394284868581	-51.2795897649228
			71.3994288068543	-51.2795897649228
			71.3594291268505	-51.2795897649228
			71.3194294468466	-51.3195894449267
			71.2794297668428	-51.3195894449267
			71.239430086839	-51.3195894449267
			71.1994304068351	-51.3595891249305
			71.1594307268313	-51.3595891249305
			71.1194310468274	-51.3595891249305
			71.0794313668236	-51.3595891249305
			71.0394316868198	-51.3995888049343
			70.9994320068159	-51.3995888049343
			70.9594323268121	-51.3995888049343
			70.9194326468082	-51.3995888049343
			70.8794329668044	-51.4395884849382
			70.8394332868006	-51.4395884849382
			70.7994336067967	-51.4395884849382
			70.7594339267929	-51.4395884849382
			70.719434246789	-51.4395884849382
			70.6794345667852	-51.479588164942
			70.6394348867814	-51.479588164942
			70.5994352067775	-51.479588164942
			70.5594355267737	-51.479588164942
			70.5194358467698	-51.479588164942
			70.479436166766	-51.5195878449459
			70.4394364867622	-51.5195878449459
			70.3994368067583	-51.5195878449459
			70.3594371267545	-51.5195878449459
			70.3194374467506	-51.5195878449459
			70.2794377667468	-51.5595875249497
			70.239438086743	-51.5595875249497
			70.1994384067391	-51.5595875249497
			70.1594387267353	-51.5595875249497
			70.1194390467314	-51.5595875249497
			70.0794393667276	-51.5595875249497
			70.0394396867238	-51.5995872049535
			69.9994400067199	-51.5995872049535
			69.9594403267161	-51.5995872049535
			69.9194406467122	-51.5995872049535
			69.8794409667084	-51.5995872049535
			69.8394412867046	-51.5995872049535
			69.7994416067007	-51.5995872049535
			69.7594419266969	-51.5995872049535
			69.719442246693	-51.6395868849574
			69.6794425666892	-51.6395868849574
			69.6394428866854	-51.6395868849574
			69.5994432066815	-51.6395868849574
			69.5594435266777	-51.6395868849574
			69.5194438466738	-51.6395868849574
			69.47944416667	-51.6395868849574
			69.4394444866662	-51.6395868849574
			69.3994448066623	-51.6395868849574
			69.3594451266585	-51.6395868849574
			69.3194454466546	-51.6395868849574
			69.2794457666508	-51.6795865649612
			69.239446086647	-51.6795865649612
			69.1994464066431	-51.6795865649612
			69.1594467266393	-51.6795865649612
			69.1194470466354	-51.6795865649612
			69.0794473666316	-51.6795865649612
			69.0394476866278	-51.6795865649612
			68.9994480066239	-51.6795865649612
			68.9594483266201	-51.6795865649612
			68.9194486466162	-51.6795865649612
			68.8794489666124	-51.6795865649612
			68.8394492866086	-51.6795865649612
			68.7994496066047	-51.6795865649612
			68.7594499266009	-51.6795865649612
			68.719450246597	-51.6795865649612
			68.6794505665932	-51.6795865649612
			68.6394508865894	-51.6795865649612
			68.5994512065855	-51.6795865649612
			68.5594515265817	-51.6795865649612
			68.5194518465778	-51.6795865649612
			68.479452166574	-51.6795865649612
			68.4394524865702	-51.6395868849574
			68.3994528065663	-51.6395868849574
			68.3594531265625	-51.6395868849574
			68.3194534465586	-51.6395868849574
			68.2794537665548	-51.6395868849574
			68.239454086551	-51.6395868849574
			68.1994544065471	-51.6395868849574
			68.1594547265433	-51.6395868849574
			68.1194550465394	-51.6395868849574
			68.0794553665356	-51.6395868849574
			68.0394556865318	-51.5995872049535
			67.9994560065279	-51.5995872049535
			67.9594563265241	-51.5995872049535
			67.9194566465202	-51.5995872049535
			67.8794569665164	-51.5995872049535
			67.8394572865126	-51.5995872049535
			67.7994576065087	-51.5595875249497
			67.7594579265049	-51.5595875249497
			67.719458246501	-51.5595875249497
			67.6794585664972	-51.5595875249497
			67.6394588864934	-51.5595875249497
			67.5994592064895	-51.5195878449459
			67.5594595264857	-51.5195878449459
			67.5194598464818	-51.5195878449459
			67.479460166478	-51.5195878449459
			67.4394604864742	-51.479588164942
			67.3994608064703	-51.479588164942
			67.3594611264665	-51.479588164942
			67.3194614464626	-51.479588164942
			67.2794617664588	-51.4395884849382
			67.239462086455	-51.4395884849382
			67.1994624064511	-51.4395884849382
			67.1594627264473	-51.3995888049343
			67.1194630464434	-51.3995888049343
			67.0794633664396	-51.3995888049343
			67.0394636864358	-51.3595891249305
			66.9994640064319	-51.3595891249305
			66.9594643264281	-51.3595891249305
			66.9194646464242	-51.3595891249305
			66.8794649664204	-51.3595891249305
			66.8394652864166	-51.3595891249305
			66.7994656064127	-51.3595891249305
			66.7594659264089	-51.3595891249305
			66.719466246405	-51.3595891249305
			66.6794665664012	-51.3595891249305
			66.6394668863974	-51.3595891249305
			66.5994672063935	-51.3595891249305
			66.5594675263897	-51.3595891249305
			66.5194678463858	-51.3595891249305
			66.479468166382	-51.3595891249305
			66.4394684863782	-51.3595891249305
			66.3994688063743	-51.3595891249305
			66.3594691263705	-51.3595891249305
			66.3194694463666	-51.3595891249305
			66.2794697663628	-51.3595891249305
			66.239470086359	-51.3595891249305
			66.1994704063551	-51.3595891249305
			66.1594707263513	-51.3595891249305
			66.1194710463474	-51.3595891249305
			66.0794713663436	-51.3595891249305
			66.0394716863398	-51.3595891249305
			65.9994720063359	-51.3595891249305
			65.9594723263321	-51.3595891249305
			65.9194726463282	-51.3595891249305
			65.8794729663244	-51.3595891249305
			65.8394732863206	-51.3595891249305
			65.7994736063167	-51.3195894449267
			65.7594739263129	-51.3195894449267
			65.719474246309	-51.3195894449267
			65.6794745663052	-51.3195894449267
			65.6394748863014	-51.3195894449267
			65.5994752062975	-51.3195894449267
			65.5594755262937	-51.3195894449267
			65.5194758462898	-51.3195894449267
			65.479476166286	-51.3195894449267
			65.4394764862822	-51.3195894449267
			65.3994768062783	-51.3195894449267
			65.3594771262745	-51.3195894449267
			65.3194774462706	-51.3195894449267
			65.2794777662668	-51.3195894449267
			65.239478086263	-51.3195894449267
			65.1994784062591	-51.3195894449267
			65.1594787262553	-51.3195894449267
			65.1194790462514	-51.3195894449267
			65.0794793662476	-51.3195894449267
			65.0394796862438	-51.3195894449267
			65.0394796862438	-51.2795897649228
			64.9994800062399	-51.2795897649228
			64.9594803262361	-51.2795897649228
			64.9194806462322	-51.2795897649228
			64.8794809662284	-51.2795897649228
			64.8394812862246	-51.2795897649228
			64.7994816062207	-51.2795897649228
			64.7594819262169	-51.2795897649228
			64.719482246213	-51.2795897649228
			64.6794825662092	-51.2795897649228
			64.6394828862054	-51.2795897649228
			64.5994832062015	-51.2795897649228
			64.5594835261977	-51.2795897649228
			64.5194838461938	-51.239590084919
			64.47948416619	-51.239590084919
			64.4394844861862	-51.239590084919
			64.3994848061823	-51.239590084919
			64.3594851261785	-51.239590084919
			64.3194854461746	-51.239590084919
			64.2794857661708	-51.239590084919
			64.239486086167	-51.239590084919
			64.1994864061631	-51.239590084919
			64.1594867261593	-51.239590084919
			64.1194870461554	-51.1995904049151
			64.0794873661516	-51.1995904049151
			64.0394876861478	-51.1995904049151
			63.9994880061439	-51.1995904049151
			63.9594883261401	-51.1995904049151
			63.9194886461362	-51.1995904049151
			63.8794889661324	-51.1995904049151
			63.8394892861286	-51.1995904049151
			63.7994896061247	-51.1595907249113
			63.7594899261209	-51.1595907249113
			63.719490246117	-51.1595907249113
			63.6794905661132	-51.1595907249113
			63.6394908861094	-51.1595907249113
			63.5994912061055	-51.1595907249113
			63.5594915261017	-51.1195910449075
			63.5194918460978	-51.1195910449075
			63.479492166094	-51.1195910449075
			63.4394924860902	-51.1195910449075
			63.3994928060863	-51.1195910449075
			63.3594931260825	-51.1195910449075
			63.3194934460786	-51.1195910449075
			63.2794937660748	-51.0795913649036
			63.239494086071	-51.0795913649036
			63.1994944060671	-51.0795913649036
			63.1594947260633	-51.0795913649036
			63.1194950460594	-51.0795913649036
			63.0794953660556	-51.0395916848998
			63.0394956860518	-51.0395916848998
			62.9994960060479	-51.0395916848998
			62.9594963260441	-51.0395916848998
			62.9194966460402	-50.9995920048959
			62.8794969660364	-50.9995920048959
			62.8394972860326	-50.9995920048959
			62.7994976060287	-50.9995920048959
			62.7594979260249	-50.9995920048959
			62.719498246021	-50.9595923248921
			62.6794985660172	-50.9595923248921
			62.6394988860134	-50.9595923248921
			62.5994992060095	-50.9595923248921
			62.5594995260057	-50.9195926448883
			62.5194998460018	-50.9195926448883
			62.479500165998	-50.9195926448883
			62.4395004859942	-50.8795929648844
			62.3995008059903	-50.8795929648844
			62.3595011259865	-50.8795929648844
			62.3195014459826	-50.8795929648844
			62.2795017659788	-50.8395932848806
			62.239502085975	-50.8395932848806
			62.1995024059711	-50.8395932848806
			62.1595027259673	-50.7995936048767
			62.1195030459634	-50.7995936048767
			62.0795033659596	-50.7995936048767
			62.0395036859558	-50.7995936048767
			61.9995040059519	-50.7995936048767
			61.9595043259481	-50.7995936048767
			61.9195046459442	-50.7995936048767
			61.8795049659404	-50.8395932848806
			61.8395052859366	-50.8395932848806
			61.7995056059327	-50.8395932848806
			61.7595059259289	-50.8395932848806
			61.719506245925	-50.8395932848806
			61.6795065659212	-50.8395932848806
			61.6395068859174	-50.8395932848806
			61.5995072059135	-50.8395932848806
			61.5595075259097	-50.8395932848806
			61.5195078459058	-50.8795929648844
			61.479508165902	-50.8795929648844
			61.4395084858982	-50.8795929648844
			61.3995088058943	-50.8795929648844
			61.3595091258905	-50.8795929648844
			61.3195094458866	-50.8795929648844
			61.2795097658828	-50.8795929648844
			61.239510085879	-50.8795929648844
			61.1995104058751	-50.8795929648844
			61.1595107258713	-50.8795929648844
			61.1195110458674	-50.8795929648844
			61.0795113658636	-50.9195926448883
			61.0395116858598	-50.9195926448883
			60.9995120058559	-50.9195926448883
			60.9595123258521	-50.9195926448883
			60.9195126458482	-50.9195926448883
			60.8795129658444	-50.9195926448883
			60.8395132858406	-50.9195926448883
			60.7995136058367	-50.9195926448883
			60.7595139258329	-50.9195926448883
			60.719514245829	-50.9195926448883
			60.6795145658252	-50.9195926448883
			60.6395148858214	-50.9195926448883
			60.6395148858214	-50.9595923248921
			60.5995152058175	-50.9595923248921
			60.5595155258137	-50.9595923248921
			60.5195158458098	-50.9595923248921
			60.479516165806	-50.9595923248921
			60.4395164858022	-50.9595923248921
			60.3995168057983	-50.9595923248921
			60.3595171257945	-50.9595923248921
			60.3195174457906	-50.9595923248921
			60.2795177657868	-50.9595923248921
			60.239518085783	-50.9595923248921
			60.1995184057791	-50.9595923248921
			60.1595187257753	-50.9595923248921
			60.1195190457714	-50.9995920048959
			60.0795193657676	-50.9995920048959
			60.0395196857638	-50.9995920048959
			59.9995200057599	-50.9995920048959
			59.9595203257561	-50.9995920048959
			59.9195206457523	-50.9995920048959
			59.8795209657484	-50.9995920048959
			59.8395212857446	-50.9995920048959
			59.7995216057407	-50.9995920048959
			59.7595219257369	-50.9995920048959
			59.719522245733	-50.9995920048959
			59.6795225657292	-50.9995920048959
			59.6395228857254	-50.9995920048959
			59.5995232057215	-51.0395916848998
			59.5595235257177	-51.0395916848998
			59.5195238457138	-51.0395916848998
			59.47952416571	-51.0395916848998
			59.4395244857062	-51.0395916848998
			59.3995248057023	-51.0395916848998
			59.3595251256985	-51.0395916848998
			59.3195254456947	-51.0395916848998
			59.2795257656908	-51.0395916848998
			59.239526085687	-51.0395916848998
			59.1995264056831	-51.0395916848998
			59.1595267256793	-51.0395916848998
			59.1195270456754	-51.0395916848998
			59.0795273656716	-51.0395916848998
			59.0395276856678	-51.0395916848998
			58.9995280056639	-51.0395916848998
			58.9595283256601	-51.0395916848998
			58.9595283256601	-51.0795913649036
			58.9195286456562	-51.0795913649036
			58.8795289656524	-51.0795913649036
			58.8395292856486	-51.0795913649036
			58.7995296056447	-51.0795913649036
			58.7595299256409	-51.0795913649036
			58.7195302456371	-51.0795913649036
			58.6795305656332	-51.0795913649036
			58.6395308856294	-51.0795913649036
			58.5995312056255	-51.0795913649036
			58.5595315256217	-51.0795913649036
			58.5195318456178	-51.0795913649036
			58.479532165614	-51.0795913649036
			58.4395324856102	-51.0795913649036
			58.3995328056063	-51.0795913649036
			58.3595331256025	-51.0795913649036
			58.3195334455987	-51.0795913649036
			58.2795337655948	-51.0795913649036
			58.239534085591	-51.0795913649036
			58.1995344055871	-51.0795913649036
			58.1595347255833	-51.0795913649036
			58.1195350455794	-51.1195910449075
			58.0795353655756	-51.1195910449075
			58.0395356855718	-51.1195910449075
			57.9995360055679	-51.1195910449075
			57.9595363255641	-51.1195910449075
			57.9195366455602	-51.1195910449075
			57.8795369655564	-51.1195910449075
			57.8395372855526	-51.1195910449075
			57.7995376055487	-51.1195910449075
			57.7595379255449	-51.1195910449075
			57.7195382455411	-51.1195910449075
			57.6795385655372	-51.1195910449075
			57.6395388855334	-51.1195910449075
			57.5995392055295	-51.1195910449075
			57.5595395255257	-51.1195910449075
			57.5195398455218	-51.1195910449075
			57.479540165518	-51.1195910449075
			57.4395404855142	-51.1195910449075
			57.3995408055103	-51.1195910449075
			57.3595411255065	-51.1195910449075
			57.3195414455027	-51.1195910449075
			57.2795417654988	-51.1195910449075
			57.239542085495	-51.1195910449075
			57.1995424054911	-51.1195910449075
			57.1595427254873	-51.1195910449075
			57.1195430454835	-51.1195910449075
			57.0795433654796	-51.1195910449075
			57.0395436854758	-51.1195910449075
			56.9995440054719	-51.1195910449075
			56.9595443254681	-51.1195910449075
			56.9195446454642	-51.1195910449075
			56.8795449654604	-51.1195910449075
			56.8395452854566	-51.1195910449075
			56.7995456054527	-51.1195910449075
			56.7595459254489	-51.1195910449075
			56.7195462454451	-51.1195910449075
			56.6795465654412	-51.1195910449075
			56.6395468854374	-51.1195910449075
			56.5995472054335	-51.1195910449075
			56.5595475254297	-51.1195910449075
			56.5195478454259	-51.1195910449075
			56.479548165422	-51.1195910449075
			56.4395484854182	-51.1195910449075
			56.3995488054143	-51.1195910449075
			56.3595491254105	-51.1195910449075
			56.3195494454067	-51.1195910449075
			56.2795497654028	-51.1195910449075
			56.239550085399	-51.1195910449075
			56.1995504053951	-51.1195910449075
			56.1595507253913	-51.1195910449075
			56.1195510453875	-51.1195910449075
			56.0795513653836	-51.1195910449075
			56.0395516853798	-51.0795913649036
			55.9995520053759	-51.0795913649036
			55.9595523253721	-51.0795913649036
			55.9195526453683	-51.0795913649036
			55.8795529653644	-51.0795913649036
			55.8395532853606	-51.0795913649036
			55.7995536053567	-51.0795913649036
			55.7595539253529	-51.0795913649036
			55.7195542453491	-51.0795913649036
			55.6795545653452	-51.0795913649036
			55.6395548853414	-51.0795913649036
			55.5995552053375	-51.0795913649036
			55.5595555253337	-51.0795913649036
			55.5195558453299	-51.0795913649036
			55.479556165326	-51.0395916848998
			55.4395564853222	-51.0395916848998
			55.3995568053183	-51.0395916848998
			55.3595571253145	-51.0395916848998
			55.3195574453107	-51.0395916848998
			55.2795577653068	-51.0395916848998
			55.239558085303	-51.0395916848998
			55.1995584052991	-51.0395916848998
			55.1595587252953	-51.0395916848998
			55.1195590452915	-51.0395916848998
			55.0795593652876	-50.9995920048959
			55.0395596852838	-50.9995920048959
			54.9995600052799	-50.9995920048959
			54.9595603252761	-50.9995920048959
			54.9195606452723	-50.9995920048959
			54.8795609652684	-50.9995920048959
			54.8395612852646	-50.9595923248921
			54.7995616052607	-50.9595923248921
			54.7595619252569	-50.9595923248921
			54.7195622452531	-50.9595923248921
			54.6795625652492	-50.9595923248921
			54.6395628852454	-50.9595923248921
			54.5995632052415	-50.9195926448883
			54.5595635252377	-50.9195926448883
			54.5195638452339	-50.9195926448883
			54.47956416523	-50.9195926448883
			54.4395644852262	-50.9195926448883
			54.4395644852262	-50.8795929648844
			54.3995648052223	-50.8795929648844
			54.3595651252185	-50.8795929648844
			54.3195654452147	-50.8795929648844
			54.2795657652108	-50.8395932848806
			54.239566085207	-50.8395932848806
			54.1995664052031	-50.8395932848806
			54.1595667251993	-50.7995936048767
			54.1195670451955	-50.7995936048767
			54.0795673651916	-50.7995936048767
			54.0795673651916	-50.7595939248729
			54.0395676851878	-50.7595939248729
			53.9995680051839	-50.7595939248729
			53.9595683251801	-50.7595939248729
			53.9195686451763	-50.7195942448691
			53.8795689651724	-50.7195942448691
			53.8395692851686	-50.7595939248729
			53.7995696051647	-50.7595939248729
			53.7595699251609	-50.7595939248729
			53.7195702451571	-50.7595939248729
			53.6795705651532	-50.7595939248729
			53.6395708851494	-50.7595939248729
			53.6395708851494	-50.7995936048767
			53.5995712051455	-50.7995936048767
			53.5595715251417	-50.7995936048767
			53.5195718451379	-50.7995936048767
			53.479572165134	-50.7995936048767
			53.4395724851302	-50.8395932848806
			53.3995728051263	-50.8395932848806
			53.3595731251225	-50.8395932848806
			53.3195734451187	-50.8395932848806
			53.2795737651148	-50.8395932848806
			53.239574085111	-50.8395932848806
			53.1995744051071	-50.8395932848806
			53.1595747251033	-50.8795929648844
			53.1195750450995	-50.8795929648844
			53.0795753650956	-50.8795929648844
			53.0395756850918	-50.8795929648844
			52.9995760050879	-50.8795929648844
			52.9595763250841	-50.8795929648844
			52.9195766450803	-50.8795929648844
			52.8795769650764	-50.8795929648844
			52.8395772850726	-50.8795929648844
			52.7995776050687	-50.8795929648844
			52.7595779250649	-50.9195926448883
			52.7195782450611	-50.9195926448883
			52.6795785650572	-50.9195926448883
			52.6395788850534	-50.9195926448883
			52.5995792050495	-50.9195926448883
			52.5595795250457	-50.9195926448883
			52.5195798450419	-50.9195926448883
			52.479580165038	-50.9195926448883
			52.4395804850342	-50.9195926448883
			52.3995808050303	-50.9195926448883
			52.3595811250265	-50.9195926448883
			52.3195814450227	-50.9195926448883
			52.2795817650188	-50.9195926448883
			52.239582085015	-50.9195926448883
			52.1995824050111	-50.9195926448883
			52.1595827250073	-50.9195926448883
			52.1195830450035	-50.9195926448883
			52.0795833649996	-50.9195926448883
			52.0395836849958	-50.9195926448883
			51.9995840049919	-50.9195926448883
			51.9595843249881	-50.9195926448883
			51.9195846449843	-50.9195926448883
			51.8795849649804	-50.9195926448883
			51.8395852849766	-50.9195926448883
			51.7995856049727	-50.9195926448883
			51.7595859249689	-50.9195926448883
			51.7195862449651	-50.9195926448883
			51.6795865649612	-50.9195926448883
			51.6395868849574	-50.9195926448883
			51.5995872049535	-50.9195926448883
			51.5595875249497	-50.8795929648844
			51.5195878449459	-50.8795929648844
			51.479588164942	-50.8795929648844
			51.4395884849382	-50.8795929648844
			51.3995888049343	-50.8795929648844
			51.3595891249305	-50.8795929648844
			51.3195894449267	-50.8795929648844
			51.2795897649228	-50.8795929648844
			51.239590084919	-50.8795929648844
			51.1995904049151	-50.8795929648844
			51.1595907249113	-50.8795929648844
			51.1195910449075	-50.8795929648844
			51.0795913649036	-50.8395932848806
			51.0395916848998	-50.8395932848806
			50.9995920048959	-50.8395932848806
			50.9595923248921	-50.8395932848806
			50.9195926448883	-50.8395932848806
			50.8795929648844	-50.8395932848806
			50.8395932848806	-50.8395932848806
			50.7995936048767	-50.7995936048767
			50.7595939248729	-50.7995936048767
			50.7195942448691	-50.7995936048767
			50.6795945648652	-50.7995936048767
			50.6395948848614	-50.7995936048767
			50.5995952048575	-50.7995936048767
			50.5595955248537	-50.8395932848806
			50.5195958448499	-50.8395932848806
			50.479596164846	-50.8395932848806
			50.4395964848422	-50.8395932848806
			50.3995968048383	-50.8395932848806
			50.3595971248345	-50.8395932848806
			50.3595971248345	-50.8795929648844
			50.3195974448307	-50.8795929648844
			50.2795977648268	-50.8795929648844
			50.239598084823	-50.8795929648844
			50.1995984048191	-50.8795929648844
			50.1595987248153	-50.8795929648844
			50.1195990448115	-50.8795929648844
			50.0795993648076	-50.9195926448883
			50.0395996848038	-50.9195926448883
			49.9996000047999	-50.9195926448883
			49.9596003247961	-50.9195926448883
			49.9196006447923	-50.9195926448883
			49.8796009647884	-50.9195926448883
			49.8396012847846	-50.9595923248921
			49.7996016047807	-50.9595923248921
			49.7596019247769	-50.9595923248921
			49.7196022447731	-50.9595923248921
			49.6796025647692	-50.9595923248921
			49.6396028847654	-50.9595923248921
			49.5996032047615	-50.9595923248921
			49.5596035247577	-50.9595923248921
			49.5196038447539	-50.9995920048959
			49.47960416475	-50.9995920048959
			49.4396044847462	-50.9995920048959
			49.3996048047423	-50.9995920048959
			49.3596051247385	-50.9995920048959
			49.3196054447347	-50.9995920048959
			49.2796057647308	-50.9995920048959
			49.239606084727	-50.9995920048959
			49.1996064047231	-51.0395916848998
			49.1596067247193	-51.0395916848998
			49.1196070447155	-51.0395916848998
			49.0796073647116	-51.0395916848998
			49.0396076847078	-51.0395916848998
			48.9996080047039	-51.0395916848998
			48.9596083247001	-51.0395916848998
			48.9196086446963	-51.0395916848998
			48.8796089646924	-51.0395916848998
			48.8396092846886	-51.0395916848998
			48.7996096046847	-51.0795913649036
			48.7596099246809	-51.0795913649036
			48.7196102446771	-51.0795913649036
			48.6796105646732	-51.0795913649036
			48.6396108846694	-51.0795913649036
			48.5996112046655	-51.0795913649036
			48.5596115246617	-51.0795913649036
			48.5196118446579	-51.0795913649036
			48.479612164654	-51.0795913649036
			48.4396124846502	-51.0795913649036
			48.3996128046463	-51.0795913649036
			48.3596131246425	-51.0795913649036
			48.3196134446387	-51.0795913649036
			48.2796137646348	-51.1195910449075
			48.239614084631	-51.1195910449075
			48.1996144046271	-51.1195910449075
			48.1596147246233	-51.1195910449075
			48.1196150446195	-51.1195910449075
			48.0796153646156	-51.1195910449075
			48.0396156846118	-51.1195910449075
			47.9996160046079	-51.1195910449075
			47.9596163246041	-51.1195910449075
			47.9196166446003	-51.1195910449075
			47.8796169645964	-51.1195910449075
			47.8396172845926	-51.1195910449075
			47.7996176045887	-51.1195910449075
			47.7596179245849	-51.1195910449075
			47.7196182445811	-51.1195910449075
			47.6796185645772	-51.1195910449075
			47.6396188845734	-51.1195910449075
			47.5996192045695	-51.1195910449075
			47.5596195245657	-51.1195910449075
			47.5196198445619	-51.1195910449075
			47.479620164558	-51.1195910449075
			47.4396204845542	-51.1195910449075
			47.3996208045503	-51.1195910449075
			47.3596211245465	-51.1195910449075
			47.3196214445427	-51.1595907249113
			47.2796217645388	-51.1595907249113
			47.239622084535	-51.1595907249113
			47.1996224045311	-51.1595907249113
			47.1596227245273	-51.1595907249113
			47.1196230445235	-51.1595907249113
			47.0796233645196	-51.1595907249113
			47.0396236845158	-51.1595907249113
			46.9996240045119	-51.1595907249113
			46.9596243245081	-51.1595907249113
			46.9196246445043	-51.1595907249113
			46.8796249645004	-51.1595907249113
			46.8396252844966	-51.1595907249113
			46.7996256044927	-51.1595907249113
			46.7596259244889	-51.1595907249113
			46.7196262444851	-51.1595907249113
			46.6796265644812	-51.1595907249113
			46.6396268844774	-51.1595907249113
			46.5996272044735	-51.1595907249113
			46.5596275244697	-51.1595907249113
			46.5196278444659	-51.1595907249113
			46.479628164462	-51.1595907249113
			46.4396284844582	-51.1595907249113
			46.3996288044543	-51.1595907249113
			46.3596291244505	-51.1595907249113
			46.3196294444467	-51.1595907249113
			46.2796297644428	-51.1195910449075
			46.239630084439	-51.1195910449075
			46.1996304044351	-51.1195910449075
			46.1596307244313	-51.1195910449075
			46.1196310444275	-51.1195910449075
			46.0796313644236	-51.1195910449075
			46.0396316844198	-51.1195910449075
			45.9996320044159	-51.1195910449075
			45.9596323244121	-51.1195910449075
			45.9196326444083	-51.1195910449075
			45.8796329644044	-51.1195910449075
			45.8396332844006	-51.1195910449075
			45.7996336043967	-51.1195910449075
			45.7596339243929	-51.1195910449075
			45.7196342443891	-51.1195910449075
			45.6796345643852	-51.1195910449075
			45.6396348843814	-51.1195910449075
			45.5996352043775	-51.1195910449075
			45.5596355243737	-51.1595907249113
			45.5196358443699	-51.1595907249113
			45.479636164366	-51.1595907249113
			45.4396364843622	-51.1595907249113
			45.3996368043583	-51.1595907249113
			45.3996368043583	-51.1995904049151
			45.3596371243545	-51.1995904049151
			45.3196374443507	-51.1995904049151
			45.2796377643468	-51.1995904049151
			45.239638084343	-51.1995904049151
			45.1996384043391	-51.1995904049151
			45.1596387243353	-51.239590084919
			45.1196390443315	-51.239590084919
			45.0796393643276	-51.239590084919
			45.0396396843238	-51.239590084919
			44.9996400043199	-51.239590084919
			44.9596403243161	-51.239590084919
			44.9196406443123	-51.239590084919
			44.8796409643084	-51.2795897649228
			44.8396412843046	-51.2795897649228
			44.7996416043007	-51.2795897649228
			44.7596419242969	-51.2795897649228
			44.7196422442931	-51.2795897649228
			44.6796425642892	-51.2795897649228
			44.6396428842854	-51.2795897649228
			44.5996432042815	-51.2795897649228
			44.5596435242777	-51.3195894449267
			44.5196438442739	-51.3195894449267
			44.47964416427	-51.3195894449267
			44.4396444842662	-51.3195894449267
			44.3996448042623	-51.3195894449267
			44.3596451242585	-51.3195894449267
			44.3196454442547	-51.3195894449267
			44.2796457642508	-51.3195894449267
			44.239646084247	-51.3195894449267
			44.1996464042431	-51.3195894449267
			44.1596467242393	-51.3195894449267
			44.1196470442355	-51.3195894449267
			44.0796473642316	-51.3195894449267
			44.0396476842278	-51.3195894449267
			43.9996480042239	-51.3195894449267
			43.9596483242201	-51.3595891249305
			43.9196486442163	-51.3595891249305
			43.8796489642124	-51.3595891249305
			43.8396492842086	-51.3595891249305
			43.7996496042047	-51.3595891249305
			43.7596499242009	-51.3595891249305
			43.7196502441971	-51.3595891249305
			43.6796505641932	-51.3595891249305
			43.6396508841894	-51.3595891249305
			43.5996512041855	-51.3595891249305
			43.5596515241817	-51.3595891249305
			43.5196518441779	-51.3595891249305
			43.479652164174	-51.3595891249305
			43.4396524841702	-51.3595891249305
			43.3996528041664	-51.3195894449267
			43.3596531241625	-51.3195894449267
			43.3196534441587	-51.3195894449267
			43.2796537641548	-51.3195894449267
			43.239654084151	-51.3195894449267
			43.1996544041471	-51.3195894449267
			43.1596547241433	-51.3195894449267
			43.1196550441395	-51.3195894449267
			43.0796553641356	-51.3195894449267
			43.0396556841318	-51.3195894449267
			42.9996560041279	-51.3195894449267
			42.9596563241241	-51.3195894449267
			42.9196566441203	-51.3195894449267
			42.8796569641164	-51.3195894449267
			42.8396572841126	-51.2795897649228
			42.7996576041087	-51.2795897649228
			42.7596579241049	-51.2795897649228
			42.7196582441011	-51.2795897649228
			42.6796585640972	-51.2795897649228
			42.6396588840934	-51.2795897649228
			42.5996592040895	-51.2795897649228
			42.5596595240857	-51.2795897649228
			42.5196598440819	-51.2795897649228
			42.479660164078	-51.239590084919
			42.4396604840742	-51.239590084919
			42.3996608040704	-51.239590084919
			42.3596611240665	-51.239590084919
			42.3196614440627	-51.239590084919
			42.2796617640588	-51.239590084919
			42.239662084055	-51.1995904049151
			42.1996624040511	-51.1995904049151
			42.1596627240473	-51.1995904049151
			42.1196630440435	-51.1995904049151
			42.0796633640396	-51.1995904049151
			42.0396636840358	-51.1995904049151
			41.9996640040319	-51.1595907249113
			41.9596643240281	-51.1595907249113
			41.9196646440243	-51.1595907249113
			41.8796649640204	-51.1595907249113
			41.8396652840166	-51.1195910449075
			41.7996656040128	-51.1195910449075
			41.7596659240089	-51.1195910449075
			41.7196662440051	-51.1195910449075
			41.6796665640012	-51.1195910449075
			41.6396668839974	-51.0795913649036
			41.5996672039935	-51.0795913649036
			41.5596675239897	-51.0795913649036
			41.5196678439859	-51.0795913649036
			41.479668163982	-51.0395916848998
			41.4396684839782	-51.0395916848998
			41.3996688039744	-51.0395916848998
			41.3596691239705	-51.0395916848998
			41.3196694439667	-50.9995920048959
			41.2796697639628	-50.9995920048959
			41.239670083959	-50.9995920048959
			41.1996704039552	-50.9595923248921
			41.1596707239513	-50.9595923248921
			41.1196710439475	-50.9595923248921
			41.0796713639436	-50.9195926448883
			41.0396716839398	-50.9195926448883
			40.9996720039359	-50.9195926448883
			40.9596723239321	-50.9195926448883
			40.9196726439283	-50.8795929648844
			40.8796729639244	-50.8795929648844
			40.8396732839206	-50.8795929648844
			40.7996736039168	-50.8395932848806
			40.7596739239129	-50.8395932848806
			40.7196742439091	-50.8395932848806
			40.6796745639052	-50.8795929648844
			40.6396748839014	-50.8795929648844
			40.6396748839014	-50.9195926448883
			40.5996752038976	-50.9195926448883
			40.5596755238937	-50.9195926448883
			40.5196758438899	-50.9595923248921
			40.479676163886	-50.9595923248921
			40.4396764838822	-50.9595923248921
			40.3996768038784	-50.9995920048959
			40.3596771238745	-50.9995920048959
			40.3196774438707	-51.0395916848998
			40.2796777638668	-51.0395916848998
			40.239678083863	-51.0395916848998
			40.1996784038592	-51.0395916848998
			40.1596787238553	-51.0795913649036
			40.1196790438515	-51.0795913649036
			40.0796793638476	-51.0795913649036
			40.0796793638476	-51.1195910449075
			40.0396796838438	-51.1195910449075
			39.9996800038399	-51.1195910449075
			39.9596803238361	-51.1195910449075
			39.9196806438323	-51.1595907249113
			39.8796809638284	-51.1595907249113
			39.8396812838246	-51.1595907249113
			39.7996816038208	-51.1595907249113
			39.7596819238169	-51.1995904049151
			39.7196822438131	-51.1995904049151
			39.6796825638092	-51.1995904049151
			39.6396828838054	-51.1995904049151
			39.6396828838054	-51.239590084919
			39.5996832038016	-51.239590084919
			39.5596835237977	-51.239590084919
			39.5196838437939	-51.239590084919
			39.47968416379	-51.239590084919
			39.4396844837862	-51.2795897649228
			39.3996848037823	-51.2795897649228
			39.3596851237785	-51.2795897649228
			39.3196854437747	-51.2795897649228
			39.2796857637708	-51.2795897649228
			39.239686083767	-51.3195894449267
			39.1996864037632	-51.3195894449267
			39.1596867237593	-51.3195894449267
			39.1196870437555	-51.3195894449267
			39.0796873637516	-51.3595891249305
			39.0396876837478	-51.3595891249305
			38.999688003744	-51.3595891249305
			38.9596883237401	-51.3595891249305
			38.9196886437363	-51.3595891249305
			38.8796889637324	-51.3595891249305
			38.8396892837286	-51.3995888049343
			38.7996896037248	-51.3995888049343
			38.7596899237209	-51.3995888049343
			38.7196902437171	-51.3995888049343
			38.6796905637132	-51.3995888049343
			38.6396908837094	-51.4395884849382
			38.5996912037056	-51.4395884849382
			38.5596915237017	-51.4395884849382
			38.5196918436979	-51.4395884849382
			38.479692163694	-51.4395884849382
			38.4396924836902	-51.4395884849382
			38.3996928036864	-51.479588164942
			38.3596931236825	-51.479588164942
			38.3196934436787	-51.479588164942
			38.2796937636748	-51.479588164942
			38.239694083671	-51.479588164942
			38.1996944036672	-51.479588164942
			38.1596947236633	-51.5195878449459
			38.1196950436595	-51.5195878449459
			38.0796953636556	-51.5195878449459
			38.0396956836518	-51.5195878449459
			37.999696003648	-51.5195878449459
			37.9596963236441	-51.5195878449459
			37.9196966436403	-51.5195878449459
			37.8796969636364	-51.5595875249497
			37.8396972836326	-51.5595875249497
			37.7996976036288	-51.5595875249497
			37.7596979236249	-51.5595875249497
			37.7196982436211	-51.5595875249497
			37.6796985636172	-51.5595875249497
			37.6396988836134	-51.5595875249497
			37.5996992036096	-51.5595875249497
			37.5596995236057	-51.5995872049535
			37.5196998436019	-51.5995872049535
			37.479700163598	-51.5995872049535
			37.4397004835942	-51.5995872049535
			37.3997008035904	-51.5995872049535
			37.3597011235865	-51.5995872049535
			37.3197014435827	-51.5995872049535
			37.2797017635788	-51.5995872049535
			37.239702083575	-51.5995872049535
			37.1997024035712	-51.6395868849574
			37.1597027235673	-51.6395868849574
			37.1197030435635	-51.6395868849574
			37.0797033635596	-51.6395868849574
			37.0397036835558	-51.6395868849574
			36.999704003552	-51.6395868849574
			36.9597043235481	-51.6395868849574
			36.9197046435443	-51.6395868849574
			36.8797049635404	-51.6395868849574
			36.8397052835366	-51.6795865649612
			36.7997056035328	-51.6795865649612
			36.7597059235289	-51.6795865649612
			36.7197062435251	-51.6795865649612
			36.6797065635212	-51.6795865649612
			36.6397068835174	-51.6795865649612
			36.5997072035136	-51.6795865649612
			36.5597075235097	-51.6795865649612
			36.5197078435059	-51.6795865649612
			36.479708163502	-51.6795865649612
			36.4397084834982	-51.6795865649612
			36.3997088034944	-51.7195862449651
			36.3597091234905	-51.7195862449651
			36.3197094434867	-51.7195862449651
			36.2797097634828	-51.7195862449651
			36.239710083479	-51.7195862449651
			36.1997104034752	-51.7195862449651
			36.1597107234713	-51.7195862449651
			36.1197110434675	-51.7195862449651
			36.0797113634636	-51.7195862449651
			36.0397116834598	-51.7195862449651
			35.999712003456	-51.7195862449651
			35.9597123234521	-51.7195862449651
			35.9197126434483	-51.7595859249689
			35.8797129634444	-51.7595859249689
			35.8397132834406	-51.7595859249689
			35.7997136034368	-51.7595859249689
			35.7597139234329	-51.7595859249689
			35.7197142434291	-51.7595859249689
			35.6797145634252	-51.7595859249689
			35.6397148834214	-51.7595859249689
			35.5997152034176	-51.7595859249689
			35.5597155234137	-51.7595859249689
			35.5197158434099	-51.7595859249689
			35.479716163406	-51.7595859249689
			35.4397164834022	-51.7595859249689
			35.3997168033984	-51.7595859249689
			35.3597171233945	-51.7995856049727
			35.3197174433907	-51.7995856049727
			35.2797177633868	-51.7995856049727
			35.239718083383	-51.7995856049727
			35.1997184033792	-51.7995856049727
			35.1597187233753	-51.7995856049727
			35.1197190433715	-51.7995856049727
			35.0797193633676	-51.7995856049727
			35.0397196833638	-51.7995856049727
			34.99972000336	-51.7995856049727
			34.9597203233561	-51.7995856049727
			34.9197206433523	-51.7995856049727
			34.8797209633484	-51.7995856049727
			34.8397212833446	-51.7995856049727
			34.7997216033408	-51.7995856049727
			34.7597219233369	-51.7995856049727
			34.7197222433331	-51.8395852849766
			34.6797225633292	-51.8395852849766
			34.6397228833254	-51.8395852849766
			34.5997232033216	-51.8395852849766
			34.5597235233177	-51.8395852849766
			34.5197238433139	-51.8395852849766
			34.47972416331	-51.8395852849766
			34.4397244833062	-51.8395852849766
			34.3997248033024	-51.8395852849766
			34.3597251232985	-51.8395852849766
			34.3197254432947	-51.8395852849766
			34.2797257632908	-51.8395852849766
			34.239726083287	-51.8395852849766
			34.1997264032832	-51.8395852849766
			34.1597267232793	-51.8395852849766
			34.1197270432755	-51.8395852849766
			34.0797273632716	-51.8395852849766
			34.0397276832678	-51.8395852849766
			33.999728003264	-51.8395852849766
			33.9597283232601	-51.8395852849766
			33.9197286432563	-51.8795849649804
			33.8797289632524	-51.8795849649804
			33.8397292832486	-51.8795849649804
			33.7997296032448	-51.8795849649804
			33.7597299232409	-51.8795849649804
			33.7197302432371	-51.8795849649804
			33.6797305632332	-51.8795849649804
			33.6397308832294	-51.8795849649804
			33.5997312032256	-51.8795849649804
			33.5597315232217	-51.8795849649804
			33.5197318432179	-51.8795849649804
			33.479732163214	-51.8795849649804
			33.4397324832102	-51.8795849649804
			33.3997328032064	-51.8795849649804
			33.3597331232025	-51.8795849649804
			33.3597331232025	-51.9195846449843
			33.3197334431987	-51.9195846449843
			33.2797337631948	-51.9195846449843
			33.239734083191	-51.9595843249881
			33.1997344031872	-51.9595843249881
			33.1597347231833	-51.9995840049919
			33.1197350431795	-51.9995840049919
			33.0797353631756	-51.9995840049919
			33.0397356831718	-52.0395836849958
			32.999736003168	-52.0395836849958
			32.9597363231641	-52.0795833649996
			32.9197366431603	-52.0795833649996
			32.8797369631564	-52.0795833649996
			32.8397372831526	-52.1195830450035
			32.7997376031488	-52.1195830450035
			32.7597379231449	-52.1195830450035
			32.7197382431411	-52.1595827250073
			32.6797385631372	-52.1595827250073
			32.6397388831334	-52.1595827250073
			32.5997392031296	-52.1995824050111
			32.5597395231257	-52.1995824050111
			32.5197398431219	-52.1995824050111
			32.479740163118	-52.239582085015
			32.4397404831142	-52.239582085015
			32.3997408031104	-52.239582085015
			32.3597411231065	-52.239582085015
			32.3197414431027	-52.2795817650188
			32.2797417630988	-52.2795817650188
			32.239742083095	-52.2795817650188
			32.1997424030912	-52.2795817650188
			32.1597427230873	-52.3195814450227
			32.1197430430835	-52.3195814450227
			32.0797433630796	-52.3195814450227
			32.0397436830758	-52.3195814450227
			31.999744003072	-52.3195814450227
			31.9597443230681	-52.3195814450227
			31.9197446430643	-52.3595811250265
			31.8797449630604	-52.3595811250265
			31.8397452830566	-52.3595811250265
			31.7997456030528	-52.3595811250265
			31.7597459230489	-52.3595811250265
			31.7197462430451	-52.3595811250265
			31.6797465630412	-52.3595811250265
			31.6397468830374	-52.3995808050303
			31.5997472030336	-52.3995808050303
			31.5597475230297	-52.3995808050303
			31.5197478430259	-52.3995808050303
			31.479748163022	-52.3995808050303
			31.4397484830182	-52.3995808050303
			31.3997488030144	-52.3995808050303
		</c2>
	</curves.scaled>
	<ruler.points type=matrix rownames=TRUE colnames=FALSE nrow=2 ncol=2 as.numeric=TRUE >
		Ruler point 1	2166	278
		Ruler point 2	2416	277
	</ruler.points>
</shapes>

