<shapes type=list>
	<ruler.pixel type=vector names=FALSE length=1 as.numeric=TRUE >253.001976276866</ruler.pixel>
	<ruler.interval type=vector names=FALSE length=1 as.numeric=TRUE >10</ruler.interval>
	<scaling.units type=vector names=FALSE length=1 as.numeric=FALSE >undefined</scaling.units>
	<scaling type=vector names=FALSE length=1 as.numeric=TRUE >0.0395253829521741</scaling>
	<landmarks.pixel type=matrix rownames=TRUE colnames=FALSE nrow=2 ncol=2 as.numeric=TRUE >
		LM1	1001	1225
		LM2	2001	1225
	</landmarks.pixel>
	<landmarks.scaled type=matrix rownames=TRUE colnames=FALSE nrow=2 ncol=2 as.numeric=TRUE >
		LM1	39.5649083351263	-48.4185941164132
		LM2	79.0902912873003	-48.4185941164132
	</landmarks.scaled>
	<curves.control type=list>
		<c1 type=matrix rownames=FALSE colnames=FALSE nrow=19 ncol=2 as.numeric=TRUE >
			1001	1225
			1052	1186
			1084	1152
			1119	1124
			1180	1099
			1220	1057
			1327	1022
			1390	973
			1428	974
			1628	900
			1652	948
			1731	999
			1772	1029
			1838	1070
			1881	1113
			1952	1173
			1971	1191
			1996	1208
			2001	1225
		</c1>
		<c2 type=matrix rownames=FALSE colnames=FALSE nrow=25 ncol=2 as.numeric=TRUE >
			2001	1225
			1986	1234
			1953	1213
			1906	1242
			1864	1220
			1836	1244
			1775	1232
			1715	1245
			1660	1226
			1604	1241
			1558	1234
			1490	1240
			1433	1218
			1350	1208
			1328	1222
			1281	1225
			1251	1219
			1222	1223
			1209	1214
			1155	1222
			1115	1219
			1064	1224
			1043	1214
			1012	1231
			1001	1225
		</c2>
	</curves.control>
	<curves.pixel type=list>
		<c1 type=matrix rownames=FALSE colnames=FALSE nrow=1077 ncol=2 as.numeric=TRUE >
			1001	1225
			1002	1224
			1003	1224
			1003	1223
			1004	1223
			1005	1222
			1006	1221
			1007	1220
			1008	1220
			1009	1219
			1010	1218
			1011	1217
			1012	1217
			1013	1216
			1013	1215
			1014	1215
			1015	1214
			1016	1213
			1017	1213
			1018	1212
			1019	1211
			1020	1211
			1020	1210
			1021	1209
			1022	1208
			1023	1208
			1024	1207
			1025	1206
			1026	1205
			1027	1204
			1028	1203
			1029	1203
			1030	1202
			1031	1201
			1032	1200
			1033	1199
			1034	1198
			1035	1198
			1036	1197
			1037	1196
			1038	1195
			1039	1194
			1040	1194
			1041	1193
			1042	1192
			1043	1191
			1044	1190
			1045	1190
			1046	1189
			1046	1188
			1047	1187
			1048	1186
			1049	1186
			1050	1185
			1051	1184
			1052	1183
			1053	1182
			1054	1182
			1054	1181
			1055	1180
			1056	1179
			1057	1178
			1058	1178
			1059	1177
			1060	1176
			1060	1175
			1061	1175
			1062	1174
			1063	1173
			1064	1172
			1065	1171
			1066	1170
			1067	1169
			1068	1168
			1069	1167
			1070	1166
			1071	1165
			1072	1164
			1073	1163
			1074	1163
			1075	1162
			1076	1161
			1076	1160
			1077	1159
			1078	1158
			1079	1157
			1080	1156
			1081	1155
			1082	1154
			1083	1154
			1083	1153
			1084	1152
			1085	1151
			1086	1150
			1087	1150
			1088	1149
			1089	1148
			1090	1147
			1091	1147
			1092	1146
			1093	1145
			1094	1145
			1095	1144
			1096	1143
			1097	1142
			1098	1142
			1099	1141
			1100	1140
			1101	1139
			1102	1139
			1103	1138
			1104	1137
			1105	1137
			1106	1136
			1107	1136
			1108	1135
			1109	1134
			1110	1134
			1111	1133
			1112	1133
			1113	1132
			1114	1131
			1115	1131
			1116	1130
			1117	1129
			1118	1129
			1119	1128
			1120	1128
			1121	1127
			1122	1127
			1122	1126
			1123	1126
			1124	1126
			1124	1125
			1125	1125
			1126	1125
			1126	1124
			1127	1124
			1128	1124
			1128	1123
			1129	1123
			1130	1123
			1130	1122
			1131	1122
			1132	1121
			1133	1121
			1134	1120
			1135	1120
			1136	1119
			1137	1119
			1138	1118
			1139	1117
			1140	1117
			1141	1116
			1142	1116
			1143	1115
			1144	1115
			1145	1114
			1146	1114
			1147	1114
			1147	1113
			1148	1113
			1149	1113
			1150	1112
			1151	1112
			1152	1111
			1153	1111
			1154	1110
			1155	1110
			1156	1110
			1156	1109
			1157	1109
			1158	1109
			1159	1108
			1160	1108
			1160	1107
			1161	1107
			1162	1107
			1163	1106
			1164	1106
			1165	1105
			1166	1105
			1167	1104
			1168	1104
			1169	1104
			1170	1103
			1171	1103
			1172	1102
			1173	1102
			1174	1101
			1175	1101
			1176	1101
			1177	1100
			1178	1100
			1179	1099
			1180	1099
			1181	1098
			1182	1097
			1183	1096
			1184	1095
			1185	1094
			1186	1093
			1187	1092
			1188	1091
			1189	1090
			1190	1090
			1191	1089
			1192	1088
			1193	1087
			1194	1086
			1195	1085
			1196	1085
			1197	1084
			1198	1083
			1199	1082
			1200	1081
			1201	1080
			1202	1080
			1203	1079
			1204	1079
			1205	1078
			1206	1077
			1207	1076
			1208	1076
			1209	1075
			1210	1074
			1211	1074
			1212	1073
			1213	1073
			1214	1072
			1215	1071
			1216	1070
			1217	1070
			1218	1069
			1219	1069
			1220	1068
			1221	1068
			1222	1067
			1223	1067
			1223	1066
			1224	1066
			1225	1065
			1226	1065
			1227	1064
			1228	1064
			1229	1063
			1230	1062
			1231	1062
			1232	1061
			1233	1061
			1234	1060
			1235	1060
			1236	1059
			1237	1059
			1238	1058
			1239	1058
			1240	1057
			1241	1056
			1242	1056
			1243	1055
			1244	1055
			1245	1054
			1246	1054
			1247	1053
			1248	1053
			1249	1052
			1250	1052
			1251	1051
			1252	1051
			1253	1051
			1254	1050
			1255	1050
			1256	1049
			1257	1049
			1258	1048
			1259	1048
			1260	1047
			1261	1047
			1262	1047
			1263	1046
			1264	1046
			1265	1045
			1266	1045
			1267	1044
			1268	1044
			1269	1044
			1270	1043
			1271	1043
			1272	1042
			1273	1042
			1274	1042
			1275	1041
			1276	1041
			1277	1040
			1278	1040
			1279	1039
			1280	1039
			1281	1039
			1282	1038
			1283	1038
			1284	1037
			1285	1037
			1286	1037
			1287	1036
			1288	1036
			1289	1035
			1290	1035
			1291	1035
			1292	1034
			1293	1034
			1294	1033
			1295	1033
			1296	1033
			1297	1033
			1298	1032
			1299	1032
			1300	1031
			1301	1031
			1302	1031
			1303	1030
			1304	1030
			1305	1030
			1306	1029
			1307	1029
			1308	1029
			1309	1028
			1310	1028
			1311	1027
			1312	1027
			1313	1027
			1314	1026
			1315	1026
			1316	1026
			1317	1025
			1318	1025
			1319	1025
			1320	1024
			1321	1024
			1322	1024
			1323	1023
			1324	1023
			1325	1023
			1326	1022
			1327	1022
			1328	1021
			1329	1021
			1330	1020
			1331	1019
			1332	1018
			1333	1018
			1334	1017
			1334	1016
			1335	1016
			1336	1015
			1337	1014
			1338	1014
			1339	1013
			1340	1012
			1341	1012
			1341	1011
			1342	1011
			1343	1010
			1344	1009
			1345	1009
			1346	1008
			1347	1007
			1348	1006
			1349	1006
			1350	1005
			1351	1004
			1352	1004
			1353	1003
			1354	1002
			1355	1002
			1356	1001
			1357	1001
			1358	1000
			1359	999
			1360	999
			1361	998
			1362	998
			1363	997
			1364	996
			1365	996
			1365	995
			1366	995
			1367	994
			1368	994
			1369	993
			1370	993
			1371	992
			1372	992
			1373	991
			1374	991
			1375	990
			1376	989
			1377	989
			1378	988
			1379	988
			1380	987
			1381	987
			1382	986
			1383	986
			1384	985
			1385	985
			1386	984
			1387	984
			1388	984
			1389	983
			1390	983
			1391	982
			1392	982
			1393	981
			1394	981
			1395	981
			1396	980
			1397	980
			1398	979
			1399	979
			1400	979
			1401	978
			1402	978
			1403	978
			1404	978
			1405	977
			1406	977
			1407	977
			1408	977
			1409	976
			1410	976
			1411	976
			1412	976
			1412	975
			1413	975
			1414	975
			1415	975
			1416	975
			1417	975
			1418	975
			1419	974
			1420	974
			1421	974
			1422	974
			1423	974
			1424	974
			1425	974
			1426	974
			1427	974
			1428	974
			1429	974
			1430	973
			1431	973
			1432	972
			1433	972
			1434	972
			1435	971
			1436	971
			1437	971
			1438	970
			1439	970
			1440	970
			1441	969
			1442	969
			1443	969
			1443	968
			1444	968
			1445	968
			1446	968
			1446	967
			1447	967
			1448	967
			1449	967
			1449	966
			1450	966
			1451	966
			1452	965
			1453	965
			1454	965
			1455	964
			1456	964
			1457	964
			1457	963
			1458	963
			1459	963
			1460	963
			1461	962
			1462	962
			1463	962
			1464	961
			1465	961
			1466	960
			1467	960
			1468	960
			1469	959
			1470	959
			1471	959
			1472	958
			1473	958
			1474	958
			1475	957
			1476	957
			1477	957
			1478	956
			1479	956
			1480	956
			1481	955
			1482	955
			1483	955
			1484	954
			1485	954
			1486	954
			1487	953
			1488	953
			1489	953
			1490	953
			1491	952
			1492	952
			1493	952
			1494	951
			1495	951
			1496	951
			1497	951
			1498	950
			1499	950
			1500	950
			1501	949
			1502	949
			1503	949
			1504	948
			1505	948
			1506	948
			1507	947
			1508	947
			1509	947
			1510	947
			1511	946
			1512	946
			1513	946
			1514	945
			1515	945
			1516	945
			1517	945
			1518	944
			1519	944
			1520	944
			1521	943
			1522	943
			1523	943
			1524	943
			1525	942
			1526	942
			1527	942
			1528	942
			1529	941
			1530	941
			1531	941
			1532	941
			1533	940
			1534	940
			1535	940
			1536	940
			1537	939
			1538	939
			1539	939
			1540	939
			1541	938
			1542	938
			1543	938
			1544	938
			1545	937
			1546	937
			1547	937
			1548	937
			1549	937
			1550	936
			1551	936
			1552	936
			1553	936
			1554	935
			1555	935
			1556	935
			1557	935
			1558	935
			1559	934
			1560	934
			1561	934
			1562	934
			1563	934
			1564	934
			1565	933
			1566	933
			1567	933
			1568	933
			1569	933
			1570	933
			1571	932
			1572	932
			1573	932
			1574	932
			1575	932
			1576	932
			1576	931
			1577	931
			1578	931
			1579	931
			1580	931
			1581	931
			1582	931
			1583	931
			1584	931
			1584	930
			1585	930
			1586	930
			1587	930
			1588	930
			1589	930
			1590	930
			1591	930
			1592	930
			1593	930
			1594	930
			1595	929
			1596	929
			1597	929
			1598	929
			1599	929
			1600	929
			1601	929
			1602	929
			1603	929
			1604	929
			1605	929
			1606	929
			1607	929
			1608	929
			1609	929
			1610	929
			1611	929
			1612	929
			1613	929
			1614	929
			1615	929
			1616	930
			1617	930
			1618	930
			1619	930
			1620	930
			1621	930
			1622	930
			1623	930
			1624	931
			1625	931
			1626	931
			1627	931
			1628	931
			1629	932
			1630	932
			1631	932
			1632	932
			1633	933
			1634	933
			1635	934
			1636	934
			1637	934
			1638	935
			1639	935
			1640	936
			1641	936
			1641	937
			1642	937
			1643	938
			1644	938
			1644	939
			1645	939
			1646	940
			1646	941
			1647	941
			1648	942
			1649	943
			1650	944
			1650	945
			1651	946
			1652	947
			1652	948
			1653	949
			1654	949
			1655	950
			1656	950
			1657	951
			1657	952
			1658	952
			1659	953
			1660	953
			1661	954
			1662	954
			1663	955
			1664	956
			1665	956
			1666	957
			1667	958
			1668	959
			1669	959
			1670	960
			1671	960
			1672	961
			1673	962
			1674	962
			1675	963
			1676	964
			1677	964
			1678	965
			1679	966
			1680	966
			1681	967
			1682	967
			1683	968
			1684	969
			1685	970
			1686	970
			1687	971
			1688	972
			1689	972
			1690	973
			1691	974
			1692	974
			1693	975
			1694	976
			1695	976
			1696	977
			1697	978
			1698	978
			1699	979
			1700	980
			1701	980
			1702	981
			1703	981
			1704	982
			1705	983
			1706	983
			1707	984
			1708	985
			1709	985
			1710	986
			1711	986
			1712	987
			1712	988
			1713	988
			1714	989
			1715	989
			1716	990
			1717	991
			1718	991
			1719	992
			1720	992
			1721	993
			1721	994
			1722	994
			1723	995
			1724	995
			1725	996
			1726	997
			1727	997
			1727	998
			1728	998
			1729	999
			1730	999
			1731	1000
			1732	1001
			1733	1002
			1734	1002
			1735	1003
			1736	1004
			1737	1004
			1738	1005
			1739	1006
			1740	1006
			1741	1007
			1742	1008
			1743	1008
			1744	1009
			1745	1010
			1746	1011
			1747	1012
			1748	1012
			1749	1012
			1749	1013
			1750	1013
			1751	1014
			1752	1015
			1753	1015
			1754	1016
			1755	1017
			1756	1017
			1757	1018
			1758	1019
			1759	1020
			1760	1020
			1761	1021
			1762	1022
			1763	1022
			1763	1023
			1764	1023
			1765	1024
			1766	1025
			1767	1025
			1767	1026
			1768	1026
			1769	1027
			1770	1027
			1771	1028
			1772	1029
			1773	1030
			1774	1030
			1775	1031
			1776	1031
			1777	1032
			1778	1033
			1779	1033
			1779	1034
			1780	1034
			1781	1035
			1782	1035
			1783	1036
			1784	1036
			1784	1037
			1785	1037
			1786	1038
			1787	1038
			1788	1039
			1789	1040
			1790	1041
			1791	1041
			1792	1042
			1793	1043
			1794	1043
			1795	1044
			1796	1044
			1797	1045
			1798	1046
			1799	1046
			1800	1047
			1801	1048
			1802	1048
			1803	1049
			1804	1050
			1805	1050
			1805	1051
			1806	1052
			1807	1052
			1808	1053
			1809	1054
			1810	1054
			1811	1055
			1812	1056
			1813	1056
			1814	1057
			1815	1057
			1816	1058
			1817	1059
			1818	1060
			1819	1061
			1820	1062
			1821	1062
			1822	1063
			1823	1064
			1824	1064
			1825	1065
			1826	1066
			1827	1066
			1827	1067
			1828	1067
			1829	1068
			1830	1068
			1830	1069
			1831	1070
			1832	1070
			1832	1071
			1833	1071
			1834	1072
			1835	1072
			1835	1073
			1836	1074
			1837	1074
			1838	1075
			1839	1076
			1840	1077
			1841	1078
			1842	1078
			1843	1079
			1844	1080
			1845	1080
			1846	1081
			1846	1082
			1847	1082
			1848	1083
			1849	1084
			1850	1084
			1850	1085
			1851	1086
			1852	1087
			1853	1087
			1854	1088
			1855	1089
			1856	1090
			1857	1091
			1858	1092
			1859	1092
			1860	1093
			1861	1094
			1862	1095
			1863	1096
			1864	1097
			1865	1097
			1866	1098
			1866	1099
			1867	1100
			1868	1101
			1869	1102
			1870	1102
			1871	1103
			1872	1104
			1873	1105
			1874	1106
			1874	1107
			1875	1107
			1876	1108
			1877	1109
			1878	1110
			1879	1111
			1880	1112
			1881	1113
			1882	1114
			1883	1115
			1884	1116
			1885	1117
			1886	1117
			1887	1118
			1888	1119
			1889	1120
			1890	1121
			1891	1122
			1892	1122
			1893	1123
			1894	1124
			1895	1125
			1896	1125
			1897	1126
			1898	1127
			1898	1128
			1899	1129
			1900	1129
			1901	1130
			1902	1131
			1903	1132
			1904	1132
			1905	1133
			1905	1134
			1906	1134
			1907	1135
			1908	1136
			1909	1137
			1910	1137
			1911	1138
			1911	1139
			1912	1139
			1913	1140
			1914	1141
			1915	1142
			1916	1143
			1917	1144
			1918	1145
			1919	1145
			1920	1146
			1921	1147
			1922	1148
			1923	1148
			1924	1149
			1924	1150
			1925	1151
			1926	1151
			1927	1152
			1928	1153
			1929	1154
			1930	1154
			1930	1155
			1931	1156
			1932	1157
			1933	1157
			1934	1158
			1935	1159
			1936	1160
			1937	1161
			1938	1162
			1939	1162
			1940	1163
			1941	1164
			1942	1165
			1942	1166
			1943	1166
			1944	1167
			1945	1168
			1946	1168
			1947	1169
			1947	1170
			1948	1171
			1949	1171
			1950	1172
			1951	1173
			1952	1174
			1953	1175
			1954	1175
			1955	1176
			1956	1177
			1956	1178
			1957	1178
			1958	1179
			1959	1180
			1960	1181
			1961	1182
			1962	1183
			1963	1183
			1964	1184
			1964	1185
			1965	1186
			1966	1186
			1967	1187
			1967	1188
			1968	1188
			1969	1189
			1970	1190
			1971	1191
			1972	1192
			1973	1193
			1974	1193
			1975	1194
			1976	1194
			1976	1195
			1977	1196
			1978	1196
			1979	1197
			1980	1197
			1980	1198
			1981	1198
			1982	1199
			1982	1200
			1983	1200
			1984	1201
			1985	1202
			1986	1203
			1987	1204
			1988	1205
			1989	1205
			1989	1206
			1990	1207
			1991	1207
			1991	1208
			1992	1209
			1992	1210
			1993	1210
			1994	1211
			1994	1212
			1995	1212
			1995	1213
			1996	1214
			1996	1215
			1997	1215
			1997	1216
			1997	1217
			1998	1217
			1998	1218
			1999	1219
			1999	1220
			2000	1221
			2000	1222
			2000	1223
			2001	1224
			2001	1225
		</c1>
		<c2 type=matrix rownames=FALSE colnames=FALSE nrow=1019 ncol=2 as.numeric=TRUE >
			2001	1225
			2000	1225
			2000	1226
			1999	1226
			1998	1226
			1997	1227
			1996	1227
			1995	1227
			1994	1227
			1993	1228
			1992	1228
			1991	1228
			1990	1228
			1989	1228
			1988	1228
			1987	1227
			1986	1227
			1985	1227
			1984	1227
			1983	1227
			1982	1227
			1981	1226
			1980	1226
			1979	1226
			1978	1225
			1977	1225
			1976	1225
			1975	1224
			1974	1224
			1973	1224
			1972	1223
			1971	1223
			1970	1222
			1969	1222
			1968	1222
			1967	1221
			1966	1220
			1965	1220
			1964	1220
			1963	1219
			1962	1219
			1962	1218
			1961	1218
			1960	1217
			1959	1217
			1958	1216
			1957	1215
			1956	1215
			1955	1214
			1954	1214
			1953	1213
			1952	1214
			1951	1215
			1950	1215
			1949	1215
			1948	1216
			1947	1216
			1946	1217
			1945	1218
			1944	1218
			1943	1219
			1942	1219
			1941	1220
			1940	1220
			1939	1221
			1938	1221
			1937	1221
			1936	1222
			1935	1222
			1934	1223
			1933	1223
			1932	1223
			1931	1224
			1930	1224
			1929	1224
			1928	1225
			1927	1225
			1926	1225
			1925	1226
			1924	1226
			1923	1227
			1922	1227
			1921	1227
			1920	1227
			1919	1227
			1918	1228
			1917	1228
			1916	1228
			1915	1228
			1914	1228
			1913	1229
			1912	1229
			1911	1229
			1910	1229
			1909	1229
			1908	1229
			1907	1229
			1906	1229
			1905	1229
			1904	1229
			1903	1229
			1902	1229
			1901	1229
			1900	1229
			1899	1229
			1898	1229
			1897	1229
			1896	1229
			1895	1229
			1894	1229
			1893	1229
			1892	1229
			1891	1229
			1890	1229
			1889	1229
			1888	1228
			1887	1228
			1886	1228
			1885	1228
			1884	1227
			1883	1227
			1882	1227
			1881	1227
			1880	1226
			1879	1226
			1878	1226
			1877	1226
			1876	1225
			1875	1225
			1874	1225
			1873	1224
			1872	1224
			1871	1223
			1870	1223
			1869	1223
			1868	1222
			1867	1222
			1866	1221
			1865	1220
			1864	1220
			1863	1221
			1862	1222
			1861	1222
			1860	1223
			1859	1224
			1858	1225
			1857	1225
			1856	1226
			1855	1226
			1854	1227
			1853	1227
			1852	1228
			1851	1228
			1850	1229
			1849	1229
			1848	1230
			1847	1230
			1846	1230
			1845	1231
			1844	1231
			1843	1232
			1842	1232
			1841	1232
			1840	1232
			1840	1233
			1839	1233
			1838	1233
			1837	1233
			1836	1233
			1835	1234
			1834	1234
			1833	1234
			1832	1234
			1831	1234
			1830	1235
			1829	1235
			1828	1235
			1827	1235
			1826	1235
			1825	1235
			1824	1235
			1823	1236
			1822	1236
			1821	1236
			1820	1236
			1819	1236
			1818	1236
			1817	1236
			1816	1236
			1815	1236
			1814	1236
			1813	1236
			1812	1236
			1811	1236
			1810	1236
			1809	1236
			1808	1236
			1807	1236
			1806	1236
			1805	1236
			1804	1236
			1803	1236
			1802	1236
			1801	1236
			1800	1236
			1799	1235
			1798	1235
			1797	1235
			1796	1235
			1795	1235
			1794	1235
			1793	1235
			1792	1235
			1791	1235
			1790	1234
			1789	1234
			1788	1234
			1787	1234
			1786	1234
			1785	1234
			1784	1234
			1783	1233
			1782	1233
			1781	1233
			1780	1233
			1779	1233
			1778	1233
			1777	1232
			1776	1232
			1775	1232
			1774	1232
			1773	1232
			1772	1233
			1771	1233
			1770	1233
			1769	1233
			1768	1233
			1767	1234
			1766	1234
			1765	1234
			1764	1234
			1763	1234
			1762	1234
			1761	1235
			1760	1235
			1759	1235
			1758	1235
			1757	1235
			1756	1235
			1755	1235
			1755	1236
			1754	1236
			1753	1236
			1752	1236
			1751	1236
			1750	1236
			1749	1236
			1748	1236
			1747	1236
			1746	1236
			1745	1237
			1744	1237
			1743	1237
			1742	1237
			1741	1237
			1740	1237
			1739	1237
			1738	1237
			1737	1237
			1736	1237
			1735	1237
			1734	1237
			1733	1237
			1732	1237
			1731	1237
			1730	1237
			1729	1237
			1728	1237
			1727	1237
			1726	1237
			1725	1237
			1724	1237
			1723	1237
			1722	1237
			1721	1237
			1720	1237
			1719	1237
			1718	1237
			1717	1237
			1716	1237
			1715	1237
			1714	1237
			1713	1237
			1712	1237
			1711	1237
			1710	1237
			1709	1237
			1708	1236
			1707	1236
			1706	1236
			1705	1236
			1704	1236
			1703	1236
			1702	1236
			1701	1236
			1700	1235
			1699	1235
			1698	1235
			1697	1235
			1696	1235
			1695	1235
			1694	1235
			1693	1234
			1692	1234
			1691	1234
			1690	1234
			1689	1234
			1688	1234
			1687	1233
			1686	1233
			1685	1233
			1684	1233
			1683	1232
			1682	1232
			1681	1232
			1680	1232
			1679	1232
			1678	1231
			1677	1231
			1676	1231
			1675	1231
			1674	1230
			1673	1230
			1672	1230
			1671	1230
			1670	1229
			1669	1229
			1668	1229
			1667	1228
			1666	1228
			1665	1228
			1664	1227
			1663	1227
			1662	1227
			1661	1227
			1661	1226
			1660	1226
			1659	1226
			1658	1227
			1657	1227
			1656	1227
			1655	1227
			1654	1228
			1653	1228
			1652	1228
			1651	1228
			1650	1229
			1649	1229
			1648	1229
			1647	1229
			1646	1229
			1645	1230
			1644	1230
			1643	1230
			1642	1230
			1641	1231
			1640	1231
			1639	1231
			1638	1231
			1637	1231
			1636	1232
			1635	1232
			1634	1232
			1633	1232
			1632	1232
			1631	1232
			1630	1233
			1629	1233
			1628	1233
			1627	1233
			1626	1233
			1625	1233
			1624	1233
			1623	1234
			1622	1234
			1621	1234
			1620	1234
			1619	1234
			1618	1234
			1617	1234
			1616	1235
			1615	1235
			1614	1235
			1613	1235
			1612	1235
			1611	1235
			1610	1235
			1609	1235
			1608	1235
			1607	1235
			1606	1236
			1605	1236
			1604	1236
			1603	1236
			1602	1236
			1601	1236
			1600	1236
			1599	1236
			1598	1236
			1597	1236
			1596	1236
			1595	1236
			1594	1236
			1593	1236
			1592	1236
			1591	1236
			1590	1236
			1589	1236
			1588	1236
			1587	1236
			1586	1236
			1585	1236
			1584	1236
			1583	1236
			1582	1236
			1581	1236
			1580	1236
			1579	1236
			1578	1236
			1577	1236
			1576	1236
			1575	1236
			1574	1236
			1573	1236
			1572	1236
			1571	1235
			1570	1235
			1569	1235
			1568	1235
			1567	1235
			1566	1235
			1565	1235
			1564	1235
			1563	1235
			1562	1235
			1561	1234
			1560	1234
			1559	1234
			1558	1234
			1557	1234
			1556	1234
			1555	1234
			1554	1234
			1553	1234
			1552	1234
			1551	1235
			1550	1235
			1549	1235
			1548	1235
			1547	1235
			1546	1235
			1545	1235
			1544	1235
			1543	1235
			1542	1235
			1541	1235
			1540	1235
			1539	1235
			1538	1235
			1537	1235
			1536	1235
			1535	1235
			1534	1235
			1533	1235
			1532	1235
			1531	1235
			1530	1235
			1529	1235
			1528	1235
			1527	1235
			1526	1235
			1525	1235
			1524	1235
			1523	1235
			1522	1235
			1521	1235
			1520	1235
			1519	1235
			1518	1235
			1517	1235
			1516	1235
			1515	1235
			1514	1235
			1513	1235
			1512	1235
			1511	1235
			1510	1235
			1509	1235
			1508	1235
			1507	1234
			1506	1234
			1505	1234
			1504	1234
			1503	1234
			1502	1234
			1501	1234
			1500	1234
			1499	1234
			1498	1234
			1497	1233
			1496	1233
			1495	1233
			1494	1233
			1493	1233
			1492	1233
			1491	1233
			1490	1233
			1489	1232
			1488	1232
			1487	1232
			1486	1232
			1485	1232
			1484	1232
			1483	1232
			1482	1231
			1481	1231
			1480	1231
			1479	1231
			1478	1231
			1477	1231
			1476	1230
			1475	1230
			1474	1230
			1473	1230
			1472	1229
			1471	1229
			1470	1229
			1469	1229
			1468	1229
			1467	1229
			1467	1228
			1466	1228
			1465	1228
			1464	1228
			1463	1228
			1463	1227
			1462	1227
			1461	1227
			1460	1227
			1459	1227
			1459	1226
			1458	1226
			1457	1226
			1456	1226
			1455	1225
			1454	1225
			1453	1225
			1452	1224
			1451	1224
			1450	1224
			1449	1224
			1448	1223
			1447	1223
			1446	1223
			1445	1222
			1444	1222
			1443	1222
			1442	1221
			1441	1221
			1440	1220
			1439	1220
			1438	1220
			1437	1219
			1436	1219
			1435	1219
			1434	1218
			1433	1218
			1432	1218
			1431	1218
			1430	1218
			1429	1217
			1428	1217
			1427	1217
			1426	1217
			1425	1217
			1424	1217
			1423	1217
			1422	1217
			1421	1217
			1420	1217
			1420	1216
			1419	1216
			1418	1216
			1417	1216
			1416	1216
			1415	1216
			1414	1216
			1413	1216
			1412	1216
			1411	1216
			1410	1216
			1409	1216
			1409	1215
			1408	1215
			1407	1215
			1406	1215
			1405	1215
			1404	1215
			1403	1215
			1402	1215
			1401	1215
			1400	1215
			1399	1215
			1398	1215
			1397	1215
			1396	1215
			1395	1214
			1394	1214
			1393	1214
			1392	1214
			1391	1214
			1390	1214
			1389	1214
			1388	1214
			1387	1214
			1386	1214
			1385	1214
			1384	1214
			1383	1214
			1382	1214
			1381	1214
			1380	1214
			1379	1214
			1378	1214
			1377	1214
			1376	1214
			1375	1214
			1374	1214
			1373	1214
			1372	1214
			1371	1214
			1370	1214
			1369	1214
			1368	1214
			1367	1214
			1366	1214
			1365	1214
			1364	1214
			1363	1214
			1362	1214
			1361	1214
			1360	1214
			1359	1214
			1358	1214
			1357	1215
			1356	1215
			1355	1215
			1354	1215
			1353	1215
			1352	1215
			1351	1215
			1350	1215
			1349	1215
			1348	1215
			1347	1216
			1346	1216
			1345	1216
			1344	1216
			1343	1216
			1342	1217
			1341	1217
			1340	1217
			1339	1217
			1338	1218
			1337	1218
			1336	1218
			1335	1219
			1334	1219
			1333	1219
			1332	1220
			1331	1220
			1330	1221
			1329	1221
			1328	1222
			1327	1222
			1326	1222
			1325	1222
			1324	1222
			1323	1222
			1322	1222
			1321	1222
			1320	1222
			1319	1223
			1318	1223
			1317	1223
			1316	1223
			1315	1223
			1314	1223
			1313	1223
			1312	1223
			1311	1223
			1310	1223
			1309	1223
			1308	1223
			1307	1223
			1306	1223
			1305	1223
			1304	1223
			1303	1223
			1302	1223
			1301	1223
			1300	1223
			1299	1223
			1298	1223
			1297	1223
			1296	1223
			1295	1223
			1294	1223
			1293	1223
			1292	1223
			1291	1223
			1290	1223
			1289	1223
			1288	1223
			1287	1223
			1286	1223
			1285	1223
			1284	1223
			1283	1223
			1282	1223
			1281	1223
			1280	1222
			1279	1222
			1278	1222
			1277	1222
			1276	1222
			1275	1222
			1274	1222
			1273	1222
			1272	1222
			1271	1222
			1270	1222
			1269	1222
			1268	1222
			1267	1221
			1266	1221
			1265	1221
			1264	1221
			1263	1221
			1262	1221
			1261	1221
			1260	1221
			1259	1220
			1258	1220
			1257	1220
			1256	1220
			1255	1220
			1254	1220
			1253	1219
			1252	1219
			1251	1219
			1250	1219
			1249	1219
			1248	1219
			1247	1220
			1246	1220
			1245	1220
			1244	1220
			1243	1220
			1242	1220
			1241	1220
			1240	1220
			1239	1220
			1238	1220
			1237	1220
			1236	1220
			1235	1220
			1234	1220
			1233	1220
			1232	1220
			1231	1220
			1230	1220
			1229	1220
			1228	1220
			1227	1220
			1226	1220
			1225	1220
			1224	1220
			1224	1219
			1223	1219
			1222	1219
			1221	1219
			1220	1219
			1219	1218
			1218	1218
			1217	1218
			1216	1218
			1215	1217
			1214	1217
			1213	1216
			1212	1216
			1211	1215
			1210	1215
			1209	1214
			1208	1214
			1207	1214
			1206	1214
			1206	1215
			1205	1215
			1204	1215
			1203	1215
			1202	1215
			1201	1215
			1200	1215
			1199	1215
			1198	1216
			1197	1216
			1196	1216
			1195	1216
			1194	1216
			1193	1216
			1192	1216
			1191	1216
			1190	1217
			1189	1217
			1188	1217
			1187	1217
			1186	1217
			1185	1217
			1184	1217
			1183	1217
			1182	1217
			1181	1217
			1181	1218
			1180	1218
			1179	1218
			1178	1218
			1177	1218
			1176	1218
			1175	1218
			1174	1218
			1173	1218
			1172	1218
			1171	1218
			1170	1218
			1169	1219
			1168	1219
			1167	1219
			1166	1219
			1165	1219
			1164	1219
			1163	1219
			1162	1219
			1161	1219
			1160	1219
			1159	1219
			1158	1219
			1157	1219
			1156	1219
			1155	1219
			1154	1219
			1153	1219
			1153	1220
			1152	1220
			1151	1220
			1150	1220
			1149	1220
			1148	1220
			1147	1220
			1146	1220
			1145	1220
			1144	1220
			1143	1220
			1142	1220
			1141	1220
			1140	1220
			1139	1220
			1138	1220
			1137	1220
			1136	1220
			1135	1220
			1134	1220
			1133	1220
			1132	1220
			1131	1220
			1130	1220
			1129	1220
			1128	1220
			1127	1220
			1126	1220
			1125	1220
			1124	1220
			1123	1219
			1122	1219
			1121	1219
			1120	1219
			1119	1219
			1118	1219
			1117	1219
			1116	1219
			1115	1219
			1114	1219
			1113	1219
			1112	1219
			1111	1219
			1110	1219
			1109	1220
			1108	1220
			1107	1220
			1106	1220
			1105	1220
			1104	1220
			1103	1220
			1102	1220
			1101	1220
			1100	1220
			1099	1220
			1098	1220
			1097	1220
			1096	1220
			1095	1220
			1094	1220
			1093	1221
			1092	1221
			1091	1221
			1090	1221
			1089	1221
			1088	1221
			1087	1221
			1086	1221
			1085	1221
			1084	1221
			1083	1221
			1082	1221
			1081	1221
			1080	1221
			1079	1221
			1078	1221
			1077	1221
			1076	1220
			1075	1220
			1074	1220
			1073	1220
			1072	1220
			1071	1220
			1070	1220
			1069	1220
			1068	1220
			1067	1220
			1066	1220
			1065	1220
			1064	1219
			1063	1219
			1062	1219
			1061	1219
			1060	1219
			1059	1219
			1058	1219
			1057	1218
			1056	1218
			1055	1218
			1054	1218
			1053	1218
			1053	1217
			1052	1217
			1051	1217
			1050	1217
			1049	1216
			1048	1216
			1047	1216
			1046	1215
			1045	1215
			1044	1215
			1044	1214
			1043	1214
			1042	1215
			1041	1215
			1040	1216
			1039	1216
			1038	1217
			1037	1217
			1036	1218
			1035	1218
			1034	1218
			1034	1219
			1033	1219
			1032	1219
			1031	1220
			1030	1220
			1029	1221
			1028	1221
			1027	1222
			1026	1222
			1025	1222
			1025	1223
			1024	1223
			1023	1223
			1022	1224
			1021	1224
			1020	1224
			1019	1225
			1018	1225
			1017	1225
			1016	1226
			1015	1226
			1014	1226
			1013	1226
			1012	1226
			1011	1226
			1010	1227
			1009	1227
			1008	1227
			1007	1227
			1006	1226
			1005	1226
			1004	1226
			1003	1226
			1002	1226
			1001	1225
		</c2>
	</curves.pixel>
	<curves.scaled type=list>
		<c1 type=matrix rownames=FALSE colnames=FALSE nrow=1077 ncol=2 as.numeric=TRUE >
			39.5649083351263	-48.4185941164132
			39.6044337180784	-48.3790687334611
			39.6439591010306	-48.3790687334611
			39.6439591010306	-48.3395433505089
			39.6834844839828	-48.3395433505089
			39.723009866935	-48.3000179675567
			39.7625352498871	-48.2604925846045
			39.8020606328393	-48.2209672016524
			39.8415860157915	-48.2209672016524
			39.8811113987436	-48.1814418187002
			39.9206367816958	-48.141916435748
			39.960162164648	-48.1023910527959
			39.9996875476002	-48.1023910527959
			40.0392129305523	-48.0628656698437
			40.0392129305523	-48.0233402868915
			40.0787383135045	-48.0233402868915
			40.1182636964567	-47.9838149039393
			40.1577890794089	-47.9442895209872
			40.197314462361	-47.9442895209872
			40.2368398453132	-47.904764138035
			40.2763652282654	-47.8652387550828
			40.3158906112176	-47.8652387550828
			40.3158906112176	-47.8257133721306
			40.3554159941697	-47.7861879891785
			40.3949413771219	-47.7466626062263
			40.4344667600741	-47.7466626062263
			40.4739921430263	-47.7071372232741
			40.5135175259784	-47.6676118403219
			40.5530429089306	-47.6280864573698
			40.5925682918828	-47.5885610744176
			40.632093674835	-47.5490356914654
			40.6716190577871	-47.5490356914654
			40.7111444407393	-47.5095103085132
			40.7506698236915	-47.4699849255611
			40.7901952066437	-47.4304595426089
			40.8297205895958	-47.3909341596567
			40.869245972548	-47.3514087767045
			40.9087713555002	-47.3514087767045
			40.9482967384523	-47.3118833937524
			40.9878221214045	-47.2723580108002
			41.0273475043567	-47.232832627848
			41.0668728873089	-47.1933072448959
			41.106398270261	-47.1933072448959
			41.1459236532132	-47.1537818619437
			41.1854490361654	-47.1142564789915
			41.2249744191176	-47.0747310960393
			41.2644998020697	-47.0352057130872
			41.3040251850219	-47.0352057130872
			41.3435505679741	-46.995680330135
			41.3435505679741	-46.9561549471828
			41.3830759509263	-46.9166295642306
			41.4226013338784	-46.8771041812785
			41.4621267168306	-46.8771041812785
			41.5016520997828	-46.8375787983263
			41.541177482735	-46.7980534153741
			41.5807028656871	-46.7585280324219
			41.6202282486393	-46.7190026494698
			41.6597536315915	-46.7190026494698
			41.6597536315915	-46.6794772665176
			41.6992790145437	-46.6399518835654
			41.7388043974958	-46.6004265006132
			41.778329780448	-46.5609011176611
			41.8178551634002	-46.5609011176611
			41.8573805463524	-46.5213757347089
			41.8969059293045	-46.4818503517567
			41.8969059293045	-46.4423249688045
			41.9364313122567	-46.4423249688045
			41.9759566952089	-46.4027995858524
			42.015482078161	-46.3632742029002
			42.0550074611132	-46.323748819948
			42.0945328440654	-46.2842234369958
			42.1340582270176	-46.2446980540437
			42.1735836099697	-46.2051726710915
			42.2131089929219	-46.1656472881393
			42.2526343758741	-46.1261219051872
			42.2921597588263	-46.086596522235
			42.3316851417784	-46.0470711392828
			42.3712105247306	-46.0075457563306
			42.4107359076828	-45.9680203733785
			42.450261290635	-45.9680203733785
			42.4897866735871	-45.9284949904263
			42.5293120565393	-45.8889696074741
			42.5293120565393	-45.8494442245219
			42.5688374394915	-45.8099188415698
			42.6083628224437	-45.7703934586176
			42.6478882053958	-45.7308680756654
			42.687413588348	-45.6913426927132
			42.7269389713002	-45.6518173097611
			42.7664643542524	-45.6122919268089
			42.8059897372045	-45.6122919268089
			42.8059897372045	-45.5727665438567
			42.8455151201567	-45.5332411609045
			42.8850405031089	-45.4937157779524
			42.9245658860611	-45.4541903950002
			42.9640912690132	-45.4541903950002
			43.0036166519654	-45.414665012048
			43.0431420349176	-45.3751396290958
			43.0826674178698	-45.3356142461437
			43.1221928008219	-45.3356142461437
			43.1617181837741	-45.2960888631915
			43.2012435667263	-45.2565634802393
			43.2407689496784	-45.2565634802393
			43.2802943326306	-45.2170380972872
			43.3198197155828	-45.177512714335
			43.359345098535	-45.1379873313828
			43.3988704814871	-45.1379873313828
			43.4383958644393	-45.0984619484306
			43.4779212473915	-45.0589365654785
			43.5174466303437	-45.0194111825263
			43.5569720132958	-45.0194111825263
			43.596497396248	-44.9798857995741
			43.6360227792002	-44.9403604166219
			43.6755481621524	-44.9403604166219
			43.7150735451045	-44.9008350336698
			43.7545989280567	-44.9008350336698
			43.7941243110089	-44.8613096507176
			43.8336496939611	-44.8217842677654
			43.8731750769132	-44.8217842677654
			43.9127004598654	-44.7822588848132
			43.9522258428176	-44.7822588848132
			43.9917512257698	-44.7427335018611
			44.0312766087219	-44.7032081189089
			44.0708019916741	-44.7032081189089
			44.1103273746263	-44.6636827359567
			44.1498527575785	-44.6241573530045
			44.1893781405306	-44.6241573530045
			44.2289035234828	-44.5846319700524
			44.268428906435	-44.5846319700524
			44.3079542893871	-44.5451065871002
			44.3474796723393	-44.5451065871002
			44.3474796723393	-44.505581204148
			44.3870050552915	-44.505581204148
			44.4265304382437	-44.505581204148
			44.4265304382437	-44.4660558211958
			44.4660558211958	-44.4660558211958
			44.505581204148	-44.4660558211958
			44.505581204148	-44.4265304382437
			44.5451065871002	-44.4265304382437
			44.5846319700524	-44.4265304382437
			44.5846319700524	-44.3870050552915
			44.6241573530045	-44.3870050552915
			44.6636827359567	-44.3870050552915
			44.6636827359567	-44.3474796723393
			44.7032081189089	-44.3474796723393
			44.7427335018611	-44.3079542893871
			44.7822588848132	-44.3079542893871
			44.8217842677654	-44.268428906435
			44.8613096507176	-44.268428906435
			44.9008350336698	-44.2289035234828
			44.9403604166219	-44.2289035234828
			44.9798857995741	-44.1893781405306
			45.0194111825263	-44.1498527575785
			45.0589365654785	-44.1498527575785
			45.0984619484306	-44.1103273746263
			45.1379873313828	-44.1103273746263
			45.177512714335	-44.0708019916741
			45.2170380972872	-44.0708019916741
			45.2565634802393	-44.0312766087219
			45.2960888631915	-44.0312766087219
			45.3356142461437	-44.0312766087219
			45.3356142461437	-43.9917512257698
			45.3751396290958	-43.9917512257698
			45.414665012048	-43.9917512257698
			45.4541903950002	-43.9522258428176
			45.4937157779524	-43.9522258428176
			45.5332411609045	-43.9127004598654
			45.5727665438567	-43.9127004598654
			45.6122919268089	-43.8731750769132
			45.6518173097611	-43.8731750769132
			45.6913426927132	-43.8731750769132
			45.6913426927132	-43.8336496939611
			45.7308680756654	-43.8336496939611
			45.7703934586176	-43.8336496939611
			45.8099188415698	-43.7941243110089
			45.8494442245219	-43.7941243110089
			45.8494442245219	-43.7545989280567
			45.8889696074741	-43.7545989280567
			45.9284949904263	-43.7545989280567
			45.9680203733785	-43.7150735451045
			46.0075457563306	-43.7150735451045
			46.0470711392828	-43.6755481621524
			46.086596522235	-43.6755481621524
			46.1261219051872	-43.6360227792002
			46.1656472881393	-43.6360227792002
			46.2051726710915	-43.6360227792002
			46.2446980540437	-43.596497396248
			46.2842234369958	-43.596497396248
			46.323748819948	-43.5569720132958
			46.3632742029002	-43.5569720132958
			46.4027995858524	-43.5174466303437
			46.4423249688045	-43.5174466303437
			46.4818503517567	-43.5174466303437
			46.5213757347089	-43.4779212473915
			46.5609011176611	-43.4779212473915
			46.6004265006132	-43.4383958644393
			46.6399518835654	-43.4383958644393
			46.6794772665176	-43.3988704814871
			46.7190026494698	-43.359345098535
			46.7585280324219	-43.3198197155828
			46.7980534153741	-43.2802943326306
			46.8375787983263	-43.2407689496784
			46.8771041812785	-43.2012435667263
			46.9166295642306	-43.1617181837741
			46.9561549471828	-43.1221928008219
			46.995680330135	-43.0826674178698
			47.0352057130872	-43.0826674178698
			47.0747310960393	-43.0431420349176
			47.1142564789915	-43.0036166519654
			47.1537818619437	-42.9640912690132
			47.1933072448959	-42.9245658860611
			47.232832627848	-42.8850405031089
			47.2723580108002	-42.8850405031089
			47.3118833937524	-42.8455151201567
			47.3514087767045	-42.8059897372045
			47.3909341596567	-42.7664643542524
			47.4304595426089	-42.7269389713002
			47.4699849255611	-42.687413588348
			47.5095103085132	-42.687413588348
			47.5490356914654	-42.6478882053958
			47.5885610744176	-42.6478882053958
			47.6280864573698	-42.6083628224437
			47.6676118403219	-42.5688374394915
			47.7071372232741	-42.5293120565393
			47.7466626062263	-42.5293120565393
			47.7861879891785	-42.4897866735871
			47.8257133721306	-42.450261290635
			47.8652387550828	-42.450261290635
			47.904764138035	-42.4107359076828
			47.9442895209872	-42.4107359076828
			47.9838149039393	-42.3712105247306
			48.0233402868915	-42.3316851417784
			48.0628656698437	-42.2921597588263
			48.1023910527959	-42.2921597588263
			48.141916435748	-42.2526343758741
			48.1814418187002	-42.2526343758741
			48.2209672016524	-42.2131089929219
			48.2604925846045	-42.2131089929219
			48.3000179675567	-42.1735836099697
			48.3395433505089	-42.1735836099697
			48.3395433505089	-42.1340582270176
			48.3790687334611	-42.1340582270176
			48.4185941164132	-42.0945328440654
			48.4581194993654	-42.0945328440654
			48.4976448823176	-42.0550074611132
			48.5371702652698	-42.0550074611132
			48.5766956482219	-42.015482078161
			48.6162210311741	-41.9759566952089
			48.6557464141263	-41.9759566952089
			48.6952717970785	-41.9364313122567
			48.7347971800306	-41.9364313122567
			48.7743225629828	-41.8969059293045
			48.813847945935	-41.8969059293045
			48.8533733288872	-41.8573805463524
			48.8928987118393	-41.8573805463524
			48.9324240947915	-41.8178551634002
			48.9719494777437	-41.8178551634002
			49.0114748606959	-41.778329780448
			49.051000243648	-41.7388043974958
			49.0905256266002	-41.7388043974958
			49.1300510095524	-41.6992790145437
			49.1695763925046	-41.6992790145437
			49.2091017754567	-41.6597536315915
			49.2486271584089	-41.6597536315915
			49.2881525413611	-41.6202282486393
			49.3276779243132	-41.6202282486393
			49.3672033072654	-41.5807028656871
			49.4067286902176	-41.5807028656871
			49.4462540731698	-41.541177482735
			49.4857794561219	-41.541177482735
			49.5253048390741	-41.541177482735
			49.5648302220263	-41.5016520997828
			49.6043556049785	-41.5016520997828
			49.6438809879306	-41.4621267168306
			49.6834063708828	-41.4621267168306
			49.722931753835	-41.4226013338784
			49.7624571367872	-41.4226013338784
			49.8019825197393	-41.3830759509263
			49.8415079026915	-41.3830759509263
			49.8810332856437	-41.3830759509263
			49.9205586685959	-41.3435505679741
			49.960084051548	-41.3435505679741
			49.9996094345002	-41.3040251850219
			50.0391348174524	-41.3040251850219
			50.0786602004046	-41.2644998020697
			50.1181855833567	-41.2644998020697
			50.1577109663089	-41.2644998020697
			50.1972363492611	-41.2249744191176
			50.2367617322133	-41.2249744191176
			50.2762871151654	-41.1854490361654
			50.3158124981176	-41.1854490361654
			50.3553378810698	-41.1854490361654
			50.394863264022	-41.1459236532132
			50.4343886469741	-41.1459236532132
			50.4739140299263	-41.106398270261
			50.5134394128785	-41.106398270261
			50.5529647958306	-41.0668728873089
			50.5924901787828	-41.0668728873089
			50.632015561735	-41.0668728873089
			50.6715409446872	-41.0273475043567
			50.7110663276393	-41.0273475043567
			50.7505917105915	-40.9878221214045
			50.7901170935437	-40.9878221214045
			50.8296424764959	-40.9878221214045
			50.869167859448	-40.9482967384523
			50.9086932424002	-40.9482967384523
			50.9482186253524	-40.9087713555002
			50.9877440083046	-40.9087713555002
			51.0272693912567	-40.9087713555002
			51.0667947742089	-40.869245972548
			51.1063201571611	-40.869245972548
			51.1458455401133	-40.8297205895958
			51.1853709230654	-40.8297205895958
			51.2248963060176	-40.8297205895958
			51.2644216889698	-40.8297205895958
			51.303947071922	-40.7901952066437
			51.3434724548741	-40.7901952066437
			51.3829978378263	-40.7506698236915
			51.4225232207785	-40.7506698236915
			51.4620486037307	-40.7506698236915
			51.5015739866828	-40.7111444407393
			51.541099369635	-40.7111444407393
			51.5806247525872	-40.7111444407393
			51.6201501355393	-40.6716190577871
			51.6596755184915	-40.6716190577871
			51.6992009014437	-40.6716190577871
			51.7387262843959	-40.632093674835
			51.778251667348	-40.632093674835
			51.8177770503002	-40.5925682918828
			51.8573024332524	-40.5925682918828
			51.8968278162046	-40.5925682918828
			51.9363531991567	-40.5530429089306
			51.9758785821089	-40.5530429089306
			52.0154039650611	-40.5530429089306
			52.0549293480133	-40.5135175259784
			52.0944547309654	-40.5135175259784
			52.1339801139176	-40.5135175259784
			52.1735054968698	-40.4739921430263
			52.213030879822	-40.4739921430263
			52.2525562627741	-40.4739921430263
			52.2920816457263	-40.4344667600741
			52.3316070286785	-40.4344667600741
			52.3711324116307	-40.4344667600741
			52.4106577945828	-40.3949413771219
			52.450183177535	-40.3949413771219
			52.4897085604872	-40.3554159941697
			52.5292339434394	-40.3554159941697
			52.5687593263915	-40.3158906112176
			52.6082847093437	-40.2763652282654
			52.6478100922959	-40.2368398453132
			52.687335475248	-40.2368398453132
			52.7268608582002	-40.197314462361
			52.7268608582002	-40.1577890794089
			52.7663862411524	-40.1577890794089
			52.8059116241046	-40.1182636964567
			52.8454370070567	-40.0787383135045
			52.8849623900089	-40.0787383135045
			52.9244877729611	-40.0392129305523
			52.9640131559133	-39.9996875476002
			53.0035385388654	-39.9996875476002
			53.0035385388654	-39.960162164648
			53.0430639218176	-39.960162164648
			53.0825893047698	-39.9206367816958
			53.122114687722	-39.8811113987436
			53.1616400706741	-39.8811113987436
			53.2011654536263	-39.8415860157915
			53.2406908365785	-39.8020606328393
			53.2802162195307	-39.7625352498871
			53.3197416024828	-39.7625352498871
			53.359266985435	-39.723009866935
			53.3987923683872	-39.6834844839828
			53.4383177513394	-39.6834844839828
			53.4778431342915	-39.6439591010306
			53.5173685172437	-39.6044337180784
			53.5568939001959	-39.6044337180784
			53.5964192831481	-39.5649083351263
			53.6359446661002	-39.5649083351263
			53.6754700490524	-39.5253829521741
			53.7149954320046	-39.4858575692219
			53.7545208149567	-39.4858575692219
			53.7940461979089	-39.4463321862697
			53.8335715808611	-39.4463321862697
			53.8730969638133	-39.4068068033176
			53.9126223467654	-39.3672814203654
			53.9521477297176	-39.3672814203654
			53.9521477297176	-39.3277560374132
			53.9916731126698	-39.3277560374132
			54.031198495622	-39.288230654461
			54.0707238785741	-39.288230654461
			54.1102492615263	-39.2487052715089
			54.1497746444785	-39.2487052715089
			54.1893000274307	-39.2091798885567
			54.2288254103828	-39.2091798885567
			54.268350793335	-39.1696545056045
			54.3078761762872	-39.1696545056045
			54.3474015592394	-39.1301291226523
			54.3869269421915	-39.0906037397002
			54.4264523251437	-39.0906037397002
			54.4659777080959	-39.051078356748
			54.5055030910481	-39.051078356748
			54.5450284740002	-39.0115529737958
			54.5845538569524	-39.0115529737958
			54.6240792399046	-38.9720275908436
			54.6636046228568	-38.9720275908436
			54.7031300058089	-38.9325022078915
			54.7426553887611	-38.9325022078915
			54.7821807717133	-38.8929768249393
			54.8217061546654	-38.8929768249393
			54.8612315376176	-38.8929768249393
			54.9007569205698	-38.8534514419871
			54.940282303522	-38.8534514419871
			54.9798076864741	-38.8139260590349
			55.0193330694263	-38.8139260590349
			55.0588584523785	-38.7744006760828
			55.0983838353307	-38.7744006760828
			55.1379092182828	-38.7744006760828
			55.177434601235	-38.7348752931306
			55.2169599841872	-38.7348752931306
			55.2564853671394	-38.6953499101784
			55.2960107500915	-38.6953499101784
			55.3355361330437	-38.6953499101784
			55.3750615159959	-38.6558245272263
			55.4145868989481	-38.6558245272263
			55.4541122819002	-38.6558245272263
			55.4936376648524	-38.6558245272263
			55.5331630478046	-38.6162991442741
			55.5726884307568	-38.6162991442741
			55.6122138137089	-38.6162991442741
			55.6517391966611	-38.6162991442741
			55.6912645796133	-38.5767737613219
			55.7307899625655	-38.5767737613219
			55.7703153455176	-38.5767737613219
			55.8098407284698	-38.5767737613219
			55.8098407284698	-38.5372483783697
			55.849366111422	-38.5372483783697
			55.8888914943741	-38.5372483783697
			55.9284168773263	-38.5372483783697
			55.9679422602785	-38.5372483783697
			56.0074676432307	-38.5372483783697
			56.0469930261828	-38.5372483783697
			56.086518409135	-38.4977229954176
			56.1260437920872	-38.4977229954176
			56.1655691750394	-38.4977229954176
			56.2050945579915	-38.4977229954176
			56.2446199409437	-38.4977229954176
			56.2841453238959	-38.4977229954176
			56.3236707068481	-38.4977229954176
			56.3631960898002	-38.4977229954176
			56.4027214727524	-38.4977229954176
			56.4422468557046	-38.4977229954176
			56.4817722386568	-38.4977229954176
			56.5212976216089	-38.4581976124654
			56.5608230045611	-38.4581976124654
			56.6003483875133	-38.4186722295132
			56.6398737704655	-38.4186722295132
			56.6793991534176	-38.4186722295132
			56.7189245363698	-38.379146846561
			56.758449919322	-38.379146846561
			56.7979753022742	-38.379146846561
			56.8375006852263	-38.3396214636089
			56.8770260681785	-38.3396214636089
			56.9165514511307	-38.3396214636089
			56.9560768340829	-38.3000960806567
			56.995602217035	-38.3000960806567
			57.0351275999872	-38.3000960806567
			57.0351275999872	-38.2605706977045
			57.0746529829394	-38.2605706977045
			57.1141783658915	-38.2605706977045
			57.1537037488437	-38.2605706977045
			57.1537037488437	-38.2210453147523
			57.1932291317959	-38.2210453147523
			57.2327545147481	-38.2210453147523
			57.2722798977002	-38.2210453147523
			57.2722798977002	-38.1815199318002
			57.3118052806524	-38.1815199318002
			57.3513306636046	-38.1815199318002
			57.3908560465568	-38.141994548848
			57.4303814295089	-38.141994548848
			57.4699068124611	-38.141994548848
			57.5094321954133	-38.1024691658958
			57.5489575783655	-38.1024691658958
			57.5884829613176	-38.1024691658958
			57.5884829613176	-38.0629437829436
			57.6280083442698	-38.0629437829436
			57.667533727222	-38.0629437829436
			57.7070591101742	-38.0629437829436
			57.7465844931263	-38.0234183999915
			57.7861098760785	-38.0234183999915
			57.8256352590307	-38.0234183999915
			57.8651606419829	-37.9838930170393
			57.904686024935	-37.9838930170393
			57.9442114078872	-37.9443676340871
			57.9837367908394	-37.9443676340871
			58.0232621737916	-37.9443676340871
			58.0627875567437	-37.9048422511349
			58.1023129396959	-37.9048422511349
			58.1418383226481	-37.9048422511349
			58.1813637056002	-37.8653168681828
			58.2208890885524	-37.8653168681828
			58.2604144715046	-37.8653168681828
			58.2999398544568	-37.8257914852306
			58.3394652374089	-37.8257914852306
			58.3789906203611	-37.8257914852306
			58.4185160033133	-37.7862661022784
			58.4580413862655	-37.7862661022784
			58.4975667692176	-37.7862661022784
			58.5370921521698	-37.7467407193262
			58.576617535122	-37.7467407193262
			58.6161429180742	-37.7467407193262
			58.6556683010263	-37.7072153363741
			58.6951936839785	-37.7072153363741
			58.7347190669307	-37.7072153363741
			58.7742444498829	-37.6676899534219
			58.813769832835	-37.6676899534219
			58.8532952157872	-37.6676899534219
			58.8928205987394	-37.6676899534219
			58.9323459816916	-37.6281645704697
			58.9718713646437	-37.6281645704697
			59.0113967475959	-37.6281645704697
			59.0509221305481	-37.5886391875176
			59.0904475135003	-37.5886391875176
			59.1299728964524	-37.5886391875176
			59.1694982794046	-37.5886391875176
			59.2090236623568	-37.5491138045654
			59.2485490453089	-37.5491138045654
			59.2880744282611	-37.5491138045654
			59.3275998112133	-37.5095884216132
			59.3671251941655	-37.5095884216132
			59.4066505771176	-37.5095884216132
			59.4461759600698	-37.470063038661
			59.485701343022	-37.470063038661
			59.5252267259742	-37.470063038661
			59.5647521089263	-37.4305376557089
			59.6042774918785	-37.4305376557089
			59.6438028748307	-37.4305376557089
			59.6833282577829	-37.4305376557089
			59.722853640735	-37.3910122727567
			59.7623790236872	-37.3910122727567
			59.8019044066394	-37.3910122727567
			59.8414297895916	-37.3514868898045
			59.8809551725437	-37.3514868898045
			59.9204805554959	-37.3514868898045
			59.9600059384481	-37.3514868898045
			59.9995313214003	-37.3119615068523
			60.0390567043524	-37.3119615068523
			60.0785820873046	-37.3119615068523
			60.1181074702568	-37.2724361239002
			60.157632853209	-37.2724361239002
			60.1971582361611	-37.2724361239002
			60.2366836191133	-37.2724361239002
			60.2762090020655	-37.232910740948
			60.3157343850176	-37.232910740948
			60.3552597679698	-37.232910740948
			60.394785150922	-37.232910740948
			60.4343105338742	-37.1933853579958
			60.4738359168263	-37.1933853579958
			60.5133612997785	-37.1933853579958
			60.5528866827307	-37.1933853579958
			60.5924120656829	-37.1538599750436
			60.631937448635	-37.1538599750436
			60.6714628315872	-37.1538599750436
			60.7109882145394	-37.1538599750436
			60.7505135974916	-37.1143345920915
			60.7900389804437	-37.1143345920915
			60.8295643633959	-37.1143345920915
			60.8690897463481	-37.1143345920915
			60.9086151293003	-37.0748092091393
			60.9481405122524	-37.0748092091393
			60.9876658952046	-37.0748092091393
			61.0271912781568	-37.0748092091393
			61.066716661109	-37.0352838261871
			61.1062420440611	-37.0352838261871
			61.1457674270133	-37.0352838261871
			61.1852928099655	-37.0352838261871
			61.2248181929177	-37.0352838261871
			61.2643435758698	-36.9957584432349
			61.303868958822	-36.9957584432349
			61.3433943417742	-36.9957584432349
			61.3829197247263	-36.9957584432349
			61.4224451076785	-36.9562330602828
			61.4619704906307	-36.9562330602828
			61.5014958735829	-36.9562330602828
			61.541021256535	-36.9562330602828
			61.5805466394872	-36.9562330602828
			61.6200720224394	-36.9167076773306
			61.6595974053916	-36.9167076773306
			61.6991227883437	-36.9167076773306
			61.7386481712959	-36.9167076773306
			61.7781735542481	-36.9167076773306
			61.8176989372003	-36.9167076773306
			61.8572243201524	-36.8771822943784
			61.8967497031046	-36.8771822943784
			61.9362750860568	-36.8771822943784
			61.975800469009	-36.8771822943784
			62.0153258519611	-36.8771822943784
			62.0548512349133	-36.8771822943784
			62.0943766178655	-36.8376569114262
			62.1339020008177	-36.8376569114262
			62.1734273837698	-36.8376569114262
			62.212952766722	-36.8376569114262
			62.2524781496742	-36.8376569114262
			62.2920035326264	-36.8376569114262
			62.2920035326264	-36.7981315284741
			62.3315289155785	-36.7981315284741
			62.3710542985307	-36.7981315284741
			62.4105796814829	-36.7981315284741
			62.450105064435	-36.7981315284741
			62.4896304473872	-36.7981315284741
			62.5291558303394	-36.7981315284741
			62.5686812132916	-36.7981315284741
			62.6082065962437	-36.7981315284741
			62.6082065962437	-36.7586061455219
			62.6477319791959	-36.7586061455219
			62.6872573621481	-36.7586061455219
			62.7267827451003	-36.7586061455219
			62.7663081280524	-36.7586061455219
			62.8058335110046	-36.7586061455219
			62.8453588939568	-36.7586061455219
			62.884884276909	-36.7586061455219
			62.9244096598611	-36.7586061455219
			62.9639350428133	-36.7586061455219
			63.0034604257655	-36.7586061455219
			63.0429858087177	-36.7190807625697
			63.0825111916698	-36.7190807625697
			63.122036574622	-36.7190807625697
			63.1615619575742	-36.7190807625697
			63.2010873405264	-36.7190807625697
			63.2406127234785	-36.7190807625697
			63.2801381064307	-36.7190807625697
			63.3196634893829	-36.7190807625697
			63.3591888723351	-36.7190807625697
			63.3987142552872	-36.7190807625697
			63.4382396382394	-36.7190807625697
			63.4777650211916	-36.7190807625697
			63.5172904041438	-36.7190807625697
			63.5568157870959	-36.7190807625697
			63.5963411700481	-36.7190807625697
			63.6358665530003	-36.7190807625697
			63.6753919359524	-36.7190807625697
			63.7149173189046	-36.7190807625697
			63.7544427018568	-36.7190807625697
			63.793968084809	-36.7190807625697
			63.8334934677611	-36.7190807625697
			63.8730188507133	-36.7586061455219
			63.9125442336655	-36.7586061455219
			63.9520696166177	-36.7586061455219
			63.9915949995698	-36.7586061455219
			64.031120382522	-36.7586061455219
			64.0706457654742	-36.7586061455219
			64.1101711484264	-36.7586061455219
			64.1496965313785	-36.7586061455219
			64.1892219143307	-36.7981315284741
			64.2287472972829	-36.7981315284741
			64.2682726802351	-36.7981315284741
			64.3077980631872	-36.7981315284741
			64.3473234461394	-36.7981315284741
			64.3868488290916	-36.8376569114262
			64.4263742120438	-36.8376569114262
			64.4658995949959	-36.8376569114262
			64.5054249779481	-36.8376569114262
			64.5449503609003	-36.8771822943784
			64.5844757438525	-36.8771822943784
			64.6240011268046	-36.9167076773306
			64.6635265097568	-36.9167076773306
			64.703051892709	-36.9167076773306
			64.7425772756611	-36.9562330602828
			64.7821026586133	-36.9562330602828
			64.8216280415655	-36.9957584432349
			64.8611534245177	-36.9957584432349
			64.8611534245177	-37.0352838261871
			64.9006788074698	-37.0352838261871
			64.940204190422	-37.0748092091393
			64.9797295733742	-37.0748092091393
			64.9797295733742	-37.1143345920915
			65.0192549563264	-37.1143345920915
			65.0587803392785	-37.1538599750436
			65.0587803392785	-37.1933853579958
			65.0983057222307	-37.1933853579958
			65.1378311051829	-37.232910740948
			65.1773564881351	-37.2724361239002
			65.2168818710872	-37.3119615068523
			65.2168818710872	-37.3514868898045
			65.2564072540394	-37.3910122727567
			65.2959326369916	-37.4305376557089
			65.2959326369916	-37.470063038661
			65.3354580199438	-37.5095884216132
			65.3749834028959	-37.5095884216132
			65.4145087858481	-37.5491138045654
			65.4540341688003	-37.5491138045654
			65.4935595517525	-37.5886391875176
			65.4935595517525	-37.6281645704697
			65.5330849347046	-37.6281645704697
			65.5726103176568	-37.6676899534219
			65.612135700609	-37.6676899534219
			65.6516610835612	-37.7072153363741
			65.6911864665133	-37.7072153363741
			65.7307118494655	-37.7467407193262
			65.7702372324177	-37.7862661022784
			65.8097626153698	-37.7862661022784
			65.849287998322	-37.8257914852306
			65.8888133812742	-37.8653168681828
			65.9283387642264	-37.9048422511349
			65.9678641471785	-37.9048422511349
			66.0073895301307	-37.9443676340871
			66.0469149130829	-37.9443676340871
			66.0864402960351	-37.9838930170393
			66.1259656789872	-38.0234183999915
			66.1654910619394	-38.0234183999915
			66.2050164448916	-38.0629437829436
			66.2445418278438	-38.1024691658958
			66.2840672107959	-38.1024691658958
			66.3235925937481	-38.141994548848
			66.3631179767003	-38.1815199318002
			66.4026433596525	-38.1815199318002
			66.4421687426046	-38.2210453147523
			66.4816941255568	-38.2210453147523
			66.521219508509	-38.2605706977045
			66.5607448914612	-38.3000960806567
			66.6002702744133	-38.3396214636089
			66.6397956573655	-38.3396214636089
			66.6793210403177	-38.379146846561
			66.7188464232699	-38.4186722295132
			66.758371806222	-38.4186722295132
			66.7978971891742	-38.4581976124654
			66.8374225721264	-38.4977229954176
			66.8769479550785	-38.4977229954176
			66.9164733380307	-38.5372483783697
			66.9559987209829	-38.5767737613219
			66.9955241039351	-38.5767737613219
			67.0350494868872	-38.6162991442741
			67.0745748698394	-38.6558245272263
			67.1141002527916	-38.6558245272263
			67.1536256357438	-38.6953499101784
			67.1931510186959	-38.7348752931306
			67.2326764016481	-38.7348752931306
			67.2722017846003	-38.7744006760828
			67.3117271675525	-38.7744006760828
			67.3512525505046	-38.8139260590349
			67.3907779334568	-38.8534514419871
			67.430303316409	-38.8534514419871
			67.4698286993612	-38.8929768249393
			67.5093540823133	-38.9325022078915
			67.5488794652655	-38.9325022078915
			67.5884048482177	-38.9720275908436
			67.6279302311699	-38.9720275908436
			67.667455614122	-39.0115529737958
			67.667455614122	-39.051078356748
			67.7069809970742	-39.051078356748
			67.7465063800264	-39.0906037397002
			67.7860317629786	-39.0906037397002
			67.8255571459307	-39.1301291226523
			67.8650825288829	-39.1696545056045
			67.9046079118351	-39.1696545056045
			67.9441332947872	-39.2091798885567
			67.9836586777394	-39.2091798885567
			68.0231840606916	-39.2487052715089
			68.0231840606916	-39.288230654461
			68.0627094436438	-39.288230654461
			68.1022348265959	-39.3277560374132
			68.1417602095481	-39.3277560374132
			68.1812855925003	-39.3672814203654
			68.2208109754525	-39.4068068033176
			68.2603363584046	-39.4068068033176
			68.2603363584046	-39.4463321862697
			68.2998617413568	-39.4463321862697
			68.339387124309	-39.4858575692219
			68.3789125072612	-39.4858575692219
			68.4184378902133	-39.5253829521741
			68.4579632731655	-39.5649083351263
			68.4974886561177	-39.6044337180784
			68.5370140390699	-39.6044337180784
			68.576539422022	-39.6439591010306
			68.6160648049742	-39.6834844839828
			68.6555901879264	-39.6834844839828
			68.6951155708786	-39.723009866935
			68.7346409538307	-39.7625352498871
			68.7741663367829	-39.7625352498871
			68.8136917197351	-39.8020606328393
			68.8532171026873	-39.8415860157915
			68.8927424856394	-39.8415860157915
			68.9322678685916	-39.8811113987436
			68.9717932515438	-39.9206367816958
			69.011318634496	-39.960162164648
			69.0508440174481	-39.9996875476002
			69.0903694004003	-39.9996875476002
			69.1298947833525	-39.9996875476002
			69.1298947833525	-40.0392129305523
			69.1694201663046	-40.0392129305523
			69.2089455492568	-40.0787383135045
			69.248470932209	-40.1182636964567
			69.2879963151612	-40.1182636964567
			69.3275216981133	-40.1577890794089
			69.3670470810655	-40.197314462361
			69.4065724640177	-40.197314462361
			69.4460978469699	-40.2368398453132
			69.485623229922	-40.2763652282654
			69.5251486128742	-40.3158906112176
			69.5646739958264	-40.3158906112176
			69.6041993787786	-40.3554159941697
			69.6437247617307	-40.3949413771219
			69.6832501446829	-40.3949413771219
			69.6832501446829	-40.4344667600741
			69.7227755276351	-40.4344667600741
			69.7623009105873	-40.4739921430263
			69.8018262935394	-40.5135175259784
			69.8413516764916	-40.5135175259784
			69.8413516764916	-40.5530429089306
			69.8808770594438	-40.5530429089306
			69.920402442396	-40.5925682918828
			69.9599278253481	-40.5925682918828
			69.9994532083003	-40.632093674835
			70.0389785912525	-40.6716190577871
			70.0785039742047	-40.7111444407393
			70.1180293571568	-40.7111444407393
			70.157554740109	-40.7506698236915
			70.1970801230612	-40.7506698236915
			70.2366055060133	-40.7901952066437
			70.2761308889655	-40.8297205895958
			70.3156562719177	-40.8297205895958
			70.3156562719177	-40.869245972548
			70.3551816548699	-40.869245972548
			70.394707037822	-40.9087713555002
			70.4342324207742	-40.9087713555002
			70.4737578037264	-40.9482967384523
			70.5132831866786	-40.9482967384523
			70.5132831866786	-40.9878221214045
			70.5528085696307	-40.9878221214045
			70.5923339525829	-41.0273475043567
			70.6318593355351	-41.0273475043567
			70.6713847184873	-41.0668728873089
			70.7109101014394	-41.106398270261
			70.7504354843916	-41.1459236532132
			70.7899608673438	-41.1459236532132
			70.829486250296	-41.1854490361654
			70.8690116332481	-41.2249744191176
			70.9085370162003	-41.2249744191176
			70.9480623991525	-41.2644998020697
			70.9875877821047	-41.2644998020697
			71.0271131650568	-41.3040251850219
			71.066638548009	-41.3435505679741
			71.1061639309612	-41.3435505679741
			71.1456893139134	-41.3830759509263
			71.1852146968655	-41.4226013338784
			71.2247400798177	-41.4226013338784
			71.2642654627699	-41.4621267168306
			71.303790845722	-41.5016520997828
			71.3433162286742	-41.5016520997828
			71.3433162286742	-41.541177482735
			71.3828416116264	-41.5807028656871
			71.4223669945786	-41.5807028656871
			71.4618923775307	-41.6202282486393
			71.5014177604829	-41.6597536315915
			71.5409431434351	-41.6597536315915
			71.5804685263873	-41.6992790145437
			71.6199939093394	-41.7388043974958
			71.6595192922916	-41.7388043974958
			71.6990446752438	-41.778329780448
			71.738570058196	-41.778329780448
			71.7780954411481	-41.8178551634002
			71.8176208241003	-41.8573805463524
			71.8571462070525	-41.8969059293045
			71.8966715900047	-41.9364313122567
			71.9361969729568	-41.9759566952089
			71.975722355909	-41.9759566952089
			72.0152477388612	-42.015482078161
			72.0547731218134	-42.0550074611132
			72.0942985047655	-42.0550074611132
			72.1338238877177	-42.0945328440654
			72.1733492706699	-42.1340582270176
			72.2128746536221	-42.1340582270176
			72.2128746536221	-42.1735836099697
			72.2524000365742	-42.1735836099697
			72.2919254195264	-42.2131089929219
			72.3314508024786	-42.2131089929219
			72.3314508024786	-42.2526343758741
			72.3709761854307	-42.2921597588263
			72.4105015683829	-42.2921597588263
			72.4105015683829	-42.3316851417784
			72.4500269513351	-42.3316851417784
			72.4895523342873	-42.3712105247306
			72.5290777172394	-42.3712105247306
			72.5290777172394	-42.4107359076828
			72.5686031001916	-42.450261290635
			72.6081284831438	-42.450261290635
			72.647653866096	-42.4897866735871
			72.6871792490481	-42.5293120565393
			72.7267046320003	-42.5688374394915
			72.7662300149525	-42.6083628224437
			72.8057553979047	-42.6083628224437
			72.8452807808568	-42.6478882053958
			72.884806163809	-42.687413588348
			72.9243315467612	-42.687413588348
			72.9638569297134	-42.7269389713002
			72.9638569297134	-42.7664643542524
			73.0033823126655	-42.7664643542524
			73.0429076956177	-42.8059897372045
			73.0824330785699	-42.8455151201567
			73.1219584615221	-42.8455151201567
			73.1219584615221	-42.8850405031089
			73.1614838444742	-42.9245658860611
			73.2010092274264	-42.9640912690132
			73.2405346103786	-42.9640912690132
			73.2800599933307	-43.0036166519654
			73.3195853762829	-43.0431420349176
			73.3591107592351	-43.0826674178698
			73.3986361421873	-43.1221928008219
			73.4381615251394	-43.1617181837741
			73.4776869080916	-43.1617181837741
			73.5172122910438	-43.2012435667263
			73.556737673996	-43.2407689496784
			73.5962630569481	-43.2802943326306
			73.6357884399003	-43.3198197155828
			73.6753138228525	-43.359345098535
			73.7148392058047	-43.359345098535
			73.7543645887568	-43.3988704814871
			73.7543645887568	-43.4383958644393
			73.793889971709	-43.4779212473915
			73.8334153546612	-43.5174466303437
			73.8729407376134	-43.5569720132958
			73.9124661205655	-43.5569720132958
			73.9519915035177	-43.596497396248
			73.9915168864699	-43.6360227792002
			74.0310422694221	-43.6755481621524
			74.0705676523742	-43.7150735451045
			74.0705676523742	-43.7545989280567
			74.1100930353264	-43.7545989280567
			74.1496184182786	-43.7941243110089
			74.1891438012308	-43.8336496939611
			74.2286691841829	-43.8731750769132
			74.2681945671351	-43.9127004598654
			74.3077199500873	-43.9522258428176
			74.3472453330394	-43.9917512257698
			74.3867707159916	-44.0312766087219
			74.4262960989438	-44.0708019916741
			74.465821481896	-44.1103273746263
			74.5053468648481	-44.1498527575785
			74.5448722478003	-44.1498527575785
			74.5843976307525	-44.1893781405306
			74.6239230137047	-44.2289035234828
			74.6634483966568	-44.268428906435
			74.702973779609	-44.3079542893871
			74.7424991625612	-44.3474796723393
			74.7820245455134	-44.3474796723393
			74.8215499284655	-44.3870050552915
			74.8610753114177	-44.4265304382437
			74.9006006943699	-44.4660558211958
			74.9401260773221	-44.4660558211958
			74.9796514602742	-44.505581204148
			75.0191768432264	-44.5451065871002
			75.0191768432264	-44.5846319700524
			75.0587022261786	-44.6241573530045
			75.0982276091308	-44.6241573530045
			75.1377529920829	-44.6636827359567
			75.1772783750351	-44.7032081189089
			75.2168037579873	-44.7427335018611
			75.2563291409394	-44.7427335018611
			75.2958545238916	-44.7822588848132
			75.2958545238916	-44.8217842677654
			75.3353799068438	-44.8217842677654
			75.374905289796	-44.8613096507176
			75.4144306727481	-44.9008350336698
			75.4539560557003	-44.9403604166219
			75.4934814386525	-44.9403604166219
			75.5330068216047	-44.9798857995741
			75.5330068216047	-45.0194111825263
			75.5725322045568	-45.0194111825263
			75.612057587509	-45.0589365654785
			75.6515829704612	-45.0984619484306
			75.6911083534134	-45.1379873313828
			75.7306337363655	-45.177512714335
			75.7701591193177	-45.2170380972872
			75.8096845022699	-45.2565634802393
			75.8492098852221	-45.2565634802393
			75.8887352681742	-45.2960888631915
			75.9282606511264	-45.3356142461437
			75.9677860340786	-45.3751396290958
			76.0073114170308	-45.3751396290958
			76.0468367999829	-45.414665012048
			76.0468367999829	-45.4541903950002
			76.0863621829351	-45.4937157779524
			76.1258875658873	-45.4937157779524
			76.1654129488394	-45.5332411609045
			76.2049383317916	-45.5727665438567
			76.2444637147438	-45.6122919268089
			76.283989097696	-45.6122919268089
			76.283989097696	-45.6518173097611
			76.3235144806481	-45.6913426927132
			76.3630398636003	-45.7308680756654
			76.4025652465525	-45.7308680756654
			76.4420906295047	-45.7703934586176
			76.4816160124568	-45.8099188415698
			76.521141395409	-45.8494442245219
			76.5606667783612	-45.8889696074741
			76.6001921613134	-45.9284949904263
			76.6397175442655	-45.9284949904263
			76.6792429272177	-45.9680203733785
			76.7187683101699	-46.0075457563306
			76.7582936931221	-46.0470711392828
			76.7582936931221	-46.086596522235
			76.7978190760742	-46.086596522235
			76.8373444590264	-46.1261219051872
			76.8768698419786	-46.1656472881393
			76.9163952249308	-46.1656472881393
			76.9559206078829	-46.2051726710915
			76.9559206078829	-46.2446980540437
			76.9954459908351	-46.2842234369958
			77.0349713737873	-46.2842234369958
			77.0744967567395	-46.323748819948
			77.1140221396916	-46.3632742029002
			77.1535475226438	-46.4027995858524
			77.193072905596	-46.4423249688045
			77.2325982885481	-46.4423249688045
			77.2721236715003	-46.4818503517567
			77.3116490544525	-46.5213757347089
			77.3116490544525	-46.5609011176611
			77.3511744374047	-46.5609011176611
			77.3906998203568	-46.6004265006132
			77.430225203309	-46.6399518835654
			77.4697505862612	-46.6794772665176
			77.5092759692134	-46.7190026494698
			77.5488013521655	-46.7585280324219
			77.5883267351177	-46.7585280324219
			77.6278521180699	-46.7980534153741
			77.6278521180699	-46.8375787983263
			77.6673775010221	-46.8771041812785
			77.7069028839742	-46.8771041812785
			77.7464282669264	-46.9166295642306
			77.7464282669264	-46.9561549471828
			77.7859536498786	-46.9561549471828
			77.8254790328308	-46.995680330135
			77.8650044157829	-47.0352057130872
			77.9045297987351	-47.0747310960393
			77.9440551816873	-47.1142564789915
			77.9835805646395	-47.1537818619437
			78.0231059475916	-47.1537818619437
			78.0626313305438	-47.1933072448959
			78.102156713496	-47.1933072448959
			78.102156713496	-47.232832627848
			78.1416820964482	-47.2723580108002
			78.1812074794003	-47.2723580108002
			78.2207328623525	-47.3118833937524
			78.2602582453047	-47.3118833937524
			78.2602582453047	-47.3514087767045
			78.2997836282568	-47.3514087767045
			78.339309011209	-47.3909341596567
			78.339309011209	-47.4304595426089
			78.3788343941612	-47.4304595426089
			78.4183597771134	-47.4699849255611
			78.4578851600655	-47.5095103085132
			78.4974105430177	-47.5490356914654
			78.5369359259699	-47.5885610744176
			78.5764613089221	-47.6280864573698
			78.6159866918742	-47.6280864573698
			78.6159866918742	-47.6676118403219
			78.6555120748264	-47.7071372232741
			78.6950374577786	-47.7071372232741
			78.6950374577786	-47.7466626062263
			78.7345628407308	-47.7861879891785
			78.7345628407308	-47.8257133721306
			78.7740882236829	-47.8257133721306
			78.8136136066351	-47.8652387550828
			78.8136136066351	-47.904764138035
			78.8531389895873	-47.904764138035
			78.8531389895873	-47.9442895209872
			78.8926643725395	-47.9838149039393
			78.8926643725395	-48.0233402868915
			78.9321897554916	-48.0233402868915
			78.9321897554916	-48.0628656698437
			78.9321897554916	-48.1023910527959
			78.9717151384438	-48.1023910527959
			78.9717151384438	-48.141916435748
			79.011240521396	-48.1814418187002
			79.011240521396	-48.2209672016524
			79.0507659043482	-48.2604925846045
			79.0507659043482	-48.3000179675567
			79.0507659043482	-48.3395433505089
			79.0902912873003	-48.3790687334611
			79.0902912873003	-48.4185941164132
		</c1>
		<c2 type=matrix rownames=FALSE colnames=FALSE nrow=1019 ncol=2 as.numeric=TRUE >
			79.0902912873003	-48.4185941164132
			79.0507659043482	-48.4185941164132
			79.0507659043482	-48.4581194993654
			79.011240521396	-48.4581194993654
			78.9717151384438	-48.4581194993654
			78.9321897554916	-48.4976448823176
			78.8926643725395	-48.4976448823176
			78.8531389895873	-48.4976448823176
			78.8136136066351	-48.4976448823176
			78.7740882236829	-48.5371702652698
			78.7345628407308	-48.5371702652698
			78.6950374577786	-48.5371702652698
			78.6555120748264	-48.5371702652698
			78.6159866918742	-48.5371702652698
			78.5764613089221	-48.5371702652698
			78.5369359259699	-48.4976448823176
			78.4974105430177	-48.4976448823176
			78.4578851600655	-48.4976448823176
			78.4183597771134	-48.4976448823176
			78.3788343941612	-48.4976448823176
			78.339309011209	-48.4976448823176
			78.2997836282568	-48.4581194993654
			78.2602582453047	-48.4581194993654
			78.2207328623525	-48.4581194993654
			78.1812074794003	-48.4185941164132
			78.1416820964482	-48.4185941164132
			78.102156713496	-48.4185941164132
			78.0626313305438	-48.3790687334611
			78.0231059475916	-48.3790687334611
			77.9835805646395	-48.3790687334611
			77.9440551816873	-48.3395433505089
			77.9045297987351	-48.3395433505089
			77.8650044157829	-48.3000179675567
			77.8254790328308	-48.3000179675567
			77.7859536498786	-48.3000179675567
			77.7464282669264	-48.2604925846045
			77.7069028839742	-48.2209672016524
			77.6673775010221	-48.2209672016524
			77.6278521180699	-48.2209672016524
			77.5883267351177	-48.1814418187002
			77.5488013521655	-48.1814418187002
			77.5488013521655	-48.141916435748
			77.5092759692134	-48.141916435748
			77.4697505862612	-48.1023910527959
			77.430225203309	-48.1023910527959
			77.3906998203568	-48.0628656698437
			77.3511744374047	-48.0233402868915
			77.3116490544525	-48.0233402868915
			77.2721236715003	-47.9838149039393
			77.2325982885481	-47.9838149039393
			77.193072905596	-47.9442895209872
			77.1535475226438	-47.9838149039393
			77.1140221396916	-48.0233402868915
			77.0744967567395	-48.0233402868915
			77.0349713737873	-48.0233402868915
			76.9954459908351	-48.0628656698437
			76.9559206078829	-48.0628656698437
			76.9163952249308	-48.1023910527959
			76.8768698419786	-48.141916435748
			76.8373444590264	-48.141916435748
			76.7978190760742	-48.1814418187002
			76.7582936931221	-48.1814418187002
			76.7187683101699	-48.2209672016524
			76.6792429272177	-48.2209672016524
			76.6397175442655	-48.2604925846045
			76.6001921613134	-48.2604925846045
			76.5606667783612	-48.2604925846045
			76.521141395409	-48.3000179675567
			76.4816160124568	-48.3000179675567
			76.4420906295047	-48.3395433505089
			76.4025652465525	-48.3395433505089
			76.3630398636003	-48.3395433505089
			76.3235144806481	-48.3790687334611
			76.283989097696	-48.3790687334611
			76.2444637147438	-48.3790687334611
			76.2049383317916	-48.4185941164132
			76.1654129488394	-48.4185941164132
			76.1258875658873	-48.4185941164132
			76.0863621829351	-48.4581194993654
			76.0468367999829	-48.4581194993654
			76.0073114170308	-48.4976448823176
			75.9677860340786	-48.4976448823176
			75.9282606511264	-48.4976448823176
			75.8887352681742	-48.4976448823176
			75.8492098852221	-48.4976448823176
			75.8096845022699	-48.5371702652698
			75.7701591193177	-48.5371702652698
			75.7306337363655	-48.5371702652698
			75.6911083534134	-48.5371702652698
			75.6515829704612	-48.5371702652698
			75.612057587509	-48.5766956482219
			75.5725322045568	-48.5766956482219
			75.5330068216047	-48.5766956482219
			75.4934814386525	-48.5766956482219
			75.4539560557003	-48.5766956482219
			75.4144306727481	-48.5766956482219
			75.374905289796	-48.5766956482219
			75.3353799068438	-48.5766956482219
			75.2958545238916	-48.5766956482219
			75.2563291409394	-48.5766956482219
			75.2168037579873	-48.5766956482219
			75.1772783750351	-48.5766956482219
			75.1377529920829	-48.5766956482219
			75.0982276091308	-48.5766956482219
			75.0587022261786	-48.5766956482219
			75.0191768432264	-48.5766956482219
			74.9796514602742	-48.5766956482219
			74.9401260773221	-48.5766956482219
			74.9006006943699	-48.5766956482219
			74.8610753114177	-48.5766956482219
			74.8215499284655	-48.5766956482219
			74.7820245455134	-48.5766956482219
			74.7424991625612	-48.5766956482219
			74.702973779609	-48.5766956482219
			74.6634483966568	-48.5766956482219
			74.6239230137047	-48.5371702652698
			74.5843976307525	-48.5371702652698
			74.5448722478003	-48.5371702652698
			74.5053468648481	-48.5371702652698
			74.465821481896	-48.4976448823176
			74.4262960989438	-48.4976448823176
			74.3867707159916	-48.4976448823176
			74.3472453330394	-48.4976448823176
			74.3077199500873	-48.4581194993654
			74.2681945671351	-48.4581194993654
			74.2286691841829	-48.4581194993654
			74.1891438012308	-48.4581194993654
			74.1496184182786	-48.4185941164132
			74.1100930353264	-48.4185941164132
			74.0705676523742	-48.4185941164132
			74.0310422694221	-48.3790687334611
			73.9915168864699	-48.3790687334611
			73.9519915035177	-48.3395433505089
			73.9124661205655	-48.3395433505089
			73.8729407376134	-48.3395433505089
			73.8334153546612	-48.3000179675567
			73.793889971709	-48.3000179675567
			73.7543645887568	-48.2604925846045
			73.7148392058047	-48.2209672016524
			73.6753138228525	-48.2209672016524
			73.6357884399003	-48.2604925846045
			73.5962630569481	-48.3000179675567
			73.556737673996	-48.3000179675567
			73.5172122910438	-48.3395433505089
			73.4776869080916	-48.3790687334611
			73.4381615251394	-48.4185941164132
			73.3986361421873	-48.4185941164132
			73.3591107592351	-48.4581194993654
			73.3195853762829	-48.4581194993654
			73.2800599933307	-48.4976448823176
			73.2405346103786	-48.4976448823176
			73.2010092274264	-48.5371702652698
			73.1614838444742	-48.5371702652698
			73.1219584615221	-48.5766956482219
			73.0824330785699	-48.5766956482219
			73.0429076956177	-48.6162210311741
			73.0033823126655	-48.6162210311741
			72.9638569297134	-48.6162210311741
			72.9243315467612	-48.6557464141263
			72.884806163809	-48.6557464141263
			72.8452807808568	-48.6952717970785
			72.8057553979047	-48.6952717970785
			72.7662300149525	-48.6952717970785
			72.7267046320003	-48.6952717970785
			72.7267046320003	-48.7347971800306
			72.6871792490481	-48.7347971800306
			72.647653866096	-48.7347971800306
			72.6081284831438	-48.7347971800306
			72.5686031001916	-48.7347971800306
			72.5290777172394	-48.7743225629828
			72.4895523342873	-48.7743225629828
			72.4500269513351	-48.7743225629828
			72.4105015683829	-48.7743225629828
			72.3709761854307	-48.7743225629828
			72.3314508024786	-48.813847945935
			72.2919254195264	-48.813847945935
			72.2524000365742	-48.813847945935
			72.2128746536221	-48.813847945935
			72.1733492706699	-48.813847945935
			72.1338238877177	-48.813847945935
			72.0942985047655	-48.813847945935
			72.0547731218134	-48.8533733288872
			72.0152477388612	-48.8533733288872
			71.975722355909	-48.8533733288872
			71.9361969729568	-48.8533733288872
			71.8966715900047	-48.8533733288872
			71.8571462070525	-48.8533733288872
			71.8176208241003	-48.8533733288872
			71.7780954411481	-48.8533733288872
			71.738570058196	-48.8533733288872
			71.6990446752438	-48.8533733288872
			71.6595192922916	-48.8533733288872
			71.6199939093394	-48.8533733288872
			71.5804685263873	-48.8533733288872
			71.5409431434351	-48.8533733288872
			71.5014177604829	-48.8533733288872
			71.4618923775307	-48.8533733288872
			71.4223669945786	-48.8533733288872
			71.3828416116264	-48.8533733288872
			71.3433162286742	-48.8533733288872
			71.303790845722	-48.8533733288872
			71.2642654627699	-48.8533733288872
			71.2247400798177	-48.8533733288872
			71.1852146968655	-48.8533733288872
			71.1456893139134	-48.8533733288872
			71.1061639309612	-48.813847945935
			71.066638548009	-48.813847945935
			71.0271131650568	-48.813847945935
			70.9875877821047	-48.813847945935
			70.9480623991525	-48.813847945935
			70.9085370162003	-48.813847945935
			70.8690116332481	-48.813847945935
			70.829486250296	-48.813847945935
			70.7899608673438	-48.813847945935
			70.7504354843916	-48.7743225629828
			70.7109101014394	-48.7743225629828
			70.6713847184873	-48.7743225629828
			70.6318593355351	-48.7743225629828
			70.5923339525829	-48.7743225629828
			70.5528085696307	-48.7743225629828
			70.5132831866786	-48.7743225629828
			70.4737578037264	-48.7347971800306
			70.4342324207742	-48.7347971800306
			70.394707037822	-48.7347971800306
			70.3551816548699	-48.7347971800306
			70.3156562719177	-48.7347971800306
			70.2761308889655	-48.7347971800306
			70.2366055060133	-48.6952717970785
			70.1970801230612	-48.6952717970785
			70.157554740109	-48.6952717970785
			70.1180293571568	-48.6952717970785
			70.0785039742047	-48.6952717970785
			70.0389785912525	-48.7347971800306
			69.9994532083003	-48.7347971800306
			69.9599278253481	-48.7347971800306
			69.920402442396	-48.7347971800306
			69.8808770594438	-48.7347971800306
			69.8413516764916	-48.7743225629828
			69.8018262935394	-48.7743225629828
			69.7623009105873	-48.7743225629828
			69.7227755276351	-48.7743225629828
			69.6832501446829	-48.7743225629828
			69.6437247617307	-48.7743225629828
			69.6041993787786	-48.813847945935
			69.5646739958264	-48.813847945935
			69.5251486128742	-48.813847945935
			69.485623229922	-48.813847945935
			69.4460978469699	-48.813847945935
			69.4065724640177	-48.813847945935
			69.3670470810655	-48.813847945935
			69.3670470810655	-48.8533733288872
			69.3275216981133	-48.8533733288872
			69.2879963151612	-48.8533733288872
			69.248470932209	-48.8533733288872
			69.2089455492568	-48.8533733288872
			69.1694201663046	-48.8533733288872
			69.1298947833525	-48.8533733288872
			69.0903694004003	-48.8533733288872
			69.0508440174481	-48.8533733288872
			69.011318634496	-48.8533733288872
			68.9717932515438	-48.8928987118393
			68.9322678685916	-48.8928987118393
			68.8927424856394	-48.8928987118393
			68.8532171026873	-48.8928987118393
			68.8136917197351	-48.8928987118393
			68.7741663367829	-48.8928987118393
			68.7346409538307	-48.8928987118393
			68.6951155708786	-48.8928987118393
			68.6555901879264	-48.8928987118393
			68.6160648049742	-48.8928987118393
			68.576539422022	-48.8928987118393
			68.5370140390699	-48.8928987118393
			68.4974886561177	-48.8928987118393
			68.4579632731655	-48.8928987118393
			68.4184378902133	-48.8928987118393
			68.3789125072612	-48.8928987118393
			68.339387124309	-48.8928987118393
			68.2998617413568	-48.8928987118393
			68.2603363584046	-48.8928987118393
			68.2208109754525	-48.8928987118393
			68.1812855925003	-48.8928987118393
			68.1417602095481	-48.8928987118393
			68.1022348265959	-48.8928987118393
			68.0627094436438	-48.8928987118393
			68.0231840606916	-48.8928987118393
			67.9836586777394	-48.8928987118393
			67.9441332947872	-48.8928987118393
			67.9046079118351	-48.8928987118393
			67.8650825288829	-48.8928987118393
			67.8255571459307	-48.8928987118393
			67.7860317629786	-48.8928987118393
			67.7465063800264	-48.8928987118393
			67.7069809970742	-48.8928987118393
			67.667455614122	-48.8928987118393
			67.6279302311699	-48.8928987118393
			67.5884048482177	-48.8928987118393
			67.5488794652655	-48.8928987118393
			67.5093540823133	-48.8533733288872
			67.4698286993612	-48.8533733288872
			67.430303316409	-48.8533733288872
			67.3907779334568	-48.8533733288872
			67.3512525505046	-48.8533733288872
			67.3117271675525	-48.8533733288872
			67.2722017846003	-48.8533733288872
			67.2326764016481	-48.8533733288872
			67.1931510186959	-48.813847945935
			67.1536256357438	-48.813847945935
			67.1141002527916	-48.813847945935
			67.0745748698394	-48.813847945935
			67.0350494868872	-48.813847945935
			66.9955241039351	-48.813847945935
			66.9559987209829	-48.813847945935
			66.9164733380307	-48.7743225629828
			66.8769479550785	-48.7743225629828
			66.8374225721264	-48.7743225629828
			66.7978971891742	-48.7743225629828
			66.758371806222	-48.7743225629828
			66.7188464232699	-48.7743225629828
			66.6793210403177	-48.7347971800306
			66.6397956573655	-48.7347971800306
			66.6002702744133	-48.7347971800306
			66.5607448914612	-48.7347971800306
			66.521219508509	-48.6952717970785
			66.4816941255568	-48.6952717970785
			66.4421687426046	-48.6952717970785
			66.4026433596525	-48.6952717970785
			66.3631179767003	-48.6952717970785
			66.3235925937481	-48.6557464141263
			66.2840672107959	-48.6557464141263
			66.2445418278438	-48.6557464141263
			66.2050164448916	-48.6557464141263
			66.1654910619394	-48.6162210311741
			66.1259656789872	-48.6162210311741
			66.0864402960351	-48.6162210311741
			66.0469149130829	-48.6162210311741
			66.0073895301307	-48.5766956482219
			65.9678641471785	-48.5766956482219
			65.9283387642264	-48.5766956482219
			65.8888133812742	-48.5371702652698
			65.849287998322	-48.5371702652698
			65.8097626153698	-48.5371702652698
			65.7702372324177	-48.4976448823176
			65.7307118494655	-48.4976448823176
			65.6911864665133	-48.4976448823176
			65.6516610835612	-48.4976448823176
			65.6516610835612	-48.4581194993654
			65.612135700609	-48.4581194993654
			65.5726103176568	-48.4581194993654
			65.5330849347046	-48.4976448823176
			65.4935595517525	-48.4976448823176
			65.4540341688003	-48.4976448823176
			65.4145087858481	-48.4976448823176
			65.3749834028959	-48.5371702652698
			65.3354580199438	-48.5371702652698
			65.2959326369916	-48.5371702652698
			65.2564072540394	-48.5371702652698
			65.2168818710872	-48.5766956482219
			65.1773564881351	-48.5766956482219
			65.1378311051829	-48.5766956482219
			65.0983057222307	-48.5766956482219
			65.0587803392785	-48.5766956482219
			65.0192549563264	-48.6162210311741
			64.9797295733742	-48.6162210311741
			64.940204190422	-48.6162210311741
			64.9006788074698	-48.6162210311741
			64.8611534245177	-48.6557464141263
			64.8216280415655	-48.6557464141263
			64.7821026586133	-48.6557464141263
			64.7425772756611	-48.6557464141263
			64.703051892709	-48.6557464141263
			64.6635265097568	-48.6952717970785
			64.6240011268046	-48.6952717970785
			64.5844757438525	-48.6952717970785
			64.5449503609003	-48.6952717970785
			64.5054249779481	-48.6952717970785
			64.4658995949959	-48.6952717970785
			64.4263742120438	-48.7347971800306
			64.3868488290916	-48.7347971800306
			64.3473234461394	-48.7347971800306
			64.3077980631872	-48.7347971800306
			64.2682726802351	-48.7347971800306
			64.2287472972829	-48.7347971800306
			64.1892219143307	-48.7347971800306
			64.1496965313785	-48.7743225629828
			64.1101711484264	-48.7743225629828
			64.0706457654742	-48.7743225629828
			64.031120382522	-48.7743225629828
			63.9915949995698	-48.7743225629828
			63.9520696166177	-48.7743225629828
			63.9125442336655	-48.7743225629828
			63.8730188507133	-48.813847945935
			63.8334934677611	-48.813847945935
			63.793968084809	-48.813847945935
			63.7544427018568	-48.813847945935
			63.7149173189046	-48.813847945935
			63.6753919359524	-48.813847945935
			63.6358665530003	-48.813847945935
			63.5963411700481	-48.813847945935
			63.5568157870959	-48.813847945935
			63.5172904041438	-48.813847945935
			63.4777650211916	-48.8533733288872
			63.4382396382394	-48.8533733288872
			63.3987142552872	-48.8533733288872
			63.3591888723351	-48.8533733288872
			63.3196634893829	-48.8533733288872
			63.2801381064307	-48.8533733288872
			63.2406127234785	-48.8533733288872
			63.2010873405264	-48.8533733288872
			63.1615619575742	-48.8533733288872
			63.122036574622	-48.8533733288872
			63.0825111916698	-48.8533733288872
			63.0429858087177	-48.8533733288872
			63.0034604257655	-48.8533733288872
			62.9639350428133	-48.8533733288872
			62.9244096598611	-48.8533733288872
			62.884884276909	-48.8533733288872
			62.8453588939568	-48.8533733288872
			62.8058335110046	-48.8533733288872
			62.7663081280524	-48.8533733288872
			62.7267827451003	-48.8533733288872
			62.6872573621481	-48.8533733288872
			62.6477319791959	-48.8533733288872
			62.6082065962437	-48.8533733288872
			62.5686812132916	-48.8533733288872
			62.5291558303394	-48.8533733288872
			62.4896304473872	-48.8533733288872
			62.450105064435	-48.8533733288872
			62.4105796814829	-48.8533733288872
			62.3710542985307	-48.8533733288872
			62.3315289155785	-48.8533733288872
			62.2920035326264	-48.8533733288872
			62.2524781496742	-48.8533733288872
			62.212952766722	-48.8533733288872
			62.1734273837698	-48.8533733288872
			62.1339020008177	-48.8533733288872
			62.0943766178655	-48.813847945935
			62.0548512349133	-48.813847945935
			62.0153258519611	-48.813847945935
			61.975800469009	-48.813847945935
			61.9362750860568	-48.813847945935
			61.8967497031046	-48.813847945935
			61.8572243201524	-48.813847945935
			61.8176989372003	-48.813847945935
			61.7781735542481	-48.813847945935
			61.7386481712959	-48.813847945935
			61.6991227883437	-48.7743225629828
			61.6595974053916	-48.7743225629828
			61.6200720224394	-48.7743225629828
			61.5805466394872	-48.7743225629828
			61.541021256535	-48.7743225629828
			61.5014958735829	-48.7743225629828
			61.4619704906307	-48.7743225629828
			61.4224451076785	-48.7743225629828
			61.3829197247263	-48.7743225629828
			61.3433943417742	-48.7743225629828
			61.303868958822	-48.813847945935
			61.2643435758698	-48.813847945935
			61.2248181929177	-48.813847945935
			61.1852928099655	-48.813847945935
			61.1457674270133	-48.813847945935
			61.1062420440611	-48.813847945935
			61.066716661109	-48.813847945935
			61.0271912781568	-48.813847945935
			60.9876658952046	-48.813847945935
			60.9481405122524	-48.813847945935
			60.9086151293003	-48.813847945935
			60.8690897463481	-48.813847945935
			60.8295643633959	-48.813847945935
			60.7900389804437	-48.813847945935
			60.7505135974916	-48.813847945935
			60.7109882145394	-48.813847945935
			60.6714628315872	-48.813847945935
			60.631937448635	-48.813847945935
			60.5924120656829	-48.813847945935
			60.5528866827307	-48.813847945935
			60.5133612997785	-48.813847945935
			60.4738359168263	-48.813847945935
			60.4343105338742	-48.813847945935
			60.394785150922	-48.813847945935
			60.3552597679698	-48.813847945935
			60.3157343850176	-48.813847945935
			60.2762090020655	-48.813847945935
			60.2366836191133	-48.813847945935
			60.1971582361611	-48.813847945935
			60.157632853209	-48.813847945935
			60.1181074702568	-48.813847945935
			60.0785820873046	-48.813847945935
			60.0390567043524	-48.813847945935
			59.9995313214003	-48.813847945935
			59.9600059384481	-48.813847945935
			59.9204805554959	-48.813847945935
			59.8809551725437	-48.813847945935
			59.8414297895916	-48.813847945935
			59.8019044066394	-48.813847945935
			59.7623790236872	-48.813847945935
			59.722853640735	-48.813847945935
			59.6833282577829	-48.813847945935
			59.6438028748307	-48.813847945935
			59.6042774918785	-48.813847945935
			59.5647521089263	-48.7743225629828
			59.5252267259742	-48.7743225629828
			59.485701343022	-48.7743225629828
			59.4461759600698	-48.7743225629828
			59.4066505771176	-48.7743225629828
			59.3671251941655	-48.7743225629828
			59.3275998112133	-48.7743225629828
			59.2880744282611	-48.7743225629828
			59.2485490453089	-48.7743225629828
			59.2090236623568	-48.7743225629828
			59.1694982794046	-48.7347971800306
			59.1299728964524	-48.7347971800306
			59.0904475135003	-48.7347971800306
			59.0509221305481	-48.7347971800306
			59.0113967475959	-48.7347971800306
			58.9718713646437	-48.7347971800306
			58.9323459816916	-48.7347971800306
			58.8928205987394	-48.7347971800306
			58.8532952157872	-48.6952717970785
			58.813769832835	-48.6952717970785
			58.7742444498829	-48.6952717970785
			58.7347190669307	-48.6952717970785
			58.6951936839785	-48.6952717970785
			58.6556683010263	-48.6952717970785
			58.6161429180742	-48.6952717970785
			58.576617535122	-48.6557464141263
			58.5370921521698	-48.6557464141263
			58.4975667692176	-48.6557464141263
			58.4580413862655	-48.6557464141263
			58.4185160033133	-48.6557464141263
			58.3789906203611	-48.6557464141263
			58.3394652374089	-48.6162210311741
			58.2999398544568	-48.6162210311741
			58.2604144715046	-48.6162210311741
			58.2208890885524	-48.6162210311741
			58.1813637056002	-48.5766956482219
			58.1418383226481	-48.5766956482219
			58.1023129396959	-48.5766956482219
			58.0627875567437	-48.5766956482219
			58.0232621737916	-48.5766956482219
			57.9837367908394	-48.5766956482219
			57.9837367908394	-48.5371702652698
			57.9442114078872	-48.5371702652698
			57.904686024935	-48.5371702652698
			57.8651606419829	-48.5371702652698
			57.8256352590307	-48.5371702652698
			57.8256352590307	-48.4976448823176
			57.7861098760785	-48.4976448823176
			57.7465844931263	-48.4976448823176
			57.7070591101742	-48.4976448823176
			57.667533727222	-48.4976448823176
			57.667533727222	-48.4581194993654
			57.6280083442698	-48.4581194993654
			57.5884829613176	-48.4581194993654
			57.5489575783655	-48.4581194993654
			57.5094321954133	-48.4185941164132
			57.4699068124611	-48.4185941164132
			57.4303814295089	-48.4185941164132
			57.3908560465568	-48.3790687334611
			57.3513306636046	-48.3790687334611
			57.3118052806524	-48.3790687334611
			57.2722798977002	-48.3790687334611
			57.2327545147481	-48.3395433505089
			57.1932291317959	-48.3395433505089
			57.1537037488437	-48.3395433505089
			57.1141783658915	-48.3000179675567
			57.0746529829394	-48.3000179675567
			57.0351275999872	-48.3000179675567
			56.995602217035	-48.2604925846045
			56.9560768340829	-48.2604925846045
			56.9165514511307	-48.2209672016524
			56.8770260681785	-48.2209672016524
			56.8375006852263	-48.2209672016524
			56.7979753022742	-48.1814418187002
			56.758449919322	-48.1814418187002
			56.7189245363698	-48.1814418187002
			56.6793991534176	-48.141916435748
			56.6398737704655	-48.141916435748
			56.6003483875133	-48.141916435748
			56.5608230045611	-48.141916435748
			56.5212976216089	-48.141916435748
			56.4817722386568	-48.1023910527959
			56.4422468557046	-48.1023910527959
			56.4027214727524	-48.1023910527959
			56.3631960898002	-48.1023910527959
			56.3236707068481	-48.1023910527959
			56.2841453238959	-48.1023910527959
			56.2446199409437	-48.1023910527959
			56.2050945579915	-48.1023910527959
			56.1655691750394	-48.1023910527959
			56.1260437920872	-48.1023910527959
			56.1260437920872	-48.0628656698437
			56.086518409135	-48.0628656698437
			56.0469930261828	-48.0628656698437
			56.0074676432307	-48.0628656698437
			55.9679422602785	-48.0628656698437
			55.9284168773263	-48.0628656698437
			55.8888914943741	-48.0628656698437
			55.849366111422	-48.0628656698437
			55.8098407284698	-48.0628656698437
			55.7703153455176	-48.0628656698437
			55.7307899625655	-48.0628656698437
			55.6912645796133	-48.0628656698437
			55.6912645796133	-48.0233402868915
			55.6517391966611	-48.0233402868915
			55.6122138137089	-48.0233402868915
			55.5726884307568	-48.0233402868915
			55.5331630478046	-48.0233402868915
			55.4936376648524	-48.0233402868915
			55.4541122819002	-48.0233402868915
			55.4145868989481	-48.0233402868915
			55.3750615159959	-48.0233402868915
			55.3355361330437	-48.0233402868915
			55.2960107500915	-48.0233402868915
			55.2564853671394	-48.0233402868915
			55.2169599841872	-48.0233402868915
			55.177434601235	-48.0233402868915
			55.1379092182828	-47.9838149039393
			55.0983838353307	-47.9838149039393
			55.0588584523785	-47.9838149039393
			55.0193330694263	-47.9838149039393
			54.9798076864741	-47.9838149039393
			54.940282303522	-47.9838149039393
			54.9007569205698	-47.9838149039393
			54.8612315376176	-47.9838149039393
			54.8217061546654	-47.9838149039393
			54.7821807717133	-47.9838149039393
			54.7426553887611	-47.9838149039393
			54.7031300058089	-47.9838149039393
			54.6636046228568	-47.9838149039393
			54.6240792399046	-47.9838149039393
			54.5845538569524	-47.9838149039393
			54.5450284740002	-47.9838149039393
			54.5055030910481	-47.9838149039393
			54.4659777080959	-47.9838149039393
			54.4264523251437	-47.9838149039393
			54.3869269421915	-47.9838149039393
			54.3474015592394	-47.9838149039393
			54.3078761762872	-47.9838149039393
			54.268350793335	-47.9838149039393
			54.2288254103828	-47.9838149039393
			54.1893000274307	-47.9838149039393
			54.1497746444785	-47.9838149039393
			54.1102492615263	-47.9838149039393
			54.0707238785741	-47.9838149039393
			54.031198495622	-47.9838149039393
			53.9916731126698	-47.9838149039393
			53.9521477297176	-47.9838149039393
			53.9126223467654	-47.9838149039393
			53.8730969638133	-47.9838149039393
			53.8335715808611	-47.9838149039393
			53.7940461979089	-47.9838149039393
			53.7545208149567	-47.9838149039393
			53.7149954320046	-47.9838149039393
			53.6754700490524	-47.9838149039393
			53.6359446661002	-48.0233402868915
			53.5964192831481	-48.0233402868915
			53.5568939001959	-48.0233402868915
			53.5173685172437	-48.0233402868915
			53.4778431342915	-48.0233402868915
			53.4383177513394	-48.0233402868915
			53.3987923683872	-48.0233402868915
			53.359266985435	-48.0233402868915
			53.3197416024828	-48.0233402868915
			53.2802162195307	-48.0233402868915
			53.2406908365785	-48.0628656698437
			53.2011654536263	-48.0628656698437
			53.1616400706741	-48.0628656698437
			53.122114687722	-48.0628656698437
			53.0825893047698	-48.0628656698437
			53.0430639218176	-48.1023910527959
			53.0035385388654	-48.1023910527959
			52.9640131559133	-48.1023910527959
			52.9244877729611	-48.1023910527959
			52.8849623900089	-48.141916435748
			52.8454370070567	-48.141916435748
			52.8059116241046	-48.141916435748
			52.7663862411524	-48.1814418187002
			52.7268608582002	-48.1814418187002
			52.687335475248	-48.1814418187002
			52.6478100922959	-48.2209672016524
			52.6082847093437	-48.2209672016524
			52.5687593263915	-48.2604925846045
			52.5292339434394	-48.2604925846045
			52.4897085604872	-48.3000179675567
			52.450183177535	-48.3000179675567
			52.4106577945828	-48.3000179675567
			52.3711324116307	-48.3000179675567
			52.3316070286785	-48.3000179675567
			52.2920816457263	-48.3000179675567
			52.2525562627741	-48.3000179675567
			52.213030879822	-48.3000179675567
			52.1735054968698	-48.3000179675567
			52.1339801139176	-48.3395433505089
			52.0944547309654	-48.3395433505089
			52.0549293480133	-48.3395433505089
			52.0154039650611	-48.3395433505089
			51.9758785821089	-48.3395433505089
			51.9363531991567	-48.3395433505089
			51.8968278162046	-48.3395433505089
			51.8573024332524	-48.3395433505089
			51.8177770503002	-48.3395433505089
			51.778251667348	-48.3395433505089
			51.7387262843959	-48.3395433505089
			51.6992009014437	-48.3395433505089
			51.6596755184915	-48.3395433505089
			51.6201501355393	-48.3395433505089
			51.5806247525872	-48.3395433505089
			51.541099369635	-48.3395433505089
			51.5015739866828	-48.3395433505089
			51.4620486037307	-48.3395433505089
			51.4225232207785	-48.3395433505089
			51.3829978378263	-48.3395433505089
			51.3434724548741	-48.3395433505089
			51.303947071922	-48.3395433505089
			51.2644216889698	-48.3395433505089
			51.2248963060176	-48.3395433505089
			51.1853709230654	-48.3395433505089
			51.1458455401133	-48.3395433505089
			51.1063201571611	-48.3395433505089
			51.0667947742089	-48.3395433505089
			51.0272693912567	-48.3395433505089
			50.9877440083046	-48.3395433505089
			50.9482186253524	-48.3395433505089
			50.9086932424002	-48.3395433505089
			50.869167859448	-48.3395433505089
			50.8296424764959	-48.3395433505089
			50.7901170935437	-48.3395433505089
			50.7505917105915	-48.3395433505089
			50.7110663276393	-48.3395433505089
			50.6715409446872	-48.3395433505089
			50.632015561735	-48.3395433505089
			50.5924901787828	-48.3000179675567
			50.5529647958306	-48.3000179675567
			50.5134394128785	-48.3000179675567
			50.4739140299263	-48.3000179675567
			50.4343886469741	-48.3000179675567
			50.394863264022	-48.3000179675567
			50.3553378810698	-48.3000179675567
			50.3158124981176	-48.3000179675567
			50.2762871151654	-48.3000179675567
			50.2367617322133	-48.3000179675567
			50.1972363492611	-48.3000179675567
			50.1577109663089	-48.3000179675567
			50.1181855833567	-48.3000179675567
			50.0786602004046	-48.2604925846045
			50.0391348174524	-48.2604925846045
			49.9996094345002	-48.2604925846045
			49.960084051548	-48.2604925846045
			49.9205586685959	-48.2604925846045
			49.8810332856437	-48.2604925846045
			49.8415079026915	-48.2604925846045
			49.8019825197393	-48.2604925846045
			49.7624571367872	-48.2209672016524
			49.722931753835	-48.2209672016524
			49.6834063708828	-48.2209672016524
			49.6438809879306	-48.2209672016524
			49.6043556049785	-48.2209672016524
			49.5648302220263	-48.2209672016524
			49.5253048390741	-48.1814418187002
			49.4857794561219	-48.1814418187002
			49.4462540731698	-48.1814418187002
			49.4067286902176	-48.1814418187002
			49.3672033072654	-48.1814418187002
			49.3276779243132	-48.1814418187002
			49.2881525413611	-48.2209672016524
			49.2486271584089	-48.2209672016524
			49.2091017754567	-48.2209672016524
			49.1695763925046	-48.2209672016524
			49.1300510095524	-48.2209672016524
			49.0905256266002	-48.2209672016524
			49.051000243648	-48.2209672016524
			49.0114748606959	-48.2209672016524
			48.9719494777437	-48.2209672016524
			48.9324240947915	-48.2209672016524
			48.8928987118393	-48.2209672016524
			48.8533733288872	-48.2209672016524
			48.813847945935	-48.2209672016524
			48.7743225629828	-48.2209672016524
			48.7347971800306	-48.2209672016524
			48.6952717970785	-48.2209672016524
			48.6557464141263	-48.2209672016524
			48.6162210311741	-48.2209672016524
			48.5766956482219	-48.2209672016524
			48.5371702652698	-48.2209672016524
			48.4976448823176	-48.2209672016524
			48.4581194993654	-48.2209672016524
			48.4185941164132	-48.2209672016524
			48.3790687334611	-48.2209672016524
			48.3790687334611	-48.1814418187002
			48.3395433505089	-48.1814418187002
			48.3000179675567	-48.1814418187002
			48.2604925846045	-48.1814418187002
			48.2209672016524	-48.1814418187002
			48.1814418187002	-48.141916435748
			48.141916435748	-48.141916435748
			48.1023910527959	-48.141916435748
			48.0628656698437	-48.141916435748
			48.0233402868915	-48.1023910527959
			47.9838149039393	-48.1023910527959
			47.9442895209872	-48.0628656698437
			47.904764138035	-48.0628656698437
			47.8652387550828	-48.0233402868915
			47.8257133721306	-48.0233402868915
			47.7861879891785	-47.9838149039393
			47.7466626062263	-47.9838149039393
			47.7071372232741	-47.9838149039393
			47.6676118403219	-47.9838149039393
			47.6676118403219	-48.0233402868915
			47.6280864573698	-48.0233402868915
			47.5885610744176	-48.0233402868915
			47.5490356914654	-48.0233402868915
			47.5095103085132	-48.0233402868915
			47.4699849255611	-48.0233402868915
			47.4304595426089	-48.0233402868915
			47.3909341596567	-48.0233402868915
			47.3514087767045	-48.0628656698437
			47.3118833937524	-48.0628656698437
			47.2723580108002	-48.0628656698437
			47.232832627848	-48.0628656698437
			47.1933072448959	-48.0628656698437
			47.1537818619437	-48.0628656698437
			47.1142564789915	-48.0628656698437
			47.0747310960393	-48.0628656698437
			47.0352057130872	-48.1023910527959
			46.995680330135	-48.1023910527959
			46.9561549471828	-48.1023910527959
			46.9166295642306	-48.1023910527959
			46.8771041812785	-48.1023910527959
			46.8375787983263	-48.1023910527959
			46.7980534153741	-48.1023910527959
			46.7585280324219	-48.1023910527959
			46.7190026494698	-48.1023910527959
			46.6794772665176	-48.1023910527959
			46.6794772665176	-48.141916435748
			46.6399518835654	-48.141916435748
			46.6004265006132	-48.141916435748
			46.5609011176611	-48.141916435748
			46.5213757347089	-48.141916435748
			46.4818503517567	-48.141916435748
			46.4423249688045	-48.141916435748
			46.4027995858524	-48.141916435748
			46.3632742029002	-48.141916435748
			46.323748819948	-48.141916435748
			46.2842234369958	-48.141916435748
			46.2446980540437	-48.141916435748
			46.2051726710915	-48.1814418187002
			46.1656472881393	-48.1814418187002
			46.1261219051872	-48.1814418187002
			46.086596522235	-48.1814418187002
			46.0470711392828	-48.1814418187002
			46.0075457563306	-48.1814418187002
			45.9680203733785	-48.1814418187002
			45.9284949904263	-48.1814418187002
			45.8889696074741	-48.1814418187002
			45.8494442245219	-48.1814418187002
			45.8099188415698	-48.1814418187002
			45.7703934586176	-48.1814418187002
			45.7308680756654	-48.1814418187002
			45.6913426927132	-48.1814418187002
			45.6518173097611	-48.1814418187002
			45.6122919268089	-48.1814418187002
			45.5727665438567	-48.1814418187002
			45.5727665438567	-48.2209672016524
			45.5332411609045	-48.2209672016524
			45.4937157779524	-48.2209672016524
			45.4541903950002	-48.2209672016524
			45.414665012048	-48.2209672016524
			45.3751396290958	-48.2209672016524
			45.3356142461437	-48.2209672016524
			45.2960888631915	-48.2209672016524
			45.2565634802393	-48.2209672016524
			45.2170380972872	-48.2209672016524
			45.177512714335	-48.2209672016524
			45.1379873313828	-48.2209672016524
			45.0984619484306	-48.2209672016524
			45.0589365654785	-48.2209672016524
			45.0194111825263	-48.2209672016524
			44.9798857995741	-48.2209672016524
			44.9403604166219	-48.2209672016524
			44.9008350336698	-48.2209672016524
			44.8613096507176	-48.2209672016524
			44.8217842677654	-48.2209672016524
			44.7822588848132	-48.2209672016524
			44.7427335018611	-48.2209672016524
			44.7032081189089	-48.2209672016524
			44.6636827359567	-48.2209672016524
			44.6241573530045	-48.2209672016524
			44.5846319700524	-48.2209672016524
			44.5451065871002	-48.2209672016524
			44.505581204148	-48.2209672016524
			44.4660558211958	-48.2209672016524
			44.4265304382437	-48.2209672016524
			44.3870050552915	-48.1814418187002
			44.3474796723393	-48.1814418187002
			44.3079542893871	-48.1814418187002
			44.268428906435	-48.1814418187002
			44.2289035234828	-48.1814418187002
			44.1893781405306	-48.1814418187002
			44.1498527575785	-48.1814418187002
			44.1103273746263	-48.1814418187002
			44.0708019916741	-48.1814418187002
			44.0312766087219	-48.1814418187002
			43.9917512257698	-48.1814418187002
			43.9522258428176	-48.1814418187002
			43.9127004598654	-48.1814418187002
			43.8731750769132	-48.1814418187002
			43.8336496939611	-48.2209672016524
			43.7941243110089	-48.2209672016524
			43.7545989280567	-48.2209672016524
			43.7150735451045	-48.2209672016524
			43.6755481621524	-48.2209672016524
			43.6360227792002	-48.2209672016524
			43.596497396248	-48.2209672016524
			43.5569720132958	-48.2209672016524
			43.5174466303437	-48.2209672016524
			43.4779212473915	-48.2209672016524
			43.4383958644393	-48.2209672016524
			43.3988704814871	-48.2209672016524
			43.359345098535	-48.2209672016524
			43.3198197155828	-48.2209672016524
			43.2802943326306	-48.2209672016524
			43.2407689496784	-48.2209672016524
			43.2012435667263	-48.2604925846045
			43.1617181837741	-48.2604925846045
			43.1221928008219	-48.2604925846045
			43.0826674178698	-48.2604925846045
			43.0431420349176	-48.2604925846045
			43.0036166519654	-48.2604925846045
			42.9640912690132	-48.2604925846045
			42.9245658860611	-48.2604925846045
			42.8850405031089	-48.2604925846045
			42.8455151201567	-48.2604925846045
			42.8059897372045	-48.2604925846045
			42.7664643542524	-48.2604925846045
			42.7269389713002	-48.2604925846045
			42.687413588348	-48.2604925846045
			42.6478882053958	-48.2604925846045
			42.6083628224437	-48.2604925846045
			42.5688374394915	-48.2604925846045
			42.5293120565393	-48.2209672016524
			42.4897866735871	-48.2209672016524
			42.450261290635	-48.2209672016524
			42.4107359076828	-48.2209672016524
			42.3712105247306	-48.2209672016524
			42.3316851417784	-48.2209672016524
			42.2921597588263	-48.2209672016524
			42.2526343758741	-48.2209672016524
			42.2131089929219	-48.2209672016524
			42.1735836099697	-48.2209672016524
			42.1340582270176	-48.2209672016524
			42.0945328440654	-48.2209672016524
			42.0550074611132	-48.1814418187002
			42.015482078161	-48.1814418187002
			41.9759566952089	-48.1814418187002
			41.9364313122567	-48.1814418187002
			41.8969059293045	-48.1814418187002
			41.8573805463524	-48.1814418187002
			41.8178551634002	-48.1814418187002
			41.778329780448	-48.141916435748
			41.7388043974958	-48.141916435748
			41.6992790145437	-48.141916435748
			41.6597536315915	-48.141916435748
			41.6202282486393	-48.141916435748
			41.6202282486393	-48.1023910527959
			41.5807028656871	-48.1023910527959
			41.541177482735	-48.1023910527959
			41.5016520997828	-48.1023910527959
			41.4621267168306	-48.0628656698437
			41.4226013338784	-48.0628656698437
			41.3830759509263	-48.0628656698437
			41.3435505679741	-48.0233402868915
			41.3040251850219	-48.0233402868915
			41.2644998020697	-48.0233402868915
			41.2644998020697	-47.9838149039393
			41.2249744191176	-47.9838149039393
			41.1854490361654	-48.0233402868915
			41.1459236532132	-48.0233402868915
			41.106398270261	-48.0628656698437
			41.0668728873089	-48.0628656698437
			41.0273475043567	-48.1023910527959
			40.9878221214045	-48.1023910527959
			40.9482967384523	-48.141916435748
			40.9087713555002	-48.141916435748
			40.869245972548	-48.141916435748
			40.869245972548	-48.1814418187002
			40.8297205895958	-48.1814418187002
			40.7901952066437	-48.1814418187002
			40.7506698236915	-48.2209672016524
			40.7111444407393	-48.2209672016524
			40.6716190577871	-48.2604925846045
			40.632093674835	-48.2604925846045
			40.5925682918828	-48.3000179675567
			40.5530429089306	-48.3000179675567
			40.5135175259784	-48.3000179675567
			40.5135175259784	-48.3395433505089
			40.4739921430263	-48.3395433505089
			40.4344667600741	-48.3395433505089
			40.3949413771219	-48.3790687334611
			40.3554159941697	-48.3790687334611
			40.3158906112176	-48.3790687334611
			40.2763652282654	-48.4185941164132
			40.2368398453132	-48.4185941164132
			40.197314462361	-48.4185941164132
			40.1577890794089	-48.4581194993654
			40.1182636964567	-48.4581194993654
			40.0787383135045	-48.4581194993654
			40.0392129305523	-48.4581194993654
			39.9996875476002	-48.4581194993654
			39.960162164648	-48.4581194993654
			39.9206367816958	-48.4976448823176
			39.8811113987436	-48.4976448823176
			39.8415860157915	-48.4976448823176
			39.8020606328393	-48.4976448823176
			39.7625352498871	-48.4581194993654
			39.723009866935	-48.4581194993654
			39.6834844839828	-48.4581194993654
			39.6439591010306	-48.4581194993654
			39.6044337180784	-48.4581194993654
			39.5649083351263	-48.4185941164132
		</c2>
	</curves.scaled>
	<ruler.points type=matrix rownames=TRUE colnames=FALSE nrow=2 ncol=2 as.numeric=TRUE >
		Ruler point 1	399	270
		Ruler point 2	652	271
	</ruler.points>
</shapes>

