<shapes type=list>
	<ruler.pixel type=vector names=FALSE length=1 as.numeric=TRUE >253.017785936088</ruler.pixel>
	<ruler.interval type=vector names=FALSE length=1 as.numeric=TRUE >10</ruler.interval>
	<scaling.units type=vector names=FALSE length=1 as.numeric=FALSE >undefined</scaling.units>
	<scaling type=vector names=FALSE length=1 as.numeric=TRUE >0.0395229132331669</scaling>
	<landmarks.pixel type=matrix rownames=TRUE colnames=FALSE nrow=2 ncol=2 as.numeric=TRUE >
		LM1	718	1217
		LM2	1806	1240
	</landmarks.pixel>
	<landmarks.scaled type=matrix rownames=TRUE colnames=FALSE nrow=2 ncol=2 as.numeric=TRUE >
		LM1	28.3774517014138	-48.0993854047641
		LM2	71.3783812990994	-49.008412409127
	</landmarks.scaled>
	<curves.control type=list>
		<c1 type=matrix rownames=FALSE colnames=FALSE nrow=15 ncol=2 as.numeric=TRUE >
			718	1217
			766	1176
			853	1124
			958	1059
			1023	1018
			1145	962
			1196	944
			1398	867
			1418	925
			1489	983
			1580	1048
			1656	1089
			1725	1168
			1797	1223
			1806	1240
		</c1>
		<c2 type=matrix rownames=FALSE colnames=FALSE nrow=27 ncol=2 as.numeric=TRUE >
			1806	1240
			1766	1261
			1733	1230
			1712	1247
			1675	1236
			1638	1252
			1588	1226
			1539	1248
			1508	1235
			1466	1242
			1416	1217
			1365	1239
			1322	1227
			1279	1243
			1221	1221
			1157	1241
			1109	1230
			1052	1252
			990	1236
			943	1240
			893	1240
			874	1247
			854	1233
			787	1250
			766	1229
			726	1241
			718	1217
		</c2>
	</curves.control>
	<curves.pixel type=list>
		<c1 type=matrix rownames=FALSE colnames=FALSE nrow=1176 ncol=2 as.numeric=TRUE >
			718	1217
			719	1217
			719	1216
			720	1216
			720	1215
			721	1215
			721	1214
			722	1214
			722	1213
			723	1213
			724	1212
			725	1211
			726	1210
			727	1209
			728	1208
			729	1208
			730	1207
			731	1206
			732	1205
			733	1205
			734	1204
			735	1203
			736	1203
			736	1202
			737	1201
			738	1201
			739	1200
			740	1199
			741	1199
			742	1198
			743	1197
			744	1196
			745	1195
			746	1194
			747	1194
			748	1193
			749	1192
			750	1191
			751	1191
			752	1190
			753	1189
			754	1189
			755	1188
			756	1187
			757	1186
			758	1186
			759	1185
			760	1184
			761	1183
			762	1183
			763	1182
			764	1181
			765	1180
			766	1180
			767	1179
			768	1179
			769	1178
			770	1177
			771	1176
			772	1176
			773	1175
			774	1175
			774	1174
			775	1174
			776	1173
			777	1173
			778	1172
			778	1171
			779	1171
			780	1170
			781	1170
			782	1169
			783	1168
			784	1168
			785	1167
			786	1166
			787	1166
			788	1165
			789	1164
			790	1164
			791	1163
			792	1162
			793	1162
			794	1161
			795	1160
			796	1160
			797	1159
			798	1158
			799	1158
			800	1157
			801	1156
			802	1155
			803	1155
			804	1154
			805	1153
			806	1153
			807	1153
			807	1152
			808	1152
			809	1151
			810	1151
			811	1150
			812	1149
			813	1149
			814	1148
			815	1147
			816	1147
			817	1146
			818	1145
			819	1145
			820	1144
			821	1144
			822	1143
			823	1142
			824	1142
			825	1141
			826	1141
			827	1140
			828	1139
			829	1139
			830	1138
			831	1138
			832	1137
			833	1136
			834	1136
			835	1135
			836	1135
			837	1134
			838	1133
			839	1133
			840	1132
			841	1131
			842	1131
			843	1130
			844	1130
			845	1129
			846	1128
			847	1128
			848	1127
			849	1126
			850	1126
			851	1125
			852	1125
			853	1124
			854	1123
			855	1123
			856	1122
			857	1122
			857	1121
			858	1121
			859	1120
			860	1120
			860	1119
			861	1119
			862	1119
			863	1118
			864	1117
			865	1117
			866	1116
			867	1115
			868	1115
			869	1114
			870	1113
			871	1113
			872	1112
			873	1111
			874	1111
			875	1111
			875	1110
			876	1110
			877	1109
			878	1109
			879	1108
			880	1107
			881	1107
			882	1106
			883	1106
			883	1105
			884	1105
			885	1104
			886	1104
			886	1103
			887	1103
			888	1102
			889	1102
			890	1101
			891	1100
			892	1100
			893	1099
			894	1099
			895	1098
			896	1097
			897	1097
			898	1096
			899	1095
			900	1095
			901	1094
			902	1093
			903	1093
			904	1092
			905	1091
			906	1091
			907	1091
			907	1090
			908	1090
			909	1090
			909	1089
			910	1089
			910	1088
			911	1088
			912	1088
			912	1087
			913	1087
			914	1086
			915	1085
			916	1085
			917	1084
			918	1084
			919	1083
			920	1082
			921	1082
			922	1081
			923	1081
			924	1080
			925	1079
			926	1079
			926	1078
			927	1078
			928	1077
			929	1077
			930	1076
			931	1076
			931	1075
			932	1075
			933	1074
			934	1074
			935	1073
			936	1073
			936	1072
			937	1072
			938	1071
			939	1071
			940	1070
			941	1069
			942	1069
			943	1068
			944	1067
			945	1067
			946	1066
			947	1066
			948	1065
			949	1064
			950	1064
			951	1063
			952	1063
			953	1062
			954	1061
			955	1061
			956	1060
			957	1060
			957	1059
			958	1059
			959	1058
			960	1057
			961	1057
			962	1056
			963	1056
			964	1055
			965	1055
			966	1054
			967	1053
			968	1052
			969	1052
			970	1051
			971	1051
			971	1050
			972	1050
			973	1050
			973	1049
			974	1049
			975	1048
			976	1048
			977	1047
			978	1046
			979	1046
			980	1045
			981	1045
			981	1044
			982	1044
			983	1043
			984	1043
			984	1042
			985	1042
			986	1041
			987	1041
			987	1040
			988	1040
			989	1040
			989	1039
			990	1039
			991	1038
			992	1038
			992	1037
			993	1037
			994	1036
			995	1036
			996	1035
			997	1034
			998	1034
			999	1033
			1000	1032
			1001	1032
			1002	1031
			1003	1030
			1004	1030
			1005	1029
			1006	1029
			1007	1028
			1008	1027
			1009	1027
			1010	1026
			1011	1026
			1012	1025
			1013	1024
			1014	1024
			1015	1023
			1016	1023
			1017	1022
			1018	1021
			1019	1020
			1020	1020
			1021	1019
			1022	1019
			1023	1018
			1024	1017
			1025	1017
			1026	1017
			1027	1016
			1028	1016
			1029	1015
			1030	1015
			1031	1014
			1032	1014
			1033	1013
			1034	1013
			1035	1012
			1036	1012
			1037	1012
			1038	1011
			1039	1011
			1040	1010
			1041	1010
			1042	1009
			1043	1009
			1044	1009
			1044	1008
			1045	1008
			1046	1008
			1046	1007
			1047	1007
			1048	1007
			1049	1006
			1050	1006
			1051	1005
			1052	1005
			1053	1004
			1054	1004
			1055	1003
			1056	1003
			1057	1002
			1058	1002
			1059	1001
			1060	1001
			1061	1001
			1062	1000
			1063	1000
			1064	999
			1065	999
			1066	998
			1067	998
			1068	997
			1069	997
			1070	997
			1071	996
			1072	996
			1073	995
			1074	995
			1075	994
			1076	994
			1077	994
			1078	993
			1079	993
			1080	992
			1081	992
			1082	991
			1083	991
			1084	990
			1085	990
			1086	989
			1087	989
			1088	989
			1089	988
			1090	988
			1091	988
			1091	987
			1092	987
			1093	986
			1094	986
			1095	985
			1096	985
			1097	985
			1098	984
			1099	984
			1100	983
			1101	983
			1102	983
			1102	982
			1103	982
			1104	981
			1105	981
			1106	981
			1107	980
			1108	980
			1109	980
			1110	979
			1111	978
			1112	978
			1113	978
			1114	977
			1115	977
			1116	976
			1117	976
			1118	975
			1119	975
			1120	974
			1121	974
			1122	974
			1123	973
			1124	973
			1125	972
			1126	972
			1127	971
			1128	971
			1129	971
			1130	970
			1131	970
			1132	969
			1133	969
			1134	969
			1135	968
			1136	968
			1137	967
			1138	967
			1139	967
			1140	966
			1141	966
			1142	965
			1143	965
			1144	964
			1145	964
			1146	964
			1147	963
			1148	963
			1149	962
			1150	962
			1151	961
			1152	961
			1153	961
			1154	960
			1155	960
			1156	959
			1157	959
			1158	959
			1158	958
			1159	958
			1160	958
			1161	957
			1162	957
			1163	957
			1163	956
			1164	956
			1165	956
			1166	955
			1167	955
			1168	954
			1169	954
			1170	954
			1171	953
			1172	953
			1173	953
			1174	952
			1175	952
			1176	952
			1176	951
			1177	951
			1178	951
			1179	950
			1180	950
			1181	950
			1182	949
			1183	949
			1184	948
			1185	948
			1186	948
			1187	947
			1188	947
			1189	947
			1190	946
			1191	946
			1192	946
			1193	945
			1194	945
			1195	944
			1196	944
			1197	944
			1198	943
			1199	943
			1200	943
			1201	942
			1202	942
			1203	941
			1204	941
			1205	940
			1206	940
			1207	940
			1208	939
			1209	939
			1210	939
			1211	938
			1212	938
			1213	938
			1214	937
			1215	937
			1216	937
			1217	936
			1218	936
			1219	935
			1220	935
			1221	935
			1222	934
			1223	934
			1224	934
			1225	933
			1226	933
			1227	932
			1228	932
			1229	932
			1230	931
			1231	931
			1232	931
			1233	930
			1234	930
			1235	930
			1236	929
			1237	929
			1238	929
			1239	928
			1240	928
			1241	928
			1242	927
			1243	927
			1244	927
			1245	926
			1246	926
			1247	926
			1248	925
			1249	925
			1250	925
			1251	924
			1252	924
			1253	924
			1254	924
			1255	923
			1256	923
			1257	922
			1258	922
			1259	922
			1260	922
			1260	921
			1261	921
			1262	921
			1263	921
			1264	920
			1265	920
			1266	920
			1267	919
			1268	919
			1269	919
			1270	918
			1271	918
			1272	918
			1273	918
			1274	917
			1275	917
			1276	917
			1277	916
			1278	916
			1279	916
			1280	915
			1281	915
			1282	915
			1283	915
			1284	914
			1285	914
			1286	914
			1287	914
			1288	913
			1289	913
			1290	913
			1291	913
			1292	912
			1293	912
			1294	912
			1295	911
			1296	911
			1297	911
			1298	911
			1299	910
			1300	910
			1301	910
			1302	910
			1303	909
			1304	909
			1305	909
			1306	909
			1307	909
			1308	908
			1309	908
			1310	908
			1311	907
			1312	907
			1313	907
			1314	907
			1315	907
			1316	906
			1317	906
			1318	906
			1319	906
			1320	906
			1321	905
			1322	905
			1323	905
			1324	905
			1325	905
			1326	904
			1327	904
			1328	904
			1329	904
			1330	904
			1331	904
			1332	903
			1333	903
			1334	903
			1335	903
			1336	903
			1337	903
			1338	902
			1339	902
			1340	902
			1341	902
			1342	902
			1343	902
			1344	902
			1345	902
			1346	901
			1347	901
			1348	901
			1349	901
			1350	901
			1351	901
			1352	901
			1353	901
			1354	901
			1355	901
			1356	900
			1357	900
			1358	900
			1359	900
			1360	900
			1361	900
			1362	900
			1363	900
			1364	900
			1365	900
			1366	900
			1367	900
			1368	900
			1369	900
			1370	900
			1371	900
			1372	900
			1373	900
			1374	900
			1375	900
			1376	900
			1377	900
			1378	901
			1379	901
			1380	901
			1381	901
			1382	901
			1383	901
			1384	901
			1385	901
			1386	902
			1387	902
			1388	902
			1389	902
			1390	902
			1391	903
			1392	903
			1393	903
			1394	904
			1395	904
			1396	904
			1397	904
			1397	905
			1398	905
			1399	905
			1400	906
			1401	906
			1402	907
			1403	907
			1404	908
			1405	908
			1405	909
			1406	909
			1407	910
			1408	911
			1409	912
			1410	912
			1411	913
			1412	914
			1412	915
			1413	916
			1414	917
			1415	918
			1416	919
			1416	920
			1416	921
			1417	922
			1417	923
			1418	924
			1418	925
			1419	926
			1420	927
			1421	928
			1422	929
			1423	929
			1424	930
			1425	930
			1425	931
			1426	931
			1427	932
			1427	933
			1428	933
			1429	934
			1430	935
			1431	936
			1432	936
			1433	937
			1433	938
			1434	938
			1435	939
			1436	940
			1437	940
			1438	941
			1439	942
			1440	943
			1441	944
			1442	945
			1443	945
			1444	946
			1445	947
			1446	948
			1447	948
			1447	949
			1448	949
			1449	950
			1450	951
			1451	952
			1452	953
			1453	953
			1454	954
			1455	954
			1455	955
			1456	956
			1457	956
			1458	957
			1459	958
			1460	959
			1461	959
			1462	960
			1463	961
			1464	962
			1465	962
			1466	963
			1467	964
			1468	964
			1468	965
			1469	966
			1470	967
			1471	967
			1472	968
			1473	969
			1474	970
			1475	970
			1476	971
			1477	972
			1478	972
			1479	973
			1480	974
			1481	975
			1482	975
			1483	976
			1484	977
			1485	978
			1486	978
			1486	979
			1487	980
			1488	980
			1489	981
			1490	982
			1491	983
			1492	983
			1493	984
			1494	985
			1495	986
			1496	986
			1497	987
			1498	988
			1499	989
			1500	989
			1501	990
			1502	991
			1503	992
			1504	992
			1505	993
			1506	994
			1507	995
			1508	995
			1509	996
			1510	997
			1511	998
			1512	998
			1513	999
			1514	1000
			1515	1001
			1516	1001
			1517	1002
			1518	1003
			1519	1004
			1520	1004
			1521	1005
			1522	1006
			1523	1007
			1524	1007
			1525	1008
			1526	1009
			1527	1010
			1528	1010
			1529	1011
			1530	1012
			1531	1013
			1532	1013
			1533	1014
			1534	1015
			1535	1016
			1536	1016
			1537	1017
			1538	1018
			1539	1019
			1540	1019
			1541	1020
			1542	1021
			1543	1021
			1543	1022
			1544	1022
			1545	1022
			1545	1023
			1546	1023
			1546	1024
			1547	1024
			1548	1025
			1549	1026
			1550	1027
			1551	1027
			1552	1028
			1553	1028
			1553	1029
			1554	1029
			1555	1030
			1556	1030
			1556	1031
			1557	1032
			1558	1032
			1559	1033
			1560	1034
			1561	1034
			1562	1035
			1563	1036
			1564	1036
			1565	1037
			1566	1038
			1567	1038
			1568	1039
			1569	1040
			1570	1041
			1571	1042
			1572	1042
			1573	1043
			1574	1043
			1574	1044
			1575	1044
			1576	1045
			1577	1046
			1578	1047
			1579	1047
			1580	1048
			1581	1048
			1581	1049
			1582	1049
			1583	1049
			1583	1050
			1584	1050
			1585	1051
			1586	1051
			1587	1052
			1588	1053
			1589	1053
			1590	1053
			1591	1054
			1592	1055
			1593	1055
			1594	1056
			1595	1057
			1596	1057
			1597	1058
			1598	1058
			1599	1059
			1600	1060
			1601	1060
			1602	1061
			1603	1061
			1604	1062
			1605	1063
			1606	1063
			1607	1064
			1608	1064
			1609	1065
			1610	1066
			1611	1066
			1612	1067
			1613	1067
			1613	1068
			1614	1069
			1615	1069
			1616	1070
			1617	1071
			1618	1071
			1619	1072
			1620	1073
			1621	1073
			1622	1074
			1623	1075
			1624	1075
			1625	1076
			1626	1077
			1627	1077
			1628	1078
			1629	1079
			1630	1079
			1631	1080
			1632	1081
			1633	1082
			1634	1082
			1634	1083
			1635	1084
			1636	1084
			1637	1085
			1638	1086
			1639	1087
			1640	1087
			1641	1088
			1642	1089
			1643	1089
			1644	1090
			1645	1091
			1646	1092
			1647	1092
			1648	1093
			1649	1094
			1650	1095
			1651	1096
			1652	1097
			1653	1097
			1653	1098
			1654	1098
			1655	1099
			1655	1100
			1656	1100
			1657	1101
			1658	1102
			1659	1103
			1660	1104
			1661	1104
			1662	1105
			1663	1106
			1664	1106
			1664	1107
			1665	1108
			1666	1108
			1667	1109
			1668	1110
			1668	1111
			1669	1111
			1670	1112
			1671	1113
			1672	1113
			1672	1114
			1673	1115
			1674	1116
			1675	1116
			1676	1117
			1676	1118
			1677	1119
			1678	1119
			1679	1120
			1679	1121
			1680	1121
			1681	1122
			1682	1123
			1683	1124
			1684	1125
			1685	1126
			1686	1127
			1687	1128
			1688	1129
			1689	1130
			1690	1131
			1691	1132
			1692	1133
			1693	1134
			1694	1134
			1695	1135
			1696	1136
			1697	1137
			1697	1138
			1698	1139
			1699	1140
			1700	1141
			1701	1142
			1702	1143
			1703	1144
			1704	1145
			1705	1146
			1706	1147
			1707	1148
			1708	1149
			1709	1150
			1710	1151
			1711	1152
			1712	1153
			1712	1154
			1713	1155
			1714	1156
			1715	1157
			1716	1158
			1717	1159
			1718	1160
			1719	1161
			1720	1162
			1721	1163
			1722	1164
			1723	1165
			1724	1166
			1725	1167
			1725	1168
			1726	1169
			1727	1170
			1728	1171
			1729	1171
			1730	1172
			1731	1173
			1732	1173
			1733	1174
			1734	1175
			1735	1176
			1736	1176
			1737	1177
			1737	1178
			1738	1178
			1739	1179
			1740	1180
			1741	1180
			1742	1181
			1743	1182
			1744	1182
			1744	1183
			1745	1184
			1746	1184
			1747	1185
			1748	1186
			1749	1186
			1749	1187
			1750	1188
			1751	1188
			1752	1189
			1753	1189
			1753	1190
			1754	1191
			1755	1191
			1756	1192
			1756	1193
			1757	1193
			1758	1194
			1759	1194
			1759	1195
			1760	1196
			1761	1196
			1762	1197
			1763	1198
			1764	1199
			1765	1200
			1766	1200
			1767	1201
			1768	1202
			1769	1203
			1770	1204
			1771	1205
			1772	1205
			1773	1206
			1774	1207
			1775	1208
			1776	1208
			1776	1209
			1777	1210
			1778	1211
			1779	1211
			1780	1212
			1780	1213
			1781	1214
			1782	1214
			1783	1215
			1784	1216
			1785	1217
			1786	1218
			1787	1219
			1788	1220
			1789	1220
			1790	1221
			1790	1222
			1791	1223
			1792	1223
			1793	1224
			1793	1225
			1794	1225
			1795	1226
			1795	1227
			1796	1227
			1797	1228
			1797	1229
			1798	1229
			1798	1230
			1799	1230
			1799	1231
			1800	1232
			1801	1233
			1802	1234
			1803	1235
			1803	1236
			1804	1237
			1805	1238
			1805	1239
			1806	1239
			1806	1240
		</c1>
		<c2 type=matrix rownames=FALSE colnames=FALSE nrow=1116 ncol=2 as.numeric=TRUE >
			1806	1240
			1805	1240
			1804	1241
			1803	1241
			1802	1242
			1801	1242
			1801	1243
			1800	1243
			1799	1243
			1798	1244
			1797	1244
			1796	1244
			1795	1245
			1794	1245
			1793	1245
			1792	1246
			1791	1246
			1790	1246
			1789	1247
			1788	1247
			1787	1247
			1786	1247
			1785	1247
			1785	1248
			1784	1248
			1783	1248
			1782	1248
			1781	1248
			1780	1248
			1779	1248
			1778	1248
			1777	1248
			1776	1248
			1775	1248
			1774	1248
			1773	1248
			1772	1248
			1771	1248
			1770	1248
			1769	1248
			1768	1248
			1767	1248
			1766	1248
			1765	1248
			1764	1247
			1763	1247
			1762	1247
			1761	1246
			1760	1246
			1759	1246
			1758	1246
			1757	1245
			1756	1245
			1755	1245
			1754	1244
			1753	1244
			1752	1243
			1751	1243
			1750	1242
			1749	1242
			1748	1241
			1747	1240
			1746	1240
			1745	1240
			1745	1239
			1744	1239
			1743	1238
			1742	1238
			1741	1237
			1740	1236
			1739	1235
			1738	1234
			1737	1234
			1736	1233
			1735	1232
			1734	1231
			1733	1230
			1732	1231
			1731	1232
			1730	1232
			1729	1233
			1728	1234
			1727	1234
			1726	1235
			1725	1235
			1724	1236
			1723	1236
			1722	1237
			1721	1237
			1720	1237
			1719	1238
			1718	1238
			1717	1238
			1716	1239
			1715	1239
			1714	1239
			1713	1239
			1712	1239
			1712	1240
			1711	1240
			1710	1240
			1709	1240
			1708	1240
			1707	1240
			1706	1240
			1705	1240
			1704	1240
			1703	1240
			1702	1240
			1701	1240
			1700	1240
			1699	1240
			1698	1240
			1697	1240
			1696	1240
			1695	1240
			1694	1240
			1693	1240
			1692	1240
			1691	1239
			1690	1239
			1689	1239
			1688	1239
			1687	1239
			1686	1239
			1685	1239
			1684	1238
			1683	1238
			1682	1238
			1681	1238
			1680	1237
			1679	1237
			1678	1237
			1677	1237
			1676	1236
			1675	1236
			1674	1237
			1673	1237
			1672	1237
			1671	1238
			1670	1238
			1669	1238
			1668	1239
			1667	1239
			1666	1239
			1665	1239
			1665	1240
			1664	1240
			1663	1240
			1662	1240
			1661	1241
			1660	1241
			1659	1241
			1658	1241
			1657	1241
			1656	1241
			1655	1241
			1654	1242
			1653	1242
			1652	1242
			1651	1242
			1650	1242
			1649	1242
			1648	1242
			1647	1242
			1646	1242
			1645	1242
			1644	1242
			1643	1242
			1642	1242
			1641	1242
			1640	1242
			1639	1242
			1638	1242
			1637	1242
			1636	1242
			1635	1242
			1634	1241
			1633	1241
			1632	1241
			1631	1241
			1630	1241
			1629	1241
			1628	1240
			1627	1240
			1626	1240
			1625	1240
			1624	1240
			1623	1239
			1622	1239
			1621	1239
			1620	1239
			1619	1238
			1618	1238
			1617	1238
			1616	1238
			1615	1237
			1614	1237
			1613	1237
			1612	1236
			1611	1236
			1610	1236
			1609	1235
			1608	1235
			1607	1235
			1606	1234
			1605	1234
			1604	1234
			1604	1233
			1603	1233
			1602	1232
			1601	1232
			1600	1232
			1599	1231
			1598	1231
			1597	1230
			1596	1230
			1595	1229
			1594	1229
			1593	1229
			1593	1228
			1592	1228
			1591	1228
			1591	1227
			1590	1227
			1589	1227
			1588	1226
			1587	1227
			1586	1227
			1585	1227
			1584	1228
			1583	1228
			1582	1229
			1581	1229
			1580	1229
			1579	1230
			1578	1230
			1577	1230
			1576	1231
			1575	1231
			1574	1232
			1573	1232
			1572	1232
			1571	1233
			1570	1233
			1569	1233
			1568	1234
			1567	1234
			1566	1234
			1565	1235
			1564	1235
			1563	1235
			1562	1235
			1561	1236
			1560	1236
			1559	1236
			1558	1237
			1557	1237
			1556	1237
			1555	1237
			1554	1238
			1553	1238
			1552	1238
			1551	1238
			1550	1238
			1549	1239
			1548	1239
			1547	1239
			1546	1239
			1545	1239
			1544	1239
			1543	1239
			1542	1239
			1541	1240
			1540	1240
			1539	1240
			1538	1240
			1537	1240
			1536	1240
			1535	1240
			1534	1240
			1533	1240
			1532	1240
			1531	1240
			1530	1240
			1529	1240
			1528	1240
			1527	1240
			1526	1239
			1525	1239
			1524	1239
			1523	1239
			1522	1239
			1521	1239
			1520	1239
			1519	1238
			1518	1238
			1517	1238
			1516	1238
			1515	1237
			1514	1237
			1513	1237
			1512	1236
			1511	1236
			1510	1236
			1509	1235
			1508	1235
			1507	1235
			1506	1235
			1505	1235
			1505	1236
			1504	1236
			1503	1236
			1502	1236
			1501	1236
			1500	1236
			1499	1236
			1498	1236
			1497	1236
			1496	1236
			1495	1236
			1494	1236
			1493	1236
			1492	1237
			1491	1237
			1490	1237
			1489	1237
			1488	1237
			1487	1237
			1486	1236
			1485	1236
			1484	1236
			1483	1236
			1482	1236
			1481	1236
			1480	1236
			1479	1236
			1478	1236
			1477	1236
			1476	1236
			1475	1236
			1474	1236
			1473	1235
			1472	1235
			1471	1235
			1470	1235
			1469	1235
			1468	1235
			1467	1235
			1466	1234
			1465	1234
			1464	1234
			1463	1234
			1462	1234
			1461	1233
			1460	1233
			1459	1233
			1458	1233
			1457	1232
			1456	1232
			1455	1232
			1454	1232
			1453	1231
			1452	1231
			1451	1231
			1450	1231
			1449	1230
			1448	1230
			1447	1230
			1446	1229
			1445	1229
			1444	1229
			1443	1228
			1442	1228
			1441	1228
			1440	1227
			1439	1227
			1438	1227
			1437	1226
			1436	1226
			1435	1225
			1434	1225
			1433	1225
			1432	1224
			1431	1224
			1430	1223
			1429	1223
			1428	1223
			1427	1222
			1426	1222
			1425	1221
			1424	1221
			1423	1220
			1422	1220
			1421	1219
			1420	1219
			1419	1218
			1418	1218
			1417	1217
			1416	1217
			1415	1218
			1414	1218
			1413	1218
			1412	1219
			1411	1219
			1410	1220
			1409	1220
			1408	1220
			1407	1221
			1406	1221
			1405	1222
			1404	1222
			1403	1222
			1402	1222
			1402	1223
			1401	1223
			1400	1223
			1399	1223
			1399	1224
			1398	1224
			1397	1224
			1396	1224
			1396	1225
			1395	1225
			1394	1225
			1393	1225
			1392	1226
			1391	1226
			1390	1226
			1389	1226
			1388	1227
			1387	1227
			1386	1227
			1385	1227
			1384	1228
			1383	1228
			1382	1228
			1381	1228
			1380	1229
			1379	1229
			1378	1229
			1377	1229
			1376	1229
			1375	1229
			1374	1230
			1373	1230
			1372	1230
			1371	1230
			1370	1230
			1369	1230
			1368	1230
			1367	1230
			1366	1231
			1365	1231
			1364	1231
			1363	1231
			1362	1231
			1361	1231
			1360	1231
			1359	1231
			1358	1231
			1357	1231
			1356	1231
			1355	1231
			1354	1231
			1353	1231
			1352	1231
			1351	1231
			1350	1231
			1349	1231
			1348	1231
			1347	1231
			1346	1231
			1345	1231
			1344	1231
			1343	1231
			1342	1231
			1341	1231
			1340	1230
			1339	1230
			1338	1230
			1337	1230
			1336	1230
			1335	1230
			1334	1230
			1333	1229
			1332	1229
			1331	1229
			1330	1229
			1329	1229
			1328	1228
			1327	1228
			1326	1228
			1325	1228
			1324	1227
			1323	1227
			1322	1227
			1321	1228
			1320	1228
			1319	1228
			1318	1229
			1317	1229
			1316	1229
			1315	1229
			1314	1230
			1313	1230
			1312	1230
			1311	1230
			1310	1231
			1309	1231
			1308	1231
			1307	1231
			1306	1232
			1305	1232
			1304	1232
			1303	1232
			1302	1232
			1301	1232
			1300	1233
			1299	1233
			1298	1233
			1297	1233
			1296	1233
			1295	1233
			1294	1233
			1293	1233
			1292	1233
			1291	1233
			1290	1234
			1289	1234
			1288	1234
			1287	1234
			1286	1234
			1285	1234
			1284	1234
			1283	1234
			1282	1234
			1281	1234
			1280	1234
			1279	1234
			1278	1234
			1277	1234
			1276	1234
			1275	1233
			1274	1233
			1273	1233
			1272	1233
			1271	1233
			1270	1233
			1269	1233
			1268	1233
			1267	1233
			1266	1233
			1265	1233
			1265	1232
			1264	1232
			1263	1232
			1262	1232
			1261	1232
			1260	1232
			1259	1232
			1258	1231
			1257	1231
			1256	1231
			1255	1231
			1254	1231
			1253	1231
			1252	1230
			1251	1230
			1250	1230
			1249	1230
			1248	1229
			1247	1229
			1246	1229
			1245	1229
			1244	1229
			1244	1228
			1243	1228
			1242	1228
			1241	1228
			1240	1227
			1239	1227
			1238	1227
			1237	1226
			1236	1226
			1235	1226
			1234	1226
			1234	1225
			1233	1225
			1232	1225
			1231	1225
			1230	1224
			1229	1224
			1228	1224
			1227	1223
			1226	1223
			1225	1222
			1224	1222
			1223	1222
			1222	1221
			1221	1221
			1220	1221
			1219	1222
			1218	1222
			1217	1222
			1216	1222
			1215	1223
			1214	1223
			1213	1223
			1212	1224
			1211	1224
			1210	1224
			1209	1225
			1208	1225
			1207	1225
			1206	1225
			1205	1226
			1204	1226
			1203	1226
			1202	1226
			1201	1227
			1200	1227
			1199	1227
			1198	1227
			1197	1228
			1196	1228
			1195	1228
			1194	1228
			1193	1228
			1192	1229
			1191	1229
			1190	1229
			1189	1229
			1188	1229
			1187	1230
			1186	1230
			1185	1230
			1184	1230
			1183	1230
			1182	1231
			1181	1231
			1180	1231
			1179	1231
			1178	1231
			1177	1231
			1176	1231
			1176	1232
			1175	1232
			1174	1232
			1173	1232
			1172	1232
			1171	1232
			1170	1232
			1169	1232
			1168	1233
			1167	1233
			1166	1233
			1165	1233
			1164	1233
			1163	1233
			1162	1233
			1161	1233
			1160	1233
			1159	1233
			1158	1233
			1157	1234
			1156	1234
			1155	1234
			1154	1234
			1153	1234
			1152	1234
			1151	1234
			1150	1234
			1149	1234
			1148	1234
			1147	1234
			1146	1234
			1145	1234
			1144	1234
			1143	1234
			1142	1234
			1141	1234
			1140	1234
			1139	1234
			1138	1234
			1137	1234
			1136	1234
			1135	1234
			1134	1234
			1133	1233
			1132	1233
			1131	1233
			1130	1233
			1129	1233
			1128	1233
			1127	1233
			1126	1233
			1125	1233
			1124	1233
			1123	1232
			1122	1232
			1121	1232
			1120	1232
			1119	1232
			1118	1232
			1117	1232
			1116	1231
			1115	1231
			1114	1231
			1113	1231
			1112	1231
			1111	1231
			1110	1230
			1109	1230
			1108	1230
			1107	1231
			1106	1231
			1105	1232
			1104	1232
			1103	1232
			1102	1233
			1101	1233
			1100	1233
			1099	1233
			1098	1234
			1097	1234
			1096	1235
			1095	1235
			1094	1235
			1093	1235
			1092	1236
			1091	1236
			1090	1236
			1089	1236
			1088	1237
			1087	1237
			1086	1237
			1085	1238
			1084	1238
			1083	1238
			1082	1238
			1081	1238
			1080	1239
			1079	1239
			1078	1239
			1077	1239
			1076	1239
			1075	1240
			1074	1240
			1073	1240
			1072	1240
			1071	1240
			1070	1241
			1069	1241
			1068	1241
			1067	1241
			1066	1241
			1065	1241
			1064	1241
			1063	1241
			1062	1242
			1061	1242
			1060	1242
			1059	1242
			1058	1242
			1057	1242
			1056	1242
			1055	1242
			1054	1242
			1053	1242
			1052	1242
			1051	1243
			1050	1243
			1049	1243
			1048	1243
			1047	1243
			1046	1243
			1045	1243
			1044	1243
			1043	1243
			1042	1243
			1041	1243
			1040	1243
			1039	1243
			1038	1243
			1037	1243
			1036	1243
			1035	1243
			1034	1243
			1033	1243
			1032	1243
			1031	1242
			1030	1242
			1029	1242
			1028	1242
			1027	1242
			1026	1242
			1025	1242
			1024	1242
			1023	1242
			1022	1242
			1021	1242
			1020	1242
			1019	1241
			1018	1241
			1017	1241
			1016	1241
			1015	1241
			1014	1241
			1013	1241
			1012	1240
			1011	1240
			1010	1240
			1009	1240
			1008	1240
			1007	1240
			1006	1239
			1005	1239
			1004	1239
			1003	1239
			1002	1239
			1001	1239
			1000	1238
			999	1238
			998	1238
			997	1238
			996	1237
			995	1237
			994	1237
			993	1237
			992	1237
			991	1236
			990	1236
			989	1236
			988	1236
			987	1236
			986	1236
			985	1236
			984	1236
			983	1237
			982	1237
			981	1237
			980	1237
			979	1237
			978	1237
			977	1237
			976	1237
			975	1237
			974	1237
			973	1237
			972	1237
			971	1237
			970	1238
			969	1238
			968	1238
			967	1238
			966	1238
			965	1238
			964	1238
			963	1238
			962	1238
			961	1238
			960	1238
			959	1238
			958	1238
			957	1238
			956	1238
			955	1238
			954	1238
			953	1239
			952	1239
			951	1239
			950	1239
			949	1239
			948	1239
			947	1239
			946	1239
			945	1239
			944	1239
			943	1239
			942	1239
			941	1239
			940	1239
			939	1239
			938	1239
			937	1239
			936	1239
			935	1239
			934	1239
			933	1239
			932	1239
			931	1239
			930	1239
			929	1239
			928	1240
			927	1240
			926	1240
			925	1240
			924	1240
			923	1240
			922	1240
			921	1240
			920	1240
			919	1240
			918	1240
			917	1240
			916	1240
			915	1240
			914	1240
			913	1240
			912	1240
			911	1240
			910	1240
			909	1240
			908	1240
			907	1240
			906	1240
			905	1240
			904	1240
			903	1240
			902	1240
			901	1240
			900	1240
			899	1240
			898	1240
			897	1240
			896	1240
			895	1240
			894	1240
			893	1240
			892	1240
			891	1241
			890	1241
			889	1241
			888	1241
			887	1242
			886	1242
			885	1242
			884	1242
			883	1242
			882	1242
			881	1242
			880	1242
			879	1242
			878	1242
			877	1242
			876	1242
			875	1242
			874	1242
			873	1242
			872	1241
			871	1241
			870	1241
			869	1241
			868	1240
			867	1240
			866	1239
			865	1239
			864	1239
			863	1238
			862	1238
			861	1237
			860	1237
			859	1236
			858	1235
			857	1235
			856	1234
			855	1233
			854	1233
			853	1233
			852	1234
			851	1234
			850	1234
			849	1234
			848	1234
			848	1235
			847	1235
			846	1235
			845	1235
			844	1235
			843	1236
			842	1236
			841	1236
			840	1236
			839	1236
			838	1237
			837	1237
			836	1237
			835	1237
			834	1237
			833	1238
			832	1238
			831	1238
			830	1238
			829	1238
			828	1238
			828	1239
			827	1239
			826	1239
			825	1239
			824	1239
			823	1239
			822	1239
			821	1239
			820	1240
			819	1240
			818	1240
			817	1240
			816	1240
			815	1240
			814	1240
			813	1240
			812	1240
			811	1240
			810	1240
			809	1240
			808	1241
			807	1241
			806	1241
			805	1241
			804	1241
			803	1241
			802	1241
			801	1241
			800	1241
			799	1241
			798	1240
			797	1240
			796	1240
			795	1240
			794	1240
			793	1240
			792	1240
			791	1240
			790	1240
			789	1240
			788	1239
			787	1239
			786	1239
			785	1239
			784	1238
			783	1238
			782	1238
			781	1238
			780	1237
			779	1237
			778	1237
			777	1236
			776	1236
			775	1235
			774	1235
			773	1234
			772	1234
			771	1233
			770	1233
			770	1232
			769	1231
			768	1231
			767	1230
			767	1229
			766	1229
			765	1229
			764	1230
			763	1230
			762	1230
			761	1230
			760	1231
			759	1231
			758	1231
			757	1231
			756	1232
			755	1232
			754	1232
			753	1232
			752	1232
			751	1232
			750	1233
			749	1233
			748	1233
			747	1233
			746	1233
			745	1233
			744	1233
			743	1233
			742	1233
			741	1233
			740	1233
			739	1233
			738	1233
			737	1233
			736	1232
			735	1232
			734	1232
			733	1232
			732	1231
			731	1231
			730	1231
			729	1230
			728	1230
			728	1229
			727	1229
			726	1228
			725	1228
			725	1227
			724	1227
			723	1226
			723	1225
			722	1225
			722	1224
			721	1223
			720	1222
			720	1221
			719	1220
			719	1219
			718	1218
			718	1217
		</c2>
	</curves.pixel>
	<curves.scaled type=list>
		<c1 type=matrix rownames=FALSE colnames=FALSE nrow=1176 ncol=2 as.numeric=TRUE >
			28.3774517014138	-48.0993854047641
			28.416974614647	-48.0993854047641
			28.416974614647	-48.059862491531
			28.4564975278802	-48.059862491531
			28.4564975278802	-48.0203395782978
			28.4960204411133	-48.0203395782978
			28.4960204411133	-47.9808166650646
			28.5355433543465	-47.9808166650646
			28.5355433543465	-47.9412937518315
			28.5750662675797	-47.9412937518315
			28.6145891808128	-47.9017708385983
			28.654112094046	-47.8622479253651
			28.6936350072792	-47.822725012132
			28.7331579205123	-47.7832020988988
			28.7726808337455	-47.7436791856656
			28.8122037469787	-47.7436791856656
			28.8517266602118	-47.7041562724324
			28.891249573445	-47.6646333591993
			28.9307724866782	-47.6251104459661
			28.9702953999113	-47.6251104459661
			29.0098183131445	-47.585587532733
			29.0493412263777	-47.5460646194998
			29.0888641396108	-47.5460646194998
			29.0888641396108	-47.5065417062666
			29.128387052844	-47.4670187930334
			29.1679099660772	-47.4670187930334
			29.2074328793103	-47.4274958798003
			29.2469557925435	-47.3879729665671
			29.2864787057767	-47.3879729665671
			29.3260016190098	-47.3484500533339
			29.365524532243	-47.3089271401008
			29.4050474454762	-47.2694042268676
			29.4445703587093	-47.2298813136345
			29.4840932719425	-47.1903584004013
			29.5236161851757	-47.1903584004013
			29.5631390984088	-47.1508354871681
			29.602662011642	-47.1113125739349
			29.6421849248752	-47.0717896607018
			29.6817078381083	-47.0717896607018
			29.7212307513415	-47.0322667474686
			29.7607536645747	-46.9927438342354
			29.8002765778078	-46.9927438342354
			29.839799491041	-46.9532209210023
			29.8793224042742	-46.9136980077691
			29.9188453175073	-46.8741750945359
			29.9583682307405	-46.8741750945359
			29.9978911439737	-46.8346521813028
			30.0374140572068	-46.7951292680696
			30.07693697044	-46.7556063548364
			30.1164598836732	-46.7556063548364
			30.1559827969063	-46.7160834416033
			30.1955057101395	-46.6765605283701
			30.2350286233727	-46.6370376151369
			30.2745515366058	-46.6370376151369
			30.314074449839	-46.5975147019038
			30.3535973630722	-46.5975147019038
			30.3931202763053	-46.5579917886706
			30.4326431895385	-46.5184688754374
			30.4721661027717	-46.4789459622043
			30.5116890160048	-46.4789459622043
			30.551211929238	-46.4394230489711
			30.5907348424712	-46.4394230489711
			30.5907348424712	-46.3999001357379
			30.6302577557043	-46.3999001357379
			30.6697806689375	-46.3603772225048
			30.7093035821707	-46.3603772225048
			30.7488264954039	-46.3208543092716
			30.7488264954039	-46.2813313960384
			30.788349408637	-46.2813313960384
			30.8278723218702	-46.2418084828053
			30.8673952351034	-46.2418084828053
			30.9069181483365	-46.2022855695721
			30.9464410615697	-46.1627626563389
			30.9859639748028	-46.1627626563389
			31.025486888036	-46.1232397431058
			31.0650098012692	-46.0837168298726
			31.1045327145024	-46.0837168298726
			31.1440556277355	-46.0441939166394
			31.1835785409687	-46.0046710034063
			31.2231014542019	-46.0046710034063
			31.262624367435	-45.9651480901731
			31.3021472806682	-45.9256251769399
			31.3416701939014	-45.9256251769399
			31.3811931071345	-45.8861022637068
			31.4207160203677	-45.8465793504736
			31.4602389336009	-45.8465793504736
			31.499761846834	-45.8070564372404
			31.5392847600672	-45.7675335240073
			31.5788076733004	-45.7675335240073
			31.6183305865335	-45.7280106107741
			31.6578534997667	-45.6884876975409
			31.6973764129999	-45.6489647843078
			31.736899326233	-45.6489647843078
			31.7764222394662	-45.6094418710746
			31.8159451526994	-45.5699189578414
			31.8554680659325	-45.5699189578414
			31.8949909791657	-45.5699189578414
			31.8949909791657	-45.5303960446083
			31.9345138923989	-45.5303960446083
			31.974036805632	-45.4908731313751
			32.0135597188652	-45.4908731313751
			32.0530826320984	-45.4513502181419
			32.0926055453315	-45.4118273049088
			32.1321284585647	-45.4118273049088
			32.1716513717979	-45.3723043916756
			32.211174285031	-45.3327814784424
			32.2506971982642	-45.3327814784424
			32.2902201114974	-45.2932585652093
			32.3297430247305	-45.2537356519761
			32.3692659379637	-45.2537356519761
			32.4087888511969	-45.2142127387429
			32.44831176443	-45.2142127387429
			32.4878346776632	-45.1746898255098
			32.5273575908964	-45.1351669122766
			32.5668805041295	-45.1351669122766
			32.6064034173627	-45.0956439990434
			32.6459263305959	-45.0956439990434
			32.685449243829	-45.0561210858103
			32.7249721570622	-45.0165981725771
			32.7644950702954	-45.0165981725771
			32.8040179835285	-44.9770752593439
			32.8435408967617	-44.9770752593439
			32.8830638099949	-44.9375523461108
			32.922586723228	-44.8980294328776
			32.9621096364612	-44.8980294328776
			33.0016325496944	-44.8585065196444
			33.0411554629275	-44.8585065196444
			33.0806783761607	-44.8189836064113
			33.1202012893939	-44.7794606931781
			33.159724202627	-44.7794606931781
			33.1992471158602	-44.7399377799449
			33.2387700290934	-44.7004148667118
			33.2782929423265	-44.7004148667118
			33.3178158555597	-44.6608919534786
			33.3573387687929	-44.6608919534786
			33.396861682026	-44.6213690402454
			33.4363845952592	-44.5818461270123
			33.4759075084924	-44.5818461270123
			33.5154304217255	-44.5423232137791
			33.5549533349587	-44.5028003005459
			33.5944762481919	-44.5028003005459
			33.633999161425	-44.4632773873128
			33.6735220746582	-44.4632773873128
			33.7130449878914	-44.4237544740796
			33.7525679011245	-44.3842315608464
			33.7920908143577	-44.3842315608464
			33.8316137275909	-44.3447086476133
			33.871136640824	-44.3447086476133
			33.871136640824	-44.3051857343801
			33.9106595540572	-44.3051857343801
			33.9501824672904	-44.2656628211469
			33.9897053805235	-44.2656628211469
			33.9897053805235	-44.2261399079138
			34.0292282937567	-44.2261399079138
			34.0687512069899	-44.2261399079138
			34.108274120223	-44.1866169946806
			34.1477970334562	-44.1470940814474
			34.1873199466894	-44.1470940814474
			34.2268428599225	-44.1075711682143
			34.2663657731557	-44.0680482549811
			34.3058886863889	-44.0680482549811
			34.345411599622	-44.0285253417479
			34.3849345128552	-43.9890024285148
			34.4244574260884	-43.9890024285148
			34.4639803393215	-43.9494795152816
			34.5035032525547	-43.9099566020484
			34.5430261657879	-43.9099566020484
			34.582549079021	-43.9099566020484
			34.582549079021	-43.8704336888153
			34.6220719922542	-43.8704336888153
			34.6615949054874	-43.8309107755821
			34.7011178187205	-43.8309107755821
			34.7406407319537	-43.7913878623489
			34.7801636451869	-43.7518649491158
			34.81968655842	-43.7518649491158
			34.8592094716532	-43.7123420358826
			34.8987323848864	-43.7123420358826
			34.8987323848864	-43.6728191226494
			34.9382552981195	-43.6728191226494
			34.9777782113527	-43.6332962094163
			35.0173011245859	-43.6332962094163
			35.0173011245859	-43.5937732961831
			35.056824037819	-43.5937732961831
			35.0963469510522	-43.5542503829499
			35.1358698642854	-43.5542503829499
			35.1753927775185	-43.5147274697168
			35.2149156907517	-43.4752045564836
			35.2544386039849	-43.4752045564836
			35.293961517218	-43.4356816432504
			35.3334844304512	-43.4356816432504
			35.3730073436844	-43.3961587300173
			35.4125302569175	-43.3566358167841
			35.4520531701507	-43.3566358167841
			35.4915760833839	-43.3171129035509
			35.531098996617	-43.2775899903178
			35.5706219098502	-43.2775899903178
			35.6101448230834	-43.2380670770846
			35.6496677363165	-43.1985441638514
			35.6891906495497	-43.1985441638514
			35.7287135627829	-43.1590212506183
			35.768236476016	-43.1194983373851
			35.8077593892492	-43.1194983373851
			35.8472823024824	-43.1194983373851
			35.8472823024824	-43.0799754241519
			35.8868052157155	-43.0799754241519
			35.9263281289487	-43.0799754241519
			35.9263281289487	-43.0404525109188
			35.9658510421819	-43.0404525109188
			35.9658510421819	-43.0009295976856
			36.005373955415	-43.0009295976856
			36.0448968686482	-43.0009295976856
			36.0448968686482	-42.9614066844524
			36.0844197818814	-42.9614066844524
			36.1239426951146	-42.9218837712193
			36.1634656083477	-42.8823608579861
			36.2029885215809	-42.8823608579861
			36.242511434814	-42.8428379447529
			36.2820343480472	-42.8428379447529
			36.3215572612804	-42.8033150315198
			36.3610801745136	-42.7637921182866
			36.4006030877467	-42.7637921182866
			36.4401260009799	-42.7242692050534
			36.4796489142131	-42.7242692050534
			36.5191718274462	-42.6847462918203
			36.5586947406794	-42.6452233785871
			36.5982176539125	-42.6452233785871
			36.5982176539125	-42.6057004653539
			36.6377405671457	-42.6057004653539
			36.6772634803789	-42.5661775521208
			36.7167863936121	-42.5661775521208
			36.7563093068452	-42.5266546388876
			36.7958322200784	-42.5266546388876
			36.7958322200784	-42.4871317256544
			36.8353551333116	-42.4871317256544
			36.8748780465447	-42.4476088124213
			36.9144009597779	-42.4476088124213
			36.9539238730111	-42.4080858991881
			36.9934467862442	-42.4080858991881
			36.9934467862442	-42.3685629859549
			37.0329696994774	-42.3685629859549
			37.0724926127106	-42.3290400727218
			37.1120155259437	-42.3290400727218
			37.1515384391769	-42.2895171594886
			37.1910613524101	-42.2499942462554
			37.2305842656432	-42.2499942462554
			37.2701071788764	-42.2104713330222
			37.3096300921096	-42.1709484197891
			37.3491530053427	-42.1709484197891
			37.3886759185759	-42.1314255065559
			37.4281988318091	-42.1314255065559
			37.4677217450422	-42.0919025933228
			37.5072446582754	-42.0523796800896
			37.5467675715086	-42.0523796800896
			37.5862904847417	-42.0128567668564
			37.6258133979749	-42.0128567668564
			37.6653363112081	-41.9733338536233
			37.7048592244412	-41.9338109403901
			37.7443821376744	-41.9338109403901
			37.7839050509076	-41.8942880271569
			37.8234279641407	-41.8942880271569
			37.8234279641407	-41.8547651139237
			37.8629508773739	-41.8547651139237
			37.9024737906071	-41.8152422006906
			37.9419967038402	-41.7757192874574
			37.9815196170734	-41.7757192874574
			38.0210425303066	-41.7361963742242
			38.0605654435397	-41.7361963742242
			38.1000883567729	-41.6966734609911
			38.1396112700061	-41.6966734609911
			38.1791341832392	-41.6571505477579
			38.2186570964724	-41.6176276345248
			38.2581800097056	-41.5781047212916
			38.2977029229387	-41.5781047212916
			38.3372258361719	-41.5385818080584
			38.3767487494051	-41.5385818080584
			38.3767487494051	-41.4990588948252
			38.4162716626382	-41.4990588948252
			38.4557945758714	-41.4990588948252
			38.4557945758714	-41.4595359815921
			38.4953174891046	-41.4595359815921
			38.5348404023377	-41.4200130683589
			38.5743633155709	-41.4200130683589
			38.6138862288041	-41.3804901551257
			38.6534091420372	-41.3409672418926
			38.6929320552704	-41.3409672418926
			38.7324549685036	-41.3014443286594
			38.7719778817367	-41.3014443286594
			38.7719778817367	-41.2619214154262
			38.8115007949699	-41.2619214154262
			38.8510237082031	-41.2223985021931
			38.8905466214362	-41.2223985021931
			38.8905466214362	-41.1828755889599
			38.9300695346694	-41.1828755889599
			38.9695924479026	-41.1433526757267
			39.0091153611357	-41.1433526757267
			39.0091153611357	-41.1038297624936
			39.0486382743689	-41.1038297624936
			39.0881611876021	-41.1038297624936
			39.0881611876021	-41.0643068492604
			39.1276841008352	-41.0643068492604
			39.1672070140684	-41.0247839360272
			39.2067299273016	-41.0247839360272
			39.2067299273016	-40.9852610227941
			39.2462528405347	-40.9852610227941
			39.2857757537679	-40.9457381095609
			39.3252986670011	-40.9457381095609
			39.3648215802342	-40.9062151963277
			39.4043444934674	-40.8666922830946
			39.4438674067006	-40.8666922830946
			39.4833903199337	-40.8271693698614
			39.5229132331669	-40.7876464566282
			39.5624361464001	-40.7876464566282
			39.6019590596332	-40.7481235433951
			39.6414819728664	-40.7086006301619
			39.6810048860996	-40.7086006301619
			39.7205277993327	-40.6690777169287
			39.7600507125659	-40.6690777169287
			39.7995736257991	-40.6295548036956
			39.8390965390322	-40.5900318904624
			39.8786194522654	-40.5900318904624
			39.9181423654986	-40.5505089772292
			39.9576652787317	-40.5505089772292
			39.9971881919649	-40.5109860639961
			40.0367111051981	-40.4714631507629
			40.0762340184312	-40.4714631507629
			40.1157569316644	-40.4319402375297
			40.1552798448976	-40.4319402375297
			40.1948027581307	-40.3924173242966
			40.2343256713639	-40.3528944110634
			40.2738485845971	-40.3133714978302
			40.3133714978302	-40.3133714978302
			40.3528944110634	-40.2738485845971
			40.3924173242966	-40.2738485845971
			40.4319402375297	-40.2343256713639
			40.4714631507629	-40.1948027581307
			40.5109860639961	-40.1948027581307
			40.5505089772292	-40.1948027581307
			40.5900318904624	-40.1552798448976
			40.6295548036956	-40.1552798448976
			40.6690777169287	-40.1157569316644
			40.7086006301619	-40.1157569316644
			40.7481235433951	-40.0762340184312
			40.7876464566282	-40.0762340184312
			40.8271693698614	-40.0367111051981
			40.8666922830946	-40.0367111051981
			40.9062151963277	-39.9971881919649
			40.9457381095609	-39.9971881919649
			40.9852610227941	-39.9971881919649
			41.0247839360272	-39.9576652787317
			41.0643068492604	-39.9576652787317
			41.1038297624936	-39.9181423654986
			41.1433526757267	-39.9181423654986
			41.1828755889599	-39.8786194522654
			41.2223985021931	-39.8786194522654
			41.2619214154262	-39.8786194522654
			41.2619214154262	-39.8390965390322
			41.3014443286594	-39.8390965390322
			41.3409672418926	-39.8390965390322
			41.3409672418926	-39.7995736257991
			41.3804901551257	-39.7995736257991
			41.4200130683589	-39.7995736257991
			41.4595359815921	-39.7600507125659
			41.4990588948252	-39.7600507125659
			41.5385818080584	-39.7205277993327
			41.5781047212916	-39.7205277993327
			41.6176276345248	-39.6810048860996
			41.6571505477579	-39.6810048860996
			41.6966734609911	-39.6414819728664
			41.7361963742242	-39.6414819728664
			41.7757192874574	-39.6019590596332
			41.8152422006906	-39.6019590596332
			41.8547651139237	-39.5624361464001
			41.8942880271569	-39.5624361464001
			41.9338109403901	-39.5624361464001
			41.9733338536233	-39.5229132331669
			42.0128567668564	-39.5229132331669
			42.0523796800896	-39.4833903199337
			42.0919025933228	-39.4833903199337
			42.1314255065559	-39.4438674067006
			42.1709484197891	-39.4438674067006
			42.2104713330222	-39.4043444934674
			42.2499942462554	-39.4043444934674
			42.2895171594886	-39.4043444934674
			42.3290400727218	-39.3648215802342
			42.3685629859549	-39.3648215802342
			42.4080858991881	-39.3252986670011
			42.4476088124213	-39.3252986670011
			42.4871317256544	-39.2857757537679
			42.5266546388876	-39.2857757537679
			42.5661775521208	-39.2857757537679
			42.6057004653539	-39.2462528405347
			42.6452233785871	-39.2462528405347
			42.6847462918203	-39.2067299273016
			42.7242692050534	-39.2067299273016
			42.7637921182866	-39.1672070140684
			42.8033150315198	-39.1672070140684
			42.8428379447529	-39.1276841008352
			42.8823608579861	-39.1276841008352
			42.9218837712193	-39.0881611876021
			42.9614066844524	-39.0881611876021
			43.0009295976856	-39.0881611876021
			43.0404525109188	-39.0486382743689
			43.0799754241519	-39.0486382743689
			43.1194983373851	-39.0486382743689
			43.1194983373851	-39.0091153611357
			43.1590212506183	-39.0091153611357
			43.1985441638514	-38.9695924479026
			43.2380670770846	-38.9695924479026
			43.2775899903178	-38.9300695346694
			43.3171129035509	-38.9300695346694
			43.3566358167841	-38.9300695346694
			43.3961587300173	-38.8905466214362
			43.4356816432504	-38.8905466214362
			43.4752045564836	-38.8510237082031
			43.5147274697168	-38.8510237082031
			43.5542503829499	-38.8510237082031
			43.5542503829499	-38.8115007949699
			43.5937732961831	-38.8115007949699
			43.6332962094163	-38.7719778817367
			43.6728191226494	-38.7719778817367
			43.7123420358826	-38.7719778817367
			43.7518649491158	-38.7324549685036
			43.7913878623489	-38.7324549685036
			43.8309107755821	-38.7324549685036
			43.8704336888153	-38.6929320552704
			43.9099566020484	-38.6534091420372
			43.9494795152816	-38.6534091420372
			43.9890024285148	-38.6534091420372
			44.0285253417479	-38.6138862288041
			44.0680482549811	-38.6138862288041
			44.1075711682143	-38.5743633155709
			44.1470940814474	-38.5743633155709
			44.1866169946806	-38.5348404023377
			44.2261399079138	-38.5348404023377
			44.2656628211469	-38.4953174891046
			44.3051857343801	-38.4953174891046
			44.3447086476133	-38.4953174891046
			44.3842315608464	-38.4557945758714
			44.4237544740796	-38.4557945758714
			44.4632773873128	-38.4162716626382
			44.5028003005459	-38.4162716626382
			44.5423232137791	-38.3767487494051
			44.5818461270123	-38.3767487494051
			44.6213690402454	-38.3767487494051
			44.6608919534786	-38.3372258361719
			44.7004148667118	-38.3372258361719
			44.7399377799449	-38.2977029229387
			44.7794606931781	-38.2977029229387
			44.8189836064113	-38.2977029229387
			44.8585065196444	-38.2581800097056
			44.8980294328776	-38.2581800097056
			44.9375523461108	-38.2186570964724
			44.9770752593439	-38.2186570964724
			45.0165981725771	-38.2186570964724
			45.0561210858103	-38.1791341832392
			45.0956439990434	-38.1791341832392
			45.1351669122766	-38.1396112700061
			45.1746898255098	-38.1396112700061
			45.2142127387429	-38.1000883567729
			45.2537356519761	-38.1000883567729
			45.2932585652093	-38.1000883567729
			45.3327814784424	-38.0605654435397
			45.3723043916756	-38.0605654435397
			45.4118273049088	-38.0210425303066
			45.4513502181419	-38.0210425303066
			45.4908731313751	-37.9815196170734
			45.5303960446083	-37.9815196170734
			45.5699189578414	-37.9815196170734
			45.6094418710746	-37.9419967038402
			45.6489647843078	-37.9419967038402
			45.6884876975409	-37.9024737906071
			45.7280106107741	-37.9024737906071
			45.7675335240073	-37.9024737906071
			45.7675335240073	-37.8629508773739
			45.8070564372404	-37.8629508773739
			45.8465793504736	-37.8629508773739
			45.8861022637068	-37.8234279641407
			45.9256251769399	-37.8234279641407
			45.9651480901731	-37.8234279641407
			45.9651480901731	-37.7839050509076
			46.0046710034063	-37.7839050509076
			46.0441939166394	-37.7839050509076
			46.0837168298726	-37.7443821376744
			46.1232397431058	-37.7443821376744
			46.1627626563389	-37.7048592244412
			46.2022855695721	-37.7048592244412
			46.2418084828053	-37.7048592244412
			46.2813313960384	-37.6653363112081
			46.3208543092716	-37.6653363112081
			46.3603772225048	-37.6653363112081
			46.3999001357379	-37.6258133979749
			46.4394230489711	-37.6258133979749
			46.4789459622043	-37.6258133979749
			46.4789459622043	-37.5862904847417
			46.5184688754374	-37.5862904847417
			46.5579917886706	-37.5862904847417
			46.5975147019038	-37.5467675715086
			46.6370376151369	-37.5467675715086
			46.6765605283701	-37.5467675715086
			46.7160834416033	-37.5072446582754
			46.7556063548364	-37.5072446582754
			46.7951292680696	-37.4677217450422
			46.8346521813028	-37.4677217450422
			46.8741750945359	-37.4677217450422
			46.9136980077691	-37.4281988318091
			46.9532209210023	-37.4281988318091
			46.9927438342354	-37.4281988318091
			47.0322667474686	-37.3886759185759
			47.0717896607018	-37.3886759185759
			47.1113125739349	-37.3886759185759
			47.1508354871681	-37.3491530053427
			47.1903584004013	-37.3491530053427
			47.2298813136345	-37.3096300921096
			47.2694042268676	-37.3096300921096
			47.3089271401008	-37.3096300921096
			47.3484500533339	-37.2701071788764
			47.3879729665671	-37.2701071788764
			47.4274958798003	-37.2701071788764
			47.4670187930334	-37.2305842656432
			47.5065417062666	-37.2305842656432
			47.5460646194998	-37.1910613524101
			47.585587532733	-37.1910613524101
			47.6251104459661	-37.1515384391769
			47.6646333591993	-37.1515384391769
			47.7041562724324	-37.1515384391769
			47.7436791856656	-37.1120155259437
			47.7832020988988	-37.1120155259437
			47.822725012132	-37.1120155259437
			47.8622479253651	-37.0724926127106
			47.9017708385983	-37.0724926127106
			47.9412937518315	-37.0724926127106
			47.9808166650646	-37.0329696994774
			48.0203395782978	-37.0329696994774
			48.059862491531	-37.0329696994774
			48.0993854047641	-36.9934467862442
			48.1389083179973	-36.9934467862442
			48.1784312312305	-36.9539238730111
			48.2179541444636	-36.9539238730111
			48.2574770576968	-36.9539238730111
			48.29699997093	-36.9144009597779
			48.3365228841631	-36.9144009597779
			48.3760457973963	-36.9144009597779
			48.4155687106295	-36.8748780465447
			48.4550916238626	-36.8748780465447
			48.4946145370958	-36.8353551333116
			48.534137450329	-36.8353551333116
			48.5736603635621	-36.8353551333116
			48.6131832767953	-36.7958322200784
			48.6527061900285	-36.7958322200784
			48.6922291032616	-36.7958322200784
			48.7317520164948	-36.7563093068452
			48.771274929728	-36.7563093068452
			48.8107978429611	-36.7563093068452
			48.8503207561943	-36.7167863936121
			48.8898436694275	-36.7167863936121
			48.9293665826606	-36.7167863936121
			48.9688894958938	-36.6772634803789
			49.008412409127	-36.6772634803789
			49.0479353223601	-36.6772634803789
			49.0874582355933	-36.6377405671457
			49.1269811488265	-36.6377405671457
			49.1665040620596	-36.6377405671457
			49.2060269752928	-36.5982176539125
			49.245549888526	-36.5982176539125
			49.2850728017591	-36.5982176539125
			49.3245957149923	-36.5586947406794
			49.3641186282255	-36.5586947406794
			49.4036415414586	-36.5586947406794
			49.4431644546918	-36.5191718274462
			49.482687367925	-36.5191718274462
			49.5222102811581	-36.5191718274462
			49.5617331943913	-36.5191718274462
			49.6012561076245	-36.4796489142131
			49.6407790208576	-36.4796489142131
			49.6803019340908	-36.4401260009799
			49.719824847324	-36.4401260009799
			49.7593477605571	-36.4401260009799
			49.7988706737903	-36.4401260009799
			49.7988706737903	-36.4006030877467
			49.8383935870235	-36.4006030877467
			49.8779165002566	-36.4006030877467
			49.9174394134898	-36.4006030877467
			49.956962326723	-36.3610801745136
			49.9964852399561	-36.3610801745136
			50.0360081531893	-36.3610801745136
			50.0755310664225	-36.3215572612804
			50.1150539796556	-36.3215572612804
			50.1545768928888	-36.3215572612804
			50.194099806122	-36.2820343480472
			50.2336227193551	-36.2820343480472
			50.2731456325883	-36.2820343480472
			50.3126685458215	-36.2820343480472
			50.3521914590546	-36.242511434814
			50.3917143722878	-36.242511434814
			50.431237285521	-36.242511434814
			50.4707601987541	-36.2029885215809
			50.5102831119873	-36.2029885215809
			50.5498060252205	-36.2029885215809
			50.5893289384536	-36.1634656083477
			50.6288518516868	-36.1634656083477
			50.66837476492	-36.1634656083477
			50.7078976781531	-36.1634656083477
			50.7474205913863	-36.1239426951146
			50.7869435046195	-36.1239426951146
			50.8264664178526	-36.1239426951146
			50.8659893310858	-36.1239426951146
			50.905512244319	-36.0844197818814
			50.9450351575521	-36.0844197818814
			50.9845580707853	-36.0844197818814
			51.0240809840185	-36.0844197818814
			51.0636038972516	-36.0448968686482
			51.1031268104848	-36.0448968686482
			51.142649723718	-36.0448968686482
			51.1821726369511	-36.005373955415
			51.2216955501843	-36.005373955415
			51.2612184634175	-36.005373955415
			51.3007413766506	-36.005373955415
			51.3402642898838	-35.9658510421819
			51.379787203117	-35.9658510421819
			51.4193101163501	-35.9658510421819
			51.4588330295833	-35.9658510421819
			51.4983559428165	-35.9263281289487
			51.5378788560496	-35.9263281289487
			51.5774017692828	-35.9263281289487
			51.616924682516	-35.9263281289487
			51.6564475957491	-35.9263281289487
			51.6959705089823	-35.8868052157155
			51.7354934222155	-35.8868052157155
			51.7750163354486	-35.8868052157155
			51.8145392486818	-35.8472823024824
			51.854062161915	-35.8472823024824
			51.8935850751481	-35.8472823024824
			51.9331079883813	-35.8472823024824
			51.9726309016145	-35.8472823024824
			52.0121538148476	-35.8077593892492
			52.0516767280808	-35.8077593892492
			52.091199641314	-35.8077593892492
			52.1307225545471	-35.8077593892492
			52.1702454677803	-35.8077593892492
			52.2097683810135	-35.768236476016
			52.2492912942466	-35.768236476016
			52.2888142074798	-35.768236476016
			52.328337120713	-35.768236476016
			52.3678600339461	-35.768236476016
			52.4073829471793	-35.7287135627829
			52.4469058604125	-35.7287135627829
			52.4864287736456	-35.7287135627829
			52.5259516868788	-35.7287135627829
			52.565474600112	-35.7287135627829
			52.6049975133451	-35.7287135627829
			52.6445204265783	-35.6891906495497
			52.6840433398115	-35.6891906495497
			52.7235662530446	-35.6891906495497
			52.7630891662778	-35.6891906495497
			52.802612079511	-35.6891906495497
			52.8421349927441	-35.6891906495497
			52.8816579059773	-35.6496677363165
			52.9211808192105	-35.6496677363165
			52.9607037324436	-35.6496677363165
			53.0002266456768	-35.6496677363165
			53.03974955891	-35.6496677363165
			53.0792724721432	-35.6496677363165
			53.1187953853763	-35.6496677363165
			53.1583182986095	-35.6496677363165
			53.1978412118427	-35.6101448230834
			53.2373641250758	-35.6101448230834
			53.276887038309	-35.6101448230834
			53.3164099515421	-35.6101448230834
			53.3559328647753	-35.6101448230834
			53.3954557780085	-35.6101448230834
			53.4349786912417	-35.6101448230834
			53.4745016044748	-35.6101448230834
			53.514024517708	-35.6101448230834
			53.5535474309412	-35.6101448230834
			53.5930703441743	-35.5706219098502
			53.6325932574075	-35.5706219098502
			53.6721161706407	-35.5706219098502
			53.7116390838738	-35.5706219098502
			53.751161997107	-35.5706219098502
			53.7906849103402	-35.5706219098502
			53.8302078235733	-35.5706219098502
			53.8697307368065	-35.5706219098502
			53.9092536500397	-35.5706219098502
			53.9487765632728	-35.5706219098502
			53.988299476506	-35.5706219098502
			54.0278223897392	-35.5706219098502
			54.0673453029723	-35.5706219098502
			54.1068682162055	-35.5706219098502
			54.1463911294387	-35.5706219098502
			54.1859140426718	-35.5706219098502
			54.225436955905	-35.5706219098502
			54.2649598691382	-35.5706219098502
			54.3044827823713	-35.5706219098502
			54.3440056956045	-35.5706219098502
			54.3835286088377	-35.5706219098502
			54.4230515220708	-35.5706219098502
			54.462574435304	-35.6101448230834
			54.5020973485372	-35.6101448230834
			54.5416202617703	-35.6101448230834
			54.5811431750035	-35.6101448230834
			54.6206660882367	-35.6101448230834
			54.6601890014698	-35.6101448230834
			54.699711914703	-35.6101448230834
			54.7392348279362	-35.6101448230834
			54.7787577411693	-35.6496677363165
			54.8182806544025	-35.6496677363165
			54.8578035676357	-35.6496677363165
			54.8973264808688	-35.6496677363165
			54.936849394102	-35.6496677363165
			54.9763723073352	-35.6891906495497
			55.0158952205683	-35.6891906495497
			55.0554181338015	-35.6891906495497
			55.0949410470347	-35.7287135627829
			55.1344639602678	-35.7287135627829
			55.173986873501	-35.7287135627829
			55.2135097867342	-35.7287135627829
			55.2135097867342	-35.768236476016
			55.2530326999673	-35.768236476016
			55.2925556132005	-35.768236476016
			55.3320785264337	-35.8077593892492
			55.3716014396668	-35.8077593892492
			55.4111243529	-35.8472823024824
			55.4506472661332	-35.8472823024824
			55.4901701793663	-35.8868052157155
			55.5296930925995	-35.8868052157155
			55.5296930925995	-35.9263281289487
			55.5692160058327	-35.9263281289487
			55.6087389190658	-35.9658510421819
			55.648261832299	-36.005373955415
			55.6877847455322	-36.0448968686482
			55.7273076587653	-36.0448968686482
			55.7668305719985	-36.0844197818814
			55.8063534852317	-36.1239426951146
			55.8063534852317	-36.1634656083477
			55.8458763984648	-36.2029885215809
			55.885399311698	-36.242511434814
			55.9249222249312	-36.2820343480472
			55.9644451381643	-36.3215572612804
			55.9644451381643	-36.3610801745136
			55.9644451381643	-36.4006030877467
			56.0039680513975	-36.4401260009799
			56.0039680513975	-36.4796489142131
			56.0434909646307	-36.5191718274462
			56.0434909646307	-36.5586947406794
			56.0830138778638	-36.5982176539125
			56.122536791097	-36.6377405671457
			56.1620597043302	-36.6772634803789
			56.2015826175633	-36.7167863936121
			56.2411055307965	-36.7167863936121
			56.2806284440297	-36.7563093068452
			56.3201513572628	-36.7563093068452
			56.3201513572628	-36.7958322200784
			56.359674270496	-36.7958322200784
			56.3991971837292	-36.8353551333116
			56.3991971837292	-36.8748780465447
			56.4387200969623	-36.8748780465447
			56.4782430101955	-36.9144009597779
			56.5177659234287	-36.9539238730111
			56.5572888366618	-36.9934467862442
			56.596811749895	-36.9934467862442
			56.6363346631282	-37.0329696994774
			56.6363346631282	-37.0724926127106
			56.6758575763613	-37.0724926127106
			56.7153804895945	-37.1120155259437
			56.7549034028277	-37.1515384391769
			56.7944263160608	-37.1515384391769
			56.833949229294	-37.1910613524101
			56.8734721425272	-37.2305842656432
			56.9129950557603	-37.2701071788764
			56.9525179689935	-37.3096300921096
			56.9920408822267	-37.3491530053427
			57.0315637954598	-37.3491530053427
			57.071086708693	-37.3886759185759
			57.1106096219262	-37.4281988318091
			57.1501325351593	-37.4677217450422
			57.1896554483925	-37.4677217450422
			57.1896554483925	-37.5072446582754
			57.2291783616257	-37.5072446582754
			57.2687012748588	-37.5467675715086
			57.308224188092	-37.5862904847417
			57.3477471013252	-37.6258133979749
			57.3872700145583	-37.6653363112081
			57.4267929277915	-37.6653363112081
			57.4663158410247	-37.7048592244412
			57.5058387542578	-37.7048592244412
			57.5058387542578	-37.7443821376744
			57.545361667491	-37.7839050509076
			57.5848845807242	-37.7839050509076
			57.6244074939573	-37.8234279641407
			57.6639304071905	-37.8629508773739
			57.7034533204237	-37.9024737906071
			57.7429762336568	-37.9024737906071
			57.78249914689	-37.9419967038402
			57.8220220601232	-37.9815196170734
			57.8615449733563	-38.0210425303066
			57.9010678865895	-38.0210425303066
			57.9405907998227	-38.0605654435397
			57.9801137130558	-38.1000883567729
			58.019636626289	-38.1000883567729
			58.019636626289	-38.1396112700061
			58.0591595395222	-38.1791341832392
			58.0986824527553	-38.2186570964724
			58.1382053659885	-38.2186570964724
			58.1777282792217	-38.2581800097056
			58.2172511924548	-38.2977029229387
			58.256774105688	-38.3372258361719
			58.2962970189212	-38.3372258361719
			58.3358199321544	-38.3767487494051
			58.3753428453875	-38.4162716626382
			58.4148657586207	-38.4162716626382
			58.4543886718538	-38.4557945758714
			58.493911585087	-38.4953174891046
			58.5334344983202	-38.5348404023377
			58.5729574115533	-38.5348404023377
			58.6124803247865	-38.5743633155709
			58.6520032380197	-38.6138862288041
			58.6915261512529	-38.6534091420372
			58.731049064486	-38.6534091420372
			58.731049064486	-38.6929320552704
			58.7705719777192	-38.7324549685036
			58.8100948909523	-38.7324549685036
			58.8496178041855	-38.7719778817367
			58.8891407174187	-38.8115007949699
			58.9286636306519	-38.8510237082031
			58.968186543885	-38.8510237082031
			59.0077094571182	-38.8905466214362
			59.0472323703514	-38.9300695346694
			59.0867552835845	-38.9695924479026
			59.1262781968177	-38.9695924479026
			59.1658011100509	-39.0091153611357
			59.205324023284	-39.0486382743689
			59.2448469365172	-39.0881611876021
			59.2843698497504	-39.0881611876021
			59.3238927629835	-39.1276841008352
			59.3634156762167	-39.1672070140684
			59.4029385894499	-39.2067299273016
			59.442461502683	-39.2067299273016
			59.4819844159162	-39.2462528405347
			59.5215073291494	-39.2857757537679
			59.5610302423825	-39.3252986670011
			59.6005531556157	-39.3252986670011
			59.6400760688489	-39.3648215802342
			59.679598982082	-39.4043444934674
			59.7191218953152	-39.4438674067006
			59.7586448085484	-39.4438674067006
			59.7981677217815	-39.4833903199337
			59.8376906350147	-39.5229132331669
			59.8772135482479	-39.5624361464001
			59.916736461481	-39.5624361464001
			59.9562593747142	-39.6019590596332
			59.9957822879474	-39.6414819728664
			60.0353052011805	-39.6810048860996
			60.0748281144137	-39.6810048860996
			60.1143510276469	-39.7205277993327
			60.15387394088	-39.7600507125659
			60.1933968541132	-39.7995736257991
			60.2329197673464	-39.7995736257991
			60.2724426805795	-39.8390965390322
			60.3119655938127	-39.8786194522654
			60.3514885070459	-39.9181423654986
			60.391011420279	-39.9181423654986
			60.4305343335122	-39.9576652787317
			60.4700572467454	-39.9971881919649
			60.5095801599785	-40.0367111051981
			60.5491030732117	-40.0367111051981
			60.5886259864449	-40.0762340184312
			60.628148899678	-40.1157569316644
			60.6676718129112	-40.1552798448976
			60.7071947261444	-40.1552798448976
			60.7467176393775	-40.1948027581307
			60.7862405526107	-40.2343256713639
			60.8257634658439	-40.2738485845971
			60.865286379077	-40.2738485845971
			60.9048092923102	-40.3133714978302
			60.9443322055434	-40.3528944110634
			60.9838551187765	-40.3528944110634
			60.9838551187765	-40.3924173242966
			61.0233780320097	-40.3924173242966
			61.0629009452429	-40.3924173242966
			61.0629009452429	-40.4319402375297
			61.102423858476	-40.4319402375297
			61.102423858476	-40.4714631507629
			61.1419467717092	-40.4714631507629
			61.1814696849424	-40.5109860639961
			61.2209925981755	-40.5505089772292
			61.2605155114087	-40.5900318904624
			61.3000384246419	-40.5900318904624
			61.339561337875	-40.6295548036956
			61.3790842511082	-40.6295548036956
			61.3790842511082	-40.6690777169287
			61.4186071643414	-40.6690777169287
			61.4581300775745	-40.7086006301619
			61.4976529908077	-40.7086006301619
			61.4976529908077	-40.7481235433951
			61.5371759040409	-40.7876464566282
			61.576698817274	-40.7876464566282
			61.6162217305072	-40.8271693698614
			61.6557446437404	-40.8666922830946
			61.6952675569735	-40.8666922830946
			61.7347904702067	-40.9062151963277
			61.7743133834399	-40.9457381095609
			61.813836296673	-40.9457381095609
			61.8533592099062	-40.9852610227941
			61.8928821231394	-41.0247839360272
			61.9324050363725	-41.0247839360272
			61.9719279496057	-41.0643068492604
			62.0114508628389	-41.1038297624936
			62.050973776072	-41.1433526757267
			62.0904966893052	-41.1828755889599
			62.1300196025384	-41.1828755889599
			62.1695425157715	-41.2223985021931
			62.2090654290047	-41.2223985021931
			62.2090654290047	-41.2619214154262
			62.2485883422379	-41.2619214154262
			62.288111255471	-41.3014443286594
			62.3276341687042	-41.3409672418926
			62.3671570819374	-41.3804901551257
			62.4066799951705	-41.3804901551257
			62.4462029084037	-41.4200130683589
			62.4857258216369	-41.4200130683589
			62.4857258216369	-41.4595359815921
			62.52524873487	-41.4595359815921
			62.5647716481032	-41.4595359815921
			62.5647716481032	-41.4990588948252
			62.6042945613364	-41.4990588948252
			62.6438174745695	-41.5385818080584
			62.6833403878027	-41.5385818080584
			62.7228633010359	-41.5781047212916
			62.762386214269	-41.6176276345248
			62.8019091275022	-41.6176276345248
			62.8414320407354	-41.6176276345248
			62.8809549539685	-41.6571505477579
			62.9204778672017	-41.6966734609911
			62.9600007804349	-41.6966734609911
			62.999523693668	-41.7361963742242
			63.0390466069012	-41.7757192874574
			63.0785695201344	-41.7757192874574
			63.1180924333675	-41.8152422006906
			63.1576153466007	-41.8152422006906
			63.1971382598339	-41.8547651139237
			63.236661173067	-41.8942880271569
			63.2761840863002	-41.8942880271569
			63.3157069995334	-41.9338109403901
			63.3552299127665	-41.9338109403901
			63.3947528259997	-41.9733338536233
			63.4342757392329	-42.0128567668564
			63.473798652466	-42.0128567668564
			63.5133215656992	-42.0523796800896
			63.5528444789324	-42.0523796800896
			63.5923673921655	-42.0919025933228
			63.6318903053987	-42.1314255065559
			63.6714132186319	-42.1314255065559
			63.710936131865	-42.1709484197891
			63.7504590450982	-42.1709484197891
			63.7504590450982	-42.2104713330222
			63.7899819583314	-42.2499942462554
			63.8295048715645	-42.2499942462554
			63.8690277847977	-42.2895171594886
			63.9085506980309	-42.3290400727218
			63.948073611264	-42.3290400727218
			63.9875965244972	-42.3685629859549
			64.0271194377304	-42.4080858991881
			64.0666423509635	-42.4080858991881
			64.1061652641967	-42.4476088124213
			64.1456881774299	-42.4871317256544
			64.185211090663	-42.4871317256544
			64.2247340038962	-42.5266546388876
			64.2642569171294	-42.5661775521208
			64.3037798303625	-42.5661775521208
			64.3433027435957	-42.6057004653539
			64.3828256568289	-42.6452233785871
			64.4223485700621	-42.6452233785871
			64.4618714832952	-42.6847462918203
			64.5013943965284	-42.7242692050534
			64.5409173097616	-42.7637921182866
			64.5804402229947	-42.7637921182866
			64.5804402229947	-42.8033150315198
			64.6199631362279	-42.8428379447529
			64.6594860494611	-42.8428379447529
			64.6990089626942	-42.8823608579861
			64.7385318759274	-42.9218837712193
			64.7780547891605	-42.9614066844524
			64.8175777023937	-42.9614066844524
			64.8571006156269	-43.0009295976856
			64.89662352886	-43.0404525109188
			64.9361464420932	-43.0404525109188
			64.9756693553264	-43.0799754241519
			65.0151922685596	-43.1194983373851
			65.0547151817927	-43.1590212506183
			65.0942380950259	-43.1590212506183
			65.1337610082591	-43.1985441638514
			65.1732839214922	-43.2380670770846
			65.2128068347254	-43.2775899903178
			65.2523297479586	-43.3171129035509
			65.2918526611917	-43.3566358167841
			65.3313755744249	-43.3566358167841
			65.3313755744249	-43.3961587300173
			65.3708984876581	-43.3961587300173
			65.4104214008912	-43.4356816432504
			65.4104214008912	-43.4752045564836
			65.4499443141244	-43.4752045564836
			65.4894672273576	-43.5147274697168
			65.5289901405907	-43.5542503829499
			65.5685130538239	-43.5937732961831
			65.6080359670571	-43.6332962094163
			65.6475588802902	-43.6332962094163
			65.6870817935234	-43.6728191226494
			65.7266047067566	-43.7123420358826
			65.7661276199897	-43.7123420358826
			65.7661276199897	-43.7518649491158
			65.8056505332229	-43.7913878623489
			65.8451734464561	-43.7913878623489
			65.8846963596892	-43.8309107755821
			65.9242192729224	-43.8704336888153
			65.9242192729224	-43.9099566020484
			65.9637421861556	-43.9099566020484
			66.0032650993887	-43.9494795152816
			66.0427880126219	-43.9890024285148
			66.0823109258551	-43.9890024285148
			66.0823109258551	-44.0285253417479
			66.1218338390882	-44.0680482549811
			66.1613567523214	-44.1075711682143
			66.2008796655546	-44.1075711682143
			66.2404025787877	-44.1470940814474
			66.2404025787877	-44.1866169946806
			66.2799254920209	-44.2261399079138
			66.3194484052541	-44.2261399079138
			66.3589713184872	-44.2656628211469
			66.3589713184872	-44.3051857343801
			66.3984942317204	-44.3051857343801
			66.4380171449536	-44.3447086476133
			66.4775400581867	-44.3842315608464
			66.5170629714199	-44.4237544740796
			66.5565858846531	-44.4632773873128
			66.5961087978862	-44.5028003005459
			66.6356317111194	-44.5423232137791
			66.6751546243526	-44.5818461270123
			66.7146775375857	-44.6213690402454
			66.7542004508189	-44.6608919534786
			66.7937233640521	-44.7004148667118
			66.8332462772852	-44.7399377799449
			66.8727691905184	-44.7794606931781
			66.9122921037516	-44.8189836064113
			66.9518150169847	-44.8189836064113
			66.9913379302179	-44.8585065196444
			67.0308608434511	-44.8980294328776
			67.0703837566842	-44.9375523461108
			67.0703837566842	-44.9770752593439
			67.1099066699174	-45.0165981725771
			67.1494295831506	-45.0561210858103
			67.1889524963837	-45.0956439990434
			67.2284754096169	-45.1351669122766
			67.2679983228501	-45.1746898255098
			67.3075212360832	-45.2142127387429
			67.3470441493164	-45.2537356519761
			67.3865670625496	-45.2932585652093
			67.4260899757827	-45.3327814784424
			67.4656128890159	-45.3723043916756
			67.5051358022491	-45.4118273049088
			67.5446587154822	-45.4513502181419
			67.5841816287154	-45.4908731313751
			67.6237045419486	-45.5303960446083
			67.6632274551817	-45.5699189578414
			67.6632274551817	-45.6094418710746
			67.7027503684149	-45.6489647843078
			67.7422732816481	-45.6884876975409
			67.7817961948812	-45.7280106107741
			67.8213191081144	-45.7675335240073
			67.8608420213476	-45.8070564372404
			67.9003649345807	-45.8465793504736
			67.9398878478139	-45.8861022637068
			67.9794107610471	-45.9256251769399
			68.0189336742802	-45.9651480901731
			68.0584565875134	-46.0046710034063
			68.0979795007466	-46.0441939166394
			68.1375024139797	-46.0837168298726
			68.1770253272129	-46.1232397431058
			68.1770253272129	-46.1627626563389
			68.2165482404461	-46.2022855695721
			68.2560711536792	-46.2418084828053
			68.2955940669124	-46.2813313960384
			68.3351169801456	-46.2813313960384
			68.3746398933787	-46.3208543092716
			68.4141628066119	-46.3603772225048
			68.4536857198451	-46.3603772225048
			68.4932086330782	-46.3999001357379
			68.5327315463114	-46.4394230489711
			68.5722544595446	-46.4789459622043
			68.6117773727777	-46.4789459622043
			68.6513002860109	-46.5184688754374
			68.6513002860109	-46.5579917886706
			68.6908231992441	-46.5579917886706
			68.7303461124772	-46.5975147019038
			68.7698690257104	-46.6370376151369
			68.8093919389436	-46.6370376151369
			68.8489148521767	-46.6765605283701
			68.8884377654099	-46.7160834416033
			68.9279606786431	-46.7160834416033
			68.9279606786431	-46.7556063548364
			68.9674835918762	-46.7951292680696
			69.0070065051094	-46.7951292680696
			69.0465294183426	-46.8346521813028
			69.0860523315757	-46.8741750945359
			69.1255752448089	-46.8741750945359
			69.1255752448089	-46.9136980077691
			69.1650981580421	-46.9532209210023
			69.2046210712752	-46.9532209210023
			69.2441439845084	-46.9927438342354
			69.2836668977416	-46.9927438342354
			69.2836668977416	-47.0322667474686
			69.3231898109748	-47.0717896607018
			69.3627127242079	-47.0717896607018
			69.4022356374411	-47.1113125739349
			69.4022356374411	-47.1508354871681
			69.4417585506743	-47.1508354871681
			69.4812814639074	-47.1903584004013
			69.5208043771406	-47.1903584004013
			69.5208043771406	-47.2298813136345
			69.5603272903737	-47.2694042268676
			69.5998502036069	-47.2694042268676
			69.6393731168401	-47.3089271401008
			69.6788960300732	-47.3484500533339
			69.7184189433064	-47.3879729665671
			69.7579418565396	-47.4274958798003
			69.7974647697727	-47.4274958798003
			69.8369876830059	-47.4670187930334
			69.8765105962391	-47.5065417062666
			69.9160335094723	-47.5460646194998
			69.9555564227054	-47.585587532733
			69.9950793359386	-47.6251104459661
			70.0346022491718	-47.6251104459661
			70.0741251624049	-47.6646333591993
			70.1136480756381	-47.7041562724324
			70.1531709888713	-47.7436791856656
			70.1926939021044	-47.7436791856656
			70.1926939021044	-47.7832020988988
			70.2322168153376	-47.822725012132
			70.2717397285708	-47.8622479253651
			70.3112626418039	-47.8622479253651
			70.3507855550371	-47.9017708385983
			70.3507855550371	-47.9412937518315
			70.3903084682702	-47.9808166650646
			70.4298313815034	-47.9808166650646
			70.4693542947366	-48.0203395782978
			70.5088772079698	-48.059862491531
			70.5484001212029	-48.0993854047641
			70.5879230344361	-48.1389083179973
			70.6274459476693	-48.1784312312305
			70.6669688609024	-48.2179541444636
			70.7064917741356	-48.2179541444636
			70.7460146873688	-48.2574770576968
			70.7460146873688	-48.29699997093
			70.7855376006019	-48.3365228841631
			70.8250605138351	-48.3365228841631
			70.8645834270683	-48.3760457973963
			70.8645834270683	-48.4155687106295
			70.9041063403014	-48.4155687106295
			70.9436292535346	-48.4550916238626
			70.9436292535346	-48.4946145370958
			70.9831521667678	-48.4946145370958
			71.0226750800009	-48.534137450329
			71.0226750800009	-48.5736603635621
			71.0621979932341	-48.5736603635621
			71.0621979932341	-48.6131832767953
			71.1017209064673	-48.6131832767953
			71.1017209064673	-48.6527061900285
			71.1412438197004	-48.6922291032616
			71.1807667329336	-48.7317520164948
			71.2202896461668	-48.771274929728
			71.2598125593999	-48.8107978429611
			71.2598125593999	-48.8503207561943
			71.2993354726331	-48.8898436694275
			71.3388583858663	-48.9293665826606
			71.3388583858663	-48.9688894958938
			71.3783812990994	-48.9688894958938
			71.3783812990994	-49.008412409127
		</c1>
		<c2 type=matrix rownames=FALSE colnames=FALSE nrow=1116 ncol=2 as.numeric=TRUE >
			71.3783812990994	-49.008412409127
			71.3388583858663	-49.008412409127
			71.2993354726331	-49.0479353223601
			71.2598125593999	-49.0479353223601
			71.2202896461668	-49.0874582355933
			71.1807667329336	-49.0874582355933
			71.1807667329336	-49.1269811488265
			71.1412438197004	-49.1269811488265
			71.1017209064673	-49.1269811488265
			71.0621979932341	-49.1665040620596
			71.0226750800009	-49.1665040620596
			70.9831521667678	-49.1665040620596
			70.9436292535346	-49.2060269752928
			70.9041063403014	-49.2060269752928
			70.8645834270683	-49.2060269752928
			70.8250605138351	-49.245549888526
			70.7855376006019	-49.245549888526
			70.7460146873688	-49.245549888526
			70.7064917741356	-49.2850728017591
			70.6669688609024	-49.2850728017591
			70.6274459476693	-49.2850728017591
			70.5879230344361	-49.2850728017591
			70.5484001212029	-49.2850728017591
			70.5484001212029	-49.3245957149923
			70.5088772079698	-49.3245957149923
			70.4693542947366	-49.3245957149923
			70.4298313815034	-49.3245957149923
			70.3903084682702	-49.3245957149923
			70.3507855550371	-49.3245957149923
			70.3112626418039	-49.3245957149923
			70.2717397285708	-49.3245957149923
			70.2322168153376	-49.3245957149923
			70.1926939021044	-49.3245957149923
			70.1531709888713	-49.3245957149923
			70.1136480756381	-49.3245957149923
			70.0741251624049	-49.3245957149923
			70.0346022491718	-49.3245957149923
			69.9950793359386	-49.3245957149923
			69.9555564227054	-49.3245957149923
			69.9160335094723	-49.3245957149923
			69.8765105962391	-49.3245957149923
			69.8369876830059	-49.3245957149923
			69.7974647697727	-49.3245957149923
			69.7579418565396	-49.3245957149923
			69.7184189433064	-49.2850728017591
			69.6788960300732	-49.2850728017591
			69.6393731168401	-49.2850728017591
			69.5998502036069	-49.245549888526
			69.5603272903737	-49.245549888526
			69.5208043771406	-49.245549888526
			69.4812814639074	-49.245549888526
			69.4417585506743	-49.2060269752928
			69.4022356374411	-49.2060269752928
			69.3627127242079	-49.2060269752928
			69.3231898109748	-49.1665040620596
			69.2836668977416	-49.1665040620596
			69.2441439845084	-49.1269811488265
			69.2046210712752	-49.1269811488265
			69.1650981580421	-49.0874582355933
			69.1255752448089	-49.0874582355933
			69.0860523315757	-49.0479353223601
			69.0465294183426	-49.008412409127
			69.0070065051094	-49.008412409127
			68.9674835918762	-49.008412409127
			68.9674835918762	-48.9688894958938
			68.9279606786431	-48.9688894958938
			68.8884377654099	-48.9293665826606
			68.8489148521767	-48.9293665826606
			68.8093919389436	-48.8898436694275
			68.7698690257104	-48.8503207561943
			68.7303461124772	-48.8107978429611
			68.6908231992441	-48.771274929728
			68.6513002860109	-48.771274929728
			68.6117773727777	-48.7317520164948
			68.5722544595446	-48.6922291032616
			68.5327315463114	-48.6527061900285
			68.4932086330782	-48.6131832767953
			68.4536857198451	-48.6527061900285
			68.4141628066119	-48.6922291032616
			68.3746398933787	-48.6922291032616
			68.3351169801456	-48.7317520164948
			68.2955940669124	-48.771274929728
			68.2560711536792	-48.771274929728
			68.2165482404461	-48.8107978429611
			68.1770253272129	-48.8107978429611
			68.1375024139797	-48.8503207561943
			68.0979795007466	-48.8503207561943
			68.0584565875134	-48.8898436694275
			68.0189336742802	-48.8898436694275
			67.9794107610471	-48.8898436694275
			67.9398878478139	-48.9293665826606
			67.9003649345807	-48.9293665826606
			67.8608420213476	-48.9293665826606
			67.8213191081144	-48.9688894958938
			67.7817961948812	-48.9688894958938
			67.7422732816481	-48.9688894958938
			67.7027503684149	-48.9688894958938
			67.6632274551817	-48.9688894958938
			67.6632274551817	-49.008412409127
			67.6237045419486	-49.008412409127
			67.5841816287154	-49.008412409127
			67.5446587154822	-49.008412409127
			67.5051358022491	-49.008412409127
			67.4656128890159	-49.008412409127
			67.4260899757827	-49.008412409127
			67.3865670625496	-49.008412409127
			67.3470441493164	-49.008412409127
			67.3075212360832	-49.008412409127
			67.2679983228501	-49.008412409127
			67.2284754096169	-49.008412409127
			67.1889524963837	-49.008412409127
			67.1494295831506	-49.008412409127
			67.1099066699174	-49.008412409127
			67.0703837566842	-49.008412409127
			67.0308608434511	-49.008412409127
			66.9913379302179	-49.008412409127
			66.9518150169847	-49.008412409127
			66.9122921037516	-49.008412409127
			66.8727691905184	-49.008412409127
			66.8332462772852	-48.9688894958938
			66.7937233640521	-48.9688894958938
			66.7542004508189	-48.9688894958938
			66.7146775375857	-48.9688894958938
			66.6751546243526	-48.9688894958938
			66.6356317111194	-48.9688894958938
			66.5961087978862	-48.9688894958938
			66.5565858846531	-48.9293665826606
			66.5170629714199	-48.9293665826606
			66.4775400581867	-48.9293665826606
			66.4380171449536	-48.9293665826606
			66.3984942317204	-48.8898436694275
			66.3589713184872	-48.8898436694275
			66.3194484052541	-48.8898436694275
			66.2799254920209	-48.8898436694275
			66.2404025787877	-48.8503207561943
			66.2008796655546	-48.8503207561943
			66.1613567523214	-48.8898436694275
			66.1218338390882	-48.8898436694275
			66.0823109258551	-48.8898436694275
			66.0427880126219	-48.9293665826606
			66.0032650993887	-48.9293665826606
			65.9637421861556	-48.9293665826606
			65.9242192729224	-48.9688894958938
			65.8846963596892	-48.9688894958938
			65.8451734464561	-48.9688894958938
			65.8056505332229	-48.9688894958938
			65.8056505332229	-49.008412409127
			65.7661276199897	-49.008412409127
			65.7266047067566	-49.008412409127
			65.6870817935234	-49.008412409127
			65.6475588802902	-49.0479353223601
			65.6080359670571	-49.0479353223601
			65.5685130538239	-49.0479353223601
			65.5289901405907	-49.0479353223601
			65.4894672273576	-49.0479353223601
			65.4499443141244	-49.0479353223601
			65.4104214008912	-49.0479353223601
			65.3708984876581	-49.0874582355933
			65.3313755744249	-49.0874582355933
			65.2918526611917	-49.0874582355933
			65.2523297479586	-49.0874582355933
			65.2128068347254	-49.0874582355933
			65.1732839214922	-49.0874582355933
			65.1337610082591	-49.0874582355933
			65.0942380950259	-49.0874582355933
			65.0547151817927	-49.0874582355933
			65.0151922685596	-49.0874582355933
			64.9756693553264	-49.0874582355933
			64.9361464420932	-49.0874582355933
			64.89662352886	-49.0874582355933
			64.8571006156269	-49.0874582355933
			64.8175777023937	-49.0874582355933
			64.7780547891605	-49.0874582355933
			64.7385318759274	-49.0874582355933
			64.6990089626942	-49.0874582355933
			64.6594860494611	-49.0874582355933
			64.6199631362279	-49.0874582355933
			64.5804402229947	-49.0479353223601
			64.5409173097616	-49.0479353223601
			64.5013943965284	-49.0479353223601
			64.4618714832952	-49.0479353223601
			64.4223485700621	-49.0479353223601
			64.3828256568289	-49.0479353223601
			64.3433027435957	-49.008412409127
			64.3037798303625	-49.008412409127
			64.2642569171294	-49.008412409127
			64.2247340038962	-49.008412409127
			64.185211090663	-49.008412409127
			64.1456881774299	-48.9688894958938
			64.1061652641967	-48.9688894958938
			64.0666423509635	-48.9688894958938
			64.0271194377304	-48.9688894958938
			63.9875965244972	-48.9293665826606
			63.948073611264	-48.9293665826606
			63.9085506980309	-48.9293665826606
			63.8690277847977	-48.9293665826606
			63.8295048715645	-48.8898436694275
			63.7899819583314	-48.8898436694275
			63.7504590450982	-48.8898436694275
			63.710936131865	-48.8503207561943
			63.6714132186319	-48.8503207561943
			63.6318903053987	-48.8503207561943
			63.5923673921655	-48.8107978429611
			63.5528444789324	-48.8107978429611
			63.5133215656992	-48.8107978429611
			63.473798652466	-48.771274929728
			63.4342757392329	-48.771274929728
			63.3947528259997	-48.771274929728
			63.3947528259997	-48.7317520164948
			63.3552299127665	-48.7317520164948
			63.3157069995334	-48.6922291032616
			63.2761840863002	-48.6922291032616
			63.236661173067	-48.6922291032616
			63.1971382598339	-48.6527061900285
			63.1576153466007	-48.6527061900285
			63.1180924333675	-48.6131832767953
			63.0785695201344	-48.6131832767953
			63.0390466069012	-48.5736603635621
			62.999523693668	-48.5736603635621
			62.9600007804349	-48.5736603635621
			62.9600007804349	-48.534137450329
			62.9204778672017	-48.534137450329
			62.8809549539685	-48.534137450329
			62.8809549539685	-48.4946145370958
			62.8414320407354	-48.4946145370958
			62.8019091275022	-48.4946145370958
			62.762386214269	-48.4550916238626
			62.7228633010359	-48.4946145370958
			62.6833403878027	-48.4946145370958
			62.6438174745695	-48.4946145370958
			62.6042945613364	-48.534137450329
			62.5647716481032	-48.534137450329
			62.52524873487	-48.5736603635621
			62.4857258216369	-48.5736603635621
			62.4462029084037	-48.5736603635621
			62.4066799951705	-48.6131832767953
			62.3671570819374	-48.6131832767953
			62.3276341687042	-48.6131832767953
			62.288111255471	-48.6527061900285
			62.2485883422379	-48.6527061900285
			62.2090654290047	-48.6922291032616
			62.1695425157715	-48.6922291032616
			62.1300196025384	-48.6922291032616
			62.0904966893052	-48.7317520164948
			62.050973776072	-48.7317520164948
			62.0114508628389	-48.7317520164948
			61.9719279496057	-48.771274929728
			61.9324050363725	-48.771274929728
			61.8928821231394	-48.771274929728
			61.8533592099062	-48.8107978429611
			61.813836296673	-48.8107978429611
			61.7743133834399	-48.8107978429611
			61.7347904702067	-48.8107978429611
			61.6952675569735	-48.8503207561943
			61.6557446437404	-48.8503207561943
			61.6162217305072	-48.8503207561943
			61.576698817274	-48.8898436694275
			61.5371759040409	-48.8898436694275
			61.4976529908077	-48.8898436694275
			61.4581300775745	-48.8898436694275
			61.4186071643414	-48.9293665826606
			61.3790842511082	-48.9293665826606
			61.339561337875	-48.9293665826606
			61.3000384246419	-48.9293665826606
			61.2605155114087	-48.9293665826606
			61.2209925981755	-48.9688894958938
			61.1814696849424	-48.9688894958938
			61.1419467717092	-48.9688894958938
			61.102423858476	-48.9688894958938
			61.0629009452429	-48.9688894958938
			61.0233780320097	-48.9688894958938
			60.9838551187765	-48.9688894958938
			60.9443322055434	-48.9688894958938
			60.9048092923102	-49.008412409127
			60.865286379077	-49.008412409127
			60.8257634658439	-49.008412409127
			60.7862405526107	-49.008412409127
			60.7467176393775	-49.008412409127
			60.7071947261444	-49.008412409127
			60.6676718129112	-49.008412409127
			60.628148899678	-49.008412409127
			60.5886259864449	-49.008412409127
			60.5491030732117	-49.008412409127
			60.5095801599785	-49.008412409127
			60.4700572467454	-49.008412409127
			60.4305343335122	-49.008412409127
			60.391011420279	-49.008412409127
			60.3514885070459	-49.008412409127
			60.3119655938127	-48.9688894958938
			60.2724426805795	-48.9688894958938
			60.2329197673464	-48.9688894958938
			60.1933968541132	-48.9688894958938
			60.15387394088	-48.9688894958938
			60.1143510276469	-48.9688894958938
			60.0748281144137	-48.9688894958938
			60.0353052011805	-48.9293665826606
			59.9957822879474	-48.9293665826606
			59.9562593747142	-48.9293665826606
			59.916736461481	-48.9293665826606
			59.8772135482479	-48.8898436694275
			59.8376906350147	-48.8898436694275
			59.7981677217815	-48.8898436694275
			59.7586448085484	-48.8503207561943
			59.7191218953152	-48.8503207561943
			59.679598982082	-48.8503207561943
			59.6400760688489	-48.8107978429611
			59.6005531556157	-48.8107978429611
			59.5610302423825	-48.8107978429611
			59.5215073291494	-48.8107978429611
			59.4819844159162	-48.8107978429611
			59.4819844159162	-48.8503207561943
			59.442461502683	-48.8503207561943
			59.4029385894499	-48.8503207561943
			59.3634156762167	-48.8503207561943
			59.3238927629835	-48.8503207561943
			59.2843698497504	-48.8503207561943
			59.2448469365172	-48.8503207561943
			59.205324023284	-48.8503207561943
			59.1658011100509	-48.8503207561943
			59.1262781968177	-48.8503207561943
			59.0867552835845	-48.8503207561943
			59.0472323703514	-48.8503207561943
			59.0077094571182	-48.8503207561943
			58.968186543885	-48.8898436694275
			58.9286636306519	-48.8898436694275
			58.8891407174187	-48.8898436694275
			58.8496178041855	-48.8898436694275
			58.8100948909523	-48.8898436694275
			58.7705719777192	-48.8898436694275
			58.731049064486	-48.8503207561943
			58.6915261512529	-48.8503207561943
			58.6520032380197	-48.8503207561943
			58.6124803247865	-48.8503207561943
			58.5729574115533	-48.8503207561943
			58.5334344983202	-48.8503207561943
			58.493911585087	-48.8503207561943
			58.4543886718538	-48.8503207561943
			58.4148657586207	-48.8503207561943
			58.3753428453875	-48.8503207561943
			58.3358199321544	-48.8503207561943
			58.2962970189212	-48.8503207561943
			58.256774105688	-48.8503207561943
			58.2172511924548	-48.8107978429611
			58.1777282792217	-48.8107978429611
			58.1382053659885	-48.8107978429611
			58.0986824527553	-48.8107978429611
			58.0591595395222	-48.8107978429611
			58.019636626289	-48.8107978429611
			57.9801137130558	-48.8107978429611
			57.9405907998227	-48.771274929728
			57.9010678865895	-48.771274929728
			57.8615449733563	-48.771274929728
			57.8220220601232	-48.771274929728
			57.78249914689	-48.771274929728
			57.7429762336568	-48.7317520164948
			57.7034533204237	-48.7317520164948
			57.6639304071905	-48.7317520164948
			57.6244074939573	-48.7317520164948
			57.5848845807242	-48.6922291032616
			57.545361667491	-48.6922291032616
			57.5058387542578	-48.6922291032616
			57.4663158410247	-48.6922291032616
			57.4267929277915	-48.6527061900285
			57.3872700145583	-48.6527061900285
			57.3477471013252	-48.6527061900285
			57.308224188092	-48.6527061900285
			57.2687012748588	-48.6131832767953
			57.2291783616257	-48.6131832767953
			57.1896554483925	-48.6131832767953
			57.1501325351593	-48.5736603635621
			57.1106096219262	-48.5736603635621
			57.071086708693	-48.5736603635621
			57.0315637954598	-48.534137450329
			56.9920408822267	-48.534137450329
			56.9525179689935	-48.534137450329
			56.9129950557603	-48.4946145370958
			56.8734721425272	-48.4946145370958
			56.833949229294	-48.4946145370958
			56.7944263160608	-48.4550916238626
			56.7549034028277	-48.4550916238626
			56.7153804895945	-48.4155687106295
			56.6758575763613	-48.4155687106295
			56.6363346631282	-48.4155687106295
			56.596811749895	-48.3760457973963
			56.5572888366618	-48.3760457973963
			56.5177659234287	-48.3365228841631
			56.4782430101955	-48.3365228841631
			56.4387200969623	-48.3365228841631
			56.3991971837292	-48.29699997093
			56.359674270496	-48.29699997093
			56.3201513572628	-48.2574770576968
			56.2806284440297	-48.2574770576968
			56.2411055307965	-48.2179541444636
			56.2015826175633	-48.2179541444636
			56.1620597043302	-48.1784312312305
			56.122536791097	-48.1784312312305
			56.0830138778638	-48.1389083179973
			56.0434909646307	-48.1389083179973
			56.0039680513975	-48.0993854047641
			55.9644451381643	-48.0993854047641
			55.9249222249312	-48.1389083179973
			55.885399311698	-48.1389083179973
			55.8458763984648	-48.1389083179973
			55.8063534852317	-48.1784312312305
			55.7668305719985	-48.1784312312305
			55.7273076587653	-48.2179541444636
			55.6877847455322	-48.2179541444636
			55.648261832299	-48.2179541444636
			55.6087389190658	-48.2574770576968
			55.5692160058327	-48.2574770576968
			55.5296930925995	-48.29699997093
			55.4901701793663	-48.29699997093
			55.4506472661332	-48.29699997093
			55.4111243529	-48.29699997093
			55.4111243529	-48.3365228841631
			55.3716014396668	-48.3365228841631
			55.3320785264337	-48.3365228841631
			55.2925556132005	-48.3365228841631
			55.2925556132005	-48.3760457973963
			55.2530326999673	-48.3760457973963
			55.2135097867342	-48.3760457973963
			55.173986873501	-48.3760457973963
			55.173986873501	-48.4155687106295
			55.1344639602678	-48.4155687106295
			55.0949410470347	-48.4155687106295
			55.0554181338015	-48.4155687106295
			55.0158952205683	-48.4550916238626
			54.9763723073352	-48.4550916238626
			54.936849394102	-48.4550916238626
			54.8973264808688	-48.4550916238626
			54.8578035676357	-48.4946145370958
			54.8182806544025	-48.4946145370958
			54.7787577411693	-48.4946145370958
			54.7392348279362	-48.4946145370958
			54.699711914703	-48.534137450329
			54.6601890014698	-48.534137450329
			54.6206660882367	-48.534137450329
			54.5811431750035	-48.534137450329
			54.5416202617703	-48.5736603635621
			54.5020973485372	-48.5736603635621
			54.462574435304	-48.5736603635621
			54.4230515220708	-48.5736603635621
			54.3835286088377	-48.5736603635621
			54.3440056956045	-48.5736603635621
			54.3044827823713	-48.6131832767953
			54.2649598691382	-48.6131832767953
			54.225436955905	-48.6131832767953
			54.1859140426718	-48.6131832767953
			54.1463911294387	-48.6131832767953
			54.1068682162055	-48.6131832767953
			54.0673453029723	-48.6131832767953
			54.0278223897392	-48.6131832767953
			53.988299476506	-48.6527061900285
			53.9487765632728	-48.6527061900285
			53.9092536500397	-48.6527061900285
			53.8697307368065	-48.6527061900285
			53.8302078235733	-48.6527061900285
			53.7906849103402	-48.6527061900285
			53.751161997107	-48.6527061900285
			53.7116390838738	-48.6527061900285
			53.6721161706407	-48.6527061900285
			53.6325932574075	-48.6527061900285
			53.5930703441743	-48.6527061900285
			53.5535474309412	-48.6527061900285
			53.514024517708	-48.6527061900285
			53.4745016044748	-48.6527061900285
			53.4349786912417	-48.6527061900285
			53.3954557780085	-48.6527061900285
			53.3559328647753	-48.6527061900285
			53.3164099515421	-48.6527061900285
			53.276887038309	-48.6527061900285
			53.2373641250758	-48.6527061900285
			53.1978412118427	-48.6527061900285
			53.1583182986095	-48.6527061900285
			53.1187953853763	-48.6527061900285
			53.0792724721432	-48.6527061900285
			53.03974955891	-48.6527061900285
			53.0002266456768	-48.6527061900285
			52.9607037324436	-48.6131832767953
			52.9211808192105	-48.6131832767953
			52.8816579059773	-48.6131832767953
			52.8421349927441	-48.6131832767953
			52.802612079511	-48.6131832767953
			52.7630891662778	-48.6131832767953
			52.7235662530446	-48.6131832767953
			52.6840433398115	-48.5736603635621
			52.6445204265783	-48.5736603635621
			52.6049975133451	-48.5736603635621
			52.565474600112	-48.5736603635621
			52.5259516868788	-48.5736603635621
			52.4864287736456	-48.534137450329
			52.4469058604125	-48.534137450329
			52.4073829471793	-48.534137450329
			52.3678600339461	-48.534137450329
			52.328337120713	-48.4946145370958
			52.2888142074798	-48.4946145370958
			52.2492912942466	-48.4946145370958
			52.2097683810135	-48.534137450329
			52.1702454677803	-48.534137450329
			52.1307225545471	-48.534137450329
			52.091199641314	-48.5736603635621
			52.0516767280808	-48.5736603635621
			52.0121538148476	-48.5736603635621
			51.9726309016145	-48.5736603635621
			51.9331079883813	-48.6131832767953
			51.8935850751481	-48.6131832767953
			51.854062161915	-48.6131832767953
			51.8145392486818	-48.6131832767953
			51.7750163354486	-48.6527061900285
			51.7354934222155	-48.6527061900285
			51.6959705089823	-48.6527061900285
			51.6564475957491	-48.6527061900285
			51.616924682516	-48.6922291032616
			51.5774017692828	-48.6922291032616
			51.5378788560496	-48.6922291032616
			51.4983559428165	-48.6922291032616
			51.4588330295833	-48.6922291032616
			51.4193101163501	-48.6922291032616
			51.379787203117	-48.7317520164948
			51.3402642898838	-48.7317520164948
			51.3007413766506	-48.7317520164948
			51.2612184634175	-48.7317520164948
			51.2216955501843	-48.7317520164948
			51.1821726369511	-48.7317520164948
			51.142649723718	-48.7317520164948
			51.1031268104848	-48.7317520164948
			51.0636038972516	-48.7317520164948
			51.0240809840185	-48.7317520164948
			50.9845580707853	-48.771274929728
			50.9450351575521	-48.771274929728
			50.905512244319	-48.771274929728
			50.8659893310858	-48.771274929728
			50.8264664178526	-48.771274929728
			50.7869435046195	-48.771274929728
			50.7474205913863	-48.771274929728
			50.7078976781531	-48.771274929728
			50.66837476492	-48.771274929728
			50.6288518516868	-48.771274929728
			50.5893289384536	-48.771274929728
			50.5498060252205	-48.771274929728
			50.5102831119873	-48.771274929728
			50.4707601987541	-48.771274929728
			50.431237285521	-48.771274929728
			50.3917143722878	-48.7317520164948
			50.3521914590546	-48.7317520164948
			50.3126685458215	-48.7317520164948
			50.2731456325883	-48.7317520164948
			50.2336227193551	-48.7317520164948
			50.194099806122	-48.7317520164948
			50.1545768928888	-48.7317520164948
			50.1150539796556	-48.7317520164948
			50.0755310664225	-48.7317520164948
			50.0360081531893	-48.7317520164948
			49.9964852399561	-48.7317520164948
			49.9964852399561	-48.6922291032616
			49.956962326723	-48.6922291032616
			49.9174394134898	-48.6922291032616
			49.8779165002566	-48.6922291032616
			49.8383935870235	-48.6922291032616
			49.7988706737903	-48.6922291032616
			49.7593477605571	-48.6922291032616
			49.719824847324	-48.6527061900285
			49.6803019340908	-48.6527061900285
			49.6407790208576	-48.6527061900285
			49.6012561076245	-48.6527061900285
			49.5617331943913	-48.6527061900285
			49.5222102811581	-48.6527061900285
			49.482687367925	-48.6131832767953
			49.4431644546918	-48.6131832767953
			49.4036415414586	-48.6131832767953
			49.3641186282255	-48.6131832767953
			49.3245957149923	-48.5736603635621
			49.2850728017591	-48.5736603635621
			49.245549888526	-48.5736603635621
			49.2060269752928	-48.5736603635621
			49.1665040620596	-48.5736603635621
			49.1665040620596	-48.534137450329
			49.1269811488265	-48.534137450329
			49.0874582355933	-48.534137450329
			49.0479353223601	-48.534137450329
			49.008412409127	-48.4946145370958
			48.9688894958938	-48.4946145370958
			48.9293665826606	-48.4946145370958
			48.8898436694275	-48.4550916238626
			48.8503207561943	-48.4550916238626
			48.8107978429611	-48.4550916238626
			48.771274929728	-48.4550916238626
			48.771274929728	-48.4155687106295
			48.7317520164948	-48.4155687106295
			48.6922291032616	-48.4155687106295
			48.6527061900285	-48.4155687106295
			48.6131832767953	-48.3760457973963
			48.5736603635621	-48.3760457973963
			48.534137450329	-48.3760457973963
			48.4946145370958	-48.3365228841631
			48.4550916238626	-48.3365228841631
			48.4155687106295	-48.29699997093
			48.3760457973963	-48.29699997093
			48.3365228841631	-48.29699997093
			48.29699997093	-48.2574770576968
			48.2574770576968	-48.2574770576968
			48.2179541444636	-48.2574770576968
			48.1784312312305	-48.29699997093
			48.1389083179973	-48.29699997093
			48.0993854047641	-48.29699997093
			48.059862491531	-48.29699997093
			48.0203395782978	-48.3365228841631
			47.9808166650646	-48.3365228841631
			47.9412937518315	-48.3365228841631
			47.9017708385983	-48.3760457973963
			47.8622479253651	-48.3760457973963
			47.822725012132	-48.3760457973963
			47.7832020988988	-48.4155687106295
			47.7436791856656	-48.4155687106295
			47.7041562724324	-48.4155687106295
			47.6646333591993	-48.4155687106295
			47.6251104459661	-48.4550916238626
			47.585587532733	-48.4550916238626
			47.5460646194998	-48.4550916238626
			47.5065417062666	-48.4550916238626
			47.4670187930334	-48.4946145370958
			47.4274958798003	-48.4946145370958
			47.3879729665671	-48.4946145370958
			47.3484500533339	-48.4946145370958
			47.3089271401008	-48.534137450329
			47.2694042268676	-48.534137450329
			47.2298813136345	-48.534137450329
			47.1903584004013	-48.534137450329
			47.1508354871681	-48.534137450329
			47.1113125739349	-48.5736603635621
			47.0717896607018	-48.5736603635621
			47.0322667474686	-48.5736603635621
			46.9927438342354	-48.5736603635621
			46.9532209210023	-48.5736603635621
			46.9136980077691	-48.6131832767953
			46.8741750945359	-48.6131832767953
			46.8346521813028	-48.6131832767953
			46.7951292680696	-48.6131832767953
			46.7556063548364	-48.6131832767953
			46.7160834416033	-48.6527061900285
			46.6765605283701	-48.6527061900285
			46.6370376151369	-48.6527061900285
			46.5975147019038	-48.6527061900285
			46.5579917886706	-48.6527061900285
			46.5184688754374	-48.6527061900285
			46.4789459622043	-48.6527061900285
			46.4789459622043	-48.6922291032616
			46.4394230489711	-48.6922291032616
			46.3999001357379	-48.6922291032616
			46.3603772225048	-48.6922291032616
			46.3208543092716	-48.6922291032616
			46.2813313960384	-48.6922291032616
			46.2418084828053	-48.6922291032616
			46.2022855695721	-48.6922291032616
			46.1627626563389	-48.7317520164948
			46.1232397431058	-48.7317520164948
			46.0837168298726	-48.7317520164948
			46.0441939166394	-48.7317520164948
			46.0046710034063	-48.7317520164948
			45.9651480901731	-48.7317520164948
			45.9256251769399	-48.7317520164948
			45.8861022637068	-48.7317520164948
			45.8465793504736	-48.7317520164948
			45.8070564372404	-48.7317520164948
			45.7675335240073	-48.7317520164948
			45.7280106107741	-48.771274929728
			45.6884876975409	-48.771274929728
			45.6489647843078	-48.771274929728
			45.6094418710746	-48.771274929728
			45.5699189578414	-48.771274929728
			45.5303960446083	-48.771274929728
			45.4908731313751	-48.771274929728
			45.4513502181419	-48.771274929728
			45.4118273049088	-48.771274929728
			45.3723043916756	-48.771274929728
			45.3327814784424	-48.771274929728
			45.2932585652093	-48.771274929728
			45.2537356519761	-48.771274929728
			45.2142127387429	-48.771274929728
			45.1746898255098	-48.771274929728
			45.1351669122766	-48.771274929728
			45.0956439990434	-48.771274929728
			45.0561210858103	-48.771274929728
			45.0165981725771	-48.771274929728
			44.9770752593439	-48.771274929728
			44.9375523461108	-48.771274929728
			44.8980294328776	-48.771274929728
			44.8585065196444	-48.771274929728
			44.8189836064113	-48.771274929728
			44.7794606931781	-48.7317520164948
			44.7399377799449	-48.7317520164948
			44.7004148667118	-48.7317520164948
			44.6608919534786	-48.7317520164948
			44.6213690402454	-48.7317520164948
			44.5818461270123	-48.7317520164948
			44.5423232137791	-48.7317520164948
			44.5028003005459	-48.7317520164948
			44.4632773873128	-48.7317520164948
			44.4237544740796	-48.7317520164948
			44.3842315608464	-48.6922291032616
			44.3447086476133	-48.6922291032616
			44.3051857343801	-48.6922291032616
			44.2656628211469	-48.6922291032616
			44.2261399079138	-48.6922291032616
			44.1866169946806	-48.6922291032616
			44.1470940814474	-48.6922291032616
			44.1075711682143	-48.6527061900285
			44.0680482549811	-48.6527061900285
			44.0285253417479	-48.6527061900285
			43.9890024285148	-48.6527061900285
			43.9494795152816	-48.6527061900285
			43.9099566020484	-48.6527061900285
			43.8704336888153	-48.6131832767953
			43.8309107755821	-48.6131832767953
			43.7913878623489	-48.6131832767953
			43.7518649491158	-48.6527061900285
			43.7123420358826	-48.6527061900285
			43.6728191226494	-48.6922291032616
			43.6332962094163	-48.6922291032616
			43.5937732961831	-48.6922291032616
			43.5542503829499	-48.7317520164948
			43.5147274697168	-48.7317520164948
			43.4752045564836	-48.7317520164948
			43.4356816432504	-48.7317520164948
			43.3961587300173	-48.771274929728
			43.3566358167841	-48.771274929728
			43.3171129035509	-48.8107978429611
			43.2775899903178	-48.8107978429611
			43.2380670770846	-48.8107978429611
			43.1985441638514	-48.8107978429611
			43.1590212506183	-48.8503207561943
			43.1194983373851	-48.8503207561943
			43.0799754241519	-48.8503207561943
			43.0404525109188	-48.8503207561943
			43.0009295976856	-48.8898436694275
			42.9614066844524	-48.8898436694275
			42.9218837712193	-48.8898436694275
			42.8823608579861	-48.9293665826606
			42.8428379447529	-48.9293665826606
			42.8033150315198	-48.9293665826606
			42.7637921182866	-48.9293665826606
			42.7242692050534	-48.9293665826606
			42.6847462918203	-48.9688894958938
			42.6452233785871	-48.9688894958938
			42.6057004653539	-48.9688894958938
			42.5661775521208	-48.9688894958938
			42.5266546388876	-48.9688894958938
			42.4871317256544	-49.008412409127
			42.4476088124213	-49.008412409127
			42.4080858991881	-49.008412409127
			42.3685629859549	-49.008412409127
			42.3290400727218	-49.008412409127
			42.2895171594886	-49.0479353223601
			42.2499942462554	-49.0479353223601
			42.2104713330222	-49.0479353223601
			42.1709484197891	-49.0479353223601
			42.1314255065559	-49.0479353223601
			42.0919025933228	-49.0479353223601
			42.0523796800896	-49.0479353223601
			42.0128567668564	-49.0479353223601
			41.9733338536233	-49.0874582355933
			41.9338109403901	-49.0874582355933
			41.8942880271569	-49.0874582355933
			41.8547651139237	-49.0874582355933
			41.8152422006906	-49.0874582355933
			41.7757192874574	-49.0874582355933
			41.7361963742242	-49.0874582355933
			41.6966734609911	-49.0874582355933
			41.6571505477579	-49.0874582355933
			41.6176276345248	-49.0874582355933
			41.5781047212916	-49.0874582355933
			41.5385818080584	-49.1269811488265
			41.4990588948252	-49.1269811488265
			41.4595359815921	-49.1269811488265
			41.4200130683589	-49.1269811488265
			41.3804901551257	-49.1269811488265
			41.3409672418926	-49.1269811488265
			41.3014443286594	-49.1269811488265
			41.2619214154262	-49.1269811488265
			41.2223985021931	-49.1269811488265
			41.1828755889599	-49.1269811488265
			41.1433526757267	-49.1269811488265
			41.1038297624936	-49.1269811488265
			41.0643068492604	-49.1269811488265
			41.0247839360272	-49.1269811488265
			40.9852610227941	-49.1269811488265
			40.9457381095609	-49.1269811488265
			40.9062151963277	-49.1269811488265
			40.8666922830946	-49.1269811488265
			40.8271693698614	-49.1269811488265
			40.7876464566282	-49.1269811488265
			40.7481235433951	-49.0874582355933
			40.7086006301619	-49.0874582355933
			40.6690777169287	-49.0874582355933
			40.6295548036956	-49.0874582355933
			40.5900318904624	-49.0874582355933
			40.5505089772292	-49.0874582355933
			40.5109860639961	-49.0874582355933
			40.4714631507629	-49.0874582355933
			40.4319402375297	-49.0874582355933
			40.3924173242966	-49.0874582355933
			40.3528944110634	-49.0874582355933
			40.3133714978302	-49.0874582355933
			40.2738485845971	-49.0479353223601
			40.2343256713639	-49.0479353223601
			40.1948027581307	-49.0479353223601
			40.1552798448976	-49.0479353223601
			40.1157569316644	-49.0479353223601
			40.0762340184312	-49.0479353223601
			40.0367111051981	-49.0479353223601
			39.9971881919649	-49.008412409127
			39.9576652787317	-49.008412409127
			39.9181423654986	-49.008412409127
			39.8786194522654	-49.008412409127
			39.8390965390322	-49.008412409127
			39.7995736257991	-49.008412409127
			39.7600507125659	-48.9688894958938
			39.7205277993327	-48.9688894958938
			39.6810048860996	-48.9688894958938
			39.6414819728664	-48.9688894958938
			39.6019590596332	-48.9688894958938
			39.5624361464001	-48.9688894958938
			39.5229132331669	-48.9293665826606
			39.4833903199337	-48.9293665826606
			39.4438674067006	-48.9293665826606
			39.4043444934674	-48.9293665826606
			39.3648215802342	-48.8898436694275
			39.3252986670011	-48.8898436694275
			39.2857757537679	-48.8898436694275
			39.2462528405347	-48.8898436694275
			39.2067299273016	-48.8898436694275
			39.1672070140684	-48.8503207561943
			39.1276841008352	-48.8503207561943
			39.0881611876021	-48.8503207561943
			39.0486382743689	-48.8503207561943
			39.0091153611357	-48.8503207561943
			38.9695924479026	-48.8503207561943
			38.9300695346694	-48.8503207561943
			38.8905466214362	-48.8503207561943
			38.8510237082031	-48.8898436694275
			38.8115007949699	-48.8898436694275
			38.7719778817367	-48.8898436694275
			38.7324549685036	-48.8898436694275
			38.6929320552704	-48.8898436694275
			38.6534091420372	-48.8898436694275
			38.6138862288041	-48.8898436694275
			38.5743633155709	-48.8898436694275
			38.5348404023377	-48.8898436694275
			38.4953174891046	-48.8898436694275
			38.4557945758714	-48.8898436694275
			38.4162716626382	-48.8898436694275
			38.3767487494051	-48.8898436694275
			38.3372258361719	-48.9293665826606
			38.2977029229387	-48.9293665826606
			38.2581800097056	-48.9293665826606
			38.2186570964724	-48.9293665826606
			38.1791341832392	-48.9293665826606
			38.1396112700061	-48.9293665826606
			38.1000883567729	-48.9293665826606
			38.0605654435397	-48.9293665826606
			38.0210425303066	-48.9293665826606
			37.9815196170734	-48.9293665826606
			37.9419967038402	-48.9293665826606
			37.9024737906071	-48.9293665826606
			37.8629508773739	-48.9293665826606
			37.8234279641407	-48.9293665826606
			37.7839050509076	-48.9293665826606
			37.7443821376744	-48.9293665826606
			37.7048592244412	-48.9293665826606
			37.6653363112081	-48.9688894958938
			37.6258133979749	-48.9688894958938
			37.5862904847417	-48.9688894958938
			37.5467675715086	-48.9688894958938
			37.5072446582754	-48.9688894958938
			37.4677217450422	-48.9688894958938
			37.4281988318091	-48.9688894958938
			37.3886759185759	-48.9688894958938
			37.3491530053427	-48.9688894958938
			37.3096300921096	-48.9688894958938
			37.2701071788764	-48.9688894958938
			37.2305842656432	-48.9688894958938
			37.1910613524101	-48.9688894958938
			37.1515384391769	-48.9688894958938
			37.1120155259437	-48.9688894958938
			37.0724926127106	-48.9688894958938
			37.0329696994774	-48.9688894958938
			36.9934467862442	-48.9688894958938
			36.9539238730111	-48.9688894958938
			36.9144009597779	-48.9688894958938
			36.8748780465447	-48.9688894958938
			36.8353551333116	-48.9688894958938
			36.7958322200784	-48.9688894958938
			36.7563093068452	-48.9688894958938
			36.7167863936121	-48.9688894958938
			36.6772634803789	-49.008412409127
			36.6377405671457	-49.008412409127
			36.5982176539125	-49.008412409127
			36.5586947406794	-49.008412409127
			36.5191718274462	-49.008412409127
			36.4796489142131	-49.008412409127
			36.4401260009799	-49.008412409127
			36.4006030877467	-49.008412409127
			36.3610801745136	-49.008412409127
			36.3215572612804	-49.008412409127
			36.2820343480472	-49.008412409127
			36.242511434814	-49.008412409127
			36.2029885215809	-49.008412409127
			36.1634656083477	-49.008412409127
			36.1239426951146	-49.008412409127
			36.0844197818814	-49.008412409127
			36.0448968686482	-49.008412409127
			36.005373955415	-49.008412409127
			35.9658510421819	-49.008412409127
			35.9263281289487	-49.008412409127
			35.8868052157155	-49.008412409127
			35.8472823024824	-49.008412409127
			35.8077593892492	-49.008412409127
			35.768236476016	-49.008412409127
			35.7287135627829	-49.008412409127
			35.6891906495497	-49.008412409127
			35.6496677363165	-49.008412409127
			35.6101448230834	-49.008412409127
			35.5706219098502	-49.008412409127
			35.531098996617	-49.008412409127
			35.4915760833839	-49.008412409127
			35.4520531701507	-49.008412409127
			35.4125302569175	-49.008412409127
			35.3730073436844	-49.008412409127
			35.3334844304512	-49.008412409127
			35.293961517218	-49.008412409127
			35.2544386039849	-49.008412409127
			35.2149156907517	-49.0479353223601
			35.1753927775185	-49.0479353223601
			35.1358698642854	-49.0479353223601
			35.0963469510522	-49.0479353223601
			35.056824037819	-49.0874582355933
			35.0173011245859	-49.0874582355933
			34.9777782113527	-49.0874582355933
			34.9382552981195	-49.0874582355933
			34.8987323848864	-49.0874582355933
			34.8592094716532	-49.0874582355933
			34.81968655842	-49.0874582355933
			34.7801636451869	-49.0874582355933
			34.7406407319537	-49.0874582355933
			34.7011178187205	-49.0874582355933
			34.6615949054874	-49.0874582355933
			34.6220719922542	-49.0874582355933
			34.582549079021	-49.0874582355933
			34.5430261657879	-49.0874582355933
			34.5035032525547	-49.0874582355933
			34.4639803393215	-49.0479353223601
			34.4244574260884	-49.0479353223601
			34.3849345128552	-49.0479353223601
			34.345411599622	-49.0479353223601
			34.3058886863889	-49.008412409127
			34.2663657731557	-49.008412409127
			34.2268428599225	-48.9688894958938
			34.1873199466894	-48.9688894958938
			34.1477970334562	-48.9688894958938
			34.108274120223	-48.9293665826606
			34.0687512069899	-48.9293665826606
			34.0292282937567	-48.8898436694275
			33.9897053805235	-48.8898436694275
			33.9501824672904	-48.8503207561943
			33.9106595540572	-48.8107978429611
			33.871136640824	-48.8107978429611
			33.8316137275909	-48.771274929728
			33.7920908143577	-48.7317520164948
			33.7525679011245	-48.7317520164948
			33.7130449878914	-48.7317520164948
			33.6735220746582	-48.771274929728
			33.633999161425	-48.771274929728
			33.5944762481919	-48.771274929728
			33.5549533349587	-48.771274929728
			33.5154304217255	-48.771274929728
			33.5154304217255	-48.8107978429611
			33.4759075084924	-48.8107978429611
			33.4363845952592	-48.8107978429611
			33.396861682026	-48.8107978429611
			33.3573387687929	-48.8107978429611
			33.3178158555597	-48.8503207561943
			33.2782929423265	-48.8503207561943
			33.2387700290934	-48.8503207561943
			33.1992471158602	-48.8503207561943
			33.159724202627	-48.8503207561943
			33.1202012893939	-48.8898436694275
			33.0806783761607	-48.8898436694275
			33.0411554629275	-48.8898436694275
			33.0016325496944	-48.8898436694275
			32.9621096364612	-48.8898436694275
			32.922586723228	-48.9293665826606
			32.8830638099949	-48.9293665826606
			32.8435408967617	-48.9293665826606
			32.8040179835285	-48.9293665826606
			32.7644950702954	-48.9293665826606
			32.7249721570622	-48.9293665826606
			32.7249721570622	-48.9688894958938
			32.685449243829	-48.9688894958938
			32.6459263305959	-48.9688894958938
			32.6064034173627	-48.9688894958938
			32.5668805041295	-48.9688894958938
			32.5273575908964	-48.9688894958938
			32.4878346776632	-48.9688894958938
			32.44831176443	-48.9688894958938
			32.4087888511969	-49.008412409127
			32.3692659379637	-49.008412409127
			32.3297430247305	-49.008412409127
			32.2902201114974	-49.008412409127
			32.2506971982642	-49.008412409127
			32.211174285031	-49.008412409127
			32.1716513717979	-49.008412409127
			32.1321284585647	-49.008412409127
			32.0926055453315	-49.008412409127
			32.0530826320984	-49.008412409127
			32.0135597188652	-49.008412409127
			31.974036805632	-49.008412409127
			31.9345138923989	-49.0479353223601
			31.8949909791657	-49.0479353223601
			31.8554680659325	-49.0479353223601
			31.8159451526994	-49.0479353223601
			31.7764222394662	-49.0479353223601
			31.736899326233	-49.0479353223601
			31.6973764129999	-49.0479353223601
			31.6578534997667	-49.0479353223601
			31.6183305865335	-49.0479353223601
			31.5788076733004	-49.0479353223601
			31.5392847600672	-49.008412409127
			31.499761846834	-49.008412409127
			31.4602389336009	-49.008412409127
			31.4207160203677	-49.008412409127
			31.3811931071345	-49.008412409127
			31.3416701939014	-49.008412409127
			31.3021472806682	-49.008412409127
			31.262624367435	-49.008412409127
			31.2231014542019	-49.008412409127
			31.1835785409687	-49.008412409127
			31.1440556277355	-48.9688894958938
			31.1045327145024	-48.9688894958938
			31.0650098012692	-48.9688894958938
			31.025486888036	-48.9688894958938
			30.9859639748028	-48.9293665826606
			30.9464410615697	-48.9293665826606
			30.9069181483365	-48.9293665826606
			30.8673952351034	-48.9293665826606
			30.8278723218702	-48.8898436694275
			30.788349408637	-48.8898436694275
			30.7488264954039	-48.8898436694275
			30.7093035821707	-48.8503207561943
			30.6697806689375	-48.8503207561943
			30.6302577557043	-48.8107978429611
			30.5907348424712	-48.8107978429611
			30.551211929238	-48.771274929728
			30.5116890160048	-48.771274929728
			30.4721661027717	-48.7317520164948
			30.4326431895385	-48.7317520164948
			30.4326431895385	-48.6922291032616
			30.3931202763053	-48.6527061900285
			30.3535973630722	-48.6527061900285
			30.314074449839	-48.6131832767953
			30.314074449839	-48.5736603635621
			30.2745515366058	-48.5736603635621
			30.2350286233727	-48.5736603635621
			30.1955057101395	-48.6131832767953
			30.1559827969063	-48.6131832767953
			30.1164598836732	-48.6131832767953
			30.07693697044	-48.6131832767953
			30.0374140572068	-48.6527061900285
			29.9978911439737	-48.6527061900285
			29.9583682307405	-48.6527061900285
			29.9188453175073	-48.6527061900285
			29.8793224042742	-48.6922291032616
			29.839799491041	-48.6922291032616
			29.8002765778078	-48.6922291032616
			29.7607536645747	-48.6922291032616
			29.7212307513415	-48.6922291032616
			29.6817078381083	-48.6922291032616
			29.6421849248752	-48.7317520164948
			29.602662011642	-48.7317520164948
			29.5631390984088	-48.7317520164948
			29.5236161851757	-48.7317520164948
			29.4840932719425	-48.7317520164948
			29.4445703587093	-48.7317520164948
			29.4050474454762	-48.7317520164948
			29.365524532243	-48.7317520164948
			29.3260016190098	-48.7317520164948
			29.2864787057767	-48.7317520164948
			29.2469557925435	-48.7317520164948
			29.2074328793103	-48.7317520164948
			29.1679099660772	-48.7317520164948
			29.128387052844	-48.7317520164948
			29.0888641396108	-48.6922291032616
			29.0493412263777	-48.6922291032616
			29.0098183131445	-48.6922291032616
			28.9702953999113	-48.6922291032616
			28.9307724866782	-48.6527061900285
			28.891249573445	-48.6527061900285
			28.8517266602118	-48.6527061900285
			28.8122037469787	-48.6131832767953
			28.7726808337455	-48.6131832767953
			28.7726808337455	-48.5736603635621
			28.7331579205123	-48.5736603635621
			28.6936350072792	-48.534137450329
			28.654112094046	-48.534137450329
			28.654112094046	-48.4946145370958
			28.6145891808128	-48.4946145370958
			28.5750662675797	-48.4550916238626
			28.5750662675797	-48.4155687106295
			28.5355433543465	-48.4155687106295
			28.5355433543465	-48.3760457973963
			28.4960204411133	-48.3365228841631
			28.4564975278802	-48.29699997093
			28.4564975278802	-48.2574770576968
			28.416974614647	-48.2179541444636
			28.416974614647	-48.1784312312305
			28.3774517014138	-48.1389083179973
			28.3774517014138	-48.0993854047641
		</c2>
	</curves.scaled>
	<ruler.points type=matrix rownames=TRUE colnames=FALSE nrow=2 ncol=2 as.numeric=TRUE >
		Ruler point 1	2160	274
		Ruler point 2	2413	271
	</ruler.points>
</shapes>

