<shapes type=list>
	<ruler.pixel type=vector names=FALSE length=1 as.numeric=TRUE >252.017856510208</ruler.pixel>
	<ruler.interval type=vector names=FALSE length=1 as.numeric=TRUE >10</ruler.interval>
	<scaling.units type=vector names=FALSE length=1 as.numeric=FALSE >undefined</scaling.units>
	<scaling type=vector names=FALSE length=1 as.numeric=TRUE >0.0396797280100465</scaling>
	<landmarks.pixel type=matrix rownames=TRUE colnames=FALSE nrow=2 ncol=2 as.numeric=TRUE >
		LM1	705	1248
		LM2	1733	1252
	</landmarks.pixel>
	<landmarks.scaled type=matrix rownames=TRUE colnames=FALSE nrow=2 ncol=2 as.numeric=TRUE >
		LM1	27.9742082470828	-49.5203005565381
		LM2	68.7649686414106	-49.6790194685782
	</landmarks.scaled>
	<curves.control type=list>
		<c1 type=matrix rownames=FALSE colnames=FALSE nrow=21 ncol=2 as.numeric=TRUE >
			705	1248
			750	1225
			817	1196
			878	1146
			949	1139
			992	1124
			1080	1089
			1130	1068
			1276	1039
			1361	1018
			1372	1049
			1451	1078
			1472	1101
			1522	1126
			1569	1150
			1601	1158
			1625	1187
			1682	1219
			1692	1227
			1733	1239
			1733	1252
		</c1>
		<c2 type=matrix rownames=FALSE colnames=FALSE nrow=25 ncol=2 as.numeric=TRUE >
			1733	1252
			1687	1256
			1662	1245
			1641	1258
			1611	1249
			1574	1259
			1542	1246
			1482	1267
			1463	1255
			1416	1266
			1360	1250
			1315	1261
			1241	1254
			1182	1267
			1139	1254
			1060	1269
			1018	1260
			944	1273
			878	1254
			831	1262
			785	1260
			765	1245
			739	1246
			712	1256
			705	1248
		</c2>
	</curves.control>
	<curves.pixel type=list>
		<c1 type=matrix rownames=FALSE colnames=FALSE nrow=1069 ncol=2 as.numeric=TRUE >
			705	1248
			706	1248
			707	1247
			708	1246
			709	1246
			710	1245
			711	1245
			712	1244
			713	1244
			714	1243
			715	1243
			716	1242
			717	1242
			718	1241
			719	1241
			720	1240
			721	1240
			722	1239
			723	1239
			724	1238
			725	1238
			726	1237
			727	1237
			728	1236
			729	1236
			730	1236
			731	1235
			732	1235
			733	1234
			734	1234
			734	1233
			735	1233
			736	1233
			737	1232
			738	1232
			739	1231
			740	1231
			741	1230
			742	1230
			743	1229
			744	1229
			745	1228
			746	1228
			747	1227
			748	1227
			749	1227
			750	1226
			751	1226
			752	1225
			753	1225
			754	1224
			755	1224
			756	1223
			757	1223
			758	1222
			759	1222
			760	1221
			761	1221
			762	1220
			763	1220
			764	1219
			765	1219
			766	1219
			766	1218
			767	1218
			768	1218
			769	1217
			770	1217
			771	1216
			772	1216
			773	1216
			773	1215
			774	1215
			775	1215
			776	1214
			777	1214
			778	1213
			779	1213
			780	1212
			781	1212
			782	1211
			783	1211
			784	1211
			785	1210
			786	1210
			787	1209
			788	1209
			789	1208
			790	1208
			791	1207
			792	1207
			793	1207
			794	1206
			795	1206
			796	1205
			797	1205
			798	1204
			799	1204
			800	1204
			801	1203
			802	1203
			803	1202
			804	1202
			805	1201
			806	1201
			807	1200
			808	1200
			809	1199
			810	1199
			811	1199
			812	1198
			813	1198
			814	1197
			815	1197
			816	1196
			817	1196
			818	1195
			819	1194
			820	1193
			821	1193
			822	1192
			823	1191
			824	1190
			825	1190
			826	1189
			827	1188
			828	1187
			829	1187
			830	1186
			831	1185
			832	1184
			833	1184
			834	1183
			835	1182
			836	1182
			837	1181
			838	1180
			839	1180
			840	1179
			841	1178
			842	1178
			843	1177
			844	1176
			845	1176
			846	1175
			847	1174
			848	1174
			849	1173
			850	1173
			851	1172
			852	1171
			853	1171
			854	1170
			855	1170
			856	1169
			857	1168
			858	1168
			859	1167
			860	1167
			861	1166
			862	1166
			863	1165
			864	1165
			865	1164
			866	1164
			867	1163
			868	1163
			869	1162
			870	1161
			871	1161
			872	1160
			873	1160
			874	1160
			875	1159
			876	1159
			877	1158
			878	1158
			879	1157
			880	1157
			881	1157
			882	1156
			883	1155
			884	1155
			885	1155
			886	1155
			886	1154
			887	1154
			888	1154
			889	1153
			890	1153
			891	1152
			892	1152
			893	1152
			894	1151
			895	1151
			896	1151
			897	1151
			897	1150
			898	1150
			899	1150
			900	1149
			901	1149
			902	1149
			903	1148
			904	1148
			905	1148
			906	1148
			907	1147
			908	1147
			909	1147
			909	1146
			910	1146
			911	1146
			912	1146
			913	1145
			914	1145
			915	1145
			916	1145
			917	1144
			918	1144
			919	1144
			920	1144
			921	1144
			922	1143
			923	1143
			924	1143
			925	1143
			926	1142
			927	1142
			928	1142
			929	1142
			930	1142
			931	1141
			932	1141
			933	1141
			934	1141
			935	1141
			936	1141
			937	1140
			938	1140
			939	1140
			940	1140
			941	1140
			942	1140
			943	1140
			944	1140
			945	1139
			946	1139
			947	1139
			948	1139
			949	1139
			950	1139
			951	1138
			952	1138
			953	1137
			954	1137
			955	1137
			956	1137
			957	1136
			958	1136
			959	1135
			960	1135
			961	1135
			962	1134
			963	1134
			964	1134
			965	1133
			966	1133
			967	1132
			968	1132
			969	1132
			970	1131
			971	1131
			972	1131
			973	1130
			974	1130
			975	1130
			976	1129
			977	1129
			978	1128
			979	1128
			980	1128
			981	1127
			982	1127
			983	1127
			984	1126
			985	1126
			986	1125
			987	1125
			988	1125
			989	1124
			990	1124
			991	1124
			992	1123
			993	1123
			994	1123
			995	1122
			996	1122
			997	1121
			998	1121
			999	1121
			1000	1120
			1001	1120
			1002	1119
			1003	1119
			1004	1119
			1005	1118
			1006	1118
			1007	1118
			1008	1117
			1009	1117
			1010	1116
			1011	1116
			1012	1116
			1013	1115
			1014	1115
			1015	1114
			1016	1114
			1017	1114
			1018	1113
			1019	1113
			1020	1113
			1021	1112
			1022	1112
			1023	1111
			1024	1111
			1025	1111
			1026	1110
			1027	1110
			1028	1109
			1029	1109
			1030	1109
			1031	1108
			1032	1108
			1033	1108
			1034	1107
			1035	1107
			1036	1106
			1037	1106
			1038	1106
			1039	1105
			1040	1105
			1041	1104
			1042	1104
			1043	1104
			1044	1103
			1045	1103
			1046	1102
			1047	1102
			1048	1102
			1049	1101
			1050	1101
			1051	1100
			1052	1100
			1053	1100
			1054	1099
			1055	1099
			1056	1098
			1057	1098
			1058	1098
			1059	1097
			1060	1097
			1061	1097
			1062	1096
			1063	1096
			1064	1095
			1065	1095
			1066	1095
			1067	1094
			1068	1094
			1069	1093
			1070	1093
			1071	1093
			1072	1092
			1073	1092
			1074	1091
			1075	1091
			1076	1091
			1077	1090
			1078	1090
			1079	1089
			1080	1089
			1081	1089
			1082	1088
			1083	1088
			1084	1087
			1085	1087
			1086	1087
			1086	1086
			1087	1086
			1088	1086
			1089	1086
			1089	1085
			1090	1085
			1091	1085
			1092	1084
			1093	1084
			1094	1084
			1094	1083
			1095	1083
			1096	1083
			1097	1083
			1098	1082
			1099	1082
			1100	1082
			1101	1081
			1102	1081
			1103	1081
			1104	1080
			1105	1080
			1106	1080
			1107	1079
			1108	1079
			1109	1079
			1110	1078
			1111	1078
			1112	1078
			1113	1077
			1114	1077
			1115	1077
			1116	1076
			1117	1076
			1118	1076
			1119	1076
			1120	1075
			1121	1075
			1122	1075
			1123	1074
			1124	1074
			1125	1074
			1126	1073
			1127	1073
			1128	1073
			1129	1073
			1130	1072
			1131	1072
			1132	1072
			1133	1071
			1134	1071
			1135	1071
			1136	1071
			1137	1070
			1138	1070
			1139	1070
			1140	1070
			1141	1069
			1142	1069
			1143	1069
			1144	1069
			1145	1068
			1146	1068
			1147	1068
			1148	1068
			1149	1067
			1150	1067
			1151	1067
			1152	1066
			1153	1066
			1154	1066
			1155	1066
			1156	1065
			1157	1065
			1158	1065
			1159	1065
			1160	1064
			1161	1064
			1162	1064
			1163	1064
			1164	1063
			1165	1063
			1166	1063
			1167	1063
			1168	1062
			1169	1062
			1170	1062
			1171	1062
			1172	1062
			1173	1061
			1174	1061
			1175	1061
			1176	1061
			1177	1060
			1178	1060
			1179	1060
			1180	1060
			1181	1059
			1182	1059
			1183	1059
			1184	1059
			1185	1058
			1186	1058
			1187	1058
			1188	1058
			1189	1057
			1190	1057
			1191	1057
			1192	1057
			1193	1057
			1194	1056
			1195	1056
			1196	1056
			1197	1056
			1198	1056
			1198	1055
			1199	1055
			1200	1055
			1201	1055
			1202	1054
			1203	1054
			1204	1054
			1205	1054
			1206	1054
			1207	1053
			1208	1053
			1209	1053
			1210	1053
			1211	1053
			1212	1052
			1213	1052
			1214	1052
			1215	1052
			1216	1051
			1217	1051
			1218	1051
			1219	1051
			1220	1051
			1221	1050
			1222	1050
			1223	1050
			1224	1050
			1225	1050
			1226	1049
			1227	1049
			1228	1049
			1229	1049
			1230	1048
			1231	1048
			1232	1048
			1233	1048
			1234	1048
			1235	1047
			1236	1047
			1237	1047
			1238	1047
			1239	1046
			1240	1046
			1241	1046
			1242	1046
			1243	1046
			1244	1045
			1245	1045
			1246	1045
			1247	1045
			1248	1045
			1249	1044
			1250	1044
			1251	1044
			1252	1044
			1253	1044
			1254	1043
			1255	1043
			1256	1043
			1257	1043
			1258	1043
			1259	1042
			1260	1042
			1261	1042
			1262	1042
			1263	1042
			1264	1041
			1265	1041
			1266	1041
			1267	1041
			1268	1041
			1269	1040
			1270	1040
			1271	1040
			1272	1040
			1273	1040
			1274	1039
			1275	1039
			1276	1039
			1277	1039
			1278	1039
			1279	1038
			1280	1038
			1281	1038
			1282	1038
			1283	1037
			1284	1037
			1285	1037
			1286	1037
			1287	1036
			1288	1036
			1289	1036
			1290	1036
			1291	1035
			1292	1035
			1293	1035
			1294	1035
			1295	1035
			1296	1035
			1297	1034
			1298	1034
			1299	1034
			1300	1034
			1301	1034
			1302	1034
			1302	1033
			1303	1033
			1304	1033
			1305	1033
			1306	1033
			1307	1033
			1308	1033
			1308	1032
			1309	1032
			1310	1032
			1311	1032
			1312	1032
			1313	1032
			1314	1032
			1315	1032
			1316	1031
			1317	1031
			1318	1031
			1319	1031
			1320	1031
			1321	1031
			1322	1031
			1323	1031
			1324	1031
			1325	1031
			1326	1031
			1327	1031
			1328	1031
			1329	1031
			1330	1031
			1331	1031
			1332	1031
			1333	1031
			1334	1031
			1335	1031
			1336	1031
			1337	1031
			1338	1031
			1339	1031
			1340	1031
			1341	1031
			1342	1031
			1343	1031
			1344	1031
			1345	1031
			1346	1031
			1347	1032
			1348	1032
			1349	1032
			1350	1032
			1351	1032
			1352	1033
			1353	1033
			1354	1033
			1355	1034
			1356	1034
			1357	1034
			1358	1035
			1359	1035
			1360	1036
			1361	1036
			1362	1037
			1363	1037
			1364	1038
			1365	1039
			1366	1040
			1367	1041
			1368	1042
			1369	1043
			1370	1044
			1370	1045
			1371	1046
			1371	1047
			1372	1048
			1373	1049
			1374	1050
			1375	1050
			1376	1050
			1377	1051
			1378	1051
			1379	1052
			1380	1052
			1381	1052
			1382	1053
			1383	1053
			1384	1053
			1385	1054
			1386	1054
			1387	1055
			1388	1055
			1389	1055
			1390	1056
			1391	1056
			1392	1056
			1393	1057
			1394	1058
			1395	1058
			1396	1058
			1397	1059
			1398	1059
			1399	1060
			1400	1060
			1401	1060
			1402	1061
			1403	1061
			1404	1062
			1405	1062
			1406	1062
			1407	1063
			1408	1063
			1409	1063
			1409	1064
			1410	1064
			1411	1065
			1412	1065
			1413	1065
			1414	1066
			1415	1066
			1416	1067
			1417	1067
			1418	1068
			1419	1068
			1420	1069
			1421	1069
			1422	1069
			1423	1070
			1424	1070
			1425	1071
			1426	1071
			1427	1072
			1428	1072
			1429	1073
			1430	1073
			1431	1074
			1432	1074
			1433	1075
			1434	1075
			1435	1076
			1436	1076
			1437	1077
			1438	1078
			1439	1078
			1440	1078
			1440	1079
			1441	1079
			1442	1079
			1442	1080
			1443	1080
			1444	1080
			1444	1081
			1445	1081
			1446	1081
			1446	1082
			1447	1082
			1447	1083
			1448	1083
			1449	1083
			1449	1084
			1450	1084
			1451	1085
			1452	1085
			1453	1086
			1454	1087
			1455	1087
			1456	1088
			1457	1089
			1458	1090
			1459	1090
			1460	1091
			1461	1092
			1462	1092
			1463	1093
			1464	1094
			1465	1094
			1466	1095
			1466	1096
			1467	1096
			1468	1097
			1469	1098
			1470	1099
			1471	1100
			1472	1101
			1473	1102
			1474	1102
			1475	1103
			1476	1103
			1477	1104
			1478	1104
			1479	1105
			1480	1105
			1481	1106
			1482	1106
			1483	1107
			1484	1107
			1485	1108
			1486	1108
			1487	1109
			1488	1109
			1489	1110
			1490	1110
			1491	1111
			1492	1111
			1493	1112
			1494	1112
			1495	1113
			1496	1113
			1497	1114
			1498	1114
			1499	1115
			1500	1115
			1501	1116
			1502	1116
			1503	1117
			1504	1117
			1505	1118
			1506	1118
			1507	1119
			1508	1119
			1509	1120
			1510	1120
			1511	1121
			1512	1121
			1513	1122
			1514	1122
			1515	1123
			1516	1123
			1517	1124
			1518	1124
			1519	1125
			1520	1125
			1521	1126
			1522	1126
			1523	1127
			1524	1127
			1525	1128
			1526	1128
			1527	1129
			1528	1129
			1529	1130
			1530	1130
			1531	1131
			1532	1131
			1533	1132
			1534	1132
			1535	1133
			1536	1133
			1537	1134
			1538	1134
			1539	1135
			1540	1135
			1541	1136
			1542	1136
			1543	1137
			1544	1137
			1545	1138
			1546	1138
			1547	1139
			1548	1139
			1549	1140
			1550	1140
			1551	1141
			1552	1141
			1552	1142
			1553	1142
			1554	1142
			1555	1143
			1556	1143
			1557	1144
			1558	1145
			1559	1145
			1560	1146
			1561	1146
			1562	1147
			1563	1147
			1564	1148
			1565	1148
			1566	1149
			1567	1149
			1568	1150
			1569	1150
			1570	1150
			1571	1151
			1572	1151
			1573	1151
			1574	1151
			1575	1152
			1576	1152
			1577	1152
			1578	1153
			1579	1153
			1580	1153
			1581	1154
			1582	1154
			1583	1155
			1584	1155
			1585	1155
			1585	1156
			1586	1156
			1587	1157
			1588	1157
			1589	1157
			1590	1158
			1591	1158
			1592	1159
			1593	1159
			1593	1160
			1594	1160
			1595	1161
			1596	1161
			1597	1162
			1598	1162
			1599	1163
			1599	1164
			1600	1164
			1601	1165
			1602	1165
			1603	1166
			1604	1167
			1605	1168
			1606	1169
			1607	1169
			1608	1170
			1609	1171
			1610	1172
			1611	1173
			1612	1173
			1613	1174
			1614	1175
			1615	1176
			1616	1177
			1617	1178
			1618	1179
			1619	1180
			1619	1181
			1620	1182
			1621	1183
			1622	1184
			1623	1185
			1624	1186
			1625	1187
			1626	1187
			1627	1188
			1628	1189
			1629	1189
			1630	1190
			1631	1190
			1632	1191
			1633	1191
			1634	1192
			1635	1193
			1636	1193
			1637	1194
			1638	1194
			1638	1195
			1639	1195
			1640	1195
			1641	1196
			1642	1196
			1642	1197
			1643	1197
			1644	1198
			1645	1198
			1645	1199
			1646	1199
			1647	1199
			1648	1200
			1649	1201
			1650	1201
			1651	1202
			1652	1202
			1653	1203
			1654	1204
			1655	1204
			1656	1205
			1657	1205
			1658	1206
			1659	1206
			1660	1207
			1661	1207
			1662	1208
			1663	1209
			1664	1210
			1665	1210
			1666	1211
			1667	1211
			1668	1212
			1669	1212
			1670	1213
			1671	1213
			1672	1214
			1673	1215
			1674	1215
			1674	1216
			1675	1216
			1676	1217
			1677	1217
			1678	1217
			1678	1218
			1679	1218
			1680	1219
			1681	1219
			1681	1220
			1682	1220
			1683	1221
			1684	1222
			1685	1222
			1686	1223
			1687	1223
			1687	1224
			1688	1224
			1689	1225
			1690	1225
			1691	1226
			1692	1227
			1693	1227
			1694	1228
			1695	1228
			1696	1228
			1697	1229
			1698	1229
			1699	1229
			1700	1229
			1701	1230
			1702	1230
			1703	1231
			1704	1231
			1705	1231
			1706	1232
			1707	1232
			1708	1232
			1709	1233
			1710	1233
			1711	1233
			1711	1234
			1712	1234
			1713	1234
			1714	1235
			1715	1235
			1716	1236
			1717	1236
			1718	1237
			1719	1237
			1720	1238
			1721	1238
			1722	1239
			1723	1239
			1724	1240
			1725	1241
			1726	1241
			1727	1242
			1728	1243
			1729	1244
			1730	1245
			1731	1246
			1732	1247
			1732	1248
			1732	1249
			1733	1249
			1733	1250
			1733	1251
			1733	1252
		</c1>
		<c2 type=matrix rownames=FALSE colnames=FALSE nrow=1040 ncol=2 as.numeric=TRUE >
			1733	1252
			1732	1252
			1731	1252
			1730	1252
			1729	1252
			1728	1252
			1727	1252
			1726	1253
			1725	1253
			1724	1253
			1723	1253
			1722	1253
			1721	1253
			1720	1253
			1719	1253
			1718	1253
			1717	1253
			1716	1253
			1715	1253
			1714	1253
			1713	1253
			1712	1253
			1711	1253
			1710	1253
			1709	1253
			1708	1253
			1707	1253
			1706	1253
			1705	1253
			1704	1253
			1703	1253
			1702	1253
			1701	1253
			1700	1253
			1699	1253
			1698	1253
			1697	1253
			1696	1253
			1695	1253
			1695	1252
			1694	1252
			1693	1252
			1692	1252
			1691	1252
			1690	1252
			1689	1252
			1688	1252
			1687	1252
			1686	1251
			1685	1251
			1684	1251
			1683	1251
			1682	1251
			1681	1251
			1680	1251
			1679	1250
			1678	1250
			1677	1250
			1676	1249
			1675	1249
			1674	1249
			1673	1249
			1672	1249
			1671	1248
			1670	1248
			1669	1248
			1668	1247
			1667	1247
			1666	1247
			1665	1246
			1664	1246
			1663	1245
			1662	1245
			1661	1245
			1661	1246
			1660	1246
			1659	1247
			1658	1247
			1657	1248
			1656	1248
			1655	1249
			1654	1249
			1653	1249
			1652	1250
			1651	1250
			1650	1250
			1649	1251
			1648	1251
			1647	1251
			1646	1251
			1645	1252
			1644	1252
			1643	1252
			1642	1252
			1641	1252
			1640	1252
			1639	1252
			1639	1253
			1638	1253
			1637	1253
			1636	1253
			1635	1253
			1634	1253
			1633	1253
			1632	1253
			1631	1253
			1630	1253
			1629	1252
			1628	1252
			1627	1252
			1626	1252
			1625	1252
			1624	1252
			1623	1252
			1622	1252
			1621	1251
			1620	1251
			1619	1251
			1618	1251
			1617	1251
			1616	1250
			1615	1250
			1614	1250
			1613	1250
			1612	1249
			1611	1249
			1610	1249
			1609	1250
			1608	1250
			1607	1250
			1606	1250
			1605	1250
			1604	1251
			1603	1251
			1602	1251
			1601	1251
			1600	1252
			1599	1252
			1598	1252
			1597	1252
			1596	1252
			1595	1252
			1594	1252
			1593	1253
			1592	1253
			1591	1253
			1590	1253
			1589	1253
			1588	1253
			1587	1253
			1586	1253
			1585	1253
			1584	1253
			1583	1253
			1582	1253
			1581	1253
			1580	1253
			1579	1253
			1578	1253
			1577	1253
			1576	1253
			1575	1253
			1574	1253
			1573	1253
			1572	1253
			1571	1253
			1570	1253
			1569	1253
			1568	1253
			1567	1253
			1566	1252
			1565	1252
			1564	1252
			1563	1252
			1562	1252
			1561	1252
			1560	1251
			1559	1251
			1558	1251
			1557	1251
			1556	1251
			1555	1250
			1554	1250
			1553	1250
			1552	1249
			1551	1249
			1550	1249
			1549	1249
			1548	1248
			1547	1248
			1546	1248
			1545	1247
			1544	1247
			1543	1246
			1542	1246
			1541	1246
			1540	1247
			1539	1247
			1538	1247
			1537	1248
			1536	1248
			1535	1248
			1534	1249
			1533	1249
			1532	1249
			1531	1250
			1530	1250
			1529	1250
			1528	1251
			1527	1251
			1526	1251
			1525	1251
			1524	1252
			1523	1252
			1522	1252
			1521	1253
			1520	1253
			1519	1253
			1518	1254
			1517	1254
			1516	1254
			1515	1254
			1514	1255
			1513	1255
			1512	1255
			1511	1255
			1510	1256
			1509	1256
			1508	1256
			1507	1256
			1506	1256
			1506	1257
			1505	1257
			1504	1257
			1503	1257
			1502	1257
			1501	1257
			1500	1258
			1499	1258
			1498	1258
			1497	1258
			1496	1258
			1495	1258
			1494	1259
			1493	1259
			1492	1259
			1491	1259
			1490	1259
			1489	1259
			1488	1259
			1487	1259
			1486	1259
			1485	1259
			1484	1259
			1483	1259
			1482	1259
			1481	1259
			1480	1259
			1479	1259
			1478	1259
			1477	1259
			1476	1259
			1475	1259
			1474	1259
			1473	1259
			1472	1258
			1471	1258
			1470	1258
			1469	1258
			1468	1257
			1467	1257
			1466	1257
			1465	1256
			1464	1256
			1463	1255
			1462	1255
			1461	1255
			1460	1256
			1459	1256
			1458	1256
			1457	1256
			1456	1257
			1455	1257
			1454	1257
			1453	1257
			1452	1257
			1451	1257
			1450	1257
			1450	1258
			1449	1258
			1448	1258
			1447	1258
			1446	1258
			1445	1258
			1444	1258
			1443	1258
			1442	1259
			1441	1259
			1440	1259
			1439	1259
			1438	1259
			1437	1259
			1436	1259
			1435	1259
			1434	1259
			1433	1259
			1432	1259
			1431	1259
			1430	1259
			1429	1259
			1428	1259
			1427	1259
			1426	1259
			1425	1259
			1424	1259
			1423	1259
			1422	1259
			1421	1259
			1420	1259
			1419	1259
			1418	1259
			1417	1259
			1416	1259
			1415	1259
			1414	1259
			1413	1259
			1412	1259
			1411	1259
			1410	1259
			1409	1259
			1408	1259
			1407	1259
			1406	1259
			1405	1259
			1404	1259
			1403	1258
			1402	1258
			1401	1258
			1400	1258
			1399	1258
			1398	1258
			1397	1258
			1396	1258
			1395	1257
			1394	1257
			1393	1257
			1392	1257
			1391	1257
			1390	1257
			1389	1257
			1388	1256
			1387	1256
			1386	1256
			1385	1256
			1384	1256
			1383	1256
			1382	1255
			1381	1255
			1380	1255
			1379	1255
			1378	1255
			1377	1254
			1376	1254
			1375	1254
			1374	1254
			1373	1253
			1372	1253
			1371	1253
			1370	1253
			1369	1252
			1368	1252
			1367	1252
			1366	1252
			1365	1251
			1364	1251
			1363	1251
			1362	1251
			1361	1250
			1360	1250
			1359	1250
			1358	1250
			1357	1251
			1356	1251
			1355	1251
			1354	1251
			1353	1252
			1352	1252
			1351	1252
			1350	1252
			1349	1252
			1348	1253
			1347	1253
			1346	1253
			1345	1253
			1344	1253
			1343	1253
			1342	1254
			1341	1254
			1340	1254
			1339	1254
			1338	1254
			1337	1254
			1336	1254
			1335	1254
			1334	1255
			1333	1255
			1332	1255
			1331	1255
			1330	1255
			1329	1255
			1328	1255
			1327	1255
			1326	1255
			1325	1256
			1324	1256
			1323	1256
			1322	1256
			1321	1256
			1320	1256
			1319	1256
			1318	1256
			1317	1256
			1316	1256
			1315	1256
			1314	1256
			1313	1256
			1312	1256
			1311	1256
			1310	1256
			1309	1256
			1308	1256
			1307	1257
			1306	1257
			1305	1257
			1304	1257
			1303	1257
			1302	1257
			1301	1257
			1300	1257
			1299	1257
			1298	1257
			1297	1257
			1296	1257
			1295	1257
			1294	1257
			1293	1257
			1292	1257
			1291	1257
			1290	1257
			1289	1257
			1288	1257
			1287	1257
			1286	1257
			1285	1257
			1284	1257
			1283	1257
			1282	1257
			1281	1257
			1280	1257
			1279	1256
			1278	1256
			1277	1256
			1276	1256
			1275	1256
			1274	1256
			1273	1256
			1272	1256
			1271	1256
			1270	1256
			1269	1256
			1268	1256
			1267	1256
			1266	1256
			1265	1256
			1264	1256
			1263	1256
			1262	1256
			1261	1256
			1260	1256
			1259	1255
			1258	1255
			1257	1255
			1256	1255
			1255	1255
			1254	1255
			1253	1255
			1252	1255
			1251	1255
			1250	1255
			1249	1255
			1248	1255
			1247	1255
			1246	1254
			1245	1254
			1244	1254
			1243	1254
			1242	1254
			1241	1254
			1240	1254
			1239	1254
			1238	1255
			1237	1255
			1236	1255
			1235	1255
			1234	1255
			1233	1256
			1232	1256
			1231	1256
			1230	1256
			1229	1256
			1228	1257
			1227	1257
			1226	1257
			1225	1257
			1224	1257
			1223	1257
			1222	1258
			1221	1258
			1220	1258
			1219	1258
			1218	1258
			1217	1258
			1216	1258
			1215	1259
			1214	1259
			1213	1259
			1212	1259
			1211	1259
			1210	1259
			1209	1259
			1208	1259
			1207	1259
			1206	1260
			1205	1260
			1204	1260
			1203	1260
			1202	1260
			1201	1260
			1200	1260
			1199	1260
			1198	1260
			1197	1260
			1196	1260
			1195	1260
			1194	1260
			1193	1260
			1192	1260
			1191	1260
			1190	1260
			1189	1260
			1188	1260
			1187	1260
			1186	1260
			1185	1260
			1184	1260
			1183	1260
			1182	1260
			1181	1260
			1180	1260
			1179	1260
			1178	1260
			1177	1260
			1176	1260
			1175	1260
			1174	1260
			1173	1260
			1172	1260
			1171	1260
			1170	1260
			1169	1260
			1168	1260
			1167	1260
			1166	1259
			1165	1259
			1164	1259
			1163	1259
			1162	1259
			1161	1259
			1160	1259
			1159	1258
			1158	1258
			1157	1258
			1156	1258
			1155	1258
			1154	1258
			1153	1257
			1152	1257
			1151	1257
			1150	1257
			1149	1257
			1148	1256
			1147	1256
			1146	1256
			1145	1256
			1144	1255
			1143	1255
			1142	1255
			1141	1254
			1140	1254
			1139	1254
			1138	1254
			1137	1254
			1136	1255
			1135	1255
			1134	1255
			1133	1255
			1132	1255
			1131	1256
			1130	1256
			1129	1256
			1128	1256
			1127	1256
			1126	1256
			1125	1257
			1124	1257
			1123	1257
			1122	1257
			1121	1257
			1120	1257
			1119	1257
			1119	1258
			1118	1258
			1117	1258
			1116	1258
			1115	1258
			1114	1258
			1113	1258
			1112	1259
			1111	1259
			1110	1259
			1109	1259
			1108	1259
			1107	1259
			1106	1259
			1105	1260
			1104	1260
			1103	1260
			1102	1260
			1101	1260
			1100	1260
			1099	1260
			1098	1260
			1097	1261
			1096	1261
			1095	1261
			1094	1261
			1093	1261
			1092	1261
			1091	1261
			1090	1261
			1089	1262
			1088	1262
			1087	1262
			1086	1262
			1085	1262
			1084	1262
			1083	1262
			1082	1262
			1081	1262
			1080	1262
			1079	1262
			1078	1262
			1077	1263
			1076	1263
			1075	1263
			1074	1263
			1073	1263
			1072	1263
			1071	1263
			1070	1263
			1069	1263
			1068	1263
			1067	1263
			1066	1263
			1065	1263
			1064	1263
			1063	1263
			1062	1263
			1061	1263
			1060	1263
			1059	1263
			1058	1263
			1057	1263
			1056	1263
			1055	1263
			1054	1263
			1053	1263
			1052	1263
			1051	1263
			1050	1263
			1049	1263
			1048	1263
			1047	1263
			1046	1263
			1045	1263
			1044	1263
			1043	1263
			1042	1263
			1041	1263
			1040	1263
			1039	1263
			1038	1263
			1037	1263
			1036	1263
			1035	1263
			1034	1262
			1033	1262
			1032	1262
			1031	1262
			1030	1262
			1029	1262
			1028	1262
			1027	1262
			1026	1261
			1025	1261
			1024	1261
			1023	1261
			1022	1261
			1021	1261
			1020	1260
			1019	1260
			1018	1260
			1017	1260
			1016	1260
			1015	1261
			1014	1261
			1013	1261
			1012	1261
			1011	1261
			1010	1261
			1009	1261
			1008	1262
			1007	1262
			1006	1262
			1005	1262
			1004	1262
			1003	1262
			1002	1263
			1001	1263
			1000	1263
			999	1263
			998	1263
			997	1263
			996	1263
			995	1263
			994	1263
			993	1263
			992	1264
			991	1264
			990	1264
			989	1264
			988	1264
			987	1264
			986	1264
			985	1264
			984	1264
			983	1264
			982	1264
			981	1265
			980	1265
			979	1265
			978	1265
			977	1265
			976	1265
			975	1265
			974	1265
			973	1265
			972	1265
			971	1265
			970	1265
			969	1265
			968	1265
			967	1265
			966	1265
			965	1265
			964	1265
			963	1265
			962	1265
			961	1265
			960	1265
			959	1265
			958	1265
			957	1265
			956	1265
			955	1265
			954	1265
			953	1265
			952	1265
			951	1265
			950	1265
			949	1265
			948	1265
			947	1265
			946	1265
			945	1265
			944	1265
			943	1265
			942	1265
			941	1265
			940	1265
			939	1265
			938	1265
			937	1264
			936	1264
			935	1264
			934	1264
			933	1264
			932	1264
			931	1264
			930	1264
			929	1264
			928	1264
			927	1264
			926	1263
			925	1263
			924	1263
			923	1263
			922	1263
			921	1263
			920	1263
			919	1263
			918	1262
			917	1262
			916	1262
			915	1262
			914	1262
			913	1262
			912	1262
			911	1261
			910	1261
			909	1261
			908	1261
			907	1261
			906	1261
			905	1260
			904	1260
			903	1260
			902	1260
			901	1260
			900	1259
			899	1259
			898	1259
			897	1259
			896	1259
			895	1258
			894	1258
			893	1258
			892	1258
			891	1257
			890	1257
			889	1257
			888	1257
			887	1256
			886	1256
			885	1256
			884	1256
			883	1255
			882	1255
			881	1255
			880	1255
			879	1254
			878	1254
			877	1254
			876	1254
			875	1255
			874	1255
			873	1255
			872	1255
			871	1255
			870	1255
			869	1255
			868	1256
			867	1256
			866	1256
			865	1256
			864	1256
			863	1256
			862	1256
			861	1257
			860	1257
			859	1257
			858	1257
			857	1257
			856	1257
			855	1257
			854	1257
			853	1258
			852	1258
			851	1258
			850	1258
			849	1258
			848	1258
			847	1258
			846	1258
			845	1258
			844	1258
			843	1259
			842	1259
			841	1259
			840	1259
			839	1259
			838	1259
			837	1259
			836	1259
			835	1259
			834	1259
			833	1259
			832	1259
			831	1260
			830	1260
			829	1260
			828	1260
			827	1260
			826	1260
			825	1260
			824	1260
			823	1260
			822	1260
			821	1260
			820	1260
			819	1260
			818	1260
			817	1260
			816	1260
			815	1260
			814	1260
			813	1260
			812	1260
			811	1260
			810	1260
			809	1260
			808	1260
			807	1260
			806	1260
			805	1260
			804	1260
			803	1260
			802	1260
			801	1260
			800	1260
			799	1260
			798	1260
			797	1260
			796	1260
			795	1260
			794	1260
			793	1260
			792	1260
			791	1260
			790	1260
			789	1260
			788	1260
			787	1260
			786	1260
			785	1260
			784	1260
			784	1259
			783	1259
			783	1258
			782	1258
			781	1257
			780	1256
			779	1256
			778	1255
			777	1255
			776	1254
			775	1254
			774	1253
			773	1253
			772	1252
			771	1252
			770	1252
			770	1251
			769	1251
			768	1250
			767	1250
			766	1250
			765	1249
			764	1249
			763	1249
			762	1248
			761	1248
			760	1248
			759	1248
			758	1248
			758	1247
			757	1247
			756	1247
			755	1247
			754	1247
			753	1247
			752	1247
			751	1246
			750	1246
			749	1246
			748	1246
			747	1246
			746	1246
			745	1246
			744	1246
			743	1246
			742	1246
			741	1246
			740	1246
			739	1246
			738	1246
			737	1247
			736	1247
			735	1247
			734	1248
			733	1248
			732	1248
			732	1249
			731	1249
			730	1249
			729	1249
			728	1250
			727	1250
			726	1250
			725	1250
			724	1251
			723	1251
			722	1251
			721	1251
			720	1251
			719	1251
			718	1251
			717	1252
			716	1252
			715	1252
			714	1252
			713	1251
			712	1251
			711	1251
			710	1251
			709	1251
			708	1250
			707	1249
			706	1249
			705	1248
		</c2>
	</curves.pixel>
	<curves.scaled type=list>
		<c1 type=matrix rownames=FALSE colnames=FALSE nrow=1069 ncol=2 as.numeric=TRUE >
			27.9742082470828	-49.5203005565381
			28.0138879750928	-49.5203005565381
			28.0535677031029	-49.480620828528
			28.0932474311129	-49.440941100518
			28.132927159123	-49.440941100518
			28.172606887133	-49.4012613725079
			28.2122866151431	-49.4012613725079
			28.2519663431531	-49.3615816444979
			28.2916460711632	-49.3615816444979
			28.3313257991732	-49.3219019164878
			28.3710055271833	-49.3219019164878
			28.4106852551933	-49.2822221884778
			28.4503649832034	-49.2822221884778
			28.4900447112134	-49.2425424604677
			28.5297244392234	-49.2425424604677
			28.5694041672335	-49.2028627324577
			28.6090838952435	-49.2028627324577
			28.6487636232536	-49.1631830044476
			28.6884433512636	-49.1631830044476
			28.7281230792737	-49.1235032764376
			28.7678028072837	-49.1235032764376
			28.8074825352938	-49.0838235484275
			28.8471622633038	-49.0838235484275
			28.8868419913139	-49.0441438204175
			28.9265217193239	-49.0441438204175
			28.966201447334	-49.0441438204175
			29.005881175344	-49.0044640924074
			29.0455609033541	-49.0044640924074
			29.0852406313641	-48.9647843643974
			29.1249203593741	-48.9647843643974
			29.1249203593741	-48.9251046363874
			29.1646000873842	-48.9251046363874
			29.2042798153942	-48.9251046363874
			29.2439595434043	-48.8854249083773
			29.2836392714143	-48.8854249083773
			29.3233189994244	-48.8457451803673
			29.3629987274344	-48.8457451803673
			29.4026784554445	-48.8060654523572
			29.4423581834545	-48.8060654523572
			29.4820379114646	-48.7663857243472
			29.5217176394746	-48.7663857243472
			29.5613973674847	-48.7267059963371
			29.6010770954947	-48.7267059963371
			29.6407568235047	-48.6870262683271
			29.6804365515148	-48.6870262683271
			29.7201162795248	-48.6870262683271
			29.7597960075349	-48.647346540317
			29.7994757355449	-48.647346540317
			29.839155463555	-48.607666812307
			29.878835191565	-48.607666812307
			29.9185149195751	-48.5679870842969
			29.9581946475851	-48.5679870842969
			29.9978743755952	-48.5283073562869
			30.0375541036052	-48.5283073562869
			30.0772338316153	-48.4886276282768
			30.1169135596253	-48.4886276282768
			30.1565932876354	-48.4489479002668
			30.1962730156454	-48.4489479002668
			30.2359527436554	-48.4092681722568
			30.2756324716655	-48.4092681722568
			30.3153121996755	-48.3695884442467
			30.3549919276856	-48.3695884442467
			30.3946716556956	-48.3695884442467
			30.3946716556956	-48.3299087162367
			30.4343513837057	-48.3299087162367
			30.4740311117157	-48.3299087162367
			30.5137108397258	-48.2902289882266
			30.5533905677358	-48.2902289882266
			30.5930702957459	-48.2505492602166
			30.6327500237559	-48.2505492602166
			30.672429751766	-48.2505492602166
			30.672429751766	-48.2108695322065
			30.712109479776	-48.2108695322065
			30.7517892077861	-48.2108695322065
			30.7914689357961	-48.1711898041965
			30.8311486638061	-48.1711898041965
			30.8708283918162	-48.1315100761864
			30.9105081198262	-48.1315100761864
			30.9501878478363	-48.0918303481764
			30.9898675758463	-48.0918303481764
			31.0295473038564	-48.0521506201663
			31.0692270318664	-48.0521506201663
			31.1089067598765	-48.0521506201663
			31.1485864878865	-48.0124708921563
			31.1882662158966	-48.0124708921563
			31.2279459439066	-47.9727911641462
			31.2676256719167	-47.9727911641462
			31.3073053999267	-47.9331114361362
			31.3469851279367	-47.9331114361362
			31.3866648559468	-47.8934317081261
			31.4263445839568	-47.8934317081261
			31.4660243119669	-47.8934317081261
			31.5057040399769	-47.8537519801161
			31.545383767987	-47.8537519801161
			31.585063495997	-47.8140722521061
			31.6247432240071	-47.8140722521061
			31.6644229520171	-47.774392524096
			31.7041026800272	-47.774392524096
			31.7437824080372	-47.774392524096
			31.7834621360473	-47.734712796086
			31.8231418640573	-47.734712796086
			31.8628215920674	-47.6950330680759
			31.9025013200774	-47.6950330680759
			31.9421810480874	-47.6553533400659
			31.9818607760975	-47.6553533400659
			32.0215405041075	-47.6156736120558
			32.0612202321176	-47.6156736120558
			32.1008999601276	-47.5759938840458
			32.1405796881377	-47.5759938840458
			32.1802594161477	-47.5759938840458
			32.2199391441578	-47.5363141560357
			32.2596188721678	-47.5363141560357
			32.2992986001779	-47.4966344280257
			32.3389783281879	-47.4966344280257
			32.378658056198	-47.4569547000156
			32.418337784208	-47.4569547000156
			32.458017512218	-47.4172749720056
			32.4976972402281	-47.3775952439955
			32.5373769682381	-47.3379155159855
			32.5770566962482	-47.3379155159855
			32.6167364242582	-47.2982357879755
			32.6564161522683	-47.2585560599654
			32.6960958802783	-47.2188763319554
			32.7357756082884	-47.2188763319554
			32.7754553362984	-47.1791966039453
			32.8151350643085	-47.1395168759353
			32.8548147923185	-47.0998371479252
			32.8944945203286	-47.0998371479252
			32.9341742483386	-47.0601574199152
			32.9738539763487	-47.0204776919051
			33.0135337043587	-46.9807979638951
			33.0532134323688	-46.9807979638951
			33.0928931603788	-46.941118235885
			33.1325728883888	-46.901438507875
			33.1722526163989	-46.901438507875
			33.2119323444089	-46.8617587798649
			33.251612072419	-46.8220790518549
			33.291291800429	-46.8220790518549
			33.3309715284391	-46.7823993238448
			33.3706512564491	-46.7427195958348
			33.4103309844592	-46.7427195958348
			33.4500107124692	-46.7030398678247
			33.4896904404793	-46.6633601398147
			33.5293701684893	-46.6633601398147
			33.5690498964994	-46.6236804118047
			33.6087296245094	-46.5840006837946
			33.6484093525194	-46.5840006837946
			33.6880890805295	-46.5443209557846
			33.7277688085395	-46.5443209557846
			33.7674485365496	-46.5046412277745
			33.8071282645596	-46.4649614997645
			33.8468079925697	-46.4649614997645
			33.8864877205797	-46.4252817717544
			33.9261674485898	-46.4252817717544
			33.9658471765998	-46.3856020437444
			34.0055269046099	-46.3459223157343
			34.0452066326199	-46.3459223157343
			34.08488636063	-46.3062425877243
			34.12456608864	-46.3062425877243
			34.1642458166501	-46.2665628597142
			34.2039255446601	-46.2665628597142
			34.2436052726701	-46.2268831317042
			34.2832850006802	-46.2268831317042
			34.3229647286902	-46.1872034036941
			34.3626444567003	-46.1872034036941
			34.4023241847103	-46.1475236756841
			34.4420039127204	-46.1475236756841
			34.4816836407304	-46.1078439476741
			34.5213633687405	-46.068164219664
			34.5610430967505	-46.068164219664
			34.6007228247606	-46.028484491654
			34.6404025527706	-46.028484491654
			34.6800822807807	-46.028484491654
			34.7197620087907	-45.9888047636439
			34.7594417368007	-45.9888047636439
			34.7991214648108	-45.9491250356339
			34.8388011928208	-45.9491250356339
			34.8784809208309	-45.9094453076238
			34.9181606488409	-45.9094453076238
			34.957840376851	-45.9094453076238
			34.997520104861	-45.8697655796138
			35.0371998328711	-45.8300858516037
			35.0768795608811	-45.8300858516037
			35.1165592888912	-45.8300858516037
			35.1562390169012	-45.8300858516037
			35.1562390169012	-45.7904061235937
			35.1959187449113	-45.7904061235937
			35.2355984729213	-45.7904061235937
			35.2752782009314	-45.7507263955836
			35.3149579289414	-45.7507263955836
			35.3546376569514	-45.7110466675736
			35.3943173849615	-45.7110466675736
			35.4339971129715	-45.7110466675736
			35.4736768409816	-45.6713669395635
			35.5133565689916	-45.6713669395635
			35.5530362970017	-45.6713669395635
			35.5927160250117	-45.6713669395635
			35.5927160250117	-45.6316872115535
			35.6323957530218	-45.6316872115535
			35.6720754810318	-45.6316872115535
			35.7117552090419	-45.5920074835434
			35.7514349370519	-45.5920074835434
			35.791114665062	-45.5920074835434
			35.830794393072	-45.5523277555334
			35.8704741210821	-45.5523277555334
			35.9101538490921	-45.5523277555334
			35.9498335771021	-45.5523277555334
			35.9895133051122	-45.5126480275234
			36.0291930331222	-45.5126480275234
			36.0688727611323	-45.5126480275234
			36.0688727611323	-45.4729682995133
			36.1085524891423	-45.4729682995133
			36.1482322171524	-45.4729682995133
			36.1879119451624	-45.4729682995133
			36.2275916731725	-45.4332885715033
			36.2672714011825	-45.4332885715033
			36.3069511291926	-45.4332885715033
			36.3466308572026	-45.4332885715033
			36.3863105852127	-45.3936088434932
			36.4259903132227	-45.3936088434932
			36.4656700412327	-45.3936088434932
			36.5053497692428	-45.3936088434932
			36.5450294972528	-45.3936088434932
			36.5847092252629	-45.3539291154832
			36.6243889532729	-45.3539291154832
			36.664068681283	-45.3539291154832
			36.703748409293	-45.3539291154832
			36.7434281373031	-45.3142493874731
			36.7831078653131	-45.3142493874731
			36.8227875933232	-45.3142493874731
			36.8624673213332	-45.3142493874731
			36.9021470493433	-45.3142493874731
			36.9418267773533	-45.2745696594631
			36.9815065053634	-45.2745696594631
			37.0211862333734	-45.2745696594631
			37.0608659613834	-45.2745696594631
			37.1005456893935	-45.2745696594631
			37.1402254174035	-45.2745696594631
			37.1799051454136	-45.234889931453
			37.2195848734236	-45.234889931453
			37.2592646014337	-45.234889931453
			37.2989443294437	-45.234889931453
			37.3386240574538	-45.234889931453
			37.3783037854638	-45.234889931453
			37.4179835134739	-45.234889931453
			37.4576632414839	-45.234889931453
			37.497342969494	-45.195210203443
			37.537022697504	-45.195210203443
			37.576702425514	-45.195210203443
			37.6163821535241	-45.195210203443
			37.6560618815341	-45.195210203443
			37.6957416095442	-45.195210203443
			37.7354213375542	-45.1555304754329
			37.7751010655643	-45.1555304754329
			37.8147807935743	-45.1158507474229
			37.8544605215844	-45.1158507474229
			37.8941402495944	-45.1158507474229
			37.9338199776045	-45.1158507474229
			37.9734997056145	-45.0761710194128
			38.0131794336246	-45.0761710194128
			38.0528591616346	-45.0364912914028
			38.0925388896447	-45.0364912914028
			38.1322186176547	-45.0364912914028
			38.1718983456648	-44.9968115633927
			38.2115780736748	-44.9968115633927
			38.2512578016848	-44.9968115633927
			38.2909375296949	-44.9571318353827
			38.3306172577049	-44.9571318353827
			38.370296985715	-44.9174521073727
			38.409976713725	-44.9174521073727
			38.4496564417351	-44.9174521073727
			38.4893361697451	-44.8777723793626
			38.5290158977552	-44.8777723793626
			38.5686956257652	-44.8777723793626
			38.6083753537753	-44.8380926513526
			38.6480550817853	-44.8380926513526
			38.6877348097954	-44.8380926513526
			38.7274145378054	-44.7984129233425
			38.7670942658154	-44.7984129233425
			38.8067739938255	-44.7587331953325
			38.8464537218355	-44.7587331953325
			38.8861334498456	-44.7587331953325
			38.9258131778556	-44.7190534673224
			38.9654929058657	-44.7190534673224
			39.0051726338757	-44.7190534673224
			39.0448523618858	-44.6793737393124
			39.0845320898958	-44.6793737393124
			39.1242118179059	-44.6396940113023
			39.1638915459159	-44.6396940113023
			39.203571273926	-44.6396940113023
			39.243251001936	-44.6000142832923
			39.2829307299461	-44.6000142832923
			39.3226104579561	-44.6000142832923
			39.3622901859661	-44.5603345552822
			39.4019699139762	-44.5603345552822
			39.4416496419862	-44.5603345552822
			39.4813293699963	-44.5206548272722
			39.5210090980063	-44.5206548272722
			39.5606888260164	-44.4809750992621
			39.6003685540264	-44.4809750992621
			39.6400482820365	-44.4809750992621
			39.6797280100465	-44.4412953712521
			39.7194077380566	-44.4412953712521
			39.7590874660666	-44.4016156432421
			39.7987671940767	-44.4016156432421
			39.8384469220867	-44.4016156432421
			39.8781266500967	-44.361935915232
			39.9178063781068	-44.361935915232
			39.9574861061168	-44.361935915232
			39.9971658341269	-44.322256187222
			40.0368455621369	-44.322256187222
			40.076525290147	-44.2825764592119
			40.116205018157	-44.2825764592119
			40.1558847461671	-44.2825764592119
			40.1955644741771	-44.2428967312019
			40.2352442021872	-44.2428967312019
			40.2749239301972	-44.2032170031918
			40.3146036582073	-44.2032170031918
			40.3542833862173	-44.2032170031918
			40.3939631142274	-44.1635372751818
			40.4336428422374	-44.1635372751818
			40.4733225702474	-44.1635372751818
			40.5130022982575	-44.1238575471717
			40.5526820262675	-44.1238575471717
			40.5923617542776	-44.0841778191617
			40.6320414822876	-44.0841778191617
			40.6717212102977	-44.0841778191617
			40.7114009383077	-44.0444980911516
			40.7510806663178	-44.0444980911516
			40.7907603943278	-44.0048183631416
			40.8304401223379	-44.0048183631416
			40.8701198503479	-44.0048183631416
			40.909799578358	-43.9651386351315
			40.949479306368	-43.9651386351315
			40.9891590343781	-43.9651386351315
			41.0288387623881	-43.9254589071215
			41.0685184903981	-43.9254589071215
			41.1081982184082	-43.8857791791114
			41.1478779464182	-43.8857791791114
			41.1875576744283	-43.8857791791114
			41.2272374024383	-43.8460994511014
			41.2669171304484	-43.8460994511014
			41.3065968584584	-43.8064197230914
			41.3462765864685	-43.8064197230914
			41.3859563144785	-43.8064197230914
			41.4256360424886	-43.7667399950813
			41.4653157704986	-43.7667399950813
			41.5049954985087	-43.7270602670713
			41.5446752265187	-43.7270602670713
			41.5843549545287	-43.7270602670713
			41.6240346825388	-43.6873805390612
			41.6637144105488	-43.6873805390612
			41.7033941385589	-43.6477008110512
			41.7430738665689	-43.6477008110512
			41.782753594579	-43.6477008110512
			41.822433322589	-43.6080210830411
			41.8621130505991	-43.6080210830411
			41.9017927786091	-43.5683413550311
			41.9414725066192	-43.5683413550311
			41.9811522346292	-43.5683413550311
			42.0208319626393	-43.528661627021
			42.0605116906493	-43.528661627021
			42.1001914186594	-43.528661627021
			42.1398711466694	-43.488981899011
			42.1795508746794	-43.488981899011
			42.2192306026895	-43.4493021710009
			42.2589103306995	-43.4493021710009
			42.2985900587096	-43.4493021710009
			42.3382697867196	-43.4096224429909
			42.3779495147297	-43.4096224429909
			42.4176292427397	-43.3699427149808
			42.4573089707498	-43.3699427149808
			42.4969886987598	-43.3699427149808
			42.5366684267699	-43.3302629869708
			42.5763481547799	-43.3302629869708
			42.61602788279	-43.2905832589608
			42.6557076108	-43.2905832589608
			42.6953873388101	-43.2905832589608
			42.7350670668201	-43.2509035309507
			42.7747467948301	-43.2509035309507
			42.8144265228402	-43.2112238029407
			42.8541062508502	-43.2112238029407
			42.8937859788603	-43.2112238029407
			42.9334657068703	-43.1715440749306
			42.9731454348804	-43.1715440749306
			43.0128251628904	-43.1318643469206
			43.0525048909005	-43.1318643469206
			43.0921846189105	-43.1318643469206
			43.0921846189105	-43.0921846189105
			43.1318643469206	-43.0921846189105
			43.1715440749306	-43.0921846189105
			43.2112238029407	-43.0921846189105
			43.2112238029407	-43.0525048909005
			43.2509035309507	-43.0525048909005
			43.2905832589608	-43.0525048909005
			43.3302629869708	-43.0128251628904
			43.3699427149808	-43.0128251628904
			43.4096224429909	-43.0128251628904
			43.4096224429909	-42.9731454348804
			43.4493021710009	-42.9731454348804
			43.488981899011	-42.9731454348804
			43.528661627021	-42.9731454348804
			43.5683413550311	-42.9334657068703
			43.6080210830411	-42.9334657068703
			43.6477008110512	-42.9334657068703
			43.6873805390612	-42.8937859788603
			43.7270602670713	-42.8937859788603
			43.7667399950813	-42.8937859788603
			43.8064197230914	-42.8541062508502
			43.8460994511014	-42.8541062508502
			43.8857791791114	-42.8541062508502
			43.9254589071215	-42.8144265228402
			43.9651386351315	-42.8144265228402
			44.0048183631416	-42.8144265228402
			44.0444980911516	-42.7747467948301
			44.0841778191617	-42.7747467948301
			44.1238575471717	-42.7747467948301
			44.1635372751818	-42.7350670668201
			44.2032170031918	-42.7350670668201
			44.2428967312019	-42.7350670668201
			44.2825764592119	-42.6953873388101
			44.322256187222	-42.6953873388101
			44.361935915232	-42.6953873388101
			44.4016156432421	-42.6953873388101
			44.4412953712521	-42.6557076108
			44.4809750992621	-42.6557076108
			44.5206548272722	-42.6557076108
			44.5603345552822	-42.61602788279
			44.6000142832923	-42.61602788279
			44.6396940113023	-42.61602788279
			44.6793737393124	-42.5763481547799
			44.7190534673224	-42.5763481547799
			44.7587331953325	-42.5763481547799
			44.7984129233425	-42.5763481547799
			44.8380926513526	-42.5366684267699
			44.8777723793626	-42.5366684267699
			44.9174521073727	-42.5366684267699
			44.9571318353827	-42.4969886987598
			44.9968115633927	-42.4969886987598
			45.0364912914028	-42.4969886987598
			45.0761710194128	-42.4969886987598
			45.1158507474229	-42.4573089707498
			45.1555304754329	-42.4573089707498
			45.195210203443	-42.4573089707498
			45.234889931453	-42.4573089707498
			45.2745696594631	-42.4176292427397
			45.3142493874731	-42.4176292427397
			45.3539291154832	-42.4176292427397
			45.3936088434932	-42.4176292427397
			45.4332885715033	-42.3779495147297
			45.4729682995133	-42.3779495147297
			45.5126480275234	-42.3779495147297
			45.5523277555334	-42.3779495147297
			45.5920074835434	-42.3382697867196
			45.6316872115535	-42.3382697867196
			45.6713669395635	-42.3382697867196
			45.7110466675736	-42.2985900587096
			45.7507263955836	-42.2985900587096
			45.7904061235937	-42.2985900587096
			45.8300858516037	-42.2985900587096
			45.8697655796138	-42.2589103306995
			45.9094453076238	-42.2589103306995
			45.9491250356339	-42.2589103306995
			45.9888047636439	-42.2589103306995
			46.028484491654	-42.2192306026895
			46.068164219664	-42.2192306026895
			46.1078439476741	-42.2192306026895
			46.1475236756841	-42.2192306026895
			46.1872034036941	-42.1795508746794
			46.2268831317042	-42.1795508746794
			46.2665628597142	-42.1795508746794
			46.3062425877243	-42.1795508746794
			46.3459223157343	-42.1398711466694
			46.3856020437444	-42.1398711466694
			46.4252817717544	-42.1398711466694
			46.4649614997645	-42.1398711466694
			46.5046412277745	-42.1398711466694
			46.5443209557846	-42.1001914186594
			46.5840006837946	-42.1001914186594
			46.6236804118047	-42.1001914186594
			46.6633601398147	-42.1001914186594
			46.7030398678247	-42.0605116906493
			46.7427195958348	-42.0605116906493
			46.7823993238448	-42.0605116906493
			46.8220790518549	-42.0605116906493
			46.8617587798649	-42.0208319626393
			46.901438507875	-42.0208319626393
			46.941118235885	-42.0208319626393
			46.9807979638951	-42.0208319626393
			47.0204776919051	-41.9811522346292
			47.0601574199152	-41.9811522346292
			47.0998371479252	-41.9811522346292
			47.1395168759353	-41.9811522346292
			47.1791966039453	-41.9414725066192
			47.2188763319554	-41.9414725066192
			47.2585560599654	-41.9414725066192
			47.2982357879755	-41.9414725066192
			47.3379155159855	-41.9414725066192
			47.3775952439955	-41.9017927786091
			47.4172749720056	-41.9017927786091
			47.4569547000156	-41.9017927786091
			47.4966344280257	-41.9017927786091
			47.5363141560357	-41.9017927786091
			47.5363141560357	-41.8621130505991
			47.5759938840458	-41.8621130505991
			47.6156736120558	-41.8621130505991
			47.6553533400659	-41.8621130505991
			47.6950330680759	-41.822433322589
			47.734712796086	-41.822433322589
			47.774392524096	-41.822433322589
			47.8140722521061	-41.822433322589
			47.8537519801161	-41.822433322589
			47.8934317081261	-41.782753594579
			47.9331114361362	-41.782753594579
			47.9727911641462	-41.782753594579
			48.0124708921563	-41.782753594579
			48.0521506201663	-41.782753594579
			48.0918303481764	-41.7430738665689
			48.1315100761864	-41.7430738665689
			48.1711898041965	-41.7430738665689
			48.2108695322065	-41.7430738665689
			48.2505492602166	-41.7033941385589
			48.2902289882266	-41.7033941385589
			48.3299087162367	-41.7033941385589
			48.3695884442467	-41.7033941385589
			48.4092681722568	-41.7033941385589
			48.4489479002668	-41.6637144105488
			48.4886276282768	-41.6637144105488
			48.5283073562869	-41.6637144105488
			48.5679870842969	-41.6637144105488
			48.607666812307	-41.6637144105488
			48.647346540317	-41.6240346825388
			48.6870262683271	-41.6240346825388
			48.7267059963371	-41.6240346825388
			48.7663857243472	-41.6240346825388
			48.8060654523572	-41.5843549545287
			48.8457451803673	-41.5843549545287
			48.8854249083773	-41.5843549545287
			48.9251046363874	-41.5843549545287
			48.9647843643974	-41.5843549545287
			49.0044640924074	-41.5446752265187
			49.0441438204175	-41.5446752265187
			49.0838235484275	-41.5446752265187
			49.1235032764376	-41.5446752265187
			49.1631830044476	-41.5049954985087
			49.2028627324577	-41.5049954985087
			49.2425424604677	-41.5049954985087
			49.2822221884778	-41.5049954985087
			49.3219019164878	-41.5049954985087
			49.3615816444979	-41.4653157704986
			49.4012613725079	-41.4653157704986
			49.440941100518	-41.4653157704986
			49.480620828528	-41.4653157704986
			49.5203005565381	-41.4653157704986
			49.5599802845481	-41.4256360424886
			49.5996600125581	-41.4256360424886
			49.6393397405682	-41.4256360424886
			49.6790194685782	-41.4256360424886
			49.7186991965883	-41.4256360424886
			49.7583789245983	-41.3859563144785
			49.7980586526084	-41.3859563144785
			49.8377383806184	-41.3859563144785
			49.8774181086285	-41.3859563144785
			49.9170978366385	-41.3859563144785
			49.9567775646486	-41.3462765864685
			49.9964572926586	-41.3462765864685
			50.0361370206687	-41.3462765864685
			50.0758167486787	-41.3462765864685
			50.1154964766887	-41.3462765864685
			50.1551762046988	-41.3065968584584
			50.1948559327088	-41.3065968584584
			50.2345356607189	-41.3065968584584
			50.2742153887289	-41.3065968584584
			50.313895116739	-41.3065968584584
			50.353574844749	-41.2669171304484
			50.3932545727591	-41.2669171304484
			50.4329343007691	-41.2669171304484
			50.4726140287792	-41.2669171304484
			50.5122937567892	-41.2669171304484
			50.5519734847993	-41.2272374024383
			50.5916532128093	-41.2272374024383
			50.6313329408194	-41.2272374024383
			50.6710126688294	-41.2272374024383
			50.7106923968394	-41.2272374024383
			50.7503721248495	-41.1875576744283
			50.7900518528595	-41.1875576744283
			50.8297315808696	-41.1875576744283
			50.8694113088796	-41.1875576744283
			50.9090910368897	-41.1478779464182
			50.9487707648997	-41.1478779464182
			50.9884504929098	-41.1478779464182
			51.0281302209198	-41.1478779464182
			51.0678099489299	-41.1081982184082
			51.1074896769399	-41.1081982184082
			51.14716940495	-41.1081982184082
			51.18684913296	-41.1081982184082
			51.2265288609701	-41.0685184903981
			51.2662085889801	-41.0685184903981
			51.3058883169901	-41.0685184903981
			51.3455680450002	-41.0685184903981
			51.3852477730102	-41.0685184903981
			51.4249275010203	-41.0685184903981
			51.4646072290303	-41.0288387623881
			51.5042869570404	-41.0288387623881
			51.5439666850504	-41.0288387623881
			51.5836464130605	-41.0288387623881
			51.6233261410705	-41.0288387623881
			51.6630058690806	-41.0288387623881
			51.6630058690806	-40.9891590343781
			51.7026855970906	-40.9891590343781
			51.7423653251007	-40.9891590343781
			51.7820450531107	-40.9891590343781
			51.8217247811207	-40.9891590343781
			51.8614045091308	-40.9891590343781
			51.9010842371408	-40.9891590343781
			51.9010842371408	-40.949479306368
			51.9407639651509	-40.949479306368
			51.9804436931609	-40.949479306368
			52.020123421171	-40.949479306368
			52.059803149181	-40.949479306368
			52.0994828771911	-40.949479306368
			52.1391626052011	-40.949479306368
			52.1788423332112	-40.949479306368
			52.2185220612212	-40.909799578358
			52.2582017892313	-40.909799578358
			52.2978815172413	-40.909799578358
			52.3375612452514	-40.909799578358
			52.3772409732614	-40.909799578358
			52.4169207012715	-40.909799578358
			52.4566004292815	-40.909799578358
			52.4962801572915	-40.909799578358
			52.5359598853016	-40.909799578358
			52.5756396133116	-40.909799578358
			52.6153193413217	-40.909799578358
			52.6549990693317	-40.909799578358
			52.6946787973418	-40.909799578358
			52.7343585253518	-40.909799578358
			52.7740382533619	-40.909799578358
			52.8137179813719	-40.909799578358
			52.853397709382	-40.909799578358
			52.893077437392	-40.909799578358
			52.9327571654021	-40.909799578358
			52.9724368934121	-40.909799578358
			53.0121166214221	-40.909799578358
			53.0517963494322	-40.909799578358
			53.0914760774422	-40.909799578358
			53.1311558054523	-40.909799578358
			53.1708355334623	-40.909799578358
			53.2105152614724	-40.909799578358
			53.2501949894824	-40.909799578358
			53.2898747174925	-40.909799578358
			53.3295544455025	-40.909799578358
			53.3692341735126	-40.909799578358
			53.4089139015226	-40.909799578358
			53.4485936295327	-40.949479306368
			53.4882733575427	-40.949479306368
			53.5279530855528	-40.949479306368
			53.5676328135628	-40.949479306368
			53.6073125415728	-40.949479306368
			53.6469922695829	-40.9891590343781
			53.6866719975929	-40.9891590343781
			53.726351725603	-40.9891590343781
			53.766031453613	-41.0288387623881
			53.8057111816231	-41.0288387623881
			53.8453909096331	-41.0288387623881
			53.8850706376432	-41.0685184903981
			53.9247503656532	-41.0685184903981
			53.9644300936633	-41.1081982184082
			54.0041098216733	-41.1081982184082
			54.0437895496834	-41.1478779464182
			54.0834692776934	-41.1478779464182
			54.1231490057034	-41.1875576744283
			54.1628287337135	-41.2272374024383
			54.2025084617235	-41.2669171304484
			54.2421881897336	-41.3065968584584
			54.2818679177436	-41.3462765864685
			54.3215476457537	-41.3859563144785
			54.3612273737637	-41.4256360424886
			54.3612273737637	-41.4653157704986
			54.4009071017738	-41.5049954985087
			54.4009071017738	-41.5446752265187
			54.4405868297838	-41.5843549545287
			54.4802665577939	-41.6240346825388
			54.5199462858039	-41.6637144105488
			54.559626013814	-41.6637144105488
			54.599305741824	-41.6637144105488
			54.6389854698341	-41.7033941385589
			54.6786651978441	-41.7033941385589
			54.7183449258541	-41.7430738665689
			54.7580246538642	-41.7430738665689
			54.7977043818742	-41.7430738665689
			54.8373841098843	-41.782753594579
			54.8770638378943	-41.782753594579
			54.9167435659044	-41.782753594579
			54.9564232939144	-41.822433322589
			54.9961030219245	-41.822433322589
			55.0357827499345	-41.8621130505991
			55.0754624779446	-41.8621130505991
			55.1151422059546	-41.8621130505991
			55.1548219339647	-41.9017927786091
			55.1945016619747	-41.9017927786091
			55.2341813899847	-41.9017927786091
			55.2738611179948	-41.9414725066192
			55.3135408460048	-41.9811522346292
			55.3532205740149	-41.9811522346292
			55.3929003020249	-41.9811522346292
			55.432580030035	-42.0208319626393
			55.472259758045	-42.0208319626393
			55.5119394860551	-42.0605116906493
			55.5516192140651	-42.0605116906493
			55.5912989420752	-42.0605116906493
			55.6309786700852	-42.1001914186594
			55.6706583980953	-42.1001914186594
			55.7103381261053	-42.1398711466694
			55.7500178541154	-42.1398711466694
			55.7896975821254	-42.1398711466694
			55.8293773101354	-42.1795508746794
			55.8690570381455	-42.1795508746794
			55.9087367661555	-42.1795508746794
			55.9087367661555	-42.2192306026895
			55.9484164941656	-42.2192306026895
			55.9880962221756	-42.2589103306995
			56.0277759501857	-42.2589103306995
			56.0674556781957	-42.2589103306995
			56.1071354062058	-42.2985900587096
			56.1468151342158	-42.2985900587096
			56.1864948622259	-42.3382697867196
			56.2261745902359	-42.3382697867196
			56.265854318246	-42.3779495147297
			56.305534046256	-42.3779495147297
			56.3452137742661	-42.4176292427397
			56.3848935022761	-42.4176292427397
			56.4245732302861	-42.4176292427397
			56.4642529582962	-42.4573089707498
			56.5039326863062	-42.4573089707498
			56.5436124143163	-42.4969886987598
			56.5832921423263	-42.4969886987598
			56.6229718703364	-42.5366684267699
			56.6626515983464	-42.5366684267699
			56.7023313263565	-42.5763481547799
			56.7420110543665	-42.5763481547799
			56.7816907823766	-42.61602788279
			56.8213705103866	-42.61602788279
			56.8610502383967	-42.6557076108
			56.9007299664067	-42.6557076108
			56.9404096944168	-42.6953873388101
			56.9800894224268	-42.6953873388101
			57.0197691504368	-42.7350670668201
			57.0594488784469	-42.7747467948301
			57.0991286064569	-42.7747467948301
			57.138808334467	-42.7747467948301
			57.138808334467	-42.8144265228402
			57.178488062477	-42.8144265228402
			57.2181677904871	-42.8144265228402
			57.2181677904871	-42.8541062508502
			57.2578475184971	-42.8541062508502
			57.2975272465072	-42.8541062508502
			57.2975272465072	-42.8937859788603
			57.3372069745172	-42.8937859788603
			57.3768867025273	-42.8937859788603
			57.3768867025273	-42.9334657068703
			57.4165664305373	-42.9334657068703
			57.4165664305373	-42.9731454348804
			57.4562461585474	-42.9731454348804
			57.4959258865574	-42.9731454348804
			57.4959258865574	-43.0128251628904
			57.5356056145675	-43.0128251628904
			57.5752853425775	-43.0525048909005
			57.6149650705875	-43.0525048909005
			57.6546447985976	-43.0921846189105
			57.6943245266076	-43.1318643469206
			57.7340042546177	-43.1318643469206
			57.7736839826277	-43.1715440749306
			57.8133637106378	-43.2112238029407
			57.8530434386478	-43.2509035309507
			57.8927231666579	-43.2509035309507
			57.9324028946679	-43.2905832589608
			57.972082622678	-43.3302629869708
			58.011762350688	-43.3302629869708
			58.0514420786981	-43.3699427149808
			58.0911218067081	-43.4096224429909
			58.1308015347181	-43.4096224429909
			58.1704812627282	-43.4493021710009
			58.1704812627282	-43.488981899011
			58.2101609907382	-43.488981899011
			58.2498407187483	-43.528661627021
			58.2895204467583	-43.5683413550311
			58.3292001747684	-43.6080210830411
			58.3688799027784	-43.6477008110512
			58.4085596307885	-43.6873805390612
			58.4482393587985	-43.7270602670713
			58.4879190868086	-43.7270602670713
			58.5275988148186	-43.7667399950813
			58.5672785428287	-43.7667399950813
			58.6069582708387	-43.8064197230914
			58.6466379988488	-43.8064197230914
			58.6863177268588	-43.8460994511014
			58.7259974548688	-43.8460994511014
			58.7656771828789	-43.8857791791114
			58.8053569108889	-43.8857791791114
			58.845036638899	-43.9254589071215
			58.884716366909	-43.9254589071215
			58.9243960949191	-43.9651386351315
			58.9640758229291	-43.9651386351315
			59.0037555509392	-44.0048183631416
			59.0434352789492	-44.0048183631416
			59.0831150069593	-44.0444980911516
			59.1227947349693	-44.0444980911516
			59.1624744629794	-44.0841778191617
			59.2021541909894	-44.0841778191617
			59.2418339189994	-44.1238575471717
			59.2815136470095	-44.1238575471717
			59.3211933750195	-44.1635372751818
			59.3608731030296	-44.1635372751818
			59.4005528310396	-44.2032170031918
			59.4402325590497	-44.2032170031918
			59.4799122870597	-44.2428967312019
			59.5195920150698	-44.2428967312019
			59.5592717430798	-44.2825764592119
			59.5989514710899	-44.2825764592119
			59.6386311990999	-44.322256187222
			59.67831092711	-44.322256187222
			59.71799065512	-44.361935915232
			59.7576703831301	-44.361935915232
			59.7973501111401	-44.4016156432421
			59.8370298391501	-44.4016156432421
			59.8767095671602	-44.4412953712521
			59.9163892951702	-44.4412953712521
			59.9560690231803	-44.4809750992621
			59.9957487511903	-44.4809750992621
			60.0354284792004	-44.5206548272722
			60.0751082072104	-44.5206548272722
			60.1147879352205	-44.5603345552822
			60.1544676632305	-44.5603345552822
			60.1941473912406	-44.6000142832923
			60.2338271192506	-44.6000142832923
			60.2735068472607	-44.6396940113023
			60.3131865752707	-44.6396940113023
			60.3528663032807	-44.6793737393124
			60.3925460312908	-44.6793737393124
			60.4322257593008	-44.7190534673224
			60.4719054873109	-44.7190534673224
			60.5115852153209	-44.7587331953325
			60.551264943331	-44.7587331953325
			60.590944671341	-44.7984129233425
			60.6306243993511	-44.7984129233425
			60.6703041273611	-44.8380926513526
			60.7099838553712	-44.8380926513526
			60.7496635833812	-44.8777723793626
			60.7893433113913	-44.8777723793626
			60.8290230394013	-44.9174521073727
			60.8687027674114	-44.9174521073727
			60.9083824954214	-44.9571318353827
			60.9480622234314	-44.9571318353827
			60.9877419514415	-44.9968115633927
			61.0274216794515	-44.9968115633927
			61.0671014074616	-45.0364912914028
			61.1067811354716	-45.0364912914028
			61.1464608634817	-45.0761710194128
			61.1861405914917	-45.0761710194128
			61.2258203195018	-45.1158507474229
			61.2655000475118	-45.1158507474229
			61.3051797755219	-45.1555304754329
			61.3448595035319	-45.1555304754329
			61.384539231542	-45.195210203443
			61.424218959552	-45.195210203443
			61.4638986875621	-45.234889931453
			61.5035784155721	-45.234889931453
			61.5432581435822	-45.2745696594631
			61.5829378715922	-45.2745696594631
			61.5829378715922	-45.3142493874731
			61.6226175996022	-45.3142493874731
			61.6622973276123	-45.3142493874731
			61.7019770556223	-45.3539291154832
			61.7416567836324	-45.3539291154832
			61.7813365116424	-45.3936088434932
			61.8210162396525	-45.4332885715033
			61.8606959676625	-45.4332885715033
			61.9003756956726	-45.4729682995133
			61.9400554236826	-45.4729682995133
			61.9797351516927	-45.5126480275234
			62.0194148797027	-45.5126480275234
			62.0590946077128	-45.5523277555334
			62.0987743357228	-45.5523277555334
			62.1384540637328	-45.5920074835434
			62.1781337917429	-45.5920074835434
			62.2178135197529	-45.6316872115535
			62.257493247763	-45.6316872115535
			62.297172975773	-45.6316872115535
			62.3368527037831	-45.6713669395635
			62.3765324317931	-45.6713669395635
			62.4162121598032	-45.6713669395635
			62.4558918878132	-45.6713669395635
			62.4955716158233	-45.7110466675736
			62.5352513438333	-45.7110466675736
			62.5749310718434	-45.7110466675736
			62.6146107998534	-45.7507263955836
			62.6542905278635	-45.7507263955836
			62.6939702558735	-45.7507263955836
			62.7336499838835	-45.7904061235937
			62.7733297118936	-45.7904061235937
			62.8130094399036	-45.8300858516037
			62.8526891679137	-45.8300858516037
			62.8923688959237	-45.8300858516037
			62.8923688959237	-45.8697655796138
			62.9320486239338	-45.8697655796138
			62.9717283519438	-45.9094453076238
			63.0114080799539	-45.9094453076238
			63.0510878079639	-45.9094453076238
			63.090767535974	-45.9491250356339
			63.130447263984	-45.9491250356339
			63.1701269919941	-45.9888047636439
			63.2098067200041	-45.9888047636439
			63.2098067200041	-46.028484491654
			63.2494864480141	-46.028484491654
			63.2891661760242	-46.068164219664
			63.3288459040342	-46.068164219664
			63.3685256320443	-46.1078439476741
			63.4082053600543	-46.1078439476741
			63.4478850880644	-46.1475236756841
			63.4478850880644	-46.1872034036941
			63.4875648160744	-46.1872034036941
			63.5272445440845	-46.2268831317042
			63.5669242720945	-46.2268831317042
			63.6066040001046	-46.2665628597142
			63.6462837281146	-46.3062425877243
			63.6859634561247	-46.3459223157343
			63.7256431841347	-46.3856020437444
			63.7653229121448	-46.3856020437444
			63.8050026401548	-46.4252817717544
			63.8446823681648	-46.4649614997645
			63.8843620961749	-46.5046412277745
			63.9240418241849	-46.5443209557846
			63.963721552195	-46.5443209557846
			64.003401280205	-46.5840006837946
			64.0430810082151	-46.6236804118047
			64.0827607362251	-46.6633601398147
			64.1224404642352	-46.7030398678247
			64.1621201922452	-46.7427195958348
			64.2017999202553	-46.7823993238448
			64.2414796482653	-46.8220790518549
			64.2414796482653	-46.8617587798649
			64.2811593762754	-46.901438507875
			64.3208391042854	-46.941118235885
			64.3605188322955	-46.9807979638951
			64.4001985603055	-47.0204776919051
			64.4398782883155	-47.0601574199152
			64.4795580163256	-47.0998371479252
			64.5192377443356	-47.0998371479252
			64.5589174723457	-47.1395168759353
			64.5985972003557	-47.1791966039453
			64.6382769283658	-47.1791966039453
			64.6779566563758	-47.2188763319554
			64.7176363843859	-47.2188763319554
			64.7573161123959	-47.2585560599654
			64.796995840406	-47.2585560599654
			64.836675568416	-47.2982357879755
			64.8763552964261	-47.3379155159855
			64.9160350244361	-47.3379155159855
			64.9557147524461	-47.3775952439955
			64.9953944804562	-47.3775952439955
			64.9953944804562	-47.4172749720056
			65.0350742084662	-47.4172749720056
			65.0747539364763	-47.4172749720056
			65.1144336644863	-47.4569547000156
			65.1541133924964	-47.4569547000156
			65.1541133924964	-47.4966344280257
			65.1937931205064	-47.4966344280257
			65.2334728485165	-47.5363141560357
			65.2731525765265	-47.5363141560357
			65.2731525765265	-47.5759938840458
			65.3128323045366	-47.5759938840458
			65.3525120325466	-47.5759938840458
			65.3921917605567	-47.6156736120558
			65.4318714885667	-47.6553533400659
			65.4715512165768	-47.6553533400659
			65.5112309445868	-47.6950330680759
			65.5509106725968	-47.6950330680759
			65.5905904006069	-47.734712796086
			65.6302701286169	-47.774392524096
			65.669949856627	-47.774392524096
			65.709629584637	-47.8140722521061
			65.7493093126471	-47.8140722521061
			65.7889890406571	-47.8537519801161
			65.8286687686672	-47.8537519801161
			65.8683484966772	-47.8934317081261
			65.9080282246873	-47.8934317081261
			65.9477079526973	-47.9331114361362
			65.9873876807074	-47.9727911641462
			66.0270674087174	-48.0124708921563
			66.0667471367275	-48.0124708921563
			66.1064268647375	-48.0521506201663
			66.1461065927475	-48.0521506201663
			66.1857863207576	-48.0918303481764
			66.2254660487676	-48.0918303481764
			66.2651457767777	-48.1315100761864
			66.3048255047877	-48.1315100761864
			66.3445052327978	-48.1711898041965
			66.3841849608078	-48.2108695322065
			66.4238646888179	-48.2108695322065
			66.4238646888179	-48.2505492602166
			66.4635444168279	-48.2505492602166
			66.503224144838	-48.2902289882266
			66.542903872848	-48.2902289882266
			66.5825836008581	-48.2902289882266
			66.5825836008581	-48.3299087162367
			66.6222633288681	-48.3299087162367
			66.6619430568781	-48.3695884442467
			66.7016227848882	-48.3695884442467
			66.7016227848882	-48.4092681722568
			66.7413025128982	-48.4092681722568
			66.7809822409083	-48.4489479002668
			66.8206619689183	-48.4886276282768
			66.8603416969284	-48.4886276282768
			66.9000214249384	-48.5283073562869
			66.9397011529485	-48.5283073562869
			66.9397011529485	-48.5679870842969
			66.9793808809585	-48.5679870842969
			67.0190606089686	-48.607666812307
			67.0587403369786	-48.607666812307
			67.0984200649887	-48.647346540317
			67.1380997929987	-48.6870262683271
			67.1777795210088	-48.6870262683271
			67.2174592490188	-48.7267059963371
			67.2571389770288	-48.7267059963371
			67.2968187050389	-48.7267059963371
			67.3364984330489	-48.7663857243472
			67.376178161059	-48.7663857243472
			67.415857889069	-48.7663857243472
			67.4555376170791	-48.7663857243472
			67.4952173450891	-48.8060654523572
			67.5348970730992	-48.8060654523572
			67.5745768011092	-48.8457451803673
			67.6142565291193	-48.8457451803673
			67.6539362571293	-48.8457451803673
			67.6936159851394	-48.8854249083773
			67.7332957131494	-48.8854249083773
			67.7729754411594	-48.8854249083773
			67.8126551691695	-48.9251046363874
			67.8523348971795	-48.9251046363874
			67.8920146251896	-48.9251046363874
			67.8920146251896	-48.9647843643974
			67.9316943531996	-48.9647843643974
			67.9713740812097	-48.9647843643974
			68.0110538092197	-49.0044640924074
			68.0507335372298	-49.0044640924074
			68.0904132652398	-49.0441438204175
			68.1300929932499	-49.0441438204175
			68.1697727212599	-49.0838235484275
			68.20945244927	-49.0838235484275
			68.24913217728	-49.1235032764376
			68.2888119052901	-49.1235032764376
			68.3284916333001	-49.1631830044476
			68.3681713613101	-49.1631830044476
			68.4078510893202	-49.2028627324577
			68.4475308173302	-49.2425424604677
			68.4872105453403	-49.2425424604677
			68.5268902733503	-49.2822221884778
			68.5665700013604	-49.3219019164878
			68.6062497293704	-49.3615816444979
			68.6459294573805	-49.4012613725079
			68.6856091853905	-49.440941100518
			68.7252889134006	-49.480620828528
			68.7252889134006	-49.5203005565381
			68.7252889134006	-49.5599802845481
			68.7649686414106	-49.5599802845481
			68.7649686414106	-49.5996600125581
			68.7649686414106	-49.6393397405682
			68.7649686414106	-49.6790194685782
		</c1>
		<c2 type=matrix rownames=FALSE colnames=FALSE nrow=1040 ncol=2 as.numeric=TRUE >
			68.7649686414106	-49.6790194685782
			68.7252889134006	-49.6790194685782
			68.6856091853905	-49.6790194685782
			68.6459294573805	-49.6790194685782
			68.6062497293704	-49.6790194685782
			68.5665700013604	-49.6790194685782
			68.5268902733503	-49.6790194685782
			68.4872105453403	-49.7186991965883
			68.4475308173302	-49.7186991965883
			68.4078510893202	-49.7186991965883
			68.3681713613101	-49.7186991965883
			68.3284916333001	-49.7186991965883
			68.2888119052901	-49.7186991965883
			68.24913217728	-49.7186991965883
			68.20945244927	-49.7186991965883
			68.1697727212599	-49.7186991965883
			68.1300929932499	-49.7186991965883
			68.0904132652398	-49.7186991965883
			68.0507335372298	-49.7186991965883
			68.0110538092197	-49.7186991965883
			67.9713740812097	-49.7186991965883
			67.9316943531996	-49.7186991965883
			67.8920146251896	-49.7186991965883
			67.8523348971795	-49.7186991965883
			67.8126551691695	-49.7186991965883
			67.7729754411594	-49.7186991965883
			67.7332957131494	-49.7186991965883
			67.6936159851394	-49.7186991965883
			67.6539362571293	-49.7186991965883
			67.6142565291193	-49.7186991965883
			67.5745768011092	-49.7186991965883
			67.5348970730992	-49.7186991965883
			67.4952173450891	-49.7186991965883
			67.4555376170791	-49.7186991965883
			67.415857889069	-49.7186991965883
			67.376178161059	-49.7186991965883
			67.3364984330489	-49.7186991965883
			67.2968187050389	-49.7186991965883
			67.2571389770288	-49.7186991965883
			67.2571389770288	-49.6790194685782
			67.2174592490188	-49.6790194685782
			67.1777795210088	-49.6790194685782
			67.1380997929987	-49.6790194685782
			67.0984200649887	-49.6790194685782
			67.0587403369786	-49.6790194685782
			67.0190606089686	-49.6790194685782
			66.9793808809585	-49.6790194685782
			66.9397011529485	-49.6790194685782
			66.9000214249384	-49.6393397405682
			66.8603416969284	-49.6393397405682
			66.8206619689183	-49.6393397405682
			66.7809822409083	-49.6393397405682
			66.7413025128982	-49.6393397405682
			66.7016227848882	-49.6393397405682
			66.6619430568781	-49.6393397405682
			66.6222633288681	-49.5996600125581
			66.5825836008581	-49.5996600125581
			66.542903872848	-49.5996600125581
			66.503224144838	-49.5599802845481
			66.4635444168279	-49.5599802845481
			66.4238646888179	-49.5599802845481
			66.3841849608078	-49.5599802845481
			66.3445052327978	-49.5599802845481
			66.3048255047877	-49.5203005565381
			66.2651457767777	-49.5203005565381
			66.2254660487676	-49.5203005565381
			66.1857863207576	-49.480620828528
			66.1461065927475	-49.480620828528
			66.1064268647375	-49.480620828528
			66.0667471367275	-49.440941100518
			66.0270674087174	-49.440941100518
			65.9873876807074	-49.4012613725079
			65.9477079526973	-49.4012613725079
			65.9080282246873	-49.4012613725079
			65.9080282246873	-49.440941100518
			65.8683484966772	-49.440941100518
			65.8286687686672	-49.480620828528
			65.7889890406571	-49.480620828528
			65.7493093126471	-49.5203005565381
			65.709629584637	-49.5203005565381
			65.669949856627	-49.5599802845481
			65.6302701286169	-49.5599802845481
			65.5905904006069	-49.5599802845481
			65.5509106725968	-49.5996600125581
			65.5112309445868	-49.5996600125581
			65.4715512165768	-49.5996600125581
			65.4318714885667	-49.6393397405682
			65.3921917605567	-49.6393397405682
			65.3525120325466	-49.6393397405682
			65.3128323045366	-49.6393397405682
			65.2731525765265	-49.6790194685782
			65.2334728485165	-49.6790194685782
			65.1937931205064	-49.6790194685782
			65.1541133924964	-49.6790194685782
			65.1144336644863	-49.6790194685782
			65.0747539364763	-49.6790194685782
			65.0350742084662	-49.6790194685782
			65.0350742084662	-49.7186991965883
			64.9953944804562	-49.7186991965883
			64.9557147524461	-49.7186991965883
			64.9160350244361	-49.7186991965883
			64.8763552964261	-49.7186991965883
			64.836675568416	-49.7186991965883
			64.796995840406	-49.7186991965883
			64.7573161123959	-49.7186991965883
			64.7176363843859	-49.7186991965883
			64.6779566563758	-49.7186991965883
			64.6382769283658	-49.6790194685782
			64.5985972003557	-49.6790194685782
			64.5589174723457	-49.6790194685782
			64.5192377443356	-49.6790194685782
			64.4795580163256	-49.6790194685782
			64.4398782883155	-49.6790194685782
			64.4001985603055	-49.6790194685782
			64.3605188322955	-49.6790194685782
			64.3208391042854	-49.6393397405682
			64.2811593762754	-49.6393397405682
			64.2414796482653	-49.6393397405682
			64.2017999202553	-49.6393397405682
			64.1621201922452	-49.6393397405682
			64.1224404642352	-49.5996600125581
			64.0827607362251	-49.5996600125581
			64.0430810082151	-49.5996600125581
			64.003401280205	-49.5996600125581
			63.963721552195	-49.5599802845481
			63.9240418241849	-49.5599802845481
			63.8843620961749	-49.5599802845481
			63.8446823681648	-49.5996600125581
			63.8050026401548	-49.5996600125581
			63.7653229121448	-49.5996600125581
			63.7256431841347	-49.5996600125581
			63.6859634561247	-49.5996600125581
			63.6462837281146	-49.6393397405682
			63.6066040001046	-49.6393397405682
			63.5669242720945	-49.6393397405682
			63.5272445440845	-49.6393397405682
			63.4875648160744	-49.6790194685782
			63.4478850880644	-49.6790194685782
			63.4082053600543	-49.6790194685782
			63.3685256320443	-49.6790194685782
			63.3288459040342	-49.6790194685782
			63.2891661760242	-49.6790194685782
			63.2494864480141	-49.6790194685782
			63.2098067200041	-49.7186991965883
			63.1701269919941	-49.7186991965883
			63.130447263984	-49.7186991965883
			63.090767535974	-49.7186991965883
			63.0510878079639	-49.7186991965883
			63.0114080799539	-49.7186991965883
			62.9717283519438	-49.7186991965883
			62.9320486239338	-49.7186991965883
			62.8923688959237	-49.7186991965883
			62.8526891679137	-49.7186991965883
			62.8130094399036	-49.7186991965883
			62.7733297118936	-49.7186991965883
			62.7336499838835	-49.7186991965883
			62.6939702558735	-49.7186991965883
			62.6542905278635	-49.7186991965883
			62.6146107998534	-49.7186991965883
			62.5749310718434	-49.7186991965883
			62.5352513438333	-49.7186991965883
			62.4955716158233	-49.7186991965883
			62.4558918878132	-49.7186991965883
			62.4162121598032	-49.7186991965883
			62.3765324317931	-49.7186991965883
			62.3368527037831	-49.7186991965883
			62.297172975773	-49.7186991965883
			62.257493247763	-49.7186991965883
			62.2178135197529	-49.7186991965883
			62.1781337917429	-49.7186991965883
			62.1384540637328	-49.6790194685782
			62.0987743357228	-49.6790194685782
			62.0590946077128	-49.6790194685782
			62.0194148797027	-49.6790194685782
			61.9797351516927	-49.6790194685782
			61.9400554236826	-49.6790194685782
			61.9003756956726	-49.6393397405682
			61.8606959676625	-49.6393397405682
			61.8210162396525	-49.6393397405682
			61.7813365116424	-49.6393397405682
			61.7416567836324	-49.6393397405682
			61.7019770556223	-49.5996600125581
			61.6622973276123	-49.5996600125581
			61.6226175996022	-49.5996600125581
			61.5829378715922	-49.5599802845481
			61.5432581435822	-49.5599802845481
			61.5035784155721	-49.5599802845481
			61.4638986875621	-49.5599802845481
			61.424218959552	-49.5203005565381
			61.384539231542	-49.5203005565381
			61.3448595035319	-49.5203005565381
			61.3051797755219	-49.480620828528
			61.2655000475118	-49.480620828528
			61.2258203195018	-49.440941100518
			61.1861405914917	-49.440941100518
			61.1464608634817	-49.440941100518
			61.1067811354716	-49.480620828528
			61.0671014074616	-49.480620828528
			61.0274216794515	-49.480620828528
			60.9877419514415	-49.5203005565381
			60.9480622234314	-49.5203005565381
			60.9083824954214	-49.5203005565381
			60.8687027674114	-49.5599802845481
			60.8290230394013	-49.5599802845481
			60.7893433113913	-49.5599802845481
			60.7496635833812	-49.5996600125581
			60.7099838553712	-49.5996600125581
			60.6703041273611	-49.5996600125581
			60.6306243993511	-49.6393397405682
			60.590944671341	-49.6393397405682
			60.551264943331	-49.6393397405682
			60.5115852153209	-49.6393397405682
			60.4719054873109	-49.6790194685782
			60.4322257593008	-49.6790194685782
			60.3925460312908	-49.6790194685782
			60.3528663032807	-49.7186991965883
			60.3131865752707	-49.7186991965883
			60.2735068472607	-49.7186991965883
			60.2338271192506	-49.7583789245983
			60.1941473912406	-49.7583789245983
			60.1544676632305	-49.7583789245983
			60.1147879352205	-49.7583789245983
			60.0751082072104	-49.7980586526084
			60.0354284792004	-49.7980586526084
			59.9957487511903	-49.7980586526084
			59.9560690231803	-49.7980586526084
			59.9163892951702	-49.8377383806184
			59.8767095671602	-49.8377383806184
			59.8370298391501	-49.8377383806184
			59.7973501111401	-49.8377383806184
			59.7576703831301	-49.8377383806184
			59.7576703831301	-49.8774181086285
			59.71799065512	-49.8774181086285
			59.67831092711	-49.8774181086285
			59.6386311990999	-49.8774181086285
			59.5989514710899	-49.8774181086285
			59.5592717430798	-49.8774181086285
			59.5195920150698	-49.9170978366385
			59.4799122870597	-49.9170978366385
			59.4402325590497	-49.9170978366385
			59.4005528310396	-49.9170978366385
			59.3608731030296	-49.9170978366385
			59.3211933750195	-49.9170978366385
			59.2815136470095	-49.9567775646486
			59.2418339189994	-49.9567775646486
			59.2021541909894	-49.9567775646486
			59.1624744629794	-49.9567775646486
			59.1227947349693	-49.9567775646486
			59.0831150069593	-49.9567775646486
			59.0434352789492	-49.9567775646486
			59.0037555509392	-49.9567775646486
			58.9640758229291	-49.9567775646486
			58.9243960949191	-49.9567775646486
			58.884716366909	-49.9567775646486
			58.845036638899	-49.9567775646486
			58.8053569108889	-49.9567775646486
			58.7656771828789	-49.9567775646486
			58.7259974548688	-49.9567775646486
			58.6863177268588	-49.9567775646486
			58.6466379988488	-49.9567775646486
			58.6069582708387	-49.9567775646486
			58.5672785428287	-49.9567775646486
			58.5275988148186	-49.9567775646486
			58.4879190868086	-49.9567775646486
			58.4482393587985	-49.9567775646486
			58.4085596307885	-49.9170978366385
			58.3688799027784	-49.9170978366385
			58.3292001747684	-49.9170978366385
			58.2895204467583	-49.9170978366385
			58.2498407187483	-49.8774181086285
			58.2101609907382	-49.8774181086285
			58.1704812627282	-49.8774181086285
			58.1308015347181	-49.8377383806184
			58.0911218067081	-49.8377383806184
			58.0514420786981	-49.7980586526084
			58.011762350688	-49.7980586526084
			57.972082622678	-49.7980586526084
			57.9324028946679	-49.8377383806184
			57.8927231666579	-49.8377383806184
			57.8530434386478	-49.8377383806184
			57.8133637106378	-49.8377383806184
			57.7736839826277	-49.8774181086285
			57.7340042546177	-49.8774181086285
			57.6943245266076	-49.8774181086285
			57.6546447985976	-49.8774181086285
			57.6149650705875	-49.8774181086285
			57.5752853425775	-49.8774181086285
			57.5356056145675	-49.8774181086285
			57.5356056145675	-49.9170978366385
			57.4959258865574	-49.9170978366385
			57.4562461585474	-49.9170978366385
			57.4165664305373	-49.9170978366385
			57.3768867025273	-49.9170978366385
			57.3372069745172	-49.9170978366385
			57.2975272465072	-49.9170978366385
			57.2578475184971	-49.9170978366385
			57.2181677904871	-49.9567775646486
			57.178488062477	-49.9567775646486
			57.138808334467	-49.9567775646486
			57.0991286064569	-49.9567775646486
			57.0594488784469	-49.9567775646486
			57.0197691504368	-49.9567775646486
			56.9800894224268	-49.9567775646486
			56.9404096944168	-49.9567775646486
			56.9007299664067	-49.9567775646486
			56.8610502383967	-49.9567775646486
			56.8213705103866	-49.9567775646486
			56.7816907823766	-49.9567775646486
			56.7420110543665	-49.9567775646486
			56.7023313263565	-49.9567775646486
			56.6626515983464	-49.9567775646486
			56.6229718703364	-49.9567775646486
			56.5832921423263	-49.9567775646486
			56.5436124143163	-49.9567775646486
			56.5039326863062	-49.9567775646486
			56.4642529582962	-49.9567775646486
			56.4245732302861	-49.9567775646486
			56.3848935022761	-49.9567775646486
			56.3452137742661	-49.9567775646486
			56.305534046256	-49.9567775646486
			56.265854318246	-49.9567775646486
			56.2261745902359	-49.9567775646486
			56.1864948622259	-49.9567775646486
			56.1468151342158	-49.9567775646486
			56.1071354062058	-49.9567775646486
			56.0674556781957	-49.9567775646486
			56.0277759501857	-49.9567775646486
			55.9880962221756	-49.9567775646486
			55.9484164941656	-49.9567775646486
			55.9087367661555	-49.9567775646486
			55.8690570381455	-49.9567775646486
			55.8293773101354	-49.9567775646486
			55.7896975821254	-49.9567775646486
			55.7500178541154	-49.9567775646486
			55.7103381261053	-49.9567775646486
			55.6706583980953	-49.9170978366385
			55.6309786700852	-49.9170978366385
			55.5912989420752	-49.9170978366385
			55.5516192140651	-49.9170978366385
			55.5119394860551	-49.9170978366385
			55.472259758045	-49.9170978366385
			55.432580030035	-49.9170978366385
			55.3929003020249	-49.9170978366385
			55.3532205740149	-49.8774181086285
			55.3135408460048	-49.8774181086285
			55.2738611179948	-49.8774181086285
			55.2341813899847	-49.8774181086285
			55.1945016619747	-49.8774181086285
			55.1548219339647	-49.8774181086285
			55.1151422059546	-49.8774181086285
			55.0754624779446	-49.8377383806184
			55.0357827499345	-49.8377383806184
			54.9961030219245	-49.8377383806184
			54.9564232939144	-49.8377383806184
			54.9167435659044	-49.8377383806184
			54.8770638378943	-49.8377383806184
			54.8373841098843	-49.7980586526084
			54.7977043818742	-49.7980586526084
			54.7580246538642	-49.7980586526084
			54.7183449258541	-49.7980586526084
			54.6786651978441	-49.7980586526084
			54.6389854698341	-49.7583789245983
			54.599305741824	-49.7583789245983
			54.559626013814	-49.7583789245983
			54.5199462858039	-49.7583789245983
			54.4802665577939	-49.7186991965883
			54.4405868297838	-49.7186991965883
			54.4009071017738	-49.7186991965883
			54.3612273737637	-49.7186991965883
			54.3215476457537	-49.6790194685782
			54.2818679177436	-49.6790194685782
			54.2421881897336	-49.6790194685782
			54.2025084617235	-49.6790194685782
			54.1628287337135	-49.6393397405682
			54.1231490057034	-49.6393397405682
			54.0834692776934	-49.6393397405682
			54.0437895496834	-49.6393397405682
			54.0041098216733	-49.5996600125581
			53.9644300936633	-49.5996600125581
			53.9247503656532	-49.5996600125581
			53.8850706376432	-49.5996600125581
			53.8453909096331	-49.6393397405682
			53.8057111816231	-49.6393397405682
			53.766031453613	-49.6393397405682
			53.726351725603	-49.6393397405682
			53.6866719975929	-49.6790194685782
			53.6469922695829	-49.6790194685782
			53.6073125415728	-49.6790194685782
			53.5676328135628	-49.6790194685782
			53.5279530855528	-49.6790194685782
			53.4882733575427	-49.7186991965883
			53.4485936295327	-49.7186991965883
			53.4089139015226	-49.7186991965883
			53.3692341735126	-49.7186991965883
			53.3295544455025	-49.7186991965883
			53.2898747174925	-49.7186991965883
			53.2501949894824	-49.7583789245983
			53.2105152614724	-49.7583789245983
			53.1708355334623	-49.7583789245983
			53.1311558054523	-49.7583789245983
			53.0914760774422	-49.7583789245983
			53.0517963494322	-49.7583789245983
			53.0121166214221	-49.7583789245983
			52.9724368934121	-49.7583789245983
			52.9327571654021	-49.7980586526084
			52.893077437392	-49.7980586526084
			52.853397709382	-49.7980586526084
			52.8137179813719	-49.7980586526084
			52.7740382533619	-49.7980586526084
			52.7343585253518	-49.7980586526084
			52.6946787973418	-49.7980586526084
			52.6549990693317	-49.7980586526084
			52.6153193413217	-49.7980586526084
			52.5756396133116	-49.8377383806184
			52.5359598853016	-49.8377383806184
			52.4962801572915	-49.8377383806184
			52.4566004292815	-49.8377383806184
			52.4169207012715	-49.8377383806184
			52.3772409732614	-49.8377383806184
			52.3375612452514	-49.8377383806184
			52.2978815172413	-49.8377383806184
			52.2582017892313	-49.8377383806184
			52.2185220612212	-49.8377383806184
			52.1788423332112	-49.8377383806184
			52.1391626052011	-49.8377383806184
			52.0994828771911	-49.8377383806184
			52.059803149181	-49.8377383806184
			52.020123421171	-49.8377383806184
			51.9804436931609	-49.8377383806184
			51.9407639651509	-49.8377383806184
			51.9010842371408	-49.8377383806184
			51.8614045091308	-49.8774181086285
			51.8217247811207	-49.8774181086285
			51.7820450531107	-49.8774181086285
			51.7423653251007	-49.8774181086285
			51.7026855970906	-49.8774181086285
			51.6630058690806	-49.8774181086285
			51.6233261410705	-49.8774181086285
			51.5836464130605	-49.8774181086285
			51.5439666850504	-49.8774181086285
			51.5042869570404	-49.8774181086285
			51.4646072290303	-49.8774181086285
			51.4249275010203	-49.8774181086285
			51.3852477730102	-49.8774181086285
			51.3455680450002	-49.8774181086285
			51.3058883169901	-49.8774181086285
			51.2662085889801	-49.8774181086285
			51.2265288609701	-49.8774181086285
			51.18684913296	-49.8774181086285
			51.14716940495	-49.8774181086285
			51.1074896769399	-49.8774181086285
			51.0678099489299	-49.8774181086285
			51.0281302209198	-49.8774181086285
			50.9884504929098	-49.8774181086285
			50.9487707648997	-49.8774181086285
			50.9090910368897	-49.8774181086285
			50.8694113088796	-49.8774181086285
			50.8297315808696	-49.8774181086285
			50.7900518528595	-49.8774181086285
			50.7503721248495	-49.8377383806184
			50.7106923968394	-49.8377383806184
			50.6710126688294	-49.8377383806184
			50.6313329408194	-49.8377383806184
			50.5916532128093	-49.8377383806184
			50.5519734847993	-49.8377383806184
			50.5122937567892	-49.8377383806184
			50.4726140287792	-49.8377383806184
			50.4329343007691	-49.8377383806184
			50.3932545727591	-49.8377383806184
			50.353574844749	-49.8377383806184
			50.313895116739	-49.8377383806184
			50.2742153887289	-49.8377383806184
			50.2345356607189	-49.8377383806184
			50.1948559327088	-49.8377383806184
			50.1551762046988	-49.8377383806184
			50.1154964766887	-49.8377383806184
			50.0758167486787	-49.8377383806184
			50.0361370206687	-49.8377383806184
			49.9964572926586	-49.8377383806184
			49.9567775646486	-49.7980586526084
			49.9170978366385	-49.7980586526084
			49.8774181086285	-49.7980586526084
			49.8377383806184	-49.7980586526084
			49.7980586526084	-49.7980586526084
			49.7583789245983	-49.7980586526084
			49.7186991965883	-49.7980586526084
			49.6790194685782	-49.7980586526084
			49.6393397405682	-49.7980586526084
			49.5996600125581	-49.7980586526084
			49.5599802845481	-49.7980586526084
			49.5203005565381	-49.7980586526084
			49.480620828528	-49.7980586526084
			49.440941100518	-49.7583789245983
			49.4012613725079	-49.7583789245983
			49.3615816444979	-49.7583789245983
			49.3219019164878	-49.7583789245983
			49.2822221884778	-49.7583789245983
			49.2425424604677	-49.7583789245983
			49.2028627324577	-49.7583789245983
			49.1631830044476	-49.7583789245983
			49.1235032764376	-49.7980586526084
			49.0838235484275	-49.7980586526084
			49.0441438204175	-49.7980586526084
			49.0044640924074	-49.7980586526084
			48.9647843643974	-49.7980586526084
			48.9251046363874	-49.8377383806184
			48.8854249083773	-49.8377383806184
			48.8457451803673	-49.8377383806184
			48.8060654523572	-49.8377383806184
			48.7663857243472	-49.8377383806184
			48.7267059963371	-49.8774181086285
			48.6870262683271	-49.8774181086285
			48.647346540317	-49.8774181086285
			48.607666812307	-49.8774181086285
			48.5679870842969	-49.8774181086285
			48.5283073562869	-49.8774181086285
			48.4886276282768	-49.9170978366385
			48.4489479002668	-49.9170978366385
			48.4092681722568	-49.9170978366385
			48.3695884442467	-49.9170978366385
			48.3299087162367	-49.9170978366385
			48.2902289882266	-49.9170978366385
			48.2505492602166	-49.9170978366385
			48.2108695322065	-49.9567775646486
			48.1711898041965	-49.9567775646486
			48.1315100761864	-49.9567775646486
			48.0918303481764	-49.9567775646486
			48.0521506201663	-49.9567775646486
			48.0124708921563	-49.9567775646486
			47.9727911641462	-49.9567775646486
			47.9331114361362	-49.9567775646486
			47.8934317081261	-49.9567775646486
			47.8537519801161	-49.9964572926586
			47.8140722521061	-49.9964572926586
			47.774392524096	-49.9964572926586
			47.734712796086	-49.9964572926586
			47.6950330680759	-49.9964572926586
			47.6553533400659	-49.9964572926586
			47.6156736120558	-49.9964572926586
			47.5759938840458	-49.9964572926586
			47.5363141560357	-49.9964572926586
			47.4966344280257	-49.9964572926586
			47.4569547000156	-49.9964572926586
			47.4172749720056	-49.9964572926586
			47.3775952439955	-49.9964572926586
			47.3379155159855	-49.9964572926586
			47.2982357879755	-49.9964572926586
			47.2585560599654	-49.9964572926586
			47.2188763319554	-49.9964572926586
			47.1791966039453	-49.9964572926586
			47.1395168759353	-49.9964572926586
			47.0998371479252	-49.9964572926586
			47.0601574199152	-49.9964572926586
			47.0204776919051	-49.9964572926586
			46.9807979638951	-49.9964572926586
			46.941118235885	-49.9964572926586
			46.901438507875	-49.9964572926586
			46.8617587798649	-49.9964572926586
			46.8220790518549	-49.9964572926586
			46.7823993238448	-49.9964572926586
			46.7427195958348	-49.9964572926586
			46.7030398678247	-49.9964572926586
			46.6633601398147	-49.9964572926586
			46.6236804118047	-49.9964572926586
			46.5840006837946	-49.9964572926586
			46.5443209557846	-49.9964572926586
			46.5046412277745	-49.9964572926586
			46.4649614997645	-49.9964572926586
			46.4252817717544	-49.9964572926586
			46.3856020437444	-49.9964572926586
			46.3459223157343	-49.9964572926586
			46.3062425877243	-49.9964572926586
			46.2665628597142	-49.9567775646486
			46.2268831317042	-49.9567775646486
			46.1872034036941	-49.9567775646486
			46.1475236756841	-49.9567775646486
			46.1078439476741	-49.9567775646486
			46.068164219664	-49.9567775646486
			46.028484491654	-49.9567775646486
			45.9888047636439	-49.9170978366385
			45.9491250356339	-49.9170978366385
			45.9094453076238	-49.9170978366385
			45.8697655796138	-49.9170978366385
			45.8300858516037	-49.9170978366385
			45.7904061235937	-49.9170978366385
			45.7507263955836	-49.8774181086285
			45.7110466675736	-49.8774181086285
			45.6713669395635	-49.8774181086285
			45.6316872115535	-49.8774181086285
			45.5920074835434	-49.8774181086285
			45.5523277555334	-49.8377383806184
			45.5126480275234	-49.8377383806184
			45.4729682995133	-49.8377383806184
			45.4332885715033	-49.8377383806184
			45.3936088434932	-49.7980586526084
			45.3539291154832	-49.7980586526084
			45.3142493874731	-49.7980586526084
			45.2745696594631	-49.7583789245983
			45.234889931453	-49.7583789245983
			45.195210203443	-49.7583789245983
			45.1555304754329	-49.7583789245983
			45.1158507474229	-49.7583789245983
			45.0761710194128	-49.7980586526084
			45.0364912914028	-49.7980586526084
			44.9968115633927	-49.7980586526084
			44.9571318353827	-49.7980586526084
			44.9174521073727	-49.7980586526084
			44.8777723793626	-49.8377383806184
			44.8380926513526	-49.8377383806184
			44.7984129233425	-49.8377383806184
			44.7587331953325	-49.8377383806184
			44.7190534673224	-49.8377383806184
			44.6793737393124	-49.8377383806184
			44.6396940113023	-49.8774181086285
			44.6000142832923	-49.8774181086285
			44.5603345552822	-49.8774181086285
			44.5206548272722	-49.8774181086285
			44.4809750992621	-49.8774181086285
			44.4412953712521	-49.8774181086285
			44.4016156432421	-49.8774181086285
			44.4016156432421	-49.9170978366385
			44.361935915232	-49.9170978366385
			44.322256187222	-49.9170978366385
			44.2825764592119	-49.9170978366385
			44.2428967312019	-49.9170978366385
			44.2032170031918	-49.9170978366385
			44.1635372751818	-49.9170978366385
			44.1238575471717	-49.9567775646486
			44.0841778191617	-49.9567775646486
			44.0444980911516	-49.9567775646486
			44.0048183631416	-49.9567775646486
			43.9651386351315	-49.9567775646486
			43.9254589071215	-49.9567775646486
			43.8857791791114	-49.9567775646486
			43.8460994511014	-49.9964572926586
			43.8064197230914	-49.9964572926586
			43.7667399950813	-49.9964572926586
			43.7270602670713	-49.9964572926586
			43.6873805390612	-49.9964572926586
			43.6477008110512	-49.9964572926586
			43.6080210830411	-49.9964572926586
			43.5683413550311	-49.9964572926586
			43.528661627021	-50.0361370206687
			43.488981899011	-50.0361370206687
			43.4493021710009	-50.0361370206687
			43.4096224429909	-50.0361370206687
			43.3699427149808	-50.0361370206687
			43.3302629869708	-50.0361370206687
			43.2905832589608	-50.0361370206687
			43.2509035309507	-50.0361370206687
			43.2112238029407	-50.0758167486787
			43.1715440749306	-50.0758167486787
			43.1318643469206	-50.0758167486787
			43.0921846189105	-50.0758167486787
			43.0525048909005	-50.0758167486787
			43.0128251628904	-50.0758167486787
			42.9731454348804	-50.0758167486787
			42.9334657068703	-50.0758167486787
			42.8937859788603	-50.0758167486787
			42.8541062508502	-50.0758167486787
			42.8144265228402	-50.0758167486787
			42.7747467948301	-50.0758167486787
			42.7350670668201	-50.1154964766887
			42.6953873388101	-50.1154964766887
			42.6557076108	-50.1154964766887
			42.61602788279	-50.1154964766887
			42.5763481547799	-50.1154964766887
			42.5366684267699	-50.1154964766887
			42.4969886987598	-50.1154964766887
			42.4573089707498	-50.1154964766887
			42.4176292427397	-50.1154964766887
			42.3779495147297	-50.1154964766887
			42.3382697867196	-50.1154964766887
			42.2985900587096	-50.1154964766887
			42.2589103306995	-50.1154964766887
			42.2192306026895	-50.1154964766887
			42.1795508746794	-50.1154964766887
			42.1398711466694	-50.1154964766887
			42.1001914186594	-50.1154964766887
			42.0605116906493	-50.1154964766887
			42.0208319626393	-50.1154964766887
			41.9811522346292	-50.1154964766887
			41.9414725066192	-50.1154964766887
			41.9017927786091	-50.1154964766887
			41.8621130505991	-50.1154964766887
			41.822433322589	-50.1154964766887
			41.782753594579	-50.1154964766887
			41.7430738665689	-50.1154964766887
			41.7033941385589	-50.1154964766887
			41.6637144105488	-50.1154964766887
			41.6240346825388	-50.1154964766887
			41.5843549545287	-50.1154964766887
			41.5446752265187	-50.1154964766887
			41.5049954985087	-50.1154964766887
			41.4653157704986	-50.1154964766887
			41.4256360424886	-50.1154964766887
			41.3859563144785	-50.1154964766887
			41.3462765864685	-50.1154964766887
			41.3065968584584	-50.1154964766887
			41.2669171304484	-50.1154964766887
			41.2272374024383	-50.1154964766887
			41.1875576744283	-50.1154964766887
			41.1478779464182	-50.1154964766887
			41.1081982184082	-50.1154964766887
			41.0685184903981	-50.1154964766887
			41.0288387623881	-50.0758167486787
			40.9891590343781	-50.0758167486787
			40.949479306368	-50.0758167486787
			40.909799578358	-50.0758167486787
			40.8701198503479	-50.0758167486787
			40.8304401223379	-50.0758167486787
			40.7907603943278	-50.0758167486787
			40.7510806663178	-50.0758167486787
			40.7114009383077	-50.0361370206687
			40.6717212102977	-50.0361370206687
			40.6320414822876	-50.0361370206687
			40.5923617542776	-50.0361370206687
			40.5526820262675	-50.0361370206687
			40.5130022982575	-50.0361370206687
			40.4733225702474	-49.9964572926586
			40.4336428422374	-49.9964572926586
			40.3939631142274	-49.9964572926586
			40.3542833862173	-49.9964572926586
			40.3146036582073	-49.9964572926586
			40.2749239301972	-50.0361370206687
			40.2352442021872	-50.0361370206687
			40.1955644741771	-50.0361370206687
			40.1558847461671	-50.0361370206687
			40.116205018157	-50.0361370206687
			40.076525290147	-50.0361370206687
			40.0368455621369	-50.0361370206687
			39.9971658341269	-50.0758167486787
			39.9574861061168	-50.0758167486787
			39.9178063781068	-50.0758167486787
			39.8781266500967	-50.0758167486787
			39.8384469220867	-50.0758167486787
			39.7987671940767	-50.0758167486787
			39.7590874660666	-50.1154964766887
			39.7194077380566	-50.1154964766887
			39.6797280100465	-50.1154964766887
			39.6400482820365	-50.1154964766887
			39.6003685540264	-50.1154964766887
			39.5606888260164	-50.1154964766887
			39.5210090980063	-50.1154964766887
			39.4813293699963	-50.1154964766887
			39.4416496419862	-50.1154964766887
			39.4019699139762	-50.1154964766887
			39.3622901859661	-50.1551762046988
			39.3226104579561	-50.1551762046988
			39.2829307299461	-50.1551762046988
			39.243251001936	-50.1551762046988
			39.203571273926	-50.1551762046988
			39.1638915459159	-50.1551762046988
			39.1242118179059	-50.1551762046988
			39.0845320898958	-50.1551762046988
			39.0448523618858	-50.1551762046988
			39.0051726338757	-50.1551762046988
			38.9654929058657	-50.1551762046988
			38.9258131778556	-50.1948559327088
			38.8861334498456	-50.1948559327088
			38.8464537218355	-50.1948559327088
			38.8067739938255	-50.1948559327088
			38.7670942658154	-50.1948559327088
			38.7274145378054	-50.1948559327088
			38.6877348097954	-50.1948559327088
			38.6480550817853	-50.1948559327088
			38.6083753537753	-50.1948559327088
			38.5686956257652	-50.1948559327088
			38.5290158977552	-50.1948559327088
			38.4893361697451	-50.1948559327088
			38.4496564417351	-50.1948559327088
			38.409976713725	-50.1948559327088
			38.370296985715	-50.1948559327088
			38.3306172577049	-50.1948559327088
			38.2909375296949	-50.1948559327088
			38.2512578016848	-50.1948559327088
			38.2115780736748	-50.1948559327088
			38.1718983456648	-50.1948559327088
			38.1322186176547	-50.1948559327088
			38.0925388896447	-50.1948559327088
			38.0528591616346	-50.1948559327088
			38.0131794336246	-50.1948559327088
			37.9734997056145	-50.1948559327088
			37.9338199776045	-50.1948559327088
			37.8941402495944	-50.1948559327088
			37.8544605215844	-50.1948559327088
			37.8147807935743	-50.1948559327088
			37.7751010655643	-50.1948559327088
			37.7354213375542	-50.1948559327088
			37.6957416095442	-50.1948559327088
			37.6560618815341	-50.1948559327088
			37.6163821535241	-50.1948559327088
			37.576702425514	-50.1948559327088
			37.537022697504	-50.1948559327088
			37.497342969494	-50.1948559327088
			37.4576632414839	-50.1948559327088
			37.4179835134739	-50.1948559327088
			37.3783037854638	-50.1948559327088
			37.3386240574538	-50.1948559327088
			37.2989443294437	-50.1948559327088
			37.2592646014337	-50.1948559327088
			37.2195848734236	-50.1948559327088
			37.1799051454136	-50.1551762046988
			37.1402254174035	-50.1551762046988
			37.1005456893935	-50.1551762046988
			37.0608659613834	-50.1551762046988
			37.0211862333734	-50.1551762046988
			36.9815065053634	-50.1551762046988
			36.9418267773533	-50.1551762046988
			36.9021470493433	-50.1551762046988
			36.8624673213332	-50.1551762046988
			36.8227875933232	-50.1551762046988
			36.7831078653131	-50.1551762046988
			36.7434281373031	-50.1154964766887
			36.703748409293	-50.1154964766887
			36.664068681283	-50.1154964766887
			36.6243889532729	-50.1154964766887
			36.5847092252629	-50.1154964766887
			36.5450294972528	-50.1154964766887
			36.5053497692428	-50.1154964766887
			36.4656700412327	-50.1154964766887
			36.4259903132227	-50.0758167486787
			36.3863105852127	-50.0758167486787
			36.3466308572026	-50.0758167486787
			36.3069511291926	-50.0758167486787
			36.2672714011825	-50.0758167486787
			36.2275916731725	-50.0758167486787
			36.1879119451624	-50.0758167486787
			36.1482322171524	-50.0361370206687
			36.1085524891423	-50.0361370206687
			36.0688727611323	-50.0361370206687
			36.0291930331222	-50.0361370206687
			35.9895133051122	-50.0361370206687
			35.9498335771021	-50.0361370206687
			35.9101538490921	-49.9964572926586
			35.8704741210821	-49.9964572926586
			35.830794393072	-49.9964572926586
			35.791114665062	-49.9964572926586
			35.7514349370519	-49.9964572926586
			35.7117552090419	-49.9567775646486
			35.6720754810318	-49.9567775646486
			35.6323957530218	-49.9567775646486
			35.5927160250117	-49.9567775646486
			35.5530362970017	-49.9567775646486
			35.5133565689916	-49.9170978366385
			35.4736768409816	-49.9170978366385
			35.4339971129715	-49.9170978366385
			35.3943173849615	-49.9170978366385
			35.3546376569514	-49.8774181086285
			35.3149579289414	-49.8774181086285
			35.2752782009314	-49.8774181086285
			35.2355984729213	-49.8774181086285
			35.1959187449113	-49.8377383806184
			35.1562390169012	-49.8377383806184
			35.1165592888912	-49.8377383806184
			35.0768795608811	-49.8377383806184
			35.0371998328711	-49.7980586526084
			34.997520104861	-49.7980586526084
			34.957840376851	-49.7980586526084
			34.9181606488409	-49.7980586526084
			34.8784809208309	-49.7583789245983
			34.8388011928208	-49.7583789245983
			34.7991214648108	-49.7583789245983
			34.7594417368007	-49.7583789245983
			34.7197620087907	-49.7980586526084
			34.6800822807807	-49.7980586526084
			34.6404025527706	-49.7980586526084
			34.6007228247606	-49.7980586526084
			34.5610430967505	-49.7980586526084
			34.5213633687405	-49.7980586526084
			34.4816836407304	-49.7980586526084
			34.4420039127204	-49.8377383806184
			34.4023241847103	-49.8377383806184
			34.3626444567003	-49.8377383806184
			34.3229647286902	-49.8377383806184
			34.2832850006802	-49.8377383806184
			34.2436052726701	-49.8377383806184
			34.2039255446601	-49.8377383806184
			34.1642458166501	-49.8774181086285
			34.12456608864	-49.8774181086285
			34.08488636063	-49.8774181086285
			34.0452066326199	-49.8774181086285
			34.0055269046099	-49.8774181086285
			33.9658471765998	-49.8774181086285
			33.9261674485898	-49.8774181086285
			33.8864877205797	-49.8774181086285
			33.8468079925697	-49.9170978366385
			33.8071282645596	-49.9170978366385
			33.7674485365496	-49.9170978366385
			33.7277688085395	-49.9170978366385
			33.6880890805295	-49.9170978366385
			33.6484093525194	-49.9170978366385
			33.6087296245094	-49.9170978366385
			33.5690498964994	-49.9170978366385
			33.5293701684893	-49.9170978366385
			33.4896904404793	-49.9170978366385
			33.4500107124692	-49.9567775646486
			33.4103309844592	-49.9567775646486
			33.3706512564491	-49.9567775646486
			33.3309715284391	-49.9567775646486
			33.291291800429	-49.9567775646486
			33.251612072419	-49.9567775646486
			33.2119323444089	-49.9567775646486
			33.1722526163989	-49.9567775646486
			33.1325728883888	-49.9567775646486
			33.0928931603788	-49.9567775646486
			33.0532134323688	-49.9567775646486
			33.0135337043587	-49.9567775646486
			32.9738539763487	-49.9964572926586
			32.9341742483386	-49.9964572926586
			32.8944945203286	-49.9964572926586
			32.8548147923185	-49.9964572926586
			32.8151350643085	-49.9964572926586
			32.7754553362984	-49.9964572926586
			32.7357756082884	-49.9964572926586
			32.6960958802783	-49.9964572926586
			32.6564161522683	-49.9964572926586
			32.6167364242582	-49.9964572926586
			32.5770566962482	-49.9964572926586
			32.5373769682381	-49.9964572926586
			32.4976972402281	-49.9964572926586
			32.458017512218	-49.9964572926586
			32.418337784208	-49.9964572926586
			32.378658056198	-49.9964572926586
			32.3389783281879	-49.9964572926586
			32.2992986001779	-49.9964572926586
			32.2596188721678	-49.9964572926586
			32.2199391441578	-49.9964572926586
			32.1802594161477	-49.9964572926586
			32.1405796881377	-49.9964572926586
			32.1008999601276	-49.9964572926586
			32.0612202321176	-49.9964572926586
			32.0215405041075	-49.9964572926586
			31.9818607760975	-49.9964572926586
			31.9421810480874	-49.9964572926586
			31.9025013200774	-49.9964572926586
			31.8628215920674	-49.9964572926586
			31.8231418640573	-49.9964572926586
			31.7834621360473	-49.9964572926586
			31.7437824080372	-49.9964572926586
			31.7041026800272	-49.9964572926586
			31.6644229520171	-49.9964572926586
			31.6247432240071	-49.9964572926586
			31.585063495997	-49.9964572926586
			31.545383767987	-49.9964572926586
			31.5057040399769	-49.9964572926586
			31.4660243119669	-49.9964572926586
			31.4263445839568	-49.9964572926586
			31.3866648559468	-49.9964572926586
			31.3469851279367	-49.9964572926586
			31.3073053999267	-49.9964572926586
			31.2676256719167	-49.9964572926586
			31.2279459439066	-49.9964572926586
			31.1882662158966	-49.9964572926586
			31.1485864878865	-49.9964572926586
			31.1089067598765	-49.9964572926586
			31.1089067598765	-49.9567775646486
			31.0692270318664	-49.9567775646486
			31.0692270318664	-49.9170978366385
			31.0295473038564	-49.9170978366385
			30.9898675758463	-49.8774181086285
			30.9501878478363	-49.8377383806184
			30.9105081198262	-49.8377383806184
			30.8708283918162	-49.7980586526084
			30.8311486638061	-49.7980586526084
			30.7914689357961	-49.7583789245983
			30.7517892077861	-49.7583789245983
			30.712109479776	-49.7186991965883
			30.672429751766	-49.7186991965883
			30.6327500237559	-49.6790194685782
			30.5930702957459	-49.6790194685782
			30.5533905677358	-49.6790194685782
			30.5533905677358	-49.6393397405682
			30.5137108397258	-49.6393397405682
			30.4740311117157	-49.5996600125581
			30.4343513837057	-49.5996600125581
			30.3946716556956	-49.5996600125581
			30.3549919276856	-49.5599802845481
			30.3153121996755	-49.5599802845481
			30.2756324716655	-49.5599802845481
			30.2359527436554	-49.5203005565381
			30.1962730156454	-49.5203005565381
			30.1565932876354	-49.5203005565381
			30.1169135596253	-49.5203005565381
			30.0772338316153	-49.5203005565381
			30.0772338316153	-49.480620828528
			30.0375541036052	-49.480620828528
			29.9978743755952	-49.480620828528
			29.9581946475851	-49.480620828528
			29.9185149195751	-49.480620828528
			29.878835191565	-49.480620828528
			29.839155463555	-49.480620828528
			29.7994757355449	-49.440941100518
			29.7597960075349	-49.440941100518
			29.7201162795248	-49.440941100518
			29.6804365515148	-49.440941100518
			29.6407568235047	-49.440941100518
			29.6010770954947	-49.440941100518
			29.5613973674847	-49.440941100518
			29.5217176394746	-49.440941100518
			29.4820379114646	-49.440941100518
			29.4423581834545	-49.440941100518
			29.4026784554445	-49.440941100518
			29.3629987274344	-49.440941100518
			29.3233189994244	-49.440941100518
			29.2836392714143	-49.440941100518
			29.2439595434043	-49.480620828528
			29.2042798153942	-49.480620828528
			29.1646000873842	-49.480620828528
			29.1249203593741	-49.5203005565381
			29.0852406313641	-49.5203005565381
			29.0455609033541	-49.5203005565381
			29.0455609033541	-49.5599802845481
			29.005881175344	-49.5599802845481
			28.966201447334	-49.5599802845481
			28.9265217193239	-49.5599802845481
			28.8868419913139	-49.5996600125581
			28.8471622633038	-49.5996600125581
			28.8074825352938	-49.5996600125581
			28.7678028072837	-49.5996600125581
			28.7281230792737	-49.6393397405682
			28.6884433512636	-49.6393397405682
			28.6487636232536	-49.6393397405682
			28.6090838952435	-49.6393397405682
			28.5694041672335	-49.6393397405682
			28.5297244392234	-49.6393397405682
			28.4900447112134	-49.6393397405682
			28.4503649832034	-49.6790194685782
			28.4106852551933	-49.6790194685782
			28.3710055271833	-49.6790194685782
			28.3313257991732	-49.6790194685782
			28.2916460711632	-49.6393397405682
			28.2519663431531	-49.6393397405682
			28.2122866151431	-49.6393397405682
			28.172606887133	-49.6393397405682
			28.132927159123	-49.6393397405682
			28.0932474311129	-49.5996600125581
			28.0535677031029	-49.5599802845481
			28.0138879750928	-49.5599802845481
			27.9742082470828	-49.5203005565381
		</c2>
	</curves.scaled>
	<ruler.points type=matrix rownames=TRUE colnames=FALSE nrow=2 ncol=2 as.numeric=TRUE >
		Ruler point 1	1945	272
		Ruler point 2	2197	269
	</ruler.points>
</shapes>

