<shapes type=list>
	<ruler.pixel type=vector names=FALSE length=1 as.numeric=TRUE >252.017856510208</ruler.pixel>
	<ruler.interval type=vector names=FALSE length=1 as.numeric=TRUE >10</ruler.interval>
	<scaling.units type=vector names=FALSE length=1 as.numeric=FALSE >undefined</scaling.units>
	<scaling type=vector names=FALSE length=1 as.numeric=TRUE >0.0396797280100465</scaling>
	<landmarks.pixel type=matrix rownames=TRUE colnames=FALSE nrow=2 ncol=2 as.numeric=TRUE >
		LM1	819	1198
		LM2	1867	1188
	</landmarks.pixel>
	<landmarks.scaled type=matrix rownames=TRUE colnames=FALSE nrow=2 ncol=2 as.numeric=TRUE >
		LM1	32.4976972402281	-47.5363141560357
		LM2	74.0820521947568	-47.1395168759353
	</landmarks.scaled>
	<curves.control type=list>
		<c1 type=matrix rownames=FALSE colnames=FALSE nrow=21 ncol=2 as.numeric=TRUE >
			819	1198
			863	1168
			910	1148
			944	1114
			982	1109
			1030	1078
			1072	1064
			1101	1049
			1149	1019
			1247	974
			1286	975
			1375	946
			1391	940
			1484	916
			1484	949
			1583	986
			1642	1036
			1730	1067
			1783	1126
			1857	1168
			1867	1188
		</c1>
		<c2 type=matrix rownames=FALSE colnames=FALSE nrow=29 ncol=2 as.numeric=TRUE >
			1867	1188
			1845	1182
			1837	1183
			1830	1200
			1800	1187
			1789	1211
			1739	1181
			1690	1208
			1648	1190
			1622	1209
			1585	1189
			1529	1193
			1489	1197
			1429	1205
			1359	1197
			1311	1216
			1266	1202
			1224	1217
			1183	1197
			1137	1217
			1102	1208
			1058	1216
			1022	1202
			977	1212
			953	1204
			914	1212
			903	1193
			865	1209
			819	1198
		</c2>
	</curves.control>
	<curves.pixel type=list>
		<c1 type=matrix rownames=FALSE colnames=FALSE nrow=1125 ncol=2 as.numeric=TRUE >
			819	1198
			820	1197
			821	1196
			822	1196
			823	1195
			824	1195
			825	1194
			826	1194
			827	1193
			827	1192
			828	1192
			829	1191
			830	1191
			831	1190
			832	1189
			833	1189
			834	1188
			835	1188
			835	1187
			836	1187
			837	1186
			838	1185
			839	1185
			840	1184
			841	1184
			842	1183
			843	1183
			844	1182
			845	1181
			846	1180
			847	1180
			848	1180
			848	1179
			849	1179
			850	1178
			851	1178
			852	1177
			853	1176
			854	1176
			855	1176
			855	1175
			856	1175
			857	1174
			858	1174
			859	1173
			860	1172
			861	1172
			862	1171
			863	1171
			864	1170
			865	1170
			866	1169
			867	1169
			868	1168
			869	1168
			870	1167
			871	1167
			872	1166
			873	1166
			874	1165
			875	1164
			876	1164
			877	1164
			878	1163
			879	1162
			880	1162
			881	1161
			882	1161
			883	1161
			884	1160
			885	1159
			886	1159
			887	1158
			888	1158
			889	1157
			890	1157
			891	1156
			892	1156
			893	1155
			894	1155
			895	1155
			896	1154
			897	1154
			898	1153
			899	1153
			900	1152
			901	1152
			902	1151
			903	1151
			904	1150
			905	1150
			906	1150
			907	1149
			908	1149
			909	1148
			910	1148
			911	1147
			912	1146
			913	1145
			914	1144
			915	1143
			916	1142
			917	1142
			918	1141
			919	1140
			919	1139
			920	1138
			921	1138
			922	1137
			923	1136
			924	1135
			925	1135
			926	1134
			927	1133
			928	1133
			928	1132
			929	1131
			930	1131
			931	1130
			932	1129
			933	1129
			934	1128
			935	1127
			936	1127
			937	1126
			938	1126
			939	1125
			939	1124
			940	1124
			941	1123
			942	1123
			943	1122
			944	1122
			945	1121
			946	1121
			947	1120
			948	1120
			949	1119
			950	1119
			951	1118
			952	1118
			953	1117
			954	1117
			955	1116
			956	1116
			957	1116
			957	1115
			958	1115
			959	1115
			960	1115
			960	1114
			961	1114
			962	1114
			963	1113
			964	1113
			965	1113
			966	1112
			967	1112
			968	1112
			969	1112
			969	1111
			970	1111
			971	1111
			972	1111
			973	1111
			974	1110
			975	1110
			976	1110
			977	1110
			978	1110
			979	1109
			980	1109
			981	1109
			982	1109
			983	1108
			984	1108
			985	1107
			986	1107
			986	1106
			987	1106
			988	1105
			989	1105
			989	1104
			990	1104
			991	1103
			992	1103
			992	1102
			993	1102
			994	1101
			995	1101
			996	1101
			996	1100
			997	1100
			998	1099
			999	1099
			999	1098
			1000	1098
			1001	1097
			1002	1097
			1002	1096
			1003	1096
			1004	1096
			1005	1095
			1006	1094
			1007	1094
			1008	1093
			1009	1093
			1010	1092
			1011	1092
			1011	1091
			1012	1091
			1013	1090
			1014	1090
			1015	1089
			1016	1089
			1017	1088
			1018	1088
			1019	1087
			1020	1086
			1021	1086
			1022	1085
			1023	1085
			1024	1085
			1024	1084
			1025	1084
			1026	1084
			1026	1083
			1027	1083
			1028	1083
			1028	1082
			1029	1082
			1030	1081
			1031	1081
			1032	1080
			1033	1080
			1034	1080
			1034	1079
			1035	1079
			1036	1079
			1037	1078
			1038	1078
			1039	1077
			1040	1077
			1041	1076
			1042	1076
			1043	1075
			1044	1075
			1045	1074
			1046	1074
			1047	1074
			1047	1073
			1048	1073
			1049	1073
			1050	1072
			1051	1072
			1052	1071
			1053	1071
			1054	1071
			1055	1070
			1056	1070
			1057	1069
			1058	1069
			1059	1069
			1060	1068
			1061	1068
			1062	1068
			1062	1067
			1063	1067
			1064	1067
			1065	1066
			1066	1066
			1067	1066
			1068	1065
			1069	1065
			1070	1065
			1071	1064
			1072	1064
			1073	1063
			1074	1063
			1075	1063
			1075	1062
			1076	1062
			1077	1061
			1078	1061
			1079	1060
			1080	1060
			1081	1059
			1082	1059
			1083	1058
			1084	1058
			1085	1057
			1086	1057
			1087	1056
			1088	1055
			1089	1055
			1090	1054
			1091	1054
			1092	1053
			1093	1053
			1094	1052
			1095	1051
			1096	1051
			1097	1050
			1098	1049
			1099	1049
			1100	1049
			1100	1048
			1101	1048
			1102	1048
			1102	1047
			1103	1047
			1104	1046
			1105	1046
			1106	1045
			1107	1044
			1108	1044
			1109	1043
			1110	1043
			1111	1042
			1112	1042
			1112	1041
			1113	1041
			1114	1040
			1115	1040
			1116	1039
			1117	1039
			1118	1038
			1119	1038
			1119	1037
			1120	1037
			1121	1036
			1122	1035
			1123	1035
			1124	1034
			1125	1034
			1126	1033
			1127	1033
			1128	1032
			1129	1032
			1130	1031
			1131	1030
			1132	1030
			1133	1029
			1134	1029
			1134	1028
			1135	1027
			1136	1027
			1137	1026
			1138	1026
			1139	1025
			1140	1024
			1141	1024
			1142	1023
			1143	1022
			1144	1022
			1145	1021
			1146	1021
			1147	1020
			1148	1020
			1148	1019
			1149	1019
			1150	1018
			1151	1018
			1152	1018
			1153	1017
			1154	1017
			1155	1016
			1156	1016
			1157	1015
			1158	1015
			1159	1015
			1160	1014
			1161	1014
			1161	1013
			1162	1013
			1163	1013
			1164	1012
			1165	1012
			1166	1011
			1167	1011
			1168	1011
			1168	1010
			1169	1010
			1170	1010
			1171	1009
			1172	1009
			1173	1008
			1174	1008
			1175	1007
			1176	1007
			1177	1006
			1178	1006
			1179	1006
			1180	1005
			1181	1005
			1182	1004
			1183	1004
			1184	1004
			1185	1003
			1186	1003
			1187	1002
			1188	1002
			1189	1002
			1190	1001
			1191	1001
			1192	1000
			1193	1000
			1194	1000
			1195	999
			1196	999
			1197	998
			1198	998
			1199	997
			1200	997
			1201	997
			1202	996
			1203	996
			1204	996
			1205	995
			1206	995
			1207	994
			1208	994
			1209	994
			1210	993
			1211	993
			1212	993
			1213	992
			1214	992
			1215	991
			1216	991
			1217	991
			1218	990
			1219	990
			1220	990
			1221	989
			1222	989
			1223	989
			1224	988
			1225	988
			1226	987
			1227	987
			1228	987
			1229	987
			1230	986
			1231	986
			1232	986
			1232	985
			1233	985
			1234	985
			1235	985
			1236	984
			1237	984
			1238	984
			1239	983
			1240	983
			1241	983
			1242	983
			1243	982
			1244	982
			1245	982
			1246	981
			1247	981
			1248	981
			1249	980
			1250	980
			1251	980
			1252	980
			1253	979
			1254	979
			1255	979
			1256	979
			1257	979
			1258	978
			1259	978
			1260	978
			1261	978
			1262	978
			1263	977
			1264	977
			1265	977
			1266	977
			1267	977
			1268	976
			1269	976
			1270	976
			1271	976
			1272	976
			1273	976
			1274	976
			1275	975
			1276	975
			1277	975
			1278	975
			1279	975
			1280	975
			1281	975
			1282	975
			1283	975
			1284	975
			1285	975
			1286	975
			1287	975
			1288	974
			1289	974
			1290	974
			1291	973
			1292	973
			1293	973
			1294	972
			1295	972
			1296	972
			1297	971
			1298	971
			1299	971
			1300	971
			1300	970
			1301	970
			1302	970
			1303	970
			1303	969
			1304	969
			1305	969
			1306	969
			1306	968
			1307	968
			1308	968
			1309	968
			1309	967
			1310	967
			1311	967
			1312	967
			1312	966
			1313	966
			1314	966
			1315	965
			1316	965
			1317	965
			1318	965
			1319	964
			1320	964
			1321	964
			1322	963
			1323	963
			1324	963
			1325	962
			1326	962
			1327	962
			1328	961
			1329	961
			1330	961
			1331	960
			1332	960
			1333	959
			1334	959
			1335	959
			1336	959
			1337	958
			1338	958
			1339	957
			1340	957
			1341	957
			1342	957
			1343	956
			1344	956
			1345	956
			1346	955
			1347	955
			1348	955
			1349	954
			1350	954
			1351	954
			1352	953
			1353	953
			1354	953
			1355	952
			1356	952
			1357	952
			1358	951
			1359	951
			1360	951
			1361	950
			1362	950
			1363	950
			1364	949
			1365	949
			1366	949
			1367	948
			1368	948
			1369	948
			1370	947
			1371	947
			1372	947
			1373	946
			1374	946
			1375	946
			1376	945
			1377	945
			1378	945
			1379	944
			1380	944
			1381	944
			1382	943
			1383	943
			1384	943
			1384	942
			1385	942
			1386	942
			1387	942
			1387	941
			1388	941
			1389	941
			1390	940
			1391	940
			1392	940
			1393	939
			1394	939
			1395	939
			1396	939
			1397	938
			1398	938
			1399	938
			1400	938
			1401	938
			1402	937
			1403	937
			1404	937
			1405	937
			1406	936
			1407	936
			1408	936
			1409	936
			1410	935
			1411	935
			1412	935
			1413	935
			1414	935
			1415	934
			1416	934
			1417	934
			1418	934
			1419	934
			1420	933
			1421	933
			1422	933
			1423	933
			1424	933
			1425	933
			1426	932
			1427	932
			1428	932
			1429	932
			1430	932
			1431	932
			1432	932
			1433	931
			1434	931
			1435	931
			1436	931
			1437	931
			1438	931
			1439	931
			1440	931
			1441	930
			1442	930
			1443	930
			1444	930
			1445	930
			1446	930
			1447	930
			1448	930
			1449	930
			1450	930
			1451	930
			1452	930
			1453	930
			1454	930
			1455	930
			1456	930
			1457	930
			1458	930
			1459	930
			1460	930
			1461	930
			1462	930
			1463	931
			1464	931
			1465	931
			1466	931
			1467	931
			1468	931
			1469	932
			1470	932
			1471	932
			1472	933
			1473	933
			1474	934
			1475	934
			1476	934
			1477	935
			1478	936
			1479	937
			1480	938
			1481	939
			1482	940
			1482	941
			1483	942
			1483	943
			1483	944
			1484	944
			1484	945
			1484	946
			1484	947
			1484	948
			1485	949
			1486	950
			1487	950
			1488	950
			1489	951
			1490	951
			1491	952
			1492	952
			1493	952
			1494	953
			1495	953
			1496	954
			1497	954
			1498	955
			1499	955
			1500	955
			1501	956
			1502	956
			1503	956
			1504	957
			1505	957
			1506	958
			1507	958
			1508	958
			1509	959
			1510	959
			1511	960
			1512	960
			1513	961
			1514	961
			1515	961
			1516	962
			1517	962
			1518	962
			1518	963
			1519	963
			1520	964
			1521	964
			1522	964
			1523	965
			1524	965
			1525	966
			1526	966
			1527	967
			1528	967
			1529	968
			1530	968
			1531	968
			1532	969
			1533	969
			1534	970
			1535	970
			1536	971
			1537	971
			1538	972
			1539	972
			1540	972
			1541	973
			1542	973
			1543	974
			1544	974
			1545	975
			1546	975
			1547	976
			1548	976
			1549	977
			1550	977
			1551	978
			1552	978
			1553	979
			1554	979
			1555	980
			1556	980
			1557	981
			1558	981
			1559	982
			1560	982
			1560	983
			1561	983
			1562	983
			1563	984
			1564	984
			1564	985
			1565	985
			1566	985
			1567	986
			1568	987
			1569	987
			1570	988
			1571	988
			1572	989
			1573	989
			1574	990
			1575	990
			1576	991
			1577	992
			1578	992
			1579	993
			1580	993
			1581	994
			1582	994
			1583	995
			1584	995
			1585	996
			1586	997
			1587	997
			1588	998
			1589	998
			1590	999
			1591	999
			1591	1000
			1592	1000
			1593	1001
			1594	1002
			1595	1002
			1596	1003
			1597	1003
			1598	1004
			1599	1005
			1600	1005
			1601	1006
			1602	1007
			1603	1007
			1604	1008
			1605	1009
			1606	1009
			1607	1010
			1608	1011
			1609	1011
			1610	1012
			1611	1013
			1612	1013
			1613	1014
			1614	1015
			1615	1016
			1616	1016
			1617	1017
			1618	1018
			1619	1018
			1620	1019
			1621	1020
			1622	1020
			1623	1021
			1624	1022
			1625	1022
			1626	1023
			1627	1024
			1628	1024
			1629	1025
			1629	1026
			1630	1027
			1631	1027
			1632	1028
			1633	1029
			1634	1029
			1635	1030
			1636	1031
			1637	1031
			1637	1032
			1638	1033
			1639	1034
			1640	1034
			1641	1035
			1642	1036
			1643	1036
			1644	1037
			1645	1037
			1646	1037
			1647	1038
			1648	1038
			1649	1039
			1650	1039
			1651	1039
			1652	1040
			1653	1040
			1654	1040
			1654	1041
			1655	1041
			1656	1041
			1657	1042
			1658	1042
			1659	1042
			1660	1043
			1661	1043
			1662	1043
			1662	1044
			1663	1044
			1664	1044
			1665	1045
			1666	1045
			1667	1046
			1668	1046
			1669	1047
			1670	1047
			1671	1048
			1672	1048
			1673	1048
			1674	1049
			1675	1049
			1676	1050
			1677	1050
			1678	1051
			1679	1051
			1680	1052
			1681	1052
			1682	1053
			1683	1053
			1684	1053
			1685	1054
			1686	1054
			1687	1055
			1688	1055
			1689	1056
			1690	1056
			1691	1057
			1692	1057
			1693	1058
			1694	1058
			1695	1059
			1696	1059
			1697	1060
			1698	1060
			1699	1061
			1700	1061
			1701	1062
			1702	1062
			1702	1063
			1703	1063
			1704	1064
			1705	1064
			1706	1065
			1707	1065
			1708	1066
			1709	1067
			1710	1067
			1711	1068
			1712	1068
			1713	1069
			1714	1070
			1715	1070
			1716	1071
			1717	1071
			1717	1072
			1718	1072
			1719	1072
			1719	1073
			1720	1073
			1721	1074
			1722	1074
			1723	1075
			1724	1076
			1725	1076
			1726	1077
			1727	1077
			1727	1078
			1728	1078
			1729	1079
			1730	1079
			1730	1080
			1731	1080
			1732	1081
			1733	1082
			1734	1083
			1735	1083
			1736	1084
			1737	1084
			1737	1085
			1738	1086
			1739	1086
			1740	1087
			1741	1088
			1742	1088
			1743	1089
			1744	1090
			1745	1091
			1746	1092
			1747	1092
			1748	1093
			1749	1094
			1750	1095
			1751	1096
			1752	1096
			1753	1097
			1754	1098
			1755	1099
			1756	1100
			1757	1100
			1758	1101
			1759	1102
			1760	1103
			1761	1104
			1762	1105
			1763	1106
			1764	1107
			1765	1108
			1766	1109
			1767	1110
			1768	1111
			1769	1111
			1770	1112
			1770	1113
			1771	1114
			1772	1114
			1773	1115
			1773	1116
			1774	1117
			1775	1117
			1776	1118
			1776	1119
			1777	1120
			1778	1120
			1779	1121
			1779	1122
			1780	1123
			1781	1124
			1782	1124
			1782	1125
			1783	1126
			1784	1127
			1785	1127
			1786	1128
			1787	1128
			1788	1129
			1789	1129
			1790	1130
			1791	1130
			1792	1131
			1793	1131
			1793	1132
			1794	1133
			1795	1133
			1796	1134
			1797	1134
			1798	1135
			1799	1135
			1800	1136
			1801	1136
			1802	1137
			1803	1138
			1804	1138
			1805	1139
			1806	1140
			1807	1140
			1808	1141
			1809	1142
			1810	1142
			1811	1143
			1812	1143
			1813	1144
			1814	1144
			1815	1145
			1816	1146
			1817	1146
			1818	1147
			1819	1147
			1820	1148
			1821	1149
			1822	1150
			1823	1150
			1824	1151
			1825	1152
			1826	1152
			1827	1153
			1828	1154
			1829	1154
			1830	1155
			1831	1156
			1832	1156
			1833	1157
			1834	1158
			1835	1158
			1836	1159
			1837	1159
			1838	1160
			1838	1161
			1839	1161
			1840	1162
			1841	1162
			1842	1163
			1842	1164
			1843	1164
			1844	1165
			1845	1165
			1846	1166
			1846	1167
			1847	1167
			1848	1168
			1849	1169
			1850	1170
			1851	1170
			1852	1171
			1853	1172
			1854	1173
			1855	1174
			1856	1175
			1857	1175
			1857	1176
			1858	1177
			1859	1177
			1859	1178
			1860	1179
			1861	1179
			1861	1180
			1862	1181
			1863	1182
			1864	1183
			1865	1184
			1865	1185
			1866	1185
			1866	1186
			1866	1187
			1867	1188
		</c1>
		<c2 type=matrix rownames=FALSE colnames=FALSE nrow=1078 ncol=2 as.numeric=TRUE >
			1867	1188
			1866	1188
			1865	1188
			1864	1187
			1863	1187
			1862	1187
			1861	1186
			1860	1186
			1859	1186
			1858	1186
			1857	1185
			1856	1185
			1855	1185
			1854	1185
			1853	1185
			1852	1184
			1851	1184
			1850	1184
			1849	1184
			1848	1184
			1847	1184
			1846	1183
			1845	1183
			1844	1183
			1843	1183
			1842	1183
			1841	1183
			1840	1183
			1839	1183
			1838	1183
			1837	1183
			1837	1184
			1836	1185
			1835	1186
			1835	1187
			1834	1188
			1833	1189
			1832	1190
			1831	1190
			1830	1191
			1829	1191
			1828	1192
			1827	1192
			1826	1192
			1825	1192
			1824	1193
			1823	1193
			1822	1193
			1821	1193
			1820	1193
			1819	1192
			1818	1192
			1817	1192
			1816	1192
			1815	1192
			1814	1192
			1813	1191
			1812	1191
			1811	1191
			1810	1191
			1809	1190
			1808	1190
			1807	1190
			1806	1189
			1805	1189
			1804	1189
			1803	1188
			1802	1188
			1801	1187
			1800	1187
			1800	1188
			1799	1188
			1799	1189
			1798	1190
			1798	1191
			1797	1191
			1797	1192
			1796	1192
			1796	1193
			1795	1193
			1795	1194
			1794	1194
			1794	1195
			1793	1195
			1792	1196
			1791	1196
			1790	1196
			1789	1197
			1788	1197
			1787	1197
			1786	1197
			1785	1198
			1784	1198
			1783	1198
			1782	1198
			1781	1198
			1780	1198
			1779	1197
			1778	1197
			1777	1197
			1776	1197
			1775	1197
			1774	1197
			1773	1196
			1772	1196
			1771	1196
			1770	1196
			1769	1195
			1768	1195
			1767	1195
			1766	1194
			1765	1194
			1764	1193
			1763	1193
			1762	1193
			1761	1192
			1760	1192
			1759	1192
			1758	1191
			1757	1190
			1756	1190
			1755	1190
			1754	1189
			1753	1189
			1752	1188
			1751	1188
			1750	1187
			1749	1187
			1748	1186
			1747	1186
			1746	1185
			1745	1184
			1744	1184
			1743	1183
			1742	1183
			1741	1182
			1740	1182
			1739	1181
			1738	1181
			1737	1182
			1736	1182
			1736	1183
			1735	1183
			1734	1184
			1733	1184
			1732	1185
			1731	1185
			1730	1185
			1730	1186
			1729	1186
			1728	1187
			1727	1187
			1726	1187
			1725	1188
			1724	1188
			1723	1189
			1722	1189
			1721	1190
			1720	1190
			1719	1190
			1718	1191
			1717	1191
			1716	1191
			1715	1192
			1714	1192
			1713	1192
			1712	1193
			1711	1193
			1710	1193
			1709	1194
			1708	1194
			1707	1194
			1706	1194
			1705	1195
			1704	1195
			1703	1195
			1702	1195
			1701	1195
			1700	1196
			1699	1196
			1698	1196
			1697	1196
			1696	1196
			1695	1196
			1694	1197
			1693	1197
			1692	1197
			1691	1197
			1690	1197
			1689	1197
			1688	1197
			1687	1197
			1686	1197
			1685	1197
			1684	1197
			1683	1197
			1682	1197
			1681	1197
			1680	1197
			1679	1197
			1678	1197
			1677	1197
			1676	1197
			1675	1197
			1674	1197
			1673	1197
			1672	1197
			1671	1196
			1670	1196
			1669	1196
			1668	1196
			1667	1196
			1666	1196
			1665	1195
			1664	1195
			1663	1195
			1662	1195
			1661	1194
			1660	1194
			1659	1194
			1658	1194
			1657	1193
			1656	1193
			1655	1193
			1654	1192
			1653	1192
			1652	1191
			1651	1191
			1650	1191
			1649	1190
			1648	1190
			1647	1191
			1646	1191
			1645	1192
			1644	1192
			1643	1193
			1642	1194
			1641	1194
			1640	1195
			1639	1195
			1638	1196
			1637	1196
			1636	1197
			1635	1197
			1634	1197
			1633	1197
			1632	1198
			1631	1198
			1630	1198
			1629	1198
			1628	1199
			1627	1199
			1626	1199
			1625	1199
			1624	1199
			1623	1199
			1622	1199
			1621	1199
			1620	1199
			1619	1199
			1618	1199
			1617	1199
			1616	1199
			1615	1199
			1614	1199
			1613	1199
			1612	1199
			1611	1199
			1611	1198
			1610	1198
			1609	1198
			1608	1198
			1607	1198
			1606	1197
			1605	1197
			1604	1197
			1603	1197
			1602	1196
			1601	1196
			1600	1196
			1599	1195
			1598	1195
			1597	1195
			1596	1194
			1595	1194
			1594	1193
			1593	1193
			1592	1192
			1591	1192
			1590	1191
			1589	1191
			1588	1190
			1587	1190
			1586	1190
			1586	1189
			1585	1189
			1584	1189
			1583	1189
			1582	1189
			1581	1189
			1580	1189
			1579	1189
			1578	1189
			1577	1190
			1576	1190
			1575	1190
			1574	1190
			1573	1190
			1572	1190
			1571	1190
			1570	1190
			1569	1190
			1568	1190
			1567	1190
			1566	1190
			1565	1190
			1564	1191
			1563	1191
			1562	1191
			1561	1191
			1560	1191
			1559	1191
			1558	1191
			1557	1191
			1556	1191
			1555	1191
			1554	1191
			1553	1191
			1552	1191
			1551	1192
			1550	1192
			1549	1192
			1548	1192
			1547	1192
			1546	1192
			1545	1192
			1544	1192
			1543	1192
			1542	1192
			1541	1192
			1540	1192
			1539	1192
			1538	1193
			1537	1193
			1536	1193
			1535	1193
			1534	1193
			1533	1193
			1532	1193
			1531	1193
			1530	1193
			1529	1193
			1528	1193
			1527	1194
			1526	1194
			1525	1194
			1524	1194
			1523	1194
			1522	1194
			1521	1194
			1520	1194
			1519	1194
			1518	1194
			1517	1194
			1516	1194
			1515	1195
			1514	1195
			1513	1195
			1512	1195
			1511	1195
			1510	1195
			1509	1195
			1508	1195
			1507	1195
			1506	1195
			1505	1195
			1504	1196
			1503	1196
			1502	1196
			1501	1196
			1500	1196
			1499	1196
			1498	1196
			1497	1196
			1496	1196
			1495	1196
			1494	1197
			1493	1197
			1492	1197
			1491	1197
			1490	1197
			1489	1197
			1488	1197
			1487	1197
			1486	1197
			1485	1197
			1484	1198
			1483	1198
			1482	1198
			1481	1198
			1480	1198
			1479	1198
			1478	1198
			1477	1198
			1476	1199
			1475	1199
			1474	1199
			1473	1199
			1472	1199
			1471	1199
			1470	1199
			1469	1199
			1468	1199
			1467	1199
			1466	1199
			1465	1200
			1464	1200
			1463	1200
			1462	1200
			1461	1200
			1460	1200
			1459	1200
			1458	1200
			1457	1200
			1456	1200
			1455	1200
			1454	1200
			1453	1200
			1452	1200
			1451	1200
			1450	1200
			1449	1201
			1448	1201
			1447	1201
			1446	1201
			1445	1201
			1444	1201
			1443	1201
			1442	1201
			1441	1201
			1440	1201
			1439	1201
			1438	1201
			1437	1201
			1436	1201
			1435	1201
			1434	1201
			1433	1201
			1432	1201
			1431	1201
			1430	1201
			1429	1201
			1428	1201
			1427	1201
			1426	1201
			1425	1201
			1424	1201
			1423	1201
			1422	1201
			1421	1201
			1420	1201
			1419	1201
			1418	1201
			1417	1201
			1416	1201
			1415	1201
			1414	1201
			1413	1201
			1412	1201
			1411	1201
			1410	1201
			1409	1201
			1408	1201
			1407	1201
			1406	1201
			1405	1201
			1404	1201
			1403	1200
			1402	1200
			1401	1200
			1400	1200
			1399	1200
			1398	1200
			1397	1200
			1396	1200
			1395	1200
			1394	1200
			1393	1200
			1392	1200
			1391	1200
			1390	1200
			1389	1200
			1388	1200
			1387	1200
			1386	1200
			1385	1199
			1384	1199
			1383	1199
			1382	1199
			1381	1199
			1380	1199
			1379	1199
			1378	1199
			1377	1199
			1376	1199
			1375	1199
			1374	1199
			1373	1198
			1372	1198
			1371	1198
			1370	1198
			1369	1198
			1368	1198
			1367	1198
			1366	1198
			1365	1198
			1364	1198
			1363	1197
			1362	1197
			1361	1197
			1360	1197
			1359	1197
			1358	1197
			1357	1198
			1356	1198
			1355	1199
			1354	1199
			1353	1199
			1352	1200
			1351	1200
			1350	1200
			1349	1201
			1348	1201
			1347	1201
			1346	1202
			1345	1202
			1344	1202
			1343	1202
			1342	1203
			1341	1203
			1340	1203
			1339	1204
			1338	1204
			1337	1204
			1336	1204
			1335	1205
			1334	1205
			1333	1205
			1332	1205
			1331	1205
			1330	1205
			1330	1206
			1329	1206
			1328	1206
			1327	1206
			1326	1206
			1325	1206
			1324	1207
			1323	1207
			1322	1207
			1321	1207
			1320	1207
			1319	1207
			1318	1207
			1317	1207
			1316	1207
			1315	1208
			1314	1208
			1313	1208
			1312	1208
			1311	1208
			1310	1208
			1309	1208
			1308	1208
			1307	1208
			1306	1208
			1305	1208
			1304	1208
			1303	1208
			1302	1208
			1301	1208
			1300	1208
			1299	1208
			1298	1208
			1297	1208
			1296	1208
			1295	1208
			1294	1207
			1293	1207
			1292	1207
			1291	1207
			1290	1207
			1289	1207
			1288	1207
			1287	1207
			1286	1207
			1285	1206
			1284	1206
			1283	1206
			1282	1206
			1281	1206
			1280	1206
			1279	1205
			1278	1205
			1277	1205
			1276	1205
			1275	1205
			1274	1204
			1273	1204
			1272	1204
			1271	1204
			1270	1203
			1269	1203
			1268	1202
			1267	1202
			1266	1202
			1265	1202
			1264	1203
			1263	1203
			1262	1203
			1261	1204
			1260	1204
			1259	1204
			1258	1205
			1257	1205
			1256	1205
			1255	1205
			1254	1206
			1253	1206
			1252	1206
			1251	1206
			1250	1206
			1249	1207
			1248	1207
			1247	1207
			1246	1207
			1245	1207
			1244	1207
			1243	1208
			1242	1208
			1241	1208
			1240	1208
			1239	1208
			1238	1208
			1237	1208
			1236	1208
			1235	1208
			1234	1208
			1233	1208
			1232	1208
			1231	1208
			1230	1208
			1229	1208
			1228	1208
			1227	1208
			1226	1208
			1225	1208
			1224	1208
			1223	1208
			1222	1208
			1221	1208
			1220	1208
			1219	1208
			1218	1208
			1217	1208
			1217	1207
			1216	1207
			1215	1207
			1214	1207
			1213	1207
			1212	1207
			1211	1207
			1210	1206
			1209	1206
			1208	1206
			1207	1206
			1206	1205
			1205	1205
			1204	1205
			1203	1205
			1202	1204
			1201	1204
			1200	1204
			1199	1203
			1198	1203
			1197	1203
			1196	1202
			1195	1202
			1194	1202
			1193	1201
			1192	1201
			1191	1201
			1190	1200
			1189	1200
			1188	1199
			1187	1199
			1186	1199
			1185	1198
			1184	1198
			1183	1197
			1182	1197
			1181	1198
			1180	1198
			1179	1199
			1178	1199
			1177	1200
			1176	1200
			1175	1200
			1174	1201
			1173	1201
			1172	1201
			1172	1202
			1171	1202
			1170	1202
			1169	1202
			1168	1203
			1167	1203
			1166	1204
			1165	1204
			1164	1204
			1163	1205
			1162	1205
			1161	1205
			1160	1205
			1159	1206
			1158	1206
			1157	1206
			1156	1207
			1155	1207
			1154	1207
			1153	1207
			1152	1208
			1151	1208
			1150	1208
			1149	1208
			1148	1208
			1147	1209
			1146	1209
			1145	1209
			1144	1209
			1143	1209
			1142	1209
			1141	1210
			1140	1210
			1139	1210
			1138	1210
			1137	1210
			1136	1210
			1135	1210
			1134	1210
			1133	1210
			1132	1211
			1131	1211
			1130	1211
			1129	1211
			1128	1211
			1127	1211
			1126	1211
			1125	1211
			1124	1211
			1123	1211
			1122	1211
			1121	1211
			1120	1211
			1119	1211
			1118	1211
			1117	1210
			1116	1210
			1115	1210
			1114	1210
			1113	1210
			1112	1210
			1111	1210
			1110	1210
			1109	1210
			1109	1209
			1108	1209
			1107	1209
			1106	1209
			1105	1209
			1104	1208
			1103	1208
			1102	1208
			1101	1208
			1100	1208
			1099	1209
			1098	1209
			1097	1209
			1096	1209
			1095	1209
			1094	1209
			1093	1209
			1092	1210
			1091	1210
			1090	1210
			1089	1210
			1088	1210
			1087	1210
			1086	1210
			1085	1210
			1084	1210
			1083	1210
			1082	1211
			1081	1211
			1080	1211
			1079	1211
			1078	1211
			1077	1211
			1076	1211
			1075	1211
			1074	1211
			1073	1211
			1072	1211
			1071	1211
			1070	1211
			1069	1211
			1068	1211
			1067	1211
			1066	1211
			1065	1211
			1064	1211
			1063	1211
			1062	1211
			1061	1211
			1060	1211
			1060	1210
			1059	1210
			1058	1210
			1057	1210
			1056	1210
			1055	1210
			1054	1210
			1053	1210
			1052	1210
			1051	1210
			1050	1209
			1049	1209
			1048	1209
			1047	1209
			1046	1209
			1045	1209
			1045	1208
			1044	1208
			1043	1208
			1042	1208
			1041	1208
			1040	1207
			1039	1207
			1038	1207
			1037	1207
			1036	1206
			1035	1206
			1034	1206
			1033	1206
			1032	1206
			1031	1205
			1030	1205
			1029	1204
			1028	1204
			1027	1204
			1026	1203
			1025	1203
			1024	1203
			1023	1202
			1022	1202
			1021	1202
			1020	1202
			1019	1203
			1018	1203
			1017	1203
			1016	1203
			1015	1204
			1014	1204
			1013	1204
			1012	1204
			1011	1204
			1010	1204
			1009	1205
			1008	1205
			1007	1205
			1006	1205
			1005	1205
			1004	1205
			1003	1206
			1002	1206
			1001	1206
			1000	1206
			999	1206
			998	1206
			997	1206
			996	1207
			995	1207
			994	1207
			993	1207
			992	1207
			991	1207
			990	1207
			989	1207
			988	1207
			987	1207
			986	1207
			985	1207
			984	1207
			983	1207
			982	1208
			981	1208
			980	1208
			979	1208
			978	1208
			977	1208
			976	1208
			975	1208
			974	1207
			973	1207
			972	1207
			971	1207
			970	1207
			969	1207
			968	1207
			967	1207
			966	1207
			965	1207
			964	1207
			963	1206
			962	1206
			961	1206
			960	1206
			959	1206
			958	1205
			957	1205
			956	1205
			955	1205
			954	1204
			953	1204
			952	1204
			951	1204
			950	1205
			949	1205
			948	1205
			947	1205
			946	1205
			945	1205
			944	1206
			943	1206
			942	1206
			941	1206
			940	1206
			939	1206
			938	1206
			937	1206
			936	1206
			935	1206
			934	1206
			933	1206
			932	1206
			931	1206
			930	1206
			929	1206
			928	1206
			927	1206
			926	1206
			925	1206
			924	1206
			923	1206
			922	1206
			922	1205
			921	1205
			920	1205
			919	1205
			918	1205
			918	1204
			917	1204
			916	1204
			915	1204
			915	1203
			914	1203
			913	1203
			913	1202
			912	1202
			911	1202
			911	1201
			910	1201
			910	1200
			909	1200
			908	1199
			907	1199
			906	1198
			905	1197
			905	1196
			904	1195
			904	1194
			903	1194
			903	1193
			902	1194
			901	1194
			900	1194
			899	1195
			898	1195
			897	1195
			896	1196
			895	1196
			894	1196
			893	1197
			892	1197
			891	1197
			890	1197
			890	1198
			889	1198
			888	1198
			887	1199
			886	1199
			885	1199
			884	1199
			883	1199
			882	1200
			881	1200
			880	1200
			879	1200
			878	1200
			877	1201
			876	1201
			875	1201
			874	1201
			873	1201
			872	1201
			871	1201
			870	1202
			869	1202
			868	1202
			867	1202
			866	1202
			865	1202
			864	1202
			863	1202
			862	1202
			861	1202
			860	1202
			859	1202
			858	1202
			857	1202
			856	1202
			855	1202
			854	1202
			853	1202
			852	1202
			851	1202
			850	1202
			849	1202
			848	1202
			847	1202
			846	1202
			845	1202
			844	1202
			843	1202
			842	1202
			841	1202
			840	1202
			839	1202
			838	1201
			837	1201
			836	1201
			835	1201
			834	1201
			833	1201
			832	1201
			831	1200
			830	1200
			829	1200
			828	1200
			827	1200
			826	1200
			825	1199
			824	1199
			823	1199
			822	1199
			821	1198
			820	1198
			819	1198
		</c2>
	</curves.pixel>
	<curves.scaled type=list>
		<c1 type=matrix rownames=FALSE colnames=FALSE nrow=1125 ncol=2 as.numeric=TRUE >
			32.4976972402281	-47.5363141560357
			32.5373769682381	-47.4966344280257
			32.5770566962482	-47.4569547000156
			32.6167364242582	-47.4569547000156
			32.6564161522683	-47.4172749720056
			32.6960958802783	-47.4172749720056
			32.7357756082884	-47.3775952439955
			32.7754553362984	-47.3775952439955
			32.8151350643085	-47.3379155159855
			32.8151350643085	-47.2982357879755
			32.8548147923185	-47.2982357879755
			32.8944945203286	-47.2585560599654
			32.9341742483386	-47.2585560599654
			32.9738539763487	-47.2188763319554
			33.0135337043587	-47.1791966039453
			33.0532134323688	-47.1791966039453
			33.0928931603788	-47.1395168759353
			33.1325728883888	-47.1395168759353
			33.1325728883888	-47.0998371479252
			33.1722526163989	-47.0998371479252
			33.2119323444089	-47.0601574199152
			33.251612072419	-47.0204776919051
			33.291291800429	-47.0204776919051
			33.3309715284391	-46.9807979638951
			33.3706512564491	-46.9807979638951
			33.4103309844592	-46.941118235885
			33.4500107124692	-46.941118235885
			33.4896904404793	-46.901438507875
			33.5293701684893	-46.8617587798649
			33.5690498964994	-46.8220790518549
			33.6087296245094	-46.8220790518549
			33.6484093525194	-46.8220790518549
			33.6484093525194	-46.7823993238448
			33.6880890805295	-46.7823993238448
			33.7277688085395	-46.7427195958348
			33.7674485365496	-46.7427195958348
			33.8071282645596	-46.7030398678247
			33.8468079925697	-46.6633601398147
			33.8864877205797	-46.6633601398147
			33.9261674485898	-46.6633601398147
			33.9261674485898	-46.6236804118047
			33.9658471765998	-46.6236804118047
			34.0055269046099	-46.5840006837946
			34.0452066326199	-46.5840006837946
			34.08488636063	-46.5443209557846
			34.12456608864	-46.5046412277745
			34.1642458166501	-46.5046412277745
			34.2039255446601	-46.4649614997645
			34.2436052726701	-46.4649614997645
			34.2832850006802	-46.4252817717544
			34.3229647286902	-46.4252817717544
			34.3626444567003	-46.3856020437444
			34.4023241847103	-46.3856020437444
			34.4420039127204	-46.3459223157343
			34.4816836407304	-46.3459223157343
			34.5213633687405	-46.3062425877243
			34.5610430967505	-46.3062425877243
			34.6007228247606	-46.2665628597142
			34.6404025527706	-46.2665628597142
			34.6800822807807	-46.2268831317042
			34.7197620087907	-46.1872034036941
			34.7594417368007	-46.1872034036941
			34.7991214648108	-46.1872034036941
			34.8388011928208	-46.1475236756841
			34.8784809208309	-46.1078439476741
			34.9181606488409	-46.1078439476741
			34.957840376851	-46.068164219664
			34.997520104861	-46.068164219664
			35.0371998328711	-46.068164219664
			35.0768795608811	-46.028484491654
			35.1165592888912	-45.9888047636439
			35.1562390169012	-45.9888047636439
			35.1959187449113	-45.9491250356339
			35.2355984729213	-45.9491250356339
			35.2752782009314	-45.9094453076238
			35.3149579289414	-45.9094453076238
			35.3546376569514	-45.8697655796138
			35.3943173849615	-45.8697655796138
			35.4339971129715	-45.8300858516037
			35.4736768409816	-45.8300858516037
			35.5133565689916	-45.8300858516037
			35.5530362970017	-45.7904061235937
			35.5927160250117	-45.7904061235937
			35.6323957530218	-45.7507263955836
			35.6720754810318	-45.7507263955836
			35.7117552090419	-45.7110466675736
			35.7514349370519	-45.7110466675736
			35.791114665062	-45.6713669395635
			35.830794393072	-45.6713669395635
			35.8704741210821	-45.6316872115535
			35.9101538490921	-45.6316872115535
			35.9498335771021	-45.6316872115535
			35.9895133051122	-45.5920074835434
			36.0291930331222	-45.5920074835434
			36.0688727611323	-45.5523277555334
			36.1085524891423	-45.5523277555334
			36.1482322171524	-45.5126480275234
			36.1879119451624	-45.4729682995133
			36.2275916731725	-45.4332885715033
			36.2672714011825	-45.3936088434932
			36.3069511291926	-45.3539291154832
			36.3466308572026	-45.3142493874731
			36.3863105852127	-45.3142493874731
			36.4259903132227	-45.2745696594631
			36.4656700412327	-45.234889931453
			36.4656700412327	-45.195210203443
			36.5053497692428	-45.1555304754329
			36.5450294972528	-45.1555304754329
			36.5847092252629	-45.1158507474229
			36.6243889532729	-45.0761710194128
			36.664068681283	-45.0364912914028
			36.703748409293	-45.0364912914028
			36.7434281373031	-44.9968115633927
			36.7831078653131	-44.9571318353827
			36.8227875933232	-44.9571318353827
			36.8227875933232	-44.9174521073727
			36.8624673213332	-44.8777723793626
			36.9021470493433	-44.8777723793626
			36.9418267773533	-44.8380926513526
			36.9815065053634	-44.7984129233425
			37.0211862333734	-44.7984129233425
			37.0608659613834	-44.7587331953325
			37.1005456893935	-44.7190534673224
			37.1402254174035	-44.7190534673224
			37.1799051454136	-44.6793737393124
			37.2195848734236	-44.6793737393124
			37.2592646014337	-44.6396940113023
			37.2592646014337	-44.6000142832923
			37.2989443294437	-44.6000142832923
			37.3386240574538	-44.5603345552822
			37.3783037854638	-44.5603345552822
			37.4179835134739	-44.5206548272722
			37.4576632414839	-44.5206548272722
			37.497342969494	-44.4809750992621
			37.537022697504	-44.4809750992621
			37.576702425514	-44.4412953712521
			37.6163821535241	-44.4412953712521
			37.6560618815341	-44.4016156432421
			37.6957416095442	-44.4016156432421
			37.7354213375542	-44.361935915232
			37.7751010655643	-44.361935915232
			37.8147807935743	-44.322256187222
			37.8544605215844	-44.322256187222
			37.8941402495944	-44.2825764592119
			37.9338199776045	-44.2825764592119
			37.9734997056145	-44.2825764592119
			37.9734997056145	-44.2428967312019
			38.0131794336246	-44.2428967312019
			38.0528591616346	-44.2428967312019
			38.0925388896447	-44.2428967312019
			38.0925388896447	-44.2032170031918
			38.1322186176547	-44.2032170031918
			38.1718983456648	-44.2032170031918
			38.2115780736748	-44.1635372751818
			38.2512578016848	-44.1635372751818
			38.2909375296949	-44.1635372751818
			38.3306172577049	-44.1238575471717
			38.370296985715	-44.1238575471717
			38.409976713725	-44.1238575471717
			38.4496564417351	-44.1238575471717
			38.4496564417351	-44.0841778191617
			38.4893361697451	-44.0841778191617
			38.5290158977552	-44.0841778191617
			38.5686956257652	-44.0841778191617
			38.6083753537753	-44.0841778191617
			38.6480550817853	-44.0444980911516
			38.6877348097954	-44.0444980911516
			38.7274145378054	-44.0444980911516
			38.7670942658154	-44.0444980911516
			38.8067739938255	-44.0444980911516
			38.8464537218355	-44.0048183631416
			38.8861334498456	-44.0048183631416
			38.9258131778556	-44.0048183631416
			38.9654929058657	-44.0048183631416
			39.0051726338757	-43.9651386351315
			39.0448523618858	-43.9651386351315
			39.0845320898958	-43.9254589071215
			39.1242118179059	-43.9254589071215
			39.1242118179059	-43.8857791791114
			39.1638915459159	-43.8857791791114
			39.203571273926	-43.8460994511014
			39.243251001936	-43.8460994511014
			39.243251001936	-43.8064197230914
			39.2829307299461	-43.8064197230914
			39.3226104579561	-43.7667399950813
			39.3622901859661	-43.7667399950813
			39.3622901859661	-43.7270602670713
			39.4019699139762	-43.7270602670713
			39.4416496419862	-43.6873805390612
			39.4813293699963	-43.6873805390612
			39.5210090980063	-43.6873805390612
			39.5210090980063	-43.6477008110512
			39.5606888260164	-43.6477008110512
			39.6003685540264	-43.6080210830411
			39.6400482820365	-43.6080210830411
			39.6400482820365	-43.5683413550311
			39.6797280100465	-43.5683413550311
			39.7194077380566	-43.528661627021
			39.7590874660666	-43.528661627021
			39.7590874660666	-43.488981899011
			39.7987671940767	-43.488981899011
			39.8384469220867	-43.488981899011
			39.8781266500967	-43.4493021710009
			39.9178063781068	-43.4096224429909
			39.9574861061168	-43.4096224429909
			39.9971658341269	-43.3699427149808
			40.0368455621369	-43.3699427149808
			40.076525290147	-43.3302629869708
			40.116205018157	-43.3302629869708
			40.116205018157	-43.2905832589608
			40.1558847461671	-43.2905832589608
			40.1955644741771	-43.2509035309507
			40.2352442021872	-43.2509035309507
			40.2749239301972	-43.2112238029407
			40.3146036582073	-43.2112238029407
			40.3542833862173	-43.1715440749306
			40.3939631142274	-43.1715440749306
			40.4336428422374	-43.1318643469206
			40.4733225702474	-43.0921846189105
			40.5130022982575	-43.0921846189105
			40.5526820262675	-43.0525048909005
			40.5923617542776	-43.0525048909005
			40.6320414822876	-43.0525048909005
			40.6320414822876	-43.0128251628904
			40.6717212102977	-43.0128251628904
			40.7114009383077	-43.0128251628904
			40.7114009383077	-42.9731454348804
			40.7510806663178	-42.9731454348804
			40.7907603943278	-42.9731454348804
			40.7907603943278	-42.9334657068703
			40.8304401223379	-42.9334657068703
			40.8701198503479	-42.8937859788603
			40.909799578358	-42.8937859788603
			40.949479306368	-42.8541062508502
			40.9891590343781	-42.8541062508502
			41.0288387623881	-42.8541062508502
			41.0288387623881	-42.8144265228402
			41.0685184903981	-42.8144265228402
			41.1081982184082	-42.8144265228402
			41.1478779464182	-42.7747467948301
			41.1875576744283	-42.7747467948301
			41.2272374024383	-42.7350670668201
			41.2669171304484	-42.7350670668201
			41.3065968584584	-42.6953873388101
			41.3462765864685	-42.6953873388101
			41.3859563144785	-42.6557076108
			41.4256360424886	-42.6557076108
			41.4653157704986	-42.61602788279
			41.5049954985087	-42.61602788279
			41.5446752265187	-42.61602788279
			41.5446752265187	-42.5763481547799
			41.5843549545287	-42.5763481547799
			41.6240346825388	-42.5763481547799
			41.6637144105488	-42.5366684267699
			41.7033941385589	-42.5366684267699
			41.7430738665689	-42.4969886987598
			41.782753594579	-42.4969886987598
			41.822433322589	-42.4969886987598
			41.8621130505991	-42.4573089707498
			41.9017927786091	-42.4573089707498
			41.9414725066192	-42.4176292427397
			41.9811522346292	-42.4176292427397
			42.0208319626393	-42.4176292427397
			42.0605116906493	-42.3779495147297
			42.1001914186594	-42.3779495147297
			42.1398711466694	-42.3779495147297
			42.1398711466694	-42.3382697867196
			42.1795508746794	-42.3382697867196
			42.2192306026895	-42.3382697867196
			42.2589103306995	-42.2985900587096
			42.2985900587096	-42.2985900587096
			42.3382697867196	-42.2985900587096
			42.3779495147297	-42.2589103306995
			42.4176292427397	-42.2589103306995
			42.4573089707498	-42.2589103306995
			42.4969886987598	-42.2192306026895
			42.5366684267699	-42.2192306026895
			42.5763481547799	-42.1795508746794
			42.61602788279	-42.1795508746794
			42.6557076108	-42.1795508746794
			42.6557076108	-42.1398711466694
			42.6953873388101	-42.1398711466694
			42.7350670668201	-42.1001914186594
			42.7747467948301	-42.1001914186594
			42.8144265228402	-42.0605116906493
			42.8541062508502	-42.0605116906493
			42.8937859788603	-42.0208319626393
			42.9334657068703	-42.0208319626393
			42.9731454348804	-41.9811522346292
			43.0128251628904	-41.9811522346292
			43.0525048909005	-41.9414725066192
			43.0921846189105	-41.9414725066192
			43.1318643469206	-41.9017927786091
			43.1715440749306	-41.8621130505991
			43.2112238029407	-41.8621130505991
			43.2509035309507	-41.822433322589
			43.2905832589608	-41.822433322589
			43.3302629869708	-41.782753594579
			43.3699427149808	-41.782753594579
			43.4096224429909	-41.7430738665689
			43.4493021710009	-41.7033941385589
			43.488981899011	-41.7033941385589
			43.528661627021	-41.6637144105488
			43.5683413550311	-41.6240346825388
			43.6080210830411	-41.6240346825388
			43.6477008110512	-41.6240346825388
			43.6477008110512	-41.5843549545287
			43.6873805390612	-41.5843549545287
			43.7270602670713	-41.5843549545287
			43.7270602670713	-41.5446752265187
			43.7667399950813	-41.5446752265187
			43.8064197230914	-41.5049954985087
			43.8460994511014	-41.5049954985087
			43.8857791791114	-41.4653157704986
			43.9254589071215	-41.4256360424886
			43.9651386351315	-41.4256360424886
			44.0048183631416	-41.3859563144785
			44.0444980911516	-41.3859563144785
			44.0841778191617	-41.3462765864685
			44.1238575471717	-41.3462765864685
			44.1238575471717	-41.3065968584584
			44.1635372751818	-41.3065968584584
			44.2032170031918	-41.2669171304484
			44.2428967312019	-41.2669171304484
			44.2825764592119	-41.2272374024383
			44.322256187222	-41.2272374024383
			44.361935915232	-41.1875576744283
			44.4016156432421	-41.1875576744283
			44.4016156432421	-41.1478779464182
			44.4412953712521	-41.1478779464182
			44.4809750992621	-41.1081982184082
			44.5206548272722	-41.0685184903981
			44.5603345552822	-41.0685184903981
			44.6000142832923	-41.0288387623881
			44.6396940113023	-41.0288387623881
			44.6793737393124	-40.9891590343781
			44.7190534673224	-40.9891590343781
			44.7587331953325	-40.949479306368
			44.7984129233425	-40.949479306368
			44.8380926513526	-40.909799578358
			44.8777723793626	-40.8701198503479
			44.9174521073727	-40.8701198503479
			44.9571318353827	-40.8304401223379
			44.9968115633927	-40.8304401223379
			44.9968115633927	-40.7907603943278
			45.0364912914028	-40.7510806663178
			45.0761710194128	-40.7510806663178
			45.1158507474229	-40.7114009383077
			45.1555304754329	-40.7114009383077
			45.195210203443	-40.6717212102977
			45.234889931453	-40.6320414822876
			45.2745696594631	-40.6320414822876
			45.3142493874731	-40.5923617542776
			45.3539291154832	-40.5526820262675
			45.3936088434932	-40.5526820262675
			45.4332885715033	-40.5130022982575
			45.4729682995133	-40.5130022982575
			45.5126480275234	-40.4733225702474
			45.5523277555334	-40.4733225702474
			45.5523277555334	-40.4336428422374
			45.5920074835434	-40.4336428422374
			45.6316872115535	-40.3939631142274
			45.6713669395635	-40.3939631142274
			45.7110466675736	-40.3939631142274
			45.7507263955836	-40.3542833862173
			45.7904061235937	-40.3542833862173
			45.8300858516037	-40.3146036582073
			45.8697655796138	-40.3146036582073
			45.9094453076238	-40.2749239301972
			45.9491250356339	-40.2749239301972
			45.9888047636439	-40.2749239301972
			46.028484491654	-40.2352442021872
			46.068164219664	-40.2352442021872
			46.068164219664	-40.1955644741771
			46.1078439476741	-40.1955644741771
			46.1475236756841	-40.1955644741771
			46.1872034036941	-40.1558847461671
			46.2268831317042	-40.1558847461671
			46.2665628597142	-40.116205018157
			46.3062425877243	-40.116205018157
			46.3459223157343	-40.116205018157
			46.3459223157343	-40.076525290147
			46.3856020437444	-40.076525290147
			46.4252817717544	-40.076525290147
			46.4649614997645	-40.0368455621369
			46.5046412277745	-40.0368455621369
			46.5443209557846	-39.9971658341269
			46.5840006837946	-39.9971658341269
			46.6236804118047	-39.9574861061168
			46.6633601398147	-39.9574861061168
			46.7030398678247	-39.9178063781068
			46.7427195958348	-39.9178063781068
			46.7823993238448	-39.9178063781068
			46.8220790518549	-39.8781266500967
			46.8617587798649	-39.8781266500967
			46.901438507875	-39.8384469220867
			46.941118235885	-39.8384469220867
			46.9807979638951	-39.8384469220867
			47.0204776919051	-39.7987671940767
			47.0601574199152	-39.7987671940767
			47.0998371479252	-39.7590874660666
			47.1395168759353	-39.7590874660666
			47.1791966039453	-39.7590874660666
			47.2188763319554	-39.7194077380566
			47.2585560599654	-39.7194077380566
			47.2982357879755	-39.6797280100465
			47.3379155159855	-39.6797280100465
			47.3775952439955	-39.6797280100465
			47.4172749720056	-39.6400482820365
			47.4569547000156	-39.6400482820365
			47.4966344280257	-39.6003685540264
			47.5363141560357	-39.6003685540264
			47.5759938840458	-39.5606888260164
			47.6156736120558	-39.5606888260164
			47.6553533400659	-39.5606888260164
			47.6950330680759	-39.5210090980063
			47.734712796086	-39.5210090980063
			47.774392524096	-39.5210090980063
			47.8140722521061	-39.4813293699963
			47.8537519801161	-39.4813293699963
			47.8934317081261	-39.4416496419862
			47.9331114361362	-39.4416496419862
			47.9727911641462	-39.4416496419862
			48.0124708921563	-39.4019699139762
			48.0521506201663	-39.4019699139762
			48.0918303481764	-39.4019699139762
			48.1315100761864	-39.3622901859661
			48.1711898041965	-39.3622901859661
			48.2108695322065	-39.3226104579561
			48.2505492602166	-39.3226104579561
			48.2902289882266	-39.3226104579561
			48.3299087162367	-39.2829307299461
			48.3695884442467	-39.2829307299461
			48.4092681722568	-39.2829307299461
			48.4489479002668	-39.243251001936
			48.4886276282768	-39.243251001936
			48.5283073562869	-39.243251001936
			48.5679870842969	-39.203571273926
			48.607666812307	-39.203571273926
			48.647346540317	-39.1638915459159
			48.6870262683271	-39.1638915459159
			48.7267059963371	-39.1638915459159
			48.7663857243472	-39.1638915459159
			48.8060654523572	-39.1242118179059
			48.8457451803673	-39.1242118179059
			48.8854249083773	-39.1242118179059
			48.8854249083773	-39.0845320898958
			48.9251046363874	-39.0845320898958
			48.9647843643974	-39.0845320898958
			49.0044640924074	-39.0845320898958
			49.0441438204175	-39.0448523618858
			49.0838235484275	-39.0448523618858
			49.1235032764376	-39.0448523618858
			49.1631830044476	-39.0051726338757
			49.2028627324577	-39.0051726338757
			49.2425424604677	-39.0051726338757
			49.2822221884778	-39.0051726338757
			49.3219019164878	-38.9654929058657
			49.3615816444979	-38.9654929058657
			49.4012613725079	-38.9654929058657
			49.440941100518	-38.9258131778556
			49.480620828528	-38.9258131778556
			49.5203005565381	-38.9258131778556
			49.5599802845481	-38.8861334498456
			49.5996600125581	-38.8861334498456
			49.6393397405682	-38.8861334498456
			49.6790194685782	-38.8861334498456
			49.7186991965883	-38.8464537218355
			49.7583789245983	-38.8464537218355
			49.7980586526084	-38.8464537218355
			49.8377383806184	-38.8464537218355
			49.8774181086285	-38.8464537218355
			49.9170978366385	-38.8067739938255
			49.9567775646486	-38.8067739938255
			49.9964572926586	-38.8067739938255
			50.0361370206687	-38.8067739938255
			50.0758167486787	-38.8067739938255
			50.1154964766887	-38.7670942658154
			50.1551762046988	-38.7670942658154
			50.1948559327088	-38.7670942658154
			50.2345356607189	-38.7670942658154
			50.2742153887289	-38.7670942658154
			50.313895116739	-38.7274145378054
			50.353574844749	-38.7274145378054
			50.3932545727591	-38.7274145378054
			50.4329343007691	-38.7274145378054
			50.4726140287792	-38.7274145378054
			50.5122937567892	-38.7274145378054
			50.5519734847993	-38.7274145378054
			50.5916532128093	-38.6877348097954
			50.6313329408194	-38.6877348097954
			50.6710126688294	-38.6877348097954
			50.7106923968394	-38.6877348097954
			50.7503721248495	-38.6877348097954
			50.7900518528595	-38.6877348097954
			50.8297315808696	-38.6877348097954
			50.8694113088796	-38.6877348097954
			50.9090910368897	-38.6877348097954
			50.9487707648997	-38.6877348097954
			50.9884504929098	-38.6877348097954
			51.0281302209198	-38.6877348097954
			51.0678099489299	-38.6877348097954
			51.1074896769399	-38.6480550817853
			51.14716940495	-38.6480550817853
			51.18684913296	-38.6480550817853
			51.2265288609701	-38.6083753537753
			51.2662085889801	-38.6083753537753
			51.3058883169901	-38.6083753537753
			51.3455680450002	-38.5686956257652
			51.3852477730102	-38.5686956257652
			51.4249275010203	-38.5686956257652
			51.4646072290303	-38.5290158977552
			51.5042869570404	-38.5290158977552
			51.5439666850504	-38.5290158977552
			51.5836464130605	-38.5290158977552
			51.5836464130605	-38.4893361697451
			51.6233261410705	-38.4893361697451
			51.6630058690806	-38.4893361697451
			51.7026855970906	-38.4893361697451
			51.7026855970906	-38.4496564417351
			51.7423653251007	-38.4496564417351
			51.7820450531107	-38.4496564417351
			51.8217247811207	-38.4496564417351
			51.8217247811207	-38.409976713725
			51.8614045091308	-38.409976713725
			51.9010842371408	-38.409976713725
			51.9407639651509	-38.409976713725
			51.9407639651509	-38.370296985715
			51.9804436931609	-38.370296985715
			52.020123421171	-38.370296985715
			52.059803149181	-38.370296985715
			52.059803149181	-38.3306172577049
			52.0994828771911	-38.3306172577049
			52.1391626052011	-38.3306172577049
			52.1788423332112	-38.2909375296949
			52.2185220612212	-38.2909375296949
			52.2582017892313	-38.2909375296949
			52.2978815172413	-38.2909375296949
			52.3375612452514	-38.2512578016848
			52.3772409732614	-38.2512578016848
			52.4169207012715	-38.2512578016848
			52.4566004292815	-38.2115780736748
			52.4962801572915	-38.2115780736748
			52.5359598853016	-38.2115780736748
			52.5756396133116	-38.1718983456648
			52.6153193413217	-38.1718983456648
			52.6549990693317	-38.1718983456648
			52.6946787973418	-38.1322186176547
			52.7343585253518	-38.1322186176547
			52.7740382533619	-38.1322186176547
			52.8137179813719	-38.0925388896447
			52.853397709382	-38.0925388896447
			52.893077437392	-38.0528591616346
			52.9327571654021	-38.0528591616346
			52.9724368934121	-38.0528591616346
			53.0121166214221	-38.0528591616346
			53.0517963494322	-38.0131794336246
			53.0914760774422	-38.0131794336246
			53.1311558054523	-37.9734997056145
			53.1708355334623	-37.9734997056145
			53.2105152614724	-37.9734997056145
			53.2501949894824	-37.9734997056145
			53.2898747174925	-37.9338199776045
			53.3295544455025	-37.9338199776045
			53.3692341735126	-37.9338199776045
			53.4089139015226	-37.8941402495944
			53.4485936295327	-37.8941402495944
			53.4882733575427	-37.8941402495944
			53.5279530855528	-37.8544605215844
			53.5676328135628	-37.8544605215844
			53.6073125415728	-37.8544605215844
			53.6469922695829	-37.8147807935743
			53.6866719975929	-37.8147807935743
			53.726351725603	-37.8147807935743
			53.766031453613	-37.7751010655643
			53.8057111816231	-37.7751010655643
			53.8453909096331	-37.7751010655643
			53.8850706376432	-37.7354213375542
			53.9247503656532	-37.7354213375542
			53.9644300936633	-37.7354213375542
			54.0041098216733	-37.6957416095442
			54.0437895496834	-37.6957416095442
			54.0834692776934	-37.6957416095442
			54.1231490057034	-37.6560618815341
			54.1628287337135	-37.6560618815341
			54.2025084617235	-37.6560618815341
			54.2421881897336	-37.6163821535241
			54.2818679177436	-37.6163821535241
			54.3215476457537	-37.6163821535241
			54.3612273737637	-37.576702425514
			54.4009071017738	-37.576702425514
			54.4405868297838	-37.576702425514
			54.4802665577939	-37.537022697504
			54.5199462858039	-37.537022697504
			54.559626013814	-37.537022697504
			54.599305741824	-37.497342969494
			54.6389854698341	-37.497342969494
			54.6786651978441	-37.497342969494
			54.7183449258541	-37.4576632414839
			54.7580246538642	-37.4576632414839
			54.7977043818742	-37.4576632414839
			54.8373841098843	-37.4179835134739
			54.8770638378943	-37.4179835134739
			54.9167435659044	-37.4179835134739
			54.9167435659044	-37.3783037854638
			54.9564232939144	-37.3783037854638
			54.9961030219245	-37.3783037854638
			55.0357827499345	-37.3783037854638
			55.0357827499345	-37.3386240574538
			55.0754624779446	-37.3386240574538
			55.1151422059546	-37.3386240574538
			55.1548219339647	-37.2989443294437
			55.1945016619747	-37.2989443294437
			55.2341813899847	-37.2989443294437
			55.2738611179948	-37.2592646014337
			55.3135408460048	-37.2592646014337
			55.3532205740149	-37.2592646014337
			55.3929003020249	-37.2592646014337
			55.432580030035	-37.2195848734236
			55.472259758045	-37.2195848734236
			55.5119394860551	-37.2195848734236
			55.5516192140651	-37.2195848734236
			55.5912989420752	-37.2195848734236
			55.6309786700852	-37.1799051454136
			55.6706583980953	-37.1799051454136
			55.7103381261053	-37.1799051454136
			55.7500178541154	-37.1799051454136
			55.7896975821254	-37.1402254174035
			55.8293773101354	-37.1402254174035
			55.8690570381455	-37.1402254174035
			55.9087367661555	-37.1402254174035
			55.9484164941656	-37.1005456893935
			55.9880962221756	-37.1005456893935
			56.0277759501857	-37.1005456893935
			56.0674556781957	-37.1005456893935
			56.1071354062058	-37.1005456893935
			56.1468151342158	-37.0608659613834
			56.1864948622259	-37.0608659613834
			56.2261745902359	-37.0608659613834
			56.265854318246	-37.0608659613834
			56.305534046256	-37.0608659613834
			56.3452137742661	-37.0211862333734
			56.3848935022761	-37.0211862333734
			56.4245732302861	-37.0211862333734
			56.4642529582962	-37.0211862333734
			56.5039326863062	-37.0211862333734
			56.5436124143163	-37.0211862333734
			56.5832921423263	-36.9815065053634
			56.6229718703364	-36.9815065053634
			56.6626515983464	-36.9815065053634
			56.7023313263565	-36.9815065053634
			56.7420110543665	-36.9815065053634
			56.7816907823766	-36.9815065053634
			56.8213705103866	-36.9815065053634
			56.8610502383967	-36.9418267773533
			56.9007299664067	-36.9418267773533
			56.9404096944168	-36.9418267773533
			56.9800894224268	-36.9418267773533
			57.0197691504368	-36.9418267773533
			57.0594488784469	-36.9418267773533
			57.0991286064569	-36.9418267773533
			57.138808334467	-36.9418267773533
			57.178488062477	-36.9021470493433
			57.2181677904871	-36.9021470493433
			57.2578475184971	-36.9021470493433
			57.2975272465072	-36.9021470493433
			57.3372069745172	-36.9021470493433
			57.3768867025273	-36.9021470493433
			57.4165664305373	-36.9021470493433
			57.4562461585474	-36.9021470493433
			57.4959258865574	-36.9021470493433
			57.5356056145675	-36.9021470493433
			57.5752853425775	-36.9021470493433
			57.6149650705875	-36.9021470493433
			57.6546447985976	-36.9021470493433
			57.6943245266076	-36.9021470493433
			57.7340042546177	-36.9021470493433
			57.7736839826277	-36.9021470493433
			57.8133637106378	-36.9021470493433
			57.8530434386478	-36.9021470493433
			57.8927231666579	-36.9021470493433
			57.9324028946679	-36.9021470493433
			57.972082622678	-36.9021470493433
			58.011762350688	-36.9021470493433
			58.0514420786981	-36.9418267773533
			58.0911218067081	-36.9418267773533
			58.1308015347181	-36.9418267773533
			58.1704812627282	-36.9418267773533
			58.2101609907382	-36.9418267773533
			58.2498407187483	-36.9418267773533
			58.2895204467583	-36.9815065053634
			58.3292001747684	-36.9815065053634
			58.3688799027784	-36.9815065053634
			58.4085596307885	-37.0211862333734
			58.4482393587985	-37.0211862333734
			58.4879190868086	-37.0608659613834
			58.5275988148186	-37.0608659613834
			58.5672785428287	-37.0608659613834
			58.6069582708387	-37.1005456893935
			58.6466379988488	-37.1402254174035
			58.6863177268588	-37.1799051454136
			58.7259974548688	-37.2195848734236
			58.7656771828789	-37.2592646014337
			58.8053569108889	-37.2989443294437
			58.8053569108889	-37.3386240574538
			58.845036638899	-37.3783037854638
			58.845036638899	-37.4179835134739
			58.845036638899	-37.4576632414839
			58.884716366909	-37.4576632414839
			58.884716366909	-37.497342969494
			58.884716366909	-37.537022697504
			58.884716366909	-37.576702425514
			58.884716366909	-37.6163821535241
			58.9243960949191	-37.6560618815341
			58.9640758229291	-37.6957416095442
			59.0037555509392	-37.6957416095442
			59.0434352789492	-37.6957416095442
			59.0831150069593	-37.7354213375542
			59.1227947349693	-37.7354213375542
			59.1624744629794	-37.7751010655643
			59.2021541909894	-37.7751010655643
			59.2418339189994	-37.7751010655643
			59.2815136470095	-37.8147807935743
			59.3211933750195	-37.8147807935743
			59.3608731030296	-37.8544605215844
			59.4005528310396	-37.8544605215844
			59.4402325590497	-37.8941402495944
			59.4799122870597	-37.8941402495944
			59.5195920150698	-37.8941402495944
			59.5592717430798	-37.9338199776045
			59.5989514710899	-37.9338199776045
			59.6386311990999	-37.9338199776045
			59.67831092711	-37.9734997056145
			59.71799065512	-37.9734997056145
			59.7576703831301	-38.0131794336246
			59.7973501111401	-38.0131794336246
			59.8370298391501	-38.0131794336246
			59.8767095671602	-38.0528591616346
			59.9163892951702	-38.0528591616346
			59.9560690231803	-38.0925388896447
			59.9957487511903	-38.0925388896447
			60.0354284792004	-38.1322186176547
			60.0751082072104	-38.1322186176547
			60.1147879352205	-38.1322186176547
			60.1544676632305	-38.1718983456648
			60.1941473912406	-38.1718983456648
			60.2338271192506	-38.1718983456648
			60.2338271192506	-38.2115780736748
			60.2735068472607	-38.2115780736748
			60.3131865752707	-38.2512578016848
			60.3528663032807	-38.2512578016848
			60.3925460312908	-38.2512578016848
			60.4322257593008	-38.2909375296949
			60.4719054873109	-38.2909375296949
			60.5115852153209	-38.3306172577049
			60.551264943331	-38.3306172577049
			60.590944671341	-38.370296985715
			60.6306243993511	-38.370296985715
			60.6703041273611	-38.409976713725
			60.7099838553712	-38.409976713725
			60.7496635833812	-38.409976713725
			60.7893433113913	-38.4496564417351
			60.8290230394013	-38.4496564417351
			60.8687027674114	-38.4893361697451
			60.9083824954214	-38.4893361697451
			60.9480622234314	-38.5290158977552
			60.9877419514415	-38.5290158977552
			61.0274216794515	-38.5686956257652
			61.0671014074616	-38.5686956257652
			61.1067811354716	-38.5686956257652
			61.1464608634817	-38.6083753537753
			61.1861405914917	-38.6083753537753
			61.2258203195018	-38.6480550817853
			61.2655000475118	-38.6480550817853
			61.3051797755219	-38.6877348097954
			61.3448595035319	-38.6877348097954
			61.384539231542	-38.7274145378054
			61.424218959552	-38.7274145378054
			61.4638986875621	-38.7670942658154
			61.5035784155721	-38.7670942658154
			61.5432581435822	-38.8067739938255
			61.5829378715922	-38.8067739938255
			61.6226175996022	-38.8464537218355
			61.6622973276123	-38.8464537218355
			61.7019770556223	-38.8861334498456
			61.7416567836324	-38.8861334498456
			61.7813365116424	-38.9258131778556
			61.8210162396525	-38.9258131778556
			61.8606959676625	-38.9654929058657
			61.9003756956726	-38.9654929058657
			61.9003756956726	-39.0051726338757
			61.9400554236826	-39.0051726338757
			61.9797351516927	-39.0051726338757
			62.0194148797027	-39.0448523618858
			62.0590946077128	-39.0448523618858
			62.0590946077128	-39.0845320898958
			62.0987743357228	-39.0845320898958
			62.1384540637328	-39.0845320898958
			62.1781337917429	-39.1242118179059
			62.2178135197529	-39.1638915459159
			62.257493247763	-39.1638915459159
			62.297172975773	-39.203571273926
			62.3368527037831	-39.203571273926
			62.3765324317931	-39.243251001936
			62.4162121598032	-39.243251001936
			62.4558918878132	-39.2829307299461
			62.4955716158233	-39.2829307299461
			62.5352513438333	-39.3226104579561
			62.5749310718434	-39.3622901859661
			62.6146107998534	-39.3622901859661
			62.6542905278635	-39.4019699139762
			62.6939702558735	-39.4019699139762
			62.7336499838835	-39.4416496419862
			62.7733297118936	-39.4416496419862
			62.8130094399036	-39.4813293699963
			62.8526891679137	-39.4813293699963
			62.8923688959237	-39.5210090980063
			62.9320486239338	-39.5606888260164
			62.9717283519438	-39.5606888260164
			63.0114080799539	-39.6003685540264
			63.0510878079639	-39.6003685540264
			63.090767535974	-39.6400482820365
			63.130447263984	-39.6400482820365
			63.130447263984	-39.6797280100465
			63.1701269919941	-39.6797280100465
			63.2098067200041	-39.7194077380566
			63.2494864480141	-39.7590874660666
			63.2891661760242	-39.7590874660666
			63.3288459040342	-39.7987671940767
			63.3685256320443	-39.7987671940767
			63.4082053600543	-39.8384469220867
			63.4478850880644	-39.8781266500967
			63.4875648160744	-39.8781266500967
			63.5272445440845	-39.9178063781068
			63.5669242720945	-39.9574861061168
			63.6066040001046	-39.9574861061168
			63.6462837281146	-39.9971658341269
			63.6859634561247	-40.0368455621369
			63.7256431841347	-40.0368455621369
			63.7653229121448	-40.076525290147
			63.8050026401548	-40.116205018157
			63.8446823681648	-40.116205018157
			63.8843620961749	-40.1558847461671
			63.9240418241849	-40.1955644741771
			63.963721552195	-40.1955644741771
			64.003401280205	-40.2352442021872
			64.0430810082151	-40.2749239301972
			64.0827607362251	-40.3146036582073
			64.1224404642352	-40.3146036582073
			64.1621201922452	-40.3542833862173
			64.2017999202553	-40.3939631142274
			64.2414796482653	-40.3939631142274
			64.2811593762754	-40.4336428422374
			64.3208391042854	-40.4733225702474
			64.3605188322955	-40.4733225702474
			64.4001985603055	-40.5130022982575
			64.4398782883155	-40.5526820262675
			64.4795580163256	-40.5526820262675
			64.5192377443356	-40.5923617542776
			64.5589174723457	-40.6320414822876
			64.5985972003557	-40.6320414822876
			64.6382769283658	-40.6717212102977
			64.6382769283658	-40.7114009383077
			64.6779566563758	-40.7510806663178
			64.7176363843859	-40.7510806663178
			64.7573161123959	-40.7907603943278
			64.796995840406	-40.8304401223379
			64.836675568416	-40.8304401223379
			64.8763552964261	-40.8701198503479
			64.9160350244361	-40.909799578358
			64.9557147524461	-40.909799578358
			64.9557147524461	-40.949479306368
			64.9953944804562	-40.9891590343781
			65.0350742084662	-41.0288387623881
			65.0747539364763	-41.0288387623881
			65.1144336644863	-41.0685184903981
			65.1541133924964	-41.1081982184082
			65.1937931205064	-41.1081982184082
			65.2334728485165	-41.1478779464182
			65.2731525765265	-41.1478779464182
			65.3128323045366	-41.1478779464182
			65.3525120325466	-41.1875576744283
			65.3921917605567	-41.1875576744283
			65.4318714885667	-41.2272374024383
			65.4715512165768	-41.2272374024383
			65.5112309445868	-41.2272374024383
			65.5509106725968	-41.2669171304484
			65.5905904006069	-41.2669171304484
			65.6302701286169	-41.2669171304484
			65.6302701286169	-41.3065968584584
			65.669949856627	-41.3065968584584
			65.709629584637	-41.3065968584584
			65.7493093126471	-41.3462765864685
			65.7889890406571	-41.3462765864685
			65.8286687686672	-41.3462765864685
			65.8683484966772	-41.3859563144785
			65.9080282246873	-41.3859563144785
			65.9477079526973	-41.3859563144785
			65.9477079526973	-41.4256360424886
			65.9873876807074	-41.4256360424886
			66.0270674087174	-41.4256360424886
			66.0667471367275	-41.4653157704986
			66.1064268647375	-41.4653157704986
			66.1461065927475	-41.5049954985087
			66.1857863207576	-41.5049954985087
			66.2254660487676	-41.5446752265187
			66.2651457767777	-41.5446752265187
			66.3048255047877	-41.5843549545287
			66.3445052327978	-41.5843549545287
			66.3841849608078	-41.5843549545287
			66.4238646888179	-41.6240346825388
			66.4635444168279	-41.6240346825388
			66.503224144838	-41.6637144105488
			66.542903872848	-41.6637144105488
			66.5825836008581	-41.7033941385589
			66.6222633288681	-41.7033941385589
			66.6619430568781	-41.7430738665689
			66.7016227848882	-41.7430738665689
			66.7413025128982	-41.782753594579
			66.7809822409083	-41.782753594579
			66.8206619689183	-41.782753594579
			66.8603416969284	-41.822433322589
			66.9000214249384	-41.822433322589
			66.9397011529485	-41.8621130505991
			66.9793808809585	-41.8621130505991
			67.0190606089686	-41.9017927786091
			67.0587403369786	-41.9017927786091
			67.0984200649887	-41.9414725066192
			67.1380997929987	-41.9414725066192
			67.1777795210088	-41.9811522346292
			67.2174592490188	-41.9811522346292
			67.2571389770288	-42.0208319626393
			67.2968187050389	-42.0208319626393
			67.3364984330489	-42.0605116906493
			67.376178161059	-42.0605116906493
			67.415857889069	-42.1001914186594
			67.4555376170791	-42.1001914186594
			67.4952173450891	-42.1398711466694
			67.5348970730992	-42.1398711466694
			67.5348970730992	-42.1795508746794
			67.5745768011092	-42.1795508746794
			67.6142565291193	-42.2192306026895
			67.6539362571293	-42.2192306026895
			67.6936159851394	-42.2589103306995
			67.7332957131494	-42.2589103306995
			67.7729754411594	-42.2985900587096
			67.8126551691695	-42.3382697867196
			67.8523348971795	-42.3382697867196
			67.8920146251896	-42.3779495147297
			67.9316943531996	-42.3779495147297
			67.9713740812097	-42.4176292427397
			68.0110538092197	-42.4573089707498
			68.0507335372298	-42.4573089707498
			68.0904132652398	-42.4969886987598
			68.1300929932499	-42.4969886987598
			68.1300929932499	-42.5366684267699
			68.1697727212599	-42.5366684267699
			68.20945244927	-42.5366684267699
			68.20945244927	-42.5763481547799
			68.24913217728	-42.5763481547799
			68.2888119052901	-42.61602788279
			68.3284916333001	-42.61602788279
			68.3681713613101	-42.6557076108
			68.4078510893202	-42.6953873388101
			68.4475308173302	-42.6953873388101
			68.4872105453403	-42.7350670668201
			68.5268902733503	-42.7350670668201
			68.5268902733503	-42.7747467948301
			68.5665700013604	-42.7747467948301
			68.6062497293704	-42.8144265228402
			68.6459294573805	-42.8144265228402
			68.6459294573805	-42.8541062508502
			68.6856091853905	-42.8541062508502
			68.7252889134006	-42.8937859788603
			68.7649686414106	-42.9334657068703
			68.8046483694207	-42.9731454348804
			68.8443280974307	-42.9731454348804
			68.8840078254407	-43.0128251628904
			68.9236875534508	-43.0128251628904
			68.9236875534508	-43.0525048909005
			68.9633672814608	-43.0921846189105
			69.0030470094709	-43.0921846189105
			69.0427267374809	-43.1318643469206
			69.082406465491	-43.1715440749306
			69.122086193501	-43.1715440749306
			69.1617659215111	-43.2112238029407
			69.2014456495211	-43.2509035309507
			69.2411253775312	-43.2905832589608
			69.2808051055412	-43.3302629869708
			69.3204848335513	-43.3302629869708
			69.3601645615613	-43.3699427149808
			69.3998442895714	-43.4096224429909
			69.4395240175814	-43.4493021710009
			69.4792037455914	-43.488981899011
			69.5188834736015	-43.488981899011
			69.5585632016115	-43.528661627021
			69.5982429296216	-43.5683413550311
			69.6379226576316	-43.6080210830411
			69.6776023856417	-43.6477008110512
			69.7172821136517	-43.6477008110512
			69.7569618416618	-43.6873805390612
			69.7966415696718	-43.7270602670713
			69.8363212976819	-43.7667399950813
			69.8760010256919	-43.8064197230914
			69.915680753702	-43.8460994511014
			69.955360481712	-43.8857791791114
			69.995040209722	-43.9254589071215
			70.0347199377321	-43.9651386351315
			70.0743996657421	-44.0048183631416
			70.1140793937522	-44.0444980911516
			70.1537591217622	-44.0841778191617
			70.1934388497723	-44.0841778191617
			70.2331185777823	-44.1238575471717
			70.2331185777823	-44.1635372751818
			70.2727983057924	-44.2032170031918
			70.3124780338024	-44.2032170031918
			70.3521577618125	-44.2428967312019
			70.3521577618125	-44.2825764592119
			70.3918374898225	-44.322256187222
			70.4315172178326	-44.322256187222
			70.4711969458426	-44.361935915232
			70.4711969458426	-44.4016156432421
			70.5108766738527	-44.4412953712521
			70.5505564018627	-44.4412953712521
			70.5902361298727	-44.4809750992621
			70.5902361298727	-44.5206548272722
			70.6299158578828	-44.5603345552822
			70.6695955858928	-44.6000142832923
			70.7092753139029	-44.6000142832923
			70.7092753139029	-44.6396940113023
			70.7489550419129	-44.6793737393124
			70.788634769923	-44.7190534673224
			70.828314497933	-44.7190534673224
			70.8679942259431	-44.7587331953325
			70.9076739539531	-44.7587331953325
			70.9473536819632	-44.7984129233425
			70.9870334099732	-44.7984129233425
			71.0267131379833	-44.8380926513526
			71.0663928659933	-44.8380926513526
			71.1060725940034	-44.8777723793626
			71.1457523220134	-44.8777723793626
			71.1457523220134	-44.9174521073727
			71.1854320500235	-44.9571318353827
			71.2251117780335	-44.9571318353827
			71.2647915060436	-44.9968115633927
			71.3044712340536	-44.9968115633927
			71.3441509620636	-45.0364912914028
			71.3838306900737	-45.0364912914028
			71.4235104180837	-45.0761710194128
			71.4631901460938	-45.0761710194128
			71.5028698741038	-45.1158507474229
			71.5425496021139	-45.1555304754329
			71.5822293301239	-45.1555304754329
			71.621909058134	-45.195210203443
			71.661588786144	-45.234889931453
			71.7012685141541	-45.234889931453
			71.7409482421641	-45.2745696594631
			71.7806279701742	-45.3142493874731
			71.8203076981842	-45.3142493874731
			71.8599874261942	-45.3539291154832
			71.8996671542043	-45.3539291154832
			71.9393468822143	-45.3936088434932
			71.9790266102244	-45.3936088434932
			72.0187063382344	-45.4332885715033
			72.0583860662445	-45.4729682995133
			72.0980657942545	-45.4729682995133
			72.1377455222646	-45.5126480275234
			72.1774252502746	-45.5126480275234
			72.2171049782847	-45.5523277555334
			72.2567847062947	-45.5920074835434
			72.2964644343048	-45.6316872115535
			72.3361441623148	-45.6316872115535
			72.3758238903249	-45.6713669395635
			72.4155036183349	-45.7110466675736
			72.4551833463449	-45.7110466675736
			72.494863074355	-45.7507263955836
			72.534542802365	-45.7904061235937
			72.5742225303751	-45.7904061235937
			72.6139022583851	-45.8300858516037
			72.6535819863952	-45.8697655796138
			72.6932617144052	-45.8697655796138
			72.7329414424153	-45.9094453076238
			72.7726211704253	-45.9491250356339
			72.8123008984354	-45.9491250356339
			72.8519806264454	-45.9888047636439
			72.8916603544555	-45.9888047636439
			72.9313400824655	-46.028484491654
			72.9313400824655	-46.068164219664
			72.9710198104755	-46.068164219664
			73.0106995384856	-46.1078439476741
			73.0503792664956	-46.1078439476741
			73.0900589945057	-46.1475236756841
			73.0900589945057	-46.1872034036941
			73.1297387225157	-46.1872034036941
			73.1694184505258	-46.2268831317042
			73.2090981785358	-46.2268831317042
			73.2487779065459	-46.2665628597142
			73.2487779065459	-46.3062425877243
			73.2884576345559	-46.3062425877243
			73.328137362566	-46.3459223157343
			73.367817090576	-46.3856020437444
			73.4074968185861	-46.4252817717544
			73.4471765465961	-46.4252817717544
			73.4868562746062	-46.4649614997645
			73.5265360026162	-46.5046412277745
			73.5662157306262	-46.5443209557846
			73.6058954586363	-46.5840006837946
			73.6455751866463	-46.6236804118047
			73.6852549146564	-46.6236804118047
			73.6852549146564	-46.6633601398147
			73.7249346426664	-46.7030398678247
			73.7646143706765	-46.7030398678247
			73.7646143706765	-46.7427195958348
			73.8042940986865	-46.7823993238448
			73.8439738266966	-46.7823993238448
			73.8439738266966	-46.8220790518549
			73.8836535547066	-46.8617587798649
			73.9233332827167	-46.901438507875
			73.9630130107267	-46.941118235885
			74.0026927387368	-46.9807979638951
			74.0026927387368	-47.0204776919051
			74.0423724667468	-47.0204776919051
			74.0423724667468	-47.0601574199152
			74.0423724667468	-47.0998371479252
			74.0820521947568	-47.1395168759353
		</c1>
		<c2 type=matrix rownames=FALSE colnames=FALSE nrow=1078 ncol=2 as.numeric=TRUE >
			74.0820521947568	-47.1395168759353
			74.0423724667468	-47.1395168759353
			74.0026927387368	-47.1395168759353
			73.9630130107267	-47.0998371479252
			73.9233332827167	-47.0998371479252
			73.8836535547066	-47.0998371479252
			73.8439738266966	-47.0601574199152
			73.8042940986865	-47.0601574199152
			73.7646143706765	-47.0601574199152
			73.7249346426664	-47.0601574199152
			73.6852549146564	-47.0204776919051
			73.6455751866463	-47.0204776919051
			73.6058954586363	-47.0204776919051
			73.5662157306262	-47.0204776919051
			73.5265360026162	-47.0204776919051
			73.4868562746062	-46.9807979638951
			73.4471765465961	-46.9807979638951
			73.4074968185861	-46.9807979638951
			73.367817090576	-46.9807979638951
			73.328137362566	-46.9807979638951
			73.2884576345559	-46.9807979638951
			73.2487779065459	-46.941118235885
			73.2090981785358	-46.941118235885
			73.1694184505258	-46.941118235885
			73.1297387225157	-46.941118235885
			73.0900589945057	-46.941118235885
			73.0503792664956	-46.941118235885
			73.0106995384856	-46.941118235885
			72.9710198104755	-46.941118235885
			72.9313400824655	-46.941118235885
			72.8916603544555	-46.941118235885
			72.8916603544555	-46.9807979638951
			72.8519806264454	-47.0204776919051
			72.8123008984354	-47.0601574199152
			72.8123008984354	-47.0998371479252
			72.7726211704253	-47.1395168759353
			72.7329414424153	-47.1791966039453
			72.6932617144052	-47.2188763319554
			72.6535819863952	-47.2188763319554
			72.6139022583851	-47.2585560599654
			72.5742225303751	-47.2585560599654
			72.534542802365	-47.2982357879755
			72.494863074355	-47.2982357879755
			72.4551833463449	-47.2982357879755
			72.4155036183349	-47.2982357879755
			72.3758238903249	-47.3379155159855
			72.3361441623148	-47.3379155159855
			72.2964644343048	-47.3379155159855
			72.2567847062947	-47.3379155159855
			72.2171049782847	-47.3379155159855
			72.1774252502746	-47.2982357879755
			72.1377455222646	-47.2982357879755
			72.0980657942545	-47.2982357879755
			72.0583860662445	-47.2982357879755
			72.0187063382344	-47.2982357879755
			71.9790266102244	-47.2982357879755
			71.9393468822143	-47.2585560599654
			71.8996671542043	-47.2585560599654
			71.8599874261942	-47.2585560599654
			71.8203076981842	-47.2585560599654
			71.7806279701742	-47.2188763319554
			71.7409482421641	-47.2188763319554
			71.7012685141541	-47.2188763319554
			71.661588786144	-47.1791966039453
			71.621909058134	-47.1791966039453
			71.5822293301239	-47.1791966039453
			71.5425496021139	-47.1395168759353
			71.5028698741038	-47.1395168759353
			71.4631901460938	-47.0998371479252
			71.4235104180837	-47.0998371479252
			71.4235104180837	-47.1395168759353
			71.3838306900737	-47.1395168759353
			71.3838306900737	-47.1791966039453
			71.3441509620636	-47.2188763319554
			71.3441509620636	-47.2585560599654
			71.3044712340536	-47.2585560599654
			71.3044712340536	-47.2982357879755
			71.2647915060436	-47.2982357879755
			71.2647915060436	-47.3379155159855
			71.2251117780335	-47.3379155159855
			71.2251117780335	-47.3775952439955
			71.1854320500235	-47.3775952439955
			71.1854320500235	-47.4172749720056
			71.1457523220134	-47.4172749720056
			71.1060725940034	-47.4569547000156
			71.0663928659933	-47.4569547000156
			71.0267131379833	-47.4569547000156
			70.9870334099732	-47.4966344280257
			70.9473536819632	-47.4966344280257
			70.9076739539531	-47.4966344280257
			70.8679942259431	-47.4966344280257
			70.828314497933	-47.5363141560357
			70.788634769923	-47.5363141560357
			70.7489550419129	-47.5363141560357
			70.7092753139029	-47.5363141560357
			70.6695955858928	-47.5363141560357
			70.6299158578828	-47.5363141560357
			70.5902361298727	-47.4966344280257
			70.5505564018627	-47.4966344280257
			70.5108766738527	-47.4966344280257
			70.4711969458426	-47.4966344280257
			70.4315172178326	-47.4966344280257
			70.3918374898225	-47.4966344280257
			70.3521577618125	-47.4569547000156
			70.3124780338024	-47.4569547000156
			70.2727983057924	-47.4569547000156
			70.2331185777823	-47.4569547000156
			70.1934388497723	-47.4172749720056
			70.1537591217622	-47.4172749720056
			70.1140793937522	-47.4172749720056
			70.0743996657421	-47.3775952439955
			70.0347199377321	-47.3775952439955
			69.995040209722	-47.3379155159855
			69.955360481712	-47.3379155159855
			69.915680753702	-47.3379155159855
			69.8760010256919	-47.2982357879755
			69.8363212976819	-47.2982357879755
			69.7966415696718	-47.2982357879755
			69.7569618416618	-47.2585560599654
			69.7172821136517	-47.2188763319554
			69.6776023856417	-47.2188763319554
			69.6379226576316	-47.2188763319554
			69.5982429296216	-47.1791966039453
			69.5585632016115	-47.1791966039453
			69.5188834736015	-47.1395168759353
			69.4792037455914	-47.1395168759353
			69.4395240175814	-47.0998371479252
			69.3998442895714	-47.0998371479252
			69.3601645615613	-47.0601574199152
			69.3204848335513	-47.0601574199152
			69.2808051055412	-47.0204776919051
			69.2411253775312	-46.9807979638951
			69.2014456495211	-46.9807979638951
			69.1617659215111	-46.941118235885
			69.122086193501	-46.941118235885
			69.082406465491	-46.901438507875
			69.0427267374809	-46.901438507875
			69.0030470094709	-46.8617587798649
			68.9633672814608	-46.8617587798649
			68.9236875534508	-46.901438507875
			68.8840078254407	-46.901438507875
			68.8840078254407	-46.941118235885
			68.8443280974307	-46.941118235885
			68.8046483694207	-46.9807979638951
			68.7649686414106	-46.9807979638951
			68.7252889134006	-47.0204776919051
			68.6856091853905	-47.0204776919051
			68.6459294573805	-47.0204776919051
			68.6459294573805	-47.0601574199152
			68.6062497293704	-47.0601574199152
			68.5665700013604	-47.0998371479252
			68.5268902733503	-47.0998371479252
			68.4872105453403	-47.0998371479252
			68.4475308173302	-47.1395168759353
			68.4078510893202	-47.1395168759353
			68.3681713613101	-47.1791966039453
			68.3284916333001	-47.1791966039453
			68.2888119052901	-47.2188763319554
			68.24913217728	-47.2188763319554
			68.20945244927	-47.2188763319554
			68.1697727212599	-47.2585560599654
			68.1300929932499	-47.2585560599654
			68.0904132652398	-47.2585560599654
			68.0507335372298	-47.2982357879755
			68.0110538092197	-47.2982357879755
			67.9713740812097	-47.2982357879755
			67.9316943531996	-47.3379155159855
			67.8920146251896	-47.3379155159855
			67.8523348971795	-47.3379155159855
			67.8126551691695	-47.3775952439955
			67.7729754411594	-47.3775952439955
			67.7332957131494	-47.3775952439955
			67.6936159851394	-47.3775952439955
			67.6539362571293	-47.4172749720056
			67.6142565291193	-47.4172749720056
			67.5745768011092	-47.4172749720056
			67.5348970730992	-47.4172749720056
			67.4952173450891	-47.4172749720056
			67.4555376170791	-47.4569547000156
			67.415857889069	-47.4569547000156
			67.376178161059	-47.4569547000156
			67.3364984330489	-47.4569547000156
			67.2968187050389	-47.4569547000156
			67.2571389770288	-47.4569547000156
			67.2174592490188	-47.4966344280257
			67.1777795210088	-47.4966344280257
			67.1380997929987	-47.4966344280257
			67.0984200649887	-47.4966344280257
			67.0587403369786	-47.4966344280257
			67.0190606089686	-47.4966344280257
			66.9793808809585	-47.4966344280257
			66.9397011529485	-47.4966344280257
			66.9000214249384	-47.4966344280257
			66.8603416969284	-47.4966344280257
			66.8206619689183	-47.4966344280257
			66.7809822409083	-47.4966344280257
			66.7413025128982	-47.4966344280257
			66.7016227848882	-47.4966344280257
			66.6619430568781	-47.4966344280257
			66.6222633288681	-47.4966344280257
			66.5825836008581	-47.4966344280257
			66.542903872848	-47.4966344280257
			66.503224144838	-47.4966344280257
			66.4635444168279	-47.4966344280257
			66.4238646888179	-47.4966344280257
			66.3841849608078	-47.4966344280257
			66.3445052327978	-47.4966344280257
			66.3048255047877	-47.4569547000156
			66.2651457767777	-47.4569547000156
			66.2254660487676	-47.4569547000156
			66.1857863207576	-47.4569547000156
			66.1461065927475	-47.4569547000156
			66.1064268647375	-47.4569547000156
			66.0667471367275	-47.4172749720056
			66.0270674087174	-47.4172749720056
			65.9873876807074	-47.4172749720056
			65.9477079526973	-47.4172749720056
			65.9080282246873	-47.3775952439955
			65.8683484966772	-47.3775952439955
			65.8286687686672	-47.3775952439955
			65.7889890406571	-47.3775952439955
			65.7493093126471	-47.3379155159855
			65.709629584637	-47.3379155159855
			65.669949856627	-47.3379155159855
			65.6302701286169	-47.2982357879755
			65.5905904006069	-47.2982357879755
			65.5509106725968	-47.2585560599654
			65.5112309445868	-47.2585560599654
			65.4715512165768	-47.2585560599654
			65.4318714885667	-47.2188763319554
			65.3921917605567	-47.2188763319554
			65.3525120325466	-47.2585560599654
			65.3128323045366	-47.2585560599654
			65.2731525765265	-47.2982357879755
			65.2334728485165	-47.2982357879755
			65.1937931205064	-47.3379155159855
			65.1541133924964	-47.3775952439955
			65.1144336644863	-47.3775952439955
			65.0747539364763	-47.4172749720056
			65.0350742084662	-47.4172749720056
			64.9953944804562	-47.4569547000156
			64.9557147524461	-47.4569547000156
			64.9160350244361	-47.4966344280257
			64.8763552964261	-47.4966344280257
			64.836675568416	-47.4966344280257
			64.796995840406	-47.4966344280257
			64.7573161123959	-47.5363141560357
			64.7176363843859	-47.5363141560357
			64.6779566563758	-47.5363141560357
			64.6382769283658	-47.5363141560357
			64.5985972003557	-47.5759938840458
			64.5589174723457	-47.5759938840458
			64.5192377443356	-47.5759938840458
			64.4795580163256	-47.5759938840458
			64.4398782883155	-47.5759938840458
			64.4001985603055	-47.5759938840458
			64.3605188322955	-47.5759938840458
			64.3208391042854	-47.5759938840458
			64.2811593762754	-47.5759938840458
			64.2414796482653	-47.5759938840458
			64.2017999202553	-47.5759938840458
			64.1621201922452	-47.5759938840458
			64.1224404642352	-47.5759938840458
			64.0827607362251	-47.5759938840458
			64.0430810082151	-47.5759938840458
			64.003401280205	-47.5759938840458
			63.963721552195	-47.5759938840458
			63.9240418241849	-47.5759938840458
			63.9240418241849	-47.5363141560357
			63.8843620961749	-47.5363141560357
			63.8446823681648	-47.5363141560357
			63.8050026401548	-47.5363141560357
			63.7653229121448	-47.5363141560357
			63.7256431841347	-47.4966344280257
			63.6859634561247	-47.4966344280257
			63.6462837281146	-47.4966344280257
			63.6066040001046	-47.4966344280257
			63.5669242720945	-47.4569547000156
			63.5272445440845	-47.4569547000156
			63.4875648160744	-47.4569547000156
			63.4478850880644	-47.4172749720056
			63.4082053600543	-47.4172749720056
			63.3685256320443	-47.4172749720056
			63.3288459040342	-47.3775952439955
			63.2891661760242	-47.3775952439955
			63.2494864480141	-47.3379155159855
			63.2098067200041	-47.3379155159855
			63.1701269919941	-47.2982357879755
			63.130447263984	-47.2982357879755
			63.090767535974	-47.2585560599654
			63.0510878079639	-47.2585560599654
			63.0114080799539	-47.2188763319554
			62.9717283519438	-47.2188763319554
			62.9320486239338	-47.2188763319554
			62.9320486239338	-47.1791966039453
			62.8923688959237	-47.1791966039453
			62.8526891679137	-47.1791966039453
			62.8130094399036	-47.1791966039453
			62.7733297118936	-47.1791966039453
			62.7336499838835	-47.1791966039453
			62.6939702558735	-47.1791966039453
			62.6542905278635	-47.1791966039453
			62.6146107998534	-47.1791966039453
			62.5749310718434	-47.2188763319554
			62.5352513438333	-47.2188763319554
			62.4955716158233	-47.2188763319554
			62.4558918878132	-47.2188763319554
			62.4162121598032	-47.2188763319554
			62.3765324317931	-47.2188763319554
			62.3368527037831	-47.2188763319554
			62.297172975773	-47.2188763319554
			62.257493247763	-47.2188763319554
			62.2178135197529	-47.2188763319554
			62.1781337917429	-47.2188763319554
			62.1384540637328	-47.2188763319554
			62.0987743357228	-47.2188763319554
			62.0590946077128	-47.2585560599654
			62.0194148797027	-47.2585560599654
			61.9797351516927	-47.2585560599654
			61.9400554236826	-47.2585560599654
			61.9003756956726	-47.2585560599654
			61.8606959676625	-47.2585560599654
			61.8210162396525	-47.2585560599654
			61.7813365116424	-47.2585560599654
			61.7416567836324	-47.2585560599654
			61.7019770556223	-47.2585560599654
			61.6622973276123	-47.2585560599654
			61.6226175996022	-47.2585560599654
			61.5829378715922	-47.2585560599654
			61.5432581435822	-47.2982357879755
			61.5035784155721	-47.2982357879755
			61.4638986875621	-47.2982357879755
			61.424218959552	-47.2982357879755
			61.384539231542	-47.2982357879755
			61.3448595035319	-47.2982357879755
			61.3051797755219	-47.2982357879755
			61.2655000475118	-47.2982357879755
			61.2258203195018	-47.2982357879755
			61.1861405914917	-47.2982357879755
			61.1464608634817	-47.2982357879755
			61.1067811354716	-47.2982357879755
			61.0671014074616	-47.2982357879755
			61.0274216794515	-47.3379155159855
			60.9877419514415	-47.3379155159855
			60.9480622234314	-47.3379155159855
			60.9083824954214	-47.3379155159855
			60.8687027674114	-47.3379155159855
			60.8290230394013	-47.3379155159855
			60.7893433113913	-47.3379155159855
			60.7496635833812	-47.3379155159855
			60.7099838553712	-47.3379155159855
			60.6703041273611	-47.3379155159855
			60.6306243993511	-47.3379155159855
			60.590944671341	-47.3775952439955
			60.551264943331	-47.3775952439955
			60.5115852153209	-47.3775952439955
			60.4719054873109	-47.3775952439955
			60.4322257593008	-47.3775952439955
			60.3925460312908	-47.3775952439955
			60.3528663032807	-47.3775952439955
			60.3131865752707	-47.3775952439955
			60.2735068472607	-47.3775952439955
			60.2338271192506	-47.3775952439955
			60.1941473912406	-47.3775952439955
			60.1544676632305	-47.3775952439955
			60.1147879352205	-47.4172749720056
			60.0751082072104	-47.4172749720056
			60.0354284792004	-47.4172749720056
			59.9957487511903	-47.4172749720056
			59.9560690231803	-47.4172749720056
			59.9163892951702	-47.4172749720056
			59.8767095671602	-47.4172749720056
			59.8370298391501	-47.4172749720056
			59.7973501111401	-47.4172749720056
			59.7576703831301	-47.4172749720056
			59.71799065512	-47.4172749720056
			59.67831092711	-47.4569547000156
			59.6386311990999	-47.4569547000156
			59.5989514710899	-47.4569547000156
			59.5592717430798	-47.4569547000156
			59.5195920150698	-47.4569547000156
			59.4799122870597	-47.4569547000156
			59.4402325590497	-47.4569547000156
			59.4005528310396	-47.4569547000156
			59.3608731030296	-47.4569547000156
			59.3211933750195	-47.4569547000156
			59.2815136470095	-47.4966344280257
			59.2418339189994	-47.4966344280257
			59.2021541909894	-47.4966344280257
			59.1624744629794	-47.4966344280257
			59.1227947349693	-47.4966344280257
			59.0831150069593	-47.4966344280257
			59.0434352789492	-47.4966344280257
			59.0037555509392	-47.4966344280257
			58.9640758229291	-47.4966344280257
			58.9243960949191	-47.4966344280257
			58.884716366909	-47.5363141560357
			58.845036638899	-47.5363141560357
			58.8053569108889	-47.5363141560357
			58.7656771828789	-47.5363141560357
			58.7259974548688	-47.5363141560357
			58.6863177268588	-47.5363141560357
			58.6466379988488	-47.5363141560357
			58.6069582708387	-47.5363141560357
			58.5672785428287	-47.5759938840458
			58.5275988148186	-47.5759938840458
			58.4879190868086	-47.5759938840458
			58.4482393587985	-47.5759938840458
			58.4085596307885	-47.5759938840458
			58.3688799027784	-47.5759938840458
			58.3292001747684	-47.5759938840458
			58.2895204467583	-47.5759938840458
			58.2498407187483	-47.5759938840458
			58.2101609907382	-47.5759938840458
			58.1704812627282	-47.5759938840458
			58.1308015347181	-47.6156736120558
			58.0911218067081	-47.6156736120558
			58.0514420786981	-47.6156736120558
			58.011762350688	-47.6156736120558
			57.972082622678	-47.6156736120558
			57.9324028946679	-47.6156736120558
			57.8927231666579	-47.6156736120558
			57.8530434386478	-47.6156736120558
			57.8133637106378	-47.6156736120558
			57.7736839826277	-47.6156736120558
			57.7340042546177	-47.6156736120558
			57.6943245266076	-47.6156736120558
			57.6546447985976	-47.6156736120558
			57.6149650705875	-47.6156736120558
			57.5752853425775	-47.6156736120558
			57.5356056145675	-47.6156736120558
			57.4959258865574	-47.6553533400659
			57.4562461585474	-47.6553533400659
			57.4165664305373	-47.6553533400659
			57.3768867025273	-47.6553533400659
			57.3372069745172	-47.6553533400659
			57.2975272465072	-47.6553533400659
			57.2578475184971	-47.6553533400659
			57.2181677904871	-47.6553533400659
			57.178488062477	-47.6553533400659
			57.138808334467	-47.6553533400659
			57.0991286064569	-47.6553533400659
			57.0594488784469	-47.6553533400659
			57.0197691504368	-47.6553533400659
			56.9800894224268	-47.6553533400659
			56.9404096944168	-47.6553533400659
			56.9007299664067	-47.6553533400659
			56.8610502383967	-47.6553533400659
			56.8213705103866	-47.6553533400659
			56.7816907823766	-47.6553533400659
			56.7420110543665	-47.6553533400659
			56.7023313263565	-47.6553533400659
			56.6626515983464	-47.6553533400659
			56.6229718703364	-47.6553533400659
			56.5832921423263	-47.6553533400659
			56.5436124143163	-47.6553533400659
			56.5039326863062	-47.6553533400659
			56.4642529582962	-47.6553533400659
			56.4245732302861	-47.6553533400659
			56.3848935022761	-47.6553533400659
			56.3452137742661	-47.6553533400659
			56.305534046256	-47.6553533400659
			56.265854318246	-47.6553533400659
			56.2261745902359	-47.6553533400659
			56.1864948622259	-47.6553533400659
			56.1468151342158	-47.6553533400659
			56.1071354062058	-47.6553533400659
			56.0674556781957	-47.6553533400659
			56.0277759501857	-47.6553533400659
			55.9880962221756	-47.6553533400659
			55.9484164941656	-47.6553533400659
			55.9087367661555	-47.6553533400659
			55.8690570381455	-47.6553533400659
			55.8293773101354	-47.6553533400659
			55.7896975821254	-47.6553533400659
			55.7500178541154	-47.6553533400659
			55.7103381261053	-47.6553533400659
			55.6706583980953	-47.6156736120558
			55.6309786700852	-47.6156736120558
			55.5912989420752	-47.6156736120558
			55.5516192140651	-47.6156736120558
			55.5119394860551	-47.6156736120558
			55.472259758045	-47.6156736120558
			55.432580030035	-47.6156736120558
			55.3929003020249	-47.6156736120558
			55.3532205740149	-47.6156736120558
			55.3135408460048	-47.6156736120558
			55.2738611179948	-47.6156736120558
			55.2341813899847	-47.6156736120558
			55.1945016619747	-47.6156736120558
			55.1548219339647	-47.6156736120558
			55.1151422059546	-47.6156736120558
			55.0754624779446	-47.6156736120558
			55.0357827499345	-47.6156736120558
			54.9961030219245	-47.6156736120558
			54.9564232939144	-47.5759938840458
			54.9167435659044	-47.5759938840458
			54.8770638378943	-47.5759938840458
			54.8373841098843	-47.5759938840458
			54.7977043818742	-47.5759938840458
			54.7580246538642	-47.5759938840458
			54.7183449258541	-47.5759938840458
			54.6786651978441	-47.5759938840458
			54.6389854698341	-47.5759938840458
			54.599305741824	-47.5759938840458
			54.559626013814	-47.5759938840458
			54.5199462858039	-47.5759938840458
			54.4802665577939	-47.5363141560357
			54.4405868297838	-47.5363141560357
			54.4009071017738	-47.5363141560357
			54.3612273737637	-47.5363141560357
			54.3215476457537	-47.5363141560357
			54.2818679177436	-47.5363141560357
			54.2421881897336	-47.5363141560357
			54.2025084617235	-47.5363141560357
			54.1628287337135	-47.5363141560357
			54.1231490057034	-47.5363141560357
			54.0834692776934	-47.4966344280257
			54.0437895496834	-47.4966344280257
			54.0041098216733	-47.4966344280257
			53.9644300936633	-47.4966344280257
			53.9247503656532	-47.4966344280257
			53.8850706376432	-47.4966344280257
			53.8453909096331	-47.5363141560357
			53.8057111816231	-47.5363141560357
			53.766031453613	-47.5759938840458
			53.726351725603	-47.5759938840458
			53.6866719975929	-47.5759938840458
			53.6469922695829	-47.6156736120558
			53.6073125415728	-47.6156736120558
			53.5676328135628	-47.6156736120558
			53.5279530855528	-47.6553533400659
			53.4882733575427	-47.6553533400659
			53.4485936295327	-47.6553533400659
			53.4089139015226	-47.6950330680759
			53.3692341735126	-47.6950330680759
			53.3295544455025	-47.6950330680759
			53.2898747174925	-47.6950330680759
			53.2501949894824	-47.734712796086
			53.2105152614724	-47.734712796086
			53.1708355334623	-47.734712796086
			53.1311558054523	-47.774392524096
			53.0914760774422	-47.774392524096
			53.0517963494322	-47.774392524096
			53.0121166214221	-47.774392524096
			52.9724368934121	-47.8140722521061
			52.9327571654021	-47.8140722521061
			52.893077437392	-47.8140722521061
			52.853397709382	-47.8140722521061
			52.8137179813719	-47.8140722521061
			52.7740382533619	-47.8140722521061
			52.7740382533619	-47.8537519801161
			52.7343585253518	-47.8537519801161
			52.6946787973418	-47.8537519801161
			52.6549990693317	-47.8537519801161
			52.6153193413217	-47.8537519801161
			52.5756396133116	-47.8537519801161
			52.5359598853016	-47.8934317081261
			52.4962801572915	-47.8934317081261
			52.4566004292815	-47.8934317081261
			52.4169207012715	-47.8934317081261
			52.3772409732614	-47.8934317081261
			52.3375612452514	-47.8934317081261
			52.2978815172413	-47.8934317081261
			52.2582017892313	-47.8934317081261
			52.2185220612212	-47.8934317081261
			52.1788423332112	-47.9331114361362
			52.1391626052011	-47.9331114361362
			52.0994828771911	-47.9331114361362
			52.059803149181	-47.9331114361362
			52.020123421171	-47.9331114361362
			51.9804436931609	-47.9331114361362
			51.9407639651509	-47.9331114361362
			51.9010842371408	-47.9331114361362
			51.8614045091308	-47.9331114361362
			51.8217247811207	-47.9331114361362
			51.7820450531107	-47.9331114361362
			51.7423653251007	-47.9331114361362
			51.7026855970906	-47.9331114361362
			51.6630058690806	-47.9331114361362
			51.6233261410705	-47.9331114361362
			51.5836464130605	-47.9331114361362
			51.5439666850504	-47.9331114361362
			51.5042869570404	-47.9331114361362
			51.4646072290303	-47.9331114361362
			51.4249275010203	-47.9331114361362
			51.3852477730102	-47.9331114361362
			51.3455680450002	-47.8934317081261
			51.3058883169901	-47.8934317081261
			51.2662085889801	-47.8934317081261
			51.2265288609701	-47.8934317081261
			51.18684913296	-47.8934317081261
			51.14716940495	-47.8934317081261
			51.1074896769399	-47.8934317081261
			51.0678099489299	-47.8934317081261
			51.0281302209198	-47.8934317081261
			50.9884504929098	-47.8537519801161
			50.9487707648997	-47.8537519801161
			50.9090910368897	-47.8537519801161
			50.8694113088796	-47.8537519801161
			50.8297315808696	-47.8537519801161
			50.7900518528595	-47.8537519801161
			50.7503721248495	-47.8140722521061
			50.7106923968394	-47.8140722521061
			50.6710126688294	-47.8140722521061
			50.6313329408194	-47.8140722521061
			50.5916532128093	-47.8140722521061
			50.5519734847993	-47.774392524096
			50.5122937567892	-47.774392524096
			50.4726140287792	-47.774392524096
			50.4329343007691	-47.774392524096
			50.3932545727591	-47.734712796086
			50.353574844749	-47.734712796086
			50.313895116739	-47.6950330680759
			50.2742153887289	-47.6950330680759
			50.2345356607189	-47.6950330680759
			50.1948559327088	-47.6950330680759
			50.1551762046988	-47.734712796086
			50.1154964766887	-47.734712796086
			50.0758167486787	-47.734712796086
			50.0361370206687	-47.774392524096
			49.9964572926586	-47.774392524096
			49.9567775646486	-47.774392524096
			49.9170978366385	-47.8140722521061
			49.8774181086285	-47.8140722521061
			49.8377383806184	-47.8140722521061
			49.7980586526084	-47.8140722521061
			49.7583789245983	-47.8537519801161
			49.7186991965883	-47.8537519801161
			49.6790194685782	-47.8537519801161
			49.6393397405682	-47.8537519801161
			49.5996600125581	-47.8537519801161
			49.5599802845481	-47.8934317081261
			49.5203005565381	-47.8934317081261
			49.480620828528	-47.8934317081261
			49.440941100518	-47.8934317081261
			49.4012613725079	-47.8934317081261
			49.3615816444979	-47.8934317081261
			49.3219019164878	-47.9331114361362
			49.2822221884778	-47.9331114361362
			49.2425424604677	-47.9331114361362
			49.2028627324577	-47.9331114361362
			49.1631830044476	-47.9331114361362
			49.1235032764376	-47.9331114361362
			49.0838235484275	-47.9331114361362
			49.0441438204175	-47.9331114361362
			49.0044640924074	-47.9331114361362
			48.9647843643974	-47.9331114361362
			48.9251046363874	-47.9331114361362
			48.8854249083773	-47.9331114361362
			48.8457451803673	-47.9331114361362
			48.8060654523572	-47.9331114361362
			48.7663857243472	-47.9331114361362
			48.7267059963371	-47.9331114361362
			48.6870262683271	-47.9331114361362
			48.647346540317	-47.9331114361362
			48.607666812307	-47.9331114361362
			48.5679870842969	-47.9331114361362
			48.5283073562869	-47.9331114361362
			48.4886276282768	-47.9331114361362
			48.4489479002668	-47.9331114361362
			48.4092681722568	-47.9331114361362
			48.3695884442467	-47.9331114361362
			48.3299087162367	-47.9331114361362
			48.2902289882266	-47.9331114361362
			48.2902289882266	-47.8934317081261
			48.2505492602166	-47.8934317081261
			48.2108695322065	-47.8934317081261
			48.1711898041965	-47.8934317081261
			48.1315100761864	-47.8934317081261
			48.0918303481764	-47.8934317081261
			48.0521506201663	-47.8934317081261
			48.0124708921563	-47.8537519801161
			47.9727911641462	-47.8537519801161
			47.9331114361362	-47.8537519801161
			47.8934317081261	-47.8537519801161
			47.8537519801161	-47.8140722521061
			47.8140722521061	-47.8140722521061
			47.774392524096	-47.8140722521061
			47.734712796086	-47.8140722521061
			47.6950330680759	-47.774392524096
			47.6553533400659	-47.774392524096
			47.6156736120558	-47.774392524096
			47.5759938840458	-47.734712796086
			47.5363141560357	-47.734712796086
			47.4966344280257	-47.734712796086
			47.4569547000156	-47.6950330680759
			47.4172749720056	-47.6950330680759
			47.3775952439955	-47.6950330680759
			47.3379155159855	-47.6553533400659
			47.2982357879755	-47.6553533400659
			47.2585560599654	-47.6553533400659
			47.2188763319554	-47.6156736120558
			47.1791966039453	-47.6156736120558
			47.1395168759353	-47.5759938840458
			47.0998371479252	-47.5759938840458
			47.0601574199152	-47.5759938840458
			47.0204776919051	-47.5363141560357
			46.9807979638951	-47.5363141560357
			46.941118235885	-47.4966344280257
			46.901438507875	-47.4966344280257
			46.8617587798649	-47.5363141560357
			46.8220790518549	-47.5363141560357
			46.7823993238448	-47.5759938840458
			46.7427195958348	-47.5759938840458
			46.7030398678247	-47.6156736120558
			46.6633601398147	-47.6156736120558
			46.6236804118047	-47.6156736120558
			46.5840006837946	-47.6553533400659
			46.5443209557846	-47.6553533400659
			46.5046412277745	-47.6553533400659
			46.5046412277745	-47.6950330680759
			46.4649614997645	-47.6950330680759
			46.4252817717544	-47.6950330680759
			46.3856020437444	-47.6950330680759
			46.3459223157343	-47.734712796086
			46.3062425877243	-47.734712796086
			46.2665628597142	-47.774392524096
			46.2268831317042	-47.774392524096
			46.1872034036941	-47.774392524096
			46.1475236756841	-47.8140722521061
			46.1078439476741	-47.8140722521061
			46.068164219664	-47.8140722521061
			46.028484491654	-47.8140722521061
			45.9888047636439	-47.8537519801161
			45.9491250356339	-47.8537519801161
			45.9094453076238	-47.8537519801161
			45.8697655796138	-47.8934317081261
			45.8300858516037	-47.8934317081261
			45.7904061235937	-47.8934317081261
			45.7507263955836	-47.8934317081261
			45.7110466675736	-47.9331114361362
			45.6713669395635	-47.9331114361362
			45.6316872115535	-47.9331114361362
			45.5920074835434	-47.9331114361362
			45.5523277555334	-47.9331114361362
			45.5126480275234	-47.9727911641462
			45.4729682995133	-47.9727911641462
			45.4332885715033	-47.9727911641462
			45.3936088434932	-47.9727911641462
			45.3539291154832	-47.9727911641462
			45.3142493874731	-47.9727911641462
			45.2745696594631	-48.0124708921563
			45.234889931453	-48.0124708921563
			45.195210203443	-48.0124708921563
			45.1555304754329	-48.0124708921563
			45.1158507474229	-48.0124708921563
			45.0761710194128	-48.0124708921563
			45.0364912914028	-48.0124708921563
			44.9968115633927	-48.0124708921563
			44.9571318353827	-48.0124708921563
			44.9174521073727	-48.0521506201663
			44.8777723793626	-48.0521506201663
			44.8380926513526	-48.0521506201663
			44.7984129233425	-48.0521506201663
			44.7587331953325	-48.0521506201663
			44.7190534673224	-48.0521506201663
			44.6793737393124	-48.0521506201663
			44.6396940113023	-48.0521506201663
			44.6000142832923	-48.0521506201663
			44.5603345552822	-48.0521506201663
			44.5206548272722	-48.0521506201663
			44.4809750992621	-48.0521506201663
			44.4412953712521	-48.0521506201663
			44.4016156432421	-48.0521506201663
			44.361935915232	-48.0521506201663
			44.322256187222	-48.0124708921563
			44.2825764592119	-48.0124708921563
			44.2428967312019	-48.0124708921563
			44.2032170031918	-48.0124708921563
			44.1635372751818	-48.0124708921563
			44.1238575471717	-48.0124708921563
			44.0841778191617	-48.0124708921563
			44.0444980911516	-48.0124708921563
			44.0048183631416	-48.0124708921563
			44.0048183631416	-47.9727911641462
			43.9651386351315	-47.9727911641462
			43.9254589071215	-47.9727911641462
			43.8857791791114	-47.9727911641462
			43.8460994511014	-47.9727911641462
			43.8064197230914	-47.9331114361362
			43.7667399950813	-47.9331114361362
			43.7270602670713	-47.9331114361362
			43.6873805390612	-47.9331114361362
			43.6477008110512	-47.9331114361362
			43.6080210830411	-47.9727911641462
			43.5683413550311	-47.9727911641462
			43.528661627021	-47.9727911641462
			43.488981899011	-47.9727911641462
			43.4493021710009	-47.9727911641462
			43.4096224429909	-47.9727911641462
			43.3699427149808	-47.9727911641462
			43.3302629869708	-48.0124708921563
			43.2905832589608	-48.0124708921563
			43.2509035309507	-48.0124708921563
			43.2112238029407	-48.0124708921563
			43.1715440749306	-48.0124708921563
			43.1318643469206	-48.0124708921563
			43.0921846189105	-48.0124708921563
			43.0525048909005	-48.0124708921563
			43.0128251628904	-48.0124708921563
			42.9731454348804	-48.0124708921563
			42.9334657068703	-48.0521506201663
			42.8937859788603	-48.0521506201663
			42.8541062508502	-48.0521506201663
			42.8144265228402	-48.0521506201663
			42.7747467948301	-48.0521506201663
			42.7350670668201	-48.0521506201663
			42.6953873388101	-48.0521506201663
			42.6557076108	-48.0521506201663
			42.61602788279	-48.0521506201663
			42.5763481547799	-48.0521506201663
			42.5366684267699	-48.0521506201663
			42.4969886987598	-48.0521506201663
			42.4573089707498	-48.0521506201663
			42.4176292427397	-48.0521506201663
			42.3779495147297	-48.0521506201663
			42.3382697867196	-48.0521506201663
			42.2985900587096	-48.0521506201663
			42.2589103306995	-48.0521506201663
			42.2192306026895	-48.0521506201663
			42.1795508746794	-48.0521506201663
			42.1398711466694	-48.0521506201663
			42.1001914186594	-48.0521506201663
			42.0605116906493	-48.0521506201663
			42.0605116906493	-48.0124708921563
			42.0208319626393	-48.0124708921563
			41.9811522346292	-48.0124708921563
			41.9414725066192	-48.0124708921563
			41.9017927786091	-48.0124708921563
			41.8621130505991	-48.0124708921563
			41.822433322589	-48.0124708921563
			41.782753594579	-48.0124708921563
			41.7430738665689	-48.0124708921563
			41.7033941385589	-48.0124708921563
			41.6637144105488	-47.9727911641462
			41.6240346825388	-47.9727911641462
			41.5843549545287	-47.9727911641462
			41.5446752265187	-47.9727911641462
			41.5049954985087	-47.9727911641462
			41.4653157704986	-47.9727911641462
			41.4653157704986	-47.9331114361362
			41.4256360424886	-47.9331114361362
			41.3859563144785	-47.9331114361362
			41.3462765864685	-47.9331114361362
			41.3065968584584	-47.9331114361362
			41.2669171304484	-47.8934317081261
			41.2272374024383	-47.8934317081261
			41.1875576744283	-47.8934317081261
			41.1478779464182	-47.8934317081261
			41.1081982184082	-47.8537519801161
			41.0685184903981	-47.8537519801161
			41.0288387623881	-47.8537519801161
			40.9891590343781	-47.8537519801161
			40.949479306368	-47.8537519801161
			40.909799578358	-47.8140722521061
			40.8701198503479	-47.8140722521061
			40.8304401223379	-47.774392524096
			40.7907603943278	-47.774392524096
			40.7510806663178	-47.774392524096
			40.7114009383077	-47.734712796086
			40.6717212102977	-47.734712796086
			40.6320414822876	-47.734712796086
			40.5923617542776	-47.6950330680759
			40.5526820262675	-47.6950330680759
			40.5130022982575	-47.6950330680759
			40.4733225702474	-47.6950330680759
			40.4336428422374	-47.734712796086
			40.3939631142274	-47.734712796086
			40.3542833862173	-47.734712796086
			40.3146036582073	-47.734712796086
			40.2749239301972	-47.774392524096
			40.2352442021872	-47.774392524096
			40.1955644741771	-47.774392524096
			40.1558847461671	-47.774392524096
			40.116205018157	-47.774392524096
			40.076525290147	-47.774392524096
			40.0368455621369	-47.8140722521061
			39.9971658341269	-47.8140722521061
			39.9574861061168	-47.8140722521061
			39.9178063781068	-47.8140722521061
			39.8781266500967	-47.8140722521061
			39.8384469220867	-47.8140722521061
			39.7987671940767	-47.8537519801161
			39.7590874660666	-47.8537519801161
			39.7194077380566	-47.8537519801161
			39.6797280100465	-47.8537519801161
			39.6400482820365	-47.8537519801161
			39.6003685540264	-47.8537519801161
			39.5606888260164	-47.8537519801161
			39.5210090980063	-47.8934317081261
			39.4813293699963	-47.8934317081261
			39.4416496419862	-47.8934317081261
			39.4019699139762	-47.8934317081261
			39.3622901859661	-47.8934317081261
			39.3226104579561	-47.8934317081261
			39.2829307299461	-47.8934317081261
			39.243251001936	-47.8934317081261
			39.203571273926	-47.8934317081261
			39.1638915459159	-47.8934317081261
			39.1242118179059	-47.8934317081261
			39.0845320898958	-47.8934317081261
			39.0448523618858	-47.8934317081261
			39.0051726338757	-47.8934317081261
			38.9654929058657	-47.9331114361362
			38.9258131778556	-47.9331114361362
			38.8861334498456	-47.9331114361362
			38.8464537218355	-47.9331114361362
			38.8067739938255	-47.9331114361362
			38.7670942658154	-47.9331114361362
			38.7274145378054	-47.9331114361362
			38.6877348097954	-47.9331114361362
			38.6480550817853	-47.8934317081261
			38.6083753537753	-47.8934317081261
			38.5686956257652	-47.8934317081261
			38.5290158977552	-47.8934317081261
			38.4893361697451	-47.8934317081261
			38.4496564417351	-47.8934317081261
			38.409976713725	-47.8934317081261
			38.370296985715	-47.8934317081261
			38.3306172577049	-47.8934317081261
			38.2909375296949	-47.8934317081261
			38.2512578016848	-47.8934317081261
			38.2115780736748	-47.8537519801161
			38.1718983456648	-47.8537519801161
			38.1322186176547	-47.8537519801161
			38.0925388896447	-47.8537519801161
			38.0528591616346	-47.8537519801161
			38.0131794336246	-47.8140722521061
			37.9734997056145	-47.8140722521061
			37.9338199776045	-47.8140722521061
			37.8941402495944	-47.8140722521061
			37.8544605215844	-47.774392524096
			37.8147807935743	-47.774392524096
			37.7751010655643	-47.774392524096
			37.7354213375542	-47.774392524096
			37.6957416095442	-47.8140722521061
			37.6560618815341	-47.8140722521061
			37.6163821535241	-47.8140722521061
			37.576702425514	-47.8140722521061
			37.537022697504	-47.8140722521061
			37.497342969494	-47.8140722521061
			37.4576632414839	-47.8537519801161
			37.4179835134739	-47.8537519801161
			37.3783037854638	-47.8537519801161
			37.3386240574538	-47.8537519801161
			37.2989443294437	-47.8537519801161
			37.2592646014337	-47.8537519801161
			37.2195848734236	-47.8537519801161
			37.1799051454136	-47.8537519801161
			37.1402254174035	-47.8537519801161
			37.1005456893935	-47.8537519801161
			37.0608659613834	-47.8537519801161
			37.0211862333734	-47.8537519801161
			36.9815065053634	-47.8537519801161
			36.9418267773533	-47.8537519801161
			36.9021470493433	-47.8537519801161
			36.8624673213332	-47.8537519801161
			36.8227875933232	-47.8537519801161
			36.7831078653131	-47.8537519801161
			36.7434281373031	-47.8537519801161
			36.703748409293	-47.8537519801161
			36.664068681283	-47.8537519801161
			36.6243889532729	-47.8537519801161
			36.5847092252629	-47.8537519801161
			36.5847092252629	-47.8140722521061
			36.5450294972528	-47.8140722521061
			36.5053497692428	-47.8140722521061
			36.4656700412327	-47.8140722521061
			36.4259903132227	-47.8140722521061
			36.4259903132227	-47.774392524096
			36.3863105852127	-47.774392524096
			36.3466308572026	-47.774392524096
			36.3069511291926	-47.774392524096
			36.3069511291926	-47.734712796086
			36.2672714011825	-47.734712796086
			36.2275916731725	-47.734712796086
			36.2275916731725	-47.6950330680759
			36.1879119451624	-47.6950330680759
			36.1482322171524	-47.6950330680759
			36.1482322171524	-47.6553533400659
			36.1085524891423	-47.6553533400659
			36.1085524891423	-47.6156736120558
			36.0688727611323	-47.6156736120558
			36.0291930331222	-47.5759938840458
			35.9895133051122	-47.5759938840458
			35.9498335771021	-47.5363141560357
			35.9101538490921	-47.4966344280257
			35.9101538490921	-47.4569547000156
			35.8704741210821	-47.4172749720056
			35.8704741210821	-47.3775952439955
			35.830794393072	-47.3775952439955
			35.830794393072	-47.3379155159855
			35.791114665062	-47.3775952439955
			35.7514349370519	-47.3775952439955
			35.7117552090419	-47.3775952439955
			35.6720754810318	-47.4172749720056
			35.6323957530218	-47.4172749720056
			35.5927160250117	-47.4172749720056
			35.5530362970017	-47.4569547000156
			35.5133565689916	-47.4569547000156
			35.4736768409816	-47.4569547000156
			35.4339971129715	-47.4966344280257
			35.3943173849615	-47.4966344280257
			35.3546376569514	-47.4966344280257
			35.3149579289414	-47.4966344280257
			35.3149579289414	-47.5363141560357
			35.2752782009314	-47.5363141560357
			35.2355984729213	-47.5363141560357
			35.1959187449113	-47.5759938840458
			35.1562390169012	-47.5759938840458
			35.1165592888912	-47.5759938840458
			35.0768795608811	-47.5759938840458
			35.0371998328711	-47.5759938840458
			34.997520104861	-47.6156736120558
			34.957840376851	-47.6156736120558
			34.9181606488409	-47.6156736120558
			34.8784809208309	-47.6156736120558
			34.8388011928208	-47.6156736120558
			34.7991214648108	-47.6553533400659
			34.7594417368007	-47.6553533400659
			34.7197620087907	-47.6553533400659
			34.6800822807807	-47.6553533400659
			34.6404025527706	-47.6553533400659
			34.6007228247606	-47.6553533400659
			34.5610430967505	-47.6553533400659
			34.5213633687405	-47.6950330680759
			34.4816836407304	-47.6950330680759
			34.4420039127204	-47.6950330680759
			34.4023241847103	-47.6950330680759
			34.3626444567003	-47.6950330680759
			34.3229647286902	-47.6950330680759
			34.2832850006802	-47.6950330680759
			34.2436052726701	-47.6950330680759
			34.2039255446601	-47.6950330680759
			34.1642458166501	-47.6950330680759
			34.12456608864	-47.6950330680759
			34.08488636063	-47.6950330680759
			34.0452066326199	-47.6950330680759
			34.0055269046099	-47.6950330680759
			33.9658471765998	-47.6950330680759
			33.9261674485898	-47.6950330680759
			33.8864877205797	-47.6950330680759
			33.8468079925697	-47.6950330680759
			33.8071282645596	-47.6950330680759
			33.7674485365496	-47.6950330680759
			33.7277688085395	-47.6950330680759
			33.6880890805295	-47.6950330680759
			33.6484093525194	-47.6950330680759
			33.6087296245094	-47.6950330680759
			33.5690498964994	-47.6950330680759
			33.5293701684893	-47.6950330680759
			33.4896904404793	-47.6950330680759
			33.4500107124692	-47.6950330680759
			33.4103309844592	-47.6950330680759
			33.3706512564491	-47.6950330680759
			33.3309715284391	-47.6950330680759
			33.291291800429	-47.6950330680759
			33.251612072419	-47.6553533400659
			33.2119323444089	-47.6553533400659
			33.1722526163989	-47.6553533400659
			33.1325728883888	-47.6553533400659
			33.0928931603788	-47.6553533400659
			33.0532134323688	-47.6553533400659
			33.0135337043587	-47.6553533400659
			32.9738539763487	-47.6156736120558
			32.9341742483386	-47.6156736120558
			32.8944945203286	-47.6156736120558
			32.8548147923185	-47.6156736120558
			32.8151350643085	-47.6156736120558
			32.7754553362984	-47.6156736120558
			32.7357756082884	-47.5759938840458
			32.6960958802783	-47.5759938840458
			32.6564161522683	-47.5759938840458
			32.6167364242582	-47.5759938840458
			32.5770566962482	-47.5363141560357
			32.5373769682381	-47.5363141560357
			32.4976972402281	-47.5363141560357
		</c2>
	</curves.scaled>
	<ruler.points type=matrix rownames=TRUE colnames=FALSE nrow=2 ncol=2 as.numeric=TRUE >
		Ruler point 1	1945	272
		Ruler point 2	2197	269
	</ruler.points>
</shapes>

