<shapes type=list>
	<ruler.pixel type=vector names=FALSE length=1 as.numeric=TRUE >253.001976276866</ruler.pixel>
	<ruler.interval type=vector names=FALSE length=1 as.numeric=TRUE >10</ruler.interval>
	<scaling.units type=vector names=FALSE length=1 as.numeric=FALSE >undefined</scaling.units>
	<scaling type=vector names=FALSE length=1 as.numeric=TRUE >0.0395253829521741</scaling>
	<landmarks.pixel type=matrix rownames=TRUE colnames=FALSE nrow=2 ncol=2 as.numeric=TRUE >
		LM1	1013	1168
		LM2	2206	1183
	</landmarks.pixel>
	<landmarks.scaled type=matrix rownames=TRUE colnames=FALSE nrow=2 ncol=2 as.numeric=TRUE >
		LM1	40.0392129305523	-46.1656472881393
		LM2	87.192994792496	-46.7585280324219
	</landmarks.scaled>
	<curves.control type=list>
		<c1 type=matrix rownames=FALSE colnames=FALSE nrow=21 ncol=2 as.numeric=TRUE >
			1013	1168
			1041	1150
			1088	1127
			1127	1110
			1145	1103
			1165	1092
			1186	1084
			1231	1059
			1310	1024
			1370	992
			1426	979
			1515	941
			1551	937
			1716	870
			1742	916
			1817	947
			1851	970
			1941	1009
			2092	1111
			2217	1171
			2206	1183
		</c1>
		<c2 type=matrix rownames=FALSE colnames=FALSE nrow=29 ncol=2 as.numeric=TRUE >
			2206	1183
			2197	1189
			2179	1177
			2175	1192
			2099	1175
			2060	1206
			2027	1189
			1978	1208
			1916	1188
			1859	1209
			1741	1184
			1666	1201
			1642	1195
			1610	1193
			1554	1182
			1492	1188
			1429	1183
			1354	1185
			1291	1171
			1257	1167
			1221	1168
			1178	1169
			1135	1171
			1091	1179
			1077	1173
			1050	1181
			1047	1173
			1017	1174
			1013	1168
		</c2>
	</curves.control>
	<curves.pixel type=list>
		<c1 type=matrix rownames=FALSE colnames=FALSE nrow=1262 ncol=2 as.numeric=TRUE >
			1013	1168
			1014	1167
			1015	1167
			1016	1166
			1017	1165
			1018	1165
			1019	1164
			1020	1164
			1021	1163
			1022	1162
			1023	1162
			1024	1161
			1025	1161
			1026	1160
			1027	1160
			1028	1159
			1029	1158
			1030	1157
			1031	1157
			1032	1156
			1033	1156
			1034	1155
			1035	1155
			1036	1154
			1037	1154
			1038	1153
			1039	1153
			1040	1152
			1041	1151
			1042	1151
			1043	1150
			1044	1150
			1045	1149
			1046	1149
			1047	1148
			1048	1147
			1049	1147
			1050	1146
			1051	1146
			1052	1145
			1053	1145
			1054	1144
			1055	1144
			1056	1143
			1057	1143
			1057	1142
			1058	1142
			1059	1142
			1059	1141
			1060	1141
			1061	1141
			1061	1140
			1062	1140
			1063	1140
			1063	1139
			1064	1139
			1065	1139
			1065	1138
			1066	1138
			1067	1138
			1068	1137
			1069	1137
			1070	1136
			1071	1135
			1072	1135
			1073	1135
			1074	1134
			1075	1134
			1075	1133
			1076	1133
			1077	1132
			1078	1132
			1079	1132
			1080	1131
			1081	1131
			1081	1130
			1082	1130
			1083	1129
			1084	1129
			1085	1128
			1086	1128
			1087	1128
			1088	1127
			1089	1127
			1089	1126
			1090	1126
			1091	1126
			1092	1125
			1093	1125
			1094	1124
			1095	1124
			1096	1123
			1097	1123
			1098	1123
			1099	1122
			1100	1122
			1101	1121
			1102	1121
			1103	1120
			1104	1120
			1105	1120
			1106	1119
			1107	1119
			1108	1118
			1109	1118
			1110	1118
			1111	1117
			1112	1117
			1112	1116
			1113	1116
			1114	1116
			1115	1115
			1116	1115
			1117	1115
			1118	1114
			1119	1114
			1120	1113
			1121	1113
			1122	1112
			1123	1112
			1124	1112
			1125	1111
			1126	1111
			1127	1110
			1128	1110
			1129	1110
			1129	1109
			1130	1109
			1131	1109
			1132	1108
			1133	1108
			1134	1108
			1134	1107
			1135	1107
			1136	1107
			1137	1106
			1138	1106
			1139	1105
			1140	1105
			1141	1105
			1141	1104
			1142	1104
			1143	1104
			1144	1103
			1145	1103
			1146	1102
			1147	1102
			1148	1101
			1149	1101
			1150	1100
			1151	1100
			1152	1099
			1153	1099
			1154	1098
			1155	1098
			1156	1097
			1157	1097
			1158	1096
			1159	1096
			1160	1095
			1161	1095
			1162	1094
			1163	1094
			1164	1093
			1165	1093
			1166	1093
			1167	1092
			1168	1092
			1169	1091
			1170	1091
			1171	1090
			1172	1090
			1173	1089
			1174	1089
			1175	1089
			1176	1088
			1177	1088
			1178	1087
			1179	1087
			1180	1087
			1181	1086
			1182	1086
			1183	1085
			1184	1085
			1185	1085
			1186	1084
			1187	1083
			1188	1083
			1189	1082
			1190	1082
			1191	1081
			1192	1081
			1193	1080
			1194	1079
			1195	1079
			1196	1078
			1197	1078
			1198	1077
			1199	1077
			1200	1076
			1201	1076
			1202	1075
			1203	1075
			1204	1074
			1205	1074
			1206	1073
			1207	1073
			1208	1072
			1209	1072
			1210	1071
			1211	1071
			1212	1070
			1213	1070
			1214	1069
			1215	1069
			1216	1068
			1217	1068
			1218	1067
			1219	1067
			1220	1066
			1221	1066
			1222	1065
			1223	1065
			1224	1064
			1225	1063
			1226	1063
			1227	1062
			1228	1062
			1229	1061
			1230	1061
			1231	1061
			1231	1060
			1232	1060
			1233	1060
			1233	1059
			1234	1059
			1235	1059
			1236	1058
			1237	1058
			1238	1057
			1239	1057
			1240	1056
			1241	1056
			1242	1055
			1243	1055
			1244	1054
			1245	1054
			1246	1053
			1247	1053
			1248	1052
			1249	1052
			1250	1051
			1251	1051
			1252	1050
			1253	1050
			1254	1049
			1255	1049
			1256	1049
			1257	1048
			1258	1048
			1259	1047
			1260	1047
			1261	1046
			1262	1046
			1263	1045
			1264	1045
			1265	1044
			1266	1044
			1267	1043
			1268	1043
			1269	1043
			1269	1042
			1270	1042
			1271	1042
			1272	1041
			1273	1041
			1274	1040
			1275	1040
			1276	1039
			1277	1039
			1278	1038
			1279	1038
			1280	1038
			1281	1037
			1282	1037
			1283	1036
			1284	1036
			1285	1035
			1286	1035
			1287	1034
			1288	1034
			1289	1033
			1290	1033
			1291	1033
			1292	1032
			1293	1032
			1294	1031
			1295	1031
			1296	1030
			1297	1030
			1298	1029
			1299	1029
			1300	1028
			1301	1028
			1302	1028
			1303	1027
			1304	1027
			1305	1026
			1306	1026
			1307	1025
			1308	1025
			1309	1024
			1310	1024
			1311	1023
			1312	1023
			1313	1023
			1314	1022
			1315	1021
			1316	1021
			1317	1020
			1318	1020
			1319	1019
			1320	1019
			1321	1018
			1322	1018
			1323	1017
			1324	1017
			1325	1016
			1326	1016
			1327	1015
			1328	1015
			1329	1014
			1330	1014
			1331	1014
			1332	1013
			1333	1012
			1334	1012
			1335	1012
			1335	1011
			1336	1011
			1337	1011
			1338	1010
			1339	1010
			1340	1009
			1341	1009
			1342	1008
			1343	1008
			1344	1007
			1345	1007
			1346	1006
			1347	1006
			1348	1005
			1349	1005
			1350	1005
			1351	1004
			1352	1004
			1353	1003
			1354	1003
			1355	1002
			1356	1002
			1357	1002
			1358	1001
			1359	1001
			1360	1000
			1361	1000
			1362	1000
			1363	999
			1364	999
			1365	998
			1366	998
			1367	998
			1368	997
			1369	997
			1370	997
			1371	996
			1372	996
			1373	995
			1374	995
			1375	994
			1376	994
			1377	994
			1378	994
			1378	993
			1379	993
			1380	993
			1381	992
			1382	992
			1383	991
			1384	991
			1385	991
			1386	991
			1387	990
			1388	990
			1389	989
			1390	989
			1391	989
			1392	988
			1393	988
			1394	988
			1395	988
			1396	987
			1397	987
			1398	987
			1399	986
			1400	986
			1401	986
			1402	985
			1403	985
			1404	985
			1405	984
			1406	984
			1407	984
			1408	984
			1409	983
			1410	983
			1411	983
			1412	983
			1413	982
			1414	982
			1415	982
			1416	982
			1417	981
			1418	981
			1419	981
			1420	981
			1421	980
			1422	980
			1423	980
			1424	980
			1425	979
			1426	979
			1427	979
			1428	978
			1429	978
			1430	977
			1431	977
			1432	976
			1433	976
			1434	976
			1435	975
			1436	975
			1437	975
			1437	974
			1438	974
			1439	973
			1440	973
			1441	973
			1442	972
			1443	972
			1444	972
			1444	971
			1445	971
			1446	971
			1447	970
			1448	970
			1449	969
			1450	969
			1451	968
			1452	968
			1453	968
			1454	967
			1455	967
			1456	966
			1457	966
			1458	966
			1459	965
			1460	965
			1461	964
			1462	964
			1463	964
			1464	963
			1465	963
			1466	963
			1467	962
			1468	962
			1469	961
			1470	961
			1471	961
			1472	960
			1473	960
			1474	959
			1475	959
			1476	959
			1477	958
			1478	958
			1479	958
			1480	957
			1481	957
			1482	956
			1483	956
			1484	956
			1485	955
			1486	955
			1487	955
			1488	954
			1489	954
			1490	953
			1491	953
			1492	953
			1493	952
			1494	952
			1495	952
			1496	951
			1497	951
			1498	951
			1499	950
			1500	950
			1501	950
			1502	949
			1503	949
			1504	949
			1505	948
			1506	948
			1507	948
			1508	947
			1509	947
			1510	947
			1511	947
			1512	946
			1513	946
			1514	946
			1514	945
			1515	945
			1516	945
			1517	945
			1518	944
			1519	944
			1520	944
			1521	943
			1522	943
			1523	943
			1524	943
			1525	942
			1526	942
			1527	942
			1528	942
			1529	941
			1530	941
			1531	941
			1532	941
			1533	940
			1534	940
			1535	940
			1536	940
			1537	939
			1538	939
			1539	939
			1540	939
			1541	939
			1542	938
			1543	938
			1544	938
			1545	938
			1546	938
			1547	938
			1548	937
			1549	937
			1550	937
			1551	937
			1552	937
			1553	936
			1554	936
			1555	935
			1556	935
			1557	935
			1558	934
			1559	934
			1560	933
			1561	933
			1562	933
			1563	932
			1564	932
			1565	932
			1566	931
			1567	930
			1568	930
			1569	930
			1570	930
			1570	929
			1571	929
			1572	929
			1573	928
			1574	928
			1575	928
			1576	927
			1577	927
			1578	926
			1579	926
			1580	926
			1581	925
			1582	925
			1583	925
			1584	924
			1585	924
			1586	923
			1587	923
			1588	923
			1589	922
			1590	922
			1591	922
			1592	921
			1593	921
			1594	921
			1595	920
			1596	920
			1597	920
			1598	919
			1599	919
			1600	919
			1600	918
			1601	918
			1602	918
			1603	917
			1604	917
			1605	917
			1606	917
			1607	916
			1608	916
			1609	915
			1610	915
			1611	915
			1612	914
			1613	914
			1614	914
			1615	913
			1616	913
			1617	913
			1618	913
			1619	912
			1620	912
			1621	912
			1622	911
			1623	911
			1624	911
			1625	910
			1626	910
			1627	910
			1628	910
			1629	909
			1630	909
			1631	909
			1632	908
			1633	908
			1634	908
			1635	908
			1636	907
			1637	907
			1638	907
			1639	907
			1639	906
			1640	906
			1641	906
			1642	906
			1643	906
			1644	905
			1645	905
			1646	905
			1647	905
			1648	904
			1649	904
			1650	904
			1651	904
			1652	903
			1653	903
			1654	903
			1655	903
			1656	902
			1657	902
			1658	902
			1659	902
			1660	902
			1661	901
			1662	901
			1663	901
			1664	901
			1665	901
			1666	900
			1667	900
			1668	900
			1669	900
			1670	900
			1671	900
			1672	900
			1673	899
			1674	899
			1675	899
			1676	899
			1677	899
			1678	899
			1679	899
			1680	898
			1681	898
			1682	898
			1683	898
			1684	898
			1685	898
			1686	898
			1687	898
			1688	898
			1689	898
			1690	898
			1691	897
			1692	897
			1693	897
			1694	897
			1695	897
			1696	897
			1697	897
			1698	897
			1699	897
			1700	897
			1701	897
			1702	897
			1703	897
			1704	897
			1705	898
			1706	898
			1707	898
			1708	898
			1709	898
			1710	898
			1711	898
			1712	898
			1713	898
			1714	899
			1715	899
			1716	899
			1717	899
			1718	899
			1718	900
			1719	900
			1720	900
			1721	900
			1722	900
			1722	901
			1723	901
			1724	901
			1725	902
			1726	902
			1727	903
			1728	903
			1729	903
			1729	904
			1730	904
			1731	905
			1732	905
			1732	906
			1733	906
			1734	907
			1735	907
			1735	908
			1736	908
			1736	909
			1737	909
			1738	910
			1738	911
			1739	911
			1739	912
			1740	913
			1741	914
			1742	915
			1743	916
			1744	917
			1745	917
			1746	918
			1747	918
			1748	918
			1749	919
			1750	919
			1751	920
			1752	920
			1753	921
			1754	921
			1755	922
			1756	922
			1757	922
			1758	923
			1759	923
			1760	924
			1761	924
			1762	924
			1763	925
			1764	925
			1765	926
			1766	926
			1767	927
			1768	927
			1769	927
			1770	928
			1771	928
			1771	929
			1772	929
			1773	929
			1774	930
			1775	930
			1776	931
			1777	931
			1778	931
			1779	932
			1780	932
			1781	933
			1782	933
			1783	934
			1784	934
			1785	935
			1786	935
			1787	936
			1788	936
			1789	937
			1790	937
			1791	937
			1791	938
			1792	938
			1793	938
			1794	939
			1795	939
			1796	940
			1797	940
			1798	941
			1799	941
			1800	942
			1801	942
			1802	943
			1803	943
			1804	944
			1805	944
			1806	944
			1806	945
			1807	945
			1808	946
			1809	946
			1810	946
			1810	947
			1811	947
			1812	948
			1813	948
			1814	949
			1815	949
			1816	950
			1817	950
			1818	951
			1819	951
			1820	952
			1821	952
			1822	953
			1823	954
			1824	954
			1825	955
			1826	955
			1827	956
			1828	956
			1829	957
			1830	957
			1831	958
			1832	958
			1833	959
			1834	959
			1835	960
			1836	960
			1836	961
			1837	961
			1838	962
			1839	962
			1840	963
			1841	963
			1841	964
			1842	964
			1843	965
			1844	965
			1845	966
			1846	967
			1847	967
			1848	968
			1849	969
			1850	969
			1851	970
			1852	971
			1853	971
			1854	971
			1855	972
			1856	972
			1857	973
			1858	973
			1859	974
			1860	974
			1861	975
			1862	975
			1863	975
			1864	976
			1865	976
			1866	977
			1867	977
			1868	978
			1869	978
			1870	979
			1871	979
			1872	980
			1873	980
			1874	981
			1875	981
			1876	981
			1877	982
			1878	982
			1879	983
			1880	983
			1880	984
			1881	984
			1882	984
			1883	985
			1884	985
			1885	986
			1886	986
			1887	987
			1888	987
			1889	988
			1890	988
			1891	989
			1892	989
			1893	990
			1894	990
			1895	991
			1896	991
			1897	992
			1898	992
			1899	993
			1900	994
			1901	994
			1902	995
			1903	995
			1904	996
			1905	996
			1906	997
			1907	997
			1908	998
			1909	998
			1910	999
			1911	999
			1911	1000
			1912	1000
			1913	1001
			1914	1001
			1915	1001
			1916	1002
			1917	1002
			1918	1003
			1919	1003
			1919	1004
			1920	1004
			1921	1005
			1922	1005
			1923	1006
			1924	1006
			1925	1007
			1926	1007
			1927	1008
			1928	1008
			1928	1009
			1929	1009
			1930	1010
			1931	1010
			1932	1011
			1933	1011
			1934	1012
			1935	1012
			1936	1013
			1937	1013
			1938	1014
			1939	1015
			1940	1016
			1941	1016
			1942	1016
			1942	1017
			1943	1017
			1944	1018
			1945	1018
			1946	1019
			1947	1020
			1948	1020
			1949	1021
			1950	1021
			1951	1021
			1951	1022
			1952	1022
			1953	1023
			1954	1023
			1955	1024
			1956	1024
			1956	1025
			1957	1025
			1958	1026
			1959	1026
			1960	1027
			1961	1027
			1961	1028
			1962	1028
			1963	1029
			1964	1029
			1965	1030
			1966	1030
			1967	1031
			1968	1032
			1969	1032
			1970	1033
			1971	1034
			1972	1034
			1973	1035
			1974	1036
			1975	1036
			1976	1036
			1976	1037
			1977	1037
			1978	1037
			1978	1038
			1979	1038
			1979	1039
			1980	1039
			1981	1039
			1981	1040
			1982	1040
			1983	1041
			1984	1041
			1985	1042
			1986	1043
			1987	1043
			1988	1044
			1989	1044
			1990	1045
			1991	1046
			1992	1046
			1993	1047
			1994	1047
			1995	1048
			1996	1049
			1997	1049
			1998	1050
			1999	1050
			2000	1051
			2001	1052
			2002	1052
			2003	1053
			2004	1054
			2005	1055
			2006	1055
			2007	1056
			2008	1056
			2009	1057
			2010	1057
			2010	1058
			2011	1058
			2012	1059
			2013	1059
			2014	1060
			2015	1060
			2015	1061
			2016	1061
			2017	1062
			2018	1062
			2019	1063
			2020	1064
			2021	1065
			2022	1065
			2023	1066
			2024	1067
			2025	1067
			2026	1068
			2027	1068
			2028	1069
			2029	1070
			2030	1070
			2031	1071
			2032	1072
			2033	1072
			2034	1073
			2035	1073
			2036	1074
			2037	1075
			2038	1075
			2039	1076
			2040	1076
			2041	1077
			2042	1078
			2043	1078
			2043	1079
			2044	1079
			2045	1080
			2046	1081
			2047	1081
			2048	1082
			2049	1082
			2050	1083
			2051	1084
			2052	1084
			2053	1085
			2054	1085
			2054	1086
			2055	1087
			2056	1087
			2057	1088
			2058	1088
			2059	1089
			2060	1090
			2061	1090
			2062	1091
			2063	1091
			2064	1092
			2065	1093
			2066	1093
			2067	1094
			2067	1095
			2068	1095
			2069	1096
			2070	1096
			2071	1097
			2072	1098
			2073	1098
			2074	1099
			2075	1100
			2076	1100
			2077	1101
			2078	1102
			2079	1102
			2080	1103
			2081	1103
			2082	1104
			2083	1105
			2084	1105
			2085	1106
			2086	1107
			2087	1107
			2088	1108
			2088	1109
			2089	1109
			2090	1110
			2091	1111
			2092	1111
			2093	1112
			2094	1112
			2095	1112
			2096	1113
			2097	1113
			2098	1114
			2099	1114
			2100	1115
			2101	1115
			2102	1116
			2103	1116
			2104	1117
			2105	1117
			2106	1118
			2107	1118
			2108	1119
			2109	1119
			2110	1120
			2111	1120
			2112	1121
			2113	1121
			2114	1122
			2115	1122
			2116	1123
			2117	1123
			2118	1124
			2119	1124
			2120	1124
			2120	1125
			2121	1125
			2122	1126
			2123	1126
			2124	1127
			2125	1127
			2126	1127
			2126	1128
			2127	1128
			2128	1129
			2129	1129
			2130	1130
			2131	1130
			2132	1131
			2133	1131
			2134	1132
			2135	1132
			2136	1133
			2137	1133
			2138	1134
			2139	1134
			2140	1135
			2141	1135
			2142	1136
			2143	1137
			2144	1137
			2145	1138
			2146	1138
			2147	1139
			2148	1139
			2149	1140
			2150	1140
			2151	1141
			2152	1141
			2153	1142
			2154	1143
			2155	1143
			2156	1143
			2157	1144
			2158	1144
			2159	1145
			2160	1146
			2161	1146
			2162	1147
			2163	1147
			2164	1148
			2165	1148
			2166	1149
			2167	1149
			2168	1150
			2169	1151
			2170	1151
			2171	1152
			2172	1153
			2173	1153
			2174	1154
			2175	1154
			2176	1155
			2177	1155
			2178	1156
			2179	1156
			2180	1157
			2181	1157
			2181	1158
			2182	1159
			2183	1159
			2184	1160
			2185	1160
			2185	1161
			2186	1161
			2187	1162
			2188	1162
			2188	1163
			2189	1163
			2190	1164
			2191	1164
			2192	1165
			2193	1166
			2194	1167
			2195	1167
			2196	1168
			2197	1169
			2198	1170
			2199	1171
			2200	1172
			2201	1172
			2202	1173
			2203	1174
			2204	1175
			2205	1176
			2205	1177
			2206	1177
			2206	1178
			2206	1179
			2207	1179
			2207	1180
			2207	1181
			2207	1182
			2206	1183
		</c1>
		<c2 type=matrix rownames=FALSE colnames=FALSE nrow=1204 ncol=2 as.numeric=TRUE >
			2206	1183
			2205	1184
			2204	1184
			2203	1184
			2202	1185
			2201	1185
			2200	1185
			2199	1185
			2198	1185
			2197	1185
			2196	1185
			2195	1184
			2194	1184
			2193	1184
			2192	1184
			2191	1184
			2191	1183
			2190	1183
			2189	1183
			2188	1182
			2187	1182
			2186	1181
			2185	1181
			2185	1180
			2184	1180
			2183	1179
			2182	1179
			2181	1178
			2180	1178
			2179	1177
			2179	1178
			2178	1179
			2177	1180
			2176	1181
			2175	1182
			2174	1182
			2173	1182
			2172	1183
			2171	1183
			2170	1183
			2169	1183
			2168	1184
			2167	1184
			2166	1184
			2165	1184
			2164	1184
			2163	1184
			2162	1184
			2161	1184
			2160	1184
			2159	1184
			2158	1184
			2157	1184
			2156	1184
			2155	1184
			2154	1184
			2153	1184
			2152	1184
			2151	1184
			2150	1184
			2149	1184
			2148	1183
			2147	1183
			2146	1183
			2145	1183
			2144	1183
			2143	1183
			2142	1183
			2141	1183
			2140	1183
			2139	1182
			2138	1182
			2137	1182
			2136	1182
			2135	1182
			2134	1182
			2133	1182
			2132	1181
			2131	1181
			2130	1181
			2129	1181
			2128	1181
			2127	1181
			2126	1180
			2125	1180
			2124	1180
			2123	1180
			2122	1180
			2121	1180
			2120	1179
			2119	1179
			2118	1179
			2117	1179
			2116	1179
			2115	1178
			2114	1178
			2113	1178
			2112	1178
			2111	1178
			2110	1177
			2109	1177
			2108	1177
			2107	1177
			2106	1177
			2105	1176
			2104	1176
			2103	1176
			2102	1176
			2101	1176
			2100	1175
			2099	1175
			2098	1176
			2097	1176
			2096	1177
			2095	1178
			2094	1179
			2093	1180
			2092	1180
			2091	1181
			2090	1182
			2089	1182
			2088	1183
			2087	1184
			2086	1184
			2085	1185
			2084	1186
			2083	1186
			2082	1187
			2081	1187
			2080	1188
			2079	1188
			2078	1189
			2077	1189
			2076	1190
			2075	1190
			2074	1190
			2073	1191
			2072	1191
			2071	1191
			2070	1192
			2069	1192
			2068	1192
			2067	1193
			2066	1193
			2065	1193
			2064	1193
			2063	1194
			2062	1194
			2061	1194
			2060	1194
			2059	1194
			2058	1195
			2057	1195
			2056	1195
			2055	1195
			2054	1195
			2053	1195
			2052	1195
			2051	1195
			2050	1195
			2049	1195
			2048	1195
			2047	1195
			2046	1195
			2045	1195
			2044	1195
			2043	1194
			2042	1194
			2041	1194
			2040	1194
			2039	1194
			2038	1193
			2037	1193
			2036	1193
			2035	1192
			2034	1192
			2033	1192
			2032	1191
			2031	1191
			2030	1190
			2029	1190
			2028	1190
			2028	1189
			2027	1189
			2026	1189
			2025	1190
			2024	1190
			2023	1191
			2022	1191
			2021	1191
			2020	1192
			2019	1192
			2018	1192
			2017	1192
			2016	1193
			2015	1193
			2014	1193
			2013	1194
			2012	1194
			2011	1194
			2010	1194
			2009	1195
			2008	1195
			2007	1195
			2006	1195
			2005	1195
			2004	1196
			2003	1196
			2002	1196
			2001	1196
			2000	1196
			1999	1197
			1998	1197
			1997	1197
			1996	1197
			1995	1197
			1994	1197
			1993	1197
			1992	1197
			1991	1197
			1991	1198
			1990	1198
			1989	1198
			1988	1198
			1987	1198
			1986	1198
			1985	1198
			1984	1198
			1983	1198
			1982	1198
			1981	1198
			1980	1198
			1979	1198
			1978	1198
			1977	1198
			1976	1198
			1975	1198
			1974	1198
			1973	1198
			1972	1198
			1971	1198
			1970	1198
			1969	1198
			1968	1198
			1967	1198
			1966	1198
			1965	1198
			1964	1198
			1963	1198
			1962	1198
			1961	1198
			1960	1197
			1959	1197
			1958	1197
			1957	1197
			1956	1197
			1955	1197
			1954	1197
			1953	1197
			1952	1196
			1951	1196
			1950	1196
			1949	1196
			1948	1196
			1947	1196
			1946	1196
			1945	1195
			1944	1195
			1943	1195
			1942	1195
			1941	1195
			1940	1194
			1939	1194
			1938	1194
			1937	1194
			1936	1194
			1936	1193
			1935	1193
			1934	1193
			1933	1193
			1932	1192
			1931	1192
			1930	1192
			1929	1192
			1928	1192
			1928	1191
			1927	1191
			1926	1191
			1925	1191
			1924	1191
			1923	1190
			1922	1190
			1921	1190
			1920	1189
			1919	1189
			1918	1189
			1917	1188
			1916	1188
			1915	1188
			1914	1189
			1913	1189
			1912	1189
			1911	1190
			1910	1190
			1909	1190
			1908	1191
			1907	1191
			1906	1191
			1905	1191
			1904	1192
			1903	1192
			1902	1192
			1901	1192
			1900	1193
			1899	1193
			1898	1193
			1897	1193
			1896	1194
			1895	1194
			1894	1194
			1893	1194
			1892	1194
			1891	1195
			1890	1195
			1889	1195
			1888	1195
			1887	1195
			1886	1195
			1885	1196
			1884	1196
			1883	1196
			1882	1196
			1881	1196
			1880	1196
			1879	1196
			1878	1196
			1877	1196
			1876	1197
			1875	1197
			1874	1197
			1873	1197
			1872	1197
			1871	1197
			1870	1197
			1869	1197
			1868	1197
			1867	1197
			1866	1197
			1865	1197
			1864	1197
			1863	1197
			1862	1197
			1861	1197
			1860	1197
			1859	1197
			1858	1198
			1857	1198
			1856	1198
			1855	1198
			1854	1198
			1853	1198
			1852	1198
			1851	1198
			1850	1198
			1849	1198
			1848	1198
			1847	1198
			1846	1198
			1845	1198
			1844	1198
			1843	1197
			1842	1197
			1841	1197
			1840	1197
			1839	1197
			1838	1197
			1837	1197
			1836	1197
			1835	1197
			1834	1197
			1833	1197
			1832	1197
			1831	1197
			1830	1197
			1829	1197
			1828	1197
			1827	1197
			1826	1197
			1825	1197
			1824	1197
			1823	1196
			1822	1196
			1821	1196
			1820	1196
			1819	1196
			1818	1196
			1817	1196
			1816	1196
			1815	1196
			1814	1196
			1813	1196
			1812	1195
			1811	1195
			1810	1195
			1809	1195
			1808	1195
			1807	1195
			1806	1195
			1805	1195
			1804	1195
			1803	1194
			1802	1194
			1801	1194
			1800	1194
			1799	1194
			1798	1194
			1797	1194
			1796	1194
			1795	1193
			1794	1193
			1793	1193
			1792	1193
			1791	1193
			1790	1193
			1789	1193
			1788	1193
			1787	1192
			1786	1192
			1785	1192
			1784	1192
			1783	1192
			1782	1192
			1781	1191
			1780	1191
			1779	1191
			1778	1191
			1777	1191
			1776	1191
			1775	1191
			1774	1190
			1773	1190
			1772	1190
			1771	1190
			1770	1190
			1769	1190
			1768	1189
			1767	1189
			1766	1189
			1765	1189
			1764	1189
			1764	1188
			1763	1188
			1762	1188
			1761	1188
			1760	1188
			1759	1188
			1758	1187
			1757	1187
			1756	1187
			1755	1187
			1754	1187
			1753	1186
			1752	1186
			1751	1186
			1750	1186
			1749	1186
			1748	1185
			1747	1185
			1746	1185
			1745	1185
			1744	1185
			1743	1184
			1742	1184
			1741	1184
			1740	1184
			1739	1184
			1738	1185
			1737	1185
			1736	1185
			1735	1185
			1734	1186
			1733	1186
			1732	1186
			1731	1186
			1730	1186
			1729	1187
			1728	1187
			1727	1187
			1726	1187
			1725	1188
			1724	1188
			1723	1188
			1722	1188
			1721	1188
			1720	1188
			1719	1189
			1718	1189
			1717	1189
			1716	1189
			1715	1190
			1714	1190
			1713	1190
			1712	1190
			1711	1190
			1710	1190
			1709	1191
			1708	1191
			1707	1191
			1706	1191
			1705	1191
			1704	1191
			1703	1192
			1702	1192
			1701	1192
			1700	1192
			1699	1192
			1698	1193
			1697	1193
			1696	1193
			1695	1193
			1694	1193
			1693	1193
			1692	1194
			1691	1194
			1690	1194
			1689	1194
			1688	1194
			1687	1194
			1686	1194
			1685	1194
			1684	1195
			1683	1195
			1682	1195
			1681	1195
			1680	1195
			1679	1195
			1678	1195
			1677	1195
			1676	1196
			1675	1196
			1674	1196
			1673	1196
			1672	1196
			1671	1196
			1670	1196
			1669	1196
			1668	1196
			1667	1196
			1666	1196
			1665	1196
			1664	1196
			1663	1196
			1662	1197
			1661	1197
			1660	1197
			1659	1197
			1658	1197
			1657	1197
			1656	1197
			1655	1197
			1654	1197
			1654	1196
			1653	1196
			1652	1196
			1651	1196
			1650	1196
			1649	1196
			1648	1196
			1647	1196
			1646	1196
			1645	1196
			1644	1195
			1643	1195
			1642	1195
			1641	1195
			1640	1195
			1639	1195
			1638	1195
			1637	1195
			1636	1195
			1635	1194
			1634	1194
			1633	1194
			1632	1194
			1631	1194
			1630	1194
			1629	1194
			1628	1194
			1627	1194
			1626	1194
			1625	1194
			1624	1193
			1623	1193
			1622	1193
			1621	1193
			1620	1193
			1619	1193
			1618	1193
			1617	1193
			1616	1192
			1615	1192
			1614	1192
			1613	1192
			1612	1192
			1611	1192
			1610	1192
			1609	1191
			1608	1191
			1607	1191
			1606	1191
			1605	1191
			1604	1191
			1603	1191
			1602	1190
			1601	1190
			1600	1190
			1599	1190
			1598	1190
			1597	1190
			1596	1189
			1595	1189
			1594	1189
			1593	1189
			1592	1189
			1591	1189
			1590	1188
			1589	1188
			1588	1188
			1587	1188
			1586	1188
			1585	1188
			1584	1188
			1583	1187
			1582	1187
			1581	1187
			1580	1187
			1579	1187
			1578	1186
			1577	1186
			1576	1186
			1575	1186
			1574	1186
			1573	1186
			1572	1185
			1571	1185
			1570	1185
			1569	1185
			1568	1185
			1567	1185
			1566	1184
			1565	1184
			1564	1184
			1563	1184
			1562	1184
			1561	1183
			1560	1183
			1559	1183
			1558	1183
			1557	1183
			1556	1182
			1555	1182
			1554	1182
			1553	1182
			1552	1182
			1551	1182
			1550	1182
			1549	1183
			1548	1183
			1547	1183
			1546	1183
			1545	1183
			1544	1183
			1543	1183
			1542	1183
			1541	1183
			1540	1183
			1539	1183
			1538	1183
			1537	1183
			1536	1184
			1535	1184
			1534	1184
			1533	1184
			1532	1184
			1531	1184
			1530	1184
			1529	1184
			1528	1184
			1527	1184
			1526	1184
			1525	1184
			1524	1184
			1523	1184
			1522	1184
			1521	1184
			1520	1184
			1519	1184
			1518	1185
			1517	1185
			1516	1185
			1515	1185
			1514	1185
			1513	1185
			1512	1185
			1511	1185
			1510	1185
			1509	1185
			1508	1185
			1507	1185
			1506	1185
			1505	1185
			1504	1185
			1503	1185
			1502	1185
			1501	1185
			1500	1185
			1499	1185
			1498	1185
			1497	1185
			1496	1185
			1495	1185
			1494	1185
			1493	1185
			1492	1185
			1491	1185
			1490	1185
			1489	1185
			1488	1185
			1487	1185
			1486	1185
			1485	1185
			1484	1185
			1483	1185
			1482	1185
			1481	1185
			1480	1185
			1479	1185
			1478	1185
			1477	1185
			1476	1185
			1475	1185
			1474	1185
			1473	1185
			1472	1185
			1471	1185
			1470	1185
			1469	1185
			1468	1185
			1467	1185
			1466	1185
			1465	1185
			1464	1185
			1463	1185
			1462	1185
			1461	1185
			1460	1185
			1459	1185
			1458	1185
			1457	1185
			1456	1185
			1455	1185
			1454	1185
			1453	1184
			1452	1184
			1451	1184
			1450	1184
			1449	1184
			1448	1184
			1447	1184
			1446	1184
			1445	1184
			1444	1184
			1443	1184
			1442	1184
			1441	1184
			1440	1184
			1439	1184
			1438	1184
			1437	1184
			1436	1184
			1435	1183
			1434	1183
			1433	1183
			1432	1183
			1431	1183
			1430	1183
			1429	1183
			1428	1183
			1427	1183
			1426	1183
			1425	1183
			1424	1183
			1423	1183
			1422	1183
			1421	1183
			1420	1183
			1419	1183
			1418	1183
			1417	1183
			1416	1183
			1415	1183
			1414	1183
			1413	1183
			1412	1183
			1411	1183
			1410	1183
			1409	1183
			1408	1183
			1407	1183
			1406	1183
			1405	1183
			1404	1183
			1403	1183
			1402	1183
			1401	1183
			1400	1183
			1399	1183
			1398	1183
			1397	1183
			1396	1183
			1395	1183
			1394	1183
			1393	1183
			1392	1183
			1391	1183
			1390	1183
			1389	1183
			1388	1183
			1387	1183
			1386	1183
			1385	1183
			1384	1183
			1383	1183
			1382	1183
			1381	1183
			1380	1183
			1379	1182
			1378	1182
			1377	1182
			1376	1182
			1375	1182
			1374	1182
			1373	1182
			1372	1182
			1371	1182
			1370	1182
			1369	1182
			1368	1182
			1367	1182
			1366	1182
			1365	1182
			1364	1182
			1363	1181
			1362	1181
			1361	1181
			1360	1181
			1359	1181
			1358	1181
			1357	1181
			1356	1181
			1355	1181
			1354	1181
			1353	1181
			1352	1181
			1351	1180
			1350	1180
			1349	1180
			1348	1180
			1347	1180
			1346	1180
			1345	1180
			1344	1180
			1343	1180
			1342	1180
			1341	1179
			1340	1179
			1339	1179
			1338	1179
			1337	1179
			1336	1179
			1335	1179
			1334	1178
			1333	1178
			1332	1178
			1331	1178
			1330	1178
			1329	1178
			1328	1178
			1327	1178
			1326	1177
			1325	1177
			1324	1177
			1323	1177
			1322	1177
			1321	1177
			1320	1176
			1319	1176
			1318	1176
			1317	1176
			1316	1176
			1315	1176
			1314	1176
			1313	1175
			1312	1175
			1311	1175
			1310	1175
			1309	1175
			1308	1175
			1307	1174
			1306	1174
			1305	1174
			1304	1174
			1303	1173
			1302	1173
			1301	1173
			1300	1173
			1299	1173
			1298	1172
			1297	1172
			1296	1172
			1295	1172
			1294	1172
			1293	1171
			1292	1171
			1291	1171
			1290	1171
			1289	1171
			1288	1171
			1287	1171
			1286	1170
			1285	1170
			1284	1170
			1283	1170
			1282	1170
			1281	1170
			1280	1170
			1279	1170
			1278	1170
			1277	1170
			1276	1169
			1275	1169
			1274	1169
			1273	1169
			1272	1169
			1271	1169
			1270	1169
			1269	1169
			1268	1169
			1267	1169
			1266	1169
			1265	1169
			1264	1169
			1263	1169
			1262	1169
			1261	1168
			1260	1168
			1259	1168
			1258	1168
			1257	1168
			1256	1168
			1255	1168
			1254	1168
			1253	1168
			1252	1168
			1251	1168
			1250	1168
			1249	1168
			1248	1168
			1247	1168
			1246	1168
			1245	1168
			1244	1168
			1243	1168
			1242	1168
			1241	1168
			1240	1168
			1239	1168
			1238	1168
			1237	1168
			1236	1168
			1235	1168
			1234	1168
			1233	1168
			1232	1168
			1231	1168
			1230	1168
			1229	1168
			1228	1168
			1227	1168
			1226	1168
			1225	1168
			1224	1168
			1223	1168
			1222	1168
			1221	1168
			1220	1168
			1219	1168
			1218	1168
			1217	1168
			1216	1168
			1215	1168
			1214	1168
			1213	1168
			1212	1168
			1211	1168
			1210	1168
			1209	1168
			1208	1168
			1207	1168
			1206	1168
			1205	1168
			1204	1168
			1203	1168
			1202	1168
			1201	1169
			1200	1169
			1199	1169
			1198	1169
			1197	1169
			1196	1169
			1195	1169
			1194	1169
			1193	1169
			1192	1169
			1191	1169
			1190	1169
			1189	1169
			1188	1169
			1187	1169
			1186	1169
			1185	1169
			1184	1169
			1183	1169
			1182	1169
			1181	1169
			1180	1169
			1179	1169
			1178	1169
			1177	1169
			1176	1169
			1175	1169
			1174	1169
			1173	1169
			1172	1169
			1171	1169
			1170	1170
			1169	1170
			1168	1170
			1167	1170
			1166	1170
			1165	1170
			1164	1170
			1163	1170
			1162	1170
			1161	1170
			1160	1170
			1159	1170
			1158	1170
			1157	1170
			1156	1170
			1155	1170
			1154	1170
			1153	1170
			1152	1170
			1151	1170
			1150	1170
			1149	1170
			1148	1170
			1147	1170
			1146	1171
			1145	1171
			1144	1171
			1143	1171
			1142	1171
			1141	1171
			1140	1171
			1139	1171
			1138	1171
			1137	1171
			1136	1171
			1135	1171
			1134	1171
			1133	1171
			1132	1171
			1131	1172
			1130	1172
			1129	1172
			1128	1172
			1127	1172
			1126	1173
			1125	1173
			1124	1173
			1123	1173
			1122	1173
			1121	1173
			1120	1173
			1119	1174
			1118	1174
			1117	1174
			1116	1174
			1115	1174
			1114	1174
			1113	1174
			1112	1174
			1111	1175
			1110	1175
			1109	1175
			1108	1175
			1107	1175
			1106	1175
			1105	1175
			1104	1175
			1103	1175
			1102	1175
			1101	1175
			1100	1175
			1099	1175
			1098	1176
			1097	1176
			1096	1176
			1095	1176
			1094	1176
			1093	1176
			1092	1176
			1091	1175
			1090	1175
			1089	1175
			1088	1175
			1087	1175
			1086	1175
			1085	1175
			1084	1175
			1083	1175
			1082	1174
			1081	1174
			1080	1174
			1079	1174
			1078	1173
			1077	1173
			1076	1173
			1075	1174
			1074	1174
			1073	1174
			1072	1174
			1071	1175
			1070	1175
			1069	1175
			1068	1175
			1067	1176
			1066	1176
			1065	1176
			1064	1176
			1063	1176
			1062	1177
			1061	1177
			1060	1177
			1059	1177
			1058	1177
			1057	1177
			1056	1177
			1055	1177
			1054	1177
			1053	1177
			1052	1177
			1051	1176
			1050	1176
			1049	1175
			1048	1175
			1048	1174
			1047	1173
			1046	1173
			1045	1173
			1044	1173
			1043	1173
			1042	1173
			1041	1173
			1040	1173
			1039	1173
			1038	1173
			1037	1173
			1036	1173
			1035	1173
			1034	1173
			1033	1173
			1032	1173
			1031	1173
			1030	1173
			1029	1173
			1028	1173
			1027	1173
			1026	1173
			1025	1172
			1024	1172
			1023	1172
			1022	1172
			1021	1172
			1020	1172
			1019	1171
			1018	1171
			1017	1171
			1016	1170
			1015	1170
			1014	1169
			1013	1168
		</c2>
	</curves.pixel>
	<curves.scaled type=list>
		<c1 type=matrix rownames=FALSE colnames=FALSE nrow=1262 ncol=2 as.numeric=TRUE >
			40.0392129305523	-46.1656472881393
			40.0787383135045	-46.1261219051872
			40.1182636964567	-46.1261219051872
			40.1577890794089	-46.086596522235
			40.197314462361	-46.0470711392828
			40.2368398453132	-46.0470711392828
			40.2763652282654	-46.0075457563306
			40.3158906112176	-46.0075457563306
			40.3554159941697	-45.9680203733785
			40.3949413771219	-45.9284949904263
			40.4344667600741	-45.9284949904263
			40.4739921430263	-45.8889696074741
			40.5135175259784	-45.8889696074741
			40.5530429089306	-45.8494442245219
			40.5925682918828	-45.8494442245219
			40.632093674835	-45.8099188415698
			40.6716190577871	-45.7703934586176
			40.7111444407393	-45.7308680756654
			40.7506698236915	-45.7308680756654
			40.7901952066437	-45.6913426927132
			40.8297205895958	-45.6913426927132
			40.869245972548	-45.6518173097611
			40.9087713555002	-45.6518173097611
			40.9482967384523	-45.6122919268089
			40.9878221214045	-45.6122919268089
			41.0273475043567	-45.5727665438567
			41.0668728873089	-45.5727665438567
			41.106398270261	-45.5332411609045
			41.1459236532132	-45.4937157779524
			41.1854490361654	-45.4937157779524
			41.2249744191176	-45.4541903950002
			41.2644998020697	-45.4541903950002
			41.3040251850219	-45.414665012048
			41.3435505679741	-45.414665012048
			41.3830759509263	-45.3751396290958
			41.4226013338784	-45.3356142461437
			41.4621267168306	-45.3356142461437
			41.5016520997828	-45.2960888631915
			41.541177482735	-45.2960888631915
			41.5807028656871	-45.2565634802393
			41.6202282486393	-45.2565634802393
			41.6597536315915	-45.2170380972872
			41.6992790145437	-45.2170380972872
			41.7388043974958	-45.177512714335
			41.778329780448	-45.177512714335
			41.778329780448	-45.1379873313828
			41.8178551634002	-45.1379873313828
			41.8573805463524	-45.1379873313828
			41.8573805463524	-45.0984619484306
			41.8969059293045	-45.0984619484306
			41.9364313122567	-45.0984619484306
			41.9364313122567	-45.0589365654785
			41.9759566952089	-45.0589365654785
			42.015482078161	-45.0589365654785
			42.015482078161	-45.0194111825263
			42.0550074611132	-45.0194111825263
			42.0945328440654	-45.0194111825263
			42.0945328440654	-44.9798857995741
			42.1340582270176	-44.9798857995741
			42.1735836099697	-44.9798857995741
			42.2131089929219	-44.9403604166219
			42.2526343758741	-44.9403604166219
			42.2921597588263	-44.9008350336698
			42.3316851417784	-44.8613096507176
			42.3712105247306	-44.8613096507176
			42.4107359076828	-44.8613096507176
			42.450261290635	-44.8217842677654
			42.4897866735871	-44.8217842677654
			42.4897866735871	-44.7822588848132
			42.5293120565393	-44.7822588848132
			42.5688374394915	-44.7427335018611
			42.6083628224437	-44.7427335018611
			42.6478882053958	-44.7427335018611
			42.687413588348	-44.7032081189089
			42.7269389713002	-44.7032081189089
			42.7269389713002	-44.6636827359567
			42.7664643542524	-44.6636827359567
			42.8059897372045	-44.6241573530045
			42.8455151201567	-44.6241573530045
			42.8850405031089	-44.5846319700524
			42.9245658860611	-44.5846319700524
			42.9640912690132	-44.5846319700524
			43.0036166519654	-44.5451065871002
			43.0431420349176	-44.5451065871002
			43.0431420349176	-44.505581204148
			43.0826674178698	-44.505581204148
			43.1221928008219	-44.505581204148
			43.1617181837741	-44.4660558211958
			43.2012435667263	-44.4660558211958
			43.2407689496784	-44.4265304382437
			43.2802943326306	-44.4265304382437
			43.3198197155828	-44.3870050552915
			43.359345098535	-44.3870050552915
			43.3988704814871	-44.3870050552915
			43.4383958644393	-44.3474796723393
			43.4779212473915	-44.3474796723393
			43.5174466303437	-44.3079542893871
			43.5569720132958	-44.3079542893871
			43.596497396248	-44.268428906435
			43.6360227792002	-44.268428906435
			43.6755481621524	-44.268428906435
			43.7150735451045	-44.2289035234828
			43.7545989280567	-44.2289035234828
			43.7941243110089	-44.1893781405306
			43.8336496939611	-44.1893781405306
			43.8731750769132	-44.1893781405306
			43.9127004598654	-44.1498527575785
			43.9522258428176	-44.1498527575785
			43.9522258428176	-44.1103273746263
			43.9917512257698	-44.1103273746263
			44.0312766087219	-44.1103273746263
			44.0708019916741	-44.0708019916741
			44.1103273746263	-44.0708019916741
			44.1498527575785	-44.0708019916741
			44.1893781405306	-44.0312766087219
			44.2289035234828	-44.0312766087219
			44.268428906435	-43.9917512257698
			44.3079542893871	-43.9917512257698
			44.3474796723393	-43.9522258428176
			44.3870050552915	-43.9522258428176
			44.4265304382437	-43.9522258428176
			44.4660558211958	-43.9127004598654
			44.505581204148	-43.9127004598654
			44.5451065871002	-43.8731750769132
			44.5846319700524	-43.8731750769132
			44.6241573530045	-43.8731750769132
			44.6241573530045	-43.8336496939611
			44.6636827359567	-43.8336496939611
			44.7032081189089	-43.8336496939611
			44.7427335018611	-43.7941243110089
			44.7822588848132	-43.7941243110089
			44.8217842677654	-43.7941243110089
			44.8217842677654	-43.7545989280567
			44.8613096507176	-43.7545989280567
			44.9008350336698	-43.7545989280567
			44.9403604166219	-43.7150735451045
			44.9798857995741	-43.7150735451045
			45.0194111825263	-43.6755481621524
			45.0589365654785	-43.6755481621524
			45.0984619484306	-43.6755481621524
			45.0984619484306	-43.6360227792002
			45.1379873313828	-43.6360227792002
			45.177512714335	-43.6360227792002
			45.2170380972872	-43.596497396248
			45.2565634802393	-43.596497396248
			45.2960888631915	-43.5569720132958
			45.3356142461437	-43.5569720132958
			45.3751396290958	-43.5174466303437
			45.414665012048	-43.5174466303437
			45.4541903950002	-43.4779212473915
			45.4937157779524	-43.4779212473915
			45.5332411609045	-43.4383958644393
			45.5727665438567	-43.4383958644393
			45.6122919268089	-43.3988704814871
			45.6518173097611	-43.3988704814871
			45.6913426927132	-43.359345098535
			45.7308680756654	-43.359345098535
			45.7703934586176	-43.3198197155828
			45.8099188415698	-43.3198197155828
			45.8494442245219	-43.2802943326306
			45.8889696074741	-43.2802943326306
			45.9284949904263	-43.2407689496784
			45.9680203733785	-43.2407689496784
			46.0075457563306	-43.2012435667263
			46.0470711392828	-43.2012435667263
			46.086596522235	-43.2012435667263
			46.1261219051872	-43.1617181837741
			46.1656472881393	-43.1617181837741
			46.2051726710915	-43.1221928008219
			46.2446980540437	-43.1221928008219
			46.2842234369958	-43.0826674178698
			46.323748819948	-43.0826674178698
			46.3632742029002	-43.0431420349176
			46.4027995858524	-43.0431420349176
			46.4423249688045	-43.0431420349176
			46.4818503517567	-43.0036166519654
			46.5213757347089	-43.0036166519654
			46.5609011176611	-42.9640912690132
			46.6004265006132	-42.9640912690132
			46.6399518835654	-42.9640912690132
			46.6794772665176	-42.9245658860611
			46.7190026494698	-42.9245658860611
			46.7585280324219	-42.8850405031089
			46.7980534153741	-42.8850405031089
			46.8375787983263	-42.8850405031089
			46.8771041812785	-42.8455151201567
			46.9166295642306	-42.8059897372045
			46.9561549471828	-42.8059897372045
			46.995680330135	-42.7664643542524
			47.0352057130872	-42.7664643542524
			47.0747310960393	-42.7269389713002
			47.1142564789915	-42.7269389713002
			47.1537818619437	-42.687413588348
			47.1933072448959	-42.6478882053958
			47.232832627848	-42.6478882053958
			47.2723580108002	-42.6083628224437
			47.3118833937524	-42.6083628224437
			47.3514087767045	-42.5688374394915
			47.3909341596567	-42.5688374394915
			47.4304595426089	-42.5293120565393
			47.4699849255611	-42.5293120565393
			47.5095103085132	-42.4897866735871
			47.5490356914654	-42.4897866735871
			47.5885610744176	-42.450261290635
			47.6280864573698	-42.450261290635
			47.6676118403219	-42.4107359076828
			47.7071372232741	-42.4107359076828
			47.7466626062263	-42.3712105247306
			47.7861879891785	-42.3712105247306
			47.8257133721306	-42.3316851417784
			47.8652387550828	-42.3316851417784
			47.904764138035	-42.2921597588263
			47.9442895209872	-42.2921597588263
			47.9838149039393	-42.2526343758741
			48.0233402868915	-42.2526343758741
			48.0628656698437	-42.2131089929219
			48.1023910527959	-42.2131089929219
			48.141916435748	-42.1735836099697
			48.1814418187002	-42.1735836099697
			48.2209672016524	-42.1340582270176
			48.2604925846045	-42.1340582270176
			48.3000179675567	-42.0945328440654
			48.3395433505089	-42.0945328440654
			48.3790687334611	-42.0550074611132
			48.4185941164132	-42.015482078161
			48.4581194993654	-42.015482078161
			48.4976448823176	-41.9759566952089
			48.5371702652698	-41.9759566952089
			48.5766956482219	-41.9364313122567
			48.6162210311741	-41.9364313122567
			48.6557464141263	-41.9364313122567
			48.6557464141263	-41.8969059293045
			48.6952717970785	-41.8969059293045
			48.7347971800306	-41.8969059293045
			48.7347971800306	-41.8573805463524
			48.7743225629828	-41.8573805463524
			48.813847945935	-41.8573805463524
			48.8533733288872	-41.8178551634002
			48.8928987118393	-41.8178551634002
			48.9324240947915	-41.778329780448
			48.9719494777437	-41.778329780448
			49.0114748606959	-41.7388043974958
			49.051000243648	-41.7388043974958
			49.0905256266002	-41.6992790145437
			49.1300510095524	-41.6992790145437
			49.1695763925046	-41.6597536315915
			49.2091017754567	-41.6597536315915
			49.2486271584089	-41.6202282486393
			49.2881525413611	-41.6202282486393
			49.3276779243132	-41.5807028656871
			49.3672033072654	-41.5807028656871
			49.4067286902176	-41.541177482735
			49.4462540731698	-41.541177482735
			49.4857794561219	-41.5016520997828
			49.5253048390741	-41.5016520997828
			49.5648302220263	-41.4621267168306
			49.6043556049785	-41.4621267168306
			49.6438809879306	-41.4621267168306
			49.6834063708828	-41.4226013338784
			49.722931753835	-41.4226013338784
			49.7624571367872	-41.3830759509263
			49.8019825197393	-41.3830759509263
			49.8415079026915	-41.3435505679741
			49.8810332856437	-41.3435505679741
			49.9205586685959	-41.3040251850219
			49.960084051548	-41.3040251850219
			49.9996094345002	-41.2644998020697
			50.0391348174524	-41.2644998020697
			50.0786602004046	-41.2249744191176
			50.1181855833567	-41.2249744191176
			50.1577109663089	-41.2249744191176
			50.1577109663089	-41.1854490361654
			50.1972363492611	-41.1854490361654
			50.2367617322133	-41.1854490361654
			50.2762871151654	-41.1459236532132
			50.3158124981176	-41.1459236532132
			50.3553378810698	-41.106398270261
			50.394863264022	-41.106398270261
			50.4343886469741	-41.0668728873089
			50.4739140299263	-41.0668728873089
			50.5134394128785	-41.0273475043567
			50.5529647958306	-41.0273475043567
			50.5924901787828	-41.0273475043567
			50.632015561735	-40.9878221214045
			50.6715409446872	-40.9878221214045
			50.7110663276393	-40.9482967384523
			50.7505917105915	-40.9482967384523
			50.7901170935437	-40.9087713555002
			50.8296424764959	-40.9087713555002
			50.869167859448	-40.869245972548
			50.9086932424002	-40.869245972548
			50.9482186253524	-40.8297205895958
			50.9877440083046	-40.8297205895958
			51.0272693912567	-40.8297205895958
			51.0667947742089	-40.7901952066437
			51.1063201571611	-40.7901952066437
			51.1458455401133	-40.7506698236915
			51.1853709230654	-40.7506698236915
			51.2248963060176	-40.7111444407393
			51.2644216889698	-40.7111444407393
			51.303947071922	-40.6716190577871
			51.3434724548741	-40.6716190577871
			51.3829978378263	-40.632093674835
			51.4225232207785	-40.632093674835
			51.4620486037307	-40.632093674835
			51.5015739866828	-40.5925682918828
			51.541099369635	-40.5925682918828
			51.5806247525872	-40.5530429089306
			51.6201501355393	-40.5530429089306
			51.6596755184915	-40.5135175259784
			51.6992009014437	-40.5135175259784
			51.7387262843959	-40.4739921430263
			51.778251667348	-40.4739921430263
			51.8177770503002	-40.4344667600741
			51.8573024332524	-40.4344667600741
			51.8968278162046	-40.4344667600741
			51.9363531991567	-40.3949413771219
			51.9758785821089	-40.3554159941697
			52.0154039650611	-40.3554159941697
			52.0549293480133	-40.3158906112176
			52.0944547309654	-40.3158906112176
			52.1339801139176	-40.2763652282654
			52.1735054968698	-40.2763652282654
			52.213030879822	-40.2368398453132
			52.2525562627741	-40.2368398453132
			52.2920816457263	-40.197314462361
			52.3316070286785	-40.197314462361
			52.3711324116307	-40.1577890794089
			52.4106577945828	-40.1577890794089
			52.450183177535	-40.1182636964567
			52.4897085604872	-40.1182636964567
			52.5292339434394	-40.0787383135045
			52.5687593263915	-40.0787383135045
			52.6082847093437	-40.0787383135045
			52.6478100922959	-40.0392129305523
			52.687335475248	-39.9996875476002
			52.7268608582002	-39.9996875476002
			52.7663862411524	-39.9996875476002
			52.7663862411524	-39.960162164648
			52.8059116241046	-39.960162164648
			52.8454370070567	-39.960162164648
			52.8849623900089	-39.9206367816958
			52.9244877729611	-39.9206367816958
			52.9640131559133	-39.8811113987436
			53.0035385388654	-39.8811113987436
			53.0430639218176	-39.8415860157915
			53.0825893047698	-39.8415860157915
			53.122114687722	-39.8020606328393
			53.1616400706741	-39.8020606328393
			53.2011654536263	-39.7625352498871
			53.2406908365785	-39.7625352498871
			53.2802162195307	-39.723009866935
			53.3197416024828	-39.723009866935
			53.359266985435	-39.723009866935
			53.3987923683872	-39.6834844839828
			53.4383177513394	-39.6834844839828
			53.4778431342915	-39.6439591010306
			53.5173685172437	-39.6439591010306
			53.5568939001959	-39.6044337180784
			53.5964192831481	-39.6044337180784
			53.6359446661002	-39.6044337180784
			53.6754700490524	-39.5649083351263
			53.7149954320046	-39.5649083351263
			53.7545208149567	-39.5253829521741
			53.7940461979089	-39.5253829521741
			53.8335715808611	-39.5253829521741
			53.8730969638133	-39.4858575692219
			53.9126223467654	-39.4858575692219
			53.9521477297176	-39.4463321862697
			53.9916731126698	-39.4463321862697
			54.031198495622	-39.4463321862697
			54.0707238785741	-39.4068068033176
			54.1102492615263	-39.4068068033176
			54.1497746444785	-39.4068068033176
			54.1893000274307	-39.3672814203654
			54.2288254103828	-39.3672814203654
			54.268350793335	-39.3277560374132
			54.3078761762872	-39.3277560374132
			54.3474015592394	-39.288230654461
			54.3869269421915	-39.288230654461
			54.4264523251437	-39.288230654461
			54.4659777080959	-39.288230654461
			54.4659777080959	-39.2487052715089
			54.5055030910481	-39.2487052715089
			54.5450284740002	-39.2487052715089
			54.5845538569524	-39.2091798885567
			54.6240792399046	-39.2091798885567
			54.6636046228568	-39.1696545056045
			54.7031300058089	-39.1696545056045
			54.7426553887611	-39.1696545056045
			54.7821807717133	-39.1696545056045
			54.8217061546654	-39.1301291226523
			54.8612315376176	-39.1301291226523
			54.9007569205698	-39.0906037397002
			54.940282303522	-39.0906037397002
			54.9798076864741	-39.0906037397002
			55.0193330694263	-39.051078356748
			55.0588584523785	-39.051078356748
			55.0983838353307	-39.051078356748
			55.1379092182828	-39.051078356748
			55.177434601235	-39.0115529737958
			55.2169599841872	-39.0115529737958
			55.2564853671394	-39.0115529737958
			55.2960107500915	-38.9720275908436
			55.3355361330437	-38.9720275908436
			55.3750615159959	-38.9720275908436
			55.4145868989481	-38.9325022078915
			55.4541122819002	-38.9325022078915
			55.4936376648524	-38.9325022078915
			55.5331630478046	-38.8929768249393
			55.5726884307568	-38.8929768249393
			55.6122138137089	-38.8929768249393
			55.6517391966611	-38.8929768249393
			55.6912645796133	-38.8534514419871
			55.7307899625655	-38.8534514419871
			55.7703153455176	-38.8534514419871
			55.8098407284698	-38.8534514419871
			55.849366111422	-38.8139260590349
			55.8888914943741	-38.8139260590349
			55.9284168773263	-38.8139260590349
			55.9679422602785	-38.8139260590349
			56.0074676432307	-38.7744006760828
			56.0469930261828	-38.7744006760828
			56.086518409135	-38.7744006760828
			56.1260437920872	-38.7744006760828
			56.1655691750394	-38.7348752931306
			56.2050945579915	-38.7348752931306
			56.2446199409437	-38.7348752931306
			56.2841453238959	-38.7348752931306
			56.3236707068481	-38.6953499101784
			56.3631960898002	-38.6953499101784
			56.4027214727524	-38.6953499101784
			56.4422468557046	-38.6558245272263
			56.4817722386568	-38.6558245272263
			56.5212976216089	-38.6162991442741
			56.5608230045611	-38.6162991442741
			56.6003483875133	-38.5767737613219
			56.6398737704655	-38.5767737613219
			56.6793991534176	-38.5767737613219
			56.7189245363698	-38.5372483783697
			56.758449919322	-38.5372483783697
			56.7979753022742	-38.5372483783697
			56.7979753022742	-38.4977229954176
			56.8375006852263	-38.4977229954176
			56.8770260681785	-38.4581976124654
			56.9165514511307	-38.4581976124654
			56.9560768340829	-38.4581976124654
			56.995602217035	-38.4186722295132
			57.0351275999872	-38.4186722295132
			57.0746529829394	-38.4186722295132
			57.0746529829394	-38.379146846561
			57.1141783658915	-38.379146846561
			57.1537037488437	-38.379146846561
			57.1932291317959	-38.3396214636089
			57.2327545147481	-38.3396214636089
			57.2722798977002	-38.3000960806567
			57.3118052806524	-38.3000960806567
			57.3513306636046	-38.2605706977045
			57.3908560465568	-38.2605706977045
			57.4303814295089	-38.2605706977045
			57.4699068124611	-38.2210453147523
			57.5094321954133	-38.2210453147523
			57.5489575783655	-38.1815199318002
			57.5884829613176	-38.1815199318002
			57.6280083442698	-38.1815199318002
			57.667533727222	-38.141994548848
			57.7070591101742	-38.141994548848
			57.7465844931263	-38.1024691658958
			57.7861098760785	-38.1024691658958
			57.8256352590307	-38.1024691658958
			57.8651606419829	-38.0629437829436
			57.904686024935	-38.0629437829436
			57.9442114078872	-38.0629437829436
			57.9837367908394	-38.0234183999915
			58.0232621737916	-38.0234183999915
			58.0627875567437	-37.9838930170393
			58.1023129396959	-37.9838930170393
			58.1418383226481	-37.9838930170393
			58.1813637056002	-37.9443676340871
			58.2208890885524	-37.9443676340871
			58.2604144715046	-37.9048422511349
			58.2999398544568	-37.9048422511349
			58.3394652374089	-37.9048422511349
			58.3789906203611	-37.8653168681828
			58.4185160033133	-37.8653168681828
			58.4580413862655	-37.8653168681828
			58.4975667692176	-37.8257914852306
			58.5370921521698	-37.8257914852306
			58.576617535122	-37.7862661022784
			58.6161429180742	-37.7862661022784
			58.6556683010263	-37.7862661022784
			58.6951936839785	-37.7467407193262
			58.7347190669307	-37.7467407193262
			58.7742444498829	-37.7467407193262
			58.813769832835	-37.7072153363741
			58.8532952157872	-37.7072153363741
			58.8928205987394	-37.6676899534219
			58.9323459816916	-37.6676899534219
			58.9718713646437	-37.6676899534219
			59.0113967475959	-37.6281645704697
			59.0509221305481	-37.6281645704697
			59.0904475135003	-37.6281645704697
			59.1299728964524	-37.5886391875176
			59.1694982794046	-37.5886391875176
			59.2090236623568	-37.5886391875176
			59.2485490453089	-37.5491138045654
			59.2880744282611	-37.5491138045654
			59.3275998112133	-37.5491138045654
			59.3671251941655	-37.5095884216132
			59.4066505771176	-37.5095884216132
			59.4461759600698	-37.5095884216132
			59.485701343022	-37.470063038661
			59.5252267259742	-37.470063038661
			59.5647521089263	-37.470063038661
			59.6042774918785	-37.4305376557089
			59.6438028748307	-37.4305376557089
			59.6833282577829	-37.4305376557089
			59.722853640735	-37.4305376557089
			59.7623790236872	-37.3910122727567
			59.8019044066394	-37.3910122727567
			59.8414297895916	-37.3910122727567
			59.8414297895916	-37.3514868898045
			59.8809551725437	-37.3514868898045
			59.9204805554959	-37.3514868898045
			59.9600059384481	-37.3514868898045
			59.9995313214003	-37.3119615068523
			60.0390567043524	-37.3119615068523
			60.0785820873046	-37.3119615068523
			60.1181074702568	-37.2724361239002
			60.157632853209	-37.2724361239002
			60.1971582361611	-37.2724361239002
			60.2366836191133	-37.2724361239002
			60.2762090020655	-37.232910740948
			60.3157343850176	-37.232910740948
			60.3552597679698	-37.232910740948
			60.394785150922	-37.232910740948
			60.4343105338742	-37.1933853579958
			60.4738359168263	-37.1933853579958
			60.5133612997785	-37.1933853579958
			60.5528866827307	-37.1933853579958
			60.5924120656829	-37.1538599750436
			60.631937448635	-37.1538599750436
			60.6714628315872	-37.1538599750436
			60.7109882145394	-37.1538599750436
			60.7505135974916	-37.1143345920915
			60.7900389804437	-37.1143345920915
			60.8295643633959	-37.1143345920915
			60.8690897463481	-37.1143345920915
			60.9086151293003	-37.1143345920915
			60.9481405122524	-37.0748092091393
			60.9876658952046	-37.0748092091393
			61.0271912781568	-37.0748092091393
			61.066716661109	-37.0748092091393
			61.1062420440611	-37.0748092091393
			61.1457674270133	-37.0748092091393
			61.1852928099655	-37.0352838261871
			61.2248181929177	-37.0352838261871
			61.2643435758698	-37.0352838261871
			61.303868958822	-37.0352838261871
			61.3433943417742	-37.0352838261871
			61.3829197247263	-36.9957584432349
			61.4224451076785	-36.9957584432349
			61.4619704906307	-36.9562330602828
			61.5014958735829	-36.9562330602828
			61.541021256535	-36.9562330602828
			61.5805466394872	-36.9167076773306
			61.6200720224394	-36.9167076773306
			61.6595974053916	-36.8771822943784
			61.6991227883437	-36.8771822943784
			61.7386481712959	-36.8771822943784
			61.7781735542481	-36.8376569114262
			61.8176989372003	-36.8376569114262
			61.8572243201524	-36.8376569114262
			61.8967497031046	-36.7981315284741
			61.9362750860568	-36.7586061455219
			61.975800469009	-36.7586061455219
			62.0153258519611	-36.7586061455219
			62.0548512349133	-36.7586061455219
			62.0548512349133	-36.7190807625697
			62.0943766178655	-36.7190807625697
			62.1339020008177	-36.7190807625697
			62.1734273837698	-36.6795553796175
			62.212952766722	-36.6795553796175
			62.2524781496742	-36.6795553796175
			62.2920035326264	-36.6400299966654
			62.3315289155785	-36.6400299966654
			62.3710542985307	-36.6005046137132
			62.4105796814829	-36.6005046137132
			62.450105064435	-36.6005046137132
			62.4896304473872	-36.560979230761
			62.5291558303394	-36.560979230761
			62.5686812132916	-36.560979230761
			62.6082065962437	-36.5214538478088
			62.6477319791959	-36.5214538478088
			62.6872573621481	-36.4819284648567
			62.7267827451003	-36.4819284648567
			62.7663081280524	-36.4819284648567
			62.8058335110046	-36.4424030819045
			62.8453588939568	-36.4424030819045
			62.884884276909	-36.4424030819045
			62.9244096598611	-36.4028776989523
			62.9639350428133	-36.4028776989523
			63.0034604257655	-36.4028776989523
			63.0429858087177	-36.3633523160002
			63.0825111916698	-36.3633523160002
			63.122036574622	-36.3633523160002
			63.1615619575742	-36.323826933048
			63.2010873405264	-36.323826933048
			63.2406127234785	-36.323826933048
			63.2406127234785	-36.2843015500958
			63.2801381064307	-36.2843015500958
			63.3196634893829	-36.2843015500958
			63.3591888723351	-36.2447761671436
			63.3987142552872	-36.2447761671436
			63.4382396382394	-36.2447761671436
			63.4777650211916	-36.2447761671436
			63.5172904041438	-36.2052507841915
			63.5568157870959	-36.2052507841915
			63.5963411700481	-36.1657254012393
			63.6358665530003	-36.1657254012393
			63.6753919359524	-36.1657254012393
			63.7149173189046	-36.1262000182871
			63.7544427018568	-36.1262000182871
			63.793968084809	-36.1262000182871
			63.8334934677611	-36.0866746353349
			63.8730188507133	-36.0866746353349
			63.9125442336655	-36.0866746353349
			63.9520696166177	-36.0866746353349
			63.9915949995698	-36.0471492523828
			64.031120382522	-36.0471492523828
			64.0706457654742	-36.0471492523828
			64.1101711484264	-36.0076238694306
			64.1496965313785	-36.0076238694306
			64.1892219143307	-36.0076238694306
			64.2287472972829	-35.9680984864784
			64.2682726802351	-35.9680984864784
			64.3077980631872	-35.9680984864784
			64.3473234461394	-35.9680984864784
			64.3868488290916	-35.9285731035262
			64.4263742120438	-35.9285731035262
			64.4658995949959	-35.9285731035262
			64.5054249779481	-35.8890477205741
			64.5449503609003	-35.8890477205741
			64.5844757438525	-35.8890477205741
			64.6240011268046	-35.8890477205741
			64.6635265097568	-35.8495223376219
			64.703051892709	-35.8495223376219
			64.7425772756611	-35.8495223376219
			64.7821026586133	-35.8495223376219
			64.7821026586133	-35.8099969546697
			64.8216280415655	-35.8099969546697
			64.8611534245177	-35.8099969546697
			64.9006788074698	-35.8099969546697
			64.940204190422	-35.8099969546697
			64.9797295733742	-35.7704715717175
			65.0192549563264	-35.7704715717175
			65.0587803392785	-35.7704715717175
			65.0983057222307	-35.7704715717175
			65.1378311051829	-35.7309461887654
			65.1773564881351	-35.7309461887654
			65.2168818710872	-35.7309461887654
			65.2564072540394	-35.7309461887654
			65.2959326369916	-35.6914208058132
			65.3354580199438	-35.6914208058132
			65.3749834028959	-35.6914208058132
			65.4145087858481	-35.6914208058132
			65.4540341688003	-35.651895422861
			65.4935595517525	-35.651895422861
			65.5330849347046	-35.651895422861
			65.5726103176568	-35.651895422861
			65.612135700609	-35.651895422861
			65.6516610835612	-35.6123700399088
			65.6911864665133	-35.6123700399088
			65.7307118494655	-35.6123700399088
			65.7702372324177	-35.6123700399088
			65.8097626153698	-35.6123700399088
			65.849287998322	-35.5728446569567
			65.8888133812742	-35.5728446569567
			65.9283387642264	-35.5728446569567
			65.9678641471785	-35.5728446569567
			66.0073895301307	-35.5728446569567
			66.0469149130829	-35.5728446569567
			66.0864402960351	-35.5728446569567
			66.1259656789872	-35.5333192740045
			66.1654910619394	-35.5333192740045
			66.2050164448916	-35.5333192740045
			66.2445418278438	-35.5333192740045
			66.2840672107959	-35.5333192740045
			66.3235925937481	-35.5333192740045
			66.3631179767003	-35.5333192740045
			66.4026433596525	-35.4937938910523
			66.4421687426046	-35.4937938910523
			66.4816941255568	-35.4937938910523
			66.521219508509	-35.4937938910523
			66.5607448914612	-35.4937938910523
			66.6002702744133	-35.4937938910523
			66.6397956573655	-35.4937938910523
			66.6793210403177	-35.4937938910523
			66.7188464232699	-35.4937938910523
			66.758371806222	-35.4937938910523
			66.7978971891742	-35.4937938910523
			66.8374225721264	-35.4542685081001
			66.8769479550785	-35.4542685081001
			66.9164733380307	-35.4542685081001
			66.9559987209829	-35.4542685081001
			66.9955241039351	-35.4542685081001
			67.0350494868872	-35.4542685081001
			67.0745748698394	-35.4542685081001
			67.1141002527916	-35.4542685081001
			67.1536256357438	-35.4542685081001
			67.1931510186959	-35.4542685081001
			67.2326764016481	-35.4542685081001
			67.2722017846003	-35.4542685081001
			67.3117271675525	-35.4542685081001
			67.3512525505046	-35.4542685081001
			67.3907779334568	-35.4937938910523
			67.430303316409	-35.4937938910523
			67.4698286993612	-35.4937938910523
			67.5093540823133	-35.4937938910523
			67.5488794652655	-35.4937938910523
			67.5884048482177	-35.4937938910523
			67.6279302311699	-35.4937938910523
			67.667455614122	-35.4937938910523
			67.7069809970742	-35.4937938910523
			67.7465063800264	-35.5333192740045
			67.7860317629786	-35.5333192740045
			67.8255571459307	-35.5333192740045
			67.8650825288829	-35.5333192740045
			67.9046079118351	-35.5333192740045
			67.9046079118351	-35.5728446569567
			67.9441332947872	-35.5728446569567
			67.9836586777394	-35.5728446569567
			68.0231840606916	-35.5728446569567
			68.0627094436438	-35.5728446569567
			68.0627094436438	-35.6123700399088
			68.1022348265959	-35.6123700399088
			68.1417602095481	-35.6123700399088
			68.1812855925003	-35.651895422861
			68.2208109754525	-35.651895422861
			68.2603363584046	-35.6914208058132
			68.2998617413568	-35.6914208058132
			68.339387124309	-35.6914208058132
			68.339387124309	-35.7309461887654
			68.3789125072612	-35.7309461887654
			68.4184378902133	-35.7704715717175
			68.4579632731655	-35.7704715717175
			68.4579632731655	-35.8099969546697
			68.4974886561177	-35.8099969546697
			68.5370140390699	-35.8495223376219
			68.576539422022	-35.8495223376219
			68.576539422022	-35.8890477205741
			68.6160648049742	-35.8890477205741
			68.6160648049742	-35.9285731035262
			68.6555901879264	-35.9285731035262
			68.6951155708786	-35.9680984864784
			68.6951155708786	-36.0076238694306
			68.7346409538307	-36.0076238694306
			68.7346409538307	-36.0471492523828
			68.7741663367829	-36.0866746353349
			68.8136917197351	-36.1262000182871
			68.8532171026873	-36.1657254012393
			68.8927424856394	-36.2052507841915
			68.9322678685916	-36.2447761671436
			68.9717932515438	-36.2447761671436
			69.011318634496	-36.2843015500958
			69.0508440174481	-36.2843015500958
			69.0903694004003	-36.2843015500958
			69.1298947833525	-36.323826933048
			69.1694201663046	-36.323826933048
			69.2089455492568	-36.3633523160002
			69.248470932209	-36.3633523160002
			69.2879963151612	-36.4028776989523
			69.3275216981133	-36.4028776989523
			69.3670470810655	-36.4424030819045
			69.4065724640177	-36.4424030819045
			69.4460978469699	-36.4424030819045
			69.485623229922	-36.4819284648567
			69.5251486128742	-36.4819284648567
			69.5646739958264	-36.5214538478088
			69.6041993787786	-36.5214538478088
			69.6437247617307	-36.5214538478088
			69.6832501446829	-36.560979230761
			69.7227755276351	-36.560979230761
			69.7623009105873	-36.6005046137132
			69.8018262935394	-36.6005046137132
			69.8413516764916	-36.6400299966654
			69.8808770594438	-36.6400299966654
			69.920402442396	-36.6400299966654
			69.9599278253481	-36.6795553796175
			69.9994532083003	-36.6795553796175
			69.9994532083003	-36.7190807625697
			70.0389785912525	-36.7190807625697
			70.0785039742047	-36.7190807625697
			70.1180293571568	-36.7586061455219
			70.157554740109	-36.7586061455219
			70.1970801230612	-36.7981315284741
			70.2366055060133	-36.7981315284741
			70.2761308889655	-36.7981315284741
			70.3156562719177	-36.8376569114262
			70.3551816548699	-36.8376569114262
			70.394707037822	-36.8771822943784
			70.4342324207742	-36.8771822943784
			70.4737578037264	-36.9167076773306
			70.5132831866786	-36.9167076773306
			70.5528085696307	-36.9562330602828
			70.5923339525829	-36.9562330602828
			70.6318593355351	-36.9957584432349
			70.6713847184873	-36.9957584432349
			70.7109101014394	-37.0352838261871
			70.7504354843916	-37.0352838261871
			70.7899608673438	-37.0352838261871
			70.7899608673438	-37.0748092091393
			70.829486250296	-37.0748092091393
			70.8690116332481	-37.0748092091393
			70.9085370162003	-37.1143345920915
			70.9480623991525	-37.1143345920915
			70.9875877821047	-37.1538599750436
			71.0271131650568	-37.1538599750436
			71.066638548009	-37.1933853579958
			71.1061639309612	-37.1933853579958
			71.1456893139134	-37.232910740948
			71.1852146968655	-37.232910740948
			71.2247400798177	-37.2724361239002
			71.2642654627699	-37.2724361239002
			71.303790845722	-37.3119615068523
			71.3433162286742	-37.3119615068523
			71.3828416116264	-37.3119615068523
			71.3828416116264	-37.3514868898045
			71.4223669945786	-37.3514868898045
			71.4618923775307	-37.3910122727567
			71.5014177604829	-37.3910122727567
			71.5409431434351	-37.3910122727567
			71.5409431434351	-37.4305376557089
			71.5804685263873	-37.4305376557089
			71.6199939093394	-37.470063038661
			71.6595192922916	-37.470063038661
			71.6990446752438	-37.5095884216132
			71.738570058196	-37.5095884216132
			71.7780954411481	-37.5491138045654
			71.8176208241003	-37.5491138045654
			71.8571462070525	-37.5886391875176
			71.8966715900047	-37.5886391875176
			71.9361969729568	-37.6281645704697
			71.975722355909	-37.6281645704697
			72.0152477388612	-37.6676899534219
			72.0547731218134	-37.7072153363741
			72.0942985047655	-37.7072153363741
			72.1338238877177	-37.7467407193262
			72.1733492706699	-37.7467407193262
			72.2128746536221	-37.7862661022784
			72.2524000365742	-37.7862661022784
			72.2919254195264	-37.8257914852306
			72.3314508024786	-37.8257914852306
			72.3709761854307	-37.8653168681828
			72.4105015683829	-37.8653168681828
			72.4500269513351	-37.9048422511349
			72.4895523342873	-37.9048422511349
			72.5290777172394	-37.9443676340871
			72.5686031001916	-37.9443676340871
			72.5686031001916	-37.9838930170393
			72.6081284831438	-37.9838930170393
			72.647653866096	-38.0234183999915
			72.6871792490481	-38.0234183999915
			72.7267046320003	-38.0629437829436
			72.7662300149525	-38.0629437829436
			72.7662300149525	-38.1024691658958
			72.8057553979047	-38.1024691658958
			72.8452807808568	-38.141994548848
			72.884806163809	-38.141994548848
			72.9243315467612	-38.1815199318002
			72.9638569297134	-38.2210453147523
			73.0033823126655	-38.2210453147523
			73.0429076956177	-38.2605706977045
			73.0824330785699	-38.3000960806567
			73.1219584615221	-38.3000960806567
			73.1614838444742	-38.3396214636089
			73.2010092274264	-38.379146846561
			73.2405346103786	-38.379146846561
			73.2800599933307	-38.379146846561
			73.3195853762829	-38.4186722295132
			73.3591107592351	-38.4186722295132
			73.3986361421873	-38.4581976124654
			73.4381615251394	-38.4581976124654
			73.4776869080916	-38.4977229954176
			73.5172122910438	-38.4977229954176
			73.556737673996	-38.5372483783697
			73.5962630569481	-38.5372483783697
			73.6357884399003	-38.5372483783697
			73.6753138228525	-38.5767737613219
			73.7148392058047	-38.5767737613219
			73.7543645887568	-38.6162991442741
			73.793889971709	-38.6162991442741
			73.8334153546612	-38.6558245272263
			73.8729407376134	-38.6558245272263
			73.9124661205655	-38.6953499101784
			73.9519915035177	-38.6953499101784
			73.9915168864699	-38.7348752931306
			74.0310422694221	-38.7348752931306
			74.0705676523742	-38.7744006760828
			74.1100930353264	-38.7744006760828
			74.1496184182786	-38.7744006760828
			74.1891438012308	-38.8139260590349
			74.2286691841829	-38.8139260590349
			74.2681945671351	-38.8534514419871
			74.3077199500873	-38.8534514419871
			74.3077199500873	-38.8929768249393
			74.3472453330394	-38.8929768249393
			74.3867707159916	-38.8929768249393
			74.4262960989438	-38.9325022078915
			74.465821481896	-38.9325022078915
			74.5053468648481	-38.9720275908436
			74.5448722478003	-38.9720275908436
			74.5843976307525	-39.0115529737958
			74.6239230137047	-39.0115529737958
			74.6634483966568	-39.051078356748
			74.702973779609	-39.051078356748
			74.7424991625612	-39.0906037397002
			74.7820245455134	-39.0906037397002
			74.8215499284655	-39.1301291226523
			74.8610753114177	-39.1301291226523
			74.9006006943699	-39.1696545056045
			74.9401260773221	-39.1696545056045
			74.9796514602742	-39.2091798885567
			75.0191768432264	-39.2091798885567
			75.0587022261786	-39.2487052715089
			75.0982276091308	-39.288230654461
			75.1377529920829	-39.288230654461
			75.1772783750351	-39.3277560374132
			75.2168037579873	-39.3277560374132
			75.2563291409394	-39.3672814203654
			75.2958545238916	-39.3672814203654
			75.3353799068438	-39.4068068033176
			75.374905289796	-39.4068068033176
			75.4144306727481	-39.4463321862697
			75.4539560557003	-39.4463321862697
			75.4934814386525	-39.4858575692219
			75.5330068216047	-39.4858575692219
			75.5330068216047	-39.5253829521741
			75.5725322045568	-39.5253829521741
			75.612057587509	-39.5649083351263
			75.6515829704612	-39.5649083351263
			75.6911083534134	-39.5649083351263
			75.7306337363655	-39.6044337180784
			75.7701591193177	-39.6044337180784
			75.8096845022699	-39.6439591010306
			75.8492098852221	-39.6439591010306
			75.8492098852221	-39.6834844839828
			75.8887352681742	-39.6834844839828
			75.9282606511264	-39.723009866935
			75.9677860340786	-39.723009866935
			76.0073114170308	-39.7625352498871
			76.0468367999829	-39.7625352498871
			76.0863621829351	-39.8020606328393
			76.1258875658873	-39.8020606328393
			76.1654129488394	-39.8415860157915
			76.2049383317916	-39.8415860157915
			76.2049383317916	-39.8811113987436
			76.2444637147438	-39.8811113987436
			76.283989097696	-39.9206367816958
			76.3235144806481	-39.9206367816958
			76.3630398636003	-39.960162164648
			76.4025652465525	-39.960162164648
			76.4420906295047	-39.9996875476002
			76.4816160124568	-39.9996875476002
			76.521141395409	-40.0392129305523
			76.5606667783612	-40.0392129305523
			76.6001921613134	-40.0787383135045
			76.6397175442655	-40.1182636964567
			76.6792429272177	-40.1577890794089
			76.7187683101699	-40.1577890794089
			76.7582936931221	-40.1577890794089
			76.7582936931221	-40.197314462361
			76.7978190760742	-40.197314462361
			76.8373444590264	-40.2368398453132
			76.8768698419786	-40.2368398453132
			76.9163952249308	-40.2763652282654
			76.9559206078829	-40.3158906112176
			76.9954459908351	-40.3158906112176
			77.0349713737873	-40.3554159941697
			77.0744967567395	-40.3554159941697
			77.1140221396916	-40.3554159941697
			77.1140221396916	-40.3949413771219
			77.1535475226438	-40.3949413771219
			77.193072905596	-40.4344667600741
			77.2325982885481	-40.4344667600741
			77.2721236715003	-40.4739921430263
			77.3116490544525	-40.4739921430263
			77.3116490544525	-40.5135175259784
			77.3511744374047	-40.5135175259784
			77.3906998203568	-40.5530429089306
			77.430225203309	-40.5530429089306
			77.4697505862612	-40.5925682918828
			77.5092759692134	-40.5925682918828
			77.5092759692134	-40.632093674835
			77.5488013521655	-40.632093674835
			77.5883267351177	-40.6716190577871
			77.6278521180699	-40.6716190577871
			77.6673775010221	-40.7111444407393
			77.7069028839742	-40.7111444407393
			77.7464282669264	-40.7506698236915
			77.7859536498786	-40.7901952066437
			77.8254790328308	-40.7901952066437
			77.8650044157829	-40.8297205895958
			77.9045297987351	-40.869245972548
			77.9440551816873	-40.869245972548
			77.9835805646395	-40.9087713555002
			78.0231059475916	-40.9482967384523
			78.0626313305438	-40.9482967384523
			78.102156713496	-40.9482967384523
			78.102156713496	-40.9878221214045
			78.1416820964482	-40.9878221214045
			78.1812074794003	-40.9878221214045
			78.1812074794003	-41.0273475043567
			78.2207328623525	-41.0273475043567
			78.2207328623525	-41.0668728873089
			78.2602582453047	-41.0668728873089
			78.2997836282568	-41.0668728873089
			78.2997836282568	-41.106398270261
			78.339309011209	-41.106398270261
			78.3788343941612	-41.1459236532132
			78.4183597771134	-41.1459236532132
			78.4578851600655	-41.1854490361654
			78.4974105430177	-41.2249744191176
			78.5369359259699	-41.2249744191176
			78.5764613089221	-41.2644998020697
			78.6159866918742	-41.2644998020697
			78.6555120748264	-41.3040251850219
			78.6950374577786	-41.3435505679741
			78.7345628407308	-41.3435505679741
			78.7740882236829	-41.3830759509263
			78.8136136066351	-41.3830759509263
			78.8531389895873	-41.4226013338784
			78.8926643725395	-41.4621267168306
			78.9321897554916	-41.4621267168306
			78.9717151384438	-41.5016520997828
			79.011240521396	-41.5016520997828
			79.0507659043482	-41.541177482735
			79.0902912873003	-41.5807028656871
			79.1298166702525	-41.5807028656871
			79.1693420532047	-41.6202282486393
			79.2088674361569	-41.6597536315915
			79.248392819109	-41.6992790145437
			79.2879182020612	-41.6992790145437
			79.3274435850134	-41.7388043974958
			79.3669689679655	-41.7388043974958
			79.4064943509177	-41.778329780448
			79.4460197338699	-41.778329780448
			79.4460197338699	-41.8178551634002
			79.4855451168221	-41.8178551634002
			79.5250704997742	-41.8573805463524
			79.5645958827264	-41.8573805463524
			79.6041212656786	-41.8969059293045
			79.6436466486308	-41.8969059293045
			79.6436466486308	-41.9364313122567
			79.6831720315829	-41.9364313122567
			79.7226974145351	-41.9759566952089
			79.7622227974873	-41.9759566952089
			79.8017481804395	-42.015482078161
			79.8412735633916	-42.0550074611132
			79.8807989463438	-42.0945328440654
			79.920324329296	-42.0945328440654
			79.9598497122482	-42.1340582270176
			79.9993750952003	-42.1735836099697
			80.0389004781525	-42.1735836099697
			80.0784258611047	-42.2131089929219
			80.1179512440569	-42.2131089929219
			80.157476627009	-42.2526343758741
			80.1970020099612	-42.2921597588263
			80.2365273929134	-42.2921597588263
			80.2760527758656	-42.3316851417784
			80.3155781588177	-42.3712105247306
			80.3551035417699	-42.3712105247306
			80.3946289247221	-42.4107359076828
			80.4341543076742	-42.4107359076828
			80.4736796906264	-42.450261290635
			80.5132050735786	-42.4897866735871
			80.5527304565308	-42.4897866735871
			80.5922558394829	-42.5293120565393
			80.6317812224351	-42.5293120565393
			80.6713066053873	-42.5688374394915
			80.7108319883395	-42.6083628224437
			80.7503573712916	-42.6083628224437
			80.7503573712916	-42.6478882053958
			80.7898827542438	-42.6478882053958
			80.829408137196	-42.687413588348
			80.8689335201482	-42.7269389713002
			80.9084589031003	-42.7269389713002
			80.9479842860525	-42.7664643542524
			80.9875096690047	-42.7664643542524
			81.0270350519569	-42.8059897372045
			81.066560434909	-42.8455151201567
			81.1060858178612	-42.8455151201567
			81.1456112008134	-42.8850405031089
			81.1851365837656	-42.8850405031089
			81.1851365837656	-42.9245658860611
			81.2246619667177	-42.9640912690132
			81.2641873496699	-42.9640912690132
			81.3037127326221	-43.0036166519654
			81.3432381155743	-43.0036166519654
			81.3827634985264	-43.0431420349176
			81.4222888814786	-43.0826674178698
			81.4618142644308	-43.0826674178698
			81.5013396473829	-43.1221928008219
			81.5408650303351	-43.1221928008219
			81.5803904132873	-43.1617181837741
			81.6199157962395	-43.2012435667263
			81.6594411791916	-43.2012435667263
			81.6989665621438	-43.2407689496784
			81.6989665621438	-43.2802943326306
			81.738491945096	-43.2802943326306
			81.7780173280482	-43.3198197155828
			81.8175427110003	-43.3198197155828
			81.8570680939525	-43.359345098535
			81.8965934769047	-43.3988704814871
			81.9361188598569	-43.3988704814871
			81.975644242809	-43.4383958644393
			82.0151696257612	-43.4779212473915
			82.0546950087134	-43.4779212473915
			82.0942203916656	-43.5174466303437
			82.1337457746177	-43.5569720132958
			82.1732711575699	-43.5569720132958
			82.2127965405221	-43.596497396248
			82.2523219234743	-43.596497396248
			82.2918473064264	-43.6360227792002
			82.3313726893786	-43.6755481621524
			82.3708980723308	-43.6755481621524
			82.410423455283	-43.7150735451045
			82.4499488382351	-43.7545989280567
			82.4894742211873	-43.7545989280567
			82.5289996041395	-43.7941243110089
			82.5289996041395	-43.8336496939611
			82.5685249870916	-43.8336496939611
			82.6080503700438	-43.8731750769132
			82.647575752996	-43.9127004598654
			82.6871011359482	-43.9127004598654
			82.7266265189003	-43.9522258428176
			82.7661519018525	-43.9522258428176
			82.8056772848047	-43.9522258428176
			82.8452026677569	-43.9917512257698
			82.884728050709	-43.9917512257698
			82.9242534336612	-44.0312766087219
			82.9637788166134	-44.0312766087219
			83.0033041995656	-44.0708019916741
			83.0428295825177	-44.0708019916741
			83.0823549654699	-44.1103273746263
			83.1218803484221	-44.1103273746263
			83.1614057313743	-44.1498527575785
			83.2009311143264	-44.1498527575785
			83.2404564972786	-44.1893781405306
			83.2799818802308	-44.1893781405306
			83.319507263183	-44.2289035234828
			83.3590326461351	-44.2289035234828
			83.3985580290873	-44.268428906435
			83.4380834120395	-44.268428906435
			83.4776087949917	-44.3079542893871
			83.5171341779438	-44.3079542893871
			83.556659560896	-44.3474796723393
			83.5961849438482	-44.3474796723393
			83.6357103268003	-44.3870050552915
			83.6752357097525	-44.3870050552915
			83.7147610927047	-44.4265304382437
			83.7542864756569	-44.4265304382437
			83.793811858609	-44.4265304382437
			83.793811858609	-44.4660558211958
			83.8333372415612	-44.4660558211958
			83.8728626245134	-44.505581204148
			83.9123880074656	-44.505581204148
			83.9519133904177	-44.5451065871002
			83.9914387733699	-44.5451065871002
			84.0309641563221	-44.5451065871002
			84.0309641563221	-44.5846319700524
			84.0704895392743	-44.5846319700524
			84.1100149222264	-44.6241573530045
			84.1495403051786	-44.6241573530045
			84.1890656881308	-44.6636827359567
			84.228591071083	-44.6636827359567
			84.2681164540351	-44.7032081189089
			84.3076418369873	-44.7032081189089
			84.3471672199395	-44.7427335018611
			84.3866926028917	-44.7427335018611
			84.4262179858438	-44.7822588848132
			84.465743368796	-44.7822588848132
			84.5052687517482	-44.8217842677654
			84.5447941347004	-44.8217842677654
			84.5843195176525	-44.8613096507176
			84.6238449006047	-44.8613096507176
			84.6633702835569	-44.9008350336698
			84.7028956665091	-44.9403604166219
			84.7424210494612	-44.9403604166219
			84.7819464324134	-44.9798857995741
			84.8214718153656	-44.9798857995741
			84.8609971983177	-45.0194111825263
			84.9005225812699	-45.0194111825263
			84.9400479642221	-45.0589365654785
			84.9795733471743	-45.0589365654785
			85.0190987301264	-45.0984619484306
			85.0586241130786	-45.0984619484306
			85.0981494960308	-45.1379873313828
			85.137674878983	-45.177512714335
			85.1772002619351	-45.177512714335
			85.2167256448873	-45.177512714335
			85.2562510278395	-45.2170380972872
			85.2957764107917	-45.2170380972872
			85.3353017937438	-45.2565634802393
			85.374827176696	-45.2960888631915
			85.4143525596482	-45.2960888631915
			85.4538779426004	-45.3356142461437
			85.4934033255525	-45.3356142461437
			85.5329287085047	-45.3751396290958
			85.5724540914569	-45.3751396290958
			85.6119794744091	-45.414665012048
			85.6515048573612	-45.414665012048
			85.6910302403134	-45.4541903950002
			85.7305556232656	-45.4937157779524
			85.7700810062178	-45.4937157779524
			85.8096063891699	-45.5332411609045
			85.8491317721221	-45.5727665438567
			85.8886571550743	-45.5727665438567
			85.9281825380264	-45.6122919268089
			85.9677079209786	-45.6122919268089
			86.0072333039308	-45.6518173097611
			86.046758686883	-45.6518173097611
			86.0862840698351	-45.6913426927132
			86.1258094527873	-45.6913426927132
			86.1653348357395	-45.7308680756654
			86.2048602186917	-45.7308680756654
			86.2048602186917	-45.7703934586176
			86.2443856016438	-45.8099188415698
			86.283910984596	-45.8099188415698
			86.3234363675482	-45.8494442245219
			86.3629617505004	-45.8494442245219
			86.3629617505004	-45.8889696074741
			86.4024871334525	-45.8889696074741
			86.4420125164047	-45.9284949904263
			86.4815378993569	-45.9284949904263
			86.4815378993569	-45.9680203733785
			86.5210632823091	-45.9680203733785
			86.5605886652612	-46.0075457563306
			86.6001140482134	-46.0075457563306
			86.6396394311656	-46.0470711392828
			86.6791648141178	-46.086596522235
			86.7186901970699	-46.1261219051872
			86.7582155800221	-46.1261219051872
			86.7977409629743	-46.1656472881393
			86.8372663459265	-46.2051726710915
			86.8767917288786	-46.2446980540437
			86.9163171118308	-46.2842234369958
			86.955842494783	-46.323748819948
			86.9953678777351	-46.323748819948
			87.0348932606873	-46.3632742029002
			87.0744186436395	-46.4027995858524
			87.1139440265917	-46.4423249688045
			87.1534694095438	-46.4818503517567
			87.1534694095438	-46.5213757347089
			87.192994792496	-46.5213757347089
			87.192994792496	-46.5609011176611
			87.192994792496	-46.6004265006132
			87.2325201754482	-46.6004265006132
			87.2325201754482	-46.6399518835654
			87.2325201754482	-46.6794772665176
			87.2325201754482	-46.7190026494698
			87.192994792496	-46.7585280324219
		</c1>
		<c2 type=matrix rownames=FALSE colnames=FALSE nrow=1204 ncol=2 as.numeric=TRUE >
			87.192994792496	-46.7585280324219
			87.1534694095438	-46.7980534153741
			87.1139440265917	-46.7980534153741
			87.0744186436395	-46.7980534153741
			87.0348932606873	-46.8375787983263
			86.9953678777351	-46.8375787983263
			86.955842494783	-46.8375787983263
			86.9163171118308	-46.8375787983263
			86.8767917288786	-46.8375787983263
			86.8372663459265	-46.8375787983263
			86.7977409629743	-46.8375787983263
			86.7582155800221	-46.7980534153741
			86.7186901970699	-46.7980534153741
			86.6791648141178	-46.7980534153741
			86.6396394311656	-46.7980534153741
			86.6001140482134	-46.7980534153741
			86.6001140482134	-46.7585280324219
			86.5605886652612	-46.7585280324219
			86.5210632823091	-46.7585280324219
			86.4815378993569	-46.7190026494698
			86.4420125164047	-46.7190026494698
			86.4024871334525	-46.6794772665176
			86.3629617505004	-46.6794772665176
			86.3629617505004	-46.6399518835654
			86.3234363675482	-46.6399518835654
			86.283910984596	-46.6004265006132
			86.2443856016438	-46.6004265006132
			86.2048602186917	-46.5609011176611
			86.1653348357395	-46.5609011176611
			86.1258094527873	-46.5213757347089
			86.1258094527873	-46.5609011176611
			86.0862840698351	-46.6004265006132
			86.046758686883	-46.6399518835654
			86.0072333039308	-46.6794772665176
			85.9677079209786	-46.7190026494698
			85.9281825380264	-46.7190026494698
			85.8886571550743	-46.7190026494698
			85.8491317721221	-46.7585280324219
			85.8096063891699	-46.7585280324219
			85.7700810062178	-46.7585280324219
			85.7305556232656	-46.7585280324219
			85.6910302403134	-46.7980534153741
			85.6515048573612	-46.7980534153741
			85.6119794744091	-46.7980534153741
			85.5724540914569	-46.7980534153741
			85.5329287085047	-46.7980534153741
			85.4934033255525	-46.7980534153741
			85.4538779426004	-46.7980534153741
			85.4143525596482	-46.7980534153741
			85.374827176696	-46.7980534153741
			85.3353017937438	-46.7980534153741
			85.2957764107917	-46.7980534153741
			85.2562510278395	-46.7980534153741
			85.2167256448873	-46.7980534153741
			85.1772002619351	-46.7980534153741
			85.137674878983	-46.7980534153741
			85.0981494960308	-46.7980534153741
			85.0586241130786	-46.7980534153741
			85.0190987301264	-46.7980534153741
			84.9795733471743	-46.7980534153741
			84.9400479642221	-46.7980534153741
			84.9005225812699	-46.7585280324219
			84.8609971983177	-46.7585280324219
			84.8214718153656	-46.7585280324219
			84.7819464324134	-46.7585280324219
			84.7424210494612	-46.7585280324219
			84.7028956665091	-46.7585280324219
			84.6633702835569	-46.7585280324219
			84.6238449006047	-46.7585280324219
			84.5843195176525	-46.7585280324219
			84.5447941347004	-46.7190026494698
			84.5052687517482	-46.7190026494698
			84.465743368796	-46.7190026494698
			84.4262179858438	-46.7190026494698
			84.3866926028917	-46.7190026494698
			84.3471672199395	-46.7190026494698
			84.3076418369873	-46.7190026494698
			84.2681164540351	-46.6794772665176
			84.228591071083	-46.6794772665176
			84.1890656881308	-46.6794772665176
			84.1495403051786	-46.6794772665176
			84.1100149222264	-46.6794772665176
			84.0704895392743	-46.6794772665176
			84.0309641563221	-46.6399518835654
			83.9914387733699	-46.6399518835654
			83.9519133904177	-46.6399518835654
			83.9123880074656	-46.6399518835654
			83.8728626245134	-46.6399518835654
			83.8333372415612	-46.6399518835654
			83.793811858609	-46.6004265006132
			83.7542864756569	-46.6004265006132
			83.7147610927047	-46.6004265006132
			83.6752357097525	-46.6004265006132
			83.6357103268003	-46.6004265006132
			83.5961849438482	-46.5609011176611
			83.556659560896	-46.5609011176611
			83.5171341779438	-46.5609011176611
			83.4776087949917	-46.5609011176611
			83.4380834120395	-46.5609011176611
			83.3985580290873	-46.5213757347089
			83.3590326461351	-46.5213757347089
			83.319507263183	-46.5213757347089
			83.2799818802308	-46.5213757347089
			83.2404564972786	-46.5213757347089
			83.2009311143264	-46.4818503517567
			83.1614057313743	-46.4818503517567
			83.1218803484221	-46.4818503517567
			83.0823549654699	-46.4818503517567
			83.0428295825177	-46.4818503517567
			83.0033041995656	-46.4423249688045
			82.9637788166134	-46.4423249688045
			82.9242534336612	-46.4818503517567
			82.884728050709	-46.4818503517567
			82.8452026677569	-46.5213757347089
			82.8056772848047	-46.5609011176611
			82.7661519018525	-46.6004265006132
			82.7266265189003	-46.6399518835654
			82.6871011359482	-46.6399518835654
			82.647575752996	-46.6794772665176
			82.6080503700438	-46.7190026494698
			82.5685249870916	-46.7190026494698
			82.5289996041395	-46.7585280324219
			82.4894742211873	-46.7980534153741
			82.4499488382351	-46.7980534153741
			82.410423455283	-46.8375787983263
			82.3708980723308	-46.8771041812785
			82.3313726893786	-46.8771041812785
			82.2918473064264	-46.9166295642306
			82.2523219234743	-46.9166295642306
			82.2127965405221	-46.9561549471828
			82.1732711575699	-46.9561549471828
			82.1337457746177	-46.995680330135
			82.0942203916656	-46.995680330135
			82.0546950087134	-47.0352057130872
			82.0151696257612	-47.0352057130872
			81.975644242809	-47.0352057130872
			81.9361188598569	-47.0747310960393
			81.8965934769047	-47.0747310960393
			81.8570680939525	-47.0747310960393
			81.8175427110003	-47.1142564789915
			81.7780173280482	-47.1142564789915
			81.738491945096	-47.1142564789915
			81.6989665621438	-47.1537818619437
			81.6594411791916	-47.1537818619437
			81.6199157962395	-47.1537818619437
			81.5803904132873	-47.1537818619437
			81.5408650303351	-47.1933072448959
			81.5013396473829	-47.1933072448959
			81.4618142644308	-47.1933072448959
			81.4222888814786	-47.1933072448959
			81.3827634985264	-47.1933072448959
			81.3432381155743	-47.232832627848
			81.3037127326221	-47.232832627848
			81.2641873496699	-47.232832627848
			81.2246619667177	-47.232832627848
			81.1851365837656	-47.232832627848
			81.1456112008134	-47.232832627848
			81.1060858178612	-47.232832627848
			81.066560434909	-47.232832627848
			81.0270350519569	-47.232832627848
			80.9875096690047	-47.232832627848
			80.9479842860525	-47.232832627848
			80.9084589031003	-47.232832627848
			80.8689335201482	-47.232832627848
			80.829408137196	-47.232832627848
			80.7898827542438	-47.232832627848
			80.7503573712916	-47.1933072448959
			80.7108319883395	-47.1933072448959
			80.6713066053873	-47.1933072448959
			80.6317812224351	-47.1933072448959
			80.5922558394829	-47.1933072448959
			80.5527304565308	-47.1537818619437
			80.5132050735786	-47.1537818619437
			80.4736796906264	-47.1537818619437
			80.4341543076742	-47.1142564789915
			80.3946289247221	-47.1142564789915
			80.3551035417699	-47.1142564789915
			80.3155781588177	-47.0747310960393
			80.2760527758656	-47.0747310960393
			80.2365273929134	-47.0352057130872
			80.1970020099612	-47.0352057130872
			80.157476627009	-47.0352057130872
			80.157476627009	-46.995680330135
			80.1179512440569	-46.995680330135
			80.0784258611047	-46.995680330135
			80.0389004781525	-47.0352057130872
			79.9993750952003	-47.0352057130872
			79.9598497122482	-47.0747310960393
			79.920324329296	-47.0747310960393
			79.8807989463438	-47.0747310960393
			79.8412735633916	-47.1142564789915
			79.8017481804395	-47.1142564789915
			79.7622227974873	-47.1142564789915
			79.7226974145351	-47.1142564789915
			79.6831720315829	-47.1537818619437
			79.6436466486308	-47.1537818619437
			79.6041212656786	-47.1537818619437
			79.5645958827264	-47.1933072448959
			79.5250704997742	-47.1933072448959
			79.4855451168221	-47.1933072448959
			79.4460197338699	-47.1933072448959
			79.4064943509177	-47.232832627848
			79.3669689679655	-47.232832627848
			79.3274435850134	-47.232832627848
			79.2879182020612	-47.232832627848
			79.248392819109	-47.232832627848
			79.2088674361569	-47.2723580108002
			79.1693420532047	-47.2723580108002
			79.1298166702525	-47.2723580108002
			79.0902912873003	-47.2723580108002
			79.0507659043482	-47.2723580108002
			79.011240521396	-47.3118833937524
			78.9717151384438	-47.3118833937524
			78.9321897554916	-47.3118833937524
			78.8926643725395	-47.3118833937524
			78.8531389895873	-47.3118833937524
			78.8136136066351	-47.3118833937524
			78.7740882236829	-47.3118833937524
			78.7345628407308	-47.3118833937524
			78.6950374577786	-47.3118833937524
			78.6950374577786	-47.3514087767045
			78.6555120748264	-47.3514087767045
			78.6159866918742	-47.3514087767045
			78.5764613089221	-47.3514087767045
			78.5369359259699	-47.3514087767045
			78.4974105430177	-47.3514087767045
			78.4578851600655	-47.3514087767045
			78.4183597771134	-47.3514087767045
			78.3788343941612	-47.3514087767045
			78.339309011209	-47.3514087767045
			78.2997836282568	-47.3514087767045
			78.2602582453047	-47.3514087767045
			78.2207328623525	-47.3514087767045
			78.1812074794003	-47.3514087767045
			78.1416820964482	-47.3514087767045
			78.102156713496	-47.3514087767045
			78.0626313305438	-47.3514087767045
			78.0231059475916	-47.3514087767045
			77.9835805646395	-47.3514087767045
			77.9440551816873	-47.3514087767045
			77.9045297987351	-47.3514087767045
			77.8650044157829	-47.3514087767045
			77.8254790328308	-47.3514087767045
			77.7859536498786	-47.3514087767045
			77.7464282669264	-47.3514087767045
			77.7069028839742	-47.3514087767045
			77.6673775010221	-47.3514087767045
			77.6278521180699	-47.3514087767045
			77.5883267351177	-47.3514087767045
			77.5488013521655	-47.3514087767045
			77.5092759692134	-47.3514087767045
			77.4697505862612	-47.3118833937524
			77.430225203309	-47.3118833937524
			77.3906998203568	-47.3118833937524
			77.3511744374047	-47.3118833937524
			77.3116490544525	-47.3118833937524
			77.2721236715003	-47.3118833937524
			77.2325982885481	-47.3118833937524
			77.193072905596	-47.3118833937524
			77.1535475226438	-47.2723580108002
			77.1140221396916	-47.2723580108002
			77.0744967567395	-47.2723580108002
			77.0349713737873	-47.2723580108002
			76.9954459908351	-47.2723580108002
			76.9559206078829	-47.2723580108002
			76.9163952249308	-47.2723580108002
			76.8768698419786	-47.232832627848
			76.8373444590264	-47.232832627848
			76.7978190760742	-47.232832627848
			76.7582936931221	-47.232832627848
			76.7187683101699	-47.232832627848
			76.6792429272177	-47.1933072448959
			76.6397175442655	-47.1933072448959
			76.6001921613134	-47.1933072448959
			76.5606667783612	-47.1933072448959
			76.521141395409	-47.1933072448959
			76.521141395409	-47.1537818619437
			76.4816160124568	-47.1537818619437
			76.4420906295047	-47.1537818619437
			76.4025652465525	-47.1537818619437
			76.3630398636003	-47.1142564789915
			76.3235144806481	-47.1142564789915
			76.283989097696	-47.1142564789915
			76.2444637147438	-47.1142564789915
			76.2049383317916	-47.1142564789915
			76.2049383317916	-47.0747310960393
			76.1654129488394	-47.0747310960393
			76.1258875658873	-47.0747310960393
			76.0863621829351	-47.0747310960393
			76.0468367999829	-47.0747310960393
			76.0073114170308	-47.0352057130872
			75.9677860340786	-47.0352057130872
			75.9282606511264	-47.0352057130872
			75.8887352681742	-46.995680330135
			75.8492098852221	-46.995680330135
			75.8096845022699	-46.995680330135
			75.7701591193177	-46.9561549471828
			75.7306337363655	-46.9561549471828
			75.6911083534134	-46.9561549471828
			75.6515829704612	-46.995680330135
			75.612057587509	-46.995680330135
			75.5725322045568	-46.995680330135
			75.5330068216047	-47.0352057130872
			75.4934814386525	-47.0352057130872
			75.4539560557003	-47.0352057130872
			75.4144306727481	-47.0747310960393
			75.374905289796	-47.0747310960393
			75.3353799068438	-47.0747310960393
			75.2958545238916	-47.0747310960393
			75.2563291409394	-47.1142564789915
			75.2168037579873	-47.1142564789915
			75.1772783750351	-47.1142564789915
			75.1377529920829	-47.1142564789915
			75.0982276091308	-47.1537818619437
			75.0587022261786	-47.1537818619437
			75.0191768432264	-47.1537818619437
			74.9796514602742	-47.1537818619437
			74.9401260773221	-47.1933072448959
			74.9006006943699	-47.1933072448959
			74.8610753114177	-47.1933072448959
			74.8215499284655	-47.1933072448959
			74.7820245455134	-47.1933072448959
			74.7424991625612	-47.232832627848
			74.702973779609	-47.232832627848
			74.6634483966568	-47.232832627848
			74.6239230137047	-47.232832627848
			74.5843976307525	-47.232832627848
			74.5448722478003	-47.232832627848
			74.5053468648481	-47.2723580108002
			74.465821481896	-47.2723580108002
			74.4262960989438	-47.2723580108002
			74.3867707159916	-47.2723580108002
			74.3472453330394	-47.2723580108002
			74.3077199500873	-47.2723580108002
			74.2681945671351	-47.2723580108002
			74.2286691841829	-47.2723580108002
			74.1891438012308	-47.2723580108002
			74.1496184182786	-47.3118833937524
			74.1100930353264	-47.3118833937524
			74.0705676523742	-47.3118833937524
			74.0310422694221	-47.3118833937524
			73.9915168864699	-47.3118833937524
			73.9519915035177	-47.3118833937524
			73.9124661205655	-47.3118833937524
			73.8729407376134	-47.3118833937524
			73.8334153546612	-47.3118833937524
			73.793889971709	-47.3118833937524
			73.7543645887568	-47.3118833937524
			73.7148392058047	-47.3118833937524
			73.6753138228525	-47.3118833937524
			73.6357884399003	-47.3118833937524
			73.5962630569481	-47.3118833937524
			73.556737673996	-47.3118833937524
			73.5172122910438	-47.3118833937524
			73.4776869080916	-47.3118833937524
			73.4381615251394	-47.3514087767045
			73.3986361421873	-47.3514087767045
			73.3591107592351	-47.3514087767045
			73.3195853762829	-47.3514087767045
			73.2800599933307	-47.3514087767045
			73.2405346103786	-47.3514087767045
			73.2010092274264	-47.3514087767045
			73.1614838444742	-47.3514087767045
			73.1219584615221	-47.3514087767045
			73.0824330785699	-47.3514087767045
			73.0429076956177	-47.3514087767045
			73.0033823126655	-47.3514087767045
			72.9638569297134	-47.3514087767045
			72.9243315467612	-47.3514087767045
			72.884806163809	-47.3514087767045
			72.8452807808568	-47.3118833937524
			72.8057553979047	-47.3118833937524
			72.7662300149525	-47.3118833937524
			72.7267046320003	-47.3118833937524
			72.6871792490481	-47.3118833937524
			72.647653866096	-47.3118833937524
			72.6081284831438	-47.3118833937524
			72.5686031001916	-47.3118833937524
			72.5290777172394	-47.3118833937524
			72.4895523342873	-47.3118833937524
			72.4500269513351	-47.3118833937524
			72.4105015683829	-47.3118833937524
			72.3709761854307	-47.3118833937524
			72.3314508024786	-47.3118833937524
			72.2919254195264	-47.3118833937524
			72.2524000365742	-47.3118833937524
			72.2128746536221	-47.3118833937524
			72.1733492706699	-47.3118833937524
			72.1338238877177	-47.3118833937524
			72.0942985047655	-47.3118833937524
			72.0547731218134	-47.2723580108002
			72.0152477388612	-47.2723580108002
			71.975722355909	-47.2723580108002
			71.9361969729568	-47.2723580108002
			71.8966715900047	-47.2723580108002
			71.8571462070525	-47.2723580108002
			71.8176208241003	-47.2723580108002
			71.7780954411481	-47.2723580108002
			71.738570058196	-47.2723580108002
			71.6990446752438	-47.2723580108002
			71.6595192922916	-47.2723580108002
			71.6199939093394	-47.232832627848
			71.5804685263873	-47.232832627848
			71.5409431434351	-47.232832627848
			71.5014177604829	-47.232832627848
			71.4618923775307	-47.232832627848
			71.4223669945786	-47.232832627848
			71.3828416116264	-47.232832627848
			71.3433162286742	-47.232832627848
			71.303790845722	-47.232832627848
			71.2642654627699	-47.1933072448959
			71.2247400798177	-47.1933072448959
			71.1852146968655	-47.1933072448959
			71.1456893139134	-47.1933072448959
			71.1061639309612	-47.1933072448959
			71.066638548009	-47.1933072448959
			71.0271131650568	-47.1933072448959
			70.9875877821047	-47.1933072448959
			70.9480623991525	-47.1537818619437
			70.9085370162003	-47.1537818619437
			70.8690116332481	-47.1537818619437
			70.829486250296	-47.1537818619437
			70.7899608673438	-47.1537818619437
			70.7504354843916	-47.1537818619437
			70.7109101014394	-47.1537818619437
			70.6713847184873	-47.1537818619437
			70.6318593355351	-47.1142564789915
			70.5923339525829	-47.1142564789915
			70.5528085696307	-47.1142564789915
			70.5132831866786	-47.1142564789915
			70.4737578037264	-47.1142564789915
			70.4342324207742	-47.1142564789915
			70.394707037822	-47.0747310960393
			70.3551816548699	-47.0747310960393
			70.3156562719177	-47.0747310960393
			70.2761308889655	-47.0747310960393
			70.2366055060133	-47.0747310960393
			70.1970801230612	-47.0747310960393
			70.157554740109	-47.0747310960393
			70.1180293571568	-47.0352057130872
			70.0785039742047	-47.0352057130872
			70.0389785912525	-47.0352057130872
			69.9994532083003	-47.0352057130872
			69.9599278253481	-47.0352057130872
			69.920402442396	-47.0352057130872
			69.8808770594438	-46.995680330135
			69.8413516764916	-46.995680330135
			69.8018262935394	-46.995680330135
			69.7623009105873	-46.995680330135
			69.7227755276351	-46.995680330135
			69.7227755276351	-46.9561549471828
			69.6832501446829	-46.9561549471828
			69.6437247617307	-46.9561549471828
			69.6041993787786	-46.9561549471828
			69.5646739958264	-46.9561549471828
			69.5251486128742	-46.9561549471828
			69.485623229922	-46.9166295642306
			69.4460978469699	-46.9166295642306
			69.4065724640177	-46.9166295642306
			69.3670470810655	-46.9166295642306
			69.3275216981133	-46.9166295642306
			69.2879963151612	-46.8771041812785
			69.248470932209	-46.8771041812785
			69.2089455492568	-46.8771041812785
			69.1694201663046	-46.8771041812785
			69.1298947833525	-46.8771041812785
			69.0903694004003	-46.8375787983263
			69.0508440174481	-46.8375787983263
			69.011318634496	-46.8375787983263
			68.9717932515438	-46.8375787983263
			68.9322678685916	-46.8375787983263
			68.8927424856394	-46.7980534153741
			68.8532171026873	-46.7980534153741
			68.8136917197351	-46.7980534153741
			68.7741663367829	-46.7980534153741
			68.7346409538307	-46.7980534153741
			68.6951155708786	-46.8375787983263
			68.6555901879264	-46.8375787983263
			68.6160648049742	-46.8375787983263
			68.576539422022	-46.8375787983263
			68.5370140390699	-46.8771041812785
			68.4974886561177	-46.8771041812785
			68.4579632731655	-46.8771041812785
			68.4184378902133	-46.8771041812785
			68.3789125072612	-46.8771041812785
			68.339387124309	-46.9166295642306
			68.2998617413568	-46.9166295642306
			68.2603363584046	-46.9166295642306
			68.2208109754525	-46.9166295642306
			68.1812855925003	-46.9561549471828
			68.1417602095481	-46.9561549471828
			68.1022348265959	-46.9561549471828
			68.0627094436438	-46.9561549471828
			68.0231840606916	-46.9561549471828
			67.9836586777394	-46.9561549471828
			67.9441332947872	-46.995680330135
			67.9046079118351	-46.995680330135
			67.8650825288829	-46.995680330135
			67.8255571459307	-46.995680330135
			67.7860317629786	-47.0352057130872
			67.7465063800264	-47.0352057130872
			67.7069809970742	-47.0352057130872
			67.667455614122	-47.0352057130872
			67.6279302311699	-47.0352057130872
			67.5884048482177	-47.0352057130872
			67.5488794652655	-47.0747310960393
			67.5093540823133	-47.0747310960393
			67.4698286993612	-47.0747310960393
			67.430303316409	-47.0747310960393
			67.3907779334568	-47.0747310960393
			67.3512525505046	-47.0747310960393
			67.3117271675525	-47.1142564789915
			67.2722017846003	-47.1142564789915
			67.2326764016481	-47.1142564789915
			67.1931510186959	-47.1142564789915
			67.1536256357438	-47.1142564789915
			67.1141002527916	-47.1537818619437
			67.0745748698394	-47.1537818619437
			67.0350494868872	-47.1537818619437
			66.9955241039351	-47.1537818619437
			66.9559987209829	-47.1537818619437
			66.9164733380307	-47.1537818619437
			66.8769479550785	-47.1933072448959
			66.8374225721264	-47.1933072448959
			66.7978971891742	-47.1933072448959
			66.758371806222	-47.1933072448959
			66.7188464232699	-47.1933072448959
			66.6793210403177	-47.1933072448959
			66.6397956573655	-47.1933072448959
			66.6002702744133	-47.1933072448959
			66.5607448914612	-47.232832627848
			66.521219508509	-47.232832627848
			66.4816941255568	-47.232832627848
			66.4421687426046	-47.232832627848
			66.4026433596525	-47.232832627848
			66.3631179767003	-47.232832627848
			66.3235925937481	-47.232832627848
			66.2840672107959	-47.232832627848
			66.2445418278438	-47.2723580108002
			66.2050164448916	-47.2723580108002
			66.1654910619394	-47.2723580108002
			66.1259656789872	-47.2723580108002
			66.0864402960351	-47.2723580108002
			66.0469149130829	-47.2723580108002
			66.0073895301307	-47.2723580108002
			65.9678641471785	-47.2723580108002
			65.9283387642264	-47.2723580108002
			65.8888133812742	-47.2723580108002
			65.849287998322	-47.2723580108002
			65.8097626153698	-47.2723580108002
			65.7702372324177	-47.2723580108002
			65.7307118494655	-47.2723580108002
			65.6911864665133	-47.3118833937524
			65.6516610835612	-47.3118833937524
			65.612135700609	-47.3118833937524
			65.5726103176568	-47.3118833937524
			65.5330849347046	-47.3118833937524
			65.4935595517525	-47.3118833937524
			65.4540341688003	-47.3118833937524
			65.4145087858481	-47.3118833937524
			65.3749834028959	-47.3118833937524
			65.3749834028959	-47.2723580108002
			65.3354580199438	-47.2723580108002
			65.2959326369916	-47.2723580108002
			65.2564072540394	-47.2723580108002
			65.2168818710872	-47.2723580108002
			65.1773564881351	-47.2723580108002
			65.1378311051829	-47.2723580108002
			65.0983057222307	-47.2723580108002
			65.0587803392785	-47.2723580108002
			65.0192549563264	-47.2723580108002
			64.9797295733742	-47.232832627848
			64.940204190422	-47.232832627848
			64.9006788074698	-47.232832627848
			64.8611534245177	-47.232832627848
			64.8216280415655	-47.232832627848
			64.7821026586133	-47.232832627848
			64.7425772756611	-47.232832627848
			64.703051892709	-47.232832627848
			64.6635265097568	-47.232832627848
			64.6240011268046	-47.1933072448959
			64.5844757438525	-47.1933072448959
			64.5449503609003	-47.1933072448959
			64.5054249779481	-47.1933072448959
			64.4658995949959	-47.1933072448959
			64.4263742120438	-47.1933072448959
			64.3868488290916	-47.1933072448959
			64.3473234461394	-47.1933072448959
			64.3077980631872	-47.1933072448959
			64.2682726802351	-47.1933072448959
			64.2287472972829	-47.1933072448959
			64.1892219143307	-47.1537818619437
			64.1496965313785	-47.1537818619437
			64.1101711484264	-47.1537818619437
			64.0706457654742	-47.1537818619437
			64.031120382522	-47.1537818619437
			63.9915949995698	-47.1537818619437
			63.9520696166177	-47.1537818619437
			63.9125442336655	-47.1537818619437
			63.8730188507133	-47.1142564789915
			63.8334934677611	-47.1142564789915
			63.793968084809	-47.1142564789915
			63.7544427018568	-47.1142564789915
			63.7149173189046	-47.1142564789915
			63.6753919359524	-47.1142564789915
			63.6358665530003	-47.1142564789915
			63.5963411700481	-47.0747310960393
			63.5568157870959	-47.0747310960393
			63.5172904041438	-47.0747310960393
			63.4777650211916	-47.0747310960393
			63.4382396382394	-47.0747310960393
			63.3987142552872	-47.0747310960393
			63.3591888723351	-47.0747310960393
			63.3196634893829	-47.0352057130872
			63.2801381064307	-47.0352057130872
			63.2406127234785	-47.0352057130872
			63.2010873405264	-47.0352057130872
			63.1615619575742	-47.0352057130872
			63.122036574622	-47.0352057130872
			63.0825111916698	-46.995680330135
			63.0429858087177	-46.995680330135
			63.0034604257655	-46.995680330135
			62.9639350428133	-46.995680330135
			62.9244096598611	-46.995680330135
			62.884884276909	-46.995680330135
			62.8453588939568	-46.9561549471828
			62.8058335110046	-46.9561549471828
			62.7663081280524	-46.9561549471828
			62.7267827451003	-46.9561549471828
			62.6872573621481	-46.9561549471828
			62.6477319791959	-46.9561549471828
			62.6082065962437	-46.9561549471828
			62.5686812132916	-46.9166295642306
			62.5291558303394	-46.9166295642306
			62.4896304473872	-46.9166295642306
			62.450105064435	-46.9166295642306
			62.4105796814829	-46.9166295642306
			62.3710542985307	-46.8771041812785
			62.3315289155785	-46.8771041812785
			62.2920035326264	-46.8771041812785
			62.2524781496742	-46.8771041812785
			62.212952766722	-46.8771041812785
			62.1734273837698	-46.8771041812785
			62.1339020008177	-46.8375787983263
			62.0943766178655	-46.8375787983263
			62.0548512349133	-46.8375787983263
			62.0153258519611	-46.8375787983263
			61.975800469009	-46.8375787983263
			61.9362750860568	-46.8375787983263
			61.8967497031046	-46.7980534153741
			61.8572243201524	-46.7980534153741
			61.8176989372003	-46.7980534153741
			61.7781735542481	-46.7980534153741
			61.7386481712959	-46.7980534153741
			61.6991227883437	-46.7585280324219
			61.6595974053916	-46.7585280324219
			61.6200720224394	-46.7585280324219
			61.5805466394872	-46.7585280324219
			61.541021256535	-46.7585280324219
			61.5014958735829	-46.7190026494698
			61.4619704906307	-46.7190026494698
			61.4224451076785	-46.7190026494698
			61.3829197247263	-46.7190026494698
			61.3433943417742	-46.7190026494698
			61.303868958822	-46.7190026494698
			61.2643435758698	-46.7190026494698
			61.2248181929177	-46.7585280324219
			61.1852928099655	-46.7585280324219
			61.1457674270133	-46.7585280324219
			61.1062420440611	-46.7585280324219
			61.066716661109	-46.7585280324219
			61.0271912781568	-46.7585280324219
			60.9876658952046	-46.7585280324219
			60.9481405122524	-46.7585280324219
			60.9086151293003	-46.7585280324219
			60.8690897463481	-46.7585280324219
			60.8295643633959	-46.7585280324219
			60.7900389804437	-46.7585280324219
			60.7505135974916	-46.7585280324219
			60.7109882145394	-46.7980534153741
			60.6714628315872	-46.7980534153741
			60.631937448635	-46.7980534153741
			60.5924120656829	-46.7980534153741
			60.5528866827307	-46.7980534153741
			60.5133612997785	-46.7980534153741
			60.4738359168263	-46.7980534153741
			60.4343105338742	-46.7980534153741
			60.394785150922	-46.7980534153741
			60.3552597679698	-46.7980534153741
			60.3157343850176	-46.7980534153741
			60.2762090020655	-46.7980534153741
			60.2366836191133	-46.7980534153741
			60.1971582361611	-46.7980534153741
			60.157632853209	-46.7980534153741
			60.1181074702568	-46.7980534153741
			60.0785820873046	-46.7980534153741
			60.0390567043524	-46.7980534153741
			59.9995313214003	-46.8375787983263
			59.9600059384481	-46.8375787983263
			59.9204805554959	-46.8375787983263
			59.8809551725437	-46.8375787983263
			59.8414297895916	-46.8375787983263
			59.8019044066394	-46.8375787983263
			59.7623790236872	-46.8375787983263
			59.722853640735	-46.8375787983263
			59.6833282577829	-46.8375787983263
			59.6438028748307	-46.8375787983263
			59.6042774918785	-46.8375787983263
			59.5647521089263	-46.8375787983263
			59.5252267259742	-46.8375787983263
			59.485701343022	-46.8375787983263
			59.4461759600698	-46.8375787983263
			59.4066505771176	-46.8375787983263
			59.3671251941655	-46.8375787983263
			59.3275998112133	-46.8375787983263
			59.2880744282611	-46.8375787983263
			59.2485490453089	-46.8375787983263
			59.2090236623568	-46.8375787983263
			59.1694982794046	-46.8375787983263
			59.1299728964524	-46.8375787983263
			59.0904475135003	-46.8375787983263
			59.0509221305481	-46.8375787983263
			59.0113967475959	-46.8375787983263
			58.9718713646437	-46.8375787983263
			58.9323459816916	-46.8375787983263
			58.8928205987394	-46.8375787983263
			58.8532952157872	-46.8375787983263
			58.813769832835	-46.8375787983263
			58.7742444498829	-46.8375787983263
			58.7347190669307	-46.8375787983263
			58.6951936839785	-46.8375787983263
			58.6556683010263	-46.8375787983263
			58.6161429180742	-46.8375787983263
			58.576617535122	-46.8375787983263
			58.5370921521698	-46.8375787983263
			58.4975667692176	-46.8375787983263
			58.4580413862655	-46.8375787983263
			58.4185160033133	-46.8375787983263
			58.3789906203611	-46.8375787983263
			58.3394652374089	-46.8375787983263
			58.2999398544568	-46.8375787983263
			58.2604144715046	-46.8375787983263
			58.2208890885524	-46.8375787983263
			58.1813637056002	-46.8375787983263
			58.1418383226481	-46.8375787983263
			58.1023129396959	-46.8375787983263
			58.0627875567437	-46.8375787983263
			58.0232621737916	-46.8375787983263
			57.9837367908394	-46.8375787983263
			57.9442114078872	-46.8375787983263
			57.904686024935	-46.8375787983263
			57.8651606419829	-46.8375787983263
			57.8256352590307	-46.8375787983263
			57.7861098760785	-46.8375787983263
			57.7465844931263	-46.8375787983263
			57.7070591101742	-46.8375787983263
			57.667533727222	-46.8375787983263
			57.6280083442698	-46.8375787983263
			57.5884829613176	-46.8375787983263
			57.5489575783655	-46.8375787983263
			57.5094321954133	-46.8375787983263
			57.4699068124611	-46.8375787983263
			57.4303814295089	-46.7980534153741
			57.3908560465568	-46.7980534153741
			57.3513306636046	-46.7980534153741
			57.3118052806524	-46.7980534153741
			57.2722798977002	-46.7980534153741
			57.2327545147481	-46.7980534153741
			57.1932291317959	-46.7980534153741
			57.1537037488437	-46.7980534153741
			57.1141783658915	-46.7980534153741
			57.0746529829394	-46.7980534153741
			57.0351275999872	-46.7980534153741
			56.995602217035	-46.7980534153741
			56.9560768340829	-46.7980534153741
			56.9165514511307	-46.7980534153741
			56.8770260681785	-46.7980534153741
			56.8375006852263	-46.7980534153741
			56.7979753022742	-46.7980534153741
			56.758449919322	-46.7980534153741
			56.7189245363698	-46.7585280324219
			56.6793991534176	-46.7585280324219
			56.6398737704655	-46.7585280324219
			56.6003483875133	-46.7585280324219
			56.5608230045611	-46.7585280324219
			56.5212976216089	-46.7585280324219
			56.4817722386568	-46.7585280324219
			56.4422468557046	-46.7585280324219
			56.4027214727524	-46.7585280324219
			56.3631960898002	-46.7585280324219
			56.3236707068481	-46.7585280324219
			56.2841453238959	-46.7585280324219
			56.2446199409437	-46.7585280324219
			56.2050945579915	-46.7585280324219
			56.1655691750394	-46.7585280324219
			56.1260437920872	-46.7585280324219
			56.086518409135	-46.7585280324219
			56.0469930261828	-46.7585280324219
			56.0074676432307	-46.7585280324219
			55.9679422602785	-46.7585280324219
			55.9284168773263	-46.7585280324219
			55.8888914943741	-46.7585280324219
			55.849366111422	-46.7585280324219
			55.8098407284698	-46.7585280324219
			55.7703153455176	-46.7585280324219
			55.7307899625655	-46.7585280324219
			55.6912645796133	-46.7585280324219
			55.6517391966611	-46.7585280324219
			55.6122138137089	-46.7585280324219
			55.5726884307568	-46.7585280324219
			55.5331630478046	-46.7585280324219
			55.4936376648524	-46.7585280324219
			55.4541122819002	-46.7585280324219
			55.4145868989481	-46.7585280324219
			55.3750615159959	-46.7585280324219
			55.3355361330437	-46.7585280324219
			55.2960107500915	-46.7585280324219
			55.2564853671394	-46.7585280324219
			55.2169599841872	-46.7585280324219
			55.177434601235	-46.7585280324219
			55.1379092182828	-46.7585280324219
			55.0983838353307	-46.7585280324219
			55.0588584523785	-46.7585280324219
			55.0193330694263	-46.7585280324219
			54.9798076864741	-46.7585280324219
			54.940282303522	-46.7585280324219
			54.9007569205698	-46.7585280324219
			54.8612315376176	-46.7585280324219
			54.8217061546654	-46.7585280324219
			54.7821807717133	-46.7585280324219
			54.7426553887611	-46.7585280324219
			54.7031300058089	-46.7585280324219
			54.6636046228568	-46.7585280324219
			54.6240792399046	-46.7585280324219
			54.5845538569524	-46.7585280324219
			54.5450284740002	-46.7585280324219
			54.5055030910481	-46.7190026494698
			54.4659777080959	-46.7190026494698
			54.4264523251437	-46.7190026494698
			54.3869269421915	-46.7190026494698
			54.3474015592394	-46.7190026494698
			54.3078761762872	-46.7190026494698
			54.268350793335	-46.7190026494698
			54.2288254103828	-46.7190026494698
			54.1893000274307	-46.7190026494698
			54.1497746444785	-46.7190026494698
			54.1102492615263	-46.7190026494698
			54.0707238785741	-46.7190026494698
			54.031198495622	-46.7190026494698
			53.9916731126698	-46.7190026494698
			53.9521477297176	-46.7190026494698
			53.9126223467654	-46.7190026494698
			53.8730969638133	-46.6794772665176
			53.8335715808611	-46.6794772665176
			53.7940461979089	-46.6794772665176
			53.7545208149567	-46.6794772665176
			53.7149954320046	-46.6794772665176
			53.6754700490524	-46.6794772665176
			53.6359446661002	-46.6794772665176
			53.5964192831481	-46.6794772665176
			53.5568939001959	-46.6794772665176
			53.5173685172437	-46.6794772665176
			53.4778431342915	-46.6794772665176
			53.4383177513394	-46.6794772665176
			53.3987923683872	-46.6399518835654
			53.359266985435	-46.6399518835654
			53.3197416024828	-46.6399518835654
			53.2802162195307	-46.6399518835654
			53.2406908365785	-46.6399518835654
			53.2011654536263	-46.6399518835654
			53.1616400706741	-46.6399518835654
			53.122114687722	-46.6399518835654
			53.0825893047698	-46.6399518835654
			53.0430639218176	-46.6399518835654
			53.0035385388654	-46.6004265006132
			52.9640131559133	-46.6004265006132
			52.9244877729611	-46.6004265006132
			52.8849623900089	-46.6004265006132
			52.8454370070567	-46.6004265006132
			52.8059116241046	-46.6004265006132
			52.7663862411524	-46.6004265006132
			52.7268608582002	-46.5609011176611
			52.687335475248	-46.5609011176611
			52.6478100922959	-46.5609011176611
			52.6082847093437	-46.5609011176611
			52.5687593263915	-46.5609011176611
			52.5292339434394	-46.5609011176611
			52.4897085604872	-46.5609011176611
			52.450183177535	-46.5609011176611
			52.4106577945828	-46.5213757347089
			52.3711324116307	-46.5213757347089
			52.3316070286785	-46.5213757347089
			52.2920816457263	-46.5213757347089
			52.2525562627741	-46.5213757347089
			52.213030879822	-46.5213757347089
			52.1735054968698	-46.4818503517567
			52.1339801139176	-46.4818503517567
			52.0944547309654	-46.4818503517567
			52.0549293480133	-46.4818503517567
			52.0154039650611	-46.4818503517567
			51.9758785821089	-46.4818503517567
			51.9363531991567	-46.4818503517567
			51.8968278162046	-46.4423249688045
			51.8573024332524	-46.4423249688045
			51.8177770503002	-46.4423249688045
			51.778251667348	-46.4423249688045
			51.7387262843959	-46.4423249688045
			51.6992009014437	-46.4423249688045
			51.6596755184915	-46.4027995858524
			51.6201501355393	-46.4027995858524
			51.5806247525872	-46.4027995858524
			51.541099369635	-46.4027995858524
			51.5015739866828	-46.3632742029002
			51.4620486037307	-46.3632742029002
			51.4225232207785	-46.3632742029002
			51.3829978378263	-46.3632742029002
			51.3434724548741	-46.3632742029002
			51.303947071922	-46.323748819948
			51.2644216889698	-46.323748819948
			51.2248963060176	-46.323748819948
			51.1853709230654	-46.323748819948
			51.1458455401133	-46.323748819948
			51.1063201571611	-46.2842234369958
			51.0667947742089	-46.2842234369958
			51.0272693912567	-46.2842234369958
			50.9877440083046	-46.2842234369958
			50.9482186253524	-46.2842234369958
			50.9086932424002	-46.2842234369958
			50.869167859448	-46.2842234369958
			50.8296424764959	-46.2446980540437
			50.7901170935437	-46.2446980540437
			50.7505917105915	-46.2446980540437
			50.7110663276393	-46.2446980540437
			50.6715409446872	-46.2446980540437
			50.632015561735	-46.2446980540437
			50.5924901787828	-46.2446980540437
			50.5529647958306	-46.2446980540437
			50.5134394128785	-46.2446980540437
			50.4739140299263	-46.2446980540437
			50.4343886469741	-46.2051726710915
			50.394863264022	-46.2051726710915
			50.3553378810698	-46.2051726710915
			50.3158124981176	-46.2051726710915
			50.2762871151654	-46.2051726710915
			50.2367617322133	-46.2051726710915
			50.1972363492611	-46.2051726710915
			50.1577109663089	-46.2051726710915
			50.1181855833567	-46.2051726710915
			50.0786602004046	-46.2051726710915
			50.0391348174524	-46.2051726710915
			49.9996094345002	-46.2051726710915
			49.960084051548	-46.2051726710915
			49.9205586685959	-46.2051726710915
			49.8810332856437	-46.2051726710915
			49.8415079026915	-46.1656472881393
			49.8019825197393	-46.1656472881393
			49.7624571367872	-46.1656472881393
			49.722931753835	-46.1656472881393
			49.6834063708828	-46.1656472881393
			49.6438809879306	-46.1656472881393
			49.6043556049785	-46.1656472881393
			49.5648302220263	-46.1656472881393
			49.5253048390741	-46.1656472881393
			49.4857794561219	-46.1656472881393
			49.4462540731698	-46.1656472881393
			49.4067286902176	-46.1656472881393
			49.3672033072654	-46.1656472881393
			49.3276779243132	-46.1656472881393
			49.2881525413611	-46.1656472881393
			49.2486271584089	-46.1656472881393
			49.2091017754567	-46.1656472881393
			49.1695763925046	-46.1656472881393
			49.1300510095524	-46.1656472881393
			49.0905256266002	-46.1656472881393
			49.051000243648	-46.1656472881393
			49.0114748606959	-46.1656472881393
			48.9719494777437	-46.1656472881393
			48.9324240947915	-46.1656472881393
			48.8928987118393	-46.1656472881393
			48.8533733288872	-46.1656472881393
			48.813847945935	-46.1656472881393
			48.7743225629828	-46.1656472881393
			48.7347971800306	-46.1656472881393
			48.6952717970785	-46.1656472881393
			48.6557464141263	-46.1656472881393
			48.6162210311741	-46.1656472881393
			48.5766956482219	-46.1656472881393
			48.5371702652698	-46.1656472881393
			48.4976448823176	-46.1656472881393
			48.4581194993654	-46.1656472881393
			48.4185941164132	-46.1656472881393
			48.3790687334611	-46.1656472881393
			48.3395433505089	-46.1656472881393
			48.3000179675567	-46.1656472881393
			48.2604925846045	-46.1656472881393
			48.2209672016524	-46.1656472881393
			48.1814418187002	-46.1656472881393
			48.141916435748	-46.1656472881393
			48.1023910527959	-46.1656472881393
			48.0628656698437	-46.1656472881393
			48.0233402868915	-46.1656472881393
			47.9838149039393	-46.1656472881393
			47.9442895209872	-46.1656472881393
			47.904764138035	-46.1656472881393
			47.8652387550828	-46.1656472881393
			47.8257133721306	-46.1656472881393
			47.7861879891785	-46.1656472881393
			47.7466626062263	-46.1656472881393
			47.7071372232741	-46.1656472881393
			47.6676118403219	-46.1656472881393
			47.6280864573698	-46.1656472881393
			47.5885610744176	-46.1656472881393
			47.5490356914654	-46.1656472881393
			47.5095103085132	-46.1656472881393
			47.4699849255611	-46.2051726710915
			47.4304595426089	-46.2051726710915
			47.3909341596567	-46.2051726710915
			47.3514087767045	-46.2051726710915
			47.3118833937524	-46.2051726710915
			47.2723580108002	-46.2051726710915
			47.232832627848	-46.2051726710915
			47.1933072448959	-46.2051726710915
			47.1537818619437	-46.2051726710915
			47.1142564789915	-46.2051726710915
			47.0747310960393	-46.2051726710915
			47.0352057130872	-46.2051726710915
			46.995680330135	-46.2051726710915
			46.9561549471828	-46.2051726710915
			46.9166295642306	-46.2051726710915
			46.8771041812785	-46.2051726710915
			46.8375787983263	-46.2051726710915
			46.7980534153741	-46.2051726710915
			46.7585280324219	-46.2051726710915
			46.7190026494698	-46.2051726710915
			46.6794772665176	-46.2051726710915
			46.6399518835654	-46.2051726710915
			46.6004265006132	-46.2051726710915
			46.5609011176611	-46.2051726710915
			46.5213757347089	-46.2051726710915
			46.4818503517567	-46.2051726710915
			46.4423249688045	-46.2051726710915
			46.4027995858524	-46.2051726710915
			46.3632742029002	-46.2051726710915
			46.323748819948	-46.2051726710915
			46.2842234369958	-46.2051726710915
			46.2446980540437	-46.2446980540437
			46.2051726710915	-46.2446980540437
			46.1656472881393	-46.2446980540437
			46.1261219051872	-46.2446980540437
			46.086596522235	-46.2446980540437
			46.0470711392828	-46.2446980540437
			46.0075457563306	-46.2446980540437
			45.9680203733785	-46.2446980540437
			45.9284949904263	-46.2446980540437
			45.8889696074741	-46.2446980540437
			45.8494442245219	-46.2446980540437
			45.8099188415698	-46.2446980540437
			45.7703934586176	-46.2446980540437
			45.7308680756654	-46.2446980540437
			45.6913426927132	-46.2446980540437
			45.6518173097611	-46.2446980540437
			45.6122919268089	-46.2446980540437
			45.5727665438567	-46.2446980540437
			45.5332411609045	-46.2446980540437
			45.4937157779524	-46.2446980540437
			45.4541903950002	-46.2446980540437
			45.414665012048	-46.2446980540437
			45.3751396290958	-46.2446980540437
			45.3356142461437	-46.2446980540437
			45.2960888631915	-46.2842234369958
			45.2565634802393	-46.2842234369958
			45.2170380972872	-46.2842234369958
			45.177512714335	-46.2842234369958
			45.1379873313828	-46.2842234369958
			45.0984619484306	-46.2842234369958
			45.0589365654785	-46.2842234369958
			45.0194111825263	-46.2842234369958
			44.9798857995741	-46.2842234369958
			44.9403604166219	-46.2842234369958
			44.9008350336698	-46.2842234369958
			44.8613096507176	-46.2842234369958
			44.8217842677654	-46.2842234369958
			44.7822588848132	-46.2842234369958
			44.7427335018611	-46.2842234369958
			44.7032081189089	-46.323748819948
			44.6636827359567	-46.323748819948
			44.6241573530045	-46.323748819948
			44.5846319700524	-46.323748819948
			44.5451065871002	-46.323748819948
			44.505581204148	-46.3632742029002
			44.4660558211958	-46.3632742029002
			44.4265304382437	-46.3632742029002
			44.3870050552915	-46.3632742029002
			44.3474796723393	-46.3632742029002
			44.3079542893871	-46.3632742029002
			44.268428906435	-46.3632742029002
			44.2289035234828	-46.4027995858524
			44.1893781405306	-46.4027995858524
			44.1498527575785	-46.4027995858524
			44.1103273746263	-46.4027995858524
			44.0708019916741	-46.4027995858524
			44.0312766087219	-46.4027995858524
			43.9917512257698	-46.4027995858524
			43.9522258428176	-46.4027995858524
			43.9127004598654	-46.4423249688045
			43.8731750769132	-46.4423249688045
			43.8336496939611	-46.4423249688045
			43.7941243110089	-46.4423249688045
			43.7545989280567	-46.4423249688045
			43.7150735451045	-46.4423249688045
			43.6755481621524	-46.4423249688045
			43.6360227792002	-46.4423249688045
			43.596497396248	-46.4423249688045
			43.5569720132958	-46.4423249688045
			43.5174466303437	-46.4423249688045
			43.4779212473915	-46.4423249688045
			43.4383958644393	-46.4423249688045
			43.3988704814871	-46.4818503517567
			43.359345098535	-46.4818503517567
			43.3198197155828	-46.4818503517567
			43.2802943326306	-46.4818503517567
			43.2407689496784	-46.4818503517567
			43.2012435667263	-46.4818503517567
			43.1617181837741	-46.4818503517567
			43.1221928008219	-46.4423249688045
			43.0826674178698	-46.4423249688045
			43.0431420349176	-46.4423249688045
			43.0036166519654	-46.4423249688045
			42.9640912690132	-46.4423249688045
			42.9245658860611	-46.4423249688045
			42.8850405031089	-46.4423249688045
			42.8455151201567	-46.4423249688045
			42.8059897372045	-46.4423249688045
			42.7664643542524	-46.4027995858524
			42.7269389713002	-46.4027995858524
			42.687413588348	-46.4027995858524
			42.6478882053958	-46.4027995858524
			42.6083628224437	-46.3632742029002
			42.5688374394915	-46.3632742029002
			42.5293120565393	-46.3632742029002
			42.4897866735871	-46.4027995858524
			42.450261290635	-46.4027995858524
			42.4107359076828	-46.4027995858524
			42.3712105247306	-46.4027995858524
			42.3316851417784	-46.4423249688045
			42.2921597588263	-46.4423249688045
			42.2526343758741	-46.4423249688045
			42.2131089929219	-46.4423249688045
			42.1735836099697	-46.4818503517567
			42.1340582270176	-46.4818503517567
			42.0945328440654	-46.4818503517567
			42.0550074611132	-46.4818503517567
			42.015482078161	-46.4818503517567
			41.9759566952089	-46.5213757347089
			41.9364313122567	-46.5213757347089
			41.8969059293045	-46.5213757347089
			41.8573805463524	-46.5213757347089
			41.8178551634002	-46.5213757347089
			41.778329780448	-46.5213757347089
			41.7388043974958	-46.5213757347089
			41.6992790145437	-46.5213757347089
			41.6597536315915	-46.5213757347089
			41.6202282486393	-46.5213757347089
			41.5807028656871	-46.5213757347089
			41.541177482735	-46.4818503517567
			41.5016520997828	-46.4818503517567
			41.4621267168306	-46.4423249688045
			41.4226013338784	-46.4423249688045
			41.4226013338784	-46.4027995858524
			41.3830759509263	-46.3632742029002
			41.3435505679741	-46.3632742029002
			41.3040251850219	-46.3632742029002
			41.2644998020697	-46.3632742029002
			41.2249744191176	-46.3632742029002
			41.1854490361654	-46.3632742029002
			41.1459236532132	-46.3632742029002
			41.106398270261	-46.3632742029002
			41.0668728873089	-46.3632742029002
			41.0273475043567	-46.3632742029002
			40.9878221214045	-46.3632742029002
			40.9482967384523	-46.3632742029002
			40.9087713555002	-46.3632742029002
			40.869245972548	-46.3632742029002
			40.8297205895958	-46.3632742029002
			40.7901952066437	-46.3632742029002
			40.7506698236915	-46.3632742029002
			40.7111444407393	-46.3632742029002
			40.6716190577871	-46.3632742029002
			40.632093674835	-46.3632742029002
			40.5925682918828	-46.3632742029002
			40.5530429089306	-46.3632742029002
			40.5135175259784	-46.323748819948
			40.4739921430263	-46.323748819948
			40.4344667600741	-46.323748819948
			40.3949413771219	-46.323748819948
			40.3554159941697	-46.323748819948
			40.3158906112176	-46.323748819948
			40.2763652282654	-46.2842234369958
			40.2368398453132	-46.2842234369958
			40.197314462361	-46.2842234369958
			40.1577890794089	-46.2446980540437
			40.1182636964567	-46.2446980540437
			40.0787383135045	-46.2051726710915
			40.0392129305523	-46.1656472881393
		</c2>
	</curves.scaled>
	<ruler.points type=matrix rownames=TRUE colnames=FALSE nrow=2 ncol=2 as.numeric=TRUE >
		Ruler point 1	614	272
		Ruler point 2	867	273
	</ruler.points>
</shapes>

