<shapes type=list>
	<ruler.pixel type=vector names=FALSE length=1 as.numeric=TRUE >250.007999872004</ruler.pixel>
	<ruler.interval type=vector names=FALSE length=1 as.numeric=TRUE >10</ruler.interval>
	<scaling.units type=vector names=FALSE length=1 as.numeric=FALSE >undefined</scaling.units>
	<scaling type=vector names=FALSE length=1 as.numeric=TRUE >0.0399987200614367</scaling>
	<landmarks.pixel type=matrix rownames=TRUE colnames=FALSE nrow=2 ncol=2 as.numeric=TRUE >
		LM1	613	1192
		LM2	1840	1232
	</landmarks.pixel>
	<landmarks.scaled type=matrix rownames=TRUE colnames=FALSE nrow=2 ncol=2 as.numeric=TRUE >
		LM1	24.5192153976607	-47.6784743132326
		LM2	73.5976449130436	-49.27842311569
	</landmarks.scaled>
	<curves.control type=list>
		<c1 type=matrix rownames=FALSE colnames=FALSE nrow=21 ncol=2 as.numeric=TRUE >
			613	1192
			686	1109
			763	1083
			779	1074
			834	1035
			962	930
			1037	917
			1089	869
			1139	869
			1199	863
			1259	839
			1358	791
			1420	852
			1507	907
			1556	953
			1613	995
			1692	1085
			1715	1113
			1735	1119
			1789	1162
			1840	1232
		</c1>
		<c2 type=matrix rownames=FALSE colnames=FALSE nrow=29 ncol=2 as.numeric=TRUE >
			1840	1232
			1830	1236
			1797	1224
			1759	1227
			1751	1221
			1706	1217
			1683	1213
			1648	1220
			1572	1205
			1528	1208
			1493	1199
			1446	1197
			1382	1192
			1329	1205
			1287	1198
			1237	1202
			1211	1199
			1146	1210
			1056	1203
			993	1209
			917	1211
			876	1214
			849	1207
			806	1209
			740	1208
			698	1211
			667	1204
			637	1204
			613	1192
		</c2>
	</curves.control>
	<curves.pixel type=list>
		<c1 type=matrix rownames=FALSE colnames=FALSE nrow=1336 ncol=2 as.numeric=TRUE >
			613	1192
			614	1191
			615	1190
			616	1189
			617	1188
			618	1187
			618	1186
			619	1185
			620	1185
			620	1184
			621	1183
			622	1182
			623	1181
			624	1180
			625	1179
			625	1178
			626	1178
			627	1177
			627	1176
			628	1175
			629	1175
			630	1174
			630	1173
			631	1172
			632	1172
			632	1171
			633	1170
			634	1170
			635	1169
			635	1168
			636	1167
			637	1167
			637	1166
			638	1165
			639	1165
			639	1164
			640	1163
			641	1162
			642	1162
			642	1161
			643	1160
			644	1160
			644	1159
			645	1158
			646	1158
			647	1157
			647	1156
			648	1156
			649	1155
			649	1154
			650	1154
			651	1153
			652	1152
			653	1151
			654	1150
			655	1149
			656	1148
			657	1147
			658	1147
			659	1146
			660	1145
			660	1144
			661	1144
			662	1143
			663	1142
			664	1141
			665	1141
			666	1140
			666	1139
			667	1139
			668	1138
			669	1137
			670	1136
			671	1136
			672	1135
			673	1134
			674	1133
			675	1132
			676	1131
			677	1130
			678	1130
			679	1129
			680	1128
			681	1128
			682	1127
			683	1126
			684	1125
			685	1124
			686	1124
			687	1123
			688	1123
			688	1122
			689	1122
			690	1121
			691	1121
			691	1120
			692	1120
			693	1119
			694	1118
			695	1117
			696	1117
			697	1116
			698	1116
			699	1115
			700	1114
			701	1114
			702	1113
			703	1112
			704	1111
			705	1111
			706	1111
			706	1110
			707	1110
			708	1109
			709	1109
			710	1108
			711	1107
			712	1107
			713	1106
			714	1105
			715	1105
			716	1104
			717	1104
			718	1103
			719	1103
			720	1102
			721	1102
			722	1101
			723	1101
			724	1100
			725	1100
			726	1099
			727	1099
			727	1098
			728	1098
			729	1097
			730	1097
			731	1096
			732	1096
			733	1095
			734	1095
			735	1094
			736	1094
			737	1093
			738	1093
			739	1093
			740	1092
			741	1092
			742	1091
			743	1091
			744	1090
			745	1090
			746	1090
			746	1089
			747	1089
			748	1088
			749	1088
			750	1088
			751	1087
			752	1087
			753	1087
			754	1086
			755	1086
			756	1085
			757	1085
			758	1085
			759	1084
			760	1084
			761	1084
			762	1083
			763	1083
			764	1083
			765	1082
			766	1082
			766	1081
			767	1081
			768	1080
			769	1079
			770	1079
			771	1078
			772	1077
			773	1077
			774	1076
			775	1076
			776	1075
			777	1074
			778	1074
			779	1073
			780	1072
			781	1072
			782	1071
			783	1070
			784	1069
			785	1069
			786	1068
			787	1068
			787	1067
			788	1067
			789	1066
			790	1066
			790	1065
			791	1065
			792	1064
			793	1064
			794	1063
			795	1063
			795	1062
			796	1061
			797	1061
			798	1060
			799	1060
			800	1059
			801	1058
			802	1057
			803	1056
			804	1056
			805	1056
			805	1055
			806	1055
			807	1054
			808	1053
			809	1053
			810	1052
			811	1051
			812	1051
			812	1050
			813	1050
			814	1049
			815	1048
			816	1048
			817	1047
			818	1046
			819	1046
			820	1045
			821	1045
			821	1044
			822	1043
			823	1043
			824	1042
			825	1041
			826	1041
			827	1040
			828	1039
			829	1038
			830	1038
			831	1037
			832	1036
			833	1036
			834	1035
			835	1034
			836	1033
			837	1033
			838	1032
			839	1031
			840	1031
			840	1030
			841	1029
			842	1028
			843	1028
			844	1027
			845	1026
			846	1025
			847	1024
			848	1023
			849	1023
			850	1022
			851	1021
			852	1020
			853	1019
			854	1019
			855	1018
			856	1017
			857	1016
			858	1016
			859	1015
			860	1014
			861	1013
			862	1013
			863	1012
			864	1011
			865	1010
			866	1010
			867	1009
			868	1008
			869	1007
			870	1007
			871	1006
			872	1005
			873	1004
			874	1004
			875	1003
			876	1002
			877	1001
			878	1001
			879	1000
			879	999
			880	999
			881	998
			882	997
			883	997
			884	996
			885	995
			886	994
			887	994
			888	993
			889	992
			890	992
			891	991
			892	990
			893	990
			894	989
			894	988
			895	988
			896	987
			897	986
			898	986
			899	985
			900	985
			901	984
			902	983
			903	983
			904	982
			904	981
			905	981
			906	980
			907	979
			908	979
			909	978
			910	978
			911	977
			912	976
			913	976
			913	975
			914	975
			915	974
			916	973
			917	973
			918	972
			919	972
			920	971
			921	970
			922	969
			923	969
			924	968
			925	967
			926	967
			927	966
			928	966
			928	965
			929	965
			930	965
			930	964
			931	964
			932	963
			933	962
			934	962
			935	961
			936	961
			937	960
			938	959
			939	959
			940	958
			941	958
			942	957
			943	956
			944	956
			945	955
			946	954
			947	954
			948	953
			949	953
			950	952
			951	951
			952	951
			953	950
			954	950
			955	949
			956	949
			957	948
			958	948
			959	947
			960	946
			961	946
			962	945
			963	945
			964	944
			965	944
			966	943
			967	943
			968	942
			969	942
			970	941
			971	941
			972	940
			973	940
			974	939
			975	939
			976	938
			977	938
			978	938
			979	937
			980	936
			981	936
			982	936
			982	935
			983	935
			984	935
			984	934
			985	934
			986	934
			986	933
			987	933
			988	933
			989	932
			990	932
			991	931
			992	931
			993	931
			993	930
			994	930
			995	930
			996	929
			997	929
			998	928
			999	928
			1000	928
			1001	927
			1002	927
			1003	927
			1003	926
			1004	926
			1005	926
			1006	925
			1007	925
			1008	925
			1009	924
			1010	924
			1011	924
			1012	923
			1013	923
			1014	923
			1015	922
			1016	922
			1017	922
			1018	921
			1019	921
			1020	921
			1021	921
			1022	920
			1023	920
			1024	920
			1025	919
			1026	919
			1027	919
			1028	919
			1029	919
			1030	918
			1031	918
			1032	918
			1033	918
			1034	918
			1035	917
			1036	917
			1037	917
			1038	917
			1038	916
			1039	915
			1040	914
			1041	913
			1042	912
			1043	912
			1044	911
			1044	910
			1045	910
			1046	909
			1047	908
			1048	908
			1048	907
			1049	906
			1050	906
			1051	905
			1052	904
			1053	903
			1054	903
			1055	902
			1056	901
			1057	900
			1058	900
			1059	899
			1060	898
			1061	898
			1061	897
			1062	896
			1063	896
			1064	895
			1065	894
			1066	894
			1067	893
			1068	893
			1069	892
			1070	891
			1071	891
			1072	890
			1073	889
			1074	888
			1075	888
			1076	888
			1076	887
			1077	887
			1078	887
			1078	886
			1079	886
			1080	885
			1081	885
			1082	884
			1083	884
			1084	883
			1085	883
			1086	882
			1087	882
			1088	881
			1089	881
			1090	880
			1091	880
			1092	879
			1093	879
			1094	879
			1095	878
			1096	878
			1097	877
			1098	877
			1099	876
			1100	876
			1101	876
			1102	875
			1103	875
			1104	875
			1105	874
			1106	874
			1107	874
			1108	874
			1108	873
			1109	873
			1110	873
			1111	873
			1112	873
			1112	872
			1113	872
			1114	872
			1115	872
			1116	872
			1116	871
			1117	871
			1118	871
			1119	871
			1120	871
			1121	870
			1122	870
			1123	870
			1124	870
			1125	870
			1126	870
			1127	870
			1128	870
			1129	869
			1130	869
			1131	869
			1132	869
			1133	869
			1134	869
			1135	869
			1136	869
			1137	869
			1138	869
			1139	869
			1140	869
			1141	869
			1142	869
			1143	869
			1144	868
			1145	868
			1146	868
			1147	868
			1148	868
			1149	868
			1150	868
			1151	868
			1152	867
			1153	867
			1154	867
			1155	867
			1156	867
			1157	867
			1158	867
			1159	866
			1160	866
			1161	866
			1162	866
			1163	866
			1164	866
			1165	866
			1166	865
			1167	865
			1168	865
			1169	865
			1170	865
			1171	864
			1172	864
			1173	864
			1174	864
			1175	864
			1176	864
			1177	863
			1178	863
			1179	863
			1180	863
			1181	863
			1182	862
			1183	862
			1184	862
			1185	862
			1186	861
			1187	861
			1188	861
			1189	861
			1190	861
			1191	860
			1192	860
			1193	860
			1194	860
			1195	859
			1196	859
			1197	859
			1198	859
			1199	858
			1200	858
			1201	858
			1202	858
			1203	857
			1204	857
			1205	857
			1206	857
			1207	856
			1208	856
			1209	856
			1210	856
			1211	855
			1212	855
			1213	855
			1214	854
			1215	854
			1216	854
			1217	854
			1218	853
			1219	853
			1220	853
			1221	852
			1222	852
			1223	852
			1224	851
			1225	851
			1226	851
			1227	850
			1228	850
			1229	850
			1230	850
			1231	849
			1232	849
			1233	849
			1234	848
			1235	848
			1236	848
			1237	847
			1238	847
			1239	846
			1240	846
			1241	846
			1242	845
			1243	845
			1244	845
			1245	844
			1246	844
			1247	844
			1248	843
			1249	843
			1250	842
			1251	842
			1252	842
			1253	841
			1254	841
			1255	841
			1256	840
			1257	840
			1258	839
			1259	839
			1260	839
			1261	838
			1262	838
			1263	837
			1264	837
			1265	836
			1266	836
			1267	835
			1268	835
			1269	835
			1270	834
			1271	834
			1272	833
			1273	833
			1274	832
			1275	832
			1276	831
			1277	831
			1278	831
			1278	830
			1279	830
			1280	830
			1281	830
			1281	829
			1282	829
			1283	829
			1284	828
			1285	828
			1286	828
			1287	827
			1288	827
			1289	827
			1290	826
			1291	826
			1292	826
			1293	825
			1294	825
			1295	825
			1296	824
			1297	824
			1298	824
			1299	824
			1300	823
			1301	823
			1302	823
			1303	823
			1304	822
			1305	822
			1306	822
			1307	822
			1308	821
			1309	821
			1310	821
			1311	821
			1312	821
			1313	820
			1314	820
			1315	820
			1316	820
			1317	820
			1318	820
			1319	819
			1320	819
			1321	819
			1322	819
			1323	819
			1324	819
			1325	819
			1326	818
			1327	818
			1328	818
			1329	818
			1330	818
			1331	818
			1332	818
			1333	818
			1334	818
			1335	818
			1336	818
			1337	818
			1338	818
			1339	818
			1340	818
			1341	818
			1342	818
			1343	818
			1344	818
			1345	818
			1346	818
			1347	818
			1348	818
			1349	818
			1350	818
			1351	818
			1352	819
			1353	819
			1354	819
			1355	819
			1356	819
			1357	819
			1358	819
			1359	820
			1360	820
			1361	820
			1362	820
			1363	820
			1364	821
			1365	821
			1366	821
			1367	821
			1368	822
			1369	822
			1370	822
			1371	822
			1372	823
			1373	823
			1374	823
			1375	823
			1376	824
			1377	824
			1378	825
			1379	825
			1380	825
			1381	826
			1382	826
			1383	827
			1384	827
			1385	828
			1386	828
			1387	828
			1387	829
			1388	829
			1389	829
			1390	830
			1391	830
			1392	831
			1393	832
			1394	832
			1395	833
			1396	833
			1397	834
			1398	834
			1398	835
			1399	835
			1400	836
			1401	836
			1402	837
			1403	838
			1404	839
			1405	839
			1406	840
			1407	841
			1408	842
			1409	842
			1410	843
			1411	844
			1412	845
			1413	846
			1414	846
			1415	847
			1416	848
			1417	849
			1418	850
			1419	851
			1420	852
			1421	852
			1422	853
			1423	854
			1424	855
			1425	855
			1426	856
			1427	857
			1428	857
			1429	858
			1430	858
			1431	859
			1432	859
			1433	860
			1433	861
			1434	861
			1435	862
			1436	862
			1437	863
			1438	863
			1439	864
			1440	865
			1441	865
			1441	866
			1442	866
			1443	867
			1444	868
			1445	868
			1446	869
			1447	869
			1448	870
			1449	871
			1450	872
			1451	872
			1452	873
			1453	874
			1454	874
			1455	875
			1456	876
			1457	876
			1458	877
			1459	878
			1460	878
			1461	879
			1462	880
			1463	880
			1464	881
			1465	882
			1466	883
			1467	883
			1468	884
			1469	885
			1470	885
			1471	886
			1472	887
			1473	887
			1474	888
			1475	889
			1476	889
			1477	890
			1478	891
			1479	891
			1480	892
			1481	893
			1482	893
			1483	894
			1483	895
			1484	895
			1485	896
			1486	896
			1487	897
			1488	898
			1489	898
			1490	899
			1491	900
			1492	900
			1493	901
			1493	902
			1494	902
			1495	903
			1496	904
			1497	904
			1498	905
			1499	906
			1500	906
			1500	907
			1501	908
			1502	908
			1503	909
			1504	909
			1505	910
			1506	911
			1507	912
			1508	913
			1509	914
			1510	914
			1511	915
			1512	916
			1513	917
			1514	917
			1515	918
			1516	919
			1517	920
			1518	920
			1519	921
			1520	922
			1521	923
			1522	923
			1523	924
			1524	925
			1525	926
			1526	927
			1527	928
			1528	929
			1529	929
			1529	930
			1530	930
			1531	931
			1532	932
			1533	933
			1534	934
			1535	934
			1536	935
			1537	936
			1538	937
			1539	938
			1540	938
			1541	939
			1541	940
			1542	941
			1543	941
			1544	942
			1545	943
			1546	944
			1547	944
			1547	945
			1548	946
			1549	947
			1550	947
			1551	948
			1552	949
			1552	950
			1553	950
			1554	951
			1555	952
			1555	953
			1556	953
			1557	954
			1558	955
			1559	955
			1560	956
			1561	957
			1562	957
			1563	958
			1564	959
			1565	960
			1566	960
			1567	961
			1567	962
			1568	963
			1569	963
			1570	964
			1571	965
			1572	966
			1573	966
			1574	967
			1575	968
			1576	969
			1577	970
			1578	970
			1579	971
			1580	972
			1581	973
			1582	974
			1583	974
			1584	975
			1585	976
			1586	977
			1587	978
			1588	979
			1589	980
			1590	981
			1591	981
			1592	982
			1593	983
			1594	984
			1595	985
			1596	986
			1597	987
			1598	988
			1599	989
			1600	990
			1601	991
			1602	992
			1603	993
			1604	994
			1605	995
			1606	996
			1607	997
			1608	997
			1609	998
			1610	999
			1611	1000
			1612	1001
			1613	1002
			1614	1002
			1614	1003
			1615	1004
			1616	1005
			1617	1005
			1618	1006
			1618	1007
			1619	1008
			1620	1008
			1621	1009
			1621	1010
			1622	1011
			1623	1011
			1624	1012
			1625	1013
			1625	1014
			1626	1015
			1627	1015
			1628	1016
			1629	1017
			1629	1018
			1630	1019
			1631	1019
			1632	1020
			1633	1021
			1633	1022
			1634	1023
			1635	1023
			1636	1024
			1637	1025
			1637	1026
			1638	1027
			1639	1028
			1640	1028
			1641	1029
			1642	1030
			1642	1031
			1643	1032
			1644	1033
			1645	1034
			1646	1034
			1647	1035
			1647	1036
			1648	1037
			1649	1038
			1650	1039
			1651	1040
			1652	1041
			1653	1042
			1654	1043
			1655	1044
			1656	1045
			1656	1046
			1657	1046
			1658	1047
			1658	1048
			1659	1048
			1660	1049
			1660	1050
			1661	1050
			1661	1051
			1662	1052
			1663	1052
			1663	1053
			1664	1054
			1665	1054
			1665	1055
			1666	1056
			1667	1057
			1668	1058
			1669	1059
			1670	1060
			1671	1061
			1671	1062
			1672	1063
			1673	1063
			1674	1064
			1674	1065
			1675	1066
			1676	1067
			1677	1068
			1677	1069
			1678	1069
			1679	1070
			1680	1071
			1680	1072
			1681	1073
			1682	1074
			1683	1075
			1684	1076
			1685	1077
			1686	1078
			1687	1079
			1688	1080
			1689	1081
			1689	1082
			1690	1082
			1690	1083
			1691	1084
			1692	1085
			1693	1086
			1693	1087
			1694	1087
			1695	1088
			1695	1089
			1696	1090
			1697	1090
			1697	1091
			1698	1092
			1699	1093
			1700	1094
			1701	1095
			1702	1096
			1703	1097
			1703	1098
			1704	1098
			1705	1099
			1706	1100
			1706	1101
			1707	1101
			1708	1102
			1709	1103
			1710	1104
			1711	1105
			1712	1106
			1713	1106
			1714	1107
			1715	1108
			1716	1108
			1716	1109
			1717	1110
			1718	1110
			1719	1111
			1720	1112
			1721	1112
			1722	1113
			1723	1114
			1724	1114
			1725	1115
			1726	1115
			1727	1116
			1728	1116
			1729	1117
			1730	1117
			1731	1118
			1732	1118
			1733	1119
			1734	1119
			1735	1119
			1736	1120
			1737	1121
			1738	1121
			1739	1122
			1740	1123
			1741	1124
			1742	1125
			1743	1125
			1744	1126
			1745	1127
			1746	1128
			1747	1129
			1748	1129
			1749	1130
			1750	1131
			1750	1132
			1751	1133
			1752	1134
			1753	1134
			1754	1135
			1755	1136
			1756	1137
			1757	1138
			1758	1139
			1759	1140
			1760	1140
			1761	1141
			1762	1142
			1763	1143
			1764	1144
			1765	1145
			1766	1146
			1767	1147
			1768	1148
			1769	1149
			1770	1150
			1771	1151
			1772	1152
			1773	1153
			1774	1154
			1775	1155
			1776	1156
			1777	1157
			1778	1158
			1779	1159
			1780	1160
			1781	1161
			1782	1162
			1783	1163
			1784	1164
			1785	1165
			1786	1166
			1787	1167
			1788	1168
			1789	1169
			1790	1170
			1790	1171
			1791	1172
			1792	1172
			1792	1173
			1793	1174
			1794	1175
			1795	1176
			1796	1177
			1796	1178
			1797	1179
			1798	1179
			1799	1180
			1799	1181
			1800	1182
			1801	1182
			1801	1183
			1802	1184
			1803	1185
			1803	1186
			1804	1186
			1805	1187
			1805	1188
			1806	1189
			1807	1190
			1808	1191
			1809	1192
			1810	1193
			1811	1194
			1811	1195
			1812	1196
			1813	1197
			1814	1198
			1815	1199
			1816	1200
			1816	1201
			1817	1202
			1818	1203
			1819	1204
			1820	1205
			1820	1206
			1821	1207
			1822	1208
			1823	1209
			1824	1210
			1824	1211
			1825	1212
			1826	1213
			1827	1214
			1827	1215
			1828	1216
			1828	1217
			1829	1217
			1830	1218
			1830	1219
			1831	1220
			1832	1221
			1833	1222
			1833	1223
			1834	1224
			1835	1225
			1836	1226
			1836	1227
			1837	1228
			1838	1229
			1838	1230
			1839	1231
			1840	1232
		</c1>
		<c2 type=matrix rownames=FALSE colnames=FALSE nrow=1238 ncol=2 as.numeric=TRUE >
			1840	1232
			1839	1232
			1838	1233
			1837	1233
			1836	1233
			1835	1233
			1834	1233
			1833	1233
			1832	1233
			1831	1233
			1830	1233
			1829	1233
			1828	1233
			1827	1233
			1826	1232
			1825	1232
			1824	1232
			1823	1232
			1822	1232
			1821	1231
			1820	1231
			1819	1231
			1818	1231
			1817	1230
			1816	1230
			1815	1230
			1814	1230
			1813	1229
			1812	1229
			1811	1229
			1810	1228
			1809	1228
			1808	1228
			1807	1228
			1807	1227
			1806	1227
			1805	1227
			1804	1227
			1804	1226
			1803	1226
			1802	1226
			1801	1225
			1800	1225
			1799	1225
			1798	1224
			1797	1224
			1796	1224
			1795	1224
			1794	1224
			1793	1224
			1792	1224
			1791	1224
			1790	1224
			1789	1225
			1788	1225
			1787	1225
			1786	1225
			1785	1225
			1784	1225
			1783	1225
			1782	1225
			1781	1225
			1780	1225
			1779	1225
			1778	1225
			1777	1225
			1776	1225
			1775	1225
			1774	1225
			1773	1225
			1772	1225
			1771	1225
			1770	1225
			1769	1225
			1768	1225
			1767	1225
			1766	1225
			1765	1225
			1764	1225
			1763	1224
			1762	1224
			1761	1224
			1760	1224
			1759	1224
			1758	1224
			1757	1224
			1757	1223
			1756	1223
			1755	1223
			1754	1223
			1753	1222
			1752	1222
			1751	1221
			1750	1221
			1749	1221
			1748	1221
			1747	1221
			1746	1221
			1745	1220
			1744	1220
			1743	1220
			1742	1220
			1741	1220
			1740	1220
			1739	1220
			1738	1220
			1737	1220
			1736	1220
			1735	1219
			1734	1219
			1733	1219
			1732	1219
			1731	1219
			1730	1219
			1729	1219
			1728	1219
			1727	1219
			1726	1219
			1725	1218
			1724	1218
			1723	1218
			1722	1218
			1721	1218
			1720	1218
			1719	1218
			1718	1218
			1717	1218
			1716	1218
			1715	1217
			1714	1217
			1713	1217
			1712	1217
			1711	1217
			1710	1217
			1709	1217
			1708	1217
			1707	1216
			1706	1216
			1705	1216
			1704	1216
			1703	1216
			1702	1216
			1701	1216
			1700	1216
			1699	1215
			1698	1215
			1697	1215
			1696	1215
			1695	1215
			1694	1215
			1693	1215
			1692	1214
			1691	1214
			1690	1214
			1689	1214
			1688	1214
			1687	1214
			1686	1213
			1685	1213
			1684	1213
			1683	1213
			1682	1213
			1681	1213
			1680	1214
			1679	1214
			1678	1214
			1677	1214
			1676	1214
			1675	1214
			1674	1214
			1673	1214
			1672	1215
			1671	1215
			1670	1215
			1669	1215
			1668	1215
			1667	1215
			1666	1215
			1665	1215
			1664	1215
			1663	1215
			1662	1215
			1661	1215
			1660	1215
			1659	1215
			1658	1215
			1657	1215
			1656	1215
			1655	1215
			1654	1215
			1653	1215
			1652	1215
			1651	1215
			1650	1215
			1649	1215
			1648	1215
			1647	1215
			1646	1215
			1645	1215
			1644	1215
			1643	1215
			1642	1215
			1641	1215
			1640	1215
			1639	1215
			1638	1215
			1638	1214
			1637	1214
			1636	1214
			1635	1214
			1634	1214
			1633	1214
			1632	1214
			1631	1214
			1630	1214
			1629	1214
			1628	1214
			1627	1214
			1626	1213
			1625	1213
			1624	1213
			1623	1213
			1622	1213
			1621	1213
			1620	1213
			1619	1213
			1618	1213
			1617	1212
			1616	1212
			1615	1212
			1614	1212
			1613	1212
			1612	1212
			1611	1212
			1610	1212
			1609	1211
			1608	1211
			1607	1211
			1606	1211
			1605	1211
			1604	1211
			1603	1210
			1602	1210
			1601	1210
			1600	1210
			1599	1210
			1598	1210
			1597	1210
			1596	1209
			1595	1209
			1594	1209
			1593	1209
			1592	1209
			1591	1208
			1590	1208
			1589	1208
			1588	1208
			1587	1208
			1586	1208
			1585	1207
			1584	1207
			1583	1207
			1582	1207
			1581	1207
			1580	1207
			1579	1206
			1578	1206
			1577	1206
			1576	1206
			1575	1206
			1574	1205
			1573	1205
			1572	1205
			1571	1205
			1570	1205
			1569	1205
			1568	1205
			1567	1205
			1566	1205
			1565	1205
			1564	1205
			1563	1205
			1563	1206
			1562	1206
			1561	1206
			1560	1206
			1559	1206
			1558	1206
			1557	1206
			1556	1206
			1555	1206
			1554	1206
			1553	1206
			1552	1206
			1551	1206
			1550	1206
			1549	1206
			1548	1206
			1547	1206
			1546	1206
			1545	1206
			1544	1206
			1543	1206
			1542	1206
			1541	1206
			1540	1206
			1539	1206
			1539	1205
			1538	1205
			1537	1205
			1536	1205
			1535	1205
			1534	1205
			1533	1205
			1532	1205
			1531	1205
			1530	1205
			1529	1205
			1528	1205
			1527	1205
			1526	1205
			1525	1205
			1524	1204
			1523	1204
			1522	1204
			1521	1204
			1520	1204
			1519	1204
			1518	1204
			1517	1204
			1516	1204
			1515	1203
			1514	1203
			1513	1203
			1512	1203
			1511	1203
			1510	1203
			1509	1202
			1508	1202
			1507	1202
			1506	1202
			1505	1202
			1504	1202
			1504	1201
			1503	1201
			1502	1201
			1501	1201
			1500	1201
			1499	1200
			1498	1200
			1497	1200
			1496	1200
			1495	1199
			1494	1199
			1493	1199
			1492	1199
			1491	1199
			1490	1199
			1489	1199
			1488	1199
			1487	1199
			1486	1199
			1485	1199
			1484	1199
			1483	1199
			1482	1198
			1481	1198
			1480	1198
			1479	1198
			1478	1198
			1477	1198
			1476	1198
			1475	1198
			1474	1198
			1473	1198
			1472	1198
			1471	1198
			1470	1198
			1469	1198
			1468	1198
			1467	1198
			1466	1198
			1465	1198
			1464	1198
			1463	1198
			1462	1197
			1461	1197
			1460	1197
			1459	1197
			1458	1197
			1457	1197
			1456	1197
			1455	1197
			1454	1197
			1453	1197
			1452	1197
			1451	1197
			1450	1197
			1449	1197
			1448	1197
			1447	1197
			1446	1196
			1445	1196
			1444	1196
			1443	1196
			1442	1196
			1441	1196
			1440	1196
			1439	1196
			1438	1196
			1437	1196
			1436	1196
			1435	1196
			1434	1196
			1433	1196
			1432	1196
			1431	1196
			1430	1195
			1429	1195
			1428	1195
			1427	1195
			1426	1195
			1425	1195
			1424	1195
			1423	1195
			1422	1195
			1421	1195
			1420	1195
			1419	1195
			1418	1195
			1417	1195
			1416	1195
			1415	1194
			1414	1194
			1413	1194
			1412	1194
			1411	1194
			1410	1194
			1409	1194
			1408	1194
			1407	1194
			1406	1194
			1405	1194
			1404	1194
			1403	1194
			1402	1194
			1401	1193
			1400	1193
			1399	1193
			1398	1193
			1397	1193
			1396	1193
			1395	1193
			1394	1193
			1393	1193
			1392	1193
			1391	1193
			1390	1193
			1389	1193
			1388	1192
			1387	1192
			1386	1192
			1385	1192
			1384	1192
			1383	1192
			1382	1192
			1381	1192
			1380	1193
			1379	1193
			1378	1193
			1377	1193
			1376	1194
			1375	1194
			1374	1194
			1373	1194
			1372	1194
			1371	1195
			1370	1195
			1369	1195
			1368	1195
			1367	1195
			1366	1196
			1365	1196
			1364	1196
			1363	1196
			1362	1196
			1361	1196
			1360	1197
			1359	1197
			1358	1197
			1357	1197
			1356	1197
			1355	1197
			1354	1198
			1353	1198
			1352	1198
			1351	1198
			1350	1198
			1349	1198
			1348	1198
			1347	1199
			1346	1199
			1345	1199
			1344	1199
			1343	1199
			1342	1199
			1341	1199
			1340	1199
			1339	1199
			1338	1199
			1338	1200
			1337	1200
			1336	1200
			1335	1200
			1334	1200
			1333	1200
			1332	1200
			1331	1200
			1330	1200
			1329	1200
			1328	1200
			1327	1200
			1326	1200
			1325	1200
			1324	1200
			1323	1200
			1322	1200
			1321	1200
			1320	1200
			1319	1200
			1318	1200
			1317	1200
			1316	1200
			1315	1200
			1314	1200
			1313	1200
			1312	1200
			1311	1200
			1310	1200
			1309	1200
			1308	1200
			1307	1200
			1306	1200
			1305	1200
			1304	1200
			1303	1200
			1302	1200
			1301	1200
			1300	1200
			1299	1200
			1298	1199
			1297	1199
			1296	1199
			1295	1199
			1294	1199
			1293	1199
			1292	1199
			1291	1199
			1290	1199
			1290	1198
			1289	1198
			1288	1198
			1287	1198
			1286	1198
			1285	1198
			1284	1198
			1283	1198
			1282	1198
			1281	1198
			1280	1199
			1279	1199
			1278	1199
			1277	1199
			1276	1199
			1275	1199
			1274	1199
			1273	1199
			1272	1199
			1271	1199
			1270	1199
			1269	1199
			1268	1199
			1267	1199
			1266	1199
			1265	1199
			1264	1200
			1263	1200
			1262	1200
			1261	1200
			1260	1200
			1259	1200
			1258	1200
			1257	1200
			1256	1200
			1255	1200
			1254	1200
			1253	1200
			1252	1200
			1251	1200
			1250	1200
			1249	1200
			1248	1200
			1247	1200
			1246	1200
			1245	1200
			1244	1200
			1243	1200
			1242	1200
			1241	1200
			1240	1200
			1239	1200
			1238	1200
			1237	1200
			1236	1200
			1235	1200
			1234	1200
			1233	1200
			1232	1200
			1231	1200
			1230	1200
			1229	1200
			1228	1200
			1227	1200
			1226	1200
			1225	1200
			1224	1200
			1223	1200
			1222	1200
			1221	1200
			1220	1200
			1219	1200
			1218	1200
			1217	1200
			1216	1200
			1215	1199
			1214	1199
			1213	1199
			1212	1199
			1211	1199
			1210	1199
			1209	1199
			1208	1200
			1207	1200
			1206	1200
			1205	1200
			1204	1200
			1203	1200
			1202	1200
			1201	1201
			1200	1201
			1199	1201
			1198	1201
			1197	1201
			1196	1201
			1195	1201
			1194	1202
			1193	1202
			1192	1202
			1191	1202
			1190	1202
			1189	1202
			1188	1202
			1187	1202
			1186	1202
			1185	1203
			1184	1203
			1183	1203
			1182	1203
			1181	1203
			1180	1203
			1179	1203
			1178	1203
			1177	1203
			1176	1203
			1175	1204
			1174	1204
			1173	1204
			1172	1204
			1171	1204
			1170	1204
			1169	1204
			1168	1204
			1167	1204
			1166	1204
			1165	1204
			1164	1204
			1163	1204
			1162	1205
			1161	1205
			1160	1205
			1159	1205
			1158	1205
			1157	1205
			1156	1205
			1155	1205
			1154	1205
			1153	1205
			1152	1205
			1151	1205
			1150	1205
			1149	1205
			1148	1205
			1147	1205
			1146	1205
			1145	1205
			1144	1205
			1143	1205
			1142	1205
			1141	1205
			1140	1205
			1139	1206
			1138	1206
			1137	1206
			1136	1206
			1135	1206
			1134	1206
			1133	1206
			1132	1206
			1131	1206
			1130	1206
			1129	1206
			1128	1206
			1127	1206
			1126	1206
			1125	1206
			1124	1206
			1123	1206
			1122	1206
			1121	1206
			1120	1206
			1119	1206
			1118	1206
			1117	1206
			1116	1206
			1115	1206
			1114	1206
			1113	1206
			1112	1206
			1111	1206
			1110	1206
			1109	1206
			1108	1206
			1107	1206
			1106	1206
			1105	1206
			1104	1205
			1103	1205
			1102	1205
			1101	1205
			1100	1205
			1099	1205
			1098	1205
			1097	1205
			1096	1205
			1095	1205
			1094	1205
			1093	1205
			1092	1205
			1091	1205
			1090	1205
			1089	1205
			1088	1205
			1087	1205
			1086	1205
			1085	1205
			1084	1205
			1083	1205
			1082	1205
			1081	1205
			1080	1205
			1079	1205
			1078	1204
			1077	1204
			1076	1204
			1075	1204
			1074	1204
			1073	1204
			1072	1204
			1071	1204
			1070	1204
			1069	1204
			1068	1204
			1067	1204
			1066	1204
			1065	1204
			1064	1204
			1063	1204
			1062	1203
			1061	1203
			1060	1203
			1059	1203
			1058	1203
			1057	1203
			1056	1203
			1055	1203
			1054	1203
			1053	1203
			1052	1203
			1051	1203
			1050	1204
			1049	1204
			1048	1204
			1047	1204
			1046	1204
			1045	1204
			1044	1204
			1043	1204
			1042	1204
			1041	1204
			1040	1204
			1039	1205
			1038	1205
			1037	1205
			1036	1205
			1035	1205
			1034	1205
			1033	1205
			1032	1205
			1031	1205
			1030	1205
			1029	1205
			1028	1205
			1027	1205
			1027	1206
			1026	1206
			1025	1206
			1024	1206
			1023	1206
			1022	1206
			1021	1206
			1020	1206
			1019	1206
			1018	1206
			1017	1206
			1016	1206
			1015	1206
			1014	1206
			1013	1207
			1012	1207
			1011	1207
			1010	1207
			1009	1207
			1008	1207
			1007	1207
			1006	1207
			1005	1207
			1004	1207
			1003	1207
			1002	1207
			1001	1207
			1000	1207
			999	1207
			998	1208
			997	1208
			996	1208
			995	1208
			994	1208
			993	1208
			992	1208
			991	1208
			990	1208
			989	1208
			988	1208
			987	1208
			986	1208
			985	1208
			984	1208
			983	1208
			982	1208
			981	1208
			980	1209
			979	1209
			978	1209
			977	1209
			976	1209
			975	1209
			974	1209
			973	1209
			972	1209
			971	1209
			970	1209
			969	1209
			968	1209
			967	1209
			966	1209
			965	1209
			964	1209
			963	1209
			962	1209
			961	1209
			960	1209
			959	1210
			958	1210
			957	1210
			956	1210
			955	1210
			954	1210
			953	1210
			952	1210
			951	1210
			950	1210
			949	1210
			948	1210
			947	1210
			946	1210
			945	1210
			944	1210
			943	1210
			942	1210
			941	1210
			940	1210
			939	1210
			938	1210
			937	1210
			936	1210
			935	1210
			934	1210
			933	1211
			932	1211
			931	1211
			930	1211
			929	1211
			928	1211
			927	1211
			926	1211
			925	1211
			924	1211
			923	1211
			922	1211
			921	1211
			920	1211
			919	1211
			918	1211
			917	1211
			916	1211
			915	1211
			914	1211
			913	1211
			912	1211
			911	1211
			910	1211
			909	1212
			908	1212
			907	1212
			906	1212
			905	1212
			904	1212
			903	1212
			902	1212
			901	1212
			900	1212
			899	1212
			898	1212
			897	1212
			896	1212
			895	1212
			894	1212
			893	1212
			892	1212
			891	1212
			890	1212
			889	1212
			888	1212
			887	1212
			886	1212
			885	1212
			884	1212
			883	1212
			882	1212
			881	1212
			880	1212
			879	1211
			878	1211
			877	1211
			876	1211
			875	1211
			874	1211
			873	1211
			872	1211
			871	1211
			870	1211
			869	1211
			868	1210
			867	1210
			866	1210
			865	1210
			864	1210
			863	1210
			862	1210
			861	1209
			860	1209
			859	1209
			858	1209
			857	1209
			856	1209
			855	1208
			854	1208
			853	1208
			852	1208
			851	1207
			850	1207
			849	1207
			848	1207
			847	1207
			846	1207
			845	1207
			844	1207
			843	1207
			842	1207
			841	1207
			840	1207
			839	1207
			838	1207
			837	1207
			836	1208
			835	1208
			834	1208
			833	1208
			832	1208
			831	1208
			830	1208
			829	1208
			828	1208
			827	1208
			826	1208
			825	1208
			824	1208
			823	1208
			822	1208
			821	1208
			820	1208
			819	1208
			818	1208
			817	1208
			816	1208
			815	1208
			814	1208
			813	1208
			812	1208
			811	1208
			810	1208
			809	1208
			808	1208
			807	1208
			806	1208
			805	1208
			804	1208
			803	1208
			802	1208
			801	1208
			800	1208
			799	1208
			798	1208
			797	1208
			796	1208
			795	1208
			794	1208
			793	1208
			792	1208
			791	1208
			790	1208
			789	1208
			788	1208
			787	1208
			786	1208
			785	1208
			784	1208
			783	1208
			782	1208
			781	1208
			780	1208
			779	1208
			778	1208
			777	1208
			776	1208
			775	1208
			774	1208
			773	1208
			772	1208
			771	1208
			770	1208
			769	1208
			768	1208
			767	1208
			766	1208
			765	1208
			764	1208
			763	1208
			762	1208
			761	1208
			760	1208
			759	1208
			758	1208
			757	1208
			756	1208
			755	1208
			754	1208
			753	1208
			752	1208
			751	1208
			750	1208
			749	1208
			748	1208
			747	1208
			746	1208
			745	1208
			744	1208
			743	1208
			742	1208
			741	1208
			740	1208
			739	1208
			738	1208
			737	1208
			736	1208
			735	1208
			734	1208
			733	1208
			732	1208
			731	1209
			730	1209
			729	1209
			728	1209
			727	1209
			726	1209
			725	1209
			724	1209
			723	1209
			722	1209
			721	1209
			720	1209
			719	1209
			718	1209
			717	1209
			716	1209
			715	1209
			714	1209
			713	1209
			712	1209
			711	1209
			710	1209
			709	1209
			708	1209
			707	1209
			706	1209
			705	1209
			704	1209
			703	1209
			702	1209
			701	1209
			700	1208
			699	1208
			698	1208
			697	1208
			696	1208
			695	1208
			694	1208
			693	1208
			692	1208
			691	1208
			690	1208
			689	1208
			688	1207
			687	1207
			686	1207
			685	1207
			684	1207
			683	1207
			682	1207
			681	1207
			680	1206
			679	1206
			678	1206
			677	1206
			676	1206
			675	1206
			674	1205
			673	1205
			672	1205
			671	1205
			670	1205
			669	1204
			668	1204
			667	1204
			666	1204
			665	1204
			664	1204
			663	1204
			662	1204
			661	1204
			660	1204
			659	1204
			658	1204
			657	1204
			656	1204
			655	1203
			654	1203
			653	1203
			652	1203
			651	1203
			650	1203
			649	1203
			648	1203
			647	1203
			646	1202
			645	1202
			644	1202
			643	1202
			642	1202
			641	1202
			640	1201
			639	1201
			638	1201
			637	1201
			636	1200
			635	1200
			634	1200
			633	1200
			632	1199
			631	1199
			630	1199
			629	1199
			628	1198
			627	1198
			626	1197
			625	1197
			624	1197
			623	1196
			622	1196
			621	1195
			620	1195
			619	1195
			618	1194
			617	1194
			616	1193
			615	1193
			614	1192
			613	1192
		</c2>
	</curves.pixel>
	<curves.scaled type=list>
		<c1 type=matrix rownames=FALSE colnames=FALSE nrow=1336 ncol=2 as.numeric=TRUE >
			24.5192153976607	-47.6784743132326
			24.5592141177221	-47.6384755931711
			24.5992128377836	-47.5984768731097
			24.639211557845	-47.5584781530483
			24.6792102779065	-47.5184794329868
			24.7192089979679	-47.4784807129254
			24.7192089979679	-47.438481992864
			24.7592077180293	-47.3984832728025
			24.7992064380908	-47.3984832728025
			24.7992064380908	-47.3584845527411
			24.8392051581522	-47.3184858326796
			24.8792038782136	-47.2784871126182
			24.9192025982751	-47.2384883925568
			24.9592013183365	-47.1984896724953
			24.999200038398	-47.1584909524339
			24.999200038398	-47.1184922323725
			25.0391987584594	-47.1184922323725
			25.0791974785208	-47.078493512311
			25.0791974785208	-47.0384947922496
			25.1191961985823	-46.9984960721882
			25.1591949186437	-46.9984960721882
			25.1991936387051	-46.9584973521267
			25.1991936387051	-46.9184986320653
			25.2391923587666	-46.8784999120038
			25.279191078828	-46.8784999120038
			25.279191078828	-46.8385011919424
			25.3191897988894	-46.798502471881
			25.3591885189509	-46.798502471881
			25.3991872390123	-46.7585037518195
			25.3991872390123	-46.7185050317581
			25.4391859590738	-46.6785063116967
			25.4791846791352	-46.6785063116967
			25.4791846791352	-46.6385075916352
			25.5191833991966	-46.5985088715738
			25.5591821192581	-46.5985088715738
			25.5591821192581	-46.5585101515124
			25.5991808393195	-46.5185114314509
			25.6391795593809	-46.4785127113895
			25.6791782794424	-46.4785127113895
			25.6791782794424	-46.438513991328
			25.7191769995038	-46.3985152712666
			25.7591757195653	-46.3985152712666
			25.7591757195653	-46.3585165512052
			25.7991744396267	-46.3185178311437
			25.8391731596881	-46.3185178311437
			25.8791718797496	-46.2785191110823
			25.8791718797496	-46.2385203910209
			25.919170599811	-46.2385203910209
			25.9591693198724	-46.1985216709594
			25.9591693198724	-46.158522950898
			25.9991680399339	-46.158522950898
			26.0391667599953	-46.1185242308365
			26.0791654800567	-46.0785255107751
			26.1191642001182	-46.0385267907137
			26.1591629201796	-45.9985280706522
			26.1991616402411	-45.9585293505908
			26.2391603603025	-45.9185306305294
			26.2791590803639	-45.8785319104679
			26.3191578004254	-45.8785319104679
			26.3591565204868	-45.8385331904065
			26.3991552405482	-45.7985344703451
			26.3991552405482	-45.7585357502836
			26.4391539606097	-45.7585357502836
			26.4791526806711	-45.7185370302222
			26.5191514007326	-45.6785383101607
			26.559150120794	-45.6385395900993
			26.5991488408554	-45.6385395900993
			26.6391475609169	-45.5985408700379
			26.6391475609169	-45.5585421499764
			26.6791462809783	-45.5585421499764
			26.7191450010397	-45.518543429915
			26.7591437211012	-45.4785447098536
			26.7991424411626	-45.4385459897921
			26.839141161224	-45.4385459897921
			26.8791398812855	-45.3985472697307
			26.9191386013469	-45.3585485496692
			26.9591373214084	-45.3185498296078
			26.9991360414698	-45.2785511095464
			27.0391347615312	-45.2385523894849
			27.0791334815927	-45.1985536694235
			27.1191322016541	-45.1985536694235
			27.1591309217155	-45.1585549493621
			27.199129641777	-45.1185562293006
			27.2391283618384	-45.1185562293006
			27.2791270818998	-45.0785575092392
			27.3191258019613	-45.0385587891778
			27.3591245220227	-44.9985600691163
			27.3991232420842	-44.9585613490549
			27.4391219621456	-44.9585613490549
			27.479120682207	-44.9185626289934
			27.5191194022685	-44.9185626289934
			27.5191194022685	-44.878563908932
			27.5591181223299	-44.878563908932
			27.5991168423913	-44.8385651888706
			27.6391155624528	-44.8385651888706
			27.6391155624528	-44.7985664688091
			27.6791142825142	-44.7985664688091
			27.7191130025757	-44.7585677487477
			27.7591117226371	-44.7185690286863
			27.7991104426985	-44.6785703086248
			27.83910916276	-44.6785703086248
			27.8791078828214	-44.6385715885634
			27.9191066028828	-44.6385715885634
			27.9591053229443	-44.5985728685019
			27.9991040430057	-44.5585741484405
			28.0391027630671	-44.5585741484405
			28.0791014831286	-44.5185754283791
			28.11910020319	-44.4785767083176
			28.1590989232515	-44.4385779882562
			28.1990976433129	-44.4385779882562
			28.2390963633743	-44.4385779882562
			28.2390963633743	-44.3985792681948
			28.2790950834358	-44.3985792681948
			28.3190938034972	-44.3585805481333
			28.3590925235586	-44.3585805481333
			28.3990912436201	-44.3185818280719
			28.4390899636815	-44.2785831080105
			28.4790886837429	-44.2785831080105
			28.5190874038044	-44.238584387949
			28.5590861238658	-44.1985856678876
			28.5990848439273	-44.1985856678876
			28.6390835639887	-44.1585869478261
			28.6790822840501	-44.1585869478261
			28.7190810041116	-44.1185882277647
			28.759079724173	-44.1185882277647
			28.7990784442344	-44.0785895077033
			28.8390771642959	-44.0785895077033
			28.8790758843573	-44.0385907876418
			28.9190746044188	-44.0385907876418
			28.9590733244802	-43.9985920675804
			28.9990720445416	-43.9985920675804
			29.0390707646031	-43.958593347519
			29.0790694846645	-43.958593347519
			29.0790694846645	-43.9185946274575
			29.1190682047259	-43.9185946274575
			29.1590669247874	-43.8785959073961
			29.1990656448488	-43.8785959073961
			29.2390643649102	-43.8385971873346
			29.2790630849717	-43.8385971873346
			29.3190618050331	-43.7985984672732
			29.3590605250946	-43.7985984672732
			29.399059245156	-43.7585997472118
			29.4390579652174	-43.7585997472118
			29.4790566852789	-43.7186010271503
			29.5190554053403	-43.7186010271503
			29.5590541254017	-43.7186010271503
			29.5990528454632	-43.6786023070889
			29.6390515655246	-43.6786023070889
			29.6790502855861	-43.6386035870275
			29.7190490056475	-43.6386035870275
			29.7590477257089	-43.598604866966
			29.7990464457704	-43.598604866966
			29.8390451658318	-43.598604866966
			29.8390451658318	-43.5586061469046
			29.8790438858932	-43.5586061469046
			29.9190426059547	-43.5186074268432
			29.9590413260161	-43.5186074268432
			29.9990400460775	-43.5186074268432
			30.039038766139	-43.4786087067817
			30.0790374862004	-43.4786087067817
			30.1190362062619	-43.4786087067817
			30.1590349263233	-43.4386099867203
			30.1990336463847	-43.4386099867203
			30.2390323664462	-43.3986112666588
			30.2790310865076	-43.3986112666588
			30.319029806569	-43.3986112666588
			30.3590285266305	-43.3586125465974
			30.3990272466919	-43.3586125465974
			30.4390259667533	-43.3586125465974
			30.4790246868148	-43.318613826536
			30.5190234068762	-43.318613826536
			30.5590221269377	-43.318613826536
			30.5990208469991	-43.2786151064745
			30.6390195670605	-43.2786151064745
			30.6390195670605	-43.2386163864131
			30.679018287122	-43.2386163864131
			30.7190170071834	-43.1986176663517
			30.7590157272448	-43.1586189462902
			30.7990144473063	-43.1586189462902
			30.8390131673677	-43.1186202262288
			30.8790118874292	-43.0786215061674
			30.9190106074906	-43.0786215061674
			30.959009327552	-43.0386227861059
			30.9990080476135	-43.0386227861059
			31.0390067676749	-42.9986240660445
			31.0790054877363	-42.958625345983
			31.1190042077978	-42.958625345983
			31.1590029278592	-42.9186266259216
			31.1990016479206	-42.8786279058602
			31.2390003679821	-42.8786279058602
			31.2789990880435	-42.8386291857987
			31.318997808105	-42.7986304657373
			31.3589965281664	-42.7586317456759
			31.3989952482278	-42.7586317456759
			31.4389939682893	-42.7186330256144
			31.4789926883507	-42.7186330256144
			31.4789926883507	-42.678634305553
			31.5189914084121	-42.678634305553
			31.5589901284736	-42.6386355854915
			31.598988848535	-42.6386355854915
			31.598988848535	-42.5986368654301
			31.6389875685964	-42.5986368654301
			31.6789862886579	-42.5586381453687
			31.7189850087193	-42.5586381453687
			31.7589837287808	-42.5186394253072
			31.7989824488422	-42.5186394253072
			31.7989824488422	-42.4786407052458
			31.8389811689036	-42.4386419851844
			31.8789798889651	-42.4386419851844
			31.9189786090265	-42.3986432651229
			31.9589773290879	-42.3986432651229
			31.9989760491494	-42.3586445450615
			32.0389747692108	-42.3186458250001
			32.0789734892723	-42.2786471049386
			32.1189722093337	-42.2386483848772
			32.1589709293951	-42.2386483848772
			32.1989696494566	-42.2386483848772
			32.1989696494566	-42.1986496648157
			32.238968369518	-42.1986496648157
			32.2789670895794	-42.1586509447543
			32.3189658096409	-42.1186522246929
			32.3589645297023	-42.1186522246929
			32.3989632497637	-42.0786535046314
			32.4389619698252	-42.03865478457
			32.4789606898866	-42.03865478457
			32.4789606898866	-41.9986560645086
			32.5189594099481	-41.9986560645086
			32.5589581300095	-41.9586573444471
			32.5989568500709	-41.9186586243857
			32.6389555701324	-41.9186586243857
			32.6789542901938	-41.8786599043243
			32.7189530102552	-41.8386611842628
			32.7589517303167	-41.8386611842628
			32.7989504503781	-41.7986624642014
			32.8389491704395	-41.7986624642014
			32.8389491704395	-41.7586637441399
			32.878947890501	-41.7186650240785
			32.9189466105624	-41.7186650240785
			32.9589453306239	-41.6786663040171
			32.9989440506853	-41.6386675839556
			33.0389427707467	-41.6386675839556
			33.0789414908082	-41.5986688638942
			33.1189402108696	-41.5586701438328
			33.158938930931	-41.5186714237713
			33.1989376509925	-41.5186714237713
			33.2389363710539	-41.4786727037099
			33.2789350911154	-41.4386739836484
			33.3189338111768	-41.4386739836484
			33.3589325312382	-41.398675263587
			33.3989312512997	-41.3586765435256
			33.4389299713611	-41.3186778234641
			33.4789286914225	-41.3186778234641
			33.518927411484	-41.2786791034027
			33.5589261315454	-41.2386803833413
			33.5989248516068	-41.2386803833413
			33.5989248516068	-41.1986816632798
			33.6389235716683	-41.1586829432184
			33.6789222917297	-41.118684223157
			33.7189210117912	-41.118684223157
			33.7589197318526	-41.0786855030955
			33.798918451914	-41.0386867830341
			33.8389171719755	-40.9986880629726
			33.8789158920369	-40.9586893429112
			33.9189146120983	-40.9186906228498
			33.9589133321598	-40.9186906228498
			33.9989120522212	-40.8786919027883
			34.0389107722827	-40.8386931827269
			34.0789094923441	-40.7986944626655
			34.1189082124055	-40.758695742604
			34.158906932467	-40.758695742604
			34.1989056525284	-40.7186970225426
			34.2389043725898	-40.6786983024812
			34.2789030926513	-40.6386995824197
			34.3189018127127	-40.6386995824197
			34.3589005327742	-40.5987008623583
			34.3988992528356	-40.5587021422968
			34.438897972897	-40.5187034222354
			34.4788966929585	-40.5187034222354
			34.5188954130199	-40.478704702174
			34.5588941330813	-40.4387059821125
			34.5988928531428	-40.3987072620511
			34.6388915732042	-40.3987072620511
			34.6788902932656	-40.3587085419897
			34.7188890133271	-40.3187098219282
			34.7588877333885	-40.2787111018668
			34.79888645345	-40.2787111018668
			34.8388851735114	-40.2387123818053
			34.8788838935728	-40.1987136617439
			34.9188826136343	-40.1587149416825
			34.9588813336957	-40.1587149416825
			34.9988800537571	-40.118716221621
			35.0388787738186	-40.0787175015596
			35.07887749388	-40.0387187814982
			35.1188762139414	-40.0387187814982
			35.1588749340029	-39.9987200614367
			35.1588749340029	-39.9587213413753
			35.1988736540643	-39.9587213413753
			35.2388723741258	-39.9187226213139
			35.2788710941872	-39.8787239012524
			35.3188698142486	-39.8787239012524
			35.3588685343101	-39.838725181191
			35.3988672543715	-39.7987264611295
			35.4388659744329	-39.7587277410681
			35.4788646944944	-39.7587277410681
			35.5188634145558	-39.7187290210067
			35.5588621346173	-39.6787303009452
			35.5988608546787	-39.6787303009452
			35.6388595747401	-39.6387315808838
			35.6788582948016	-39.5987328608224
			35.718857014863	-39.5987328608224
			35.7588557349244	-39.5587341407609
			35.7588557349244	-39.5187354206995
			35.7988544549859	-39.5187354206995
			35.8388531750473	-39.478736700638
			35.8788518951087	-39.4387379805766
			35.9188506151702	-39.4387379805766
			35.9588493352316	-39.3987392605152
			35.9988480552931	-39.3987392605152
			36.0388467753545	-39.3587405404537
			36.0788454954159	-39.3187418203923
			36.1188442154774	-39.3187418203923
			36.1588429355388	-39.2787431003309
			36.1588429355388	-39.2387443802694
			36.1988416556002	-39.2387443802694
			36.2388403756617	-39.198745660208
			36.2788390957231	-39.1587469401466
			36.3188378157845	-39.1587469401466
			36.358836535846	-39.1187482200851
			36.3988352559074	-39.1187482200851
			36.4388339759689	-39.0787495000237
			36.4788326960303	-39.0387507799622
			36.5188314160917	-39.0387507799622
			36.5188314160917	-38.9987520599008
			36.5588301361532	-38.9987520599008
			36.5988288562146	-38.9587533398394
			36.638827576276	-38.9187546197779
			36.6788262963375	-38.9187546197779
			36.7188250163989	-38.8787558997165
			36.7588237364604	-38.8787558997165
			36.7988224565218	-38.8387571796551
			36.8388211765832	-38.7987584595936
			36.8788198966447	-38.7587597395322
			36.9188186167061	-38.7587597395322
			36.9588173367675	-38.7187610194707
			36.998816056829	-38.6787622994093
			37.0388147768904	-38.6787622994093
			37.0788134969518	-38.6387635793479
			37.1188122170133	-38.6387635793479
			37.1188122170133	-38.5987648592864
			37.1588109370747	-38.5987648592864
			37.1988096571362	-38.5987648592864
			37.1988096571362	-38.558766139225
			37.2388083771976	-38.558766139225
			37.278807097259	-38.5187674191636
			37.3188058173205	-38.4787686991021
			37.3588045373819	-38.4787686991021
			37.3988032574433	-38.4387699790407
			37.4388019775048	-38.4387699790407
			37.4788006975662	-38.3987712589793
			37.5187994176276	-38.3587725389178
			37.5587981376891	-38.3587725389178
			37.5987968577505	-38.3187738188564
			37.638795577812	-38.3187738188564
			37.6787942978734	-38.2787750987949
			37.7187930179348	-38.2387763787335
			37.7587917379963	-38.2387763787335
			37.7987904580577	-38.1987776586721
			37.8387891781191	-38.1587789386106
			37.8787878981806	-38.1587789386106
			37.918786618242	-38.1187802185492
			37.9587853383034	-38.1187802185492
			37.9987840583649	-38.0787814984878
			38.0387827784263	-38.0387827784263
			38.0787814984878	-38.0387827784263
			38.1187802185492	-37.9987840583649
			38.1587789386106	-37.9987840583649
			38.1987776586721	-37.9587853383034
			38.2387763787335	-37.9587853383034
			38.2787750987949	-37.918786618242
			38.3187738188564	-37.918786618242
			38.3587725389178	-37.8787878981806
			38.3987712589793	-37.8387891781191
			38.4387699790407	-37.8387891781191
			38.4787686991021	-37.7987904580577
			38.5187674191636	-37.7987904580577
			38.558766139225	-37.7587917379963
			38.5987648592864	-37.7587917379963
			38.6387635793479	-37.7187930179348
			38.6787622994093	-37.7187930179348
			38.7187610194707	-37.6787942978734
			38.7587597395322	-37.6787942978734
			38.7987584595936	-37.638795577812
			38.8387571796551	-37.638795577812
			38.8787558997165	-37.5987968577505
			38.9187546197779	-37.5987968577505
			38.9587533398394	-37.5587981376891
			38.9987520599008	-37.5587981376891
			39.0387507799622	-37.5187994176276
			39.0787495000237	-37.5187994176276
			39.1187482200851	-37.5187994176276
			39.1587469401466	-37.4788006975662
			39.198745660208	-37.4388019775048
			39.2387443802694	-37.4388019775048
			39.2787431003309	-37.4388019775048
			39.2787431003309	-37.3988032574433
			39.3187418203923	-37.3988032574433
			39.3587405404537	-37.3988032574433
			39.3587405404537	-37.3588045373819
			39.3987392605152	-37.3588045373819
			39.4387379805766	-37.3588045373819
			39.4387379805766	-37.3188058173205
			39.478736700638	-37.3188058173205
			39.5187354206995	-37.3188058173205
			39.5587341407609	-37.278807097259
			39.5987328608224	-37.278807097259
			39.6387315808838	-37.2388083771976
			39.6787303009452	-37.2388083771976
			39.7187290210067	-37.2388083771976
			39.7187290210067	-37.1988096571362
			39.7587277410681	-37.1988096571362
			39.7987264611295	-37.1988096571362
			39.838725181191	-37.1588109370747
			39.8787239012524	-37.1588109370747
			39.9187226213139	-37.1188122170133
			39.9587213413753	-37.1188122170133
			39.9987200614367	-37.1188122170133
			40.0387187814982	-37.0788134969518
			40.0787175015596	-37.0788134969518
			40.118716221621	-37.0788134969518
			40.118716221621	-37.0388147768904
			40.1587149416825	-37.0388147768904
			40.1987136617439	-37.0388147768904
			40.2387123818053	-36.998816056829
			40.2787111018668	-36.998816056829
			40.3187098219282	-36.998816056829
			40.3587085419897	-36.9588173367675
			40.3987072620511	-36.9588173367675
			40.4387059821125	-36.9588173367675
			40.478704702174	-36.9188186167061
			40.5187034222354	-36.9188186167061
			40.5587021422968	-36.9188186167061
			40.5987008623583	-36.8788198966447
			40.6386995824197	-36.8788198966447
			40.6786983024812	-36.8788198966447
			40.7186970225426	-36.8388211765832
			40.758695742604	-36.8388211765832
			40.7986944626655	-36.8388211765832
			40.8386931827269	-36.8388211765832
			40.8786919027883	-36.7988224565218
			40.9186906228498	-36.7988224565218
			40.9586893429112	-36.7988224565218
			40.9986880629726	-36.7588237364604
			41.0386867830341	-36.7588237364604
			41.0786855030955	-36.7588237364604
			41.118684223157	-36.7588237364604
			41.1586829432184	-36.7588237364604
			41.1986816632798	-36.7188250163989
			41.2386803833413	-36.7188250163989
			41.2786791034027	-36.7188250163989
			41.3186778234641	-36.7188250163989
			41.3586765435256	-36.7188250163989
			41.398675263587	-36.6788262963375
			41.4386739836484	-36.6788262963375
			41.4786727037099	-36.6788262963375
			41.5186714237713	-36.6788262963375
			41.5186714237713	-36.638827576276
			41.5586701438328	-36.5988288562146
			41.5986688638942	-36.5588301361532
			41.6386675839556	-36.5188314160917
			41.6786663040171	-36.4788326960303
			41.7186650240785	-36.4788326960303
			41.7586637441399	-36.4388339759689
			41.7586637441399	-36.3988352559074
			41.7986624642014	-36.3988352559074
			41.8386611842628	-36.358836535846
			41.8786599043243	-36.3188378157845
			41.9186586243857	-36.3188378157845
			41.9186586243857	-36.2788390957231
			41.9586573444471	-36.2388403756617
			41.9986560645086	-36.2388403756617
			42.03865478457	-36.1988416556002
			42.0786535046314	-36.1588429355388
			42.1186522246929	-36.1188442154774
			42.1586509447543	-36.1188442154774
			42.1986496648157	-36.0788454954159
			42.2386483848772	-36.0388467753545
			42.2786471049386	-35.9988480552931
			42.3186458250001	-35.9988480552931
			42.3586445450615	-35.9588493352316
			42.3986432651229	-35.9188506151702
			42.4386419851844	-35.9188506151702
			42.4386419851844	-35.8788518951087
			42.4786407052458	-35.8388531750473
			42.5186394253072	-35.8388531750473
			42.5586381453687	-35.7988544549859
			42.5986368654301	-35.7588557349244
			42.6386355854915	-35.7588557349244
			42.678634305553	-35.718857014863
			42.7186330256144	-35.718857014863
			42.7586317456759	-35.6788582948016
			42.7986304657373	-35.6388595747401
			42.8386291857987	-35.6388595747401
			42.8786279058602	-35.5988608546787
			42.9186266259216	-35.5588621346173
			42.958625345983	-35.5188634145558
			42.9986240660445	-35.5188634145558
			43.0386227861059	-35.5188634145558
			43.0386227861059	-35.4788646944944
			43.0786215061674	-35.4788646944944
			43.1186202262288	-35.4788646944944
			43.1186202262288	-35.4388659744329
			43.1586189462902	-35.4388659744329
			43.1986176663517	-35.3988672543715
			43.2386163864131	-35.3988672543715
			43.2786151064745	-35.3588685343101
			43.318613826536	-35.3588685343101
			43.3586125465974	-35.3188698142486
			43.3986112666588	-35.3188698142486
			43.4386099867203	-35.2788710941872
			43.4786087067817	-35.2788710941872
			43.5186074268432	-35.2388723741258
			43.5586061469046	-35.2388723741258
			43.598604866966	-35.1988736540643
			43.6386035870275	-35.1988736540643
			43.6786023070889	-35.1588749340029
			43.7186010271503	-35.1588749340029
			43.7585997472118	-35.1588749340029
			43.7985984672732	-35.1188762139414
			43.8385971873346	-35.1188762139414
			43.8785959073961	-35.07887749388
			43.9185946274575	-35.07887749388
			43.958593347519	-35.0388787738186
			43.9985920675804	-35.0388787738186
			44.0385907876418	-35.0388787738186
			44.0785895077033	-34.9988800537571
			44.1185882277647	-34.9988800537571
			44.1585869478261	-34.9988800537571
			44.1985856678876	-34.9588813336957
			44.238584387949	-34.9588813336957
			44.2785831080105	-34.9588813336957
			44.3185818280719	-34.9588813336957
			44.3185818280719	-34.9188826136343
			44.3585805481333	-34.9188826136343
			44.3985792681948	-34.9188826136343
			44.4385779882562	-34.9188826136343
			44.4785767083176	-34.9188826136343
			44.4785767083176	-34.8788838935728
			44.5185754283791	-34.8788838935728
			44.5585741484405	-34.8788838935728
			44.5985728685019	-34.8788838935728
			44.6385715885634	-34.8788838935728
			44.6385715885634	-34.8388851735114
			44.6785703086248	-34.8388851735114
			44.7185690286863	-34.8388851735114
			44.7585677487477	-34.8388851735114
			44.7985664688091	-34.8388851735114
			44.8385651888706	-34.79888645345
			44.878563908932	-34.79888645345
			44.9185626289934	-34.79888645345
			44.9585613490549	-34.79888645345
			44.9985600691163	-34.79888645345
			45.0385587891778	-34.79888645345
			45.0785575092392	-34.79888645345
			45.1185562293006	-34.79888645345
			45.1585549493621	-34.7588877333885
			45.1985536694235	-34.7588877333885
			45.2385523894849	-34.7588877333885
			45.2785511095464	-34.7588877333885
			45.3185498296078	-34.7588877333885
			45.3585485496692	-34.7588877333885
			45.3985472697307	-34.7588877333885
			45.4385459897921	-34.7588877333885
			45.4785447098536	-34.7588877333885
			45.518543429915	-34.7588877333885
			45.5585421499764	-34.7588877333885
			45.5985408700379	-34.7588877333885
			45.6385395900993	-34.7588877333885
			45.6785383101607	-34.7588877333885
			45.7185370302222	-34.7588877333885
			45.7585357502836	-34.7188890133271
			45.7985344703451	-34.7188890133271
			45.8385331904065	-34.7188890133271
			45.8785319104679	-34.7188890133271
			45.9185306305294	-34.7188890133271
			45.9585293505908	-34.7188890133271
			45.9985280706522	-34.7188890133271
			46.0385267907137	-34.7188890133271
			46.0785255107751	-34.6788902932656
			46.1185242308365	-34.6788902932656
			46.158522950898	-34.6788902932656
			46.1985216709594	-34.6788902932656
			46.2385203910209	-34.6788902932656
			46.2785191110823	-34.6788902932656
			46.3185178311437	-34.6788902932656
			46.3585165512052	-34.6388915732042
			46.3985152712666	-34.6388915732042
			46.438513991328	-34.6388915732042
			46.4785127113895	-34.6388915732042
			46.5185114314509	-34.6388915732042
			46.5585101515124	-34.6388915732042
			46.5985088715738	-34.6388915732042
			46.6385075916352	-34.5988928531428
			46.6785063116967	-34.5988928531428
			46.7185050317581	-34.5988928531428
			46.7585037518195	-34.5988928531428
			46.798502471881	-34.5988928531428
			46.8385011919424	-34.5588941330813
			46.8784999120038	-34.5588941330813
			46.9184986320653	-34.5588941330813
			46.9584973521267	-34.5588941330813
			46.9984960721882	-34.5588941330813
			47.0384947922496	-34.5588941330813
			47.078493512311	-34.5188954130199
			47.1184922323725	-34.5188954130199
			47.1584909524339	-34.5188954130199
			47.1984896724953	-34.5188954130199
			47.2384883925568	-34.5188954130199
			47.2784871126182	-34.4788966929585
			47.3184858326796	-34.4788966929585
			47.3584845527411	-34.4788966929585
			47.3984832728025	-34.4788966929585
			47.438481992864	-34.438897972897
			47.4784807129254	-34.438897972897
			47.5184794329868	-34.438897972897
			47.5584781530483	-34.438897972897
			47.5984768731097	-34.438897972897
			47.6384755931711	-34.3988992528356
			47.6784743132326	-34.3988992528356
			47.718473033294	-34.3988992528356
			47.7584717533555	-34.3988992528356
			47.7984704734169	-34.3589005327742
			47.8384691934783	-34.3589005327742
			47.8784679135398	-34.3589005327742
			47.9184666336012	-34.3589005327742
			47.9584653536626	-34.3189018127127
			47.9984640737241	-34.3189018127127
			48.0384627937855	-34.3189018127127
			48.0784615138469	-34.3189018127127
			48.1184602339084	-34.2789030926513
			48.1584589539698	-34.2789030926513
			48.1984576740313	-34.2789030926513
			48.2384563940927	-34.2789030926513
			48.2784551141541	-34.2389043725898
			48.3184538342156	-34.2389043725898
			48.358452554277	-34.2389043725898
			48.3984512743384	-34.2389043725898
			48.4384499943999	-34.1989056525284
			48.4784487144613	-34.1989056525284
			48.5184474345227	-34.1989056525284
			48.5584461545842	-34.158906932467
			48.5984448746456	-34.158906932467
			48.6384435947071	-34.158906932467
			48.6784423147685	-34.158906932467
			48.7184410348299	-34.1189082124055
			48.7584397548914	-34.1189082124055
			48.7984384749528	-34.1189082124055
			48.8384371950142	-34.0789094923441
			48.8784359150757	-34.0789094923441
			48.9184346351371	-34.0789094923441
			48.9584333551986	-34.0389107722827
			48.99843207526	-34.0389107722827
			49.0384307953214	-34.0389107722827
			49.0784295153829	-33.9989120522212
			49.1184282354443	-33.9989120522212
			49.1584269555057	-33.9989120522212
			49.1984256755672	-33.9989120522212
			49.2384243956286	-33.9589133321598
			49.27842311569	-33.9589133321598
			49.3184218357515	-33.9589133321598
			49.3584205558129	-33.9189146120983
			49.3984192758744	-33.9189146120983
			49.4384179959358	-33.9189146120983
			49.4784167159972	-33.8789158920369
			49.5184154360587	-33.8789158920369
			49.5584141561201	-33.8389171719755
			49.5984128761815	-33.8389171719755
			49.638411596243	-33.8389171719755
			49.6784103163044	-33.798918451914
			49.7184090363658	-33.798918451914
			49.7584077564273	-33.798918451914
			49.7984064764887	-33.7589197318526
			49.8384051965502	-33.7589197318526
			49.8784039166116	-33.7589197318526
			49.918402636673	-33.7189210117912
			49.9584013567345	-33.7189210117912
			49.9984000767959	-33.6789222917297
			50.0383987968573	-33.6789222917297
			50.0783975169188	-33.6789222917297
			50.1183962369802	-33.6389235716683
			50.1583949570417	-33.6389235716683
			50.1983936771031	-33.6389235716683
			50.2383923971645	-33.5989248516068
			50.278391117226	-33.5989248516068
			50.3183898372874	-33.5589261315454
			50.3583885573488	-33.5589261315454
			50.3983872774103	-33.5589261315454
			50.4383859974717	-33.518927411484
			50.4783847175331	-33.518927411484
			50.5183834375946	-33.4789286914225
			50.558382157656	-33.4789286914225
			50.5983808777175	-33.4389299713611
			50.6383795977789	-33.4389299713611
			50.6783783178403	-33.3989312512997
			50.7183770379018	-33.3989312512997
			50.7583757579632	-33.3989312512997
			50.7983744780246	-33.3589325312382
			50.8383731980861	-33.3589325312382
			50.8783719181475	-33.3189338111768
			50.9183706382089	-33.3189338111768
			50.9583693582704	-33.2789350911154
			50.9983680783318	-33.2789350911154
			51.0383667983933	-33.2389363710539
			51.0783655184547	-33.2389363710539
			51.1183642385161	-33.2389363710539
			51.1183642385161	-33.1989376509925
			51.1583629585776	-33.1989376509925
			51.198361678639	-33.1989376509925
			51.2383603987004	-33.1989376509925
			51.2383603987004	-33.158938930931
			51.2783591187619	-33.158938930931
			51.3183578388233	-33.158938930931
			51.3583565588848	-33.1189402108696
			51.3983552789462	-33.1189402108696
			51.4383539990076	-33.1189402108696
			51.4783527190691	-33.0789414908082
			51.5183514391305	-33.0789414908082
			51.5583501591919	-33.0789414908082
			51.5983488792534	-33.0389427707467
			51.6383475993148	-33.0389427707467
			51.6783463193762	-33.0389427707467
			51.7183450394377	-32.9989440506853
			51.7583437594991	-32.9989440506853
			51.7983424795606	-32.9989440506853
			51.838341199622	-32.9589453306239
			51.8783399196834	-32.9589453306239
			51.9183386397449	-32.9589453306239
			51.9583373598063	-32.9589453306239
			51.9983360798677	-32.9189466105624
			52.0383347999292	-32.9189466105624
			52.0783335199906	-32.9189466105624
			52.1183322400521	-32.9189466105624
			52.1583309601135	-32.878947890501
			52.1983296801749	-32.878947890501
			52.2383284002364	-32.878947890501
			52.2783271202978	-32.878947890501
			52.3183258403592	-32.8389491704395
			52.3583245604207	-32.8389491704395
			52.3983232804821	-32.8389491704395
			52.4383220005435	-32.8389491704395
			52.478320720605	-32.8389491704395
			52.5183194406664	-32.7989504503781
			52.5583181607279	-32.7989504503781
			52.5983168807893	-32.7989504503781
			52.6383156008507	-32.7989504503781
			52.6783143209122	-32.7989504503781
			52.7183130409736	-32.7989504503781
			52.758311761035	-32.7589517303167
			52.7983104810965	-32.7589517303167
			52.8383092011579	-32.7589517303167
			52.8783079212194	-32.7589517303167
			52.9183066412808	-32.7589517303167
			52.9583053613422	-32.7589517303167
			52.9983040814037	-32.7589517303167
			53.0383028014651	-32.7189530102552
			53.0783015215265	-32.7189530102552
			53.118300241588	-32.7189530102552
			53.1582989616494	-32.7189530102552
			53.1982976817108	-32.7189530102552
			53.2382964017723	-32.7189530102552
			53.2782951218337	-32.7189530102552
			53.3182938418952	-32.7189530102552
			53.3582925619566	-32.7189530102552
			53.398291282018	-32.7189530102552
			53.4382900020795	-32.7189530102552
			53.4782887221409	-32.7189530102552
			53.5182874422023	-32.7189530102552
			53.5582861622638	-32.7189530102552
			53.5982848823252	-32.7189530102552
			53.6382836023867	-32.7189530102552
			53.6782823224481	-32.7189530102552
			53.7182810425095	-32.7189530102552
			53.758279762571	-32.7189530102552
			53.7982784826324	-32.7189530102552
			53.8382772026938	-32.7189530102552
			53.8782759227553	-32.7189530102552
			53.9182746428167	-32.7189530102552
			53.9582733628781	-32.7189530102552
			53.9982720829396	-32.7189530102552
			54.038270803001	-32.7189530102552
			54.0782695230625	-32.7589517303167
			54.1182682431239	-32.7589517303167
			54.1582669631853	-32.7589517303167
			54.1982656832468	-32.7589517303167
			54.2382644033082	-32.7589517303167
			54.2782631233696	-32.7589517303167
			54.3182618434311	-32.7589517303167
			54.3582605634925	-32.7989504503781
			54.3982592835539	-32.7989504503781
			54.4382580036154	-32.7989504503781
			54.4782567236768	-32.7989504503781
			54.5182554437383	-32.7989504503781
			54.5582541637997	-32.8389491704395
			54.5982528838611	-32.8389491704395
			54.6382516039226	-32.8389491704395
			54.678250323984	-32.8389491704395
			54.7182490440454	-32.878947890501
			54.7582477641069	-32.878947890501
			54.7982464841683	-32.878947890501
			54.8382452042298	-32.878947890501
			54.8782439242912	-32.9189466105624
			54.9182426443526	-32.9189466105624
			54.9582413644141	-32.9189466105624
			54.9982400844755	-32.9189466105624
			55.0382388045369	-32.9589453306239
			55.0782375245984	-32.9589453306239
			55.1182362446598	-32.9989440506853
			55.1582349647212	-32.9989440506853
			55.1982336847827	-32.9989440506853
			55.2382324048441	-33.0389427707467
			55.2782311249056	-33.0389427707467
			55.318229844967	-33.0789414908082
			55.3582285650284	-33.0789414908082
			55.3982272850899	-33.1189402108696
			55.4382260051513	-33.1189402108696
			55.4782247252127	-33.1189402108696
			55.4782247252127	-33.158938930931
			55.5182234452742	-33.158938930931
			55.5582221653356	-33.158938930931
			55.598220885397	-33.1989376509925
			55.6382196054585	-33.1989376509925
			55.6782183255199	-33.2389363710539
			55.7182170455814	-33.2789350911154
			55.7582157656428	-33.2789350911154
			55.7982144857042	-33.3189338111768
			55.8382132057657	-33.3189338111768
			55.8782119258271	-33.3589325312382
			55.9182106458885	-33.3589325312382
			55.9182106458885	-33.3989312512997
			55.95820936595	-33.3989312512997
			55.9982080860114	-33.4389299713611
			56.0382068060728	-33.4389299713611
			56.0782055261343	-33.4789286914225
			56.1182042461957	-33.518927411484
			56.1582029662572	-33.5589261315454
			56.1982016863186	-33.5589261315454
			56.23820040638	-33.5989248516068
			56.2781991264415	-33.6389235716683
			56.3181978465029	-33.6789222917297
			56.3581965665643	-33.6789222917297
			56.3981952866258	-33.7189210117912
			56.4381940066872	-33.7589197318526
			56.4781927267487	-33.798918451914
			56.5181914468101	-33.8389171719755
			56.5581901668715	-33.8389171719755
			56.598188886933	-33.8789158920369
			56.6381876069944	-33.9189146120983
			56.6781863270558	-33.9589133321598
			56.7181850471173	-33.9989120522212
			56.7581837671787	-34.0389107722827
			56.7981824872401	-34.0789094923441
			56.8381812073016	-34.0789094923441
			56.878179927363	-34.1189082124055
			56.9181786474245	-34.158906932467
			56.9581773674859	-34.1989056525284
			56.9981760875473	-34.1989056525284
			57.0381748076088	-34.2389043725898
			57.0781735276702	-34.2789030926513
			57.1181722477316	-34.2789030926513
			57.1581709677931	-34.3189018127127
			57.1981696878545	-34.3189018127127
			57.238168407916	-34.3589005327742
			57.2781671279774	-34.3589005327742
			57.3181658480388	-34.3988992528356
			57.3181658480388	-34.438897972897
			57.3581645681003	-34.438897972897
			57.3981632881617	-34.4788966929585
			57.4381620082231	-34.4788966929585
			57.4781607282846	-34.5188954130199
			57.518159448346	-34.5188954130199
			57.5581581684074	-34.5588941330813
			57.5981568884689	-34.5988928531428
			57.6381556085303	-34.5988928531428
			57.6381556085303	-34.6388915732042
			57.6781543285918	-34.6388915732042
			57.7181530486532	-34.6788902932656
			57.7581517687146	-34.7188890133271
			57.7981504887761	-34.7188890133271
			57.8381492088375	-34.7588877333885
			57.8781479288989	-34.7588877333885
			57.9181466489604	-34.79888645345
			57.9581453690218	-34.8388851735114
			57.9981440890833	-34.8788838935728
			58.0381428091447	-34.8788838935728
			58.0781415292061	-34.9188826136343
			58.1181402492676	-34.9588813336957
			58.158138969329	-34.9588813336957
			58.1981376893904	-34.9988800537571
			58.2381364094519	-35.0388787738186
			58.2781351295133	-35.0388787738186
			58.3181338495747	-35.07887749388
			58.3581325696362	-35.1188762139414
			58.3981312896976	-35.1188762139414
			58.4381300097591	-35.1588749340029
			58.4781287298205	-35.1988736540643
			58.5181274498819	-35.1988736540643
			58.5581261699434	-35.2388723741258
			58.5981248900048	-35.2788710941872
			58.6381236100662	-35.3188698142486
			58.6781223301277	-35.3188698142486
			58.7181210501891	-35.3588685343101
			58.7581197702506	-35.3988672543715
			58.798118490312	-35.3988672543715
			58.8381172103734	-35.4388659744329
			58.8781159304349	-35.4788646944944
			58.9181146504963	-35.4788646944944
			58.9581133705577	-35.5188634145558
			58.9981120906192	-35.5588621346173
			59.0381108106806	-35.5588621346173
			59.078109530742	-35.5988608546787
			59.1181082508035	-35.6388595747401
			59.1581069708649	-35.6388595747401
			59.1981056909264	-35.6788582948016
			59.2381044109878	-35.718857014863
			59.2781031310492	-35.718857014863
			59.3181018511107	-35.7588557349244
			59.3181018511107	-35.7988544549859
			59.3581005711721	-35.7988544549859
			59.3980992912335	-35.8388531750473
			59.438098011295	-35.8388531750473
			59.4780967313564	-35.8788518951087
			59.5180954514178	-35.9188506151702
			59.5580941714793	-35.9188506151702
			59.5980928915407	-35.9588493352316
			59.6380916116022	-35.9988480552931
			59.6780903316636	-35.9988480552931
			59.718089051725	-36.0388467753545
			59.718089051725	-36.0788454954159
			59.7580877717865	-36.0788454954159
			59.7980864918479	-36.1188442154774
			59.8380852119093	-36.1588429355388
			59.8780839319708	-36.1588429355388
			59.9180826520322	-36.1988416556002
			59.9580813720937	-36.2388403756617
			59.9980800921551	-36.2388403756617
			59.9980800921551	-36.2788390957231
			60.0380788122165	-36.3188378157845
			60.078077532278	-36.3188378157845
			60.1180762523394	-36.358836535846
			60.1580749724008	-36.358836535846
			60.1980736924623	-36.3988352559074
			60.2380724125237	-36.4388339759689
			60.2780711325851	-36.4788326960303
			60.3180698526466	-36.5188314160917
			60.358068572708	-36.5588301361532
			60.3980672927695	-36.5588301361532
			60.4380660128309	-36.5988288562146
			60.4780647328923	-36.638827576276
			60.5180634529538	-36.6788262963375
			60.5580621730152	-36.6788262963375
			60.5980608930766	-36.7188250163989
			60.6380596131381	-36.7588237364604
			60.6780583331995	-36.7988224565218
			60.7180570532609	-36.7988224565218
			60.7580557733224	-36.8388211765832
			60.7980544933838	-36.8788198966447
			60.8380532134453	-36.9188186167061
			60.8780519335067	-36.9188186167061
			60.9180506535681	-36.9588173367675
			60.9580493736296	-36.998816056829
			60.998048093691	-37.0388147768904
			61.0380468137524	-37.0788134969518
			61.0780455338139	-37.1188122170133
			61.1180442538753	-37.1588109370747
			61.1580429739368	-37.1588109370747
			61.1580429739368	-37.1988096571362
			61.1980416939982	-37.1988096571362
			61.2380404140596	-37.2388083771976
			61.2780391341211	-37.278807097259
			61.3180378541825	-37.3188058173205
			61.3580365742439	-37.3588045373819
			61.3980352943054	-37.3588045373819
			61.4380340143668	-37.3988032574433
			61.4780327344282	-37.4388019775048
			61.5180314544897	-37.4788006975662
			61.5580301745511	-37.5187994176276
			61.5980288946126	-37.5187994176276
			61.638027614674	-37.5587981376891
			61.638027614674	-37.5987968577505
			61.6780263347354	-37.638795577812
			61.7180250547969	-37.638795577812
			61.7580237748583	-37.6787942978734
			61.7980224949197	-37.7187930179348
			61.8380212149812	-37.7587917379963
			61.8780199350426	-37.7587917379963
			61.8780199350426	-37.7987904580577
			61.918018655104	-37.8387891781191
			61.9580173751655	-37.8787878981806
			61.9980160952269	-37.8787878981806
			62.0380148152884	-37.918786618242
			62.0780135353498	-37.9587853383034
			62.0780135353498	-37.9987840583649
			62.1180122554112	-37.9987840583649
			62.1580109754727	-38.0387827784263
			62.1980096955341	-38.0787814984878
			62.1980096955341	-38.1187802185492
			62.2380084155955	-38.1187802185492
			62.278007135657	-38.1587789386106
			62.3180058557184	-38.1987776586721
			62.3580045757799	-38.1987776586721
			62.3980032958413	-38.2387763787335
			62.4380020159027	-38.2787750987949
			62.4780007359642	-38.2787750987949
			62.5179994560256	-38.3187738188564
			62.557998176087	-38.3587725389178
			62.5979968961485	-38.3987712589793
			62.6379956162099	-38.3987712589793
			62.6779943362713	-38.4387699790407
			62.6779943362713	-38.4787686991021
			62.7179930563328	-38.5187674191636
			62.7579917763942	-38.5187674191636
			62.7979904964557	-38.558766139225
			62.8379892165171	-38.5987648592864
			62.8779879365785	-38.6387635793479
			62.91798665664	-38.6387635793479
			62.9579853767014	-38.6787622994093
			62.9979840967628	-38.7187610194707
			63.0379828168243	-38.7587597395322
			63.0779815368857	-38.7987584595936
			63.1179802569471	-38.7987584595936
			63.1579789770086	-38.8387571796551
			63.19797769707	-38.8787558997165
			63.2379764171315	-38.9187546197779
			63.2779751371929	-38.9587533398394
			63.3179738572543	-38.9587533398394
			63.3579725773158	-38.9987520599008
			63.3979712973772	-39.0387507799622
			63.4379700174386	-39.0787495000237
			63.4779687375001	-39.1187482200851
			63.5179674575615	-39.1587469401466
			63.557966177623	-39.198745660208
			63.5979648976844	-39.2387443802694
			63.6379636177458	-39.2387443802694
			63.6779623378073	-39.2787431003309
			63.7179610578687	-39.3187418203923
			63.7579597779301	-39.3587405404537
			63.7979584979916	-39.3987392605152
			63.837957218053	-39.4387379805766
			63.8779559381145	-39.478736700638
			63.9179546581759	-39.5187354206995
			63.9579533782373	-39.5587341407609
			63.9979520982988	-39.5987328608224
			64.0379508183602	-39.6387315808838
			64.0779495384216	-39.6787303009452
			64.1179482584831	-39.7187290210067
			64.1579469785445	-39.7587277410681
			64.1979456986059	-39.7987264611295
			64.2379444186674	-39.838725181191
			64.2779431387288	-39.8787239012524
			64.3179418587902	-39.8787239012524
			64.3579405788517	-39.9187226213139
			64.3979392989131	-39.9587213413753
			64.4379380189746	-39.9987200614367
			64.477936739036	-40.0387187814982
			64.5179354590974	-40.0787175015596
			64.5579341791589	-40.0787175015596
			64.5579341791589	-40.118716221621
			64.5979328992203	-40.1587149416825
			64.6379316192817	-40.1987136617439
			64.6779303393432	-40.1987136617439
			64.7179290594046	-40.2387123818053
			64.7179290594046	-40.2787111018668
			64.7579277794661	-40.3187098219282
			64.7979264995275	-40.3187098219282
			64.8379252195889	-40.3587085419897
			64.8379252195889	-40.3987072620511
			64.8779239396504	-40.4387059821125
			64.9179226597118	-40.4387059821125
			64.9579213797732	-40.478704702174
			64.9979200998347	-40.5187034222354
			64.9979200998347	-40.5587021422968
			65.0379188198961	-40.5987008623583
			65.0779175399576	-40.5987008623583
			65.117916260019	-40.6386995824197
			65.1579149800804	-40.6786983024812
			65.1579149800804	-40.7186970225426
			65.1979137001419	-40.758695742604
			65.2379124202033	-40.758695742604
			65.2779111402647	-40.7986944626655
			65.3179098603262	-40.8386931827269
			65.3179098603262	-40.8786919027883
			65.3579085803876	-40.9186906228498
			65.397907300449	-40.9186906228498
			65.4379060205105	-40.9586893429112
			65.4779047405719	-40.9986880629726
			65.4779047405719	-41.0386867830341
			65.5179034606334	-41.0786855030955
			65.5579021806948	-41.118684223157
			65.5979009007562	-41.118684223157
			65.6378996208177	-41.1586829432184
			65.6778983408791	-41.1986816632798
			65.6778983408791	-41.2386803833413
			65.7178970609405	-41.2786791034027
			65.757895781002	-41.3186778234641
			65.7978945010634	-41.3586765435256
			65.8378932211248	-41.3586765435256
			65.8778919411863	-41.398675263587
			65.8778919411863	-41.4386739836484
			65.9178906612477	-41.4786727037099
			65.9578893813092	-41.5186714237713
			65.9978881013706	-41.5586701438328
			66.037886821432	-41.5986688638942
			66.0778855414935	-41.6386675839556
			66.1178842615549	-41.6786663040171
			66.1578829816163	-41.7186650240785
			66.1978817016778	-41.7586637441399
			66.2378804217392	-41.7986624642014
			66.2378804217392	-41.8386611842628
			66.2778791418007	-41.8386611842628
			66.3178778618621	-41.8786599043243
			66.3178778618621	-41.9186586243857
			66.3578765819235	-41.9186586243857
			66.397875301985	-41.9586573444471
			66.397875301985	-41.9986560645086
			66.4378740220464	-41.9986560645086
			66.4378740220464	-42.03865478457
			66.4778727421078	-42.0786535046314
			66.5178714621693	-42.0786535046314
			66.5178714621693	-42.1186522246929
			66.5578701822307	-42.1586509447543
			66.5978689022921	-42.1586509447543
			66.5978689022921	-42.1986496648157
			66.6378676223536	-42.2386483848772
			66.677866342415	-42.2786471049386
			66.7178650624765	-42.3186458250001
			66.7578637825379	-42.3586445450615
			66.7978625025993	-42.3986432651229
			66.8378612226608	-42.4386419851844
			66.8378612226608	-42.4786407052458
			66.8778599427222	-42.5186394253072
			66.9178586627836	-42.5186394253072
			66.9578573828451	-42.5586381453687
			66.9578573828451	-42.5986368654301
			66.9978561029065	-42.6386355854915
			67.037854822968	-42.678634305553
			67.0778535430294	-42.7186330256144
			67.0778535430294	-42.7586317456759
			67.1178522630908	-42.7586317456759
			67.1578509831523	-42.7986304657373
			67.1978497032137	-42.8386291857987
			67.1978497032137	-42.8786279058602
			67.2378484232751	-42.9186266259216
			67.2778471433366	-42.958625345983
			67.317845863398	-42.9986240660445
			67.3578445834594	-43.0386227861059
			67.3978433035209	-43.0786215061674
			67.4378420235823	-43.1186202262288
			67.4778407436438	-43.1586189462902
			67.5178394637052	-43.1986176663517
			67.5578381837666	-43.2386163864131
			67.5578381837666	-43.2786151064745
			67.5978369038281	-43.2786151064745
			67.5978369038281	-43.318613826536
			67.6378356238895	-43.3586125465974
			67.6778343439509	-43.3986112666588
			67.7178330640124	-43.4386099867203
			67.7178330640124	-43.4786087067817
			67.7578317840738	-43.4786087067817
			67.7978305041352	-43.5186074268432
			67.7978305041352	-43.5586061469046
			67.8378292241967	-43.598604866966
			67.8778279442581	-43.598604866966
			67.8778279442581	-43.6386035870275
			67.9178266643196	-43.6786023070889
			67.957825384381	-43.7186010271503
			67.9978241044424	-43.7585997472118
			68.0378228245039	-43.7985984672732
			68.0778215445653	-43.8385971873346
			68.1178202646267	-43.8785959073961
			68.1178202646267	-43.9185946274575
			68.1578189846882	-43.9185946274575
			68.1978177047496	-43.958593347519
			68.2378164248111	-43.9985920675804
			68.2378164248111	-44.0385907876418
			68.2778151448725	-44.0385907876418
			68.3178138649339	-44.0785895077033
			68.3578125849954	-44.1185882277647
			68.3978113050568	-44.1585869478261
			68.4378100251182	-44.1985856678876
			68.4778087451797	-44.238584387949
			68.5178074652411	-44.238584387949
			68.5578061853026	-44.2785831080105
			68.597804905364	-44.3185818280719
			68.6378036254254	-44.3185818280719
			68.6378036254254	-44.3585805481333
			68.6778023454869	-44.3985792681948
			68.7178010655483	-44.3985792681948
			68.7577997856097	-44.4385779882562
			68.7977985056712	-44.4785767083176
			68.8377972257326	-44.4785767083176
			68.877795945794	-44.5185754283791
			68.9177946658555	-44.5585741484405
			68.9577933859169	-44.5585741484405
			68.9977921059783	-44.5985728685019
			69.0377908260398	-44.5985728685019
			69.0777895461012	-44.6385715885634
			69.1177882661627	-44.6385715885634
			69.1577869862241	-44.6785703086248
			69.1977857062855	-44.6785703086248
			69.237784426347	-44.7185690286863
			69.2777831464084	-44.7185690286863
			69.3177818664698	-44.7585677487477
			69.3577805865313	-44.7585677487477
			69.3977793065927	-44.7585677487477
			69.4377780266542	-44.7985664688091
			69.4777767467156	-44.8385651888706
			69.517775466777	-44.8385651888706
			69.5577741868385	-44.878563908932
			69.5977729068999	-44.9185626289934
			69.6377716269613	-44.9585613490549
			69.6777703470228	-44.9985600691163
			69.7177690670842	-44.9985600691163
			69.7577677871457	-45.0385587891778
			69.7977665072071	-45.0785575092392
			69.8377652272685	-45.1185562293006
			69.87776394733	-45.1585549493621
			69.9177626673914	-45.1585549493621
			69.9577613874528	-45.1985536694235
			69.9977601075143	-45.2385523894849
			69.9977601075143	-45.2785511095464
			70.0377588275757	-45.3185498296078
			70.0777575476371	-45.3585485496692
			70.1177562676986	-45.3585485496692
			70.15775498776	-45.3985472697307
			70.1977537078214	-45.4385459897921
			70.2377524278829	-45.4785447098536
			70.2777511479443	-45.518543429915
			70.3177498680058	-45.5585421499764
			70.3577485880672	-45.5985408700379
			70.3977473081286	-45.5985408700379
			70.4377460281901	-45.6385395900993
			70.4777447482515	-45.6785383101607
			70.5177434683129	-45.7185370302222
			70.5577421883744	-45.7585357502836
			70.5977409084358	-45.7985344703451
			70.6377396284973	-45.8385331904065
			70.6777383485587	-45.8785319104679
			70.7177370686201	-45.9185306305294
			70.7577357886816	-45.9585293505908
			70.797734508743	-45.9985280706522
			70.8377332288044	-46.0385267907137
			70.8777319488659	-46.0785255107751
			70.9177306689273	-46.1185242308365
			70.9577293889888	-46.158522950898
			70.9977281090502	-46.1985216709594
			71.0377268291116	-46.2385203910209
			71.0777255491731	-46.2785191110823
			71.1177242692345	-46.3185178311437
			71.1577229892959	-46.3585165512052
			71.1977217093574	-46.3985152712666
			71.2377204294188	-46.438513991328
			71.2777191494802	-46.4785127113895
			71.3177178695417	-46.5185114314509
			71.3577165896031	-46.5585101515124
			71.3977153096645	-46.5985088715738
			71.437714029726	-46.6385075916352
			71.4777127497874	-46.6785063116967
			71.5177114698489	-46.7185050317581
			71.5577101899103	-46.7585037518195
			71.5977089099717	-46.798502471881
			71.5977089099717	-46.8385011919424
			71.6377076300332	-46.8784999120038
			71.6777063500946	-46.8784999120038
			71.6777063500946	-46.9184986320653
			71.717705070156	-46.9584973521267
			71.7577037902175	-46.9984960721882
			71.7977025102789	-47.0384947922496
			71.8377012303404	-47.078493512311
			71.8377012303404	-47.1184922323725
			71.8776999504018	-47.1584909524339
			71.9176986704632	-47.1584909524339
			71.9576973905247	-47.1984896724953
			71.9576973905247	-47.2384883925568
			71.9976961105861	-47.2784871126182
			72.0376948306475	-47.2784871126182
			72.0376948306475	-47.3184858326796
			72.077693550709	-47.3584845527411
			72.1176922707704	-47.3984832728025
			72.1176922707704	-47.438481992864
			72.1576909908319	-47.438481992864
			72.1976897108933	-47.4784807129254
			72.1976897108933	-47.5184794329868
			72.2376884309547	-47.5584781530483
			72.2776871510162	-47.5984768731097
			72.3176858710776	-47.6384755931711
			72.357684591139	-47.6784743132326
			72.3976833112005	-47.718473033294
			72.4376820312619	-47.7584717533555
			72.4376820312619	-47.7984704734169
			72.4776807513233	-47.8384691934783
			72.5176794713848	-47.8784679135398
			72.5576781914462	-47.9184666336012
			72.5976769115077	-47.9584653536626
			72.6376756315691	-47.9984640737241
			72.6376756315691	-48.0384627937855
			72.6776743516305	-48.0784615138469
			72.717673071692	-48.1184602339084
			72.7576717917534	-48.1584589539698
			72.7976705118148	-48.1984576740313
			72.7976705118148	-48.2384563940927
			72.8376692318763	-48.2784551141541
			72.8776679519377	-48.3184538342156
			72.9176666719991	-48.358452554277
			72.9576653920606	-48.3984512743384
			72.9576653920606	-48.4384499943999
			72.997664112122	-48.4784487144613
			73.0376628321835	-48.5184474345227
			73.0776615522449	-48.5584461545842
			73.0776615522449	-48.5984448746456
			73.1176602723063	-48.6384435947071
			73.1176602723063	-48.6784423147685
			73.1576589923678	-48.6784423147685
			73.1976577124292	-48.7184410348299
			73.1976577124292	-48.7584397548914
			73.2376564324906	-48.7984384749528
			73.2776551525521	-48.8384371950142
			73.3176538726135	-48.8784359150757
			73.3176538726135	-48.9184346351371
			73.357652592675	-48.9584333551986
			73.3976513127364	-48.99843207526
			73.4376500327978	-49.0384307953214
			73.4376500327978	-49.0784295153829
			73.4776487528593	-49.1184282354443
			73.5176474729207	-49.1584269555057
			73.5176474729207	-49.1984256755672
			73.5576461929821	-49.2384243956286
			73.5976449130436	-49.27842311569
		</c1>
		<c2 type=matrix rownames=FALSE colnames=FALSE nrow=1238 ncol=2 as.numeric=TRUE >
			73.5976449130436	-49.27842311569
			73.5576461929821	-49.27842311569
			73.5176474729207	-49.3184218357515
			73.4776487528593	-49.3184218357515
			73.4376500327978	-49.3184218357515
			73.3976513127364	-49.3184218357515
			73.357652592675	-49.3184218357515
			73.3176538726135	-49.3184218357515
			73.2776551525521	-49.3184218357515
			73.2376564324906	-49.3184218357515
			73.1976577124292	-49.3184218357515
			73.1576589923678	-49.3184218357515
			73.1176602723063	-49.3184218357515
			73.0776615522449	-49.3184218357515
			73.0376628321835	-49.27842311569
			72.997664112122	-49.27842311569
			72.9576653920606	-49.27842311569
			72.9176666719991	-49.27842311569
			72.8776679519377	-49.27842311569
			72.8376692318763	-49.2384243956286
			72.7976705118148	-49.2384243956286
			72.7576717917534	-49.2384243956286
			72.717673071692	-49.2384243956286
			72.6776743516305	-49.1984256755672
			72.6376756315691	-49.1984256755672
			72.5976769115077	-49.1984256755672
			72.5576781914462	-49.1984256755672
			72.5176794713848	-49.1584269555057
			72.4776807513233	-49.1584269555057
			72.4376820312619	-49.1584269555057
			72.3976833112005	-49.1184282354443
			72.357684591139	-49.1184282354443
			72.3176858710776	-49.1184282354443
			72.2776871510162	-49.1184282354443
			72.2776871510162	-49.0784295153829
			72.2376884309547	-49.0784295153829
			72.1976897108933	-49.0784295153829
			72.1576909908319	-49.0784295153829
			72.1576909908319	-49.0384307953214
			72.1176922707704	-49.0384307953214
			72.077693550709	-49.0384307953214
			72.0376948306475	-48.99843207526
			71.9976961105861	-48.99843207526
			71.9576973905247	-48.99843207526
			71.9176986704632	-48.9584333551986
			71.8776999504018	-48.9584333551986
			71.8377012303404	-48.9584333551986
			71.7977025102789	-48.9584333551986
			71.7577037902175	-48.9584333551986
			71.717705070156	-48.9584333551986
			71.6777063500946	-48.9584333551986
			71.6377076300332	-48.9584333551986
			71.5977089099717	-48.9584333551986
			71.5577101899103	-48.99843207526
			71.5177114698489	-48.99843207526
			71.4777127497874	-48.99843207526
			71.437714029726	-48.99843207526
			71.3977153096645	-48.99843207526
			71.3577165896031	-48.99843207526
			71.3177178695417	-48.99843207526
			71.2777191494802	-48.99843207526
			71.2377204294188	-48.99843207526
			71.1977217093574	-48.99843207526
			71.1577229892959	-48.99843207526
			71.1177242692345	-48.99843207526
			71.0777255491731	-48.99843207526
			71.0377268291116	-48.99843207526
			70.9977281090502	-48.99843207526
			70.9577293889888	-48.99843207526
			70.9177306689273	-48.99843207526
			70.8777319488659	-48.99843207526
			70.8377332288044	-48.99843207526
			70.797734508743	-48.99843207526
			70.7577357886816	-48.99843207526
			70.7177370686201	-48.99843207526
			70.6777383485587	-48.99843207526
			70.6377396284973	-48.99843207526
			70.5977409084358	-48.99843207526
			70.5577421883744	-48.99843207526
			70.5177434683129	-48.9584333551986
			70.4777447482515	-48.9584333551986
			70.4377460281901	-48.9584333551986
			70.3977473081286	-48.9584333551986
			70.3577485880672	-48.9584333551986
			70.3177498680058	-48.9584333551986
			70.2777511479443	-48.9584333551986
			70.2777511479443	-48.9184346351371
			70.2377524278829	-48.9184346351371
			70.1977537078214	-48.9184346351371
			70.15775498776	-48.9184346351371
			70.1177562676986	-48.8784359150757
			70.0777575476371	-48.8784359150757
			70.0377588275757	-48.8384371950142
			69.9977601075143	-48.8384371950142
			69.9577613874528	-48.8384371950142
			69.9177626673914	-48.8384371950142
			69.87776394733	-48.8384371950142
			69.8377652272685	-48.8384371950142
			69.7977665072071	-48.7984384749528
			69.7577677871457	-48.7984384749528
			69.7177690670842	-48.7984384749528
			69.6777703470228	-48.7984384749528
			69.6377716269613	-48.7984384749528
			69.5977729068999	-48.7984384749528
			69.5577741868385	-48.7984384749528
			69.517775466777	-48.7984384749528
			69.4777767467156	-48.7984384749528
			69.4377780266542	-48.7984384749528
			69.3977793065927	-48.7584397548914
			69.3577805865313	-48.7584397548914
			69.3177818664698	-48.7584397548914
			69.2777831464084	-48.7584397548914
			69.237784426347	-48.7584397548914
			69.1977857062855	-48.7584397548914
			69.1577869862241	-48.7584397548914
			69.1177882661627	-48.7584397548914
			69.0777895461012	-48.7584397548914
			69.0377908260398	-48.7584397548914
			68.9977921059783	-48.7184410348299
			68.9577933859169	-48.7184410348299
			68.9177946658555	-48.7184410348299
			68.877795945794	-48.7184410348299
			68.8377972257326	-48.7184410348299
			68.7977985056712	-48.7184410348299
			68.7577997856097	-48.7184410348299
			68.7178010655483	-48.7184410348299
			68.6778023454869	-48.7184410348299
			68.6378036254254	-48.7184410348299
			68.597804905364	-48.6784423147685
			68.5578061853026	-48.6784423147685
			68.5178074652411	-48.6784423147685
			68.4778087451797	-48.6784423147685
			68.4378100251182	-48.6784423147685
			68.3978113050568	-48.6784423147685
			68.3578125849954	-48.6784423147685
			68.3178138649339	-48.6784423147685
			68.2778151448725	-48.6384435947071
			68.2378164248111	-48.6384435947071
			68.1978177047496	-48.6384435947071
			68.1578189846882	-48.6384435947071
			68.1178202646267	-48.6384435947071
			68.0778215445653	-48.6384435947071
			68.0378228245039	-48.6384435947071
			67.9978241044424	-48.6384435947071
			67.957825384381	-48.5984448746456
			67.9178266643196	-48.5984448746456
			67.8778279442581	-48.5984448746456
			67.8378292241967	-48.5984448746456
			67.7978305041352	-48.5984448746456
			67.7578317840738	-48.5984448746456
			67.7178330640124	-48.5984448746456
			67.6778343439509	-48.5584461545842
			67.6378356238895	-48.5584461545842
			67.5978369038281	-48.5584461545842
			67.5578381837666	-48.5584461545842
			67.5178394637052	-48.5584461545842
			67.4778407436438	-48.5584461545842
			67.4378420235823	-48.5184474345227
			67.3978433035209	-48.5184474345227
			67.3578445834594	-48.5184474345227
			67.317845863398	-48.5184474345227
			67.2778471433366	-48.5184474345227
			67.2378484232751	-48.5184474345227
			67.1978497032137	-48.5584461545842
			67.1578509831523	-48.5584461545842
			67.1178522630908	-48.5584461545842
			67.0778535430294	-48.5584461545842
			67.037854822968	-48.5584461545842
			66.9978561029065	-48.5584461545842
			66.9578573828451	-48.5584461545842
			66.9178586627836	-48.5584461545842
			66.8778599427222	-48.5984448746456
			66.8378612226608	-48.5984448746456
			66.7978625025993	-48.5984448746456
			66.7578637825379	-48.5984448746456
			66.7178650624765	-48.5984448746456
			66.677866342415	-48.5984448746456
			66.6378676223536	-48.5984448746456
			66.5978689022921	-48.5984448746456
			66.5578701822307	-48.5984448746456
			66.5178714621693	-48.5984448746456
			66.4778727421078	-48.5984448746456
			66.4378740220464	-48.5984448746456
			66.397875301985	-48.5984448746456
			66.3578765819235	-48.5984448746456
			66.3178778618621	-48.5984448746456
			66.2778791418007	-48.5984448746456
			66.2378804217392	-48.5984448746456
			66.1978817016778	-48.5984448746456
			66.1578829816163	-48.5984448746456
			66.1178842615549	-48.5984448746456
			66.0778855414935	-48.5984448746456
			66.037886821432	-48.5984448746456
			65.9978881013706	-48.5984448746456
			65.9578893813092	-48.5984448746456
			65.9178906612477	-48.5984448746456
			65.8778919411863	-48.5984448746456
			65.8378932211248	-48.5984448746456
			65.7978945010634	-48.5984448746456
			65.757895781002	-48.5984448746456
			65.7178970609405	-48.5984448746456
			65.6778983408791	-48.5984448746456
			65.6378996208177	-48.5984448746456
			65.5979009007562	-48.5984448746456
			65.5579021806948	-48.5984448746456
			65.5179034606334	-48.5984448746456
			65.5179034606334	-48.5584461545842
			65.4779047405719	-48.5584461545842
			65.4379060205105	-48.5584461545842
			65.397907300449	-48.5584461545842
			65.3579085803876	-48.5584461545842
			65.3179098603262	-48.5584461545842
			65.2779111402647	-48.5584461545842
			65.2379124202033	-48.5584461545842
			65.1979137001419	-48.5584461545842
			65.1579149800804	-48.5584461545842
			65.117916260019	-48.5584461545842
			65.0779175399576	-48.5584461545842
			65.0379188198961	-48.5184474345227
			64.9979200998347	-48.5184474345227
			64.9579213797732	-48.5184474345227
			64.9179226597118	-48.5184474345227
			64.8779239396504	-48.5184474345227
			64.8379252195889	-48.5184474345227
			64.7979264995275	-48.5184474345227
			64.7579277794661	-48.5184474345227
			64.7179290594046	-48.5184474345227
			64.6779303393432	-48.4784487144613
			64.6379316192817	-48.4784487144613
			64.5979328992203	-48.4784487144613
			64.5579341791589	-48.4784487144613
			64.5179354590974	-48.4784487144613
			64.477936739036	-48.4784487144613
			64.4379380189746	-48.4784487144613
			64.3979392989131	-48.4784487144613
			64.3579405788517	-48.4384499943999
			64.3179418587902	-48.4384499943999
			64.2779431387288	-48.4384499943999
			64.2379444186674	-48.4384499943999
			64.1979456986059	-48.4384499943999
			64.1579469785445	-48.4384499943999
			64.1179482584831	-48.3984512743384
			64.0779495384216	-48.3984512743384
			64.0379508183602	-48.3984512743384
			63.9979520982988	-48.3984512743384
			63.9579533782373	-48.3984512743384
			63.9179546581759	-48.3984512743384
			63.8779559381145	-48.3984512743384
			63.837957218053	-48.358452554277
			63.7979584979916	-48.358452554277
			63.7579597779301	-48.358452554277
			63.7179610578687	-48.358452554277
			63.6779623378073	-48.358452554277
			63.6379636177458	-48.3184538342156
			63.5979648976844	-48.3184538342156
			63.557966177623	-48.3184538342156
			63.5179674575615	-48.3184538342156
			63.4779687375001	-48.3184538342156
			63.4379700174386	-48.3184538342156
			63.3979712973772	-48.2784551141541
			63.3579725773158	-48.2784551141541
			63.3179738572543	-48.2784551141541
			63.2779751371929	-48.2784551141541
			63.2379764171315	-48.2784551141541
			63.19797769707	-48.2784551141541
			63.1579789770086	-48.2384563940927
			63.1179802569471	-48.2384563940927
			63.0779815368857	-48.2384563940927
			63.0379828168243	-48.2384563940927
			62.9979840967628	-48.2384563940927
			62.9579853767014	-48.1984576740313
			62.91798665664	-48.1984576740313
			62.8779879365785	-48.1984576740313
			62.8379892165171	-48.1984576740313
			62.7979904964557	-48.1984576740313
			62.7579917763942	-48.1984576740313
			62.7179930563328	-48.1984576740313
			62.6779943362713	-48.1984576740313
			62.6379956162099	-48.1984576740313
			62.5979968961485	-48.1984576740313
			62.557998176087	-48.1984576740313
			62.5179994560256	-48.1984576740313
			62.5179994560256	-48.2384563940927
			62.4780007359642	-48.2384563940927
			62.4380020159027	-48.2384563940927
			62.3980032958413	-48.2384563940927
			62.3580045757799	-48.2384563940927
			62.3180058557184	-48.2384563940927
			62.278007135657	-48.2384563940927
			62.2380084155955	-48.2384563940927
			62.1980096955341	-48.2384563940927
			62.1580109754727	-48.2384563940927
			62.1180122554112	-48.2384563940927
			62.0780135353498	-48.2384563940927
			62.0380148152884	-48.2384563940927
			61.9980160952269	-48.2384563940927
			61.9580173751655	-48.2384563940927
			61.918018655104	-48.2384563940927
			61.8780199350426	-48.2384563940927
			61.8380212149812	-48.2384563940927
			61.7980224949197	-48.2384563940927
			61.7580237748583	-48.2384563940927
			61.7180250547969	-48.2384563940927
			61.6780263347354	-48.2384563940927
			61.638027614674	-48.2384563940927
			61.5980288946126	-48.2384563940927
			61.5580301745511	-48.2384563940927
			61.5580301745511	-48.1984576740313
			61.5180314544897	-48.1984576740313
			61.4780327344282	-48.1984576740313
			61.4380340143668	-48.1984576740313
			61.3980352943054	-48.1984576740313
			61.3580365742439	-48.1984576740313
			61.3180378541825	-48.1984576740313
			61.2780391341211	-48.1984576740313
			61.2380404140596	-48.1984576740313
			61.1980416939982	-48.1984576740313
			61.1580429739368	-48.1984576740313
			61.1180442538753	-48.1984576740313
			61.0780455338139	-48.1984576740313
			61.0380468137524	-48.1984576740313
			60.998048093691	-48.1984576740313
			60.9580493736296	-48.1584589539698
			60.9180506535681	-48.1584589539698
			60.8780519335067	-48.1584589539698
			60.8380532134453	-48.1584589539698
			60.7980544933838	-48.1584589539698
			60.7580557733224	-48.1584589539698
			60.7180570532609	-48.1584589539698
			60.6780583331995	-48.1584589539698
			60.6380596131381	-48.1584589539698
			60.5980608930766	-48.1184602339084
			60.5580621730152	-48.1184602339084
			60.5180634529538	-48.1184602339084
			60.4780647328923	-48.1184602339084
			60.4380660128309	-48.1184602339084
			60.3980672927695	-48.1184602339084
			60.358068572708	-48.0784615138469
			60.3180698526466	-48.0784615138469
			60.2780711325851	-48.0784615138469
			60.2380724125237	-48.0784615138469
			60.1980736924623	-48.0784615138469
			60.1580749724008	-48.0784615138469
			60.1580749724008	-48.0384627937855
			60.1180762523394	-48.0384627937855
			60.078077532278	-48.0384627937855
			60.0380788122165	-48.0384627937855
			59.9980800921551	-48.0384627937855
			59.9580813720937	-47.9984640737241
			59.9180826520322	-47.9984640737241
			59.8780839319708	-47.9984640737241
			59.8380852119093	-47.9984640737241
			59.7980864918479	-47.9584653536626
			59.7580877717865	-47.9584653536626
			59.718089051725	-47.9584653536626
			59.6780903316636	-47.9584653536626
			59.6380916116022	-47.9584653536626
			59.5980928915407	-47.9584653536626
			59.5580941714793	-47.9584653536626
			59.5180954514178	-47.9584653536626
			59.4780967313564	-47.9584653536626
			59.438098011295	-47.9584653536626
			59.3980992912335	-47.9584653536626
			59.3581005711721	-47.9584653536626
			59.3181018511107	-47.9584653536626
			59.2781031310492	-47.9184666336012
			59.2381044109878	-47.9184666336012
			59.1981056909264	-47.9184666336012
			59.1581069708649	-47.9184666336012
			59.1181082508035	-47.9184666336012
			59.078109530742	-47.9184666336012
			59.0381108106806	-47.9184666336012
			58.9981120906192	-47.9184666336012
			58.9581133705577	-47.9184666336012
			58.9181146504963	-47.9184666336012
			58.8781159304349	-47.9184666336012
			58.8381172103734	-47.9184666336012
			58.798118490312	-47.9184666336012
			58.7581197702506	-47.9184666336012
			58.7181210501891	-47.9184666336012
			58.6781223301277	-47.9184666336012
			58.6381236100662	-47.9184666336012
			58.5981248900048	-47.9184666336012
			58.5581261699434	-47.9184666336012
			58.5181274498819	-47.9184666336012
			58.4781287298205	-47.8784679135398
			58.4381300097591	-47.8784679135398
			58.3981312896976	-47.8784679135398
			58.3581325696362	-47.8784679135398
			58.3181338495747	-47.8784679135398
			58.2781351295133	-47.8784679135398
			58.2381364094519	-47.8784679135398
			58.1981376893904	-47.8784679135398
			58.158138969329	-47.8784679135398
			58.1181402492676	-47.8784679135398
			58.0781415292061	-47.8784679135398
			58.0381428091447	-47.8784679135398
			57.9981440890833	-47.8784679135398
			57.9581453690218	-47.8784679135398
			57.9181466489604	-47.8784679135398
			57.8781479288989	-47.8784679135398
			57.8381492088375	-47.8384691934783
			57.7981504887761	-47.8384691934783
			57.7581517687146	-47.8384691934783
			57.7181530486532	-47.8384691934783
			57.6781543285918	-47.8384691934783
			57.6381556085303	-47.8384691934783
			57.5981568884689	-47.8384691934783
			57.5581581684074	-47.8384691934783
			57.518159448346	-47.8384691934783
			57.4781607282846	-47.8384691934783
			57.4381620082231	-47.8384691934783
			57.3981632881617	-47.8384691934783
			57.3581645681003	-47.8384691934783
			57.3181658480388	-47.8384691934783
			57.2781671279774	-47.8384691934783
			57.238168407916	-47.8384691934783
			57.1981696878545	-47.7984704734169
			57.1581709677931	-47.7984704734169
			57.1181722477316	-47.7984704734169
			57.0781735276702	-47.7984704734169
			57.0381748076088	-47.7984704734169
			56.9981760875473	-47.7984704734169
			56.9581773674859	-47.7984704734169
			56.9181786474245	-47.7984704734169
			56.878179927363	-47.7984704734169
			56.8381812073016	-47.7984704734169
			56.7981824872401	-47.7984704734169
			56.7581837671787	-47.7984704734169
			56.7181850471173	-47.7984704734169
			56.6781863270558	-47.7984704734169
			56.6381876069944	-47.7984704734169
			56.598188886933	-47.7584717533555
			56.5581901668715	-47.7584717533555
			56.5181914468101	-47.7584717533555
			56.4781927267487	-47.7584717533555
			56.4381940066872	-47.7584717533555
			56.3981952866258	-47.7584717533555
			56.3581965665643	-47.7584717533555
			56.3181978465029	-47.7584717533555
			56.2781991264415	-47.7584717533555
			56.23820040638	-47.7584717533555
			56.1982016863186	-47.7584717533555
			56.1582029662572	-47.7584717533555
			56.1182042461957	-47.7584717533555
			56.0782055261343	-47.7584717533555
			56.0382068060728	-47.718473033294
			55.9982080860114	-47.718473033294
			55.95820936595	-47.718473033294
			55.9182106458885	-47.718473033294
			55.8782119258271	-47.718473033294
			55.8382132057657	-47.718473033294
			55.7982144857042	-47.718473033294
			55.7582157656428	-47.718473033294
			55.7182170455814	-47.718473033294
			55.6782183255199	-47.718473033294
			55.6382196054585	-47.718473033294
			55.598220885397	-47.718473033294
			55.5582221653356	-47.718473033294
			55.5182234452742	-47.6784743132326
			55.4782247252127	-47.6784743132326
			55.4382260051513	-47.6784743132326
			55.3982272850899	-47.6784743132326
			55.3582285650284	-47.6784743132326
			55.318229844967	-47.6784743132326
			55.2782311249056	-47.6784743132326
			55.2382324048441	-47.6784743132326
			55.1982336847827	-47.718473033294
			55.1582349647212	-47.718473033294
			55.1182362446598	-47.718473033294
			55.0782375245984	-47.718473033294
			55.0382388045369	-47.7584717533555
			54.9982400844755	-47.7584717533555
			54.9582413644141	-47.7584717533555
			54.9182426443526	-47.7584717533555
			54.8782439242912	-47.7584717533555
			54.8382452042298	-47.7984704734169
			54.7982464841683	-47.7984704734169
			54.7582477641069	-47.7984704734169
			54.7182490440454	-47.7984704734169
			54.678250323984	-47.7984704734169
			54.6382516039226	-47.8384691934783
			54.5982528838611	-47.8384691934783
			54.5582541637997	-47.8384691934783
			54.5182554437383	-47.8384691934783
			54.4782567236768	-47.8384691934783
			54.4382580036154	-47.8384691934783
			54.3982592835539	-47.8784679135398
			54.3582605634925	-47.8784679135398
			54.3182618434311	-47.8784679135398
			54.2782631233696	-47.8784679135398
			54.2382644033082	-47.8784679135398
			54.1982656832468	-47.8784679135398
			54.1582669631853	-47.9184666336012
			54.1182682431239	-47.9184666336012
			54.0782695230625	-47.9184666336012
			54.038270803001	-47.9184666336012
			53.9982720829396	-47.9184666336012
			53.9582733628781	-47.9184666336012
			53.9182746428167	-47.9184666336012
			53.8782759227553	-47.9584653536626
			53.8382772026938	-47.9584653536626
			53.7982784826324	-47.9584653536626
			53.758279762571	-47.9584653536626
			53.7182810425095	-47.9584653536626
			53.6782823224481	-47.9584653536626
			53.6382836023867	-47.9584653536626
			53.5982848823252	-47.9584653536626
			53.5582861622638	-47.9584653536626
			53.5182874422023	-47.9584653536626
			53.5182874422023	-47.9984640737241
			53.4782887221409	-47.9984640737241
			53.4382900020795	-47.9984640737241
			53.398291282018	-47.9984640737241
			53.3582925619566	-47.9984640737241
			53.3182938418952	-47.9984640737241
			53.2782951218337	-47.9984640737241
			53.2382964017723	-47.9984640737241
			53.1982976817108	-47.9984640737241
			53.1582989616494	-47.9984640737241
			53.118300241588	-47.9984640737241
			53.0783015215265	-47.9984640737241
			53.0383028014651	-47.9984640737241
			52.9983040814037	-47.9984640737241
			52.9583053613422	-47.9984640737241
			52.9183066412808	-47.9984640737241
			52.8783079212194	-47.9984640737241
			52.8383092011579	-47.9984640737241
			52.7983104810965	-47.9984640737241
			52.758311761035	-47.9984640737241
			52.7183130409736	-47.9984640737241
			52.6783143209122	-47.9984640737241
			52.6383156008507	-47.9984640737241
			52.5983168807893	-47.9984640737241
			52.5583181607279	-47.9984640737241
			52.5183194406664	-47.9984640737241
			52.478320720605	-47.9984640737241
			52.4383220005435	-47.9984640737241
			52.3983232804821	-47.9984640737241
			52.3583245604207	-47.9984640737241
			52.3183258403592	-47.9984640737241
			52.2783271202978	-47.9984640737241
			52.2383284002364	-47.9984640737241
			52.1983296801749	-47.9984640737241
			52.1583309601135	-47.9984640737241
			52.1183322400521	-47.9984640737241
			52.0783335199906	-47.9984640737241
			52.0383347999292	-47.9984640737241
			51.9983360798677	-47.9984640737241
			51.9583373598063	-47.9984640737241
			51.9183386397449	-47.9584653536626
			51.8783399196834	-47.9584653536626
			51.838341199622	-47.9584653536626
			51.7983424795606	-47.9584653536626
			51.7583437594991	-47.9584653536626
			51.7183450394377	-47.9584653536626
			51.6783463193762	-47.9584653536626
			51.6383475993148	-47.9584653536626
			51.5983488792534	-47.9584653536626
			51.5983488792534	-47.9184666336012
			51.5583501591919	-47.9184666336012
			51.5183514391305	-47.9184666336012
			51.4783527190691	-47.9184666336012
			51.4383539990076	-47.9184666336012
			51.3983552789462	-47.9184666336012
			51.3583565588848	-47.9184666336012
			51.3183578388233	-47.9184666336012
			51.2783591187619	-47.9184666336012
			51.2383603987004	-47.9184666336012
			51.198361678639	-47.9584653536626
			51.1583629585776	-47.9584653536626
			51.1183642385161	-47.9584653536626
			51.0783655184547	-47.9584653536626
			51.0383667983933	-47.9584653536626
			50.9983680783318	-47.9584653536626
			50.9583693582704	-47.9584653536626
			50.9183706382089	-47.9584653536626
			50.8783719181475	-47.9584653536626
			50.8383731980861	-47.9584653536626
			50.7983744780246	-47.9584653536626
			50.7583757579632	-47.9584653536626
			50.7183770379018	-47.9584653536626
			50.6783783178403	-47.9584653536626
			50.6383795977789	-47.9584653536626
			50.5983808777175	-47.9584653536626
			50.558382157656	-47.9984640737241
			50.5183834375946	-47.9984640737241
			50.4783847175331	-47.9984640737241
			50.4383859974717	-47.9984640737241
			50.3983872774103	-47.9984640737241
			50.3583885573488	-47.9984640737241
			50.3183898372874	-47.9984640737241
			50.278391117226	-47.9984640737241
			50.2383923971645	-47.9984640737241
			50.1983936771031	-47.9984640737241
			50.1583949570417	-47.9984640737241
			50.1183962369802	-47.9984640737241
			50.0783975169188	-47.9984640737241
			50.0383987968573	-47.9984640737241
			49.9984000767959	-47.9984640737241
			49.9584013567345	-47.9984640737241
			49.918402636673	-47.9984640737241
			49.8784039166116	-47.9984640737241
			49.8384051965502	-47.9984640737241
			49.7984064764887	-47.9984640737241
			49.7584077564273	-47.9984640737241
			49.7184090363658	-47.9984640737241
			49.6784103163044	-47.9984640737241
			49.638411596243	-47.9984640737241
			49.5984128761815	-47.9984640737241
			49.5584141561201	-47.9984640737241
			49.5184154360587	-47.9984640737241
			49.4784167159972	-47.9984640737241
			49.4384179959358	-47.9984640737241
			49.3984192758744	-47.9984640737241
			49.3584205558129	-47.9984640737241
			49.3184218357515	-47.9984640737241
			49.27842311569	-47.9984640737241
			49.2384243956286	-47.9984640737241
			49.1984256755672	-47.9984640737241
			49.1584269555057	-47.9984640737241
			49.1184282354443	-47.9984640737241
			49.0784295153829	-47.9984640737241
			49.0384307953214	-47.9984640737241
			48.99843207526	-47.9984640737241
			48.9584333551986	-47.9984640737241
			48.9184346351371	-47.9984640737241
			48.8784359150757	-47.9984640737241
			48.8384371950142	-47.9984640737241
			48.7984384749528	-47.9984640737241
			48.7584397548914	-47.9984640737241
			48.7184410348299	-47.9984640737241
			48.6784423147685	-47.9984640737241
			48.6384435947071	-47.9984640737241
			48.5984448746456	-47.9584653536626
			48.5584461545842	-47.9584653536626
			48.5184474345227	-47.9584653536626
			48.4784487144613	-47.9584653536626
			48.4384499943999	-47.9584653536626
			48.3984512743384	-47.9584653536626
			48.358452554277	-47.9584653536626
			48.3184538342156	-47.9984640737241
			48.2784551141541	-47.9984640737241
			48.2384563940927	-47.9984640737241
			48.1984576740313	-47.9984640737241
			48.1584589539698	-47.9984640737241
			48.1184602339084	-47.9984640737241
			48.0784615138469	-47.9984640737241
			48.0384627937855	-48.0384627937855
			47.9984640737241	-48.0384627937855
			47.9584653536626	-48.0384627937855
			47.9184666336012	-48.0384627937855
			47.8784679135398	-48.0384627937855
			47.8384691934783	-48.0384627937855
			47.7984704734169	-48.0384627937855
			47.7584717533555	-48.0784615138469
			47.718473033294	-48.0784615138469
			47.6784743132326	-48.0784615138469
			47.6384755931711	-48.0784615138469
			47.5984768731097	-48.0784615138469
			47.5584781530483	-48.0784615138469
			47.5184794329868	-48.0784615138469
			47.4784807129254	-48.0784615138469
			47.438481992864	-48.0784615138469
			47.3984832728025	-48.1184602339084
			47.3584845527411	-48.1184602339084
			47.3184858326796	-48.1184602339084
			47.2784871126182	-48.1184602339084
			47.2384883925568	-48.1184602339084
			47.1984896724953	-48.1184602339084
			47.1584909524339	-48.1184602339084
			47.1184922323725	-48.1184602339084
			47.078493512311	-48.1184602339084
			47.0384947922496	-48.1184602339084
			46.9984960721882	-48.1584589539698
			46.9584973521267	-48.1584589539698
			46.9184986320653	-48.1584589539698
			46.8784999120038	-48.1584589539698
			46.8385011919424	-48.1584589539698
			46.798502471881	-48.1584589539698
			46.7585037518195	-48.1584589539698
			46.7185050317581	-48.1584589539698
			46.6785063116967	-48.1584589539698
			46.6385075916352	-48.1584589539698
			46.5985088715738	-48.1584589539698
			46.5585101515124	-48.1584589539698
			46.5185114314509	-48.1584589539698
			46.4785127113895	-48.1984576740313
			46.438513991328	-48.1984576740313
			46.3985152712666	-48.1984576740313
			46.3585165512052	-48.1984576740313
			46.3185178311437	-48.1984576740313
			46.2785191110823	-48.1984576740313
			46.2385203910209	-48.1984576740313
			46.1985216709594	-48.1984576740313
			46.158522950898	-48.1984576740313
			46.1185242308365	-48.1984576740313
			46.0785255107751	-48.1984576740313
			46.0385267907137	-48.1984576740313
			45.9985280706522	-48.1984576740313
			45.9585293505908	-48.1984576740313
			45.9185306305294	-48.1984576740313
			45.8785319104679	-48.1984576740313
			45.8385331904065	-48.1984576740313
			45.7985344703451	-48.1984576740313
			45.7585357502836	-48.1984576740313
			45.7185370302222	-48.1984576740313
			45.6785383101607	-48.1984576740313
			45.6385395900993	-48.1984576740313
			45.5985408700379	-48.1984576740313
			45.5585421499764	-48.2384563940927
			45.518543429915	-48.2384563940927
			45.4785447098536	-48.2384563940927
			45.4385459897921	-48.2384563940927
			45.3985472697307	-48.2384563940927
			45.3585485496692	-48.2384563940927
			45.3185498296078	-48.2384563940927
			45.2785511095464	-48.2384563940927
			45.2385523894849	-48.2384563940927
			45.1985536694235	-48.2384563940927
			45.1585549493621	-48.2384563940927
			45.1185562293006	-48.2384563940927
			45.0785575092392	-48.2384563940927
			45.0385587891778	-48.2384563940927
			44.9985600691163	-48.2384563940927
			44.9585613490549	-48.2384563940927
			44.9185626289934	-48.2384563940927
			44.878563908932	-48.2384563940927
			44.8385651888706	-48.2384563940927
			44.7985664688091	-48.2384563940927
			44.7585677487477	-48.2384563940927
			44.7185690286863	-48.2384563940927
			44.6785703086248	-48.2384563940927
			44.6385715885634	-48.2384563940927
			44.5985728685019	-48.2384563940927
			44.5585741484405	-48.2384563940927
			44.5185754283791	-48.2384563940927
			44.4785767083176	-48.2384563940927
			44.4385779882562	-48.2384563940927
			44.3985792681948	-48.2384563940927
			44.3585805481333	-48.2384563940927
			44.3185818280719	-48.2384563940927
			44.2785831080105	-48.2384563940927
			44.238584387949	-48.2384563940927
			44.1985856678876	-48.2384563940927
			44.1585869478261	-48.1984576740313
			44.1185882277647	-48.1984576740313
			44.0785895077033	-48.1984576740313
			44.0385907876418	-48.1984576740313
			43.9985920675804	-48.1984576740313
			43.958593347519	-48.1984576740313
			43.9185946274575	-48.1984576740313
			43.8785959073961	-48.1984576740313
			43.8385971873346	-48.1984576740313
			43.7985984672732	-48.1984576740313
			43.7585997472118	-48.1984576740313
			43.7186010271503	-48.1984576740313
			43.6786023070889	-48.1984576740313
			43.6386035870275	-48.1984576740313
			43.598604866966	-48.1984576740313
			43.5586061469046	-48.1984576740313
			43.5186074268432	-48.1984576740313
			43.4786087067817	-48.1984576740313
			43.4386099867203	-48.1984576740313
			43.3986112666588	-48.1984576740313
			43.3586125465974	-48.1984576740313
			43.318613826536	-48.1984576740313
			43.2786151064745	-48.1984576740313
			43.2386163864131	-48.1984576740313
			43.1986176663517	-48.1984576740313
			43.1586189462902	-48.1984576740313
			43.1186202262288	-48.1584589539698
			43.0786215061674	-48.1584589539698
			43.0386227861059	-48.1584589539698
			42.9986240660445	-48.1584589539698
			42.958625345983	-48.1584589539698
			42.9186266259216	-48.1584589539698
			42.8786279058602	-48.1584589539698
			42.8386291857987	-48.1584589539698
			42.7986304657373	-48.1584589539698
			42.7586317456759	-48.1584589539698
			42.7186330256144	-48.1584589539698
			42.678634305553	-48.1584589539698
			42.6386355854915	-48.1584589539698
			42.5986368654301	-48.1584589539698
			42.5586381453687	-48.1584589539698
			42.5186394253072	-48.1584589539698
			42.4786407052458	-48.1184602339084
			42.4386419851844	-48.1184602339084
			42.3986432651229	-48.1184602339084
			42.3586445450615	-48.1184602339084
			42.3186458250001	-48.1184602339084
			42.2786471049386	-48.1184602339084
			42.2386483848772	-48.1184602339084
			42.1986496648157	-48.1184602339084
			42.1586509447543	-48.1184602339084
			42.1186522246929	-48.1184602339084
			42.0786535046314	-48.1184602339084
			42.03865478457	-48.1184602339084
			41.9986560645086	-48.1584589539698
			41.9586573444471	-48.1584589539698
			41.9186586243857	-48.1584589539698
			41.8786599043243	-48.1584589539698
			41.8386611842628	-48.1584589539698
			41.7986624642014	-48.1584589539698
			41.7586637441399	-48.1584589539698
			41.7186650240785	-48.1584589539698
			41.6786663040171	-48.1584589539698
			41.6386675839556	-48.1584589539698
			41.5986688638942	-48.1584589539698
			41.5586701438328	-48.1984576740313
			41.5186714237713	-48.1984576740313
			41.4786727037099	-48.1984576740313
			41.4386739836484	-48.1984576740313
			41.398675263587	-48.1984576740313
			41.3586765435256	-48.1984576740313
			41.3186778234641	-48.1984576740313
			41.2786791034027	-48.1984576740313
			41.2386803833413	-48.1984576740313
			41.1986816632798	-48.1984576740313
			41.1586829432184	-48.1984576740313
			41.118684223157	-48.1984576740313
			41.0786855030955	-48.1984576740313
			41.0786855030955	-48.2384563940927
			41.0386867830341	-48.2384563940927
			40.9986880629726	-48.2384563940927
			40.9586893429112	-48.2384563940927
			40.9186906228498	-48.2384563940927
			40.8786919027883	-48.2384563940927
			40.8386931827269	-48.2384563940927
			40.7986944626655	-48.2384563940927
			40.758695742604	-48.2384563940927
			40.7186970225426	-48.2384563940927
			40.6786983024812	-48.2384563940927
			40.6386995824197	-48.2384563940927
			40.5987008623583	-48.2384563940927
			40.5587021422968	-48.2384563940927
			40.5187034222354	-48.2784551141541
			40.478704702174	-48.2784551141541
			40.4387059821125	-48.2784551141541
			40.3987072620511	-48.2784551141541
			40.3587085419897	-48.2784551141541
			40.3187098219282	-48.2784551141541
			40.2787111018668	-48.2784551141541
			40.2387123818053	-48.2784551141541
			40.1987136617439	-48.2784551141541
			40.1587149416825	-48.2784551141541
			40.118716221621	-48.2784551141541
			40.0787175015596	-48.2784551141541
			40.0387187814982	-48.2784551141541
			39.9987200614367	-48.2784551141541
			39.9587213413753	-48.2784551141541
			39.9187226213139	-48.3184538342156
			39.8787239012524	-48.3184538342156
			39.838725181191	-48.3184538342156
			39.7987264611295	-48.3184538342156
			39.7587277410681	-48.3184538342156
			39.7187290210067	-48.3184538342156
			39.6787303009452	-48.3184538342156
			39.6387315808838	-48.3184538342156
			39.5987328608224	-48.3184538342156
			39.5587341407609	-48.3184538342156
			39.5187354206995	-48.3184538342156
			39.478736700638	-48.3184538342156
			39.4387379805766	-48.3184538342156
			39.3987392605152	-48.3184538342156
			39.3587405404537	-48.3184538342156
			39.3187418203923	-48.3184538342156
			39.2787431003309	-48.3184538342156
			39.2387443802694	-48.3184538342156
			39.198745660208	-48.358452554277
			39.1587469401466	-48.358452554277
			39.1187482200851	-48.358452554277
			39.0787495000237	-48.358452554277
			39.0387507799622	-48.358452554277
			38.9987520599008	-48.358452554277
			38.9587533398394	-48.358452554277
			38.9187546197779	-48.358452554277
			38.8787558997165	-48.358452554277
			38.8387571796551	-48.358452554277
			38.7987584595936	-48.358452554277
			38.7587597395322	-48.358452554277
			38.7187610194707	-48.358452554277
			38.6787622994093	-48.358452554277
			38.6387635793479	-48.358452554277
			38.5987648592864	-48.358452554277
			38.558766139225	-48.358452554277
			38.5187674191636	-48.358452554277
			38.4787686991021	-48.358452554277
			38.4387699790407	-48.358452554277
			38.3987712589793	-48.358452554277
			38.3587725389178	-48.3984512743384
			38.3187738188564	-48.3984512743384
			38.2787750987949	-48.3984512743384
			38.2387763787335	-48.3984512743384
			38.1987776586721	-48.3984512743384
			38.1587789386106	-48.3984512743384
			38.1187802185492	-48.3984512743384
			38.0787814984878	-48.3984512743384
			38.0387827784263	-48.3984512743384
			37.9987840583649	-48.3984512743384
			37.9587853383034	-48.3984512743384
			37.918786618242	-48.3984512743384
			37.8787878981806	-48.3984512743384
			37.8387891781191	-48.3984512743384
			37.7987904580577	-48.3984512743384
			37.7587917379963	-48.3984512743384
			37.7187930179348	-48.3984512743384
			37.6787942978734	-48.3984512743384
			37.638795577812	-48.3984512743384
			37.5987968577505	-48.3984512743384
			37.5587981376891	-48.3984512743384
			37.5187994176276	-48.3984512743384
			37.4788006975662	-48.3984512743384
			37.4388019775048	-48.3984512743384
			37.3988032574433	-48.3984512743384
			37.3588045373819	-48.3984512743384
			37.3188058173205	-48.4384499943999
			37.278807097259	-48.4384499943999
			37.2388083771976	-48.4384499943999
			37.1988096571362	-48.4384499943999
			37.1588109370747	-48.4384499943999
			37.1188122170133	-48.4384499943999
			37.0788134969518	-48.4384499943999
			37.0388147768904	-48.4384499943999
			36.998816056829	-48.4384499943999
			36.9588173367675	-48.4384499943999
			36.9188186167061	-48.4384499943999
			36.8788198966447	-48.4384499943999
			36.8388211765832	-48.4384499943999
			36.7988224565218	-48.4384499943999
			36.7588237364604	-48.4384499943999
			36.7188250163989	-48.4384499943999
			36.6788262963375	-48.4384499943999
			36.638827576276	-48.4384499943999
			36.5988288562146	-48.4384499943999
			36.5588301361532	-48.4384499943999
			36.5188314160917	-48.4384499943999
			36.4788326960303	-48.4384499943999
			36.4388339759689	-48.4384499943999
			36.3988352559074	-48.4384499943999
			36.358836535846	-48.4784487144613
			36.3188378157845	-48.4784487144613
			36.2788390957231	-48.4784487144613
			36.2388403756617	-48.4784487144613
			36.1988416556002	-48.4784487144613
			36.1588429355388	-48.4784487144613
			36.1188442154774	-48.4784487144613
			36.0788454954159	-48.4784487144613
			36.0388467753545	-48.4784487144613
			35.9988480552931	-48.4784487144613
			35.9588493352316	-48.4784487144613
			35.9188506151702	-48.4784487144613
			35.8788518951087	-48.4784487144613
			35.8388531750473	-48.4784487144613
			35.7988544549859	-48.4784487144613
			35.7588557349244	-48.4784487144613
			35.718857014863	-48.4784487144613
			35.6788582948016	-48.4784487144613
			35.6388595747401	-48.4784487144613
			35.5988608546787	-48.4784487144613
			35.5588621346173	-48.4784487144613
			35.5188634145558	-48.4784487144613
			35.4788646944944	-48.4784487144613
			35.4388659744329	-48.4784487144613
			35.3988672543715	-48.4784487144613
			35.3588685343101	-48.4784487144613
			35.3188698142486	-48.4784487144613
			35.2788710941872	-48.4784487144613
			35.2388723741258	-48.4784487144613
			35.1988736540643	-48.4784487144613
			35.1588749340029	-48.4384499943999
			35.1188762139414	-48.4384499943999
			35.07887749388	-48.4384499943999
			35.0388787738186	-48.4384499943999
			34.9988800537571	-48.4384499943999
			34.9588813336957	-48.4384499943999
			34.9188826136343	-48.4384499943999
			34.8788838935728	-48.4384499943999
			34.8388851735114	-48.4384499943999
			34.79888645345	-48.4384499943999
			34.7588877333885	-48.4384499943999
			34.7188890133271	-48.3984512743384
			34.6788902932656	-48.3984512743384
			34.6388915732042	-48.3984512743384
			34.5988928531428	-48.3984512743384
			34.5588941330813	-48.3984512743384
			34.5188954130199	-48.3984512743384
			34.4788966929585	-48.3984512743384
			34.438897972897	-48.358452554277
			34.3988992528356	-48.358452554277
			34.3589005327742	-48.358452554277
			34.3189018127127	-48.358452554277
			34.2789030926513	-48.358452554277
			34.2389043725898	-48.358452554277
			34.1989056525284	-48.3184538342156
			34.158906932467	-48.3184538342156
			34.1189082124055	-48.3184538342156
			34.0789094923441	-48.3184538342156
			34.0389107722827	-48.2784551141541
			33.9989120522212	-48.2784551141541
			33.9589133321598	-48.2784551141541
			33.9189146120983	-48.2784551141541
			33.8789158920369	-48.2784551141541
			33.8389171719755	-48.2784551141541
			33.798918451914	-48.2784551141541
			33.7589197318526	-48.2784551141541
			33.7189210117912	-48.2784551141541
			33.6789222917297	-48.2784551141541
			33.6389235716683	-48.2784551141541
			33.5989248516068	-48.2784551141541
			33.5589261315454	-48.2784551141541
			33.518927411484	-48.2784551141541
			33.4789286914225	-48.2784551141541
			33.4389299713611	-48.3184538342156
			33.3989312512997	-48.3184538342156
			33.3589325312382	-48.3184538342156
			33.3189338111768	-48.3184538342156
			33.2789350911154	-48.3184538342156
			33.2389363710539	-48.3184538342156
			33.1989376509925	-48.3184538342156
			33.158938930931	-48.3184538342156
			33.1189402108696	-48.3184538342156
			33.0789414908082	-48.3184538342156
			33.0389427707467	-48.3184538342156
			32.9989440506853	-48.3184538342156
			32.9589453306239	-48.3184538342156
			32.9189466105624	-48.3184538342156
			32.878947890501	-48.3184538342156
			32.8389491704395	-48.3184538342156
			32.7989504503781	-48.3184538342156
			32.7589517303167	-48.3184538342156
			32.7189530102552	-48.3184538342156
			32.6789542901938	-48.3184538342156
			32.6389555701324	-48.3184538342156
			32.5989568500709	-48.3184538342156
			32.5589581300095	-48.3184538342156
			32.5189594099481	-48.3184538342156
			32.4789606898866	-48.3184538342156
			32.4389619698252	-48.3184538342156
			32.3989632497637	-48.3184538342156
			32.3589645297023	-48.3184538342156
			32.3189658096409	-48.3184538342156
			32.2789670895794	-48.3184538342156
			32.238968369518	-48.3184538342156
			32.1989696494566	-48.3184538342156
			32.1589709293951	-48.3184538342156
			32.1189722093337	-48.3184538342156
			32.0789734892723	-48.3184538342156
			32.0389747692108	-48.3184538342156
			31.9989760491494	-48.3184538342156
			31.9589773290879	-48.3184538342156
			31.9189786090265	-48.3184538342156
			31.8789798889651	-48.3184538342156
			31.8389811689036	-48.3184538342156
			31.7989824488422	-48.3184538342156
			31.7589837287808	-48.3184538342156
			31.7189850087193	-48.3184538342156
			31.6789862886579	-48.3184538342156
			31.6389875685964	-48.3184538342156
			31.598988848535	-48.3184538342156
			31.5589901284736	-48.3184538342156
			31.5189914084121	-48.3184538342156
			31.4789926883507	-48.3184538342156
			31.4389939682893	-48.3184538342156
			31.3989952482278	-48.3184538342156
			31.3589965281664	-48.3184538342156
			31.318997808105	-48.3184538342156
			31.2789990880435	-48.3184538342156
			31.2390003679821	-48.3184538342156
			31.1990016479206	-48.3184538342156
			31.1590029278592	-48.3184538342156
			31.1190042077978	-48.3184538342156
			31.0790054877363	-48.3184538342156
			31.0390067676749	-48.3184538342156
			30.9990080476135	-48.3184538342156
			30.959009327552	-48.3184538342156
			30.9190106074906	-48.3184538342156
			30.8790118874292	-48.3184538342156
			30.8390131673677	-48.3184538342156
			30.7990144473063	-48.3184538342156
			30.7590157272448	-48.3184538342156
			30.7190170071834	-48.3184538342156
			30.679018287122	-48.3184538342156
			30.6390195670605	-48.3184538342156
			30.5990208469991	-48.3184538342156
			30.5590221269377	-48.3184538342156
			30.5190234068762	-48.3184538342156
			30.4790246868148	-48.3184538342156
			30.4390259667533	-48.3184538342156
			30.3990272466919	-48.3184538342156
			30.3590285266305	-48.3184538342156
			30.319029806569	-48.3184538342156
			30.2790310865076	-48.3184538342156
			30.2390323664462	-48.3184538342156
			30.1990336463847	-48.3184538342156
			30.1590349263233	-48.3184538342156
			30.1190362062619	-48.3184538342156
			30.0790374862004	-48.3184538342156
			30.039038766139	-48.3184538342156
			29.9990400460775	-48.3184538342156
			29.9590413260161	-48.3184538342156
			29.9190426059547	-48.3184538342156
			29.8790438858932	-48.3184538342156
			29.8390451658318	-48.3184538342156
			29.7990464457704	-48.3184538342156
			29.7590477257089	-48.3184538342156
			29.7190490056475	-48.3184538342156
			29.6790502855861	-48.3184538342156
			29.6390515655246	-48.3184538342156
			29.5990528454632	-48.3184538342156
			29.5590541254017	-48.3184538342156
			29.5190554053403	-48.3184538342156
			29.4790566852789	-48.3184538342156
			29.4390579652174	-48.3184538342156
			29.399059245156	-48.3184538342156
			29.3590605250946	-48.3184538342156
			29.3190618050331	-48.3184538342156
			29.2790630849717	-48.3184538342156
			29.2390643649102	-48.358452554277
			29.1990656448488	-48.358452554277
			29.1590669247874	-48.358452554277
			29.1190682047259	-48.358452554277
			29.0790694846645	-48.358452554277
			29.0390707646031	-48.358452554277
			28.9990720445416	-48.358452554277
			28.9590733244802	-48.358452554277
			28.9190746044188	-48.358452554277
			28.8790758843573	-48.358452554277
			28.8390771642959	-48.358452554277
			28.7990784442344	-48.358452554277
			28.759079724173	-48.358452554277
			28.7190810041116	-48.358452554277
			28.6790822840501	-48.358452554277
			28.6390835639887	-48.358452554277
			28.5990848439273	-48.358452554277
			28.5590861238658	-48.358452554277
			28.5190874038044	-48.358452554277
			28.4790886837429	-48.358452554277
			28.4390899636815	-48.358452554277
			28.3990912436201	-48.358452554277
			28.3590925235586	-48.358452554277
			28.3190938034972	-48.358452554277
			28.2790950834358	-48.358452554277
			28.2390963633743	-48.358452554277
			28.1990976433129	-48.358452554277
			28.1590989232515	-48.358452554277
			28.11910020319	-48.358452554277
			28.0791014831286	-48.358452554277
			28.0391027630671	-48.358452554277
			27.9991040430057	-48.3184538342156
			27.9591053229443	-48.3184538342156
			27.9191066028828	-48.3184538342156
			27.8791078828214	-48.3184538342156
			27.83910916276	-48.3184538342156
			27.7991104426985	-48.3184538342156
			27.7591117226371	-48.3184538342156
			27.7191130025757	-48.3184538342156
			27.6791142825142	-48.3184538342156
			27.6391155624528	-48.3184538342156
			27.5991168423913	-48.3184538342156
			27.5591181223299	-48.3184538342156
			27.5191194022685	-48.2784551141541
			27.479120682207	-48.2784551141541
			27.4391219621456	-48.2784551141541
			27.3991232420842	-48.2784551141541
			27.3591245220227	-48.2784551141541
			27.3191258019613	-48.2784551141541
			27.2791270818998	-48.2784551141541
			27.2391283618384	-48.2784551141541
			27.199129641777	-48.2384563940927
			27.1591309217155	-48.2384563940927
			27.1191322016541	-48.2384563940927
			27.0791334815927	-48.2384563940927
			27.0391347615312	-48.2384563940927
			26.9991360414698	-48.2384563940927
			26.9591373214084	-48.1984576740313
			26.9191386013469	-48.1984576740313
			26.8791398812855	-48.1984576740313
			26.839141161224	-48.1984576740313
			26.7991424411626	-48.1984576740313
			26.7591437211012	-48.1584589539698
			26.7191450010397	-48.1584589539698
			26.6791462809783	-48.1584589539698
			26.6391475609169	-48.1584589539698
			26.5991488408554	-48.1584589539698
			26.559150120794	-48.1584589539698
			26.5191514007326	-48.1584589539698
			26.4791526806711	-48.1584589539698
			26.4391539606097	-48.1584589539698
			26.3991552405482	-48.1584589539698
			26.3591565204868	-48.1584589539698
			26.3191578004254	-48.1584589539698
			26.2791590803639	-48.1584589539698
			26.2391603603025	-48.1584589539698
			26.1991616402411	-48.1184602339084
			26.1591629201796	-48.1184602339084
			26.1191642001182	-48.1184602339084
			26.0791654800567	-48.1184602339084
			26.0391667599953	-48.1184602339084
			25.9991680399339	-48.1184602339084
			25.9591693198724	-48.1184602339084
			25.919170599811	-48.1184602339084
			25.8791718797496	-48.1184602339084
			25.8391731596881	-48.0784615138469
			25.7991744396267	-48.0784615138469
			25.7591757195653	-48.0784615138469
			25.7191769995038	-48.0784615138469
			25.6791782794424	-48.0784615138469
			25.6391795593809	-48.0784615138469
			25.5991808393195	-48.0384627937855
			25.5591821192581	-48.0384627937855
			25.5191833991966	-48.0384627937855
			25.4791846791352	-48.0384627937855
			25.4391859590738	-47.9984640737241
			25.3991872390123	-47.9984640737241
			25.3591885189509	-47.9984640737241
			25.3191897988894	-47.9984640737241
			25.279191078828	-47.9584653536626
			25.2391923587666	-47.9584653536626
			25.1991936387051	-47.9584653536626
			25.1591949186437	-47.9584653536626
			25.1191961985823	-47.9184666336012
			25.0791974785208	-47.9184666336012
			25.0391987584594	-47.8784679135398
			24.999200038398	-47.8784679135398
			24.9592013183365	-47.8784679135398
			24.9192025982751	-47.8384691934783
			24.8792038782136	-47.8384691934783
			24.8392051581522	-47.7984704734169
			24.7992064380908	-47.7984704734169
			24.7592077180293	-47.7984704734169
			24.7192089979679	-47.7584717533555
			24.6792102779065	-47.7584717533555
			24.639211557845	-47.718473033294
			24.5992128377836	-47.718473033294
			24.5592141177221	-47.6784743132326
			24.5192153976607	-47.6784743132326
		</c2>
	</curves.scaled>
	<ruler.points type=matrix rownames=TRUE colnames=FALSE nrow=2 ncol=2 as.numeric=TRUE >
		Ruler point 1	1942	280
		Ruler point 2	2192	278
	</ruler.points>
</shapes>

